word_id,word,selection_group,orthographic_neighbor_id,orthographic_neighbor,orthographic_similarity,pretrained__direct_visuality_standard,pretrained__cross_background_prototype_top1,pretrained__context_interaction_rms,pretrained__portable_word_delta_norm,pretrained__interaction_to_word_ratio,pretrained__readable__plain_raw__mrr,pretrained__readable__text_that_says__mrr,pretrained__text_that_says__glyph_margin_pseudo,pretrained__text_that_says__glyph_margin_mirrored,pretrained__visual_to_text_delta_cos__pretrained,pretrained__visual_to_text_delta_cos__gmp,pretrained__visual_to_text_delta_cos__reword,pretrained__visual_to_text_delta_cos__sae,pretrained__visual_to_text_delta_cos__chimera_gmp_sae_l0.7_n0.57,gmp__direct_visuality_standard,gmp__cross_background_prototype_top1,gmp__context_interaction_rms,gmp__portable_word_delta_norm,gmp__interaction_to_word_ratio,gmp__readable__plain_raw__mrr,gmp__readable__text_that_says__mrr,gmp__text_that_says__glyph_margin_pseudo,gmp__text_that_says__glyph_margin_mirrored,gmp__visual_to_text_delta_cos__pretrained,gmp__visual_to_text_delta_cos__gmp,gmp__visual_to_text_delta_cos__reword,gmp__visual_to_text_delta_cos__sae,gmp__visual_to_text_delta_cos__chimera_gmp_sae_l0.7_n0.57,reword__direct_visuality_standard,reword__cross_background_prototype_top1,reword__context_interaction_rms,reword__portable_word_delta_norm,reword__interaction_to_word_ratio,reword__readable__plain_raw__mrr,reword__readable__text_that_says__mrr,reword__text_that_says__glyph_margin_pseudo,reword__text_that_says__glyph_margin_mirrored,reword__visual_to_text_delta_cos__pretrained,reword__visual_to_text_delta_cos__gmp,reword__visual_to_text_delta_cos__reword,reword__visual_to_text_delta_cos__sae,reword__visual_to_text_delta_cos__chimera_gmp_sae_l0.7_n0.57,sae__direct_visuality_standard,sae__cross_background_prototype_top1,sae__context_interaction_rms,sae__portable_word_delta_norm,sae__interaction_to_word_ratio,sae__readable__plain_raw__mrr,sae__readable__text_that_says__mrr,sae__text_that_says__glyph_margin_pseudo,sae__text_that_says__glyph_margin_mirrored,sae__visual_to_text_delta_cos__pretrained,sae__visual_to_text_delta_cos__gmp,sae__visual_to_text_delta_cos__reword,sae__visual_to_text_delta_cos__sae,sae__visual_to_text_delta_cos__chimera_gmp_sae_l0.7_n0.57,global_text_maturity,text_lineage_stability,pretrained__bpe_token_count,gmp__bpe_token_count,reword__bpe_token_count,sae__bpe_token_count,persistent_direct_visuality,shortcut_sensitive_signature,sae_survival_signature,overlay_priority_score,is_english,english_zipf,normalized_surface,language_class,is_mature,maturity_class,readability_score,readability_class,selected_for_overlay,overlay_stratum,selection_order,nearest_selected_cos
299,aruban,high_maturity,380,aruba,0.90909094,0.4052709723180041,1.0,0.011391067,0.73738664,0.0154478885,0.9657894736842106,0.986842105263158,0.11684345,0.11898927,0.14662895,0.14041448,0.04259191,0.010316713,0.010994295,0.3089125827617808,1.0,0.0089053335,0.75890535,0.011734446,0.976608187134503,0.9789473684210528,0.1660244,0.15510137,0.10763165,0.15750286,0.13560669,0.049105823,0.030102797,0.2227187110882416,1.0,0.01111956,0.736089,0.015106272,0.4831733814333066,0.8415823211875844,0.15667142,0.132042,0.035008006,0.0688664,0.1500119,0.026402637,0.02119956,0.1116956355206229,1.0,0.004785076,0.25994933,0.018407725,0.0018449284455739,0.0031880720169315,0.021925334,0.038105216,0.03911467,0.07984142,0.08110172,0.081851974,0.036178906,1.606114275,0.9523565,2,2,2,2,0.2621494754221623,0.0861938716735392,-0.1110230755676187,1.22173133768718,True,1.47,aruban,English,True,mature,0.8221499999999998,strong,True,orthographic_hard,0,0.5187945365905762
380,aruba,high_maturity,299,aruban,0.90909094,1.0744070082812212,1.0,0.009252166,0.7082894,0.013062692,0.8523524720893142,0.9736842105263158,0.16828348,0.15428881,0.13139436,0.13096412,0.09488507,0.06839707,0.060158618,0.712112794128877,1.0,0.0077014994,0.7360261,0.010463622,0.922514619883041,0.9774436090225564,0.19846763,0.19171269,0.10365478,0.11821953,0.11438247,0.0601331,0.056637947,0.7501510650300617,1.0,0.009007003,0.6662964,0.013518012,0.7815981715652769,0.9052083333333334,0.19472544,0.18491802,0.04023244,0.03547541,0.07337314,0.0365279,0.019094747,0.170036233693582,1.0,0.003425035,0.17993891,0.019034432,0.0012423438565863,0.004225575951746,0.025319505,0.036759514,0.074473016,0.029834688,0.07240291,0.14035828,0.12349272,1.52875045,0.9579498,1,1,1,1,0.6766767752834354,-0.0380382709011847,-0.5801148313364797,1.389267132507904,True,2.93,aruba,English,True,mature,0.831825,strong,True,orthographic_hard,1,0.5081053376197815
1636,catdog,high_maturity,1672,catdoge,0.9230769,0.6703511758321713,1.0,0.009760857,0.7092273,0.013762663,0.8350403644978303,0.9042543195085568,0.17344418,0.13022493,0.18634045,-0.023930168,-0.12098033,-0.08472368,-0.13642028,0.4807098581884299,1.0,0.008121716,0.673799,0.012053618,0.8321320022306576,0.9038636046349297,0.21837395,0.16734514,0.12717374,-0.023274831,-0.039745174,-0.09185621,-0.15056321,0.7826383852007138,1.0,0.009468165,0.62145185,0.015235557,0.3695590100263272,0.7849716611593174,0.22392331,0.17798243,-0.026024286,-0.15944985,-0.13617292,-0.17203745,-0.22110385,-0.0417905038291051,1.0,0.0043842685,0.19357917,0.022648452,0.0007726571062961,0.0020719056116115,0.025562838,0.029334325,0.055098277,-0.028426792,-0.031085068,-0.013735874,-0.0695404,1.17156725,0.93624765,2,2,2,2,0.4729772288480524,-0.3019285270122839,-0.8244288890298189,0.1189813735073934,True,1.9,catdog,English,True,mature,0.5923499999999999,middle,True,orthographic_hard,2,0.603174090385437
1672,catdoge,high_maturity,1636,catdog,0.9230769,0.8175596138198946,1.0,0.01080123,0.77814114,0.013880811,0.878570793863379,0.8981804602084922,0.17184192,0.15181047,0.20148905,0.13655058,0.066022985,-0.05825455,-0.08173731,0.8381330473568337,1.0,0.008173597,0.78776413,0.010375691,0.8833233426014094,0.9259896839340732,0.2330148,0.20273685,0.14602886,0.09795347,0.08286984,-0.04039058,-0.07356952,0.7320966410204436,1.0,0.009501644,0.669663,0.014188696,0.4006227550955838,0.7218101780305337,0.21752317,0.18363631,-0.008228732,-0.05048227,0.013566253,-0.109934546,-0.11989011,0.2802785474627045,1.0,0.0044859834,0.25695795,0.017458044,0.000927810139025,0.0023535047588513,0.04438244,0.03166029,0.15467116,0.16641589,0.2110516,0.12314417,0.10917538,1.1662369,0.9296028,2,2,2,2,0.6670169624149691,0.1060364063363901,-0.4518180935577391,0.1514105981119494,False,0.0,catdoge,CLIPese,True,mature,0.8110749999999999,strong,True,orthographic_hard,3,0.603174090385437
832,mandelcubes,high_maturity,605,mandeltrees,0.72727275,0.9295780596512856,1.0,0.011213094,0.7825419,0.014329066,0.9565008411439558,0.975328947368421,0.17258239,0.1322262,0.12147713,0.11406379,0.026739102,0.008049591,0.0002212238,0.9970545158187932,1.0,0.009584629,0.7477194,0.012818484,0.9433638443935928,0.95687134502924,0.25472867,0.19462985,0.05434541,0.11987853,0.10078333,0.004574326,-0.0050545596,0.4547202896299369,1.0,0.011219441,0.6573288,0.017068233,0.3235962131918799,0.7697669521024784,0.19723298,0.1448253,-0.043563433,0.013193391,0.09848245,-0.025938548,-0.04422656,0.4024630770857246,1.0,0.004801321,0.22080374,0.021744745,0.0061357055235878,0.0189723299244959,0.02644532,0.021543086,0.050876554,0.1311962,0.13359663,0.077320665,0.0801425,1.325849025,0.9236428,2,2,2,2,0.6959539855464351,0.5423342261888564,-0.0522572125442122,0.4748147297402566,False,0.0,mandelcubes,CLIPese,True,mature,0.88155,strong,True,orthographic_hard,4,0.5990446209907532
1486,mandelscans,high_maturity,832,mandelcubes,0.72727275,1.0717795175331426,1.0,0.010337339,0.84806824,0.012189277,0.8744365763546798,0.9540517961570592,0.18785687,0.14323848,0.19240834,0.13189249,0.08770311,0.090251945,0.03844439,0.8314237517790148,1.0,0.009240601,0.8355309,0.011059557,0.9479283314669652,0.9625506072874496,0.22810271,0.1899644,0.18137054,0.1675612,0.14713353,0.047010325,0.037789248,0.5558214580859852,1.0,0.010932028,0.71398216,0.015311346,0.586467945922742,0.859577251953413,0.19083996,0.15816914,0.1513074,0.14545794,0.18125448,0.055834047,0.04342055,0.6302096841279179,1.0,0.0029986287,0.15007742,0.019980546,0.0096764035571415,0.0179008325103236,0.039969087,0.025316738,0.16486222,0.17296824,0.19724354,0.17388837,0.15017757,1.19226485,0.92279625,2,2,2,2,0.7723086028815151,0.2756022936930297,0.0743882260419327,0.1966602424638901,False,0.0,mandelscans,CLIPese,True,mature,0.92205,strong,True,orthographic_hard,5,0.5990446209907532
19,anarchidrawing,high_maturity,22,anarchidrawings,0.9655172,0.9156163867994948,1.0,0.0108061265,0.7155145,0.015102597,0.934293477398804,0.9173221010393948,0.16833794,0.15887137,0.11754635,0.07693963,0.03730941,-0.10026224,-0.116447784,0.9702031080326274,1.0,0.00909925,0.71203583,0.012779202,0.878148188348037,0.9068279075347944,0.25171763,0.21539417,0.080880135,0.06613674,0.087660804,-0.12312132,-0.12779373,0.9328774567806452,1.0,0.010636457,0.68470156,0.015534443,0.7931060614232855,0.9075676788525088,0.22352222,0.19003236,0.009557992,-0.009105809,0.053405277,-0.15970968,-0.146498,0.188328836667719,1.0,0.0043547982,0.2002745,0.021744147,0.0063875322391621,0.0154702699170538,0.027383232,0.015907476,0.17338441,0.20396897,0.26828656,0.113283426,0.122369446,2.3362588250000003,0.9283765,2,2,2,2,0.7517564470701216,0.0373256512519822,-0.7445486201129261,2.9847667829460285,False,0.0,anarchidrawing,CLIPese,True,mature,0.7293749999999999,strong,True,orthographic_hard,6,0.8289318084716797
22,anarchidrawings,high_maturity,19,anarchidrawing,0.9655172,-0.965546212181535,1.0,0.011238654,0.68347025,0.016443517,0.4904426767549868,0.5296983367210618,0.13249116,0.1315972,0.12818564,0.048291426,0.04644453,-0.05676007,-0.08530832,-0.5671745411437363,1.0,0.0091576865,0.7149135,0.012809503,0.8253321882291936,0.4658445948650389,0.2148512,0.19280232,0.09870506,0.019992176,0.06154283,-0.081413984,-0.09747505,0.2128511618304935,1.0,0.010977581,0.69593894,0.015773771,0.2784394988021857,0.4230777114676681,0.17612413,0.16832685,0.04563077,-0.028130125,0.039858848,-0.101114884,-0.11507913,-0.7182720938135403,1.0,0.0060540456,0.3573847,0.016939856,0.0017431770541144,0.0010236678221765,0.0060591716,0.010288359,0.045534573,0.09694188,0.07788223,0.053287476,0.04571112,2.299594675,0.9328012,2,2,2,2,-0.5095354213270795,-0.7800257029742298,-0.9311232556440338,2.1028691219648,False,0.0,anarchidrawings,CLIPese,True,mature,0.5539499999999999,middle,True,orthographic_hard,7,0.8289318084716797
92,cipemoji,high_maturity,103,clipemoji,0.9411765,-0.0313471413752181,1.0,0.011876329,0.7553291,0.015723383,0.7338616427432216,0.8576570242399891,0.13618171,0.10227334,0.1594183,0.09960146,0.09127462,0.0004209457,0.018580843,-0.8409417128222271,1.0,0.009295213,0.73222077,0.01269455,0.9102597179222566,0.5747006404901142,0.1865951,0.1257006,0.15547898,0.11365905,0.18832186,-0.012266514,0.024060346,0.0368801849003512,1.0,0.011276002,0.65621406,0.017183421,0.5595105117024368,0.6159192100378754,0.18473485,0.099265754,0.057412885,0.009138428,0.12669013,-0.05548008,-0.032807335,0.0148335580366855,1.0,0.004886599,0.25045547,0.019510848,0.0044052228611688,0.0058615795134665,0.042558204,0.012760781,0.072942495,0.02534412,0.1693248,0.092518725,0.101563744,1.951021125,0.9354146,4,4,4,4,-0.2051437778151021,-0.8778218977225782,-0.0220466268636657,1.510361424145492,False,0.0,cipemoji,CLIPese,True,mature,0.542475,middle,True,orthographic_hard,8,0.8803427219390869
103,clipemoji,high_maturity,92,cipemoji,0.9411765,-1.725453672975522,1.0,0.012010126,0.7432108,0.016159784,0.4250888067275628,0.3414825399931054,0.15386167,0.09910681,0.12856779,0.14496627,0.12072647,-0.013877902,-0.025078043,-0.2535531213011406,1.0,0.009796669,0.7179268,0.013645777,0.8459603554340397,0.6868976238063513,0.21396394,0.1468519,0.07824919,0.12519574,0.17414492,-0.0041077407,-0.009562567,-0.0827761676412154,1.0,0.012134822,0.67907935,0.01786952,0.478199860162122,0.2717736347366262,0.19548245,0.11319969,0.010672182,0.019699965,0.11007586,-0.024725065,-0.041839775,-0.5584509942899312,1.0,0.005280435,0.30748364,0.01717306,0.0031581948961146,0.0015965969580946,0.02510527,0.003398482,-0.000684713,-0.011416068,0.09546279,0.14764902,0.11220205,1.923801925,0.93424624,4,4,4,4,-0.6550584890519524,-0.1707769536599252,-0.4756748266487157,1.1265457951743985,False,0.0,clipemoji,CLIPese,True,mature,0.537275,middle,True,orthographic_hard,9,0.8803427219390869
1553,plovers,high_maturity,1571,puplovers,0.875,0.4181037498121036,1.0,0.011096165,0.77891093,0.014245743,0.9481424148606812,0.952682186234818,0.14265223,0.10980795,0.2306883,0.2097072,0.16510846,0.12961248,0.13812482,0.4039698671703782,1.0,0.009115214,0.7606765,0.011983037,0.9066167750378276,0.9527360066833752,0.1968165,0.15329269,0.19956404,0.22764765,0.19619073,0.13534227,0.13378426,0.1675354237063244,1.0,0.010758708,0.66802275,0.016105302,0.0982969745547155,0.628086403844498,0.17209801,0.135378,0.1198583,0.14018661,0.17569284,0.09015927,0.08351702,0.7007933512840008,1.0,0.0042601824,0.25853837,0.01647795,0.0009350750007454,0.0026806507345006,0.043854423,0.053551085,0.091138504,0.10931694,0.12534057,0.15157998,0.121768355,1.183345225,0.9331567,2,2,2,2,0.4226005979932017,0.2364344434640538,0.5332579275776763,0.0731352716094286,True,2.09,plovers,English,True,mature,0.765025,strong,True,orthographic_hard,10,0.6145458221435547
1571,puplovers,high_maturity,1553,plovers,0.875,0.2753399551202654,1.0,0.011193445,0.79144555,0.014143039,0.9737308697275104,0.973790322580645,0.12595853,0.10017179,0.11881484,0.09116043,-0.031108815,-0.047136426,-0.05130689,0.0829351396760091,1.0,0.008848785,0.74144065,0.011934583,0.9737218582938032,0.9606392590919358,0.1625166,0.12919252,0.14311957,0.14758705,0.08449568,0.003397183,-0.0046235695,-0.0280072481336124,1.0,0.011361754,0.7212785,0.015752243,0.1205245462745532,0.6561185277435073,0.14897399,0.117818736,0.12430404,0.12339565,0.12097838,0.030216549,0.034924112,0.5920759992463853,0.8888889,0.0056495974,0.3200478,0.017652355,0.0013768795646726,0.0058636149315368,0.067541905,0.056719754,0.095756516,0.12467531,0.12694405,0.09250823,0.067732185,1.1809583,0.9281816,3,3,3,3,0.2305859614772618,0.1109423878096215,0.6200832473799978,-0.1264867160236266,False,0.0,puplovers,CLIPese,True,mature,0.736175,strong,True,orthographic_hard,11,0.6145458221435547
673,baztexture,high_maturity,1205,bashtexture,0.85714287,0.5377602075356918,1.0,0.011948659,0.7891636,0.015140915,0.9649122807017544,0.9124269005847953,0.16466694,0.1195393,0.12111986,0.011928812,-0.050019704,-0.16672105,-0.17406201,0.8086392364846064,1.0,0.009848367,0.7651998,0.012870322,0.9037336932073774,0.9478070175438597,0.24326882,0.17836735,0.07967233,-0.005844023,-0.0012144009,-0.20509966,-0.19730835,0.345301044336992,1.0,0.010934953,0.6205005,0.017622795,0.7174693864702729,0.7962851124246102,0.18410306,0.13369241,0.00064177904,-0.0069769714,0.013154928,-0.12236821,-0.13771582,11.130370946905389,1.0,0.00400724,0.22105959,0.018127419,0.4151176789072773,0.3144295821877985,0.05090013,0.034110796,0.06676077,0.08770464,0.084554724,0.020799167,-0.0051007797,1.383885775,0.91261715,2,2,2,2,3.2055178588156696,0.4633381921476144,10.785069902568395,2.1652098106191646,False,0.0,baztexture,CLIPese,True,mature,0.8275,strong,True,orthographic_hard,12,0.5969843864440918
1205,bashtexture,high_maturity,673,baztexture,0.85714287,-0.128605955586783,1.0,0.011301292,0.71817887,0.015736042,0.9559716599190284,0.934396702300444,0.096868195,0.09671255,0.073980965,0.029646419,0.057122067,-0.037164748,-0.065360114,-0.0426672330558515,1.0,0.009354405,0.70529765,0.01326306,0.9223562859718468,0.9180991240548028,0.14477925,0.14424537,0.111597635,0.050515637,0.10883356,0.025137534,-0.026696425,-0.1470129527449094,1.0,0.011002326,0.62944186,0.017479496,0.7500980897746206,0.8075250597149621,0.11380621,0.110034846,0.0566902,0.032837227,0.10730645,0.035750363,0.01461033,11.46359327428912,0.8888889,0.00395493,0.17848934,0.022157796,0.2454682005001134,0.3614466399389837,0.024137547,0.019227454,0.083168015,0.10133904,0.19373186,0.18694323,0.14428367,1.23844285,0.91615254,2,2,2,2,2.786326783225394,0.1043457196890578,11.61060622703403,1.5808023821763535,False,0.0,bashtexture,CLIPese,True,mature,0.60465,middle,True,orthographic_hard,13,0.5969843864440918
274,azzscrambled,high_maturity,779,anyscrambled,0.8333333,0.1886750667765107,1.0,0.0112172915,0.749232,0.01497172,0.9562578320802004,0.9410377358490568,0.1118499,0.117176205,0.15810683,0.09743606,0.09437904,-0.027111962,-0.020130076,0.5679824206055308,1.0,0.009549515,0.751849,0.0127013745,0.960586260640211,0.960645933014354,0.18753976,0.18573137,0.12473571,0.09289044,0.18177065,0.015076555,0.022964783,0.5434585682804369,1.0,0.011127635,0.66508645,0.016731111,0.7609736909117715,0.8681523992691488,0.17198424,0.17386599,0.025141757,0.023428135,0.11301742,-0.030417617,-0.03103334,0.1929910298625679,0.8888889,0.0047746943,0.22371869,0.021342402,0.0119086725772437,0.0203803641523602,0.032649804,0.03570084,0.10333217,0.0734539,0.17355165,0.019038316,0.010970026,1.6304799,0.91974777,2,2,2,2,0.3732767713812616,0.0245238523250939,-0.350467538417869,0.933557269699982,False,0.0,azzscrambled,CLIPese,True,mature,0.8438749999999999,strong,True,orthographic_hard,14,0.7819408178329468
779,anyscrambled,high_maturity,398,artyscrambled,0.88,0.5478464771194547,1.0,0.010991543,0.7261501,0.015136736,0.9299337555507023,0.9475772765246449,0.13332522,0.13638297,0.16178623,0.11967376,0.12903792,0.04718542,0.03087474,0.8352780904930819,1.0,0.008945562,0.7415266,0.01206371,0.9474103251759972,0.9430457152496629,0.20965354,0.2168417,0.12773836,0.14439525,0.20738867,0.053051844,0.05182485,0.2122888980486226,1.0,0.010466636,0.65469754,0.015986979,0.7162008696218941,0.5406101074210493,0.16328909,0.16502428,0.052539527,0.09265445,0.18482625,0.04821196,0.052582297,-0.3233316584968063,1.0,0.0054942393,0.27270886,0.020146905,0.0026987919050932,0.0029616382718301,0.01387628,0.021688357,0.07472044,0.110662,0.12556787,0.0868852,0.08152209,1.34293445,0.902031,2,2,2,2,0.3180204517910882,0.6229891924444593,-0.5356205565454288,-0.0188341860912919,False,0.0,anyscrambled,CLIPese,True,mature,0.8412250000000001,strong,True,orthographic_hard,15,0.7819408178329468
825,compumask,high_maturity,1361,compudesk,0.7777778,0.2384121760739548,1.0,0.010109281,0.7801268,0.01295851,0.9739256397875424,0.9742962056303548,0.13383111,0.08795705,0.18622501,0.17440684,0.100978576,0.048708126,0.023670908,0.5841054526569209,1.0,0.008674849,0.77143896,0.011245023,0.9737637144220068,0.9738999137187232,0.22613752,0.14581105,0.1475033,0.18382853,0.17674628,0.07888587,0.05464653,0.2664794558280151,1.0,0.010001497,0.66136456,0.015122518,0.8758232624941349,0.9066683400267735,0.18489431,0.10255903,0.0016755592,0.0020774212,0.040314935,-0.011375075,-0.039824642,1.6384617511660091,1.0,0.0057119196,0.3244461,0.01760514,0.0297516337004027,0.0372699568421551,0.06211334,0.026787996,0.08155276,0.12548614,0.16958196,0.17082791,0.13950752,1.3283733,0.9272077,2,2,2,2,0.681864708931225,0.3176259968289058,1.371982295337994,0.5173887909534833,False,0.0,compumask,CLIPese,True,mature,0.876725,strong,True,orthographic_hard,16,0.6618989109992981
1361,compudesk,high_maturity,825,compumask,0.7777778,0.5342084876054327,1.0,0.010721077,0.78289163,0.013694203,0.912284024455077,0.9480994152046784,0.17132445,0.09779624,0.21401158,0.062500365,0.08048949,0.0123771075,-0.017440235,0.9151587167805708,1.0,0.009051327,0.7816143,0.011580298,0.8825124910778014,0.9737728158780792,0.2641426,0.16457705,0.2109711,0.0906793,0.16946629,0.048326287,0.029699266,0.277924339711359,1.0,0.010413487,0.6469095,0.016097287,0.2074264949681815,0.7429328062232844,0.20791613,0.10394548,0.088784575,-0.0054169204,0.118636444,-0.0082530575,-0.033568628,0.1473524369982095,0.8888889,0.005240291,0.2724062,0.019237047,0.0007549045168102,0.0048963122216317,0.06084909,0.040114284,0.14405136,0.085530005,0.1638255,0.18496019,0.14285329,1.21032175,0.92383593,2,2,2,2,0.468660995273893,0.6372343770692118,-0.1305719027131495,0.0481707026154021,False,0.0,compudesk,CLIPese,True,mature,0.8337,strong,True,orthographic_hard,17,0.6618989109992981
1970,observed,low_maturity_control,1996,served,0.85714287,0.1732091431242537,1.0,0.010902314,0.77329546,0.014098511,0.986842105263158,1.0,0.11449641,0.088179,0.21300347,0.14793105,0.059763312,-0.036944423,0.04459863,0.5163511855776464,1.0,0.0089747505,0.81653833,0.010991218,0.9100877192982456,0.982456140350877,0.19568308,0.15970476,0.20822753,0.19667958,0.12754236,-0.024019158,0.0132429935,0.5387833389420971,1.0,0.0113193,0.7754424,0.014597216,0.6522619516412289,0.947440916340438,0.19518222,0.13830996,0.096224554,0.100626856,0.090742014,-0.015758336,0.017102435,1.6084071367717023,1.0,0.004432064,0.23338749,0.018990153,0.0021816658381942,0.0356166486732596,0.051032268,0.036480874,0.09268259,0.089516535,0.09529571,0.056585103,0.06254341,-1.863365925,0.88843995,1,1,1,1,0.7091877011039249,-0.0224321533644507,1.0696237978296053,-7.5814444510022145,True,4.39,observed,English,False,immature,0.8356,strong,True,orthographic_hard,18,0.6614432334899902
1996,served,low_maturity_control,1970,observed,0.85714287,-0.1148929302894801,1.0,0.01048331,0.7358866,0.014245823,0.8949561403508773,0.9013157894736842,0.12135434,0.0884648,0.20958629,0.20573531,0.21117583,0.1430168,0.14061937,0.540158876555156,1.0,0.008751232,0.81334746,0.010759525,0.9609962406015036,0.9760765550239237,0.21979299,0.1435899,0.12975423,0.20252776,0.23840952,0.0824188,0.10519366,0.7355921715575021,1.0,0.011076741,0.8264443,0.013402889,0.91937564499484,0.9423558897243108,0.22488946,0.14621134,0.017866652,0.1032772,0.20355289,0.08669042,0.08181105,0.4877889222835299,1.0,0.004529878,0.27782252,0.016304934,0.0157907353217643,0.0123732225356679,0.04331731,0.025295096,0.039556704,0.05884675,0.109518945,0.14398542,0.11371322,-1.9955451,0.88334244,1,1,1,1,0.412161760026677,-0.195433295002346,-0.2478032492739722,-8.163267441037275,True,4.81,served,English,False,immature,0.887575,strong,True,orthographic_hard,19,0.6207641959190369
563,crabsharkweek,high_maturity,1029,bobcsharkweek,0.7692308,0.1594058315778824,1.0,0.010631272,0.726785,0.014627808,0.9760765550239237,0.9748283752860412,0.11438876,0.097143605,0.11322527,0.07986043,0.04038109,-0.049566068,-0.06781064,0.4464669300049201,1.0,0.008852205,0.7391653,0.011975948,0.975,0.974937343358396,0.19106698,0.15587668,0.06640753,0.06706881,0.04673483,-0.08570054,-0.10030068,0.8781660735752777,1.0,0.0108101815,0.72315043,0.014948731,0.8243847564616565,0.8757889584460417,0.231066,0.17631134,-0.037961926,-0.048700362,0.0056298627,-0.1667648,-0.17111292,0.9672635162710076,1.0,0.004888224,0.28643665,0.017065637,0.0164959784650996,0.0183625559311143,0.051972497,0.03320514,0.046973657,0.06877884,0.042664427,-0.08457596,-0.10743675,1.431178725,0.91439515,2,2,2,2,0.6128255878572719,-0.4316991435703575,0.0890974426957299,0.5505430846927453,False,0.0,crabsharkweek,CLIPese,True,mature,0.833875,strong,True,orthographic_hard,20,0.5334330201148987
1029,bobcsharkweek,high_maturity,563,crabsharkweek,0.7692308,0.4000448379733777,1.0,0.011728234,0.8191178,0.014318128,0.9238240084004968,0.9065249266862172,0.1432776,0.12631294,0.04228711,0.04872318,-0.0067271153,-0.10186829,-0.13343391,0.4636844821502463,1.0,0.009469397,0.79268706,0.011945947,0.934442016084674,0.9478810257094158,0.19540875,0.16668616,-0.003985936,0.051411957,0.058659174,-0.13152277,-0.14337683,0.882404820816695,1.0,0.010999832,0.72886497,0.015091728,0.557661574090548,0.857260194218389,0.22299628,0.18792292,-0.07011751,-0.041897394,0.05138608,-0.22161552,-0.22629794,-0.4277042819511023,0.8888889,0.0041823396,0.21743971,0.01923448,0.0009279702573702,0.0013537175747675,0.04244216,0.030070612,0.032613378,0.09100596,0.11832006,-0.074470475,-0.08501439,1.279284275,0.9213633,2,2,2,2,0.3296074647473042,-0.4187203386664487,-1.3101091027677974,0.086900348450982,False,0.0,bobcsharkweek,CLIPese,True,mature,0.823275,strong,True,orthographic_hard,21,0.5334330201148987
207,cyclingmath,high_maturity,1018,acycling,0.7368421,0.7635034918907296,1.0,0.010886047,0.7537041,0.014443397,0.949136917360425,0.9539614863338602,0.15155472,0.14173059,0.15240888,0.035573475,0.04029845,-0.12068468,-0.09327178,0.7578581276995526,1.0,0.008938252,0.70765543,0.012630797,0.9484391142578478,0.9539663006436956,0.21355812,0.1954354,0.1403656,0.030469839,0.11948669,-0.10025594,-0.088657774,0.8517049165952797,1.0,0.010390858,0.6666619,0.015586399,0.778316796724779,0.8804767675829019,0.2103632,0.19174485,0.020144178,-0.058770977,0.09989592,-0.10308193,-0.096120596,0.0247667964706655,1.0,0.0053171995,0.27116472,0.019608743,0.0277683347071618,0.0283268018584041,0.00037467765,0.004352005,0.017150009,0.060431164,0.09887409,0.08393626,0.084381215,1.7187314000000002,0.94749564,2,2,2,2,0.599458333164057,-0.093846788895727,-0.8269381201246142,1.6553967907383993,False,0.0,cyclingmath,CLIPese,True,mature,0.815125,strong,True,orthographic_hard,22,0.5533080697059631
1018,acycling,high_maturity,207,cyclingmath,0.7368421,0.5882670519047202,1.0,0.010946383,0.71372694,0.015336934,0.9431627012737324,0.9396948252985404,0.15661773,0.12195206,0.11680755,0.1582443,0.035914976,0.019511636,-0.03889016,0.6604443232445324,1.0,0.009385952,0.71672904,0.013095537,0.9509398496240602,0.9399122807017544,0.22593373,0.1738242,0.065456286,0.14709918,0.11989757,-0.017899394,-0.037926957,0.7358369654431322,1.0,0.011048311,0.6953614,0.015888589,0.7752694859038143,0.8152395931845671,0.21921459,0.16967113,-0.0028343117,0.038247865,0.109067984,-0.016800512,-0.07377455,1.6264811353535644,1.0,0.005523951,0.3066819,0.01801199,0.0094351433277681,0.0215097022077283,0.074073456,0.045617726,0.052514967,0.040377375,0.10897702,0.06656036,-0.008615682,1.2814809,0.92685467,2,2,2,2,0.9027573689864872,-0.0753926421985997,0.8906441699104323,0.5500682026638362,False,0.0,acycling,CLIPese,True,mature,0.808175,strong,True,orthographic_hard,23,0.5533080697059631
632,colorspectral,high_maturity,833,coralspectral,0.84615386,0.3402400531175086,1.0,0.011232367,0.73615223,0.015258212,0.9552631578947368,0.9614035087719298,0.13510115,0.104214296,0.1614172,0.11688186,0.010819229,-0.0415221,-0.06342629,0.4411924736281973,1.0,0.009507196,0.7024591,0.013534163,0.9215981817868172,0.9312151116427432,0.18997997,0.17556271,0.052637123,0.113163404,0.033168063,-0.028221942,-0.043435145,0.372537881413622,1.0,0.010455238,0.5908792,0.017694375,0.7735913325973722,0.8445440950806227,0.1639805,0.15272854,0.025051847,0.053491764,0.06574423,-0.06662778,-0.07553295,3.1448309237381245,1.0,0.0035458528,0.18150614,0.019535718,0.0311833027734921,0.0912221945882997,0.028149966,0.034065798,0.092952706,0.13829236,0.14263304,0.079812944,0.06622992,1.396451025,0.9212858,2,2,2,2,1.0747003329743632,0.0686545922145753,2.7722930423245025,0.8685509326067171,False,0.0,colorspectral,CLIPese,True,mature,0.7085999999999999,strong,True,orthographic_hard,24,0.43394210934638977
833,coralspectral,high_maturity,507,coralspectrum,0.84615386,0.3173720439291538,1.0,0.010545358,0.70185643,0.015024951,0.9564360339049872,0.9309165254175904,0.14217073,0.107377954,0.08295817,0.014122261,-0.09251228,-0.07626209,-0.113189995,-0.2547286189469867,1.0,0.008894803,0.6745008,0.013187238,0.9187552213868004,0.7370090221544238,0.19318344,0.14402016,-0.0017908346,-0.054388743,-0.0758982,-0.10319483,-0.14898165,-0.2026067521191977,1.0,0.010372364,0.6106407,0.016986035,0.8058059719535069,0.5881962640186325,0.14841321,0.09452785,-0.08844027,-0.117025174,-0.05873386,-0.15432706,-0.18514885,0.0886337551867871,1.0,0.0034899528,0.19143504,0.018230481,0.0211542000823311,0.0119336401053655,0.017512659,0.0244318,0.027431814,0.01282255,0.09056456,-0.00046791183,-0.030780476,1.325703625,0.9267888,2,2,2,2,-0.0128323929875608,-0.0521218668277889,0.2912405073059848,0.0365704891544644,False,0.0,coralspectral,CLIPese,True,mature,0.5263,middle,True,orthographic_hard,25,0.5086019039154053
1004,cranes,high_maturity,1191,crates,0.8333333,0.5487003455408318,1.0,0.011879591,0.6840766,0.017365878,0.975877192982456,0.9769736842105264,0.13412988,0.123442136,0.16797033,0.11485414,0.12327217,0.017826237,-0.017664433,0.6319172524313067,1.0,0.009143085,0.6965307,0.013126608,0.9476674641148326,0.9744360902255638,0.19382012,0.18419231,0.12495595,0.09840537,0.16893423,0.05729936,0.051149957,0.4760484683927581,1.0,0.010637462,0.67130846,0.015845863,0.6093622006258448,0.8928286200576065,0.16720898,0.16246969,0.009487206,0.013925132,0.10715155,0.013670375,-0.008309389,-0.1530116894769869,1.0,0.004324147,0.22464755,0.019248582,0.00116074940924,0.0038472625007824,0.018015489,0.025940102,0.09319561,0.094330244,0.14269274,0.16632831,0.13729618,1.285877175,0.9372191,1,1,1,1,0.3759135942219774,0.1558687840385486,-0.629060157869745,0.3387741606275489,True,3.33,cranes,English,True,mature,0.792325,strong,True,orthographic_hard,26,0.4412754476070404
1191,crates,high_maturity,1004,cranes,0.8333333,0.8576991167039819,1.0,0.010133484,0.739845,0.013696767,0.9484962406015038,0.9483024818544954,0.17053385,0.13693681,0.15116014,0.1862931,0.060695857,-0.008827043,0.03469123,0.8755174409621983,1.0,0.009029582,0.7601164,0.011879209,0.9124149170741062,0.9479665071770336,0.22945856,0.20249078,0.09655016,0.13197792,0.06265531,0.0035784077,0.03622096,0.7483163138811644,1.0,0.010643443,0.6924623,0.0153704295,0.5504476390831708,0.839358912055911,0.21600704,0.17197935,-0.012536631,0.03552834,0.003881191,-0.035833426,-0.013265098,0.5851547065405901,1.0,0.004017616,0.22218923,0.018081957,0.0029354058190214,0.0294685439850111,0.019056225,0.017747339,0.0017876895,0.0268105,-0.065153405,0.105093785,0.15929256,1.241414725,0.9338558,1,1,1,1,0.7666718945219837,0.1272011270810339,-0.1631616073405742,0.4530428696441714,True,3.28,crates,English,True,mature,0.843225,strong,True,orthographic_hard,27,0.4123828709125519
491,yemencheetah,high_maturity,1642,macedcheetah,0.75,1.0938593741668494,1.0,0.011353863,0.7408232,0.015326009,0.941497975708502,0.982456140350877,0.16723327,0.15395752,0.070035875,0.004831467,-0.054494776,-0.11544178,-0.064245656,0.963270132666962,1.0,0.00934245,0.74899334,0.012473342,0.9483430799220272,0.9763157894736842,0.22479981,0.20878631,0.029018858,-0.008145124,-0.02080885,-0.13736369,-0.07560158,0.4883133968988786,1.0,0.010913268,0.68895733,0.015840266,0.3538370504189437,0.5044096199940656,0.20040841,0.18477395,0.0050404053,-0.03920111,-0.0056652715,-0.112136915,-0.06994036,-0.0990942125514551,1.0,0.004037725,0.19668828,0.020528547,0.0007249710670008,0.0008761044331955,0.029538048,0.025505785,0.14079455,0.11570207,0.11122301,0.013388634,0.07650302,1.4690882749999998,0.94277763,2,2,2,2,0.6115871727953087,0.4749567357680834,-0.5874076094503337,1.0069071218667562,False,0.0,yemencheetah,CLIPese,True,mature,0.9078,strong,True,orthographic_hard,28,0.5840370655059814
1642,macedcheetah,high_maturity,452,rwandcheetah,0.75,0.552320364492034,1.0,0.011665505,0.72681075,0.016050266,0.5180876796492122,0.9451754385964912,0.16011098,0.11201356,0.1425379,0.11150215,0.017941814,-0.003900696,-0.009486433,0.3124282840062562,1.0,0.009449082,0.71158004,0.013279015,0.8808114035087719,0.9578947368421052,0.19364262,0.13884644,0.11129875,0.07807396,0.032747786,-0.007989287,0.007996069,0.1837942766021172,1.0,0.010833395,0.6540521,0.016563505,0.0500834770210756,0.3508570770275183,0.2039612,0.14439304,0.04754608,0.0060850494,0.060140178,-0.0014526173,0.015846068,0.2756943535943447,1.0,0.004262899,0.19065917,0.022358742,0.0008402091473758,0.0018314811923897,0.040720828,0.035100225,0.17280528,0.17597064,0.16722697,0.16544247,0.17828694,1.17087495,0.9171705,2,2,2,2,0.331059319673688,0.128634007404139,0.0919000769922274,-0.2249896583708408,False,0.0,macedcheetah,CLIPese,True,mature,0.666525,strong,True,orthographic_hard,29,0.5840370655059814
1384,bbcfrequency,high_maturity,1712,bbcbratfrequency,0.85714287,0.3906846733631563,1.0,0.012258934,0.72389454,0.016934697,0.9080623533355682,0.9299932523616734,0.10817581,0.14935453,0.21163307,0.12567686,0.16852924,0.005115819,0.02052564,0.8854264263352969,1.0,0.009228428,0.7126567,0.012949332,0.5394987946966653,0.9079184234212894,0.20967552,0.24081263,0.13726279,0.14755821,0.21052213,-0.0839608,-0.039827358,0.6731140436163473,1.0,0.01051769,0.65074533,0.01616253,0.7064109894508134,0.4470373841126672,0.19503327,0.23343618,0.06201816,0.065988615,0.15514533,-0.09526579,-0.08066575,-0.1288530305878418,1.0,0.004705417,0.2163049,0.021753632,0.0079066407806247,0.0027613942663116,0.016487231,0.03030969,0.12573737,0.09579642,0.22048935,0.11469114,0.15132603,1.2064137,0.9361382,2,2,2,2,0.4550930281817397,0.2123123827189496,-0.8019670742041891,0.1886454022893747,False,0.0,bbcfrequency,CLIPese,True,mature,0.5656500000000001,middle,True,orthographic_hard,30,0.7828532457351685
1712,bbcbratfrequency,high_maturity,1384,bbcfrequency,0.85714287,0.0461247945877851,1.0,0.011314443,0.69671226,0.016239764,0.9608062709966404,0.8320852945371559,0.120905936,0.1369253,0.15735205,0.14071715,0.10008657,-0.035426613,-0.087136075,0.4800045123402598,1.0,0.008608163,0.6874785,0.012521356,0.9352089573527314,0.8215861453183774,0.20825882,0.21358414,0.061473813,0.15029255,0.13700615,-0.07239627,-0.11229469,0.6851548851928815,1.0,0.009444083,0.6054577,0.015598253,0.7833125154489785,0.812397078662139,0.18726666,0.19300748,0.02115311,0.04366213,0.11859973,-0.0878039,-0.11092706,0.1741119654190568,1.0,0.0050513833,0.26051486,0.01939,0.0013473969604363,0.0016505277248173,0.042424127,0.028816829,0.049547732,0.119696446,0.13566384,0.121032044,0.15918612,1.159390575,0.9363758,3,3,3,3,0.3463490393849958,-0.2051503728526216,-0.5110429197738247,0.0060855045821128,False,0.0,bbcbratfrequency,CLIPese,True,mature,0.669025,strong,True,orthographic_hard,31,0.7828532457351685
159,banankin,high_maturity,547,banan,0.7692308,0.9735324040678534,1.0,0.011299585,0.78130287,0.01446249,0.9611111111111112,0.9476817042606516,0.21323593,0.109672196,0.16871905,0.16705509,-0.0798468,0.07255934,0.033752564,1.0025140111955837,1.0,0.008642827,0.77742773,0.01111721,0.954015367877057,0.9606101240362052,0.28555423,0.16457754,0.13159478,0.16666037,0.083506286,0.07466096,0.07700073,0.7300920617972524,1.0,0.009963007,0.651278,0.015297624,0.5055299059693027,0.7719053210453956,0.24404864,0.1492407,0.009157512,0.053713143,0.08361263,0.022230806,-0.0031603721,-0.1252099327723397,0.8888889,0.0045890003,0.21603635,0.021241797,0.0021645973362334,0.002845124449,0.0436203,0.042387795,0.06322298,0.07220446,0.086239204,0.16744117,0.08815871,1.78650485,0.9292147,2,2,2,2,0.6452321360720875,0.2724219493983313,-0.8553019945695921,1.611814415394371,False,0.0,banankin,CLIPese,True,mature,0.894825,strong,True,orthographic_hard,32,0.5394627451896667
547,banan,high_maturity,719,banana,0.90909094,0.7704980803689336,1.0,0.010788645,0.73415214,0.01469538,0.8907894736842104,0.9780701754385966,0.15891898,0.12538238,0.23518103,0.200862,0.053635433,0.08627944,0.10805192,1.184711571910059,1.0,0.007933076,0.76919574,0.010313468,0.9486842105263156,0.9746963562753036,0.26133353,0.21146683,0.20387572,0.17745043,0.090067945,0.11866821,0.10880404,1.2460639723466371,1.0,0.0095905475,0.702016,0.013661438,0.9233072435186326,0.9473990564303658,0.2591507,0.20784637,0.034943044,0.0537862,0.05555729,0.033502243,0.02732956,0.6275541712199253,1.0,0.0032104703,0.19127011,0.016785007,0.0019984997240231,0.0028483887626676,0.050576746,0.044372343,0.07428047,0.13488312,0.22049628,0.2403766,0.18705629,1.439002075,0.9335706,2,2,2,2,0.9572069489613888,-0.0613524004365781,-0.6185098011267118,1.0494970812802575,True,1.43,banan,English,True,mature,0.93445,strong,True,orthographic_hard,33,0.5435146689414978
493,bulgaria,high_maturity,1779,bulgarian,0.9411765,0.5284518800617282,1.0,0.011761199,0.80303264,0.014645979,0.7567048602367161,0.9606633771929824,0.15768006,0.105065025,0.15232547,0.16374382,0.107469775,0.033578612,0.046233322,0.4100321668926588,1.0,0.0096724415,0.78462374,0.01232749,0.8334398749911215,0.9254864433811804,0.2126769,0.15139781,0.12712379,0.1654957,0.17075762,0.043451738,0.058129314,0.4182274270680162,1.0,0.011792941,0.7348847,0.016047336,0.7345086143502468,0.7939108471568026,0.19534092,0.13645343,0.05714142,0.07270695,0.13425866,-0.021112313,-0.0027815793,2.256304007342747,1.0,0.005864013,0.34695515,0.016901357,0.0317077955627261,0.035938445661697,0.07986925,0.04835147,0.1096954,0.1139327,0.18215597,0.2085636,0.17964138,1.468226025,0.96317816,1,1,1,1,0.9032538703412876,-0.0081952601753573,1.8380765802747308,1.4653734378978025,True,3.9,bulgaria,English,True,mature,0.700125,strong,True,orthographic_hard,34,0.7468149065971375
1779,bulgarian,high_maturity,493,bulgaria,0.9411765,-0.8853804369018808,1.0,0.011895915,0.8385063,0.0141870305,0.9739372469635628,0.6887307554600788,0.114200905,0.092467666,0.08286811,0.12988749,0.078854,0.008130636,-0.012083735,-0.6150044229202493,1.0,0.009714288,0.8080383,0.012022063,0.8860284769895754,0.6360228765746966,0.18482879,0.13740319,0.063443586,0.1269839,0.11930899,0.0168042,0.012858471,0.0439415230294181,1.0,0.012193471,0.77854526,0.015661865,0.6823081640270889,0.5212303086264306,0.17107396,0.12767905,0.0038692895,0.04539304,0.09379564,-0.0034872666,-0.008678414,0.0046648178622809,1.0,0.0057770456,0.36897302,0.015657095,0.0033826461254368,0.0025865299504902,0.030492507,0.02715799,0.020719614,0.06279165,0.042656586,0.09132287,0.064107105,1.1496824375,0.9466529,1,1,1,1,-0.3629446297326078,-0.6589459459496674,-0.0392767051671372,-0.3631776335981623,True,3.81,bulgarian,English,True,mature,0.5870500000000001,middle,True,orthographic_hard,35,0.7468149065971375
7,alfremicroscopy,high_maturity,17,amermicroscopy,0.82758623,0.6129835157446069,1.0,0.012317505,0.7266612,0.016950822,0.9049944713248396,0.912630778323824,0.16032329,0.13259831,0.06907994,0.06779796,0.0028551389,-0.050582986,-0.06754502,0.0934019139218761,1.0,0.010297575,0.70891196,0.014525888,0.810245839145069,0.8446903864021424,0.19104561,0.15560456,0.027658183,0.046247736,0.07825293,-0.081743754,-0.0717108,0.0736929847208067,1.0,0.0118879145,0.6655587,0.017861556,0.3820021874183328,0.7488608535698701,0.14895456,0.124366134,0.028318197,0.07180806,0.12309155,-0.028273981,-0.024637323,0.3872502802236102,1.0,0.005835881,0.29611897,0.019707892,0.0033026121676566,0.008375894023638,0.04269148,0.027688287,0.10222837,0.104118735,0.116760984,0.087145194,0.08081435,2.52379475,0.92162085,2,2,2,2,0.2918321736527249,0.0197089292010694,0.3135572955028035,3.034461906547392,False,0.0,alfremicroscopy,CLIPese,True,mature,0.53045,middle,True,orthographic_hard,36,0.773627519607544
17,amermicroscopy,high_maturity,7,alfremicroscopy,0.82758623,0.5653107127088768,1.0,0.011421477,0.7393788,0.015447396,0.9453748006379584,0.913847117794486,0.16184324,0.12495302,0.12552659,0.06507115,0.02682615,-0.079130016,-0.09644143,0.6041220454908828,1.0,0.009599391,0.737141,0.013022463,0.8321585213032581,0.9219298245614036,0.22702588,0.17149165,0.07794508,0.09281929,0.16096704,-0.07440417,-0.06259422,0.3343882097894735,1.0,0.010994004,0.6668291,0.01648699,0.6112256257881592,0.7472856473101636,0.19135106,0.13100865,-0.0016481057,-0.0072926916,0.107455835,-0.0809484,-0.09039887,0.1004522325012362,1.0,0.0051807463,0.25624934,0.0202176,0.0039723168633413,0.0037537380361237,0.04500195,0.019228363,0.060150377,0.054141086,0.08730528,-0.009849574,-0.007820092,2.385149575,0.9227441,2,2,2,2,0.4010683001226173,0.2697338357014093,-0.2339359772882372,2.791883264247644,False,0.0,amermicroscopy,CLIPese,True,mature,0.697725,strong,True,orthographic_hard,37,0.773627519607544
462,chennaifc,high_maturity,1533,chennai,0.875,0.2427101131236373,1.0,0.011591463,0.7761659,0.01493426,0.913977879481312,0.8394297290066124,0.14775935,0.131265,0.12048901,0.08186602,0.055935867,0.03408845,0.03448519,0.2959799217066725,1.0,0.008681817,0.7110466,0.012209913,0.920373851294904,0.92562656641604,0.19893563,0.14550531,0.09858407,0.06778037,0.081076406,0.022170242,0.03030236,0.2570086480809133,1.0,0.009713722,0.59062713,0.016446454,0.6760037165103514,0.7001746848010688,0.1778179,0.13660125,0.009318446,0.00047366135,0.06649727,0.025502322,0.035932925,-1.0548872909074332,0.8888889,0.003914412,0.19794594,0.019775158,0.002650716645847,0.001581729659873,0.020945905,0.012804283,0.05961775,0.055668607,0.06741616,0.09915011,0.09193687,1.487684825,0.9494004,2,2,2,2,-0.0647971519990525,0.0389712736257591,-1.3118959389883464,0.6801872537526226,False,0.0,chennaifc,CLIPese,True,mature,0.6867749999999999,strong,True,orthographic_hard,38,0.6214805245399475
1533,chennai,high_maturity,462,chennaifc,0.875,0.5208632744529826,1.0,0.010746221,0.78484637,0.013692133,0.9124800637958532,0.9757085020242916,0.14659274,0.108608045,0.1097288,0.17577198,0.049076393,0.0648978,0.06430335,0.4680581147953973,1.0,0.00871134,0.7536034,0.011559581,0.9344846491228072,0.97383810403201,0.21321872,0.13889697,0.07941304,0.18563183,0.13174263,0.017356483,0.048722766,0.7190658956039306,1.0,0.010407921,0.6701461,0.015530824,0.614016762148974,0.8838401054449596,0.22894217,0.14703763,-0.004439705,0.06888938,0.10261554,-0.0132817635,0.016708152,0.019761282535737,1.0,0.0034373244,0.1741049,0.019742835,0.0031670730824674,0.0145728503010359,0.021800617,0.012849037,0.08389277,0.08257542,0.101332515,0.14508353,0.13278504,1.185987325,0.9625655,1,1,1,1,0.4319371418470119,-0.2510077808085333,-0.6993046130681937,0.4657428442852108,True,3.52,chennai,English,True,mature,0.8101250000000001,strong,True,orthographic_hard,39,0.6214805245399475
158,calibrmaize,high_maturity,262,calibrmeasles,0.75,1.3313249506674476,1.0,0.010121407,0.7274181,0.013914153,0.9352113180446426,0.9517932571458187,0.1737132,0.18871659,0.08492474,0.12997964,0.07194951,-0.022784662,-0.038992994,0.5393211273711492,1.0,0.00851567,0.7208452,0.011813452,0.8623220980333853,0.931399010346379,0.16295362,0.21740605,0.10841911,0.13051988,0.05771371,-0.03179104,-0.03584025,0.1171226478298822,1.0,0.008910946,0.5801858,0.01535878,0.2005496325510871,0.4863549432044574,0.12744392,0.19098619,0.052341446,0.08780943,0.03357852,-0.033986606,-0.05498822,1.4355524049813546,1.0,0.0037691914,0.15485072,0.024340807,0.0304563214010139,0.0337308221811636,0.03370131,0.0437694,0.09273298,0.1430997,0.14420612,0.0717293,0.08531234,1.79046405,0.92547625,2,2,2,2,0.8558302827124584,0.422198479541267,1.3184297571514725,1.7151450582255765,False,0.0,calibrmaize,CLIPese,True,mature,0.665875,strong,True,orthographic_hard,40,0.5064007043838501
262,calibrmeasles,high_maturity,158,calibrmaize,0.75,0.8962129958892229,1.0,0.011631859,0.7938339,0.014652761,0.9476342953498263,0.949110364563892,0.16406175,0.14743768,0.111255564,0.08594096,0.090599686,0.030623388,0.038744055,0.5436463083240785,1.0,0.009595977,0.73271054,0.013096546,0.8567309055141927,0.934431369857813,0.19817577,0.18330432,0.07834494,0.053941034,0.09062515,0.022633784,0.04760117,0.3600650310750801,1.0,0.010579051,0.6369465,0.016609011,0.5388874896352636,0.6782772611643736,0.16531526,0.17203848,0.028753895,0.020901604,0.06031627,0.0002273831,0.024351627,-0.6020371485559011,0.8888889,0.0034475166,0.16211052,0.021266459,0.0075225005629069,0.0028661589442025,0.026653027,0.03000247,0.08677012,0.1488258,0.1697923,0.19090562,0.18250428,1.64410285,0.9313181,2,2,2,2,0.2994717966831201,0.1835812772489983,-0.9621021796309812,1.0657381701240318,False,0.0,calibrmeasles,CLIPese,True,mature,0.7097,strong,True,orthographic_hard,41,0.5064007043838501
1587,nanorender,high_maturity,1597,englandrender,0.7826087,0.5534414384520665,1.0,0.011112078,0.79817045,0.013921936,0.9343206342215372,0.9476289734236584,0.15277773,0.118214905,0.14109279,0.10890274,0.05479498,-0.0027135601,-0.027463097,0.4631520388270784,1.0,0.009242153,0.8181836,0.01129594,0.9739612188365652,0.9741715399610136,0.19027857,0.15973051,0.1070423,0.10936566,0.119368255,-0.0012320746,-0.022554148,0.4186411879091569,1.0,0.010697903,0.73126477,0.014629316,0.7272261237864222,0.9041140747797094,0.17978305,0.13713154,0.019391857,0.04289542,0.11459098,-0.031000473,-0.040408377,0.034705559619345,1.0,0.0048045614,0.26121312,0.018393261,0.00292275552832,0.0101747440435397,0.025949005,0.018457545,-0.026167298,-0.0043892516,-0.025910724,-0.009281297,-0.036378965,1.17883065,0.92550325,2,2,2,2,0.3674850562019117,0.0445108509179215,-0.3839356282898118,-0.0737421054989803,False,0.0,nanorender,CLIPese,True,mature,0.881575,strong,True,orthographic_hard,42,0.39377498626708984
1597,englandrender,high_maturity,1587,nanorender,0.7826087,0.13210266158282,1.0,0.011244471,0.7373412,0.015250023,0.8998405103668262,0.9379514963880288,0.11540009,0.108304486,0.116758615,0.08439449,0.010405184,-0.053941913,-0.044254567,0.1491213221566671,1.0,0.009251396,0.71994406,0.01285016,0.8949362041467305,0.975563909774436,0.15469113,0.14092115,0.044416938,0.09723805,0.056497335,-0.05873379,-0.04785388,0.3168774507442045,1.0,0.011546636,0.7141339,0.016168727,0.3558192150936146,0.8969990766389658,0.16776791,0.13098273,-0.010129426,0.038118295,0.040325798,-0.045026436,-0.049527913,0.8596876980621497,1.0,0.006517623,0.38386753,0.016978834,0.002453607145132,0.0192998856020665,0.044448484,0.03149546,0.05911008,0.07004142,0.078290805,0.045417488,0.05373776,1.17757315,0.94751954,2,2,2,2,0.3644472831364603,-0.1677561285875373,0.5428102473179452,0.2056846329100526,False,0.0,englandrender,CLIPese,True,mature,0.667625,strong,True,orthographic_hard,43,0.399666428565979
356,asparagus,high_maturity,222,chromoasparagus,0.75,-0.0098006310279519,1.0,0.010781835,0.68459094,0.01574931,0.9497607655502392,0.9613003095975232,0.11217061,0.08481515,0.15696475,0.14279507,0.08532782,0.023188671,0.021768497,0.5565264556558611,1.0,0.008594541,0.71289176,0.012055885,0.975563909774436,0.974376731301939,0.19926886,0.16655867,0.1262939,0.1407076,0.14226337,0.030693773,0.032814555,0.7409667099308178,1.0,0.010331796,0.6960424,0.014843629,0.8764646863783064,0.8575378664051434,0.22051972,0.16345324,0.03470565,0.013587157,0.08299324,-0.045578983,-0.044788178,1.371029778905323,1.0,0.0046465937,0.25693443,0.018084746,0.012947174182182,0.0139080717862898,0.06549498,0.052322138,0.06320482,0.075635664,0.09058805,0.07687907,0.047173776,1.553218225,0.92916125,1,1,1,1,0.6646805783660125,-0.1844402542749567,0.6300630689745051,1.067569760885171,True,3.25,asparagus,English,True,mature,0.825675,strong,True,orthographic_hard,44,0.6705926656723022
642,bambooasparagus,high_maturity,356,asparagus,0.75,0.3298029587841249,1.0,0.010353223,0.6341632,0.016325803,0.923558897243108,0.9592105263157896,0.11639078,0.12198232,0.12695022,0.082356036,0.060875755,-0.03906011,-0.03818908,0.3454347400662039,1.0,0.00909517,0.67112523,0.01355212,0.906000797448166,0.8946741854636592,0.18244374,0.18318625,0.111262694,0.11949555,0.1485917,-0.009435427,-0.022185344,0.0557541146955068,1.0,0.010818749,0.6348462,0.017041527,0.224812326586165,0.4099146320718674,0.1665848,0.14994326,0.005790299,-0.011198439,0.09552922,-0.10153403,-0.09925501,0.158251067122836,1.0,0.0059733926,0.33022454,0.01808888,0.0025448058149905,0.0053232626218659,0.035225507,0.026749955,0.04659745,0.06512699,0.07197676,0.029830473,0.0077724457,1.3938976749999998,0.9219535,2,2,2,2,0.2223107201671679,0.2896806253706971,0.1024969524273291,0.295582038561465,False,0.0,bambooasparagus,CLIPese,True,mature,0.6198750000000001,strong,True,orthographic_hard,45,0.6705926656723022
1775,maersk,high_maturity,1852,matters,0.7692308,0.3755357161337345,1.0,0.010749702,0.8279161,0.012984049,0.8856209769026884,0.9752321981424148,0.1578039,0.08068651,0.19025211,0.11950825,0.06670856,0.08559744,0.09531037,0.2031109222039567,1.0,0.009080244,0.79188854,0.011466568,0.8969722693831352,0.9474579305406372,0.2135644,0.10647933,0.15487067,0.15210555,0.16414773,0.11558991,0.11640397,-0.0120194430107138,1.0,0.010209213,0.7029341,0.014523713,0.2067143502335911,0.6601156407232258,0.17928667,0.08937824,0.072840445,0.07691437,0.13612548,0.10810398,0.11208141,0.0600221429510582,1.0,0.0036086198,0.16845246,0.021422185,0.0013190047793671,0.0015345315171633,0.037800092,0.026493791,0.056162685,0.079731524,0.12956592,0.09350544,0.111070685,1.150500625,0.9487466,2,2,2,2,0.1566623345695089,0.2151303652146705,0.072041585961772,0.0166483710359541,True,2.42,maersk,English,True,mature,0.7215750000000001,strong,True,orthographic_hard,46,0.41558825969696045
1852,matters,low_maturity_control,525,asters,0.7692308,0.4444844175798011,1.0,0.012468802,0.69619864,0.017909834,1.0,1.0,0.14074442,0.095048375,0.24978663,0.15366805,0.0016036215,-0.03827663,0.009970058,0.8270451897795341,1.0,0.009410125,0.73448765,0.012811822,0.9802631578947368,1.0,0.24250247,0.1588334,0.22452864,0.1797255,0.17571075,0.025552178,0.049279824,0.8374978398573845,1.0,0.011222139,0.7055916,0.015904581,1.0,0.962719298245614,0.23827608,0.14915101,0.097186275,0.092748046,0.1469869,0.013348345,0.024976805,0.5422268150285706,1.0,0.002864843,0.1410028,0.02031763,0.0225920125421077,0.0172588044174558,0.032937735,0.027114248,0.13182442,0.13784331,0.18796623,0.13465977,0.14825621,-2.17052605,0.9170204,1,1,1,1,0.6628135655613226,-0.0104526500778503,-0.2952710248288138,-7.976425912544107,True,4.72,matters,English,False,immature,0.888575,strong,True,orthographic_hard,47,0.631982684135437
916,anatomfingers,high_maturity,1003,anatomveins,0.75,0.2274175912172746,1.0,0.010499862,0.7194874,0.01459353,0.9215801156609614,0.9503405069651584,0.12145596,0.10861168,0.1854035,0.1576037,0.06448804,0.047415636,0.035882406,0.8039003767364267,1.0,0.008907272,0.7286393,0.012224528,0.9495880119915564,0.9737090836732664,0.21111403,0.19656402,0.16025056,0.1372639,0.12505308,0.02263147,0.017217083,0.8335147825873286,1.0,0.010636172,0.69245756,0.015360035,0.7838014640884371,0.8452515191189504,0.20268668,0.20099477,0.058195986,0.04365828,0.085549876,-0.042255715,-0.05167158,0.8701118619213755,1.0,0.005025726,0.3037931,0.016543252,0.0570996015042954,0.0230337575201291,0.032193232,0.034482423,0.08330866,0.10863596,0.11005395,0.12133717,0.11599476,1.304604125,0.9279863,2,2,2,2,0.6837361531156013,-0.0296144058509019,0.0365970793340468,0.4719931530793309,False,0.0,anatomfingers,CLIPese,True,mature,0.8562250000000001,strong,True,orthographic_hard,48,0.5916064977645874
1003,anatomveins,high_maturity,916,anatomfingers,0.75,0.2289641433697393,1.0,0.012009196,0.7595748,0.015810419,0.9158187134502924,0.9366059379217276,0.14194205,0.094714396,0.1370597,0.121928535,0.08449796,0.04106651,0.04249224,0.2707580421477086,1.0,0.0095894,0.74372774,0.012893697,0.9183367071524964,0.8874873617885193,0.20595653,0.15169185,0.12673214,0.10598459,0.1545828,0.006685973,0.026723858,0.4877728506777418,1.0,0.010924287,0.6645115,0.016439576,0.6942158992395676,0.7837397492696949,0.19695754,0.14946924,0.05740194,0.029883139,0.14107463,-0.018480768,-0.01615068,-0.3913324043759979,1.0,0.0048692957,0.26811108,0.018161487,0.0165654198433861,0.0055759037959462,0.02399991,0.0058298833,0.040386304,0.016238531,0.059781253,0.060353607,0.0543322,1.286048425,0.934721,2,2,2,2,0.1490406579547979,-0.2170148085300332,-0.8791052550537397,0.1537275640952355,False,0.0,anatomveins,CLIPese,True,mature,0.708325,strong,True,orthographic_hard,49,0.5916064977645874
536,cybermoss,high_maturity,302,cybermosaic,0.8,1.1913226891976905,1.0,0.011231944,0.7930725,0.014162568,1.0,1.0,0.18369344,0.14230798,0.07976621,0.067325056,-0.03773833,-0.16525416,-0.15503745,1.1549018794710777,1.0,0.009318344,0.78333426,0.011895745,1.0,1.0,0.26370457,0.1929774,0.034921624,0.07055492,0.06788091,-0.12664592,-0.110425845,0.7949448080461137,1.0,0.011113563,0.72360796,0.015358541,0.8378993409637454,0.9020467836257308,0.2349957,0.15279885,-0.025542848,-0.020517968,0.07203275,-0.14407283,-0.14594197,1.892924773235921,1.0,0.005605557,0.2917564,0.019213142,0.0065717173504703,0.0264859709138126,0.06941769,0.05412518,0.08598127,0.086278684,0.1406889,0.11127808,0.07628735,1.4421692,0.94498533,2,2,2,2,1.2585235374877008,0.359957071424964,1.0979799651898072,1.4079858756765409,False,0.0,cybermoss,CLIPese,True,mature,0.9663499999999999,strong,True,mature_readable,50,0.4262196123600006
527,bassoon,high_maturity,1066,bison,0.6666667,0.8902964315989597,1.0,0.010172829,0.77152216,0.0131854005,0.9802631578947368,0.9757085020242916,0.16123673,0.13836944,0.111894764,0.109762296,0.0087700905,0.0071608387,0.011475675,1.3033655564901994,1.0,0.008561439,0.7914184,0.010817842,0.9739702517162472,0.9747368421052632,0.26080802,0.23159511,0.08718657,0.110878065,0.12419345,0.005554406,-0.0017742598,1.2302544464786516,1.0,0.010180071,0.7099441,0.014339256,0.8645928517465914,0.9737099095394736,0.24575359,0.21485718,-0.015209278,-0.0067962874,0.038692914,-0.064000934,-0.07836397,1.066720564112703,1.0,0.0031852785,0.14702232,0.021665271,0.0036189423302881,0.0188116771074163,0.04403385,0.043559045,0.13148063,0.07169242,0.15689127,0.15888025,0.116444305,1.44797155,0.9391522,2,2,2,2,1.1226592496701284,0.0731111100115478,-0.1635338823659484,1.2547296095235816,True,2.53,bassoon,English,True,mature,0.9687,strong,True,mature_readable,51,0.4071372151374817
1637,trossachs,high_maturity,913,turbulmosaic,0.5714286,0.8822358081626448,1.0,0.010795898,0.8766948,0.012314317,0.9564612751390672,0.9748283752860412,0.16730545,0.13190947,0.19139239,0.1599713,0.08948763,-0.09551023,-0.046083417,0.968028913771784,1.0,0.008997425,0.8191702,0.010983585,0.9396159317211948,0.9742962056303548,0.23782517,0.1981012,0.17840312,0.19625136,0.1880536,-0.040728625,-0.02106273,0.7979682570587174,1.0,0.011071025,0.720572,0.0153642185,0.1797018321715989,0.7968167690426737,0.2322344,0.17078091,0.08964425,0.113937005,0.18362987,-0.021077022,0.005475278,0.1576108461656528,1.0,0.0036510148,0.18778718,0.019442301,0.0013881464971632,0.0015709303891473,0.03719549,0.032005917,0.14390826,0.1450836,0.15058032,0.12340666,0.096975006,1.17135265,0.956948,3,3,3,3,0.7014609562896997,0.1700606567130665,-0.6403574108930646,0.5402082971418449,True,1.92,trossachs,English,True,mature,0.934925,strong,True,mature_readable,52,0.3028865158557892
1394,homohuskies,high_maturity,353,confronhuskies,0.72,0.310609438651254,1.0,0.010353301,0.788155,0.013136122,0.9606341673856772,0.9606128808864264,0.13593636,0.10021358,0.12210071,0.11552355,0.06294525,-0.009956601,-0.0030274505,0.7849100295315545,1.0,0.00898415,0.77603596,0.011576977,0.9606685633001424,0.975877192982456,0.22878325,0.1756642,0.120168656,0.17026237,0.17057002,0.034343794,0.051820517,0.6693887093095101,1.0,0.010927871,0.70726156,0.015450961,0.2562214393591286,0.8468057576367024,0.20735289,0.16473463,0.083990335,0.11385371,0.15957329,0.036991164,0.031696007,0.3537360338027203,1.0,0.004834396,0.26799667,0.018039014,0.0009300257089991,0.0028483101136646,0.04879036,0.03132822,0.18925954,0.17745076,0.22135986,0.17211735,0.169597,1.20478515,0.92453504,2,2,2,2,0.5296610528237597,0.1155213202220444,-0.3156526755067898,0.0851773599559672,False,0.0,homohuskies,CLIPese,True,mature,0.9170499999999999,strong,True,mature_readable,53,0.2582264244556427
765,chocolateday,high_maturity,418,chocolate,0.85714287,0.7915080497329936,1.0,0.011181128,0.72387594,0.015446194,0.9671052631578948,0.986842105263158,0.15072645,0.1321433,0.20291612,0.19274212,-0.0067798477,-0.034089677,-0.033391174,1.2017913310105954,1.0,0.009377457,0.7712239,0.012159189,0.963157894736842,0.982456140350877,0.2594297,0.21263815,0.19355935,0.21042746,0.17115974,-0.0013357364,-0.001443414,1.6592121673899236,1.0,0.011550935,0.7746524,0.01491112,0.9126180836707152,0.9542498487598304,0.303788,0.24009205,0.05505316,0.06707254,0.10822011,-0.093228936,-0.08435887,1.2289314832535745,1.0,0.006093834,0.27885434,0.021853108,0.0296023680640819,0.0284560180521244,0.038083836,0.03914639,0.07186685,0.08642232,0.13123406,0.11737906,0.097869605,1.347082,0.93915176,2,2,2,2,1.2203607578467717,-0.4574208363793282,-0.4302806841363491,1.079938817056338,False,0.0,chocolateday,CLIPese,True,mature,0.95285,strong,True,mature_readable,54,0.5561658143997192
685,chamelepuzzle,high_maturity,175,christmapuzzles,0.64285713,0.9814457280597066,1.0,0.011159026,0.77312404,0.014433681,0.9741228070175438,0.9780701754385966,0.18368556,0.12651186,0.063737854,0.054415297,-0.035289112,-0.041339785,-0.060871337,0.8623945927841832,1.0,0.008956891,0.7715963,0.01160826,0.9738345864661656,0.9742690058479532,0.23624402,0.18212429,0.054765247,-0.016714891,0.00819293,-0.04706673,-0.076085195,0.2950630534106622,1.0,0.009904529,0.6281429,0.015767954,0.6081747967776354,0.8005360742777573,0.17887159,0.12886626,-0.00053807115,-0.042310625,0.028439248,-0.051974326,-0.09080868,1.0380766662080796,1.0,0.004555779,0.28722373,0.01586143,0.0051196989186592,0.0139038892821925,0.05285625,0.04429975,0.10715698,0.115872584,0.115535356,0.11737316,0.08598844,1.37888961,0.92679006,2,2,2,2,0.7942450101156578,0.567331539373521,0.7430136127974174,0.7084131360925012,False,0.0,chamelepuzzle,CLIPese,True,mature,0.9308999999999998,strong,True,mature_readable,55,0.2999812066555023
1696,outburger,high_maturity,1408,burberry,0.5882353,-0.2743759428847226,1.0,0.011804205,0.8197993,0.014398896,0.973753645327038,0.7202042620241733,0.18335518,0.085104845,0.1544489,0.09976792,-0.008815977,-0.09763284,-0.13329265,1.09136151150159,1.0,0.008772567,0.80413413,0.010909333,0.9605516926356392,0.9737153166604454,0.28246617,0.17637022,0.14420597,0.13625368,0.105292864,-0.0855833,-0.09652997,0.6423992406888227,1.0,0.00986159,0.70508003,0.013986483,0.4696889470311317,0.578355488342546,0.25160325,0.15164845,0.026955577,0.00037377886,0.056095883,-0.16222486,-0.16818878,2.549134679634646,1.0,0.00489645,0.25458705,0.01923291,0.02547394849836,0.037444992370934,0.07011809,0.06831151,0.10974479,0.11524572,0.14506216,0.0025827722,0.0013998081,1.1617183,0.9338248,2,2,2,2,1.002129872235084,0.4489622708127673,1.906735438945823,0.4214380415173238,False,0.0,outburger,CLIPese,True,mature,0.9305249999999998,strong,True,mature_readable,56,0.3460262715816498
1632,evanhalen,high_maturity,136,beachclean,0.6315789,1.4297568651732164,1.0,0.012694581,0.8418077,0.015080144,0.9614035087719298,0.9774436090225564,0.19258858,0.17146453,0.11129064,0.075768195,0.073408246,0.012571684,-0.0060079545,0.9611461335833212,1.0,0.0100920275,0.78673834,0.0128276795,0.986842105263158,1.0,0.22414313,0.19848096,0.062987216,0.028850203,0.09337658,-0.0038450044,-0.02727635,0.8311953855649825,1.0,0.011843554,0.7226251,0.016389625,0.7116603898337645,0.8554143455805506,0.20958371,0.1921055,0.005426054,-0.037569977,0.06587189,-0.036825493,-0.03587336,0.0316315533461492,1.0,0.0050942237,0.24739428,0.020591518,0.0016947873530508,0.0030020782093635,0.0135867065,0.040474765,0.05936884,0.05142108,0.10183941,0.07453841,0.05635346,1.1720389,0.94296354,2,2,2,2,0.8134324844169174,0.1299507480183387,-0.7995638322188333,0.4367480962620858,False,0.0,evanhalen,CLIPese,True,mature,0.9553,strong,True,mature_readable,57,0.3811393976211548
1079,waratahs,high_maturity,1483,caracas,0.6666667,1.1804782459800944,1.0,0.009978677,0.87394977,0.011417907,0.9642857142857142,0.986842105263158,0.20936242,0.12168475,0.17278433,0.14993186,0.08237333,0.08055377,0.07173274,0.874668175343412,1.0,0.008884906,0.85727024,0.010364183,0.95906432748538,0.9657894736842106,0.25720102,0.16803293,0.086501434,0.119077794,0.10377448,0.035436764,0.045002542,0.05613031627091,1.0,0.01069572,0.7242063,0.014768885,0.0317002192033004,0.4194713077819497,0.18776679,0.1270742,0.07869628,0.10512344,0.15271503,0.062933944,0.08566577,0.3617085802151187,1.0,0.0034064285,0.14381401,0.023686346,0.0008287449287599,0.0021651413584962,0.03404921,0.0440082,0.112343065,0.1549928,0.17963137,0.15005969,0.14235838,1.26825405,0.9222555,3,3,3,3,0.6182463294523838,0.818537859072502,0.3055782639442087,0.2669864055735366,True,2.32,waratahs,English,True,mature,0.924775,strong,True,mature_readable,58,0.33949732780456543
1747,gumblighthouse,high_maturity,984,birdhouse,0.6086956,1.2570355775553987,1.0,0.011001152,0.76031816,0.014469143,0.9486689697216012,0.9607005925409552,0.17536236,0.17457314,0.10495283,0.08694058,0.02790698,-0.048683055,-0.049316805,0.978269386189499,1.0,0.009091015,0.74681634,0.012173027,0.948272410876289,0.961168164313222,0.22364584,0.21913132,0.099577114,0.08505859,0.06818785,-0.020769287,-0.035901036,0.198179221171797,1.0,0.012167857,0.72817373,0.0167101,0.149349344504845,0.4011423022054523,0.17870706,0.16593537,0.02249825,-0.007987428,0.05225836,-0.053581703,-0.07329802,1.6997890879640456,1.0,0.006043672,0.31353483,0.01927592,0.0273647694436485,0.0321509484794269,0.06570681,0.036547177,0.042615794,0.06062664,0.09663886,0.039699644,-0.020225383,1.15528856,0.91781783,2,2,2,2,1.033318318220185,0.780090165017702,1.5016098667922486,0.2203218723990855,False,0.0,gumblighthouse,CLIPese,True,mature,0.8882500000000001,strong,True,mature_readable,59,0.3320772647857666
1717,cannabismuenady,high_maturity,691,cannabcarved,0.5925926,0.9268255541389688,1.0,0.011275971,0.7231634,0.015592563,0.9634502923976608,0.986842105263158,0.16376795,0.13561971,0.1254353,0.13894807,-0.008050587,-0.060784865,-0.033629347,1.139898555916085,1.0,0.009304158,0.71670413,0.012981868,0.9757085020242916,1.0,0.2588938,0.1950637,0.09669509,0.119504526,0.065260485,-0.11587954,-0.061839722,0.9245640907516788,1.0,0.011447184,0.6931113,0.01651565,0.5565366105506012,0.8027605779153767,0.24105656,0.18508354,0.007917061,0.017584367,0.04865905,-0.17554215,-0.13826369,-0.4967118342612728,0.8888889,0.0048037306,0.23356807,0.020566726,0.0021733026699181,0.0080629415209024,0.03780813,0.01782028,0.05355883,0.059460916,0.08547464,0.049739502,0.0044866544,1.15897665,0.8895631,3,3,3,3,0.6236440916363649,0.2153344651644062,-1.4212759250129516,-0.4125620073464454,False,0.0,cannabismuenady,CLIPese,True,mature,0.9042250000000001,strong,True,mature_readable,60,0.35861441493034363
401,broccrayon,high_maturity,591,chromocrayon,0.72727275,0.8957581289111628,1.0,0.011210136,0.77532226,0.01445868,0.9737113402061855,0.973753100027556,0.17464648,0.1268666,0.17422561,0.08903212,-0.047635984,-0.034000885,-0.057923906,1.3415027611571235,1.0,0.009372526,0.7832279,0.011966537,0.973726383265857,0.9737376979032948,0.27630547,0.22363251,0.13622555,0.09179832,-0.04280453,-0.008877667,-0.038413532,0.8178627079056032,1.0,0.01061037,0.65241545,0.016263211,0.5806507690795617,0.9199792041453329,0.21526957,0.17481136,0.032274995,0.03053632,-0.03679984,-0.018936932,-0.017148163,1.0403151122390863,1.0,0.004728744,0.25146237,0.018804977,0.0051124387421232,0.0078771035480005,0.061176702,0.04905497,0.07487014,0.084934734,0.08584413,0.11247893,0.085119724,1.515556525,0.9374313,2,2,2,2,1.023859677553244,0.5236400532515203,0.2224524043334831,1.3270634115699116,False,0.0,broccrayon,CLIPese,True,mature,0.95375,strong,True,mature_readable,61,0.34103572368621826
1189,capacitors,high_maturity,665,caicos,0.625,0.6094566926717822,1.0,0.011268736,0.80978703,0.0139156785,0.9740890688259112,0.9763157894736842,0.12693414,0.1378988,0.10418909,0.097472414,0.10989284,0.018599777,0.026305407,0.9271836755858712,1.0,0.00912445,0.8141897,0.011206787,0.951935874168179,0.9738620199146516,0.2067907,0.22101684,0.09152096,0.085944675,0.16912054,0.031386282,0.052912228,0.8226007271105833,1.0,0.011211537,0.7182989,0.015608456,0.749482889201225,0.8690060166615048,0.19754675,0.2008667,0.024390943,-0.0050829044,0.11227202,0.011363513,0.0018870845,0.2708542138707363,1.0,0.0047081807,0.27497083,0.017122474,0.0018461910038609,0.0028724842547578,0.03573523,0.036700007,0.04515049,0.036082342,0.09423478,0.16598268,0.15307792,1.241861575,0.93352216,2,2,2,2,0.6575238273097432,0.1045829484752879,-0.5517465132398469,0.3761051906424201,True,3.0,capacitors,English,True,mature,0.926175,strong,True,mature_readable,62,0.3192765414714813
1426,sriracha,high_maturity,1363,secursriracha,0.7619048,0.785100549405944,1.0,0.010977801,0.73033875,0.015031109,0.8885708410388361,0.936886259272342,0.1770685,0.12674883,0.1738632,0.15107274,0.034799527,0.0054009072,-0.051202647,1.111497240710686,1.0,0.009226758,0.775034,0.011904972,0.9610323886639676,0.9742441209406496,0.26038972,0.20044243,0.12597196,0.13832326,0.036220364,-0.039477497,-0.07871054,0.9289971839165158,1.0,0.010339397,0.6830908,0.015136197,0.7542321296551696,0.824592781455516,0.24767713,0.17614572,0.0122421,0.022042017,-0.009667474,-0.052434657,-0.08215147,0.0715845169655992,1.0,0.0039596963,0.19799943,0.019998522,0.0017915131596544,0.0029896283771316,0.034879975,0.026663162,0.090078115,0.12414583,0.020716552,0.104794666,0.08427655,1.1997339500000002,0.93076926,1,1,1,1,0.7242948727496863,0.1825000567941702,-0.8574126669509166,0.2850877840659868,True,2.72,sriracha,English,True,mature,0.9437750000000001,strong,True,mature_readable,63,0.3129006326198578
1635,renko,high_maturity,1848,weren,0.6,0.9755358387815062,1.0,0.009488347,0.83957106,0.0113014225,0.9501008267795926,0.9802631578947368,0.19155943,0.117279805,0.21375059,0.17541777,0.05465767,0.12885453,0.1189669,1.1418651191766416,1.0,0.007803649,0.8012031,0.009739914,0.9493903197710588,0.982456140350877,0.28974006,0.17391832,0.20129317,0.20673516,0.18421838,0.13326505,0.13451093,0.6805880176044588,1.0,0.009179375,0.65577257,0.0139978025,0.1248599506272859,0.87156147789849,0.2442824,0.12575132,0.16230932,0.17386971,0.254766,0.1601714,0.13245615,0.2117654689126051,1.0,0.0039323983,0.21809813,0.018030407,0.0014488411811928,0.0083839571032073,0.034611374,0.024503127,0.09904223,0.10555248,0.15423931,0.14026424,0.120647974,1.171725515,0.948788,2,2,2,2,0.752438611118803,0.4612771015721828,-0.4688225486918537,0.4700787916623564,True,1.87,renko,English,True,mature,0.936525,strong,True,mature_readable,64,0.35040366649627686
1659,candel,high_maturity,1423,candelabra,0.75,0.7686331097704482,1.0,0.012556715,0.8758565,0.0143364975,1.0,1.0,0.16517754,0.109959126,0.19105867,0.19385658,0.051110536,0.062436625,0.04174124,0.7688059025175734,1.0,0.009653102,0.87173253,0.011073467,0.9751461988304094,0.9789473684210528,0.234958,0.16576001,0.15229295,0.21520881,0.22829933,0.094399914,0.08110303,0.8211166189514078,1.0,0.011108914,0.7747421,0.014338854,0.8893444606361915,0.91459495512976,0.23488979,0.1561558,0.08132783,0.098528855,0.20233041,0.034116548,0.05268488,2.824576870837464,1.0,0.0059543625,0.33161408,0.017955698,0.0448528502544285,0.0705199174364065,0.044589277,0.042261563,0.02476653,0.030950302,0.07503835,0.050350353,0.03549159,1.168660125,0.93645763,2,2,2,2,1.2957831255192234,-0.0523107164338343,2.003460251886056,0.6702869577206908,True,1.24,candel,English,True,mature,0.947175,strong,True,mature_readable,65,0.47820061445236206
1402,shoebaseball,high_maturity,1674,abasketball,0.6956522,0.784964268348844,1.0,0.011981653,0.7629415,0.01570455,0.9649122807017544,1.0,0.16229336,0.11468995,0.04505164,0.05218017,0.04919774,-0.1907558,-0.17800307,0.8552828157360695,1.0,0.009170374,0.7270579,0.01261299,0.969298245614035,1.0,0.2341409,0.17145318,0.039309084,0.023904514,0.059676588,-0.21959592,-0.20233104,0.6619796009233422,1.0,0.01139371,0.69849247,0.016311858,0.8020886102372714,0.8603347548713682,0.20712928,0.16167511,-0.068652496,-0.088992104,-0.012441717,-0.23932116,-0.22919631,1.269653113428444,1.0,0.0052090436,0.30662298,0.016988432,0.0274802449442906,0.0292665425164332,0.03513047,0.042033922,0.046861567,0.065186195,0.13418162,0.0045483587,0.017202338,1.2034331749999998,0.9215028,2,2,2,2,0.8929699496091749,0.1933032148127272,0.6076735125051017,0.2880641555919475,False,0.0,shoebaseball,CLIPese,True,mature,0.883125,strong,True,mature_readable,66,0.3591258227825165
1162,jurassicmonitor,high_maturity,1326,jurassicsculpt,0.62068963,0.9399473703105428,1.0,0.013397278,0.7206882,0.018589562,0.9485325220165036,0.9517938991623202,0.16204518,0.15346795,0.071234144,0.03189152,-0.05312916,-0.18174991,-0.16278584,1.0219910172062172,1.0,0.010276065,0.7435991,0.013819362,0.9485403450839536,0.954001516136019,0.2436124,0.21060188,0.001009807,-0.014251163,-0.016587442,-0.19210264,-0.17767249,0.8032541979628808,1.0,0.012913466,0.7545727,0.017113615,0.6613028758921982,0.8337067997879438,0.21667302,0.18255459,-0.032894835,-0.053356886,-0.004304046,-0.1826221,-0.17531335,-0.5903941011737901,0.8888889,0.006116074,0.31756848,0.019259071,0.002088375875747,0.0013572183715267,0.040823862,0.022730717,0.048283897,0.08268419,0.09568707,0.10990795,0.07971931,1.247868185,0.9449019,2,2,2,2,0.5436996210764626,0.2187368192433364,-1.3936482991366708,0.4606292052432857,False,0.0,jurassicmonitor,CLIPese,True,mature,0.885475,strong,True,mature_readable,67,0.37712642550468445
1329,ularhino,high_maturity,1779,bulgarian,0.7058824,1.3227853439489612,1.0,0.0095045,0.76229507,0.012468269,0.9254961238322672,0.9474549412969632,0.21244101,0.15205923,0.15541327,0.056934286,0.056034565,0.0030689193,0.018788397,1.2142295365055242,1.0,0.008687512,0.7745427,0.011216312,0.9474586195945096,0.9476617519426012,0.28037405,0.21033846,0.11693244,0.07209919,0.07122995,0.011448963,0.022288369,0.7480022265927488,1.0,0.009246518,0.62421376,0.014813064,0.4234579901964181,0.8265706739159754,0.22743195,0.16203333,0.026939753,-0.0072479686,0.050228324,0.02699804,-0.021829078,0.0465536391331528,1.0,0.0034478733,0.14920707,0.023107976,0.0031142263660104,0.0040235787638247,0.028642975,0.028151585,0.13953932,0.10401594,0.13817273,0.116621815,0.08314738,1.216335335,0.9415167,3,3,3,3,0.8328926865450967,0.4662273099127754,-0.701448587459596,0.5368951879674796,False,0.0,ularhino,CLIPese,True,mature,0.90235,strong,True,mature_readable,68,0.2914106845855713
1500,lagunitas,high_maturity,593,bantams,0.625,0.7032078590789983,1.0,0.01057694,0.75625634,0.013985919,0.9737462760675272,0.9738119570771592,0.14376883,0.13380964,0.098419204,0.07668349,-0.045363225,0.06495837,0.05133808,0.6678346856899902,1.0,0.009025569,0.76962155,0.011727282,0.97376493380691,0.9738947368421051,0.20557746,0.17921107,0.07744962,0.087619565,0.070043,0.036767684,0.025607344,0.5425543828556256,1.0,0.01088838,0.69127494,0.015751157,0.6619063152269331,0.7712452945437772,0.20546964,0.15295637,0.0023906035,0.014428105,0.10239913,-0.007924874,-0.012111619,-0.3779604349584732,1.0,0.003747799,0.17377315,0.021567192,0.0009112793329369,0.0012006397849252,0.030766403,0.009355683,0.04699149,0.062169015,0.10393247,0.07176926,0.0497625,1.190920625,0.9497204,2,2,2,2,0.3839091231665352,0.1252803028343645,-0.9205148178140988,0.2791131739453828,True,1.91,lagunitas,English,True,mature,0.8967499999999999,strong,True,mature_readable,69,0.32190054655075073
1435,acoyotes,high_maturity,1060,macedcoyote,0.7368421,0.8210681925186398,1.0,0.0109447,0.7456695,0.014677682,0.9747368421052632,0.9740350877192984,0.18709859,0.105826944,0.11619855,0.05697178,-0.07533521,-0.057685316,-0.085975505,0.992446934646514,1.0,0.00847083,0.7512197,0.011276102,0.9739150507848569,0.9741302408563782,0.27400437,0.16784565,0.074556515,0.08973787,-0.04484413,-0.014100631,-0.035648633,1.0161033006532454,1.0,0.010331747,0.6813789,0.015162998,0.8886347965984832,0.9299399815327792,0.2566235,0.16901456,-0.06803054,-0.061555296,-0.08864555,-0.06662473,-0.113937266,0.6446469538006236,1.0,0.0051021925,0.33495525,0.015232461,0.0012810227858513,0.00328042318366,0.062505536,0.03556577,0.051484875,0.0677429,-0.053638466,0.1253276,0.099923156,1.1982625674999998,0.9216929,2,2,2,2,0.8685663454047557,-0.0236563660067313,-0.3714563468526217,0.26170556888575,False,0.0,acoyotes,CLIPese,True,mature,0.909225,strong,True,mature_readable,70,0.4032434821128845
1614,wazwaldo,high_maturity,1407,losswaldo,0.5882353,0.9424553862926016,1.0,0.010373229,0.74431187,0.0139366705,0.8427225384333108,0.891556196481674,0.20307797,0.13921627,0.13855307,0.117685124,0.04114842,0.059358194,0.026638947,0.8763862061546818,1.0,0.008289037,0.75937647,0.010915584,0.93953216374269,0.95281059792338,0.26137993,0.17014359,0.02534591,0.08488335,0.034004655,0.010597009,0.024357224,0.752487456185545,1.0,0.010638344,0.7000317,0.015196946,0.6709966216235828,0.8405354775342969,0.22464143,0.1638,-0.037518423,0.0018503112,0.017320614,-0.041173786,-0.017984344,0.4567212992591376,1.0,0.004635139,0.25485602,0.018187284,0.001646108941035,0.0016729998373293,0.04755451,0.039780203,0.11186306,0.12290841,0.13840534,0.1407093,0.09898858,1.174194675,0.9392555,2,2,2,2,0.7570125869729916,0.1238987499691367,-0.2957661569264074,0.3558870370132733,False,0.0,wazwaldo,CLIPese,True,mature,0.8633,strong,True,mature_readable,71,0.4018896222114563
1318,cumbrisheep,high_maturity,1023,chromobishue,0.6086956,0.7949286500518032,1.0,0.011892177,0.7785282,0.015275204,0.9737755847953216,0.9739110707803992,0.16651289,0.12267843,0.069606744,-0.010137217,-0.03828094,-0.13001075,-0.15239352,0.7843856413308904,1.0,0.009269847,0.74220145,0.012489663,0.9737625313283208,0.9738762965808682,0.21966663,0.18513244,0.043950997,0.0152813345,-0.040776946,-0.12091714,-0.13719499,0.4819703757195989,1.0,0.011175315,0.68920785,0.016214725,0.6520780659061893,0.8872291969165409,0.1834432,0.14780785,-0.03190357,-0.0787564,-0.07702363,-0.17300536,-0.1679287,0.8500027303728985,1.0,0.006779618,0.32471374,0.020878753,0.0051894795618696,0.0291311680372365,0.036491334,0.019219693,0.020000324,0.04235401,-0.00823919,0.04684192,0.018237911,1.21819375,0.9196724,2,2,2,2,0.7278218493687978,0.3024152656112915,0.3680323546532996,0.1881335987456772,False,0.0,cumbrisheep,CLIPese,True,mature,0.893725,strong,True,mature_readable,72,0.35305437445640564
1443,celery,high_maturity,1624,bcbeer,0.6666667,0.6516103691215063,1.0,0.0110701155,0.742915,0.014900918,0.9737842705623374,0.9737138788346288,0.17456484,0.09793448,0.20279744,0.16709957,0.10885812,-0.005227263,-0.04796622,0.8419622234304796,1.0,0.009191918,0.7616236,0.012068846,0.9737056054771074,0.9737003948986857,0.24687797,0.16889195,0.12002136,0.12676696,0.15440795,0.0054344134,-0.00026177848,0.9439329298276108,1.0,0.011417964,0.75184286,0.015186636,0.8758982287853927,0.939490499411468,0.250887,0.15978873,0.028595952,0.018913405,0.108385295,-0.01682536,-0.02843726,2.737636018440272,1.0,0.004351243,0.2251227,0.019328317,0.0545971469982537,0.068038477276521,0.05807951,0.03207438,0.121831894,0.10731058,0.20707561,0.22369516,0.19239277,1.197554225,0.9130191,1,1,1,1,1.2937853852049672,-0.1019707063971312,1.7937030886126617,0.4350316625626905,True,3.32,celery,English,True,mature,0.8980750000000001,strong,True,mature_readable,73,0.39700254797935486
1419,biopcattle,high_maturity,1719,bhopal,0.625,0.099525209706866,1.0,0.011405551,0.81398034,0.014012071,0.9737234878240376,0.9430065107925208,0.12969434,0.08849894,0.17783369,0.14795238,0.0725546,-0.024272524,-0.0074094147,0.598663956191696,1.0,0.009425329,0.7952511,0.011852017,0.9737030478845649,0.9736990782039846,0.20528659,0.1681213,0.14527702,0.15104154,0.17687257,-0.0072919778,-0.0008670874,0.6608772512542582,1.0,0.010887179,0.70799613,0.015377455,0.7154416801604077,0.8653046758778936,0.20260394,0.16539408,0.041538507,0.03494851,0.12834796,-0.065496914,-0.0650655,0.2536776890417649,1.0,0.00369866,0.18300834,0.020210335,0.0018857186265622,0.0033916807321678,0.040751066,0.03110902,0.069216564,0.12259404,0.17416005,0.1859073,0.15588647,1.2010119825,0.90071136,2,2,2,2,0.4031860265486462,-0.0622132950625622,-0.4071995622124933,-0.317050168511721,False,0.0,biopcattle,CLIPese,True,mature,0.88685,strong,True,mature_readable,74,0.3683285713195801
374,bathmat,high_maturity,602,bahamas,0.71428573,0.9323911595423474,1.0,0.011054449,0.7766081,0.014234269,0.9310000790263948,0.9254969463570234,0.17785075,0.14825578,0.19583172,0.14257059,0.10341573,-0.00023692008,-0.048576854,1.256994505444399,1.0,0.009159002,0.78264374,0.011702646,0.9408336276933944,0.9474003576903424,0.2589526,0.2378883,0.15689155,0.14690268,0.14651605,0.027803037,-0.005756177,1.036325056452952,1.0,0.010972874,0.7159056,0.015327264,0.7159937814485252,0.8176190138768629,0.23299862,0.2125487,0.05793292,0.07271427,0.12945573,0.00671912,-0.022094864,1.4786429842459732,0.8888889,0.00605557,0.29373884,0.02061549,0.0336582785335467,0.0425824735062012,0.049788225,0.050380185,0.11248929,0.1122903,0.14388318,0.10862836,0.07397175,1.53175915,0.9281099,2,2,2,2,1.176088426421418,0.2206694489914469,0.4423179277930211,1.348062397536559,True,1.55,bathmat,English,True,mature,0.900375,strong,True,mature_readable,75,0.3418566882610321
549,chedserver,high_maturity,1964,chered,0.625,1.0910951709317669,1.0,0.01230397,0.83124644,0.014801832,0.9738113399440632,0.973823447507658,0.2059972,0.119743496,0.095099,0.056746107,-0.01572838,-0.05948262,-0.09707672,0.8502939306771741,1.0,0.009516844,0.811637,0.011725493,0.9737155761871904,0.9737386945624932,0.26757002,0.15059547,0.077710286,0.0660923,0.04683226,-0.040969107,-0.06594239,0.5926199880082748,1.0,0.010873594,0.69257414,0.01570026,0.8246898858969484,0.8750384733764235,0.23389673,0.11910079,-0.032100078,-0.04368513,0.040862396,-0.107216656,-0.13172127,0.1773562383195839,1.0,0.0052254475,0.28714785,0.01819776,0.0017472284925676,0.003100143725298,0.046586424,0.023259902,0.026090983,0.023131035,0.036719657,-0.02733988,-0.026605774,1.435854975,0.93686455,2,2,2,2,0.6778413319841998,0.2576739426688993,-0.4152637496886908,0.8959314491770934,False,0.0,chedserver,CLIPese,True,mature,0.908525,strong,True,mature_readable,76,0.5414659380912781
1530,coastpath,high_maturity,33,catpixelart,0.6,0.9400306393128944,1.0,0.010187309,0.7667537,0.013286287,1.0,1.0,0.17746818,0.11845132,0.17489222,0.09822866,0.061401363,0.012468659,0.0036811035,0.9040797351176892,1.0,0.008741616,0.7634054,0.011450818,0.9475823705605476,0.982456140350877,0.2496865,0.17259888,0.15260181,0.13859543,0.106221,0.047830865,0.025608629,0.6883149522008215,1.0,0.010295484,0.68347573,0.015063424,0.5920287895929781,0.9050694919115972,0.23012418,0.13702719,0.010473868,0.014950205,0.030671518,-0.034398112,-0.060493223,1.172128445004976,1.0,0.0041556535,0.2076113,0.02001651,0.0144874537800632,0.0303341736282394,0.035807703,0.0344808,0.08484085,0.108032756,0.08912008,0.11979698,0.108401865,1.186454025,0.91196036,2,2,2,2,0.9261384429090952,0.2157647829168677,0.4838134928041545,0.1466410524134885,False,0.0,coastpath,CLIPese,True,mature,0.9041499999999999,strong,True,mature_readable,77,0.3761065900325775
1052,owlmoths,high_maturity,1804,followthe,0.5882353,0.2656859788256413,1.0,0.009644566,0.7232192,0.013335605,0.9607769423558898,0.9745331069609507,0.12542215,0.09923282,0.121835,0.1035807,-0.09749844,-0.0524067,-0.040398993,0.832717365811262,1.0,0.0078992415,0.73013616,0.0108188605,0.9605886754801696,0.9744360902255638,0.22206812,0.19060376,0.042966932,0.069079556,0.002090687,-0.086240076,-0.059627242,0.8509575753140102,1.0,0.010409425,0.70349103,0.014796813,0.6981584178845885,0.8030869560264297,0.2228242,0.18961458,-0.029788949,-0.03268545,-0.00090806186,-0.08781066,-0.07134486,-0.2898403790270587,1.0,0.0042570573,0.21417545,0.019876495,0.0009874899971073,0.0016267423605597,0.030322984,0.013547471,-0.010052381,0.01254969,-0.008220716,0.022390753,0.028721206,1.274519825,0.92595595,2,2,2,2,0.4148801352309637,-0.0182402095027481,-1.140797954341069,0.192447066858908,False,0.0,owlmoths,CLIPese,True,mature,0.8834249999999999,strong,True,mature_readable,78,0.3739739954471588
1762,drakebeagle,high_maturity,1115,croeagle,0.6315789,1.2600117163416868,1.0,0.011880458,0.7619082,0.015593031,0.9474342379670952,0.9474532136595044,0.18006392,0.17590712,0.14786296,0.1681957,0.08381804,-0.03779102,-0.03337666,1.038524846051439,1.0,0.009340441,0.7296409,0.012801422,0.9475011908044824,0.9478573042047176,0.23333171,0.22585106,0.10445426,0.121789,0.14106372,-0.05703635,-0.05531818,0.537709474475602,1.0,0.011193866,0.6634714,0.016871663,0.2295687999977403,0.6372898201220903,0.18415017,0.19235925,0.017671043,0.0017123055,0.10778659,-0.06433109,-0.079077646,-0.3229371992366855,1.0,0.0044150166,0.18390568,0.024006963,0.0008377939088284,0.0043279722126552,0.006940741,0.024435664,0.10158827,0.10629502,0.13740389,0.117341846,0.08687537,1.1522194675,0.9423256,2,2,2,2,0.6283272094080106,0.5008153715758369,-0.8606466737122875,0.2562340172908899,False,0.0,drakebeagle,CLIPese,True,mature,0.8579249999999999,strong,True,mature_readable,79,0.3653329312801361
1261,bunbund,high_maturity,1244,bunnic,0.61538464,0.2356894193199232,1.0,0.008603636,0.78744614,0.010926,0.9614337568058076,0.941315789473684,0.17286554,0.063644245,0.16758296,0.16435397,0.028252413,0.11398917,0.036720965,0.8984373358073834,1.0,0.007729796,0.83884144,0.009214848,0.9738507661558962,0.9738437001594896,0.2810684,0.14569585,0.1478924,0.17372777,0.09355413,0.11824083,0.08354981,0.4205455761304977,1.0,0.009370855,0.6856668,0.013666777,0.6901922144069852,0.9035566188197766,0.2183657,0.09819871,0.009871727,0.053435832,0.08842739,0.071025565,0.047502138,1.0418221922379782,1.0,0.0042754393,0.22997819,0.01859063,0.0334099055295716,0.0323685984016245,0.037861206,0.022433564,0.045486078,0.053842027,0.0887872,0.19533217,0.15003356,1.2279501,0.947943,2,2,2,2,0.6491236308739456,0.4778917596768857,0.6212766161074805,0.5235727314365022,False,0.0,bunbund,CLIPese,True,mature,0.9156249999999999,strong,True,mature_readable,80,0.5636618733406067
671,babystartups,high_maturity,642,bambooasparagus,0.5925926,0.7946631172960505,1.0,0.01197842,0.70832515,0.016910907,1.0,0.986842105263158,0.15036118,0.13287166,0.11296369,0.14067358,0.110212535,0.00021636114,-0.0138765555,0.9216675681649028,1.0,0.009955364,0.72452104,0.013740614,0.9747368421052632,0.9618421052631578,0.23192285,0.20159426,0.07971612,0.14770208,0.23627299,0.010957981,-0.012831881,1.028913423588944,1.0,0.011973951,0.7187745,0.016658843,0.910151437916826,0.8888320518643615,0.2358127,0.19839211,0.009942695,0.040737055,0.18681502,-0.044671454,-0.0758937,1.7701456101257935,1.0,0.0045392774,0.21861096,0.020764181,0.0341856666167898,0.0311892624392475,0.05701092,0.04848231,0.114797056,0.13790353,0.14168718,0.17800596,0.1874075,1.3859768849999998,0.9314718,2,2,2,2,1.1288474297939228,-0.1072458554240413,0.7412321865368494,1.0117310934850077,False,0.0,babystartups,CLIPese,True,mature,0.8845500000000002,strong,True,mature_readable,81,0.6137772798538208
687,acopter,high_maturity,1435,acoyotes,0.6666667,0.2607033690726265,1.0,0.0106724985,0.74948615,0.0142397545,1.0,0.986842105263158,0.123142645,0.09570952,0.044421278,0.0026862232,-0.06805952,-0.11471332,-0.10940188,0.6825577431090041,1.0,0.008289524,0.7384704,0.011225264,0.976608187134503,0.9789473684210528,0.20043123,0.18428172,0.0053161466,-0.0701805,-0.035510637,-0.14979078,-0.15240927,0.5876989732035198,1.0,0.0098273065,0.6852695,0.014340791,0.7668346280844244,0.897855214960478,0.18481722,0.16508476,-0.116692275,-0.16692384,-0.12981789,-0.2288819,-0.24681205,0.3324011451834292,1.0,0.0039325436,0.21797708,0.018041087,0.0009983688029028,0.0056227547239059,0.03465446,0.03578374,0.031514198,0.100551516,0.1423902,0.05707228,0.039705135,1.37770915,0.91265494,3,3,3,3,0.4658403076421449,0.0948587699054842,-0.2552978280200906,0.3012252216606158,False,0.0,acopter,CLIPese,True,mature,0.881425,strong,True,mature_readable,82,0.4620462656021118
1133,bonemacht,high_maturity,1080,bearcat,0.625,0.7926832930059656,1.0,0.009915688,0.7031867,0.014101075,0.9307017543859648,0.9789473684210528,0.14100315,0.14497972,0.037783112,0.008962207,-0.07278415,-0.14955801,-0.10503653,1.1384687428559217,1.0,0.008110272,0.7454566,0.010879603,0.95,0.986842105263158,0.22078808,0.23690656,-0.008754024,0.004698939,-0.0445821,-0.17603357,-0.121369004,0.8521900468483598,1.0,0.010077833,0.67933154,0.014834926,0.4398623708267803,0.8783849745331068,0.18958186,0.21333438,-0.08073932,-0.08524407,-0.029755645,-0.15635718,-0.12989452,0.3610859124037338,1.0,0.004520308,0.2902312,0.015574853,0.0038988010932773,0.0076304641481994,0.036169317,0.03253789,-0.117149115,-0.08896182,-0.057672553,-0.15686002,-0.11059403,1.254885815,0.92523956,2,2,2,2,0.7861069987784952,0.2862786960075619,-0.491104134444626,0.386977647547658,False,0.0,bonemacht,CLIPese,True,mature,0.9113249999999999,strong,True,mature_readable,83,0.41566574573516846
272,autismacaffeine,high_maturity,160,autismawarenessday,0.6666667,0.7428524955724469,1.0,0.0123310825,0.7533033,0.016369347,0.9562014083933732,0.9737373737373738,0.14944725,0.13306287,0.026930343,-0.004365512,-0.08891217,-0.18629527,-0.16410886,0.9402024111055672,1.0,0.00950208,0.7197185,0.013202495,0.9503550543024226,0.9737212750185322,0.2243768,0.20652731,0.008054181,0.053944517,0.023755807,-0.10750581,-0.1031933,0.7847336934953131,1.0,0.011368372,0.7009422,0.0162187,0.8870079682637393,0.8800563026027282,0.20882766,0.18060523,-0.060079075,-0.07062404,-0.04303942,-0.11952311,-0.14741951,-0.8545771954969716,0.8888889,0.0044726226,0.20032221,0.022327144,0.0025035320545551,0.0016715696129094,0.03023938,0.016208908,0.07032438,0.109912954,0.13606064,0.16458747,0.12575188,1.63258005,0.92627454,4,4,4,4,0.403302851169089,0.1554687176102541,-1.6393108889922847,1.0431755166879308,False,0.0,autismacaffeine,CLIPese,True,mature,0.864475,strong,True,mature_readable,84,0.2789500951766968
1412,aerobteens,high_maturity,1983,agrees,0.625,1.2091307855546107,1.0,0.012207042,0.8039699,0.015183456,0.9561403508771928,0.9561403508771932,0.21075065,0.13655762,0.05059898,0.06378428,0.018192973,0.008791194,-0.051217332,0.9010419082733252,1.0,0.00933286,0.7617114,0.012252488,0.9657894736842106,0.9397243107769424,0.25948313,0.18187268,0.017025255,0.08535077,0.07097685,-0.009715238,-0.03434256,0.553405369564525,1.0,0.010944062,0.67507416,0.016211644,0.8175811260176585,0.5138649298832365,0.21576937,0.18019423,-0.06693383,-0.015361337,0.042966668,-0.07861296,-0.082438566,-0.2259586690324786,1.0,0.003723255,0.14122051,0.026364831,0.005908531441073,0.0040507613688501,0.023094693,0.017941687,0.018900681,0.07963597,0.084540136,0.029170254,0.008144513,1.201642175,0.91755766,2,2,2,2,0.6094048485899956,0.3476365387088002,-0.7793640385970036,0.0413609501621217,False,0.0,aerobteens,CLIPese,True,mature,0.8855000000000001,strong,True,mature_readable,85,0.3540535867214203
1112,pugrobots,high_maturity,1151,squidgroot,0.6315789,0.8870330679760827,1.0,0.009978602,0.8025587,0.012433485,0.9517543859649124,0.95,0.19100003,0.11992423,0.14106323,0.09056284,-0.02119217,-0.028569564,-0.027356386,1.387611811991366,1.0,0.008421178,0.8014612,0.010507281,0.920906432748538,0.9620743034055728,0.29867625,0.21522248,0.111545846,0.12133399,0.052407272,0.015807848,0.033014584,0.753397077941638,1.0,0.010012367,0.67835295,0.014759819,0.2286935178505359,0.7670329163189888,0.24012578,0.15836139,0.06339243,0.041165706,0.057935458,0.011707136,0.0077863,1.1371838124677005,1.0,0.004725526,0.2617664,0.018052455,0.0008483030837575,0.0041215607569769,0.06915318,0.054943606,0.14220296,0.13009675,0.12046694,0.21283197,0.18023671,1.2592540250000002,0.93911594,3,3,3,3,1.041306442594197,0.6342147340497281,0.3837867345260625,0.7490035325602037,False,0.0,pugrobots,CLIPese,True,mature,0.908725,strong,True,mature_readable,86,0.3285195529460907
1020,sonnybrushing,high_maturity,655,ornisphinx,0.5217391,1.722035859964521,1.0,0.010105559,0.7163276,0.014107454,0.9483801117001136,1.0,0.19655661,0.19296658,0.114878915,0.07998256,0.02880154,-0.08475182,-0.08506705,1.1219725870258972,1.0,0.008702663,0.72588885,0.011988974,0.9489786529260216,0.9789473684210528,0.23151626,0.22750837,0.10282801,0.10711327,0.10780406,-0.0868942,-0.09244253,0.8233063176062552,1.0,0.010888094,0.71284544,0.01527413,0.1127423480919722,0.7757910329336795,0.20679866,0.20448203,0.058787465,0.0496983,0.12217958,-0.06347251,-0.07484551,0.2467017807382921,1.0,0.0055939723,0.29656062,0.018862829,0.0005441355227381,0.0007812999759419,0.044486284,0.03265305,0.14293514,0.10662271,0.15484862,0.11896704,0.09372312,1.28075825,0.9308253,2,2,2,2,0.9785041363337412,0.298666269419642,-0.5766045368679631,0.650790904004769,False,0.0,sonnybrushing,CLIPese,True,mature,0.8930750000000001,strong,True,mature_readable,87,0.3053732216358185
1699,breweries,high_maturity,649,berries,0.75,0.1667588653659646,1.0,0.010298264,0.690685,0.014910219,0.926369168356998,0.9539896088535946,0.1181561,0.10306854,0.15380459,0.12103642,0.009729002,-0.1139126,-0.12546071,0.8912976418119685,1.0,0.009183145,0.7702785,0.01192185,0.9473932238702316,0.973700803079578,0.22295588,0.19978862,0.13927485,0.18323493,0.14979361,-0.10016615,-0.06333013,1.182657156105152,1.0,0.011747104,0.77992195,0.015061897,0.816363883956376,0.8920099394512412,0.23727387,0.22576442,0.05583419,0.058463346,0.12783049,-0.14565776,-0.12304763,0.377851038765032,1.0,0.0042313947,0.22862451,0.018508054,0.0012655052042869,0.0028803557345022,0.046078853,0.03456582,0.04834842,0.02930617,0.082352445,0.039608672,0.056930564,1.16104595,0.92984027,1,1,1,1,0.6546411755120292,-0.2913595142931835,-0.80480611734012,0.1337363079649092,True,3.27,breweries,English,True,mature,0.897,strong,True,mature_readable,88,0.4955844283103943
622,bayleywwe,high_maturity,394,ajlee,0.5714286,1.2427098462646708,1.0,0.0114305,0.8130504,0.014058785,0.951127819548872,0.986842105263158,0.18965796,0.148139,0.21740986,0.15515755,0.21589392,0.07667165,0.03368879,1.032412499674693,1.0,0.008942456,0.7790756,0.01147829,0.8895429362880887,0.986842105263158,0.24863085,0.19289276,0.2239593,0.18544239,0.2567322,0.093554206,0.078102216,1.0648855663812449,1.0,0.011123205,0.7140326,0.015578007,0.1548158635251127,0.8415130997254409,0.2542344,0.19300917,0.13850108,0.09037386,0.20500582,0.04821461,0.01724515,0.592389177127381,1.0,0.0054048616,0.27140012,0.019914735,0.0010694846721996,0.0068008740336901,0.053964306,0.03286642,0.15526955,0.22925662,0.2570567,0.19858086,0.16575684,1.398955375,0.94076663,3,3,3,3,0.9830992723619976,-0.0324730667065518,-0.4724963892538638,1.0643982808410883,False,0.0,bayleywwe,CLIPese,True,mature,0.8752000000000001,strong,True,mature_readable,89,0.40343308448791504
1798,axstv,high_maturity,1998,ative,0.6,0.2078322133178671,1.0,0.010675292,0.70309174,0.015183357,0.9534290271132376,0.9046992481203008,0.13247557,0.11466808,0.09261043,0.11118637,-0.020249601,-0.0544219,-0.027596341,0.8579670902805323,1.0,0.008881612,0.7287528,0.012187414,0.961168164313222,0.975563909774436,0.23450577,0.18246432,0.050939925,0.103990436,0.12471715,-0.100044034,-0.05577538,1.0389159120572882,1.0,0.010164455,0.66902053,0.015193039,0.8839668767989842,0.9118391033981222,0.24055755,0.1922671,-0.022872431,0.0342191,0.099989906,-0.13153592,-0.093927585,0.8535320590220616,1.0,0.004190059,0.16640222,0.025180306,0.0358445667757556,0.036282308654015,0.01232222,0.024599269,0.013806736,0.036993794,0.08307687,-0.0547246,0.010143213,1.146377275,0.94768375,2,2,2,2,0.7395618186694373,-0.1809488217767558,-0.1853838530352265,0.3866287712469857,False,0.0,axstv,CLIPese,True,mature,0.88885,strong,True,mature_readable,90,0.4777814745903015
689,berrys,high_maturity,649,berries,0.7692308,0.821351820122876,1.0,0.009884722,0.6917161,0.014290143,0.9671052631578948,0.9453748006379584,0.17160903,0.13279705,0.11358638,0.10702274,-0.078368664,0.011236238,-0.01009311,1.1966649375456244,1.0,0.008220714,0.7133436,0.011524199,0.9748803827751196,0.960902255639098,0.25969958,0.22115901,0.07119876,0.061315518,0.013469221,-0.020488828,-0.037110835,1.2340582933416313,1.0,0.00959418,0.6637576,0.014454342,0.8970017256255393,0.9167090431392492,0.25169232,0.21742377,-0.030273305,-0.044664644,-0.008555038,-0.08714108,-0.1126365,3.4517027996677374,1.0,0.005027455,0.29661804,0.016949255,0.0204181433132148,0.0451213200017895,0.09557755,0.08282802,0.10610503,0.16635582,0.1600927,0.1771566,0.13717607,1.3774511,0.931904,2,2,2,2,1.6759444626694673,-0.0373933557960068,2.2176445063261063,1.3663514879281076,True,1.54,berrys,English,True,mature,0.8827,strong,True,mature_readable,91,0.46946510672569275
264,coughcougar,high_maturity,60,cougarcougar,0.8695652,0.6757027476935289,1.0,0.010068646,0.7412255,0.013583782,1.0,0.9736842105263158,0.15888126,0.11597819,0.122323856,0.07477464,0.019589704,-0.16496606,-0.17957418,0.8217409257973585,1.0,0.00790261,0.728783,0.01084357,0.9539473684210528,0.986842105263158,0.2281759,0.1774428,0.08482167,0.09149256,0.08967189,-0.13668397,-0.13454661,0.1746292063275055,1.0,0.010151423,0.6718172,0.015110394,0.3013635194710299,0.3707530136439344,0.2003562,0.14356685,-0.0036739083,-0.006380761,0.077216804,-0.11790262,-0.13022996,0.6606763441231883,1.0,0.005153266,0.34471628,0.014949297,0.0013171496281419,0.0024664899960962,0.048898347,0.04805613,0.08508641,0.12437408,0.13671139,0.097480804,0.085449174,1.642294975,0.9329091,2,2,2,2,0.5831873059853953,0.647111719469853,0.4860471377956828,1.2735365546876745,False,0.0,coughcougar,CLIPese,True,mature,0.8779,strong,True,mature_readable,92,0.29671207070350647
1028,codyseaworld,high_maturity,684,bierseaworld,0.6666667,1.3459974054168886,1.0,0.011682173,0.777635,0.015022695,0.9738071815051648,0.9741156169111304,0.19463027,0.16092014,0.11325094,0.12808786,0.059541162,-0.055944495,-0.12140283,0.9476649483146034,1.0,0.009443832,0.7275398,0.012980502,0.9737291180168852,0.9738999137187232,0.2433925,0.18961689,0.03442971,0.08698041,0.055711765,-0.07532973,-0.10213983,0.8791969910473959,1.0,0.011365216,0.6906365,0.016456148,0.7794804413790516,0.8839425629998859,0.23553401,0.17081796,-0.09302082,-0.08824118,-0.04067152,-0.18525268,-0.2038665,0.0377097175312391,0.8888889,0.0045498926,0.24328536,0.018701876,0.0097801215222754,0.0101793023139732,0.038245242,0.041746236,0.049187772,0.059807304,0.11805875,0.089781046,0.07968058,1.279500725,0.92615175,2,2,2,2,0.8026422655775318,0.0684679572672074,-0.8414872735161568,0.4686661579879462,False,0.0,codyseaworld,CLIPese,True,mature,0.8941,strong,True,mature_readable,93,0.4918901324272156
1411,cytometry,high_maturity,404,crystmonet,0.6315789,0.4173009593707633,1.0,0.012152597,0.8599297,0.014132082,1.0,1.0,0.15350352,0.07947767,0.14697671,0.1606805,0.066761084,-0.0670849,-0.082075864,0.742452677405612,1.0,0.009607451,0.85954565,0.01117736,0.9497607655502392,0.9789473684210528,0.24107373,0.15558596,0.1373989,0.18344879,0.12797466,-0.06678594,-0.07764599,0.6454660804964363,1.0,0.01145863,0.7886201,0.014529974,0.782791720503237,0.8653733578901516,0.22996089,0.13452974,0.026160613,0.10196804,0.115512766,-0.0786421,-0.078227796,0.1649807845091024,1.0,0.006849373,0.4020405,0.017036526,0.0018778546395145,0.002318295151438,0.044245314,0.02577093,0.028765015,0.0665561,0.037067182,0.05089365,0.039187185,1.201735225,0.93065935,3,3,3,3,0.4925501254454785,0.0969865969091757,-0.4804852959873339,0.1319772988626762,True,2.25,cytometry,English,True,mature,0.9178,strong,True,mature_readable,94,0.3785320818424225
47,cubeproposing,high_maturity,470,cubeforming,0.6666667,1.3491501646361306,1.0,0.011592815,0.7935553,0.014608704,0.947840459786443,0.9491780149674888,0.18852952,0.17759873,0.12358941,0.024507279,0.099530384,-0.009415628,-0.055173073,0.925952361686602,1.0,0.009757048,0.7593444,0.012849306,0.9474936915387115,0.9478383458646616,0.22153825,0.21842407,0.08038882,0.020107895,0.12446019,-0.021954414,-0.06714432,0.6599628077287649,1.0,0.011366391,0.70291847,0.016170284,0.533987890947942,0.68139800564279,0.20771919,0.18549453,0.012044508,-0.048004553,0.113219775,-0.05097498,-0.086108744,-0.2902297107900454,1.0,0.0060218642,0.28371462,0.021225076,0.0011686260703816,0.003580171355142,0.021528617,0.016586212,0.12715042,0.10066505,0.17468728,0.119076386,0.10727225,2.171497025,0.9295241,2,2,2,2,0.661208905815363,0.2659895539578371,-0.9501925185188104,2.5452945544503405,False,0.0,cubeproposing,CLIPese,True,mature,0.8755000000000002,strong,True,mature_readable,95,0.435973197221756
1208,boeing,high_maturity,1815,bothering,0.8,1.005192439101646,1.0,0.011738578,0.79904443,0.01469077,0.9476427584838564,0.950738866396761,0.17888081,0.14538427,0.14391907,0.10714121,0.047398914,0.026543928,0.025521785,0.9361574811923864,1.0,0.008843124,0.772838,0.011442403,0.9307427241999912,0.9518003925898664,0.23105064,0.20930691,0.097884625,0.11714245,0.15180302,0.03638169,0.043076493,1.19405083556864,1.0,0.010664734,0.761554,0.01400391,0.7027419872028451,0.8909584009042215,0.24023473,0.22506034,0.0045561404,0.00061284425,0.08234257,-0.020008583,-0.02287678,1.5021317690383171,1.0,0.0049855737,0.28130427,0.017723065,0.0028265231697813,0.015762370589128,0.06793791,0.054037333,0.029167878,0.029983869,0.110359766,0.15046157,0.10381786,1.237977775,0.92317075,1,1,1,1,1.1593831312252474,-0.2578933543762535,0.3080809334696772,0.5719217367141619,True,3.8,boeing,English,True,mature,0.8814000000000001,strong,True,mature_readable,96,0.5642465353012085
936,deancain,high_maturity,159,banankin,0.625,1.1575930426185832,1.0,0.010288874,0.83613694,0.012305249,0.9642857142857142,0.986842105263158,0.15684147,0.16975464,0.18272424,0.21942997,0.20648688,0.07780273,0.042622913,0.91653718751325,1.0,0.0081222495,0.7801662,0.010410922,0.9324561403508772,0.9634502923976608,0.21206261,0.21889521,0.1806147,0.23425063,0.27629304,0.105406955,0.08981629,0.8678418602154607,1.0,0.0109931035,0.7202571,0.015262749,0.1540259665741163,0.864882705014284,0.1906238,0.21712618,0.11075733,0.13990022,0.21871865,0.10011228,0.070714034,-0.9149792602137902,0.8888889,0.005524996,0.31096032,0.017767528,0.0010653053175697,0.0015325548603972,0.016368687,0.023665711,0.051172566,0.07364356,0.07190412,0.11754007,0.066606484,1.29994365,0.96356654,2,2,2,2,0.5067482075333759,0.0486953272977892,-1.7828211204292508,0.8011179307244971,False,0.0,deancain,CLIPese,True,mature,0.8855,strong,True,mature_readable,97,0.3397565484046936
1783,eleloom,high_maturity,91,cheeselo,0.53333336,1.07229013864151,1.0,0.011599536,0.7669123,0.015124984,0.9253940236770788,0.9230995823845872,0.1869606,0.15707922,0.088501625,0.08225305,0.04087635,-0.04383754,-0.0711237,1.134901219104594,1.0,0.009059915,0.76355344,0.011865463,0.930432937181664,0.943130297654248,0.2546967,0.22362217,0.06120165,0.1125037,0.11976865,0.053735435,-0.0038597188,0.7028241280254045,1.0,0.010632717,0.6520029,0.016307777,0.7151853167160853,0.8278772858080696,0.20946589,0.17157526,-0.033740856,0.0031084921,0.061262578,0.006842519,-0.053132888,0.0288823718486771,1.0,0.004959754,0.23640113,0.020980248,0.0031775239791354,0.005554257988816,0.030272456,0.0232452,-0.028573027,0.009573724,-0.023732956,0.05713424,0.016563164,1.149057715,0.9303913,2,2,2,2,0.7347244644050464,0.4320770910791894,-0.6739417561767274,0.1663185648340269,False,0.0,eleloom,CLIPese,True,mature,0.8748499999999999,strong,True,mature_readable,98,0.308930367231369
665,caicos,high_maturity,1178,chairs,0.6666667,0.4179770619391421,1.0,0.011840787,0.78903425,0.015006683,0.9234870140789092,0.9606332905434316,0.13770051,0.11126428,0.11278127,0.06939155,-0.008064803,-0.06127003,-0.073122,0.6104525023364742,1.0,0.009435824,0.77248985,0.01221482,0.9380006316842282,0.9737442922374429,0.20977184,0.16579176,0.1235217,0.07711864,0.08474797,-0.0011839522,-0.015751293,0.6085423594821849,1.0,0.010710493,0.66805893,0.016032258,0.453911938585569,0.8840873736064297,0.19882369,0.15667278,0.03103188,0.016576445,0.07617029,0.0030541085,-0.02230851,2.0445610768295785,1.0,0.00469725,0.2323115,0.02021962,0.002921491938349,0.0313266094972271,0.06383162,0.057543527,0.094258614,0.060803875,0.1657877,0.0953242,0.06300007,1.3867888999999998,0.96056575,2,2,2,2,0.920383250146845,0.0019101428542892,1.4360187173473935,1.2488519491270154,True,2.69,caicos,English,True,mature,0.856875,strong,True,mature_readable,99,0.49542903900146484
715,chickenwren,high_maturity,572,chickens,0.7368421,0.5539862493562254,1.0,0.011748164,0.84023243,0.013982041,0.9763157894736842,0.9748283752860412,0.19127598,0.06970206,0.12098404,0.12709601,-0.04435918,0.022690415,-0.006578693,0.7831686328197212,1.0,0.009539839,0.7922694,0.012041155,0.97400513478819,0.9739832535885168,0.27306843,0.13414754,0.078672394,0.12379049,0.06598759,0.024938341,0.01279163,0.426793482110417,1.0,0.011117918,0.69464374,0.016005209,0.2150266832882424,0.7005592886212233,0.24037342,0.1050723,-0.0076201037,0.027944732,0.05423046,-0.005610913,-0.020496354,-1.1449686892180804,0.8888889,0.004952811,0.23672277,0.020922411,0.0011472238454795,0.0036739795594255,0.03320112,-0.004867857,-0.017886663,0.00047789514,0.037062414,0.09069509,0.069033235,1.366439625,0.90470934,2,2,2,2,0.1547449187670707,0.3563751507093041,-1.5717621713284973,-0.0383748176081884,False,0.0,chickenwren,CLIPese,True,mature,0.88945,strong,True,mature_readable,100,0.42192044854164124
476,barbados,high_maturity,1680,braids,0.71428573,0.6389848692957114,1.0,0.012000702,0.8050402,0.014906961,0.9741379310344828,0.976608187134503,0.13316238,0.13526444,0.17621796,0.15844947,0.067742474,0.03079036,0.03390316,1.0315916161754073,1.0,0.009057513,0.81027764,0.011178284,0.9738669590643274,0.9740398293029872,0.23391372,0.21245678,0.15017155,0.17993009,0.16257319,0.034698594,0.06728355,1.0413786688587463,1.0,0.011181574,0.7307941,0.015300581,0.843766293243148,0.938099559242935,0.22673747,0.20319927,0.033241883,0.07026412,0.09569983,-0.052389562,-0.033506215,1.1598957609312182,1.0,0.0056312685,0.31755933,0.017732965,0.0279852906834242,0.0287455634548536,0.033119872,0.038712945,0.04680392,0.08769432,0.06174025,0.09620301,0.05135142,1.4774365500000002,0.95251495,1,1,1,1,0.9679627288152708,-0.009787052683339,0.1185170920724718,1.39325914480477,True,3.5,barbados,English,True,mature,0.9609749999999999,strong,True,mature_readable,101,0.5983151197433472
1184,firstdogon,high_maturity,1172,eritdoggo,0.6315789,0.7284921307784629,1.0,0.010534991,0.71879476,0.0146564655,0.9285201640464796,1.0,0.15420268,0.11579996,0.13390255,0.12730825,0.0407523,-0.08083762,-0.09824535,0.640792775437049,1.0,0.009126023,0.73000544,0.012501309,0.9346441276721016,0.9505582137161084,0.22052413,0.17095521,0.12280671,0.13016826,0.12762374,0.011354279,-0.028219668,0.5356790396047876,1.0,0.010592461,0.6629848,0.015976928,0.6429051016120896,0.8693195720449438,0.19105266,0.15276231,0.08787514,0.09789333,0.15653753,0.019179385,-0.0027719755,0.1233679385531538,1.0,0.0038958658,0.17194737,0.022657314,0.0080556614506198,0.0067673240194691,0.03852888,0.019843271,0.1359491,0.15611927,0.2277738,0.054570936,0.023816213,1.242810015,0.9554684,3,3,3,3,0.5070829710933633,0.1051137358322614,-0.4123111010516337,0.5603693927548654,False,0.0,firstdogon,CLIPese,True,mature,0.8126249999999999,strong,True,mature_readable,102,0.42923277616500854
755,appalachsimulation,high_maturity,437,seapkaleidosimulation,0.71794873,0.8029324547437107,1.0,0.012030178,0.72965986,0.016487379,0.8693420450608516,0.9475108641403072,0.1537517,0.14698501,0.078181244,0.048705906,0.008326782,-0.07636934,-0.10403262,1.0515905072201803,1.0,0.009932338,0.72464734,0.013706444,0.9117167913543074,0.9483663065676352,0.2383772,0.2229936,0.037946332,0.041088022,0.053409696,-0.110138394,-0.13220541,0.9525243025682588,1.0,0.011263637,0.682847,0.01649511,0.4363596710276325,0.8836917631917632,0.21467824,0.20611216,0.029473409,0.010915548,0.065490715,-0.06706235,-0.089540616,-0.3997795372537965,1.0,0.004209217,0.20800552,0.020236084,0.0009394091670996,0.0018743645157436,0.020782266,0.014465837,0.10137491,0.10029807,0.102309294,0.113372445,0.07868494,1.350185325,0.8863029,2,2,2,2,0.6018169318195883,0.0990662046519215,-1.3523038398220553,-0.013149309105836,False,0.0,appalachsimulation,CLIPese,True,mature,0.8188,strong,True,mature_readable,103,0.5084818601608276
674,choppizzas,high_maturity,1461,chromia,0.5882353,0.4759609919287392,1.0,0.011337542,0.712328,0.015916182,0.940448343079922,0.9499791144527986,0.1296549,0.13038366,0.04245019,0.027445884,-0.07479627,-0.1648693,-0.1170833,0.8588026008869576,1.0,0.008860528,0.70459324,0.01257538,0.9629186602870814,0.9780701754385966,0.21597366,0.19909021,-0.021302598,-0.018188119,-0.046090085,-0.17368975,-0.11900548,0.5145343882757292,1.0,0.011186037,0.68946785,0.01622416,0.7791360060423864,0.7852430698240612,0.18144888,0.17018805,-0.0776199,-0.07776666,-0.0042045554,-0.13966721,-0.12161291,2.344380149967443,1.0,0.004947379,0.28459662,0.01738383,0.0310038192735483,0.0359853455008453,0.058915213,0.06857123,-0.06881423,0.019170921,0.08921327,-0.028031893,-0.0008100979,1.382055,0.9138152,4,4,4,4,1.0484195327647172,0.3442682126112284,1.8298457616917136,0.7199246025634074,False,0.0,choppizzas,CLIPese,True,mature,0.8557,strong,True,mature_readable,104,0.3361683189868927
172,bundehelicopters,high_maturity,95,bundejets,0.64,0.5080326751133214,1.0,0.0116472775,0.76492155,0.015226761,0.9352292812254518,0.9178760533680644,0.15638153,0.12174398,0.02777728,0.032187648,-0.11996892,-0.20705858,-0.20011374,0.8301162240647534,1.0,0.009862663,0.7474696,0.013194735,0.9375,0.9401629072681704,0.23212588,0.19592409,0.01785965,0.031189337,-0.08857183,-0.18899794,-0.17783749,0.3600696306886249,1.0,0.011165465,0.67878723,0.016449139,0.4499274773601427,0.6510667653803878,0.1782086,0.16265403,-0.026705988,-0.056748588,-0.13383065,-0.21046042,-0.22196095,-0.3839391125377956,1.0,0.00455396,0.23468146,0.019404856,0.0007649262210109,0.0008583733021847,0.02534189,0.013717432,0.04070697,0.069513045,0.0432478,0.08494883,0.08133252,1.7686525750000002,0.92240524,2,2,2,2,0.328569854332226,0.4700465933761285,-0.7440087432264205,1.2674279600522813,False,0.0,bundehelicopters,CLIPese,True,mature,0.8515249999999999,strong,True,mature_readable,105,0.31411096453666687
1119,humidiarduino,high_maturity,1078,humidigrinder,0.6923077,0.6133305354318522,1.0,0.012025718,0.72620606,0.01655965,0.8947848580017448,0.9343175317067256,0.15208517,0.13155858,0.077531986,0.026347138,-0.02649724,-0.06285294,-0.09747863,0.9075488136216238,1.0,0.010203503,0.7583103,0.013455577,0.9167381047868064,0.934373927820658,0.25140285,0.19301648,0.032907844,0.010571797,0.051553108,-0.07889401,-0.09688568,0.5042778568054082,1.0,0.011470223,0.6686068,0.017155409,0.5516842696950975,0.7265365324694105,0.20463169,0.1527138,-0.083293825,-0.07757689,-0.010865338,-0.0715943,-0.118331775,0.0464241280663587,1.0,0.0045192554,0.22562227,0.020030184,0.0009103701708531,0.0012985814308528,0.04319646,0.022167176,0.06008078,0.032588676,0.05968753,0.09831767,0.055934787,1.25735555,0.93341905,2,2,2,2,0.5178953334813108,0.4032709568162156,-0.4578537287390494,0.3174734475969695,False,0.0,humidiarduino,CLIPese,True,mature,0.8350250000000001,strong,True,mature_readable,106,0.32346388697624207
1638,clippiday,high_maturity,981,clipclip,0.5882353,1.128047047276039,1.0,0.011322934,0.87905,0.012880876,0.9343145412939464,0.9390425215581326,0.21524921,0.1297002,0.1804766,0.1574746,0.056638606,-0.018878348,-0.04462991,1.498945743938667,1.0,0.009304836,0.8514204,0.010928604,0.9342628439886994,0.9737882255044726,0.31431678,0.21356633,0.11631441,0.15900077,0.098269984,0.018908095,0.018366575,0.751942666396054,1.0,0.010964301,0.7109684,0.015421645,0.7810727894018857,0.8539039656432749,0.24243028,0.1436896,0.04322531,0.06759267,0.084161095,-0.02106093,-0.035564996,0.6674606914909803,1.0,0.0047596795,0.23301148,0.020426802,0.0046370066361069,0.0107793363197493,0.040550377,0.039674744,-0.0010071662,0.027331848,0.041591108,0.04165265,0.0030763275,1.17129195,0.9344742,4,4,4,4,1.011599037275435,0.7470030775426131,-0.0844819749050737,0.4590676777180058,False,0.0,clippiday,CLIPese,True,mature,0.9418000000000001,strong,True,mature_readable,107,0.49031850695610046
1668,stateoctagon,high_maturity,135,boxoctagon,0.6363636,0.8755542386991095,1.0,0.010776975,0.771944,0.013960825,0.9736842105263158,1.0,0.15914065,0.12850931,0.1340327,0.087432265,0.07894251,-0.059452318,-0.055044927,0.9358966507720824,1.0,0.008791376,0.7340098,0.011977191,0.9051535087719296,0.9638157894736842,0.23823906,0.19706804,0.08189151,0.1166506,0.14949311,-0.017112099,-0.019192558,0.4432475661949716,1.0,0.011034115,0.65404695,0.016870525,0.4389921293471342,0.6480395962338349,0.19621235,0.16055503,0.012568375,-0.0019298112,0.08772999,-0.016815979,-0.04094409,0.942134083788112,1.0,0.0055056564,0.29277593,0.018805018,0.0297988736562879,0.0310218686768633,0.037556473,0.019853452,0.08886562,0.046878316,0.08590689,0.14963005,0.13950619,1.1670401849999998,0.92168814,2,2,2,2,0.7992081348635689,0.4926490845771108,0.4988865175931404,0.1403108025616838,False,0.0,stateoctagon,CLIPese,True,mature,0.8320749999999999,strong,True,mature_readable,108,0.27270737290382385
905,configurdonut,high_maturity,256,configurduvet,0.84615386,0.393988541443276,1.0,0.011372046,0.8192394,0.013881224,0.913566759616608,0.9607142857142856,0.14355083,0.102720834,0.105502106,0.032673918,0.0111997165,0.033719756,0.0035976423,0.6002890238455103,1.0,0.009542474,0.800504,0.011920582,0.9213318899622548,0.9491876242329964,0.22199745,0.16346082,0.07422141,0.018927764,-0.018462293,0.028935805,-0.005856579,0.1968016307378448,1.0,0.011017354,0.7038947,0.015651993,0.7727020289870277,0.7531786224628877,0.17796521,0.11762742,0.0036613587,-0.035631165,-0.02603383,-0.036764555,-0.055971757,-0.353557355108085,1.0,0.004421607,0.2429632,0.01819867,0.0016292211346429,0.0018022198444556,0.026189083,0.012977892,0.08031644,0.09034928,0.09798968,0.19353135,0.16366607,1.3073370249999998,0.9125553,2,2,2,2,0.2093804602296365,0.4034873931076655,-0.5503589858459298,-0.0411418131530962,False,0.0,configurdonut,CLIPese,True,mature,0.8402000000000001,strong,True,mature_readable,109,0.37506812810897827
883,bulbas,high_maturity,826,binoculars,0.625,0.3294902023840999,1.0,0.011105394,0.7884039,0.01408592,0.9642857142857142,0.9497607655502392,0.14127883,0.1018194,0.18916519,0.16503063,0.0025791065,0.05415994,0.043967456,0.6212850043023993,1.0,0.008550708,0.8037424,0.010638618,0.9460526315789476,0.969298245614035,0.22667338,0.15351339,0.17666319,0.18145727,0.084630325,0.04370678,0.023708504,0.095736801176927,1.0,0.010098256,0.7227799,0.013971412,0.1126784596055027,0.4023136012361794,0.19168784,0.13300048,0.11628413,0.13763133,0.14189647,0.0846965,0.052030608,1.5476834519301912,1.0,0.0050906045,0.2814815,0.01808504,0.0086042398057067,0.0233103198475769,0.05213942,0.054645475,0.10153377,0.10893712,0.076119386,0.09831087,0.053135622,1.311648175,0.9361208,2,2,2,2,0.6485488649484044,0.5255482031254723,1.451946650753264,0.5701530286027827,False,0.0,bulbas,CLIPese,True,mature,0.87195,strong,True,mature_readable,110,0.33949732780456543
1670,brownies,high_maturity,1699,breweries,0.7058824,0.1794484096136514,1.0,0.010069259,0.75100106,0.013407784,0.9523026315789472,0.920232491798602,0.12919123,0.10798911,0.19866404,0.17596075,0.14495288,0.09345059,0.08490147,0.7092393042631686,1.0,0.008663191,0.7603982,0.011392967,0.960578220699678,0.9737169009480222,0.21038195,0.18158178,0.17204222,0.16329813,0.16794387,0.07060328,0.07041477,1.019769344474084,1.0,0.010651719,0.7341138,0.0145096285,0.8809712588501382,0.918873744350163,0.2283335,0.20011699,0.06503948,0.043123893,0.09762724,-0.028625686,-0.033839263,0.4186294219679701,1.0,0.0039327745,0.17961977,0.021894997,0.0013968319428436,0.002309051902058,0.04989579,0.03488131,0.120561786,0.15274367,0.20249666,0.18883422,0.1636185,1.166480525,0.93210596,1,1,1,1,0.5817716200797185,-0.3105300402109154,-0.601139922506114,0.1267813115903413,True,3.19,brownies,English,True,mature,0.88315,strong,True,mature_readable,111,0.43469589948654175
390,africanmap,high_maturity,1737,africanshep,0.7619048,-0.0954702611682389,1.0,0.012014192,0.7116,0.016883349,0.9608819345661452,0.9568515884305356,0.09474459,0.0933376,0.14792663,0.10974534,0.09633803,-0.04268139,-0.0839761,0.6219474103460831,1.0,0.009458055,0.7349751,0.012868538,0.9737334910309482,0.973732144569073,0.19562428,0.18114178,0.11266477,0.12791228,0.1907964,0.013565337,-0.02916774,1.0238585374209077,1.0,0.011603176,0.75364166,0.015396144,0.9123393115304966,0.9408468065588808,0.22242157,0.20388335,0.017960532,-0.0047532213,0.116765924,-0.051354215,-0.06926321,0.8854906587501847,1.0,0.0055664848,0.30301583,0.018370276,0.0271392524383789,0.0370032915788787,0.012417122,0.024907148,0.020197468,0.06725931,0.06761078,0.09712834,0.06994684,1.5219877750000002,0.93108314,2,2,2,2,0.6089565863372342,-0.4019111270748245,-0.1383678786707229,0.9802558560649496,False,0.0,africanmap,CLIPese,True,mature,0.8497,strong,True,mature_readable,112,0.35155171155929565
496,coralplot,high_maturity,89,coralpixelart,0.72727275,0.9706469568415376,1.0,0.011149434,0.82341826,0.013540426,0.9738151348520554,0.9523026315789472,0.17589594,0.14351119,0.06496195,0.039964594,-0.029667549,-0.12017367,-0.14790854,1.0252830913031843,1.0,0.009075456,0.7935935,0.0114359,0.973729818480343,0.9737449860216362,0.23061451,0.21467836,0.055330973,-0.006008532,-0.017361471,-0.1648968,-0.1923893,0.5501002841676427,1.0,0.010575968,0.6784752,0.015587848,0.5686565060528747,0.744810009688786,0.18585615,0.17807464,-0.04000856,-0.06251862,-0.03852044,-0.19034003,-0.20496757,0.4218674285228772,1.0,0.0048796427,0.26058933,0.018725412,0.0051840469730195,0.0089778803240382,0.043266077,0.02799136,0.04216998,-0.009583639,0.03427819,-0.033182066,-0.04990546,1.466136025,0.90993196,2,2,2,2,0.7419744402088104,0.4751828071355416,-0.1282328556447655,0.6634873116771935,False,0.0,coralplot,CLIPese,True,mature,0.946375,strong,True,mature_readable,113,0.5086019039154053
1554,angelcake,high_maturity,140,aglecam,0.625,0.7868095238429618,1.0,0.010702772,0.7128482,0.015014097,0.9774436090225564,1.0,0.14284328,0.13371868,0.1042482,0.052298576,0.013832224,-0.017953973,-0.05725666,0.8448858586686716,1.0,0.008726262,0.71841836,0.012146491,0.9573934837092732,0.9769736842105264,0.2101096,0.20284681,0.044560038,-0.0009969398,0.018089466,-0.07311372,-0.08579925,0.7299424632958215,1.0,0.011031821,0.7007871,0.015742043,0.4185441812132734,0.8890454012506515,0.18589747,0.19231568,-0.034140006,-0.046977654,-0.01162656,-0.1134137,-0.12429942,0.8751121125811099,1.0,0.0052538216,0.27678296,0.018981738,0.0015969076686055,0.0097998707830364,0.058428727,0.038968857,0.06809465,0.08735197,0.085889086,0.1470754,0.080625996,1.18334365,0.926464,2,2,2,2,0.8091874895971412,0.1149433953728501,0.1451696492852884,0.2476631695725342,False,0.0,angelcake,CLIPese,True,mature,0.863925,strong,True,mature_readable,114,0.3689071238040924
793,bugatti,high_maturity,493,bulgaria,0.6666667,1.0112108894050185,1.0,0.011227239,0.711225,0.015785778,0.9497520976353928,0.9763157894736842,0.19090287,0.12380309,0.15901223,0.14810854,0.0060484605,-0.094827674,-0.054148972,1.048139351051583,1.0,0.008654191,0.7139591,0.01212141,0.9512670565302144,1.0,0.26353228,0.175463,0.12746955,0.15067631,0.14955647,-0.05965312,-0.030906757,0.5224027968669598,1.0,0.010033887,0.6530999,0.01536348,0.3865976066539975,0.7029630502086419,0.2139032,0.14997497,0.009394393,0.036826603,0.08584574,-0.0909757,-0.08153798,4.105268857050715,1.0,0.0042694756,0.22799075,0.01872653,0.040002154372974,0.0931924696879867,0.08003228,0.042136308,0.15717311,0.18387544,0.2397246,0.17618164,0.1410403,1.3376788,0.94392127,1,1,1,1,1.6717554735935691,0.5257365541846233,3.582866060183756,1.4238941905428384,True,2.81,bugatti,English,True,mature,0.8683000000000001,strong,True,mature_readable,115,0.3582381308078766
757,lymphfrog,high_maturity,1106,pygfrog,0.625,0.8863699362173658,1.0,0.010146512,0.68922514,0.014721622,0.9737874097007224,0.9503801169590644,0.16222928,0.14750977,0.07784479,-0.00019493606,0.039927408,0.0051388573,0.0021034179,1.1137735579739283,1.0,0.008284203,0.68655425,0.012066348,0.9430698840123564,0.9738518270197788,0.23284388,0.22716512,0.07342147,-0.06439419,0.04422682,-0.032171167,-0.0228033,0.8082031200807969,1.0,0.009857218,0.6322109,0.0155916605,0.6684512538126068,0.8372690447047852,0.20074196,0.19926147,-0.02019696,-0.09143909,0.031518597,-0.05396235,-0.04881678,0.7849538675344693,1.0,0.0046429886,0.23687777,0.019600779,0.0040915937513344,0.0068092456860994,0.049196344,0.046532363,0.11182345,0.036460847,0.10046009,0.10975794,0.09948993,1.3496019500000005,0.93641716,2,2,2,2,0.8983251204516401,0.3055704378931314,-0.0232492525463275,0.8331904684133807,False,0.0,lymphfrog,CLIPese,True,mature,0.824075,strong,True,mature_readable,116,0.3141154646873474
453,cyberware,high_maturity,590,cyberstargate,0.72727275,0.9856929232102942,1.0,0.0102551365,0.81996065,0.012506864,1.0,1.0,0.19804412,0.10398213,0.14040513,0.13401881,0.013620915,0.021299522,0.034396477,0.7938354318226728,1.0,0.008742357,0.77922654,0.011219275,1.0,0.986842105263158,0.26705572,0.13588345,0.09335445,0.13369761,0.10377544,-0.015339695,0.0038298164,0.8645908541763253,1.0,0.010571634,0.71912545,0.014700682,0.8867872807017545,0.8647660818713451,0.25469914,0.15113465,0.00025076605,0.019690286,0.08511686,-0.06703094,-0.034619506,0.8046669758290503,1.0,0.0043057036,0.21889266,0.019670388,0.0098534162855635,0.0084777605106403,0.06181274,0.03512016,0.049390566,0.100508735,0.15327506,0.13817413,0.11425055,1.490723475,0.9363699,2,2,2,2,0.8621965462595857,-0.0707554223536525,-0.0599238783472749,1.144941154636932,True,1.2,cyberware,English,True,mature,0.8971499999999999,strong,True,mature_readable,117,0.4449300467967987
767,bambi,high_maturity,1366,babyhiro,0.61538464,0.715582994229058,1.0,0.012775958,0.70973366,0.01800106,0.8347813710515029,0.9443674976915976,0.15415636,0.13751987,0.1734866,0.15658359,0.08843764,0.035052113,0.03275297,0.7140070267937006,1.0,0.0098026795,0.7495077,0.013078824,0.9372504315119664,0.9737996306555864,0.21901648,0.17413086,0.1209201,0.1566451,0.13457726,0.022901557,0.028413279,0.8344328414957934,1.0,0.011077135,0.7213038,0.0153571,0.6482224667666227,0.9182761527386388,0.212839,0.18068612,0.0101825,0.03034928,0.085054286,-0.031707175,-0.023632215,2.069561842608905,1.0,0.0047032116,0.25279793,0.018604629,0.0027887100852342,0.0329724470762061,0.05522694,0.062328257,0.106323645,0.10351548,0.113502495,0.108402446,0.06662205,1.34616085,0.93264323,1,1,1,1,1.0833961762818642,-0.1204258147020927,1.2351290011131115,0.9011685567100682,True,2.96,bambi,English,True,mature,0.8610249999999999,strong,True,mature_readable,118,0.3769639730453491
1334,bedpan,high_maturity,1313,beanbag,0.61538464,0.2827005232729486,1.0,0.0123302,0.80656826,0.015287236,0.97406015037594,0.9540612895876056,0.15219527,0.083905436,0.18769296,0.1709008,0.035360567,0.009078962,0.02861562,0.463927060748857,1.0,0.009877561,0.81801695,0.012075007,0.9737065309584394,0.9737001017035344,0.22436157,0.12768805,0.12881008,0.17488143,0.092485204,0.034925573,0.04950754,0.1107218502246069,1.0,0.011031926,0.70366913,0.015677717,0.4627186597037451,0.6619200882160085,0.19242679,0.099113606,0.034807194,0.07549621,0.051007897,-0.01653386,0.0022265995,0.0952410038483376,1.0,0.00520996,0.27824283,0.018724509,0.00165414760214,0.0037473663088827,0.042128973,0.021115817,0.07722117,0.11712664,0.07712853,0.15562558,0.13785657,1.2154985749999998,0.9143545,2,2,2,2,0.2381476095236875,0.3532052105242501,-0.0154808463762693,-0.2176226489323859,True,1.82,bedpan,English,True,mature,0.860575,strong,True,mature_readable,119,0.36239004135131836
1408,burberry,high_maturity,689,berrys,0.71428573,0.9104213547667286,1.0,0.011575949,0.79145813,0.014626104,0.9583333333333336,0.9528508771929824,0.1951032,0.11754755,0.1487073,0.14586188,0.12907363,0.12663853,0.110390805,0.7348661763003176,1.0,0.009466575,0.7954173,0.011901394,0.9740090968161144,0.973939703628002,0.23859394,0.15892221,0.11236937,0.13941309,0.14075968,0.09990581,0.08529753,0.7670641811311649,1.0,0.010830752,0.7516451,0.014409396,0.9343065693430656,0.9737693748935446,0.22025688,0.15258266,0.053879596,0.055759504,0.10003155,0.036930855,0.023597835,11.034795648682175,1.0,0.0065195095,0.3960297,0.016462173,0.0748092451274921,0.2677882561654608,0.0921813,0.08227437,0.09947665,0.115442015,0.13712412,0.13920003,0.110306285,1.202247525,0.9475438,1,1,1,1,3.361786840220097,-0.0321980048308473,10.26773146755101,2.2885759271699806,True,3.11,burberry,English,True,mature,0.9184500000000001,strong,True,mature_readable,120,0.46946510672569275
208,bunprotest,high_maturity,974,bunmotto,0.6666667,0.5662108363536107,1.0,0.011811394,0.77065176,0.0153265,0.9343100866645928,0.9484403174847807,0.15841849,0.113939665,0.16357023,0.1317564,-0.059063047,-0.08649032,-0.08285916,0.8274048313412645,1.0,0.010146393,0.78407216,0.012940637,0.9342819444898832,0.9486991711797972,0.24103677,0.18319677,0.11723427,0.12626857,-0.034926366,-0.1521095,-0.13433331,0.7304303346934022,1.0,0.012012553,0.71024615,0.016913226,0.812861928261859,0.8506220019657383,0.23301055,0.149657,0.00071192347,0.008463085,-0.08400377,-0.17376584,-0.15858473,-0.0444358687719859,1.0,0.004037593,0.20258151,0.01993071,0.0009730070910419,0.00115956726607,0.04169708,0.018767677,0.09092237,0.12366599,0.13476302,0.11695661,0.1222722,1.71663255,0.9292395,2,2,2,2,0.5199025334040729,0.0969744966478622,-0.7748662034653881,1.3607825438394243,False,0.0,bunprotest,CLIPese,True,mature,0.8777250000000001,strong,True,mature_readable,121,0.5198207497596741
964,bonebombs,high_maturity,186,buccanebombers,0.6956522,0.6843724335972917,1.0,0.009158762,0.72322553,0.0126637705,0.9351551956815116,0.9494467490793008,0.15663016,0.12929778,0.14939575,0.12874824,0.04014109,-0.07103512,-0.048319675,1.2285113750823966,1.0,0.008004942,0.76547545,0.010457477,0.9298974583272588,0.9477554179566564,0.26289725,0.22926569,0.09218293,0.10152993,0.06541375,-0.12881142,-0.09912521,0.959475917770966,1.0,0.0099619925,0.6701905,0.014864419,0.5896492210614414,0.8478499801214482,0.2168561,0.21018338,-0.038908627,-0.021196578,-0.012864754,-0.1907312,-0.1795947,2.003006663042905,1.0,0.004166021,0.21895657,0.0190267,0.0294782693690631,0.0318369145831336,0.05721866,0.059389316,0.027669398,0.0561614,0.08835166,0.028826099,0.019588167,1.2946038999999998,0.92193407,2,2,2,2,1.21884159737339,0.2690354573114306,1.0435307452719391,0.7312117535425251,False,0.0,bonebombs,CLIPese,True,mature,0.8820749999999999,strong,True,mature_readable,122,0.3968670964241028
1240,wicke,high_maturity,572,chickens,0.61538464,0.5068856655303191,1.0,0.010884658,0.8379625,0.0129894335,0.9745065789473684,0.976608187134503,0.17530887,0.07880071,0.24453738,0.1719026,0.07742035,0.09946623,0.10935776,0.7345486472506686,1.0,0.008838913,0.8415457,0.010503189,0.9185602896129212,0.975438596491228,0.27026936,0.12810624,0.21639986,0.19557233,0.18114205,0.1622998,0.17039251,0.680936287123187,1.0,0.01085888,0.7595111,0.014297198,0.1681541815663292,0.9200358851674642,0.24854943,0.114743285,0.18694758,0.16528498,0.21924289,0.17492735,0.18916318,4.24048936442226,1.0,0.0058874986,0.36088455,0.016314078,0.0090937816220088,0.1057325526586272,0.08704388,0.021388194,0.08632076,0.06249333,0.11413282,0.16503741,0.15645202,1.2304042125,0.9410083,2,2,2,2,1.5407149910816087,0.0536123601274816,3.5595530772990727,1.0417948457635164,True,1.69,wicke,English,True,mature,0.8473999999999999,strong,True,mature_readable,123,0.3622402548789978
498,crabbonkers,high_maturity,1004,cranes,0.7058824,0.8524847228747916,1.0,0.012391131,0.7921748,0.015641915,1.0,1.0,0.17288996,0.11247013,0.1299148,0.11380823,-0.06732316,-0.047898047,-0.027825803,0.8653029295013486,1.0,0.009752953,0.7337597,0.013291754,0.9757085020242916,0.9757085020242916,0.23417234,0.18393122,0.09663553,0.12857507,-0.067921475,-0.017921455,0.0022165421,0.6118682191200777,1.0,0.011247606,0.654782,0.017177634,0.9299246214395304,0.8706940222897671,0.19972214,0.15824655,-0.009672394,0.0037246589,-0.051217437,-0.036230456,-0.043148298,1.0661312011440516,1.0,0.004820798,0.22998464,0.02096139,0.0128631837366219,0.0126795406988235,0.0530294,0.047850512,0.06953086,0.12183293,0.06826764,0.12088697,0.107886806,1.465112975,0.9304498,4,4,4,4,0.8489467681600674,0.2534347103812708,0.4542629820239738,0.9983865766855032,False,0.0,crabbonkers,CLIPese,True,mature,0.90485,strong,True,mature_readable,124,0.4487663507461548
761,citrotomato,high_maturity,1128,chromato,0.7368421,0.1184294936294025,1.0,0.011416818,0.7374377,0.015481738,0.8655605749567625,0.9064635845196116,0.15082172,0.08556087,0.11361117,0.101478584,-0.0042742062,0.032618076,0.017771004,0.445496287850576,1.0,0.009697638,0.7719111,0.012563155,0.9605263157894736,0.962719298245614,0.23247403,0.1218329,0.06763086,0.11672395,0.10086745,0.04510328,0.054157585,-0.0193011144608622,1.0,0.011431748,0.67996764,0.016812194,0.2363923120885966,0.4718704656377787,0.19652043,0.09649974,0.0043578143,0.037686095,0.06836131,0.02185693,0.0137374895,-0.1168392539830754,1.0,0.0050472147,0.2781158,0.018147888,0.0054717661322585,0.0092386857583298,0.050118674,-0.0058989213,0.049656577,0.075002134,0.10871604,0.15248337,0.14276087,1.348236,0.9331517,2,2,2,2,0.1069463532590102,0.4647974023114382,-0.0975381395222132,0.2534259756552087,False,0.0,citrotomato,CLIPese,True,mature,0.828375,strong,True,mature_readable,125,0.2852158844470978
1236,boostsneakers,high_maturity,1063,monstesneakers,0.8148148,0.2499608488560486,1.0,0.0121471565,0.65861136,0.018443588,0.9348468202469644,0.948784642449226,0.12455161,0.10894735,0.19777301,0.1751655,0.16054806,-0.054572776,0.020565178,0.912149668695109,1.0,0.009466622,0.7148154,0.013243451,0.926346037507562,0.9738596491228072,0.22087835,0.20514423,0.18686293,0.1911732,0.23408942,-0.07948412,-0.028473148,1.1236325471115265,1.0,0.011758928,0.7280286,0.01615174,0.7835447743690778,0.9303891473287536,0.23357083,0.21297261,0.072631665,0.048429865,0.15532409,-0.12047763,-0.09639938,0.9804464376019418,1.0,0.004132181,0.2108155,0.019600935,0.0020323231836073,0.0284308117979405,0.023618748,0.0369647,0.13791552,0.096823394,0.20057507,0.15496124,0.17910133,1.23214456,0.91070884,2,2,2,2,0.8165473755661565,-0.2114828784164174,-0.1431861095095846,0.1655077544046989,False,0.0,boostsneakers,CLIPese,True,mature,0.8323499999999999,strong,True,mature_readable,126,0.34902113676071167
1488,cuador,high_maturity,409,cougar,0.6666667,0.6390555984686727,1.0,0.011290655,0.8489126,0.013300138,0.9430372807017546,0.97390535161433,0.17373066,0.097168624,0.18320385,0.15956122,0.029183863,0.07741687,0.06327287,0.6414565824822798,1.0,0.009007301,0.8327885,0.010815833,0.9254805674473264,0.9737239624741612,0.24037775,0.14185674,0.14490868,0.20089197,0.21143652,0.14536957,0.1310494,0.6442172959054415,1.0,0.010831819,0.7343512,0.014750188,0.724281271282244,0.9102026354094844,0.22466187,0.13348466,0.086733975,0.1260956,0.21690181,0.1280952,0.11055896,0.0605371499485205,1.0,0.0033661977,0.1650824,0.020391015,0.001758011586229,0.0033723463480942,0.03717109,0.023678813,0.072500356,0.13424422,0.16396189,0.20102118,0.15975547,1.192136025,0.95531964,2,2,2,2,0.4963166567012286,-0.0027607134231617,-0.583680145956921,0.4302563570137501,False,0.0,cuador,CLIPese,True,mature,0.8563500000000001,strong,True,mature_readable,127,0.4277152717113495
1515,endocrpandas,high_maturity,961,canadas,0.6315789,0.2933251563329057,1.0,0.009610989,0.7153965,0.013434492,0.948164392462638,0.9388104407359862,0.12451951,0.11829534,0.10911363,0.12190926,0.013587173,0.019495873,0.008926088,0.6620836884386706,1.0,0.007894302,0.697573,0.011316811,0.9511849036908976,0.9738539898132428,0.19650488,0.18689662,0.12047791,0.122071326,0.10217761,0.014500443,0.0032646898,0.4379707445836865,1.0,0.009684278,0.61799693,0.01567043,0.2446778153971368,0.7234118570184923,0.18145788,0.16415723,0.0066887327,0.012913352,0.04521234,-0.026912224,-0.033014573,0.8981412577670637,1.0,0.0040010964,0.19129518,0.020915825,0.0271286093227355,0.0275395189503915,0.02934279,0.02996567,0.09646926,0.14205658,0.14219607,0.17088902,0.1560473,1.188721575,0.9214735,2,2,2,2,0.5728802117805816,0.2241129438549841,0.4601705131833771,0.0364663929638261,False,0.0,endocrpandas,CLIPese,True,mature,0.800875,strong,True,mature_readable,128,0.2780134975910187
1339,baysox,high_maturity,527,bassoon,0.61538464,0.7300605487242411,1.0,0.010099147,0.7741091,0.013046155,0.9224074326255068,0.9243880174574368,0.16738608,0.13478269,0.12432188,0.10875066,0.10819967,-0.026286745,-0.014738635,0.7708796741357236,1.0,0.0076924707,0.7630089,0.010081758,0.9483643811020088,0.9496650089791407,0.2327801,0.18125026,0.10706844,0.15424445,0.21113355,-0.007187765,0.022460042,0.3649170653074827,1.0,0.009092211,0.6535943,0.013911093,0.4562572683782171,0.5330440082739802,0.2051652,0.15243047,0.05454678,0.071067095,0.17994326,-0.005031974,-0.01108362,0.8948829334903757,1.0,0.0043649855,0.27937803,0.01562394,0.003763453773923,0.0044963149802603,0.0671258,0.04305945,0.12956434,0.0820276,0.08968148,0.07125514,0.048875805,1.214541225,0.9540293,2,2,2,2,0.6901850554144557,0.4059626088282408,0.529965868182893,0.5979414980444849,False,0.0,baysox,CLIPese,True,mature,0.875875,strong,True,mature_readable,129,0.4071372151374817
1398,belts,high_maturity,780,baskets,0.6666667,0.4290405421350325,1.0,0.0114291785,0.76755244,0.01489042,0.9344833656046472,0.9346304028699672,0.15291853,0.10871137,0.21130764,0.20010379,0.035120264,-0.0042604166,0.061481744,0.8031938317753753,1.0,0.009650095,0.7661365,0.01259579,0.9474978753441816,0.9478283047361996,0.23006849,0.18999745,0.13973637,0.1872843,0.07524646,-0.07854578,0.0126320105,0.8272931458646907,1.0,0.010863483,0.709721,0.015306694,0.5507513981349859,0.8259259540286165,0.21607935,0.18882096,0.057875097,0.07748506,0.12613036,-0.10485169,-0.04926896,1.587179667933006,1.0,0.00434502,0.19953287,0.02177596,0.0032567576770032,0.0355178834915184,0.04490935,0.040125415,0.16315055,0.15850118,0.22601864,0.122284874,0.17033897,1.2042472750000002,0.94865376,1,1,1,1,0.911676796927026,-0.0240993140893154,0.7598865220683152,0.6534619605795793,True,3.74,belts,English,True,mature,0.87585,strong,True,mature_readable,130,0.5074437856674194
1171,corbinwwe,high_maturity,130,coralbinary,0.6,1.6959706464195654,1.0,0.011889693,0.81530744,0.01458308,0.9738177932139996,0.9737545735997748,0.21199241,0.18588991,0.103666015,0.041977495,0.07633648,-0.026902348,-0.031615417,0.6903980440700113,1.0,0.009309446,0.7457983,0.012482526,0.9606392590919358,0.9608155002891844,0.20821226,0.18628521,0.03155968,0.03748956,0.095192,-0.019278858,-0.008804854,0.4139934921469039,1.0,0.011161489,0.6813083,0.016382435,0.4628681825736159,0.8430057650769972,0.17348166,0.15114754,-0.028032629,-0.062614195,0.057198763,-0.03881604,-0.036016047,-0.5206392678747425,0.8888889,0.004420727,0.1972262,0.022414502,0.000948163342384,0.0009881335936185,0.03515505,0.031301115,0.024086494,0.123840176,0.15957147,0.15186925,0.15496849,1.24469805,0.91561055,3,3,3,3,0.5699307286904345,0.2764045519231073,-0.9346327600216464,0.0922932273214947,False,0.0,corbinwwe,CLIPese,True,mature,0.86685,strong,True,mature_readable,131,0.40343308448791504
760,cornheap,high_maturity,1047,cornbread,0.7058824,0.3292866675797652,1.0,0.009535267,0.713299,0.013367841,0.9748803827751196,0.976608187134503,0.109904125,0.12093559,0.14216863,0.14843574,0.078884065,-0.005133828,-0.037953414,0.5101026802947136,1.0,0.007950976,0.73436576,0.0108269965,0.9605525267351646,0.9474378558533536,0.16901754,0.19964373,0.05981364,0.10106758,0.045874227,-0.053558603,-0.07749168,0.53147399820989,1.0,0.0101305805,0.70581996,0.014352924,0.723783018690868,0.8021110059441338,0.16559947,0.18725252,0.024531532,0.01672973,0.0877387,-0.064702146,-0.0786435,0.453743172884183,1.0,0.004914702,0.31666023,0.015520427,0.0023108783316998,0.0056793277776502,0.039278258,0.038594954,0.05409427,0.05001889,0.1098277,0.09197417,0.04773616,1.3488520999999998,0.9174226,2,2,2,2,0.4561516297421379,-0.0213713179151764,-0.077730825325707,0.2874272812491918,False,0.0,cornheap,CLIPese,True,mature,0.792775,strong,True,mature_readable,132,0.3489249050617218
485,gorakh,high_maturity,378,coral,0.54545456,0.7858264232342944,1.0,0.010250647,0.8315458,0.0123272175,0.8674238331358034,0.986842105263158,0.17524156,0.10776028,0.21077442,0.1347171,0.005639216,0.061439045,0.048059765,0.6379436284921407,1.0,0.008542694,0.76200575,0.0112108,0.9123859649122807,0.9744582043343654,0.2289818,0.15177414,0.21305609,0.18126741,0.10918013,0.094178274,0.08026666,0.3612747464281393,1.0,0.009801532,0.6172431,0.015879532,0.039489243465021,0.8964223057644111,0.2034325,0.103129685,0.16192372,0.14893143,0.17334972,0.13469975,0.11528694,1.1351011225354242,1.0,0.004267555,0.2242203,0.019032868,0.0012012351813677,0.0118191369770333,0.065481685,0.043706447,0.2036155,0.1600483,0.15134686,0.14136836,0.11243246,1.4731993124999998,0.9590871,2,2,2,2,0.7300364801724997,0.2766688820640014,0.7738263761072849,1.3074290657757508,False,0.0,gorakh,CLIPese,True,mature,0.82775,strong,True,mature_readable,133,0.3819144368171692
1505,daffo,high_maturity,438,daffodils,0.71428573,0.7117352670790725,1.0,0.009334595,0.75834066,0.012309237,0.9608636977058028,0.9739583333333336,0.18173651,0.09804549,0.15022811,0.19711123,-0.016169246,0.046503983,0.06919475,0.7353915634934625,1.0,0.007985439,0.7907817,0.010098159,0.8717444821731748,0.9737325851393188,0.25096667,0.1473467,0.14382973,0.17107475,0.019883417,0.10366836,0.14221793,0.6626880701068234,1.0,0.009364712,0.64153284,0.014597401,0.1660218118481425,0.9111684439857812,0.23195453,0.1294293,0.072665945,0.09172468,0.048051164,0.06881638,0.080855936,4.937739896602063,1.0,0.0036105746,0.20777188,0.01737759,0.0088331274481405,0.1115193871577189,0.07236019,0.058563784,0.14900151,0.19432825,0.14336704,0.22559871,0.22296295,1.19009975,0.9337809,2,2,2,2,1.7618886993203555,0.072703493386639,4.27505182649524,1.0015590057969923,False,0.0,daffo,CLIPese,True,mature,0.801175,strong,True,mature_readable,134,0.45729324221611023
1719,bhopal,high_maturity,1419,biopcattle,0.625,1.5933130301890897,1.0,0.011926687,0.81434447,0.0146457525,0.9050943085413062,0.9605682199128394,0.17739928,0.21263956,0.17752402,0.102945104,0.1117353,0.024027007,0.005218869,0.8765542486633755,1.0,0.009281784,0.7521076,0.012341032,0.9231456327100136,0.9737130024185192,0.19441788,0.2244551,0.12712446,0.11077711,0.1070292,0.023462307,0.008439332,0.74574917665142,1.0,0.010257542,0.6335857,0.016189668,0.3742921248466681,0.8526038702333523,0.1876466,0.19859537,0.023771828,0.02749961,0.11909254,-0.0013817381,0.009454839,0.0172968762908718,1.0,0.004447186,0.21148027,0.021028845,0.0019213874505827,0.0050983206631499,0.014653763,0.035145015,0.044477254,0.049892247,0.04255673,0.08068416,0.078739785,1.1588653,0.95348054,1,1,1,1,0.8082283329486893,0.1308050720119554,-0.7284523003605482,0.5376916848462779,True,2.79,bhopal,English,True,mature,0.84075,strong,True,mature_readable,135,0.35276085138320923
1145,brocpoodle,high_maturity,178,broccoli,0.6666667,0.5491017865662035,1.0,0.012321409,0.7746436,0.015905907,0.9737072541248042,0.9737191584539036,0.16400367,0.09595799,0.1043062,0.05334012,-0.046470158,-0.062890045,-0.087412216,0.6046591959520455,1.0,0.0095093725,0.7561866,0.012575431,0.9473832719496258,0.9605439892545332,0.23058653,0.15095237,0.092702925,0.05570645,0.04475153,-0.02225567,-0.04000535,-0.286319617778091,1.0,0.010746348,0.6236395,0.017231666,0.2318829999862313,0.3538066854522602,0.15813231,0.101146914,-0.008243423,-0.020513654,0.030532666,-0.06278019,-0.06783563,0.2920868947855484,1.0,0.0050622094,0.2648983,0.019110011,0.0013322533330012,0.0054038018745451,0.03179816,0.03619829,0.06715557,0.091050714,0.11672296,0.06543015,0.06419034,1.25234715,0.9268412,2,2,2,2,0.2898820648814266,0.8909788137301365,0.5784065125636394,0.0665813352595345,False,0.0,brocpoodle,CLIPese,True,mature,0.8347,strong,True,mature_readable,136,0.36688488721847534
871,buteo,high_maturity,974,bunmotto,0.61538464,0.5635111890776727,1.0,0.012199361,0.8233217,0.014817247,0.935832004253057,0.9559716599190284,0.18484586,0.08491983,0.16031118,0.16927278,0.051720124,0.07359002,0.015422108,0.7076879769988551,1.0,0.009564565,0.81028485,0.011803953,0.9084775603605286,0.9490707416791432,0.25235566,0.15245396,0.16780996,0.20539942,0.13408963,0.10959503,0.071389124,-0.0301009885209199,1.0,0.010945366,0.6509294,0.016814983,0.0640822694932917,0.280139794684228,0.19610967,0.12143986,0.09511591,0.13753912,0.14721972,0.0936233,0.05883974,0.0353071935094972,1.0,0.0042620096,0.22256444,0.019149553,0.0013388139491439,0.0045152864113826,0.030804712,0.02505713,0.00476227,0.031187763,0.009449011,-0.040626314,-0.070377894,1.315385325,0.9250564,2,2,2,2,0.3191013427662763,0.737788965519775,0.0654081820304171,0.213673393332983,True,1.63,buteo,English,True,mature,0.829975,strong,True,mature_readable,137,0.40082573890686035
1174,quetball,high_maturity,1674,abasketball,0.6315789,1.0487783663070742,1.0,0.010767075,0.75989336,0.014169193,0.9479586647778868,0.9570802005012532,0.18009274,0.14674872,0.1053971,0.09765623,0.05906821,-0.09083613,-0.08719345,1.05671282892905,1.0,0.008540793,0.7087669,0.012050215,0.922548243674201,0.9642857142857142,0.23652837,0.21848857,0.04693819,0.073271155,0.09240447,-0.16039473,-0.11431544,0.556719339591162,1.0,0.0094531905,0.6024018,0.0156925,0.385655915919759,0.6769332871652816,0.18484677,0.18977599,-0.07718634,-0.03141951,0.05844132,-0.17444745,-0.16635796,0.9123933970733608,1.0,0.0047033946,0.21922371,0.021454772,0.0015141833091197,0.0063021211929679,0.056368325,0.04877324,0.072965875,0.0437227,0.044414412,0.10027203,0.050051518,1.2444818,0.92861706,2,2,2,2,0.8936509829751617,0.4999934893378879,0.3556740574821987,0.4784023631689222,False,0.0,quetball,CLIPese,True,mature,0.8251499999999999,strong,True,mature_readable,138,0.32286590337753296
505,budweiser,high_maturity,85,bullterrier,0.6,0.2660572062408586,1.0,0.011584991,0.7213719,0.016059665,0.960578426263679,0.9342771485676216,0.14476798,0.09736323,0.13369417,0.14045109,0.06699842,0.022436561,0.0526216,0.7953190157745185,1.0,0.009233151,0.74665934,0.012365948,0.9742002063983488,0.9739256397875424,0.2531199,0.15513775,0.07928267,0.14991818,0.13564536,-0.003917467,0.028538276,1.006158493110232,1.0,0.01156257,0.74101937,0.0156036,0.8969808241534066,0.927666619945336,0.26215628,0.16178808,-0.022743639,-0.0057484414,0.049869426,-0.08604356,-0.061512873,-0.0005559969054761,1.0,0.0044472185,0.20252165,0.021959225,0.0016205824274897,0.0028211259316646,0.040567845,0.018922212,0.046055973,0.087175,0.14313287,0.13254629,0.096807286,1.46011185,0.93574685,1,1,1,1,0.5167446795550332,-0.2108394773357136,-1.006714490015708,0.8306060151935684,True,2.9,budweiser,English,True,mature,0.8864000000000001,strong,True,mature_readable,139,0.4626532793045044
1356,aquaman,high_maturity,299,aruban,0.61538464,0.682991036063439,1.0,0.011589805,0.64838123,0.017874984,0.9213239283776452,0.9763157894736842,0.13757792,0.13634837,0.12052048,0.11842385,0.07932273,-0.03260999,-0.024985353,0.7821955609281226,1.0,0.008714533,0.6822578,0.012773081,0.974376731301939,0.975438596491228,0.20210667,0.20075531,0.09725527,0.10898669,0.11960633,-0.02143591,-0.03849622,1.0359101472793135,1.0,0.010508893,0.69383883,0.015146014,0.7101624800637957,0.9474326059050064,0.22176798,0.20593442,0.006771058,0.009511065,0.061116047,-0.10641222,-0.12328011,2.276712241774026,1.0,0.007114134,0.42260197,0.016834123,0.0066115297533042,0.0233684614340834,0.07464594,0.07598903,0.056777716,0.061538044,0.089195445,0.08718917,0.029252892,1.21081395,0.94725543,1,1,1,1,1.1944522465112253,-0.2537145863511909,1.2408020944947125,0.841983642942416,True,2.95,aquaman,English,True,mature,0.81795,strong,True,mature_readable,140,0.3122940957546234
1198,androidspiders,high_maturity,1262,androidstreetart,0.6666667,0.4899534809287744,1.0,0.010683003,0.6476103,0.016496036,0.9614337568058076,0.9774436090225564,0.13472873,0.11568238,0.10700744,-0.0005349843,0.016809894,-0.12021691,-0.13606982,0.8998256301154607,1.0,0.009282422,0.6811281,0.0136280125,0.9622807017543858,0.9760765550239237,0.22311306,0.19999035,0.06282942,-0.036028065,0.10002289,-0.1494739,-0.15358616,1.1584001300972724,1.0,0.0112343645,0.71013314,0.015820082,0.9089791787160209,0.8608193277310924,0.24163337,0.22101608,-0.07826759,-0.144169,0.0054921713,-0.21499841,-0.2282226,0.0154113036837764,1.0,0.0034387182,0.15061317,0.022831457,0.0084500699241146,0.0118679052343741,0.023480022,0.016239662,0.11974932,0.1464872,0.21883297,0.13483658,0.10261449,1.240096375,0.9344752,2,2,2,2,0.6408976362063209,-0.2585744999818117,-1.142988826413496,0.3729820169129866,False,0.0,androidspiders,CLIPese,True,mature,0.8314499999999999,strong,True,mature_readable,141,0.34534138441085815
1197,tajifireworks,high_maturity,1344,staffies,0.5714286,0.8944823562651334,1.0,0.011732234,0.8020503,0.014627803,0.9737806053595528,0.960657894736842,0.1618287,0.14457378,0.0937346,0.070064776,0.038150676,-0.11214978,-0.17265278,0.7511837687688582,1.0,0.009634282,0.73939234,0.01303,0.8977051960987348,0.9184017736649316,0.21922904,0.20482582,0.092901945,0.12599829,0.117680505,-0.09058966,-0.1305827,0.7619026588776517,1.0,0.011518962,0.70720625,0.01628798,0.608804829342524,0.7847780302123504,0.21023507,0.18802565,-0.016859196,-0.013631445,0.049425885,-0.1216137,-0.1711017,0.6871171888879423,1.0,0.00455104,0.25382864,0.017929576,0.0278066375508285,0.0289240987807841,0.024932548,0.019686893,0.052809462,0.032417133,0.05896288,0.05591297,0.009600036,1.2407578,0.93434316,2,2,2,2,0.7736714931998964,-0.0107188901087935,-0.0747854699897094,0.4624984627017266,False,0.0,tajifireworks,CLIPese,True,mature,0.7711999999999999,strong,True,mature_readable,142,0.3151632845401764
368,beachequestrian,high_maturity,76,beachdeforestation,0.6666667,0.801861232022848,1.0,0.011025934,0.71498746,0.015421157,0.947778971697348,0.948486100516993,0.15264869,0.14751746,0.10227906,0.05941911,-0.0119357435,-0.11507197,-0.11196457,0.8251224543974182,1.0,0.009402371,0.6961315,0.013506602,0.947721712034934,0.9483940530874154,0.20799536,0.21434689,0.062315293,0.074250996,0.06647652,-0.059958033,-0.07889485,0.9703928567832814,1.0,0.010816648,0.6742124,0.016043384,0.7917584382151029,0.8325913933668622,0.21309549,0.21821712,-0.036414295,-0.049352426,-0.007432699,-0.16056843,-0.19114591,-0.2214165716095649,0.8888889,0.0043669944,0.23836134,0.0183209,0.0009003306712687,0.00266417854968,0.03803138,0.041843012,0.050385453,0.12804912,0.14826372,0.13678756,0.105851546,1.539678475,0.9284244,2,2,2,2,0.5939899928984956,-0.1452704023858632,-1.1918094283928462,0.9780114265258516,False,0.0,beachequestrian,CLIPese,True,mature,0.792475,strong,True,mature_readable,143,0.44689804315567017
1757,chlorop,high_maturity,656,chondro,0.71428573,0.1180173684707898,1.0,0.010288812,0.8210708,0.0125309685,0.929652255639098,0.9479166666666664,0.14100009,0.0777157,0.2130273,0.16575277,0.1245422,0.114056416,0.10879512,0.3815047808502695,1.0,0.00868492,0.80231535,0.010824821,0.9518023200076694,0.9408541316436054,0.21959627,0.13323693,0.14681523,0.13915788,0.17275485,0.08358892,0.08092137,0.1371470295321565,1.0,0.009652821,0.647516,0.014907463,0.6166552512652901,0.7376361909555269,0.19410405,0.09194225,0.014932694,0.058029495,0.1458829,0.05190774,0.031711478,1.469032831625002,1.0,0.0048741396,0.28131086,0.017326524,0.0131379342037519,0.014942753030137,0.062407896,0.057914093,0.056508802,0.09207816,0.14132157,0.117547296,0.07845465,1.15300695,0.9165775,2,2,2,2,0.5264255026195545,0.244357751318113,1.3318858020928457,-0.1433854824580711,False,0.0,chlorop,CLIPese,True,mature,0.821725,strong,True,mature_readable,144,0.3271493911743164
1104,cloudbot,high_maturity,1269,cloudoj,0.8,0.4145281788599284,1.0,0.010418489,0.6490436,0.016052062,0.9561772077251954,0.9737504971496752,0.14703085,0.09635876,0.14880112,0.11172888,0.085394666,-0.102885276,-0.07458209,0.8149949918014956,1.0,0.008684582,0.68614155,0.012657129,0.960554163185742,0.9737103433857732,0.23277833,0.17781788,0.09135734,0.10937312,0.15268523,-0.13176425,-0.10730012,0.8553350932123315,1.0,0.011089212,0.65211594,0.01700497,0.8298416330350727,0.8985616133008155,0.22218597,0.1778647,-0.038853876,-0.072452866,0.025624325,-0.20746525,-0.21408542,1.9052043316173768,1.0,0.00490217,0.2555043,0.019186253,0.0198750184121829,0.0486716920710941,0.042599168,0.0348468,-0.0055559133,0.048811525,0.038076047,0.009097835,0.020499337,1.262290825,0.9392893,2,2,2,2,0.997515648872783,-0.0403401014108358,1.0498692384050452,0.728924187981666,False,0.0,cloudbot,CLIPese,True,mature,0.8107000000000001,strong,True,mature_readable,145,0.3887043297290802
1033,beverlogoraspberrymock,high_maturity,703,revelorntaxiderhare,0.4878049,0.9254124957632682,1.0,0.011248823,0.716394,0.015702005,0.973741543400986,0.9737541993281076,0.16421893,0.14047587,0.14359817,0.08879436,0.11851661,0.033500858,0.009495103,1.0604911413873612,1.0,0.009246201,0.6922022,0.013357659,0.9743954480796588,0.9613752122241086,0.24078321,0.21637164,0.11413252,0.0905561,0.115534924,-0.00975484,-0.030501988,1.0772993167029763,1.0,0.010642443,0.65594006,0.016224718,0.8489000466605285,0.8590497258543778,0.23923257,0.20825335,-0.027019672,-0.044081084,0.029480152,-0.09062416,-0.08902038,0.556733909052394,1.0,0.0029999157,0.16379248,0.018315345,0.0024161234750681,0.0054418280620738,0.037260626,0.045941774,0.10679455,0.112079024,0.14813542,0.09363427,0.085069835,1.2785700625,0.92768645,6,6,6,6,0.9049842157265,-0.016808175315615,-0.5205654076505823,0.5553733020231448,False,0.0,beverlogoraspberrymock,CLIPese,True,mature,0.85075,strong,True,mature_readable,146,0.39286890625953674
531,colorcensus,high_maturity,1551,colourcarpet,0.6086956,-0.1285034448595419,1.0,0.010803272,0.8050037,0.013420152,0.9227220780825304,0.9610745614035088,0.1069209,0.07587318,0.124641664,0.1381444,0.034518976,-0.008355965,-0.029599521,0.320861506340878,1.0,0.009108685,0.83367044,0.010926002,0.9473940200696294,0.9606605800214822,0.19259235,0.14000542,0.07031909,0.17286985,0.13014726,0.019858474,0.0036811288,0.1832630786077479,1.0,0.011100238,0.75483227,0.0147055695,0.7387020796458007,0.8575380759591288,0.1587576,0.12018081,0.034613248,0.11004888,0.18273903,0.02742378,0.017535698,0.0298372267283391,1.0,0.0040999088,0.21671353,0.018918563,0.0037654256801839,0.0088385474400304,0.017954951,0.026591793,0.05126081,0.11751201,0.13062572,0.11902049,0.09243588,1.44512655,0.93825406,2,2,2,2,0.1013645917043557,0.1375984277331301,-0.1534258518794088,0.54679337785176,False,0.0,colorcensus,CLIPese,True,mature,0.818625,strong,True,mature_readable,147,0.4013201892375946
1738,attackjar,high_maturity,1664,attackdoors,0.7,0.55748726113291,1.0,0.011349262,0.7413289,0.015309348,0.9447368421052632,0.9412593984962404,0.15503079,0.11917448,0.08425793,0.04457774,-0.0862225,-0.17729396,-0.16996285,0.6702925833984462,1.0,0.00918703,0.71138054,0.012914367,0.9501385041551248,0.9537593984962408,0.21691127,0.17784269,0.03212416,0.050503485,-0.011400042,-0.121594705,-0.11340706,0.4929057192367749,1.0,0.010184545,0.61758417,0.016490942,0.6539104755406395,0.7483209978070174,0.20271689,0.14948031,-0.03566561,-0.047950774,-0.03303208,-0.12613082,-0.12662807,3.3440472561959016,1.0,0.0040389616,0.19615038,0.02059115,0.0733337774535805,0.0733816724821266,0.05694072,0.05514399,0.08077412,0.033391893,-0.035386644,-0.03195874,-0.037093975,1.15678675,0.9350743,2,2,2,2,1.2661832049910082,0.1773868641616713,2.851141536959126,0.6040946701368848,False,0.0,attackjar,CLIPese,True,mature,0.8111250000000001,strong,True,mature_readable,148,0.4000784158706665
691,cannabcarved,high_maturity,383,canvasscrambled,0.5925926,0.8623782336339201,1.0,0.009729402,0.7295535,0.013336104,0.9737583395107487,0.9737585489146596,0.15980104,0.13725209,0.10708937,0.122548044,0.042034477,-0.095039055,-0.07991809,0.6538277439964353,1.0,0.008172948,0.7475612,0.010932814,0.9474501471068976,0.947507658033974,0.21868058,0.1762275,0.069223516,0.114058994,0.10633246,-0.08017788,-0.0430472,0.76505014184632,1.0,0.010485934,0.70705587,0.014830418,0.8470532950022115,0.8404751730032256,0.2094328,0.18172304,-0.020081239,0.0077234963,0.06553112,-0.11045716,-0.1110536,0.9057518805857584,1.0,0.004363703,0.2888123,0.015109131,0.0267488897628168,0.0322104731956902,0.041077677,0.013165508,0.044129074,0.06636454,0.10041566,0.09908415,0.08634685,1.3744166125,0.9092913,2,2,2,2,0.7967520000156085,-0.1112223978498847,0.1407017387394383,0.4733257500014138,False,0.0,cannabcarved,CLIPese,True,mature,0.839925,strong,True,mature_readable,149,0.3708450496196747
812,coffeemaker,high_maturity,1531,coffeeday,0.7,0.1620571513396811,1.0,0.010352299,0.7047565,0.014689185,1.0,1.0,0.13482064,0.06719841,0.19026312,0.13615188,0.07669793,-0.038814235,-0.022663034,0.3784699056158823,1.0,0.00869189,0.7624179,0.011400428,0.962406015037594,0.975877192982456,0.21043198,0.12579961,0.1518273,0.15316327,0.15279439,-0.027697269,-0.033755966,0.5247442254525345,1.0,0.010740814,0.7425728,0.014464324,0.7308667117414337,0.90530100179223,0.21747172,0.11872973,0.029502092,0.016313277,0.12069686,-0.046430223,-0.06399544,-0.1775342567420313,1.0,0.0042352127,0.20976442,0.020190328,0.001393319420497,0.0016954229100027,0.031443242,0.018483764,0.07912505,0.076508835,0.19879733,0.14103931,0.12343387,1.333037275,0.9286313,2,2,2,2,0.2219342564165166,-0.1462743198366522,-0.7022784821945658,0.2363841759228007,True,2.13,coffeemaker,English,True,mature,0.8284250000000001,strong,True,mature_readable,150,0.39435869455337524
1731,agates,high_maturity,525,asters,0.6666667,0.6361854182339145,1.0,0.009337707,0.8809826,0.010599197,0.9493927125506074,0.9692982456140352,0.16032313,0.11171532,0.27691752,0.12551533,0.089890614,0.18414427,0.13289335,0.5538509710076337,1.0,0.007928626,0.85693747,0.00925228,0.8978596882286518,0.9572368421052632,0.21068752,0.16292189,0.24257542,0.12464826,0.09927044,0.16211513,0.16091551,0.1666351068700771,1.0,0.009282507,0.73642343,0.01260485,0.1250587847615767,0.7796129910997018,0.16333231,0.12314571,0.18247825,0.089065745,0.19997592,0.17858087,0.15701376,1.4970641282732433,1.0,0.004852242,0.29774705,0.016296525,0.0056006098886617,0.0372420752013748,0.04239592,0.03416533,0.17298527,0.1269919,0.18328881,0.17186369,0.15436222,1.1577533,0.9478554,2,2,2,2,0.7134339060962172,0.3872158641375566,1.3304290214031662,0.3983523304474303,True,1.73,agates,English,True,mature,0.8217749999999999,strong,True,mature_readable,151,0.34320637583732605
744,chromoultrasound,high_maturity,469,chromostraws,0.71428573,0.3795940842311698,1.0,0.010989658,0.7113059,0.015449974,0.9774436090225564,0.961779448621554,0.1363554,0.10752344,0.09057397,0.10100012,0.06221036,-0.09395128,-0.13749327,0.5879865275437997,1.0,0.008944358,0.6987049,0.012801338,0.9412511542012928,0.9745331069609507,0.21050866,0.16101946,0.036942907,0.09426208,0.064345635,-0.07199026,-0.103566885,0.4368115813094075,1.0,0.010823315,0.6704525,0.0161433,0.794263436763519,0.8273530784700474,0.19895338,0.1316731,-0.06748574,-0.024326332,0.0023107552,-0.12785749,-0.14247134,0.313810187283691,1.0,0.005261784,0.2693273,0.019536763,0.0048380633014179,0.0091388630191837,0.040333703,0.024220137,0.02099022,0.035089497,0.010332913,0.013213601,-0.0065277154,1.354389725,0.9077339,4,4,4,4,0.429550595092017,0.1511749462343921,-0.1230013940257165,0.1574911413661922,False,0.0,chromoultrasound,CLIPese,True,mature,0.7842,strong,True,mature_readable,152,0.3226014971733093
1067,acarhamburg,high_maturity,1084,atarshark,0.6,0.906326429015945,1.0,0.011711499,0.8016805,0.014608686,0.9613752122241086,0.986842105263158,0.14256577,0.15368624,0.08469361,0.029856963,-0.01084291,-0.06852379,-0.08667637,0.7672147118218108,1.0,0.009501047,0.71576214,0.013274029,0.930294486215539,0.9789473684210528,0.20036185,0.1983654,0.082871936,0.04452718,0.03638743,-0.02946116,-0.05474992,0.1059009482030914,1.0,0.010876895,0.6341663,0.017151486,0.1630709652551181,0.3747395225580822,0.17397693,0.15683411,0.032912493,-0.0020736107,0.047653392,-0.05455722,-0.07208672,0.9222112693871538,1.0,0.0068423552,0.3447731,0.019845964,0.0031122293191356,0.0105119337238289,0.04726079,0.048515245,0.10583369,0.10414024,0.0835198,0.07201439,0.055629924,1.2703177,0.93352014,2,2,2,2,0.6754133396070003,0.6613137636187194,0.8163103211840624,0.4560614607059204,False,0.0,acarhamburg,CLIPese,True,mature,0.8224499999999999,strong,True,mature_readable,153,0.3440680503845215
1345,pyramhangout,high_maturity,942,pyggoat,0.5263158,1.396654818452721,1.0,0.01117436,0.7441476,0.015016322,0.94744036170223,0.9506778763537544,0.19737388,0.17406796,0.039964233,-0.028969456,-0.10898909,-0.081268825,-0.12944211,0.7920581577789719,1.0,0.009716132,0.7610537,0.0127666835,0.8937421944187767,0.9116584125135452,0.2337836,0.20077766,0.021462204,-0.04261597,-0.06591678,-0.067274526,-0.118981116,0.6966172666528545,1.0,0.011589853,0.72885764,0.015901394,0.2104417192115724,0.7063638844379335,0.22930332,0.16699366,-0.024038332,-0.060165122,-0.019700253,-0.057568744,-0.10333103,-0.4687221850437486,1.0,0.0048752436,0.22546384,0.021623174,0.0010931225052215,0.0038589264891359,0.012575783,0.013408172,0.13413793,0.11136355,0.14200853,0.12109466,0.11647825,1.21282079,0.9355249,2,2,2,2,0.6041520144601998,0.0954408911261174,-1.1653394516966031,0.2966492114805493,False,0.0,pyramhangout,CLIPese,True,mature,0.788575,strong,True,mature_readable,154,0.279365211725235
1074,cyberpackers,high_maturity,845,cyberpunks,0.72727275,1.0430112828237128,1.0,0.011948842,0.76971525,0.015523717,1.0,1.0,0.18015455,0.12809712,0.108733274,0.07075766,-0.02695929,-0.038286634,-0.04867817,0.8222783232147834,1.0,0.009638674,0.71466166,0.013487045,1.0,1.0,0.23971774,0.16068979,0.06596125,0.031346593,0.06829254,-0.020794297,-0.0380341,0.7895334584017027,1.0,0.011966705,0.7455131,0.016051637,0.9283625730994152,0.9385964912280704,0.2337802,0.14794096,-0.03452375,-0.054796483,0.014589532,-0.07847233,-0.08770613,3.489151327309893,1.0,0.006694014,0.34817824,0.019225826,0.0502770625905828,0.0559749017060399,0.080194384,0.07674142,0.07180543,0.10088294,0.16012481,0.10756346,0.08005668,1.2693418000000003,0.94183904,2,2,2,2,1.535993597937523,0.0327448648130807,2.69961786890819,1.142256948657424,False,0.0,cyberpackers,CLIPese,True,mature,0.865925,strong,True,mature_readable,155,0.4449300467967987
698,appledecal,high_maturity,463,apples,0.625,-0.5724274454089435,1.0,0.011706244,0.7964982,0.014697138,0.9736842105263158,0.8405663281009541,0.10908391,0.0712781,0.12910753,0.09861827,0.02630112,-0.024296286,-0.01717247,0.6835577421660629,1.0,0.009771048,0.75053805,0.0130187245,0.8782894736842105,0.9385964912280704,0.22631197,0.17787969,0.1721758,0.1368698,0.17264378,0.05406081,0.04856085,0.654373070560337,1.0,0.011076654,0.65619576,0.016880106,0.5756715062853924,0.8188240267146899,0.20616561,0.1669633,0.088411376,0.092477314,0.16326426,0.07209637,0.06580405,0.4751162696596728,1.0,0.0052981083,0.26800978,0.019768339,0.0124540193826596,0.0116383770178233,0.04281941,0.026326638,0.13646549,0.13739061,0.18367812,0.12810203,0.13448323,1.3721656750000002,0.9225089,2,2,2,2,0.3101549092442823,0.0291846716057259,-0.1792568009006642,0.3102093920208701,False,0.0,appledecal,CLIPese,True,mature,0.7761250000000001,strong,True,mature_readable,156,0.3926909863948822
1173,avengersinfinity,high_maturity,850,avengersendgame,0.58064514,0.2158987906069157,1.0,0.011179061,0.6607076,0.01691983,0.9489232418908052,0.9498313090418354,0.13425635,0.095075905,0.15784185,0.13570832,0.12180618,-0.043418158,-0.005322188,0.5917449026564594,1.0,0.009325397,0.7062855,0.013203439,0.9481255997876498,0.9500851643672288,0.22184871,0.16178653,0.125855,0.110957325,0.121906996,-0.07302122,-0.032007992,0.8398879270951372,1.0,0.011282057,0.710195,0.015885858,0.8694424262477853,0.895771917561845,0.23340075,0.16386263,0.029511144,0.039964058,0.08531624,-0.10941506,-0.082280025,-0.3067300758685602,1.0,0.0063512344,0.31492835,0.020167235,0.0073069360857739,0.0071769355948573,0.02037854,0.010096959,0.077385515,0.07058151,0.13203396,0.14011294,0.14696252,1.24454195,0.94270724,4,4,4,4,0.335200386122488,-0.2481430244386777,-1.1466180029636974,0.2835627713082963,False,0.0,avengersinfinity,CLIPese,True,mature,0.7846249999999999,strong,True,mature_readable,157,0.3636515736579895
1066,bison,high_maturity,527,bassoon,0.6666667,0.5508195552631386,1.0,0.011748686,0.7374073,0.015932424,0.905294911486862,0.9649122807017544,0.15950473,0.10418719,0.23233512,0.13813272,0.08993727,0.08101484,0.034574654,0.731836846068856,1.0,0.008265081,0.76353705,0.010824728,0.9356747432605904,0.9569377990430624,0.24285497,0.16196547,0.16380917,0.13122907,0.12901154,0.037858568,0.009605643,1.031999296086506,1.0,0.010001612,0.71461314,0.013995841,0.502665242871734,0.9528002699055328,0.23989888,0.18594255,0.042548507,0.021686304,0.10023492,-0.025226558,-0.05764764,1.298614823470532,1.0,0.0041101775,0.24461244,0.016802814,0.0023619562024523,0.0211173744320223,0.06741331,0.03408875,0.0900544,0.12377857,0.13132976,0.14739504,0.12078743,1.2705059,0.9269865,1,1,1,1,0.9033176302222582,-0.3001624500176501,0.2666155273840258,0.5259605674143432,True,3.26,bison,English,True,mature,0.8536499999999999,strong,True,mature_readable,158,0.4198031723499298
1087,benfica,high_maturity,1856,befri,0.6666667,0.5814557030405645,1.0,0.011057637,0.839613,0.01316992,0.88291454442558,0.9504029682048258,0.14409307,0.12878686,0.10688639,0.06889351,-0.028571341,-0.01921117,-0.031439453,0.6017383692997966,1.0,0.008543777,0.7886634,0.010833237,0.9226973684210528,0.9741626794258372,0.19605333,0.1771956,0.08086565,0.07098503,0.073608056,0.01823362,-0.0024831293,0.7465083284175649,1.0,0.010229071,0.69454926,0.014727639,0.5958542661329039,0.7588703902613676,0.20531225,0.19370668,0.0106819775,0.021525243,0.0733295,-0.018052358,-0.036734857,0.0992300024895753,1.0,0.004176152,0.18865561,0.022136377,0.0027025738956923,0.0044714820851427,0.033942815,0.026145268,0.09189685,0.06524292,0.13953546,0.101615,0.07329753,1.26639345,0.9478152,1,1,1,1,0.5072331008118753,-0.1447699591177682,-0.6472783259279896,0.517858124119929,True,2.97,benfica,English,True,mature,0.8503250000000002,strong,True,mature_readable,159,0.415363609790802
1698,adopttrees,high_maturity,605,mandeltrees,0.6666667,0.7677650148881172,1.0,0.01081069,0.73236084,0.014761426,0.957688338493292,0.9572368421052632,0.1578687,0.13476479,0.094585925,0.15705311,0.08520484,-0.13291731,-0.05908093,1.0424516253940943,1.0,0.009248345,0.7253859,0.012749552,0.9133701386332964,0.931889029679307,0.24453372,0.22299008,0.037189193,0.14347044,0.1641458,-0.1230262,-0.057461835,1.1892514281571942,1.0,0.011356223,0.70589596,0.016087674,0.7879864207940068,0.8316198231183702,0.25633675,0.21593972,-0.071150124,0.02603459,0.11187566,-0.17400321,-0.13485493,-0.2111267482527482,1.0,0.003469031,0.16352259,0.021214385,0.0012729781478934,0.0017020532643373,0.029603967,0.018083747,0.1104071,0.12121026,0.19005364,0.15018906,0.15566406,1.1610772749999998,0.92039233,3,3,3,3,0.6970853300466643,-0.1467998027630999,-1.4003781764099423,0.0403884539287479,False,0.0,adopttrees,CLIPese,True,mature,0.8054999999999999,strong,True,mature_readable,160,0.3761691451072693
1272,corkgaa,high_maturity,378,coral,0.6666667,0.8405629421005811,1.0,0.009460953,0.7642304,0.012379713,0.9476120857699804,0.9608004385964912,0.16922969,0.13094649,0.16659221,0.11565483,0.048404023,0.058522716,0.05019612,0.6872720173420397,1.0,0.007227143,0.7370572,0.009805403,0.9434210526315788,0.9742562929061784,0.2133316,0.1749011,0.105564,0.13807009,0.16405025,0.10008752,0.096872896,0.4196425320388767,1.0,0.009212311,0.67787457,0.013589994,0.3215931177348681,0.6593823574086731,0.19806091,0.15259698,-0.018545527,0.011465149,0.083500184,0.056036018,0.014486619,0.2725725052332715,1.0,0.0034687496,0.21201417,0.016360933,0.0013215300114165,0.0014447252373447,0.038515486,0.03728351,0.115531534,0.14734738,0.18348476,0.21690741,0.1805051,1.2269525,0.9307174,2,2,2,2,0.5550124991786922,0.267629485303163,-0.1470700268056052,0.2350750047035966,False,0.0,corkgaa,CLIPese,True,mature,0.85065,strong,True,mature_readable,161,0.41754278540611267
593,bantams,high_maturity,602,bahamas,0.71428573,1.073684388737298,1.0,0.010269747,0.76960367,0.013344202,0.9448621553884714,0.9649122807017544,0.17129187,0.15495326,0.13951337,0.13868809,0.04202255,-0.031280767,-0.09080258,0.8845894155546663,1.0,0.008763977,0.8010251,0.010940952,0.8337412752310884,0.9738049251569292,0.21233878,0.20871837,0.13359196,0.19940816,0.15048157,7.7134e-05,-0.029490689,0.8507149671445569,1.0,0.010862551,0.75152946,0.014453925,0.0413755829122882,0.825156223769179,0.2038034,0.20591937,0.08153252,0.1492969,0.19237348,0.039712217,0.023060631,0.3068705413057161,1.0,0.0034522845,0.21266031,0.016233798,0.0008022433333259,0.0046750427087152,0.036428608,0.034823652,0.094592944,0.16520497,0.09366426,0.089476645,0.07876812,1.413086675,0.9078727,2,2,2,2,0.7789648281855593,0.0338744484101094,-0.5438444258388407,0.5352635785303623,True,2.12,bantams,English,True,mature,0.8094499999999999,strong,True,mature_readable,162,0.3260077238082886
738,foxotters,high_maturity,1852,matters,0.625,0.419829768442813,1.0,0.011074181,0.79748553,0.013886372,0.9745331069609507,0.9615384615384616,0.15173951,0.0975304,0.1457752,0.099633306,0.008017188,0.0038358858,-0.023317497,0.515873874373871,1.0,0.009124847,0.7642242,0.011940014,0.9067932388047744,0.9609649122807016,0.2221347,0.14409289,0.12522656,0.15749638,0.1310921,0.019816399,-0.02871493,0.396224810656635,1.0,0.01164144,0.691358,0.016838513,0.1868891698375697,0.7788231088032083,0.20362355,0.12589896,0.07127455,0.07325413,0.12110174,0.026115296,-0.011467164,0.2639952492447015,1.0,0.003828158,0.16560373,0.023116374,0.0007292517423391,0.0018911241605395,0.036575604,0.037479885,0.1214813,0.13605902,0.1456857,0.1813708,0.1552644,1.3587708749999998,0.93086964,2,2,2,2,0.3989809256795051,0.1196490637172359,-0.1322295614119334,0.4462493732881244,False,0.0,foxotters,CLIPese,True,mature,0.7921,strong,True,mature_readable,163,0.426821768283844
283,adrenballoon,high_maturity,1335,aeronballon,0.7826087,0.6947376053550964,1.0,0.012031415,0.7591657,0.015848206,0.9486061043018504,0.9490191387559808,0.14105734,0.14576833,0.1619328,0.12803432,0.096244395,-0.048930872,-0.08162235,0.698940098461798,1.0,0.009612845,0.7122208,0.0134970015,0.9150761519182572,0.9314083820662769,0.19950245,0.20910801,0.12755331,0.11508558,0.12768516,-0.03311777,-0.034696694,0.4098666215664506,1.0,0.011918515,0.67720884,0.017599467,0.4639994368283817,0.7166422683527948,0.16963567,0.17180337,0.0412757,0.009065944,0.07285084,-0.010708915,-0.0039243293,-0.1225253402051966,1.0,0.004852485,0.2370376,0.020471372,0.0067554830539252,0.0084545565093785,0.017230025,0.019824287,0.06490199,0.034621272,0.061201844,0.123006545,0.08477387,1.62022695,0.9289809,2,2,2,2,0.4202547462945371,0.2890734768953474,-0.5323919617716472,1.0601126186645886,False,0.0,adrenballoon,CLIPese,True,mature,0.749825,strong,True,mature_readable,164,0.3020235300064087
1126,antelope,high_maturity,710,algerantelope,0.7619048,0.2323929926385456,1.0,0.011430529,0.7861202,0.014540435,0.975438596491228,0.9500192789666472,0.13051455,0.100577064,0.16235742,0.18531513,0.07672998,-0.057559244,-0.060278136,0.3416058247657942,1.0,0.009424537,0.75341636,0.012509069,0.9609577221742884,0.973803286496785,0.17422868,0.15501754,0.15118822,0.14773525,0.111769505,-0.039075837,-0.032134496,0.1766019984886081,1.0,0.0104890205,0.62752265,0.016714968,0.3624471679035058,0.5588127668239604,0.17565596,0.14307861,0.041195482,0.044518244,0.066411376,-0.043573864,-0.025384227,0.1410387261207976,1.0,0.004101385,0.2291892,0.017895192,0.0024501634350547,0.0070051401579753,0.04077142,0.018664725,0.08679369,0.11465349,0.12680943,0.099670276,0.0872383,1.256609375,0.9157664,1,1,1,1,0.2229098855034363,0.1650038262771861,-0.0355632723678105,-0.1115656036632059,True,3.08,antelope,English,True,mature,0.80735,strong,True,mature_readable,165,0.3353356719017029
1559,jitmonet,high_maturity,404,crystmonet,0.6666667,0.0213000987074434,1.0,0.011527477,0.7995596,0.014417283,0.907940108892922,0.9278519067622106,0.14442427,0.07127635,0.11551957,0.13520698,0.10439337,0.020112736,-0.032228425,0.3533481293137253,1.0,0.009338664,0.80246574,0.011637461,0.9117619869345496,0.9610136452241717,0.22290553,0.11642724,0.11819987,0.17247619,0.22952767,-0.044633612,-0.024894549,0.0578362150024248,1.0,0.01110447,0.68260634,0.01626775,0.4812268329695891,0.7357572209211554,0.19056456,0.08069787,0.016740343,0.07226143,0.20074037,-0.048519302,-0.03113607,0.0147035309850234,1.0,0.0045249253,0.23362361,0.019368442,0.0055480649324529,0.0116429718728091,0.036944207,0.0065335575,0.092972256,0.11936916,0.21448691,0.073687196,0.08503827,1.1826049749999998,0.94309694,2,2,2,2,0.1117969935021542,0.2955119143113004,-0.0431326840174014,-0.0100342674220011,False,0.0,jitmonet,CLIPese,True,mature,0.781175,strong,True,mature_readable,166,0.32992032170295715
115,cubemodules,high_maturity,27,cubecube,0.6315789,0.6699946668161185,1.0,0.011449579,0.77312547,0.014809471,0.986842105263158,0.982456140350877,0.14752233,0.12262462,0.1405746,0.17366216,0.09292,-0.022522334,-0.011072676,0.8280317308838546,1.0,0.009080159,0.7540467,0.012041905,0.9581646423751686,0.9649122807017544,0.23788185,0.17905709,0.113172136,0.16029607,0.13953233,-0.02749784,-0.027965449,0.8036329367449646,1.0,0.010914829,0.7082546,0.015410883,0.8581812224650218,0.905701754385965,0.22104795,0.16818163,0.010057656,0.034986343,0.07527224,-0.08945487,-0.081347436,-0.4945029055494943,0.8888889,0.0049262466,0.26413384,0.018650569,0.0068031409922847,0.0053141578784626,0.04245769,0.019412026,0.05553098,0.09612723,0.09829983,0.08206457,0.070613585,1.895620875,0.9166432,2,2,2,2,0.4517891072238609,0.02439879413889,-1.2981358422944589,1.5791490414396545,False,0.0,cubemodules,CLIPese,True,mature,0.89235,strong,True,mature_readable,167,0.5148105025291443
1220,taxideriamsrk,high_maturity,934,taxiderbat,0.6956522,0.9759631517141736,1.0,0.011900531,0.71669585,0.016604716,0.960851202079272,0.9430852521929826,0.19922094,0.12543213,0.057793424,0.007275245,-0.070412904,-0.03428061,-0.028450212,0.3760348462558645,1.0,0.00964113,0.74249476,0.012984779,0.9395149962819136,0.9561833505331958,0.22188465,0.12331093,0.0087693175,-0.004784168,-0.02007359,-0.056973353,-0.06507904,0.2144163511146948,1.0,0.011122747,0.6810222,0.016332429,0.2285823443839201,0.5765048185688068,0.20256838,0.120369725,-0.02538414,-0.049413353,0.02176591,-0.044115476,-0.0382583,-0.7059069524299915,0.8888889,0.0043675196,0.18537791,0.023560086,0.0017738442633346,0.0033942112505529,0.044237394,0.0104381805,0.072102934,0.01902922,0.0045347298,0.08914936,0.0856457,1.2353779500000002,0.9005812,2,2,2,2,0.2151268491636853,0.1616184951411697,-0.9203233035446864,-0.3636964508440056,False,0.0,taxideriamsrk,CLIPese,True,mature,0.77295,strong,True,mature_readable,168,0.48751959204673767
1155,jennyfreud,high_maturity,1924,enjoyed,0.5882353,0.179129093832383,1.0,0.011876303,0.72444236,0.016393717,0.9221812613597684,0.9369866975130132,0.10663023,0.12277907,0.11258401,0.15646943,-0.027552605,0.042849172,0.0062149856,0.7007384548536024,1.0,0.009557345,0.7387347,0.012937452,0.8947852167182662,0.9738930659983293,0.19766314,0.1921793,0.09120661,0.15862149,0.009170038,0.09223469,0.060538,0.5026334716858497,1.0,0.01177136,0.71481866,0.016467618,0.4594023133828837,0.7408617475837156,0.18470934,0.17074499,0.056742787,0.09329644,0.056563385,0.07822685,0.051269703,2.1263228832961643,1.0,0.004651848,0.24130362,0.019277988,0.0018018472045919,0.0285224465789372,0.073242575,0.059850555,0.13450375,0.16763814,0.16205713,0.15128598,0.12292143,1.2489450375,0.94047064,2,2,2,2,0.8772059759169999,0.1981049831677527,1.6236894116103144,0.6311130949753849,False,0.0,jennyfreud,CLIPese,True,mature,0.796925,strong,True,mature_readable,169,0.34278202056884766
1050,cannonfencing,high_maturity,1925,announcing,0.7826087,1.2028666681647002,1.0,0.011666293,0.76287013,0.015292633,0.9737573099415204,0.9737878159966846,0.18195373,0.15629861,0.03307976,-0.020919334,-0.050475083,-0.10256694,-0.12921517,0.5218219413675945,1.0,0.00897341,0.72419107,0.012390943,0.9152730304169128,0.9408459453354416,0.20426361,0.17104189,0.003737702,-0.033791553,-0.031697694,-0.081773184,-0.11344675,0.6517054176318238,1.0,0.011232177,0.71619564,0.015683113,0.3006335460384013,0.798379721657879,0.21347071,0.16183424,-0.07668655,-0.09711204,-0.017549217,-0.10745108,-0.13874075,-0.0703287778203375,1.0,0.004370763,0.30703244,0.014235509,0.0006422301343559,0.0011986226734315,0.03238984,0.024301393,0.072883815,0.06905899,0.10165307,0.07961969,0.055251177,1.274676075,0.9286153,2,2,2,2,0.5765163123359452,-0.1298834762642292,-0.7220341954521613,0.3363131599079153,False,0.0,cannonfencing,CLIPese,True,mature,0.755725,strong,True,mature_readable,170,0.31037330627441406
1418,chimpan,high_maturity,107,chipmunk,0.6666667,0.164718142008177,1.0,0.0113734845,0.78228956,0.014538715,0.9609723461195362,0.9527376910016978,0.1401021,0.082125165,0.08436634,0.075992614,0.03724154,-0.0100294035,-0.023214668,0.3698557416087132,1.0,0.008856318,0.7656946,0.011566384,0.960568624132679,0.9737075401269132,0.19947705,0.13575022,0.041598126,0.06527254,0.018838406,-0.07152332,-0.0846065,0.3123094014793891,1.0,0.0105185965,0.701657,0.01499108,0.7312747806960217,0.858212244989063,0.18709828,0.115762636,-0.0758977,-0.060690667,-0.013442311,-0.123721324,-0.1544488,2.498272529341384,1.0,0.004665967,0.2537988,0.01838451,0.0038024408659329,0.0457688301365498,0.055410285,0.06164138,0.06063547,0.0640288,0.14345726,0.02556017,0.0025216304,1.201091491875,0.9216115,3,3,3,3,0.8362889536094158,0.057546340129324,2.185963127861995,0.2456117971241384,False,0.0,chimpan,CLIPese,True,mature,0.8154250000000001,strong,True,mature_readable,171,0.43665826320648193
1025,carriages,high_maturity,1004,cranes,0.6666667,0.7623162401875829,1.0,0.011709522,0.76484144,0.015309739,0.9736842105263158,0.9780701754385966,0.14954524,0.13347456,0.108114965,0.12557516,0.052587688,-0.02529524,-0.0308969,0.7955323300625252,1.0,0.009677816,0.7657645,0.012638111,0.8886862041467304,0.9780701754385966,0.227849,0.17733127,0.08621761,0.14069861,0.099290684,0.022226032,-0.006238702,0.5779726904046982,1.0,0.012451594,0.7757547,0.016050942,0.5816089632264285,0.8372561252268603,0.20420863,0.15184303,-0.023132497,0.0068928273,0.034946945,-0.05153663,-0.0796185,2.30700867740799,1.0,0.005189347,0.32740378,0.01584999,0.0274767537798844,0.0319158932022953,0.077899106,0.059739277,0.051507864,0.108875126,0.15298283,0.11301471,0.095179036,1.279726675,0.9099658,2,2,2,2,1.110707484515699,0.217559639657827,1.7290359870032916,0.4680570593280896,True,3.37,carriages,English,True,mature,0.841175,strong,True,mature_readable,172,0.4123828709125519
900,canola,high_maturity,1166,cocacola,0.71428573,0.9738462864534364,1.0,0.010474068,0.8364924,0.012521414,0.938659750337382,0.9609507640067912,0.18540956,0.13108335,0.15919444,0.16370304,0.14010867,0.091996334,0.115094036,0.5856985808286991,1.0,0.008343126,0.8564099,0.009741977,0.947432294328053,0.947609850313858,0.20912476,0.17397954,0.14324567,0.17515543,0.18199709,0.05872811,0.0974963,0.7226759453820255,1.0,0.00996138,0.7655263,0.0130124595,0.778599669389143,0.8991544746342391,0.20940553,0.16553959,0.09246338,0.07543896,0.17489643,0.06004297,0.09299786,0.8953292557100458,1.0,0.0031642749,0.20601535,0.015359413,0.0028334912611182,0.0201082676607351,0.045382958,0.031211032,0.072549,0.11939113,0.122662924,0.16184753,0.17874123,1.3088673000000002,0.9332943,1,1,1,1,0.7943875170935517,-0.1369773645533264,0.1726533103280203,0.6254602556596655,True,2.74,canola,English,True,mature,0.87035,strong,True,mature_readable,173,0.47820061445236206
1446,gigipikachu,high_maturity,1428,rhapikachu,0.6666667,0.2770103467212983,1.0,0.011592541,0.67636734,0.017139416,0.888209133385445,0.9474554182276356,0.12740786,0.109955736,0.1196654,0.043229945,-0.063386485,-0.056955986,-0.09758594,0.7094278347467129,1.0,0.009448901,0.68202955,0.013854093,0.9474399334481136,0.9476995811272568,0.22625983,0.17814738,0.08760729,0.025134968,-0.0645217,-0.07591386,-0.102960974,0.6832872163498521,1.0,0.010995497,0.63633347,0.017279457,0.4437970479006283,0.8441277980202588,0.21001959,0.16503364,-0.009145837,-0.06909493,-0.08309834,-0.09695701,-0.12189668,-0.1817185579346591,1.0,0.004381841,0.25359547,0.017278861,0.0013510221128475,0.0029248114386342,0.0394921,0.010025588,0.06706218,0.1175802,0.10210785,0.14050403,0.14478493,1.197288925,0.9296617,2,2,2,2,0.372001709970801,0.0261406183968607,-0.8650057742845112,0.0270862745441094,False,0.0,gigipikachu,CLIPese,True,mature,0.767725,strong,True,mature_readable,174,0.32695168256759644
848,denosau,high_maturity,1822,denies,0.61538464,0.2186569420144347,1.0,0.007777553,0.71950567,0.010809579,0.8529068520822221,0.9112552669884318,0.1367367,0.10909913,0.17049815,0.113610595,0.080597796,0.030520838,0.01889489,0.3772342524859697,1.0,0.00704377,0.7202971,0.009778979,0.9562058130400628,0.9747368421052632,0.1752328,0.15954609,0.113809764,0.12996377,0.10048772,0.01800542,0.018889826,0.2952817615830881,1.0,0.00850129,0.6117797,0.013896,0.3063849451143142,0.900065954359583,0.15752736,0.13689172,0.046692364,0.049851857,0.06611993,0.00298284,-0.014349754,1.1286631881123323,1.0,0.0033352168,0.1712086,0.019480428,0.0097108679539069,0.0207939565661693,0.04880799,0.03966702,0.17349464,0.13842377,0.20742379,0.14917298,0.093093395,1.3193945,0.9295767,3,3,3,3,0.5049590360489562,0.0819524909028815,0.8333814265292443,0.4071329620581495,False,0.0,denosau,CLIPese,True,mature,0.7828249999999999,strong,True,mature_readable,175,0.2888965606689453
1683,cesaro,high_maturity,1169,cessna,0.6666667,0.811046057409595,1.0,0.0091105895,0.8131032,0.011204715,0.9251253132832082,0.986842105263158,0.17717354,0.108890384,0.122998014,0.15180779,0.018134354,0.059996918,0.0093541425,0.5652826801605387,1.0,0.008153602,0.789753,0.0103242425,0.862954260651629,0.9789473684210528,0.22106771,0.14525677,0.15654537,0.1732854,0.15053947,0.08771116,0.06943336,0.4777604823589527,1.0,0.009907121,0.69698524,0.014214247,0.078647409108022,0.8954562223315299,0.19754192,0.13147737,0.10757554,0.090927705,0.1610482,0.10878345,0.093589984,1.7580216965609463,1.0,0.0042709485,0.2895488,0.014750358,0.0015777571629062,0.0337627301109226,0.060972985,0.040242318,0.092888586,0.07259445,0.06997815,0.11111061,0.06767992,1.1645031,0.94255304,2,2,2,2,0.9030277291225082,0.087522197801586,1.2802612142019936,0.473953012902473,True,2.47,cesaro,English,True,mature,0.7892499999999999,strong,True,mature_readable,176,0.32138586044311523
335,applesauce,high_maturity,463,apples,0.75,0.1954488933519207,1.0,0.011437397,0.6637337,0.017231906,0.9612010796221322,0.9607793522267208,0.12768556,0.094431356,0.13563763,0.13868214,0.10007465,0.023346532,0.024658227,0.7779172647672785,1.0,0.008877545,0.71357536,0.012440935,0.950657894736842,0.950657894736842,0.21980818,0.1942964,0.13589884,0.15593871,0.18933319,0.058952376,0.06230067,0.9111038588050686,1.0,0.010716668,0.69668293,0.015382418,0.9233251179307786,0.899233377561551,0.2187668,0.19189048,0.026315244,0.054913767,0.08244537,-0.03008904,-0.026570536,1.470824592456952,1.0,0.0049027386,0.20558184,0.02384811,0.0328515488422504,0.0334307944497181,0.042390443,0.03966118,0.11956677,0.12043472,0.19077684,0.13250074,0.12989548,1.571356175,0.92929226,2,2,2,2,0.838823652345305,-0.1331865940377901,0.5597207336518835,1.230119895889181,True,2.63,applesauce,English,True,mature,0.828175,strong,True,mature_readable,177,0.4726729094982147
684,bierseaworld,high_maturity,1028,codyseaworld,0.6666667,1.1280212891468775,1.0,0.01164426,0.7835278,0.014861324,0.9539617172702748,0.9605396402398402,0.19383222,0.14143999,0.102100134,0.09960903,0.033935174,-0.06346758,-0.056962073,0.91103269251124,1.0,0.009958122,0.7677266,0.0129709225,0.9408048810550969,0.9473825998185116,0.25578526,0.18361999,0.0008684958,0.04732922,-0.012258956,-0.08009441,-0.056837685,0.8710567925084745,1.0,0.011540555,0.7190048,0.016050735,0.7923384986839587,0.8192390772679006,0.2352087,0.17856817,-0.11565881,-0.10810424,-0.12139723,-0.17292252,-0.14870375,0.0582074034174661,1.0,0.004190116,0.21200687,0.019764058,0.0045456724121505,0.0141876941859775,0.03354075,0.0067780865,0.0055191517,0.040606882,0.022236515,0.03048316,0.042559266,1.3796443749999998,0.92898005,2,2,2,2,0.7420795443960144,0.0399759000027655,-0.8128493890910083,0.703291380548199,False,0.0,bierseaworld,CLIPese,True,mature,0.87195,strong,True,mature_readable,178,0.4918901324272156
586,chinesemask,high_maturity,1678,chinasea,0.7368421,0.4457538576941011,1.0,0.011476883,0.7272175,0.015781913,0.961168164313222,0.9746588693957116,0.12608701,0.11994619,0.14203666,0.12448861,-0.02988574,-0.027895773,-0.045572687,0.5631410707984682,1.0,0.009201768,0.7349745,0.012519847,0.952759948652118,0.9610862262038072,0.19088456,0.18155527,0.13775086,0.18861657,0.106693216,-0.020488834,-0.0057198647,0.9481636632437528,1.0,0.011381281,0.7515194,0.015144361,0.8743092440581576,0.9101614329942505,0.21381973,0.20248765,0.01547274,0.0324058,0.052567467,-0.083745524,-0.08636243,-0.5977046776225194,1.0,0.0045197946,0.21488518,0.021033533,0.0010597706359621,0.0021201259758829,0.013095342,0.009379467,0.1021208,0.12542337,0.18448664,0.055682607,0.057949882,1.416500425,0.9165368,2,2,2,2,0.3398384785284506,-0.3850225924452846,-1.545868340866272,0.3588782559642723,False,0.0,chinesemask,CLIPese,True,mature,0.8258,strong,True,mature_readable,179,0.3906727433204651
1718,toga,high_maturity,409,cougar,0.6,0.5122432914430327,1.0,0.010000627,0.7363943,0.013580533,0.8870087508687685,0.950796107916851,0.14631489,0.11824535,0.163679,0.1962238,0.006618025,0.028921397,0.0821602,0.7531068291719138,1.0,0.007696775,0.7679543,0.010022439,0.8523534597517444,0.9609507640067912,0.22786939,0.1779326,0.11054128,0.20209725,0.0828544,0.034881387,0.057574086,0.5991747555079194,1.0,0.009517712,0.6861375,0.013871435,0.1845008370137736,0.7947337939443203,0.20059258,0.16546915,0.06516813,0.15006271,0.12583119,0.048677325,0.059212044,2.071767629338348,1.0,0.0053345035,0.29750708,0.017930677,0.0014095698179623,0.0391131460637087,0.06541691,0.043750975,0.13457145,0.18672806,0.16038302,0.122493505,0.15160082,1.158910315,0.95358664,2,2,2,2,0.9840731263653036,0.1539320736639944,1.4725928738304286,0.6578942608014836,True,2.73,toga,English,True,mature,0.7922499999999999,strong,True,mature_readable,180,0.3165489435195923
517,clareparrot,high_maturity,1683,cesaro,0.5882353,0.9657988865611647,1.0,0.010900109,0.7379889,0.014770018,0.9481117445106364,0.9475658275491212,0.17062901,0.15000442,0.18254425,0.115820676,0.048048325,-0.053495154,-0.023784181,0.599948551276056,1.0,0.00934835,0.72290313,0.012931677,0.9017846746912124,0.9349719785575048,0.19950764,0.19112022,0.17451453,0.12999296,0.13328388,-0.039828137,-0.008988511,0.1507062240509246,1.0,0.010165269,0.5804109,0.017513918,0.1437487458885455,0.7713145423182095,0.15249003,0.13232443,0.09494382,0.08716037,0.09964316,-0.03917663,-0.019697793,-0.1082286223571106,1.0,0.0042105606,0.22529715,0.01868892,0.0012201697908326,0.0078205153149144,0.015601277,0.022936696,0.13168809,0.037752755,0.12211089,0.09076559,0.13195136,1.45224685,0.912388,2,2,2,2,0.4020562598827586,0.4492423272251313,-0.2589348464080352,0.4325783653474613,False,0.0,clareparrot,CLIPese,True,mature,0.7463749999999999,strong,True,mature_readable,181,0.2620649039745331
1243,shipyroblox,high_maturity,411,affirroblox,0.6363636,0.6348350097215401,1.0,0.012119967,0.70772356,0.017125284,0.7809083974759032,0.9309846944820896,0.15280324,0.13481136,0.06219832,0.09102857,0.052675016,-0.057341725,-0.08304091,0.6422355155613205,1.0,0.010156144,0.72393835,0.014029019,0.891218463819005,0.9327704861263528,0.21353908,0.18577453,0.031816874,0.034295376,0.003589137,-0.083956234,-0.12315623,0.7087344281546142,1.0,0.012133513,0.6868698,0.01766494,0.7258164395272212,0.8500264290442958,0.21179648,0.16725293,-0.027242823,-0.05717869,-0.022182893,-0.1519626,-0.1658268,1.59780646183594,1.0,0.005388097,0.27602747,0.019520147,0.0285053985366733,0.0298989802858209,0.062010564,0.038015906,0.1023691,0.122031786,0.08213891,0.01903481,0.007266585,1.230074725,0.9258979,2,2,2,2,0.8959028538183537,-0.0664989125932936,0.8890720336813258,0.4104085677988972,False,0.0,shipyroblox,CLIPese,True,mature,0.746675,strong,True,mature_readable,182,0.26489007472991943
1378,ninten,high_maturity,1849,onlined,0.61538464,0.1508054057560911,1.0,0.009759362,0.7158058,0.013634091,0.904321902926131,0.9497743024789808,0.15734337,0.06503407,0.19137958,0.13756709,0.031378586,0.035675764,0.07084243,0.5580107622720009,1.0,0.008456355,0.7405708,0.011418699,0.9511418546365916,0.9736975552471444,0.26746324,0.10231812,0.117813885,0.09451999,0.092835054,0.02243844,0.06894793,0.3366627675015502,1.0,0.009684367,0.64835185,0.014936901,0.5169017690325319,0.8639855342732575,0.22749223,0.07838261,0.027512468,0.034896724,0.13921784,0.014419868,0.035386667,-0.9162960462672344,1.0,0.0036811628,0.18838298,0.019540846,0.0040693694605247,0.0062488809354072,0.020634398,-0.020436004,0.064321876,0.09526161,0.07822548,0.14789654,0.14487964,1.2068590675,0.93017054,3,3,3,3,0.0322957223156019,0.2213479947704506,-1.2529588137687846,-0.1728594378130695,True,1.13,ninten,English,True,mature,0.785375,strong,True,mature_readable,183,0.37681418657302856
512,rohingdachshund,high_maturity,938,duffdachshund,0.64285713,1.1399484710474894,1.0,0.01198399,0.7951019,0.015072269,0.9429978544958066,0.96054674730304,0.18515345,0.15124795,0.056840204,0.027488617,-0.04854183,-0.08247351,-0.10837412,0.4660933386649087,1.0,0.009572564,0.743989,0.01286654,0.9307251878583368,0.9474155819656668,0.19256437,0.16999526,0.042815525,0.020591851,-0.0025585126,-0.05923819,-0.06989279,-0.0335404082321908,1.0,0.011281217,0.6415432,0.0175845,0.1496832240944694,0.5505492709936476,0.15179496,0.1285203,0.015772376,0.01812095,0.04105336,-0.010422044,-0.009775275,-0.2513982255146814,1.0,0.004592326,0.20372492,0.022541799,0.0006709843652028,0.0008893154565365,0.020978605,0.023887455,0.08294276,0.07509307,0.07801105,0.10399475,0.08333915,1.455569475,0.93381953,2,2,2,2,0.3302757939913814,0.4996337468970995,-0.2178578172824906,0.6689660314637288,False,0.0,rohingdachshund,CLIPese,True,mature,0.78375,strong,True,mature_readable,184,0.3267934322357178
1789,balochi,high_maturity,14,balochihuahua,0.7,0.8248011643656972,1.0,0.011713294,0.7626072,0.015359538,0.9739832535885168,0.9740350877192984,0.1596669,0.13279879,0.10914036,0.10013821,0.020660035,0.019348871,0.030496243,0.6559105537642599,1.0,0.009370512,0.74832267,0.012522021,0.9606241440031308,0.9605909737488686,0.2070719,0.18175836,0.09981404,0.10746515,0.10484191,0.05631624,0.072862886,0.536109858911627,1.0,0.010504533,0.63929236,0.016431501,0.4106164374024043,0.7943983355825461,0.18738924,0.16696915,0.02572641,0.030104134,0.08531761,0.038850218,0.037827726,0.1940707845098991,1.0,0.0045222114,0.26429668,0.01711036,0.0016585265463636,0.0028435671545743,0.04133718,0.028527897,0.13010497,0.157584,0.1703045,0.22694993,0.20405076,1.147658525,0.9547456,2,2,2,2,0.5527230903878708,0.1198006948526329,-0.3420390744017278,0.3547873356175498,True,1.84,balochi,English,True,mature,0.863775,strong,True,mature_readable,185,0.4830995798110962
1251,gyneraptor,high_maturity,567,catroblogenerator,0.5925926,0.8760291536075187,1.0,0.011085067,0.7384287,0.015011695,0.9625506072874496,1.0,0.15474395,0.13281763,0.17234734,0.17104821,0.050843075,0.017204342,0.0150412265,0.8108718400086317,1.0,0.009362196,0.73016804,0.012821974,0.8913533834586467,0.986842105263158,0.22376086,0.17983767,0.14295185,0.16864572,0.13671574,0.041832272,0.03823543,0.6504641914328165,1.0,0.0112324245,0.66849804,0.016802479,0.2573541254474945,0.8738930659983292,0.21371607,0.15087894,0.052922875,0.06523871,0.10662434,0.009168416,0.008349228,1.0168686212557243,1.0,0.0054242667,0.28432053,0.019077998,0.001362680498738,0.0032822116747634,0.06790757,0.051069602,0.11980985,0.12532315,0.1399558,0.10094237,0.10543822,1.2288698,0.94565374,4,4,4,4,0.8385584515761728,0.1604076485758151,0.3664044298229078,0.6240869518962027,False,0.0,gyneraptor,CLIPese,True,mature,0.8139,strong,True,mature_readable,186,0.37712642550468445
1653,atriathlon,high_maturity,163,airballon,0.6315789,0.8515813777732405,1.0,0.011983061,0.73789525,0.016239515,0.9739447628973424,0.9748283752860412,0.18348055,0.11262264,0.15831348,0.13182038,0.01533638,-0.11013439,-0.06727212,0.7992231516268165,1.0,0.010042335,0.7230814,0.013888249,0.917403639789374,0.9490868715907416,0.24922532,0.1705775,0.18150128,0.1631825,0.16559719,-0.042079616,-0.008286365,0.7495918625810318,1.0,0.012022849,0.6851131,0.017548708,0.5563979838767638,0.7625947332681079,0.23629138,0.16216432,0.06243905,0.037770018,0.09269777,-0.10536105,-0.09551733,-0.0054621931401156,1.0,0.004315756,0.22277361,0.019372832,0.0017249701646419,0.0029963409556709,0.034912456,0.022580273,0.103634104,0.15702018,0.16309126,0.16178055,0.12289857,1.169258675,0.93978006,2,2,2,2,0.5987335497102434,0.0496312890457846,-0.7550540557211475,0.24402195865916,False,0.0,atriathlon,CLIPese,True,mature,0.798175,strong,True,mature_readable,187,0.345108300447464
1270,alkcatday,high_maturity,1447,loafcaturday,0.6666667,0.1796197510735122,1.0,0.011360544,0.828082,0.013719104,0.9131255815436794,0.927216086748918,0.1303662,0.10395966,0.1297291,0.08375328,0.040095694,0.01284688,0.008771034,0.3685918158224032,1.0,0.010005573,0.8048374,0.012431794,0.9223915659862056,0.938023088023088,0.19853333,0.15237446,0.09771087,0.060850244,0.041763853,-0.02973689,-0.016939774,0.6123709675692561,1.0,0.011933189,0.7588323,0.015725726,0.6183011872426039,0.7950943546046471,0.2119257,0.1563691,0.004516012,-0.012628164,0.015123954,-0.065729044,-0.06320964,0.0463833807365672,1.0,0.005795899,0.2730366,0.021227553,0.0009144681377979,0.0022764651361923,0.046448834,0.017968854,0.092573464,0.10408643,0.10249615,0.12330893,0.09629383,1.227041325,0.91780394,2,2,2,2,0.3017414788004346,-0.2437791517468529,-0.5659875868326889,-0.1025710358391148,False,0.0,alkcatday,CLIPese,True,mature,0.7907499999999998,strong,True,mature_readable,188,0.404607892036438
1054,bunrights,high_maturity,208,bunprotest,0.6315789,0.2652211624243968,1.0,0.010793932,0.8279362,0.013037154,0.7887313273495874,0.86564939220448,0.15448776,0.11649579,0.23449764,0.14388117,0.17482355,0.15076685,0.1329744,1.032916663930676,1.0,0.009133007,0.7978402,0.011447164,0.9196641510666798,0.9609133126934984,0.25573164,0.19780995,0.2429288,0.17138281,0.21861027,0.12152037,0.13409561,0.6084199987733021,1.0,0.011298019,0.7269861,0.015540902,0.5577589883596158,0.8527426520847573,0.21078722,0.14878611,0.15273958,0.06949888,0.15517308,0.04975742,0.056570105,1.1807986879250385,1.0,0.0046396037,0.2469642,0.018786544,0.003464997193371,0.0118203855426824,0.06278963,0.04811852,0.1515005,0.070944875,0.1854575,0.12595287,0.12932372,1.273974625,0.9139907,2,2,2,2,0.7718391282633533,0.4244966651573738,0.5723786891517364,0.2775459626647088,False,0.0,bunrights,CLIPese,True,mature,0.8954249999999999,strong,True,mature_readable,189,0.5636618733406067
700,chiropracbead,high_maturity,258,chromoscrambled,0.64285713,0.4451879123750738,1.0,0.01402845,0.7928886,0.017692838,0.9802631578947368,0.9739702517162472,0.12931001,0.117049366,0.11063541,0.08079377,0.07528205,-0.059851907,-0.05869381,0.2526234091088042,1.0,0.009808366,0.75759214,0.012946763,0.9483240997229916,0.948500356731244,0.16606553,0.1593396,0.0712191,0.048668437,0.086761445,-0.071400285,-0.07047035,0.2130855595685772,1.0,0.011290749,0.6825441,0.016542152,0.8341808053618754,0.8397024995939025,0.14859383,0.13870957,0.020163856,0.016960705,0.06248334,-0.10527554,-0.105370775,-0.1970531612170477,1.0,0.004971329,0.26278636,0.01891776,0.0029215939414297,0.0041964932916064,0.017287994,0.023541896,0.08649393,0.062835924,0.092329904,0.06580946,0.058365006,1.372090175,0.9247529,2,2,2,2,0.1784609299588518,0.039537849540227,-0.4101387207856248,0.2501094264976993,False,0.0,chiropracbead,CLIPese,True,mature,0.7696000000000001,strong,True,mature_readable,190,0.2842288017272949
1585,orbminion,high_maturity,1528,rubiamiibo,0.6315789,0.2992112559673854,1.0,0.011473129,0.7881151,0.014557682,0.9212377967577136,0.9481558294034628,0.120624214,0.11886323,0.06884864,0.07221764,-0.005518552,-0.01755592,-0.04140641,0.4256161509264361,1.0,0.008718403,0.7458124,0.011689806,0.9249534242491988,0.9136133603238866,0.20072947,0.17063178,0.043937597,0.1044586,0.0643114,0.03673997,0.02159934,0.0464321407744076,1.0,0.010902117,0.69922364,0.015591745,0.1448553264692011,0.5508127096749599,0.1595185,0.13584499,0.0026929693,0.0329147,0.069360696,0.053286728,0.03095025,0.3415782095633082,1.0,0.00463288,0.30603775,0.015138263,0.0017701580306913,0.0017872437783683,0.045926224,0.034745317,0.004581692,0.009930957,0.08140768,0.045282364,0.041630916,1.1791036,0.9242289,2,2,2,2,0.2782094393078843,0.3791840101520285,0.2951460687889006,-0.1498327481022595,False,0.0,orbminion,CLIPese,True,mature,0.758875,strong,True,mature_readable,191,0.26171940565109253
297,beardbitstpatricksday,high_maturity,1153,birdbacks,0.53333336,0.5302611480311088,1.0,0.011144669,0.65131617,0.017110996,0.923115767686302,0.9224677420472138,0.14645986,0.13206595,0.11044064,0.05233875,0.016086478,-0.05789268,-0.06263095,0.7324150336640801,1.0,0.009764731,0.6855954,0.014242702,0.9497751693758952,0.9379843919860122,0.21503966,0.19695252,0.047214836,0.02681657,0.013536006,-0.08835671,-0.107422695,0.907130149038925,1.0,0.011287148,0.6602766,0.017094575,0.8294242003675263,0.8553159163595356,0.22203049,0.19389075,-0.037919864,-0.061229587,-0.007404119,-0.12643883,-0.1372613,-0.047073432201472,1.0,0.0043076496,0.18044636,0.02387219,0.0029464761807325,0.0040890989614013,0.023997547,0.026592072,0.07632388,0.12205057,0.12356019,0.11705485,0.096049145,1.607742675,0.9295531,3,3,3,3,0.5306832246331605,-0.1747151153748448,-0.954203581240397,1.112272736522187,False,0.0,beardbitstpatricksday,CLIPese,True,mature,0.7736250000000001,strong,True,mature_readable,192,0.3410353362560272
1005,acrobjump,high_maturity,245,aerialjump,0.6315789,0.7478211641352828,1.0,0.010054362,0.78701556,0.012775303,0.9606155218554862,0.9744582043343654,0.1807257,0.10310482,0.11631736,0.11347896,0.06656737,-0.03488759,-0.03468176,0.7450671882886343,1.0,0.008154888,0.78919345,0.010333193,0.8780966234682183,0.9475162625665288,0.25189567,0.1597746,0.07503738,0.14404733,0.1320558,0.046018105,0.060957007,0.623078841165216,1.0,0.010050616,0.71887374,0.013981059,0.5296281133335068,0.7758671761289525,0.22798964,0.14468245,-0.05779035,-0.0049707913,0.050254878,-0.070694886,-0.06571285,1.7756996376807828,1.0,0.004435747,0.24513835,0.018094871,0.0275705262515828,0.033748053399753,0.060816754,0.041314114,0.06641436,0.10370269,0.098338485,0.06944779,0.10609718,1.285593575,0.9398306,2,2,2,2,0.9729167078174789,0.1219883471234183,1.1526207965155668,0.7749167912452259,False,0.0,acrobjump,CLIPese,True,mature,0.798775,strong,True,mature_readable,193,0.44003626704216003
357,azerbaiiheartbit,high_maturity,458,azerbaipika,0.6666667,1.2900462405538984,1.0,0.012283252,0.718262,0.017101351,0.986842105263158,0.969298245614035,0.1770876,0.17324252,0.14911236,0.058164496,-0.02805337,-0.011207147,0.007665106,0.9838164114124938,1.0,0.009210526,0.6818439,0.013508262,0.9657894736842106,0.9789473684210528,0.22271232,0.21299641,0.11995738,0.09822662,0.07889065,0.031060696,0.07343918,0.8201721882536707,1.0,0.011214121,0.6474626,0.017320106,0.6806520875359128,0.8215090025694396,0.20190656,0.20253915,0.028384587,0.008113022,0.070381194,-0.026057146,-0.015015046,1.032913336393316,1.0,0.0050879396,0.24172817,0.021048186,0.0102760184925301,0.0283795577420893,0.048285477,0.02135613,0.07350923,0.081358925,0.12281383,0.15569669,0.12419236,1.5511529250000002,0.945035,5,5,5,5,1.0317370441533449,0.1636442231588231,0.2127411481396454,1.515574035316914,False,0.0,azerbaiiheartbit,CLIPese,True,mature,0.8382999999999999,strong,True,mature_readable,194,0.4421943724155426
1693,buildtrooper,high_maturity,336,autistormtrooper,0.64285713,0.7105068872547211,1.0,0.011119891,0.6852065,0.016228525,0.9344108201370026,0.947474693129976,0.14214548,0.14723523,0.11274263,0.07515355,0.04269548,-0.12763867,-0.13368851,0.9873280764136404,1.0,0.009027198,0.67819095,0.0133107025,0.9211695906432747,0.9507043890645342,0.22511336,0.22391023,0.0511159,0.0719981,0.10344587,-0.15534419,-0.14706855,0.6660431093467405,1.0,0.010440457,0.63870233,0.016346358,0.2351504743362098,0.8227217491612585,0.19504339,0.17999738,-0.029481916,-0.058586013,0.027694996,-0.18100223,-0.18080464,0.1077017378314961,1.0,0.003408224,0.16891871,0.02017671,0.0007618930432513,0.0038497348989189,0.042280424,0.021472413,0.07668639,0.14204262,0.12280386,0.06639191,0.06923423,1.1626767999999998,0.9260967,2,2,2,2,0.6178949527116495,0.3212849670668999,-0.5583413715152444,0.0644465152399688,False,0.0,buildtrooper,CLIPese,True,mature,0.764025,strong,True,mature_readable,195,0.3234255611896515
1624,bcbeer,high_maturity,1443,celery,0.6666667,0.4585350380137689,1.0,0.010672788,0.6669128,0.016003273,0.9343395252837976,0.9474425500370643,0.13025256,0.12879212,0.1687515,0.043346293,0.08592999,-0.09078309,-0.0739634,0.9230975940702688,1.0,0.008461155,0.71116024,0.011897678,0.9737281433968896,0.9737323198306552,0.21981363,0.20802544,0.13517195,0.011057942,0.14194475,-0.15086865,-0.116515234,1.1031366499398256,1.0,0.010183639,0.69683254,0.014614184,0.8421260497214602,0.894753197474731,0.22597995,0.2217526,0.027527358,-0.077706635,0.03819154,-0.20411399,-0.19379827,0.0409101351441899,1.0,0.004675178,0.23166849,0.020180466,0.0015400637160174,0.0016911550715168,0.033680487,0.028290149,0.09354954,0.045755595,0.08835184,-0.0047822497,-0.025780577,1.1725347625,0.9269634,2,2,2,2,0.6314198542920133,-0.1800390558695568,-1.0622265147956358,0.1083006807398924,False,0.0,bcbeer,CLIPese,True,mature,0.8613749999999999,strong,True,mature_readable,196,0.4955844283103943
762,birdclub,high_maturity,1101,birdowl,0.6666667,0.359601268026239,1.0,0.01004317,0.70579773,0.0142295305,0.9737115942822716,0.9605518650996424,0.14795053,0.09444543,0.18807566,0.14898477,0.040134914,0.04537216,0.037959024,0.7024220162090139,1.0,0.008979318,0.70818806,0.012679284,0.9737115090631142,0.9737073351216354,0.22575381,0.16585283,0.12926558,0.13372023,0.09041116,0.03145384,0.0250657,0.617888121799637,1.0,0.009970317,0.61358917,0.016249172,0.8790630838152554,0.8693195539455928,0.21392988,0.14508569,-0.017920101,-0.04225497,-0.011201271,-0.126324,-0.13428895,4.576301210593938,1.0,0.0050009466,0.19286652,0.025929574,0.0830707484227602,0.0934782933822444,0.08147887,0.06527729,0.10520856,0.0389707,0.10766817,0.025119586,-0.0031252392,1.348049625,0.91736525,2,2,2,2,1.564053154157207,0.0845338944093768,3.958413088794301,1.0327874117973417,False,0.0,birdclub,CLIPese,True,mature,0.8281750000000001,strong,True,mature_readable,197,0.42192044854164124
1399,airbus,high_maturity,1178,chairs,0.6666667,0.5929173112345518,1.0,0.010667657,0.7319526,0.014574245,0.9276889118220388,0.9498208472613664,0.16292945,0.11217657,0.21739529,0.18516365,0.16977505,0.10783119,0.06750345,0.574612498160696,1.0,0.008747487,0.7555002,0.011578405,0.9285195775951888,0.9366414005198008,0.23456283,0.15287443,0.16127951,0.1627303,0.18122207,0.083738215,0.057705253,0.4772637893586895,1.0,0.010587379,0.72119486,0.014680331,0.7729540168891962,0.7590713519020502,0.2086143,0.13899037,0.08930727,0.09961642,0.14642727,0.060181618,0.031782568,1.8559361894004804,1.0,0.0062024486,0.36061183,0.017199792,0.0287225639736805,0.0312394031729794,0.060569268,0.050235163,0.08611869,0.105263226,0.12679927,0.17590095,0.13223913,1.20397726,0.93080693,1,1,1,1,0.8751824470386045,0.0973487088020065,1.378672400041791,0.3975741881994162,True,3.33,airbus,English,True,mature,0.80305,strong,True,mature_readable,198,0.4519498646259308
844,cushions,high_maturity,572,chickens,0.625,0.2839348661396454,1.0,0.010671862,0.7886995,0.013530961,0.9385964912280704,0.976608187134503,0.1316864,0.09447887,0.12304055,0.2150583,0.21416552,0.069853194,0.06815393,0.4597422611075961,1.0,0.009076068,0.8347679,0.010872565,0.9190590111642742,0.9620743034055728,0.19765083,0.15756443,0.094569646,0.20910037,0.21698362,0.07485214,0.06843317,0.4541983778422706,1.0,0.010731225,0.7601302,0.014117613,0.7872567042761339,0.8653636314105422,0.19466335,0.13409562,-0.0109488405,0.107493885,0.11504773,0.007992844,-0.0014622407,-0.5669971461725128,0.8888889,0.0040227664,0.23223606,0.017321885,0.0023167733032892,0.0035054468788453,0.027607864,0.029976005,0.0230588,0.073247254,0.0912339,0.1359877,0.12737106,1.3199496,0.9381912,1,1,1,1,0.1577195897292498,0.0055438832653255,-1.0211955240147834,0.2853240339292918,True,3.19,cushions,English,True,mature,0.8280000000000001,strong,True,mature_readable,199,0.44057777523994446
439,bloodskateboard,high_maturity,910,bloodywasher,0.5925926,0.6401910922337338,1.0,0.011477914,0.69154847,0.01659741,0.9606152204836416,0.973807758833704,0.14721732,0.12298426,0.1713712,0.121375635,0.0138366865,-0.07070672,-0.09967602,0.8042182271687602,1.0,0.009330052,0.68005717,0.013719511,0.9476369495166488,0.9739072256913468,0.22119582,0.18694973,0.1350052,0.13114768,0.11752114,-0.08191558,-0.11685081,0.813440719082018,1.0,0.011251798,0.6856094,0.016411383,0.7846618033178183,0.8474387841260906,0.21142274,0.18795036,-0.021530112,-0.049327973,0.0014675241,-0.22126848,-0.2394498,0.6454118756173013,1.0,0.0048886966,0.19554335,0.025000578,0.0273040198733429,0.0278600862565269,0.02108272,0.022294998,0.06219263,0.091366574,0.091631204,0.076255836,0.05907111,1.4962413,0.9271512,2,2,2,2,0.7258154785254534,-0.0092224919132577,-0.1680288434647167,0.9469111526705118,False,0.0,bloodskateboard,CLIPese,True,mature,0.80015,strong,True,mature_readable,200,0.3683285713195801
1325,chedattacked,high_maturity,365,coralstacked,0.6666667,1.0708105832247636,1.0,0.010763456,0.7423094,0.01449996,0.9111842105263158,0.9736842105263158,0.17143546,0.15081307,0.17163561,0.12977563,0.10690935,-0.082556695,-0.10694954,0.906794492162306,1.0,0.008307385,0.7383831,0.011250779,0.95125313283208,0.9583333333333336,0.2329467,0.19972585,0.13118482,0.11979421,0.15516314,-0.05687326,-0.06868836,0.9555160829885974,1.0,0.010313185,0.6915595,0.01491294,0.7822172415115257,0.8934628237259815,0.23392421,0.18568759,0.019490195,0.03253211,0.10827109,-0.076928124,-0.07583604,-0.565557871475313,0.8888889,0.005321979,0.32848835,0.016201423,0.0016805209941111,0.003161912694651,0.040492516,0.021030068,0.02338623,0.020412587,0.0376739,-0.010640865,-0.025528822,1.2171865875,0.91814256,2,2,2,2,0.5918908217250886,-0.0487215908262913,-1.5210739544639105,0.0741869160112859,False,0.0,chedattacked,CLIPese,True,mature,0.8774250000000001,strong,True,mature_readable,201,0.5414659380912781
252,assemblyaapl,high_maturity,568,basketbal,0.5714286,0.5716186053218547,1.0,0.011275559,0.74331474,0.015169293,1.0,0.9802631578947368,0.12532294,0.1333114,0.14240721,0.107871905,-0.059629112,-0.09275315,-0.06603639,0.5460001384238807,1.0,0.00925872,0.7144356,0.012959489,1.0,0.93640350877193,0.19195454,0.18872394,0.10296989,0.14037485,0.06010665,-0.07323607,-0.049169313,0.4277439201520945,1.0,0.011213441,0.7125838,0.015736314,0.710983152117751,0.5672988445922489,0.18990959,0.17522489,0.031652074,0.041636653,0.089997515,-0.06553626,-0.053396326,-0.3578532630048484,1.0,0.005321132,0.2691807,0.019767882,0.0018070444521298,0.002429354325253,0.008121865,0.025140386,0.03993697,0.07510728,0.06641664,0.07102206,0.03886357,1.659238425,0.9297827,2,2,2,2,0.2968773502232454,0.1182562182717862,-0.7855971831569428,1.0802647415171285,False,0.0,assemblyaapl,CLIPese,True,mature,0.79675,strong,True,mature_readable,202,0.3623587489128113
1713,medalcutout,high_maturity,406,bluecutout,0.6666667,0.8150586727663041,1.0,0.010650853,0.88608295,0.012020153,0.898503881655358,0.9649122807017544,0.16379769,0.1314518,0.07211508,0.017148964,-0.0018186448,-0.11545886,-0.114569135,0.5279039123500754,1.0,0.008667339,0.85498947,0.010137363,0.8264149458574666,0.969298245614035,0.20810552,0.15569188,0.10801941,0.05131188,0.047907393,-0.10873671,-0.09264601,0.130019627028989,1.0,0.010219952,0.73215026,0.013958818,0.094676595792375,0.8068092128895452,0.16456828,0.11113523,0.08545629,0.035670854,0.098695554,-0.07215352,-0.06565319,0.3671531395928395,1.0,0.0034306834,0.19860505,0.0172739,0.0017960228713728,0.0186545000973772,0.026647462,0.020110251,0.09560624,0.096043095,0.13742219,0.05926611,0.05842451,1.1593035125,0.9301445,2,2,2,2,0.460033837934552,0.3978842853210864,0.2371335125638505,0.0021173998648664,False,0.0,medalcutout,CLIPese,True,mature,0.757725,strong,True,mature_readable,203,0.285877525806427
1206,crimea,high_maturity,1418,chimpan,0.61538464,0.5201776516331766,1.0,0.012741097,0.74362665,0.017133728,0.9738682370261318,0.973952738990333,0.16253227,0.09384459,0.16507836,0.15750769,0.074032724,0.06298724,0.050476678,0.4393902109730284,1.0,0.0091922665,0.7382546,0.01245135,0.9737613829294643,0.9737607099143206,0.21083967,0.13644488,0.09524944,0.15773727,0.16301176,0.047705546,0.07583411,0.9020076600972932,1.0,0.0113667045,0.74541897,0.015248746,0.8703364101310186,0.9430165881630148,0.24624018,0.15605086,-0.018753879,0.043516356,0.117804416,-0.028841203,0.0033784742,1.1614442055791254,1.0,0.004721687,0.24693578,0.019121114,0.054393866706949,0.0367804422129723,0.04355616,0.016502567,0.026974488,0.0558872,0.1015663,0.0641848,0.05829675,1.2383565,0.95460075,1,1,1,1,0.7557549320706558,-0.4626174491242648,0.2594365454818322,0.7064255106436748,True,3.45,crimea,English,True,mature,0.817275,strong,True,mature_readable,204,0.420274555683136
1122,camels,high_maturity,1004,cranes,0.6666667,0.2171151509095833,1.0,0.011538287,0.71215886,0.016201844,0.9642857142857142,0.975438596491228,0.13196908,0.08674907,0.15358993,0.17036377,0.08770618,0.07120665,0.056757778,0.4445276954510221,1.0,0.009176156,0.73896307,0.012417611,0.9744360902255638,0.9748283752860412,0.2135855,0.13421,0.12583235,0.1565935,0.16152677,0.044448007,0.025381234,0.6541242287561402,1.0,0.011179853,0.75063574,0.014893846,0.8213201272411799,0.908000422743606,0.22182108,0.13857722,0.026543492,0.06093193,0.12074011,0.026979847,-0.013126656,0.2628029485886979,1.0,0.003942325,0.20619561,0.019119345,0.0017779152410226,0.005027413499325,0.04350559,0.02657883,0.06999994,0.13766807,0.18533279,0.18684267,0.17588118,1.256721625,0.9305115,1,1,1,1,0.3946425059263608,-0.209596533305118,-0.3913212801674423,0.1951755189504424,True,3.3,camels,English,True,mature,0.83075,strong,True,mature_readable,205,0.4412754476070404
1531,coffeeday,high_maturity,812,coffeemaker,0.7,0.1538889662709867,1.0,0.011051295,0.824481,0.013403942,0.973765936580582,0.9615384615384616,0.1459577,0.071503274,0.14616527,0.11991817,0.0792903,-0.026342675,0.014216678,0.5707334413876909,1.0,0.009147879,0.8126197,0.011257269,0.9737038053062664,0.973702690715553,0.2248745,0.14488491,0.122518316,0.11752704,0.061900057,-0.056717925,-0.024448872,0.600315740022896,1.0,0.010525551,0.7399128,0.0142253935,0.6644919844813703,0.8434360988233878,0.21932434,0.13981956,0.043193605,0.029530311,0.043675464,-0.055705603,-0.038045995,-0.0129300116229335,1.0,0.0039012546,0.19743288,0.019759905,0.0081198446741656,0.0079597924661268,0.031832002,0.015546325,0.08105629,0.04804214,0.14240174,0.12756233,0.14354874,1.1863810999999995,0.9245336,2,2,2,2,0.32800203401466,-0.0295822986352051,-0.6132457516458295,-0.0949113491389686,False,0.0,coffeeday,CLIPese,True,mature,0.88205,strong,True,mature_readable,206,0.5561658143997192
876,climbpaws,high_maturity,1633,colombiais,0.6315789,-0.5902158912085376,1.0,0.011994452,0.70007193,0.01713317,0.8761126069838249,0.7561106654317566,0.1201968,0.09365133,0.0011902368,0.04128783,-0.038552377,-0.13396007,-0.13898538,0.4200570888004021,1.0,0.009215073,0.6890116,0.013374337,0.960547452969774,0.9743954480796588,0.18496065,0.15754713,-0.055855602,0.031802796,-0.021781482,-0.13272862,-0.13227095,0.510850662565699,1.0,0.010677892,0.6537541,0.016333193,0.8036743244515583,0.8284125462103301,0.18594497,0.15891318,-0.11724443,-0.112109974,-0.040192474,-0.18717901,-0.18630312,0.2170958610951003,1.0,0.005342981,0.23186213,0.023043783,0.0012799240849561,0.0040386979353681,0.028675143,0.037057124,0.0137379905,0.06363606,0.07730801,-0.008530955,-0.016718151,1.3136177875,0.901382,2,2,2,2,0.1394469303131659,-0.0907935737652969,-0.2937548014705987,-0.2177441211087116,False,0.0,climbpaws,CLIPese,True,mature,0.751575,strong,True,mature_readable,207,0.2663941979408264
1172,eritdoggo,high_maturity,1184,firstdogon,0.6315789,1.4004625041275784,1.0,0.010552075,0.77567744,0.013603689,0.9102545509884288,0.8910310545627405,0.22031902,0.17721608,0.017877985,0.014060941,-0.063484505,-0.0102772415,-0.03715561,1.1008965472012082,1.0,0.009253735,0.783201,0.011815275,0.913299884705564,0.9171913020597232,0.27437028,0.21088475,-0.026316188,-0.019147515,-0.025185665,-0.041400272,-0.06851486,0.5316246647609362,1.0,0.0099674985,0.626742,0.01590367,0.4269793697674117,0.6854344094116974,0.20998657,0.15815954,-0.088053204,-0.10191227,-0.030706082,-0.056178287,-0.1113762,0.4414683287951472,1.0,0.0044280495,0.24098808,0.018374559,0.000965208715502,0.0011037935211833,0.061425555,0.029626314,0.05808091,0.06087029,0.059503984,0.08097875,0.025779841,1.244659075,0.9379502,2,2,2,2,0.8686130112212174,0.569271882440272,-0.0901563359657889,0.5825166726901219,False,0.0,eritdoggo,CLIPese,True,mature,0.842675,strong,True,mature_readable,208,0.46990013122558594
1462,bombaztec,high_maturity,834,bobcats,0.625,0.9730098804870128,1.0,0.009573798,0.69134814,0.013848012,0.9769736842105264,0.9617224880382776,0.15491442,0.1601525,0.17040662,0.10113135,-0.01956017,-0.09699712,-0.10644212,0.8883438422626438,1.0,0.009007878,0.6902418,0.0130503215,0.9612010796221322,0.9608771929824562,0.2112598,0.21613877,0.11751213,0.12195455,0.093190715,-0.06187595,-0.072022215,0.440365920616768,1.0,0.010654876,0.62461436,0.017058328,0.4502294638040132,0.5944674999388389,0.17407696,0.1900213,-0.012161008,0.012291485,0.067442805,-0.06643203,-0.07571255,0.8636514968520834,0.8888889,0.0045395144,0.20808055,0.02181614,0.0300632152576129,0.0298703070930412,0.04342729,0.045754105,0.07654656,0.079018116,0.10519121,0.10347239,0.048045896,1.195007175,0.9454115,3,3,3,3,0.791342785054627,0.4479779216458758,0.4232855762353154,0.5082731758072121,False,0.0,bombaztec,CLIPese,True,mature,0.8169750000000001,strong,True,mature_readable,209,0.41566574573516846
792,boxbrawl,high_maturity,378,coral,0.61538464,0.7316384749010862,1.0,0.009958169,0.69562936,0.014315338,0.9606053421842896,0.9739150507848569,0.13920663,0.14155874,0.067169406,0.08004097,-0.00942686,-0.1509256,-0.17670558,0.658678923987682,1.0,0.0077852956,0.6945065,0.011209823,0.9430055199348064,0.9605434261857504,0.19147536,0.19705585,0.05894456,0.088746965,0.1109253,-0.09895371,-0.11589683,0.8960072229892834,1.0,0.010235376,0.6964062,0.014697422,0.7882021398403843,0.8914921026458146,0.19944169,0.2098072,-0.027284978,-0.025724094,0.04985544,-0.15899566,-0.17162517,1.218394656341763,1.0,0.0045869504,0.26656824,0.017207416,0.008524406865589,0.0154996326617893,0.033435628,0.06542489,0.020610591,0.045738224,0.03460929,0.07168153,0.019488642,1.3377722,0.9442354,2,2,2,2,0.8761798195549537,-0.2373282990016013,0.3223874333524795,0.891031366865699,False,0.0,boxbrawl,CLIPese,True,mature,0.76675,strong,True,mature_readable,210,0.35787850618362427
343,croco,high_maturity,420,chocol,0.72727275,0.2490867198319658,1.0,0.0088318745,0.7596233,0.011626651,0.9671052631578948,0.9789473684210528,0.12503946,0.09578774,0.16184321,0.13509431,0.14842162,0.12963316,0.12217079,0.2894874918427654,1.0,0.0075280652,0.78411126,0.009600761,0.9540339335180054,0.9737734165923284,0.18231152,0.13872167,0.11793961,0.1785243,0.2214436,0.121289276,0.14926746,0.3380824416672745,1.0,0.00921362,0.6652869,0.013849093,0.4167054200542692,0.7984275680142385,0.1732198,0.14312574,0.014105156,0.058905732,0.15702811,0.027250677,0.03733327,0.3433282102765614,1.0,0.003921583,0.2605821,0.015049319,0.001475162513429,0.0062523424937324,0.035573393,0.034535218,0.09514879,0.12361554,0.1764443,0.17814448,0.18573795,1.5625923000000002,0.93107957,2,2,2,2,0.3049962159046417,-0.0485949498245091,0.0052457686092868,0.8718797578890554,True,1.64,croco,English,True,mature,0.8108000000000001,strong,True,mature_readable,211,0.4032434821128845
718,blueribbon,high_maturity,192,blurmonet,0.6315789,1.1201869750865203,1.0,0.01024602,0.6648772,0.015410394,0.986842105263158,0.9769736842105264,0.17280343,0.1539883,0.081952915,0.084993824,-0.08803494,-0.1099305,-0.111535214,1.0126872146813477,1.0,0.008727853,0.6651161,0.013122301,0.9430732002419844,0.9507483270030748,0.23474929,0.21893482,-0.0073629552,0.017869778,-0.011527156,-0.17295793,-0.13211565,0.6912324516355992,1.0,0.0108866375,0.64176977,0.016963463,0.8069629848327211,0.8188016169919015,0.19341932,0.18699932,-0.09011172,-0.11476657,-0.029618727,-0.20771387,-0.18405803,2.36998697434582,1.0,0.003990721,0.19778031,0.020177545,0.0163147987708652,0.0440790811664903,0.05934559,0.05500508,0.07053137,0.050242558,0.15115646,0.08506468,0.067807734,1.36564384,0.91660714,4,4,4,4,1.298523403937322,0.3214547630457485,1.6787545227102207,0.8856998817751262,False,0.0,blueribbon,CLIPese,True,mature,0.7769250000000001,strong,True,mature_readable,212,0.33308085799217224
1366,babyhiro,high_maturity,811,bathrobe,0.625,0.7215251111801133,1.0,0.011118759,0.7046569,0.01577897,0.9336357626349338,0.9605776136247052,0.13958463,0.14555517,0.14986497,0.13808137,-0.04274674,-0.028468424,-0.042228,0.8932722340395793,1.0,0.009347545,0.7118601,0.013131154,0.9738584872777972,0.9606030382077644,0.21064094,0.21766523,0.085426114,0.13683395,0.066655256,-0.004061116,-0.019969486,0.956518584132529,1.0,0.011305333,0.68194646,0.016578035,0.6367139591307795,0.8813803237048852,0.21928245,0.20249538,0.034459054,0.068599515,0.13128503,0.018808628,-0.006205755,3.3066915710916005,1.0,0.004975839,0.24037555,0.02070027,0.0082642527847874,0.0566371692767921,0.07835836,0.06733868,0.12265677,0.14644618,0.20661077,0.20708993,0.14042038,1.2091101,0.922748,2,2,2,2,1.4695018751109554,-0.0632463500929496,2.3501729869590715,0.7069544501987516,False,0.0,babyhiro,CLIPese,True,mature,0.8478,strong,True,mature_readable,213,0.49517112970352173
764,bloons,high_maturity,527,bassoon,0.61538464,0.7413262116341832,1.0,0.010343536,0.7733633,0.013374744,0.878105464811454,0.9520098790665984,0.13997209,0.15110914,0.18132254,0.15658112,0.17376083,0.12001465,0.09389484,0.8044262980270656,1.0,0.0077853757,0.7708151,0.010100186,0.902641472101306,0.915723174214606,0.20392548,0.22937767,0.11735304,0.1271029,0.16706313,0.07658177,0.082571544,1.0027785901683994,1.0,0.0097731585,0.72059,0.0135627175,0.641518542335929,0.8647102727251769,0.2089159,0.22420253,0.03787466,0.049170244,0.11646957,0.029437233,0.017432753,-0.0600291537895612,1.0,0.003689036,0.21042794,0.017531114,0.001248562975873,0.0033208917869656,0.02249661,0.028419388,0.03628841,0.045841686,0.05952366,0.063191906,0.07443834,1.3471201499999998,0.93936723,2,2,2,2,0.6221254865100218,-0.1983522921413338,-1.0628077439579606,0.678906615094395,True,1.75,bloons,English,True,mature,0.7886500000000001,strong,True,mature_readable,214,0.4582676887512207
1652,britishfarming,high_maturity,899,britibatman,0.64,0.4657665438511464,1.0,0.011336145,0.69671786,0.016270783,0.9481850498230734,0.9517715186403508,0.12812714,0.12990125,0.18526274,0.17579931,0.15886724,0.033166017,0.014013061,0.7214993035108017,1.0,0.009165792,0.6811478,0.013456392,0.9490358634939376,0.9511429696867384,0.20034294,0.2032313,0.14591613,0.16334927,0.20136705,0.008599333,0.007829513,1.189629213393198,1.0,0.01096586,0.67562586,0.01623067,0.9168308530496896,0.9079949050792128,0.23596947,0.22620846,0.027762854,0.048537053,0.14092088,-0.06391572,-0.051027864,0.0145035221097198,1.0,0.00473876,0.23174511,0.020448156,0.0021984881488673,0.0012395654343499,0.034436345,0.02715171,0.09116874,0.09640938,0.10782503,0.18533975,0.2052406,1.169662725,0.93829113,2,2,2,2,0.5978496457162165,-0.4681299098823963,-1.1751256912834782,0.2251504808269676,False,0.0,britishfarming,CLIPese,True,mature,0.7682249999999999,strong,True,mature_readable,215,0.34191468358039856
965,haunnebula,high_maturity,639,mandelnebula,0.72727275,-0.053389561893757,1.0,0.010256977,0.84738,0.012104342,0.8174679411973695,0.8898508985492869,0.11607491,0.10566578,0.09378618,0.10284213,0.06265457,0.09375761,0.07642503,0.38651693995859,1.0,0.008715674,0.8105067,0.010753365,0.8833154314357322,0.9610526315789472,0.18630968,0.15667076,0.08341114,0.139821,0.09506786,0.07559623,0.067084774,0.1050115216417162,1.0,0.011061235,0.71213776,0.015532438,0.2082389471813113,0.7728001328536823,0.15417904,0.12168534,0.07161296,0.08717732,0.1428515,0.081245445,0.08134738,0.5043914191788916,1.0,0.004947426,0.2890438,0.017116526,0.0020927656793778,0.0060830926831055,0.044496078,0.03662305,0.085766986,0.11145791,0.13113539,0.1413768,0.12583093,1.2946033249999995,0.9225562,2,2,2,2,0.2356325797213602,0.2815054183168738,0.3993798975371754,0.0754209934498238,False,0.0,haunnebula,CLIPese,True,mature,0.769275,strong,True,mature_readable,216,0.33885127305984497
1734,cabbage,high_maturity,616,cathebadge,0.7058824,-0.1216173266847996,1.0,0.01189579,0.67224395,0.017695645,0.8662665998818424,0.938621991024072,0.09872051,0.09398936,0.15092693,0.17227793,0.15920204,-0.08038971,-0.07667234,0.4327185569259472,1.0,0.008918742,0.7324275,0.012176963,0.9737423027768096,0.9737154273584316,0.16249873,0.18128783,0.101641156,0.15025695,0.14623514,-0.11721032,-0.098273166,0.547928245491312,1.0,0.010551048,0.70185894,0.015033004,0.943010186160871,0.956158264961246,0.1478326,0.18716419,0.0073796324,0.038078144,0.078414574,-0.18133634,-0.16278394,2.2106995192360426,1.0,0.0056055347,0.33351249,0.016807571,0.0362728001051135,0.0425553451820687,0.050480574,0.056018975,0.0114928195,0.058377016,0.07156872,-0.086800836,-0.07182774,1.1575575625,0.90850455,1,1,1,1,0.7674322487421256,-0.1152096885653648,1.6627712737447309,-0.0741200075634712,True,3.55,cabbage,English,True,mature,0.8018,strong,True,mature_readable,217,0.4126479923725128
467,cadbury,high_maturity,1488,cuador,0.61538464,0.5306348193932053,1.0,0.012067227,0.78852105,0.01530362,0.9486123396727112,0.948920212078107,0.16680206,0.10140232,0.1717306,0.16579774,0.13179606,0.13128862,0.08203298,0.5310389118993684,1.0,0.009090298,0.76993686,0.0118065495,0.948090686310333,0.9477627731609723,0.21593766,0.15838777,0.09866209,0.15122156,0.13939641,0.06991537,0.026110345,0.7174480524491821,1.0,0.010545729,0.6903001,0.015277021,0.8444789624840311,0.8482479126011351,0.2188128,0.16200027,-0.00696885,0.03128436,0.07424623,-0.0034907078,-0.031148547,0.0158650722111233,1.0,0.005621747,0.30239287,0.018590871,0.0027333684156222,0.0052937282728981,0.035820276,0.018880066,-0.0020627258,0.029355198,0.047111295,0.08215071,0.030766033,1.48264745,0.94412583,1,1,1,1,0.4487467139882198,-0.1864091405498137,-0.7015829802380588,0.94673929328547,True,2.91,cadbury,English,True,mature,0.8377,strong,True,mature_readable,218,0.47769835591316223
1414,archancosmetics,high_maturity,132,anarchnoseoutlines,0.6666667,0.0069325563477935,1.0,0.011561119,0.7461092,0.015495211,0.986842105263158,0.8801378446115289,0.1237713,0.10944709,0.11012918,0.10702711,0.052503124,-0.010059624,0.006008944,0.5290587459888307,1.0,0.009673087,0.7198232,0.013438143,0.9446271929824562,0.9517126148705096,0.19475229,0.1764235,0.09466259,0.10959749,0.11918498,-0.054051083,-0.025071263,0.5700156019353209,1.0,0.010692468,0.6515182,0.016411617,0.807076165368699,0.7474700193386753,0.1809413,0.18651734,-0.015712624,0.011578574,0.046275724,-0.082603216,-0.09037685,-0.0018567384414282,1.0,0.0038659358,0.15157309,0.025505424,0.0030419544690644,0.0030590359539757,0.026292842,0.029106122,0.04756033,0.055500876,0.13725497,0.109895654,0.0827489,1.201533125,0.93812895,2,2,2,2,0.2760375414576292,-0.0409568559464901,-0.571872340376749,0.0818300957831826,False,0.0,archancosmetics,CLIPese,True,mature,0.784975,strong,True,mature_readable,219,0.3628517985343933
682,balkan,high_maturity,547,banan,0.72727275,0.6584766963785396,1.0,0.008882173,0.8386905,0.010590525,0.986842105263158,0.986842105263158,0.15340695,0.113734625,0.20812523,0.17432187,0.14095823,-0.03520142,-0.013741927,0.4523472078807516,1.0,0.0077369744,0.8122047,0.009525892,0.9371345029239768,0.9789473684210528,0.19353776,0.15271203,0.16420606,0.15245341,0.16946414,-0.077130176,-0.037068192,0.7299310625597939,1.0,0.009561727,0.74839145,0.012776371,0.802827965435978,0.908000422743606,0.20674731,0.16840881,0.075270735,0.0699865,0.16135947,-0.038726583,-0.042430047,0.4868884817365642,1.0,0.0031811392,0.19642082,0.01619553,0.0050085131243858,0.0071458959374534,0.03984526,0.037267994,0.11586749,0.09468517,0.15442725,0.036724735,0.07671932,1.37995535,0.956852,1,1,1,1,0.5819108621389123,-0.2775838546790423,-0.2430425808232297,0.9560342438637092,True,3.19,balkan,English,True,mature,0.8488249999999999,strong,True,mature_readable,220,0.505000650882721
952,bunnyhorse,high_maturity,1594,hobbyhorse,0.7,0.3379191819120183,1.0,0.010950927,0.66378593,0.016497679,0.9003189792663476,0.9350877192982456,0.14799874,0.10244462,0.15170893,0.021006295,-0.089072116,-0.023216609,-0.006315333,0.7477109395630522,1.0,0.00863605,0.6667095,0.012953243,0.9354066985645934,0.9789473684210528,0.21503118,0.18119897,0.13533989,0.011063825,-0.008761752,-0.04043221,0.0044062478,0.5247312228788461,1.0,0.010453143,0.6229144,0.016781026,0.4227890527868475,0.7912287229812572,0.19222406,0.16030589,-0.048167054,-0.12491324,-0.08183052,-0.15907878,-0.13135073,0.9346829303552168,1.0,0.004640274,0.21532686,0.021549908,0.0015429858125696,0.0171323938347635,0.033813447,0.04729862,0.049765795,0.059154786,0.09605978,0.06682836,0.10528366,1.297199065,0.92627877,2,2,2,2,0.6362610686772834,0.2229797166842061,0.4099517074763706,0.4002057148631312,False,0.0,bunnyhorse,CLIPese,True,mature,0.77345,strong,True,mature_readable,221,0.37447574734687805
1633,colombiais,high_maturity,876,climbpaws,0.6315789,0.1908994868960778,1.0,0.011398542,0.779146,0.014629533,0.9545739348370929,0.9568515884305356,0.1269065,0.09628253,0.15743795,0.039711654,0.034640793,0.02201602,0.009840766,0.3460608593662112,1.0,0.009425757,0.76402736,0.012336937,0.9608287961282516,0.9739170936190034,0.17815618,0.15197298,0.11413075,0.034940623,0.050393432,0.024945803,0.013795625,0.3733472603188169,1.0,0.011879059,0.74146837,0.01602099,0.8095293380510098,0.8594924812030075,0.1715359,0.14310035,0.020769734,-0.075367115,-0.014843839,-0.040854394,-0.057355724,0.4925987402084587,1.0,0.0048557585,0.24291053,0.019989906,0.0032206113525883,0.0078127568602007,0.04499334,0.0325139,0.0723515,0.06749949,0.14251322,0.13573436,0.107015096,1.172020175,0.94291157,3,3,3,3,0.3507265866973911,-0.0272864009526056,0.1192514798896418,0.1236291697701839,False,0.0,colombiais,CLIPese,True,mature,0.8187499999999999,strong,True,mature_readable,222,0.45492762327194214
552,fluorsquirrel,high_maturity,1231,fluorblurred,0.72,0.6435224451000487,1.0,0.011178377,0.70931625,0.01575937,0.94786584940901,0.9486899065846436,0.16072886,0.12079308,0.060328007,-0.0016001482,-0.061447322,-0.0859046,-0.12473327,0.6859700158722881,1.0,0.009343066,0.7199299,0.012977744,0.9000736075639368,0.9214342417128796,0.23769462,0.17512955,0.052382424,0.007444764,-0.024776626,-0.07666844,-0.11310161,0.6008952457259612,1.0,0.011868161,0.72628605,0.01634089,0.6094705252096639,0.7929989311855831,0.21984261,0.14639318,-0.027604489,-0.061581805,-0.026286399,-0.10285239,-0.13319351,-0.1557721530503559,1.0,0.004039444,0.19143458,0.02110091,0.000728951833825,0.0011216250337937,0.03392764,0.018802065,0.14130117,0.2022143,0.1753054,0.20438966,0.15517014,1.43527995,0.93964666,2,2,2,2,0.4436538884119855,0.0850747701463269,-0.7566673987763171,0.7723925705531876,False,0.0,fluorsquirrel,CLIPese,True,mature,0.7462,strong,True,mature_readable,223,0.45814937353134155
1165,seungcarpets,high_maturity,1440,schnautriplets,0.61538464,0.921153684399755,1.0,0.011012877,0.7080474,0.01555387,0.9763157894736842,1.0,0.15031725,0.14246349,-0.032569647,-0.054822326,-0.02072551,-0.10503432,-0.13206902,0.4512840109403306,1.0,0.008786015,0.6667436,0.013177503,0.9671052631578948,0.9649122807017544,0.18689185,0.16511825,-0.066665396,-0.0706785,-0.027101213,-0.14115748,-0.17223126,0.2888690683379007,1.0,0.01074726,0.64837605,0.016575659,0.7331869526281442,0.7908037138300296,0.16850781,0.13961095,-0.08793223,-0.12557,-0.045612693,-0.19695248,-0.21529123,-0.336551146932718,1.0,0.0054020425,0.33077264,0.016331589,0.0083703934137608,0.0084406700876316,0.0160783,0.009470461,0.013053453,0.0001375135,0.022478383,0.023300156,1.6361475e-05,1.246731525,0.9415,2,2,2,2,0.3311889041863171,0.1624149426024299,-0.6254202152706188,0.270480201160218,False,0.0,seungcarpets,CLIPese,True,mature,0.7293750000000001,strong,True,mature_readable,224,0.3367781639099121
930,clawjug,high_maturity,1867,clause,0.61538464,0.6163381844243143,1.0,0.010366768,0.6968424,0.014876775,0.9482306864339533,0.9352012451469136,0.15523653,0.12849994,0.15706371,0.08362294,-0.022636214,-0.06378663,-0.010979297,0.7262094513188075,1.0,0.008814095,0.6840085,0.012885943,0.9286405478421536,0.9248770073331476,0.23405732,0.18371065,0.11197434,0.12119925,0.039112337,-0.055530097,-0.004920911,0.4971479116881554,1.0,0.010731454,0.6294203,0.017049743,0.583373741411949,0.8082820140761616,0.20364511,0.14102931,0.034581013,0.005831013,0.032804493,-0.045222886,-0.033143524,2.420225952500408,1.0,0.00618918,0.3193122,0.019382847,0.0594817702596926,0.0601259604802774,0.061260976,0.027285896,0.11796997,0.1062098,0.11961264,0.16500512,0.1476248,1.30181015,0.9449227,2,2,2,2,1.0649803749829214,0.2290615396306521,1.9230780408122528,0.9415684749289036,False,0.0,clawjug,CLIPese,True,mature,0.7409749999999999,strong,True,mature_readable,225,0.2845517694950104
1287,barktasmanian,high_maturity,425,azerbaitasmanian,0.7586207,0.4444113568825149,1.0,0.012090108,0.76086384,0.015889976,0.8610054816651576,0.9090281017663924,0.14806351,0.12591523,0.0993328,0.09415859,0.014194703,0.0911504,0.05879925,0.6421173768631525,1.0,0.009634337,0.7319727,0.013162154,0.8971748437554673,0.929916671018302,0.21176991,0.18871035,0.02165951,0.02853268,-0.0010638535,0.04107745,0.030429479,0.3382909236796423,1.0,0.011223717,0.6557714,0.01711529,0.5523146270186491,0.5981748163142548,0.18227129,0.16168939,-0.01247902,-0.022813229,0.011460807,0.017301578,0.01124838,2.012082910873037,1.0,0.0054064402,0.28978446,0.018656764,0.0145499023943497,0.0283036483889432,0.062715404,0.062121868,0.068512365,0.107459806,0.10188004,0.17909159,0.11947113,1.2245577925,0.92961407,2,2,2,2,0.8592256420745866,0.3038264531835102,1.6737919871933946,0.4204981579578373,False,0.0,barktasmanian,CLIPese,True,mature,0.758225,strong,True,mature_readable,226,0.3094562590122223
859,crystpng,high_maturity,947,crystplot,0.7058824,0.201639765896637,1.0,0.010107625,0.7413381,0.0136343,0.8627699055330634,0.8537593984962406,0.13827865,0.12957206,0.08745289,0.06936665,-0.040211156,-0.03612318,-0.09706576,0.3511982704147004,1.0,0.008281373,0.7330904,0.011296524,0.911027568922306,0.9362348178137652,0.1753009,0.17236555,-0.010694493,0.019573662,-0.041744526,-0.053466372,-0.06910251,0.1465388761391955,1.0,0.00975784,0.6114314,0.01595901,0.5905397765899655,0.7739035087719299,0.15196863,0.1317033,-0.025370922,0.00948229,0.036893167,-0.036790635,-0.046525553,0.7360184076469882,1.0,0.004896218,0.24097468,0.020318393,0.0098709960957309,0.0268384700365053,0.02780497,0.023865288,0.031046988,0.08354475,0.09016585,0.055225525,0.006389142,1.317246425,0.9083705,2,2,2,2,0.3588488300243803,0.2046593942755049,0.5894795315077928,0.029347532482233,False,0.0,crystpng,CLIPese,True,mature,0.720725,strong,True,mature_readable,227,0.4224274456501007
1620,onette,high_maturity,1742,poinsettia,0.625,0.1633719386260727,1.0,0.009652308,0.78343356,0.012320519,0.9019033109313064,0.8829256838127132,0.17239875,0.079858005,0.17554587,0.13884957,-0.0707383,-0.05941308,-0.053152576,0.6775839545245167,1.0,0.00864042,0.78337336,0.011029759,0.901845233386787,0.9539635627530364,0.27001104,0.12851018,0.18017605,0.17859325,0.11218921,0.014137443,0.0048179068,0.2494188035018153,1.0,0.009805425,0.65123177,0.015056737,0.04902959918441,0.8351572300203552,0.2154632,0.07802558,0.15279362,0.16427366,0.15625705,0.018191533,0.027214628,-0.2910767867813764,1.0,0.0041510398,0.20109037,0.020642659,0.0016667951476042,0.0117806521651699,0.018851088,0.0037637409,0.088656485,0.10301355,0.075017735,0.03364731,0.07891998,1.173504485,0.92846483,2,2,2,2,0.199824477467757,0.4281651510227013,-0.5404955902831917,-0.1613829111483251,False,0.0,onette,CLIPese,True,mature,0.78635,strong,True,mature_readable,228,0.37681418657302856
130,coralbinary,high_maturity,89,coralpixelart,0.6666667,0.5400818688173495,1.0,0.010690613,0.7751479,0.013791706,0.9345360006350716,0.9345099712141662,0.14486042,0.1297563,0.106460966,0.06867462,-0.028459728,-0.016922545,-0.028850138,0.607869452670954,1.0,0.009203705,0.76277107,0.012066144,0.9343938399148528,0.93509020602534,0.20690192,0.18535388,0.103249475,0.06027457,0.06280662,-0.024078231,-0.05455847,0.1608692276569664,1.0,0.009963237,0.63721025,0.015635714,0.7640906000530553,0.8630887678603978,0.14297217,0.13125181,0.050450366,0.02578833,0.072769634,-0.047666114,-0.059184246,0.3510474954417872,1.0,0.003929283,0.1948337,0.02016737,0.0053888590076512,0.0085452744007894,0.036023926,0.03047051,0.09369187,0.07038772,0.08430291,-0.010309251,-0.036725745,1.847021625,0.9195296,2,2,2,2,0.4149670111467642,0.4470002250139876,0.1901782677848208,1.4756130775941751,False,0.0,coralbinary,CLIPese,True,mature,0.824275,strong,True,mature_readable,229,0.46172869205474854
358,bexhill,high_maturity,1491,achaille,0.53333336,0.7756854703540819,1.0,0.0106230425,0.82142943,0.012932386,0.9366492014286676,0.9737842705623374,0.15699053,0.12965213,0.15889755,0.13726917,0.12391903,0.0923552,0.101698115,0.2781403279185696,1.0,0.009309173,0.7905944,0.011774903,0.934245754949623,0.9474069507590352,0.19746818,0.13421829,0.078662194,0.13961567,0.1566673,0.05767779,0.06721076,0.4029109283133676,1.0,0.010713677,0.673612,0.01590482,0.5174745554225234,0.8123393682850599,0.18844473,0.1380168,-0.021921558,0.036598325,0.11074747,0.027104832,0.026966833,0.3506617983081083,1.0,0.0035443965,0.18885498,0.01876782,0.0018316262937919,0.0102241541905657,0.03987466,0.024542809,0.091409035,0.09151968,0.13298245,0.14029479,0.11439102,1.54872075,0.95907634,1,1,1,1,0.4518496312235318,-0.124770600394798,-0.0522491300052593,1.2996826245321822,True,2.28,bexhill,English,True,mature,0.7769250000000001,strong,True,mature_readable,230,0.3573355972766876
1256,winemeatlessjovi,high_maturity,923,bitmeasles,0.53846157,1.2541110845705798,1.0,0.012318618,0.7086793,0.017382499,0.9737229102167182,0.9737139123203042,0.19251677,0.15220697,-0.013994383,-0.034095075,-0.12203694,-0.17646584,-0.15507545,0.8484181946557031,1.0,0.009491319,0.64653236,0.0146803465,0.960803324099723,0.956312349501204,0.23337962,0.190551,-0.031430498,-0.0025972668,-0.053347524,-0.15358022,-0.15122621,0.8550699658544448,1.0,0.011907926,0.6827957,0.017439954,0.7999026402793165,0.8588725210984257,0.22039655,0.18514231,-0.08938372,-0.085136384,-0.05152614,-0.14430173,-0.13896759,-0.172831319319992,1.0,0.0061666253,0.33338675,0.018496912,0.0013557071085954,0.00168135686628,0.020341128,0.027063107,-0.011294882,0.009082051,0.03692114,0.057849914,0.040727656,1.2284829925,0.92722887,3,3,3,3,0.6961919814401839,-0.0066517711987417,-1.027901285174437,0.2889703423683299,False,0.0,winemeatlessjovi,CLIPese,True,mature,0.770275,strong,True,mature_readable,231,0.34278202056884766
1225,cucumber,high_maturity,27,cubecube,0.75,-0.0443286031213969,1.0,0.010987983,0.71169406,0.015439195,0.9430399141959704,0.9737259154224706,0.11707007,0.07078799,0.12894365,0.12939876,0.06418977,0.030896947,-7.48476e-05,0.2578715975088305,1.0,0.009532859,0.7451755,0.01279277,0.973790322580645,0.9737262485286698,0.18536095,0.1306105,0.07816987,0.11722402,0.15417403,-0.0035046665,-0.030577963,0.6052413466576627,1.0,0.010981056,0.7144987,0.015368896,0.947403934938561,0.947386862390735,0.2181172,0.12757967,-0.022969976,0.0005755294,0.06602331,-0.08125711,-0.10577083,0.1356955319381823,1.0,0.00443958,0.2126086,0.020881468,0.0038986927287286,0.0130559690897451,0.023669051,0.020274049,0.014835157,0.0073230444,0.092281505,0.053176098,0.017327052,1.234471975,0.91257936,1,1,1,1,0.2386199682458196,-0.3473697491488322,-0.4695458147194804,-0.1949651370962517,True,3.41,cucumber,English,True,mature,0.78545,strong,True,mature_readable,232,0.3772772252559662
1055,bandanna,high_maturity,719,banana,0.85714287,0.2666198829477972,1.0,0.010681402,0.77164084,0.013842453,0.8764926412216278,0.9513056289372078,0.15143739,0.08387615,0.20231092,0.18421966,0.10179669,0.10824065,0.09886139,0.9394688070876496,1.0,0.0084781945,0.7877586,0.010762427,0.8980493795839292,0.9737172290827444,0.25405115,0.17821483,0.1875574,0.2020196,0.19182181,0.11081774,0.10787471,0.7608682272974809,1.0,0.010229814,0.675735,0.015138796,0.7436656249320243,0.8666088227815915,0.2316101,0.15467143,0.065348916,0.07385546,0.08668134,0.013364285,0.010124697,0.1983962307593023,1.0,0.003324197,0.18952288,0.017539818,0.0014506029924881,0.0041989950126468,0.03855066,0.028396877,0.15427677,0.21177651,0.24798067,0.256725,0.20840533,1.273734075,0.9495599,2,2,2,2,0.5413382870230575,0.1786005797901686,-0.5624719965381786,0.5809452023169073,True,2.32,bandanna,English,True,mature,0.8601,strong,True,mature_readable,233,0.5435146689414978
1528,rubiamiibo,high_maturity,1585,orbminion,0.6315789,0.9601474029053374,1.0,0.010644327,0.75824213,0.014038163,0.7393624762581481,0.8907841704496573,0.18647598,0.1576969,0.15261166,0.12032693,0.03241407,-0.055988662,-0.073269874,0.5045974642576943,1.0,0.009062131,0.748848,0.012101429,0.9105813520287204,0.8941754385964913,0.22637141,0.16802916,0.1244721,0.12652725,0.054020178,-0.102939904,-0.14457315,-0.1655744532219951,1.0,0.010531822,0.62876546,0.01675,0.1767932185240494,0.2989305621188268,0.16922572,0.120448016,0.1045029,0.07507577,0.09281197,-0.03720551,-0.089772806,1.981228305098886,1.0,0.0045464435,0.23135205,0.019651623,0.0344003368775893,0.0368426671269078,0.057163287,0.04926406,0.17743723,0.1505195,0.14634943,0.046846297,0.042085167,1.187171225,0.90756637,2,2,2,2,0.8200996797599807,0.6701719174796894,2.146802758320881,0.0199829075604058,False,0.0,rubiamiibo,CLIPese,True,mature,0.7528250000000001,strong,True,mature_readable,234,0.3737182021141052
1273,starcruises,high_maturity,1344,staffies,0.6315789,0.0488740671348995,1.0,0.011874747,0.78419095,0.015142674,0.8733820886313644,0.9361372180451129,0.11816575,0.09649157,0.12698959,0.12411849,0.05060016,0.08437606,0.0913335,0.2292710777222235,1.0,0.010101476,0.79840183,0.01265212,0.9222818638647784,0.9352563239694752,0.17290914,0.1548858,0.09093757,0.15661564,0.14658755,0.1023789,0.11960911,-0.1287152449548243,1.0,0.011954833,0.7049837,0.016957602,0.1402844724657445,0.2973617096919304,0.15576312,0.14142938,0.06875177,0.111937284,0.11230369,0.09302685,0.10363615,0.1315086888059097,1.0,0.003929563,0.22572975,0.017408263,0.0009458815487545,0.0059439756096231,0.02625205,0.030940866,0.058427226,0.13213432,0.11768347,0.12405001,0.13867638,1.2268681099999998,0.9502998,2,2,2,2,0.0702346471770521,0.3579863226770478,0.260223933760734,0.1605982120900194,False,0.0,starcruises,CLIPese,True,mature,0.7544,strong,True,mature_readable,235,0.316179484128952
1084,atarshark,high_maturity,1746,abstrshrek,0.7368421,0.4650041137191006,1.0,0.01053743,0.71832967,0.01466935,0.961168164313222,0.9614035087719298,0.15510875,0.09969936,0.15851517,0.106873795,0.07453522,0.04091397,0.014945369,0.8284629826752757,1.0,0.008933101,0.7300737,0.012235889,0.8817768104471707,0.9739072256913468,0.23686042,0.17608173,0.13135724,0.12814936,0.15579145,0.018107003,0.043897677,0.7353752321171564,1.0,0.010584117,0.649526,0.01629514,0.6376560208016421,0.8488806303290032,0.22278301,0.16127796,0.025051238,0.011196451,0.09747011,-0.06393254,-0.033353984,1.5577239712712396,1.0,0.0041874517,0.17338827,0.02415072,0.034154080972838,0.0318385186082344,0.05020975,0.041244533,0.11573787,0.15951633,0.20454079,0.16841835,0.16808476,1.267426825,0.941056,2,2,2,2,0.8966415749456931,0.0930877505581193,0.8223487391540832,0.6959014609615795,False,0.0,atarshark,CLIPese,True,mature,0.7997749999999999,strong,True,mature_readable,236,0.41558825969696045
360,chinchilla,high_maturity,340,clipchiclip,0.5714286,0.4885700377762435,1.0,0.010286727,0.69370145,0.014828753,0.9224263488910956,0.9221233230134158,0.174277,0.10035211,0.13336527,0.07589878,-0.0106785055,0.028396863,0.01358862,0.5592108372845342,1.0,0.008934378,0.72408664,0.012338824,0.9137997432605904,0.9434885290148448,0.22650206,0.15492451,0.13555911,0.14322613,0.1215349,0.069770485,0.07173728,0.4060718625650834,1.0,0.010389201,0.62604535,0.016594967,0.4863736079743729,0.7735615882192309,0.20732349,0.12472949,0.025303127,0.04629447,0.11243569,0.04030562,0.024830567,0.6291005627505164,1.0,0.0039437036,0.15463711,0.025502957,0.0018701064263051,0.0126761008483987,0.0437639,0.031836677,0.113923706,0.10651646,0.1554093,0.14172015,0.097678244,1.548095725,0.9303492,3,3,3,3,0.5207383250940945,0.1531389747194508,0.223028700185433,0.9735111773373196,True,2.57,chinchilla,English,True,mature,0.759875,strong,True,mature_readable,237,0.36546698212623596
1340,banknomugshot,high_maturity,111,banknopassport,0.6666667,0.4115346627702902,1.0,0.011484583,0.71744967,0.016007511,0.925877192982456,0.9,0.13944836,0.1341043,0.1276031,0.11021504,0.090557605,0.03609261,0.02851913,0.7492629282712797,1.0,0.009580891,0.7037815,0.013613445,0.9068717534058612,0.9430576441102758,0.2126876,0.19971113,0.13819337,0.14841497,0.1105613,0.014091921,0.007062775,0.8218747419931972,1.0,0.0113056125,0.6760604,0.016722785,0.7755256172626785,0.7940245495416317,0.21323596,0.1951123,0.015401732,0.006781957,0.055140268,-0.049486455,-0.061895885,1.5502416197808675,1.0,0.004844889,0.25891078,0.018712582,0.0313063789214242,0.0326510203403038,0.037239622,0.049091727,0.09914155,0.09322021,0.14052646,0.09884247,0.055225093,1.213506275,0.9278062,4,4,4,4,0.8832284882039088,-0.0726118137219175,0.7283668777876703,0.3869721477125056,False,0.0,banknomugshot,CLIPese,True,mature,0.754475,strong,True,mature_readable,238,0.43356651067733765
1555,militarypretzels,high_maturity,1918,interpreted,0.5925926,0.2885004144905278,1.0,0.010499929,0.6328294,0.016592037,0.94818024157758,0.925677709538824,0.1264475,0.12133622,0.0960459,0.0707162,-0.00082198204,-0.08475591,-0.08592203,0.5279506011153181,1.0,0.009675052,0.6595474,0.014669229,0.9479335357624832,0.9506821712953972,0.18671279,0.18433833,0.051114455,0.020548457,0.0046532466,-0.13657509,-0.14503008,0.4708142867678013,1.0,0.010739866,0.61245507,0.017535761,0.7270956235976873,0.8414360613070607,0.1733402,0.1623397,-0.04679407,-0.055280104,-0.009271687,-0.22621673,-0.22291136,-1.4462530429157092,0.8888889,0.0036202066,0.16103694,0.022480598,0.0021979869493643,0.0017342211628007,0.0077479356,0.0018501099,0.085886165,0.054375693,0.13403329,0.08212429,0.028707542,1.1831781,0.9120028,2,2,2,2,-0.0397469351355154,0.0571363143475168,-1.9170673296835103,-0.5127595985374167,False,0.0,militarypretzels,CLIPese,True,mature,0.7127749999999999,strong,True,mature_readable,239,0.33736100792884827
1390,footbath,high_maturity,738,foxotters,0.5882353,0.4109389871810435,1.0,0.011354738,0.73272675,0.015496552,0.9737199171606084,0.9737213272956722,0.13074045,0.11169795,0.019682296,0.023385901,0.086540684,-0.059655942,-0.0035933894,0.4629264249499595,1.0,0.008947402,0.7356809,0.01216207,0.9342287505467268,0.942998185841172,0.18456478,0.1790439,-0.035195015,-0.018115051,0.03006106,-0.09939406,-0.05884463,0.4224477568301276,1.0,0.01069067,0.6922092,0.015444277,0.4016890214295222,0.8627725989331488,0.16740626,0.15621856,-0.07481467,-0.062019534,0.0559755,-0.1097749,-0.0723522,2.177565946387596,1.0,0.0040695914,0.20165524,0.020180935,0.0284857990504741,0.0521833779955637,0.044880453,0.04111444,0.009874566,0.033243682,0.12939286,0.060705297,0.095155366,1.20524265,0.9358769,2,2,2,2,0.8684697788371816,0.0404786681198319,1.7551181895574683,0.4615720546513779,True,1.23,footbath,English,True,mature,0.772375,strong,True,mature_readable,240,0.3591258227825165
1297,smolloaf,high_maturity,204,camouflaloaf,0.7,1.0483934082632025,1.0,0.01065088,0.7359583,0.014472124,0.93611548064018,0.9737487100103198,0.18231349,0.13760124,0.04077904,0.030678624,-0.025245896,0.01790915,-0.02739936,0.6752932128795486,1.0,0.008615015,0.7053198,0.012214338,0.8993483916259104,0.9561903808952036,0.21286395,0.18143027,0.012790607,0.07826106,0.06420429,0.020919446,0.014765991,0.4166491122896656,1.0,0.010539217,0.64737666,0.016279884,0.2814987815952021,0.7670333582568645,0.18552032,0.14990039,-0.014910512,0.015172859,0.06674786,0.011515072,0.0020565605,-0.2938562367204153,1.0,0.0036926698,0.19756714,0.018690709,0.0008503611096828,0.0053210856249713,0.022928411,0.012210366,0.057329357,0.115872055,0.11096497,0.13742521,0.13252762,1.222593265,0.93229896,2,2,2,2,0.4616198741780003,0.2586441005898829,-0.7105053490100809,0.1820530481058822,False,0.0,smolloaf,CLIPese,True,mature,0.7510499999999999,strong,True,mature_readable,241,0.3332718312740326
206,blackandwhitenationaldogday,high_maturity,331,blackandwhitelogo,0.72727275,0.9933472005512622,1.0,0.0112611735,0.72835124,0.015461185,0.8968685071082575,0.9101632758808658,0.17626359,0.16343512,0.09051521,0.050842196,-0.12532625,-0.16242284,-0.16635899,0.8932027589839295,1.0,0.00979502,0.7418576,0.01320337,0.8997311937822874,0.9222743039181782,0.2312519,0.21518968,0.034043267,0.07600687,-0.052884206,-0.123640776,-0.1446411,1.165864125858239,1.0,0.011687836,0.7379827,0.015837546,0.7680671850833068,0.8714767168330395,0.24082866,0.2217825,-0.037655994,0.0037298268,-0.052831005,-0.1420336,-0.175288,-1.9322704444625445,0.7777778,0.0032571252,0.10335407,0.031514242,0.0006798922928403,0.0005915480902975,0.0062771393,0.011824302,0.057696473,0.07511669,0.017926581,0.017356642,0.023973197,1.7193553,0.92336017,5,5,5,5,0.2800359102327215,-0.2726613668743094,-3.0981345703207834,1.1293618435443262,False,0.0,blackandwhitenationaldogday,CLIPese,True,mature,0.791575,strong,True,mature_readable,242,0.4033474922180176
110,augmentemask,high_maturity,446,augmenteimages,0.84615386,0.0976239307099052,1.0,0.010115465,0.76927054,0.013149424,0.9737529201594064,0.9430771172535656,0.124301895,0.09345824,0.12827161,0.05741387,0.04317626,0.0185587,0.017622298,0.338322738186627,1.0,0.008566488,0.74070585,0.011565303,0.9430075187969924,0.9177847459090712,0.18849847,0.16593485,0.071671486,0.0844647,0.120530486,0.026189791,0.018626546,0.308583948512501,1.0,0.009745905,0.6646525,0.014663158,0.8456040385864947,0.7215658572808341,0.16652682,0.1549886,-0.026110828,-0.011422103,0.04925263,-0.04295159,-0.053427506,-0.4648987065158942,1.0,0.0038717035,0.20060582,0.019300055,0.0023190426143336,0.0047408972907467,0.014543634,0.010546809,0.09530994,0.09580555,0.17140655,0.12650445,0.12904178,1.913784125,0.9272545,2,2,2,2,0.0699079777232847,0.029738789674126,-0.7734826550283952,1.5017702679937015,False,0.0,augmentemask,CLIPese,True,mature,0.751775,strong,True,mature_readable,243,0.5725081562995911
473,batgirl,high_maturity,1149,catcircle,0.625,0.360275773110992,1.0,0.011539724,0.69740266,0.016546717,0.9005176012285522,0.9350371517027865,0.16684964,0.08689385,0.086822554,0.12321994,0.055857763,-0.078318425,-0.051912926,0.6754707333628781,1.0,0.009215017,0.7106475,0.012967071,0.9264486975013292,0.9487937008140824,0.24976595,0.14970347,0.062272187,0.10646676,0.14462623,-0.064221725,-0.03838641,0.6335259630845413,1.0,0.01057916,0.6488952,0.016303342,0.3466496919957045,0.8317250964509422,0.22532415,0.14165027,-0.05416354,-0.029333407,0.059558213,-0.13000506,-0.1234121,1.693263744856048,1.0,0.005701716,0.29160511,0.019552868,0.0029865149745621,0.0109030857366681,0.08927043,0.056872707,0.02801594,0.029562337,0.108428165,0.09599163,0.09404282,1.478782175,0.944597,1,1,1,1,0.8406340536036148,0.0419447702783367,1.0597377817715066,1.2081923474996286,True,2.68,batgirl,English,True,mature,0.76325,strong,True,mature_readable,244,0.34164053201675415
249,afghcoworking,high_maturity,1315,clowdrawing,0.5833333,0.8321890924728278,1.0,0.011216718,0.6922338,0.016203655,0.9738486842105264,0.960587801278898,0.15827012,0.14063814,0.08695693,0.07575865,0.03218092,-0.023289364,-0.035816282,0.6654468090465355,1.0,0.008733429,0.66577935,0.013117603,0.9270357724988668,0.9605666774297708,0.20764308,0.1828056,0.04698895,0.060426686,0.06830445,-0.032571185,-0.046836846,0.5321808539144645,1.0,0.010205321,0.62990636,0.01620133,0.5741309038976056,0.7978648081725601,0.19046603,0.16259989,-0.043607906,-0.04288453,0.035761416,-0.110192806,-0.105253905,-0.1084929932589846,1.0,0.0052651623,0.27310118,0.019279163,0.0009462087874149,0.0011734793169141,0.030647159,0.023646267,0.095381185,0.1117402,0.15675433,0.10827203,0.11805382,1.6617578000000002,0.94241524,2,2,2,2,0.4803309405437108,0.133265955132071,-0.640673847173449,1.3733665384951843,False,0.0,afghcoworking,CLIPese,True,mature,0.7312999999999998,strong,True,mature_readable,245,0.29524701833724976
1110,asburypark,high_maturity,467,cadbury,0.5882353,0.6112354794827392,1.0,0.01016619,0.7494481,0.013564901,0.9329824561403508,0.9598997493734336,0.13407908,0.1380495,0.14194511,0.13332993,0.11892306,-0.05208765,-0.018718895,0.548863433615747,1.0,0.008212213,0.7258143,0.011314483,0.9044974724947964,0.9740215924426452,0.18574062,0.17830123,0.117376894,0.12314626,0.172618,-0.05785239,-0.03100999,0.4790309556200573,1.0,0.010164699,0.6675952,0.015225841,0.2682182882146346,0.4570565202735073,0.2049137,0.18497162,0.03826488,0.057836045,0.12315884,-0.05520406,-0.031506635,1.0749875525985015,1.0,0.0049335784,0.2949455,0.016727084,0.0019982216568274,0.01542718609268,0.04599897,0.048623417,0.10294237,0.04893672,0.13291708,0.015559534,-0.009209229,1.260633625,0.9471128,3,3,3,3,0.6785293553292613,0.0698324779956896,0.5959565969784442,0.6106909218695258,False,0.0,asburypark,CLIPese,True,mature,0.767525,strong,True,mature_readable,246,0.3541349768638611
1556,hocane,high_maturity,418,chocolate,0.6666667,0.6440312389952254,1.0,0.010530287,0.8037332,0.013101719,0.9301169590643276,1.0,0.13540535,0.123936266,0.18597591,0.16695502,0.0568969,-0.07534742,-0.062775545,0.6132344678707286,1.0,0.008328041,0.79144275,0.010522607,0.810764411027569,0.9789473684210528,0.18390916,0.18850012,0.17202339,0.19053984,0.1438768,-0.042667616,-0.006529523,0.6405754633355921,1.0,0.009678407,0.6515002,0.014855569,0.0227579063312756,0.8883868446368448,0.17265072,0.18889152,0.105320126,0.16431837,0.20385516,0.027856454,0.05484082,0.0100374786482673,1.0,0.0038960364,0.22111931,0.017619612,0.0008962471602735,0.0033406250002012,0.020751059,0.033369794,0.07766184,0.09952808,0.12563182,0.053763002,0.080465265,1.18308531,0.952535,2,2,2,2,0.4769696622124534,-0.0273409954648635,-0.6305379846873248,0.3596154057435066,False,0.0,hocane,CLIPese,True,mature,0.7531999999999999,strong,True,mature_readable,247,0.3643385171890259
1344,staffies,high_maturity,1273,starcruises,0.6315789,0.5350060148743494,1.0,0.011776619,0.8104453,0.014531047,0.9265136525524336,0.9610136452241717,0.16962452,0.09414716,0.19597462,0.17872077,0.11652888,-0.028209474,-0.054440107,0.4842136269058157,1.0,0.009431912,0.8100682,0.011643355,0.8922985758971073,0.9741715399610136,0.22347794,0.13167612,0.17176336,0.21257542,0.19219723,-0.0014502814,0.008514667,0.1621565429964705,1.0,0.011182829,0.71177274,0.015711235,0.3235738891067475,0.7870345352163843,0.18253197,0.10167024,0.050132893,0.08745296,0.14745587,-0.0081899995,-0.0063772416,1.4507276099600637,1.0,0.0043481123,0.2449763,0.017749114,0.0020922121953483,0.0152817900906659,0.068481885,0.051796816,0.08345862,0.16376993,0.20214202,0.1316525,0.14007986,1.21283695,0.9340596,2,2,2,2,0.6580259486841749,0.3220570839093452,1.2885710669635932,0.3141280166935419,True,1.51,staffies,English,True,mature,0.799025,strong,True,mature_readable,248,0.426821768283844
881,churcheshour,high_maturity,60,cougarcougar,0.5833333,0.3459616483929424,1.0,0.010550788,0.80201274,0.013155387,0.6267572003294287,0.9760765550239237,0.14095125,0.093115576,0.21545224,0.13376656,0.06184558,-0.03807526,-0.04109412,-0.0239311888172064,1.0,0.009378952,0.8146301,0.011513142,0.9484649122807018,0.9493927125506074,0.16977946,0.10961978,0.18093626,0.1916629,0.14235416,-0.02278581,-0.011740455,-0.02661319726524,1.0,0.010536373,0.6867023,0.015343435,0.1946302200430159,0.6382736840036319,0.16566026,0.10353013,0.13240498,0.14503951,0.16359954,-0.012148285,-0.018413171,0.1826002566170773,1.0,0.0036942214,0.1995597,0.01851186,0.0014326449509981,0.003946099920099,0.037253257,0.02899388,0.15460902,0.17417999,0.11300594,0.07782801,0.05555723,1.3124798750000002,0.9090156,3,3,3,3,0.1195043797318933,0.0026820084480336,0.2092134538823173,-0.1352881739248905,False,0.0,churcheshour,CLIPese,True,mature,0.73955,strong,True,mature_readable,249,0.2951502203941345
1347,corkboard,high_maturity,644,chalkboard,0.7368421,0.4832909951978238,1.0,0.009930999,0.7345403,0.013520019,0.9608636977058028,0.974310776942356,0.13451998,0.11639915,0.19118863,0.14299485,0.08291001,0.03063872,0.012401542,0.490338680233393,1.0,0.008514901,0.733363,0.0116107585,0.9066110007051734,0.973734335839599,0.18930523,0.16535217,0.10427371,0.15421924,0.09474905,0.023251122,-0.00202969,0.3776102451085811,1.0,0.0100171575,0.65422946,0.015311383,0.3469070381825028,0.8518393429875118,0.16073279,0.15599826,0.0531447,0.059401613,0.122048944,-0.020822061,-0.054001242,0.7053678755932912,1.0,0.0035480778,0.20008427,0.017732916,0.0042863678364895,0.0182319267127023,0.03645155,0.031299185,0.1139275,0.18437773,0.23959143,0.13126877,0.098461635,1.212519125,0.9370031,2,2,2,2,0.5141519490332722,0.1127284351248119,0.32775763048471,0.254264707226865,True,1.58,corkboard,English,True,mature,0.762775,strong,True,mature_readable,250,0.34678491950035095
270,aardvark,high_maturity,1084,atarshark,0.7058824,0.3578603307725757,1.0,0.0090686595,0.79146856,0.011458016,0.8972520626303521,0.924190575090734,0.17098413,0.08713358,0.2074131,0.16748613,0.1351547,0.10421933,0.08120835,0.3828694391653535,1.0,0.008412791,0.8095347,0.010392131,0.8977304372041213,0.9430342588755354,0.24268723,0.110551134,0.17536,0.21665868,0.1818131,0.12150024,0.1113973,-0.0456136620230371,1.0,0.0104697095,0.7072894,0.014802583,0.1067011928760391,0.4057438421969554,0.21213976,0.084712245,0.13464601,0.18161216,0.21869856,0.15756558,0.1413107,1.2609123157307622,1.0,0.0040188823,0.23543341,0.017070144,0.0043184772085193,0.0194230129296035,0.052851126,0.046058647,0.08736919,0.12621471,0.1315904,0.08862428,0.066212624,1.6358297999999998,0.93515015,3,3,3,3,0.4890071059114136,0.4284831011883906,1.3065259777537994,1.223478962966548,True,2.39,aardvark,English,True,mature,0.7492000000000001,strong,True,mature_readable,251,0.3252662420272827
928,iphonewarhol,high_maturity,1782,specwarhol,0.72727275,0.0588098121252125,1.0,0.011869398,0.72853357,0.016292177,0.921782466863367,0.8450085620352707,0.1373563,0.117133416,0.083382905,0.039258964,-0.047476284,-0.078676835,-0.10146202,0.4114157730818444,1.0,0.009877487,0.70729315,0.013965195,0.9737073148190932,0.9189616483068136,0.20880245,0.15822195,0.05937403,0.018604793,-0.004812047,-0.1188689,-0.14538246,0.3272144057478556,1.0,0.010743635,0.62955517,0.017065438,0.781531881449267,0.7949455225167803,0.18069607,0.13390754,-0.004817093,-0.05038269,0.0095702745,-0.14892209,-0.18582885,-0.5416696846726193,1.0,0.004518986,0.2055755,0.021982124,0.0042428390965658,0.0028328370628152,0.016802372,0.008264024,0.004443053,0.0028741327,-0.046261553,-0.029594127,-0.05031664,1.302229875,0.93659407,2,2,2,2,0.0639425765705733,0.0842013673339888,-0.8688840904204749,0.1590880952070342,False,0.0,iphonewarhol,CLIPese,True,mature,0.7511000000000001,strong,True,mature_readable,252,0.32847660779953003
1640,powderham,high_maturity,1648,pomegran,0.5882353,0.7060348995836004,1.0,0.0102430815,0.7225098,0.014177083,0.9339114832535886,0.9789473684210528,0.13121888,0.14413978,0.15562409,0.17777526,0.089441314,0.060313575,0.069699384,0.7110742852974244,1.0,0.00789178,0.6997251,0.0112784,0.8826810616284301,0.9752321981424148,0.18460159,0.20570211,0.14921936,0.1943699,0.16380455,0.10244874,0.11905271,0.2377340299638861,1.0,0.009056675,0.5788602,0.015645703,0.1856195755434918,0.7038289246973765,0.14688048,0.1639921,0.10241008,0.15869735,0.17361405,0.11764982,0.10411422,1.8304655366841995,1.0,0.0037541355,0.16729657,0.022440001,0.0231357168840416,0.0408278542931225,0.031630367,0.053267322,0.12217137,0.13555668,0.14798777,0.20011908,0.16204573,1.1710079575,0.9517898,2,2,2,2,0.8713271878822777,0.4733402553335383,1.5927315067203134,0.587422959386935,True,1.06,powderham,English,True,mature,0.732125,strong,True,mature_readable,253,0.2899090349674225
1410,labrada,high_maturity,1644,labraherd,0.75,-0.8100096814395414,1.0,0.010257711,0.74210006,0.013822544,0.8862038542624935,0.7263872259516687,0.11459761,0.08533478,0.09483689,0.1560391,0.051563676,0.011336199,-0.014878348,0.2416041846491099,1.0,0.008742309,0.77369976,0.011299356,0.9215774722801592,0.9104991075704147,0.19311298,0.14878957,0.10414508,0.18348987,0.1316702,0.110453516,0.07899337,0.2375974165961168,1.0,0.010941385,0.67864573,0.016122382,0.1933965814772639,0.783238533346806,0.17880091,0.12038321,0.10800576,0.14174034,0.168889,0.15200022,0.12917207,1.6244016332353195,1.0,0.00451701,0.2654367,0.017017277,0.0041121052432618,0.0162274496211292,0.081486374,0.049483187,0.08262758,0.13093594,0.1424365,0.13353792,0.10354683,1.201940575,0.92962337,2,2,2,2,0.3233983882602512,0.0040067680529931,1.3868042166392027,0.004875844904318,True,1.24,labrada,English,True,mature,0.7328,strong,True,mature_readable,254,0.35627540946006775
1464,yeahkernel,high_maturity,1846,gathere,0.5882353,-0.0952741315885944,1.0,0.011086852,0.70674527,0.015687197,0.9496278575225944,0.9347414361001316,0.12660508,0.07177437,0.013221979,0.035898607,0.03726344,-0.08766379,-0.13894047,0.421473466055799,1.0,0.008993571,0.72658783,0.012377816,0.9343269678621332,0.9738043739485702,0.2039537,0.14000085,-0.00019084103,0.043783948,0.09703359,-0.06590931,-0.07206121,0.0202953097938913,1.0,0.011322126,0.70732814,0.016006893,0.610205794249172,0.6863782793360034,0.17804909,0.0931597,0.050014187,0.058617428,0.14683074,-0.01517274,-0.03925832,-0.4782934837756147,0.8888889,0.0050006006,0.2630958,0.019006768,0.0065326071698297,0.0038741926234584,0.04322039,0.022288207,0.1092601,0.052579235,0.0814926,-0.026682567,-0.017128803,1.194913325,0.92464566,2,2,2,2,-0.0329497098786296,0.4011781562619076,-0.498588793569506,-0.3168051016689831,False,0.0,yeahkernel,CLIPese,True,mature,0.77265,strong,True,mature_readable,255,0.3842061758041382
1662,rummiku,high_maturity,1333,rumbomile,0.625,-0.3087452448016361,1.0,0.010340279,0.8076322,0.0128032025,0.7743283919870585,0.8726745377065539,0.14022785,0.059114505,0.15735623,0.11844148,0.06898073,-0.021159591,-0.042665765,0.2646645527735502,1.0,0.008393444,0.81327707,0.010320522,0.9131790149531128,0.9606259968102072,0.21773452,0.106828704,0.12597011,0.114640355,0.14088152,0.012510639,-0.016867133,-0.1855145417344407,1.0,0.010296723,0.707166,0.014560546,0.0613156643351138,0.527952465713355,0.17912403,0.07479722,0.083468296,0.09408276,0.19542587,0.035585232,0.012450151,3.469144070669224,1.0,0.0049106516,0.28015324,0.017528448,0.0119981209210679,0.0738895290709328,0.074090235,0.04796678,0.10773055,0.0802203,0.22293483,0.14112851,0.049264535,1.16844669,0.9415133,2,2,2,2,0.8098872092266743,0.4501790945079909,3.6546586124036646,0.4070435222922071,False,0.0,rummiku,CLIPese,True,mature,0.76755,strong,True,mature_readable,256,0.3737182021141052
1737,africanshep,high_maturity,390,africanmap,0.7619048,0.7987075502519592,1.0,0.010416926,0.6766499,0.0153948525,0.9038118064337312,0.9245629660331864,0.16262643,0.1474742,0.10282799,0.09711114,0.017125785,-0.043925647,-0.076707914,0.7655147829361836,1.0,0.009258322,0.69439834,0.013332869,0.8917140279982569,0.9605483742886134,0.21736042,0.19015115,0.10448717,0.14720692,0.13185073,-0.024858624,-0.03434991,0.7545081179754649,1.0,0.010518881,0.62853026,0.016735679,0.3586165440540489,0.8522711607389027,0.21580106,0.17157972,0.05191172,0.070021644,0.14154759,-0.011621457,-0.019678285,-0.1982942583700784,1.0,0.0034206135,0.1483142,0.02306329,0.0010557030904362,0.0032058461164574,0.028714992,0.016712278,0.120350085,0.18250501,0.22341712,0.18623503,0.15584865,1.1568523,0.92791206,2,2,2,2,0.5301090481983823,0.0110066649607186,-0.9528023763455432,0.0147344940531824,False,0.0,africanshep,CLIPese,True,mature,0.7432000000000001,strong,True,mature_readable,257,0.31974637508392334
232,coyopups,high_maturity,1740,compupopup,0.6666667,0.5902087972701651,1.0,0.010168429,0.72402376,0.014044331,0.9320175438596492,1.0,0.15705778,0.096598014,0.09818818,0.11365001,-0.060484134,0.011160098,-0.01294803,0.4541074825490853,1.0,0.008627759,0.7293049,0.011830113,0.9750692520775625,1.0,0.19821675,0.13915586,0.1039227,0.13713838,0.011659967,0.048709173,0.033292085,0.1421235371722381,1.0,0.010884389,0.687277,0.015836975,0.157012781478398,0.7329036024462375,0.17848891,0.1094819,0.045071516,0.06536965,0.024868373,0.0038948331,0.0043117693,1.5757455901166249,1.0,0.0064342353,0.35792097,0.017976692,0.0011395267052182,0.0052121368235241,0.0803477,0.067634925,0.119618885,0.123818055,0.096679635,0.14885789,0.15601644,1.680884875,0.9242663,2,2,2,2,0.6905463517770283,0.3119839453768471,1.4336220529443868,1.3264315593117018,False,0.0,coyopups,CLIPese,True,mature,0.8172,strong,True,mature_readable,258,0.4859328866004944
1483,caracas,high_maturity,961,canadas,0.71428573,0.4296004192640472,1.0,0.012167371,0.74836713,0.016258558,0.973952738990333,0.97400513478819,0.13540982,0.10928271,0.10951415,0.10248181,0.021267744,0.009995645,-0.0062749973,0.4641292637559063,1.0,0.008787852,0.7120156,0.012342217,0.97422126745435,0.9743589743589742,0.19593576,0.15443388,0.09007302,0.114188515,0.07377973,0.0018740762,-0.019881621,0.4505302987933866,1.0,0.010447808,0.67072034,0.015576995,0.7083340642167455,0.8811960456697299,0.18480954,0.14125733,0.0233333,0.033847306,0.08467962,-0.018349778,-0.024252769,1.5951773581732798,1.0,0.0051393695,0.32914484,0.01561431,0.0043463975887932,0.0309958704481774,0.040471356,0.052017067,0.029372497,0.05247489,0.02913108,0.05395757,0.047387436,1.1924459500000002,0.9516503,1,1,1,1,0.734859334996655,0.0135989649625197,1.1446470593798932,0.5446389963855572,True,3.29,caracas,English,True,mature,0.80145,strong,True,mature_readable,259,0.45622989535331726
1577,rattmitztrees,high_maturity,1698,adopttrees,0.6086956,0.5495339373942938,1.0,0.011025956,0.66160524,0.01666546,0.93455599888874,0.948957720740118,0.1445235,0.12517829,0.11878338,0.028573498,0.020809574,-0.05494374,-0.06736146,0.6898715625950067,1.0,0.009773159,0.70498246,0.013862982,0.9343357124841908,0.9168758302500194,0.22317977,0.19160156,0.08746107,0.045905508,0.08837258,-0.043099068,-0.06351296,0.4323742069602804,1.0,0.011388462,0.64073503,0.017774059,0.5573548272630436,0.7430993338276043,0.19454427,0.14700677,-0.0152233895,-0.096049905,-0.03061026,-0.08763321,-0.09746739,1.286717005671964,1.0,0.005732619,0.32562032,0.017605225,0.010638569303372,0.029700521707895,0.053741787,0.028222227,0.039898276,0.09418209,0.122158736,0.10485044,0.06726803,1.18009225,0.938611,3,3,3,3,0.7396241781553863,0.2574973556347263,0.8543427987116835,0.3498924433801161,False,0.0,rattmitztrees,CLIPese,True,mature,0.764375,strong,True,mature_readable,260,0.3761691451072693
880,catpillow,high_maturity,1840,allows,0.6666667,0.7278620148654215,1.0,0.010650328,0.71619815,0.014870645,0.9214476655553046,0.9518327067669172,0.16433634,0.12602064,0.20008454,0.19993028,0.06732383,0.018118061,0.023914535,0.7535653599452588,1.0,0.008920861,0.71088654,0.012548924,0.8983340889559149,0.9478654509746972,0.2295373,0.18226789,0.1418178,0.17679887,0.17732133,0.010550603,0.024842504,0.2114784205221385,1.0,0.010481596,0.6303142,0.016629161,0.1081003447815778,0.4484102663413764,0.20207703,0.13806878,0.054085124,0.051146295,0.10510786,-0.0641623,-0.05753327,-0.1899339156656662,1.0,0.0043860925,0.22217351,0.019741744,0.0009232938505459,0.0017309424475058,0.034958947,0.015137936,0.08883419,0.09883808,0.14680025,0.103600815,0.124144845,1.31279205,0.92989415,2,2,2,2,0.3757429699167881,0.5420869394231203,-0.4014123361878047,0.3082374536085271,False,0.0,catpillow,CLIPese,True,mature,0.7623000000000001,strong,True,mature_readable,261,0.3720116913318634
1619,asserrotterdam,high_maturity,1977,asserted,0.72727275,0.6919252620925468,1.0,0.011877944,0.77340513,0.015357984,0.956211092246746,0.9738999137187232,0.1483143,0.1280358,0.11462011,0.109783515,0.027304329,-0.0137848165,0.017997745,0.393465138516184,1.0,0.010116688,0.7314122,0.01383172,0.924842139674128,0.9079449578143832,0.20308037,0.16560614,0.0864914,0.12068574,0.1116319,-0.0237341,0.0088389665,0.5323502526970786,1.0,0.011324036,0.65892553,0.017185608,0.3575258712253952,0.7043554923062458,0.1915823,0.17445613,-0.0074863797,0.04790256,0.072493546,-0.03444016,-0.01207828,0.1045232736376871,1.0,0.0040921792,0.18476108,0.022148492,0.0016179170590529,0.0046207330210113,0.041705873,0.020345652,0.09615539,0.060137004,0.11019491,0.07067339,0.032375053,1.17356425,0.94730777,2,2,2,2,0.4305659817358741,-0.1388851141808946,-0.4278269790593915,0.2380229931522603,False,0.0,asserrotterdam,CLIPese,True,mature,0.734225,strong,True,mature_readable,262,0.3110235929489136
382,bhaibanana,high_maturity,719,banana,0.75,0.3734079863784096,1.0,0.011178891,0.7840502,0.014257876,0.8959762252438079,0.9257111006013108,0.13328211,0.12480774,0.12340681,0.11322723,-0.05838583,-0.038820922,-0.08698639,0.4402772646846394,1.0,0.008740226,0.77039945,0.011345057,0.9371590512350528,0.930128893662728,0.18030049,0.1850925,0.084787145,0.10682501,-0.03219299,-0.0022894097,-0.041366886,-0.0256132962613583,1.0,0.011026907,0.68679774,0.016055537,0.0915406882616759,0.3779971121410185,0.13478671,0.17130864,0.008974634,0.024412699,0.0038091429,-0.008765598,-0.04718329,-0.2198395700516918,1.0,0.005312762,0.26659116,0.0199285,0.00112927517976,0.0018770914944646,0.014813826,0.028377147,-0.0032473747,0.040674273,-0.029434625,0.044572543,-0.0061941673,1.5263825,0.926104,2,2,2,2,0.1420580961874997,0.4658905609459977,-0.1942262737903335,0.6111726194021377,False,0.0,bhaibanana,CLIPese,True,mature,0.793325,strong,True,mature_readable,263,0.4427858591079712
1247,cnblue,high_maturity,1867,clause,0.6666667,0.1913937430328667,1.0,0.0136242,0.8489919,0.016047504,0.9737634749524414,0.973784652470872,0.11420506,0.101559825,0.10989127,0.03624838,0.044061843,-0.08854822,-0.11502539,0.1518544953998226,1.0,0.010308644,0.7915257,0.013023764,0.9232905982905982,0.973765936580582,0.15819153,0.13885106,0.07183277,0.048142843,0.07970497,-0.10491128,-0.08809912,0.5699598785416653,1.0,0.012024616,0.7269942,0.01654018,0.8280007791859941,0.9299802761341224,0.17716178,0.16506246,-0.007916193,-0.053219307,0.060671218,-0.12801728,-0.12838408,-0.2443008698433278,1.0,0.0048922775,0.25575507,0.01912876,0.0016751583595327,0.004217751000173,0.015418587,0.022420889,0.07302721,0.0667556,0.09913628,0.045477405,0.029797167,1.22964555,0.96007276,1,1,1,1,0.1672268117827567,-0.4181053831418427,-0.8142607483849931,0.3589907016566413,True,1.65,cnblue,English,True,mature,0.750825,strong,True,mature_readable,264,0.39141714572906494
1316,beardbeige,high_maturity,327,beachbike,0.6315789,-0.6321443837658374,1.0,0.011155631,0.796398,0.014007608,0.7830448362341955,0.7313574647369661,0.12977062,0.08973494,0.05565494,0.035748553,0.043975245,-0.096082814,-0.07676067,0.4173935305962896,1.0,0.008733228,0.7425912,0.011760479,0.9079105231585264,0.9473825921832044,0.20414881,0.15094006,0.033507887,0.010565206,0.06840567,-0.1313534,-0.14027053,0.3523139071232452,1.0,0.010694711,0.6810059,0.015704285,0.5894698666871581,0.7929978095764498,0.17333885,0.14646953,-0.058488816,-0.09843645,-0.0015072064,-0.19039235,-0.18965177,0.4981326591806394,1.0,0.0068790894,0.40311489,0.017064836,0.0032027972601426,0.0091194638758036,0.051151186,0.025841681,0.024320632,0.05028316,0.10752858,0.081457496,0.05107885,1.21833335,0.9204033,2,2,2,2,0.1589239282835842,0.0650796234730444,0.1458187520573942,-0.1861889593100829,False,0.0,beardbeige,CLIPese,True,mature,0.7467750000000001,strong,True,mature_readable,265,0.3410353362560272
654,bikenyc,high_maturity,518,bikes,0.6666667,0.27264683270905,1.0,0.010326225,0.7341906,0.014064775,0.9087570369046556,0.9214811066126856,0.1447647,0.10348838,0.082162395,0.1716353,0.10112649,-0.02031003,0.0013356148,0.6499248496012322,1.0,0.008142847,0.7314547,0.0111324005,0.9345647431261188,0.9490012911065544,0.24404871,0.15081258,-0.004214351,0.16661176,0.15688582,-0.061152082,-0.039812922,0.8159113250125937,1.0,0.0101088,0.6908443,0.01463253,0.7621448645240977,0.8608974345505177,0.24409091,0.15321806,-0.13196537,0.037849437,0.099414006,-0.105054125,-0.10562119,1.0789345559515382,1.0,0.004999386,0.3239646,0.01543189,0.0032112813293848,0.0167431843063328,0.075179234,0.024624923,0.12866098,0.10470379,0.23010115,0.20747165,0.19730353,1.389769,0.9296596,3,3,3,3,0.7043543908186035,-0.1659864754113614,0.2630232309389445,0.7107614266189302,False,0.0,bikenyc,CLIPese,True,mature,0.7999499999999999,strong,True,mature_readable,266,0.4593740403652191
548,babykubernetes,high_maturity,114,aubergbronte,0.61538464,1.395753099420343,1.0,0.011804504,0.770848,0.015313661,0.9499895985021845,0.9634502923976608,0.1896747,0.17607763,0.109797895,0.09100511,0.016615305,-0.060239583,-0.052402187,1.1068764547626535,1.0,0.00921102,0.70905787,0.0129905045,0.9500835421888056,0.9802631578947368,0.2253203,0.23030768,0.083832406,0.09950875,0.11194251,-0.020066643,-0.019124437,0.9551224880113828,1.0,0.010683786,0.63805103,0.016744407,0.8082468532798321,0.8885043728984826,0.20465988,0.21616383,-0.04394483,-0.011957414,0.048450664,-0.07817882,-0.10525279,2.127328556737518,1.0,0.0046519823,0.25371933,0.01833515,0.0101153926240131,0.0548828742217171,0.025230868,0.04831263,0.07239593,0.07066217,0.12935846,0.13378148,0.107406504,1.437076475,0.9573509,2,2,2,2,1.3962701497329744,0.1517539667512707,1.1722060687261355,1.6486138117304825,False,0.0,babykubernetes,CLIPese,True,mature,0.86925,strong,True,mature_readable,267,0.6137772798538208
808,shefftrees,high_maturity,1252,joshuatree,0.6,0.5673912215883237,1.0,0.010672844,0.82931685,0.012869441,0.9562330121077344,0.9145380259940806,0.17123425,0.11583048,0.17706653,0.17569418,0.10115203,-0.02519004,-0.028917864,0.3005834412263485,1.0,0.008634713,0.7868448,0.010973845,0.9066308522786256,0.8978486564512547,0.20036153,0.15731867,0.1149874,0.15795931,0.10694008,-0.025394043,-0.033775132,0.0565091067412212,1.0,0.010242748,0.65281194,0.015690196,0.2866570681774724,0.5359326187283822,0.16881384,0.13034272,0.06461822,0.080693044,0.12881985,-0.09404162,-0.09043808,-0.3210452606820135,1.0,0.0037832335,0.21018483,0.017999556,0.00119525074557,0.0024310744715063,0.024421541,0.014874447,0.09683698,0.19122441,0.16059965,0.09962665,0.06950547,1.333798675,0.91945523,2,2,2,2,0.1508596272184699,0.2440743344851273,-0.3775543674232346,0.0716474997844995,False,0.0,shefftrees,CLIPese,True,mature,0.7371,strong,True,mature_readable,268,0.32189396023750305
350,crohnscolitis,high_maturity,1870,consists,0.6666667,0.6681098648773012,1.0,0.012075416,0.8278139,0.014587114,0.9739035087719298,0.973932472691162,0.16933878,0.10485885,0.06621449,0.060375992,0.016300607,-0.023232557,-0.010452681,0.3696077328268085,1.0,0.009946856,0.76271975,0.013041298,0.9281088751289988,0.9285321222310434,0.22182707,0.13465065,-0.013954209,0.06305948,0.05232787,-0.033312395,-0.020590687,0.5108303437920096,1.0,0.011122758,0.6561724,0.016950969,0.7640514138583321,0.7773854521297217,0.21756217,0.13371821,-0.1242594,-0.05317253,-0.020007126,-0.09715402,-0.09728798,0.0906661586120937,1.0,0.005019398,0.24758036,0.020273812,0.0016134223126835,0.0017305908738699,0.0429842,0.023870884,0.08322968,0.13034077,0.1490164,0.16827166,0.14245754,1.554834,0.9306658,4,4,4,4,0.4098035250270532,-0.1412226109652011,-0.4201641851799159,0.9187821269628732,False,0.0,crohnscolitis,CLIPese,True,mature,0.76425,strong,True,mature_readable,269,0.38582733273506165
269,beachspelling,high_maturity,1588,beachlife,0.6363636,0.2420945298934642,1.0,0.011134192,0.7309837,0.015231794,0.9478610610827258,0.9539667610440988,0.1284384,0.10209137,0.07949721,0.12450033,0.107845396,-0.056285605,-0.05020503,0.4522830098151359,1.0,0.009195042,0.71620554,0.012838552,0.9737095629246526,0.973717105263158,0.19168334,0.15679911,0.069837786,0.12103363,0.17384098,-0.014689708,-0.026143596,0.8036013865374341,1.0,0.011604653,0.7047742,0.016465774,0.8199878059205051,0.8263575693379996,0.22308668,0.17709452,-0.014428737,-0.0016697254,0.08889392,-0.092397295,-0.0952218,0.2894465264524801,1.0,0.006169763,0.3277455,0.018824859,0.0078397279886379,0.0150532591412885,0.021529073,0.026350118,0.119068764,0.13519508,0.24051389,0.18547173,0.15778862,1.636444725,0.92545015,2,2,2,2,0.4468563631746285,-0.3513183767222981,-0.5141548600849539,1.0711513052930766,False,0.0,beachspelling,CLIPese,True,mature,0.7914749999999999,strong,True,mature_readable,270,0.44689804315567017
426,coralwebcam,high_maturity,140,aglecam,0.6666667,0.2906984341457994,1.0,0.011001,0.70198345,0.01567131,0.9742822966507176,0.9416383701188454,0.12084715,0.120354615,-0.022779182,-0.055711377,-0.10943103,-0.13094696,-0.14938077,0.648189150332215,1.0,0.009086488,0.7046178,0.012895626,0.9474455934557802,0.9541068580542266,0.18404408,0.2052538,-0.023318045,-0.07536043,-0.070880875,-0.17581844,-0.19226591,0.5560959433197271,1.0,0.011484894,0.68410975,0.016788088,0.4303550500205146,0.814476862011488,0.16788624,0.18789764,-0.04251477,-0.10750546,-0.04421109,-0.17167944,-0.17794032,-0.1577872017411071,1.0,0.005327378,0.30407944,0.017519692,0.0009987560519086,0.002171055824891,0.023654828,0.02449111,0.064176716,0.04389154,0.078418985,0.032032944,0.01077548,1.502021675,0.93718153,2,2,2,2,0.3342990815141586,0.0920932070124879,-0.7138831450608343,0.8259712292901543,False,0.0,coralwebcam,CLIPese,True,mature,0.774975,strong,True,mature_readable,271,0.41059961915016174
445,breadbox,high_maturity,476,barbados,0.625,0.7329077918750357,1.0,0.009561058,0.73427147,0.013021149,1.0,1.0,0.15780792,0.112838484,0.18244287,0.11582014,0.11456809,0.11460736,0.06313688,0.5221534945061028,1.0,0.008288667,0.727542,0.011392699,0.8947906576256592,0.9737245103570564,0.1948578,0.1653492,0.12133472,0.08847149,0.17353696,0.09488796,0.047835693,0.1868948701694416,1.0,0.010355675,0.6583943,0.015728682,0.4678463100472165,0.6221940510190204,0.17018597,0.14183603,0.039944753,-0.010384818,0.11723274,0.028485864,0.023048908,2.062606459917729,0.8888889,0.0046878336,0.25232223,0.018578758,0.0246193716118359,0.047033759790727,0.09072951,0.04239272,0.06638464,0.07319441,0.13861963,0.110265106,0.09733943,1.49379665,0.93017465,2,2,2,2,0.8761406541170773,0.3352586243366612,1.8757115897482877,1.0816386409022605,True,1.46,breadbox,English,True,mature,0.750525,strong,True,mature_readable,272,0.35787850618362427
815,gumnutcracker,high_maturity,72,augmentemackerel,0.62068963,0.5223988238541373,1.0,0.012971606,0.75603944,0.017157314,0.9510765550239234,0.954655870445344,0.17706017,0.08811002,0.12934877,0.08293747,0.04996542,-0.04906939,-0.06998078,0.3728428740064738,1.0,0.009443876,0.7179463,0.013154015,0.9357271468144044,0.9528545941123996,0.22376867,0.12247909,0.12014857,0.10577753,0.09219495,-0.025344953,-0.02550591,-0.4619191023612786,1.0,0.009974533,0.59225917,0.0168415,0.0987845350317743,0.1879728524312807,0.17757894,0.070821516,0.04936605,0.03648038,0.069737375,-0.04672771,-0.04269576,2.5073823720254538,1.0,0.0043707374,0.22149588,0.019732816,0.0548328393569588,0.0637282835254731,0.044938106,0.037583485,0.107882634,0.102839865,0.17794406,0.14491913,0.12565523,1.33217125,0.9292846,2,2,2,2,0.7351762418811966,0.8347619763677524,2.9693014743867323,0.5892819848445301,False,0.0,gumnutcracker,CLIPese,True,mature,0.740075,strong,True,mature_readable,273,0.3361293375492096
454,bbcscrambled,high_maturity,773,bbcspecscrambled,0.85714287,1.2596108403581403,1.0,0.011488597,0.8126668,0.0141369095,0.7341008771929824,0.962719298245614,0.20514937,0.14523137,0.117059544,0.11384765,0.15391639,-0.041069824,-0.020687025,1.0945556054608063,1.0,0.009135423,0.775318,0.011782807,0.9139553429027114,0.928453947368421,0.27612728,0.20313555,0.028908592,0.13327391,0.2058973,-0.026435887,0.016652916,0.6327520648355929,1.0,0.010109145,0.6359627,0.015895814,0.7174355436194049,0.7635146743670772,0.21654335,0.15991941,-0.04367813,0.04723657,0.16367114,-0.043619238,-0.026419424,-0.2832020141996651,1.0,0.004227702,0.1965736,0.021506967,0.00278579909102,0.0024424257397233,0.019803232,0.020297091,0.051554143,0.11844816,0.17459801,0.11262273,0.12676361,1.490459525,0.92348415,2,2,2,2,0.6759291241137185,0.4618035406252134,-0.915954079035258,0.8520498156574705,False,0.0,bbcscrambled,CLIPese,True,mature,0.848125,strong,True,mature_readable,274,0.5763851404190063
1181,schwarzcoyote,high_maturity,1435,acoyotes,0.6666667,0.9917679284263822,1.0,0.010901236,0.6692208,0.016289447,0.9189967105263158,0.9552631578947368,0.1795573,0.14124645,0.065366685,0.053405523,-0.004756544,-0.12475769,-0.13903978,0.8179920916642103,1.0,0.008338912,0.65192103,0.012791292,0.912828947368421,0.986842105263158,0.21895657,0.18558109,0.042391073,0.059784807,0.040822916,-0.13379657,-0.15922062,0.3468014600496058,1.0,0.0102288425,0.61024815,0.016761776,0.4554047644211956,0.7496891040878184,0.184041,0.14050129,-0.03169936,-0.041668907,0.030414367,-0.12122639,-0.1378892,0.465339139205451,1.0,0.006728592,0.4191129,0.016054366,0.0013076276885845,0.0035851258442387,0.046430092,0.037627526,0.048572846,0.04760153,0.091634735,0.048653066,0.042102586,1.243983415,0.9299193,2,2,2,2,0.6554751548364123,0.4711906316146044,0.1185376791558451,0.333231748779324,False,0.0,schwarzcoyote,CLIPese,True,mature,0.742925,strong,True,mature_readable,275,0.34289294481277466
821,algermouse,high_maturity,1073,algorimicroscope,0.61538464,0.2767898880850756,1.0,0.010105074,0.7180033,0.014073855,0.9515350877192982,0.9485962699940266,0.106299736,0.12986633,0.029326336,-0.0064998996,-0.012510637,-0.110620536,-0.13800249,0.5579872609680985,1.0,0.007930084,0.6851208,0.011574724,0.9610136452241717,0.9614661654135338,0.16084842,0.20906873,-0.01645983,-0.037161183,-0.012847465,-0.13604917,-0.14326824,-0.0187250838346674,1.0,0.009957976,0.631273,0.015774436,0.2539203702722511,0.5600146198830409,0.11383895,0.16876557,-0.062360406,-0.07048842,0.00241461,-0.10670326,-0.123547934,0.7602133459040719,1.0,0.0056071314,0.3211684,0.017458541,0.0148748950695045,0.0324342114327644,0.017181225,0.022998715,0.0478678,0.06975124,0.12668537,0.08509307,0.077305965,1.330028705,0.9194251,2,2,2,2,0.3940663527806446,0.5767123448027659,0.7789384297387393,0.2264666299488163,False,0.0,algermouse,CLIPese,True,mature,0.743175,strong,True,mature_readable,276,0.34432971477508545
837,pygdeer,high_maturity,298,pygdog,0.61538464,0.4921308188215202,1.0,0.009491901,0.7087183,0.013393052,0.9481895757737164,0.9563412347663052,0.13857946,0.12102129,0.13568328,0.040435966,0.017854143,-0.06103481,-0.060564376,0.3927440145909249,1.0,0.008074337,0.70789623,0.011406102,0.9284037995902402,0.9740829346092504,0.17740697,0.16034067,0.14330761,0.049125202,0.08530313,-0.074872166,-0.06915784,0.5549761136027809,1.0,0.00961568,0.6375126,0.015083121,0.3499195011766809,0.8892412448002004,0.17703845,0.16797999,0.06711631,-0.07631034,0.0051290067,-0.1193694,-0.11930041,0.7299354515413705,1.0,0.004370224,0.23674318,0.018459767,0.0013687939798507,0.0079394452201071,0.043354124,0.045976967,0.07985072,0.08949018,0.120949015,0.05233238,0.060802583,1.32419545,0.924649,2,2,2,2,0.5424465996391492,-0.1622320990118559,0.1749593379385896,0.3802274566259223,False,0.0,pygdeer,CLIPese,True,mature,0.7384750000000001,strong,True,mature_readable,277,0.3363032937049866
1664,attackdoors,high_maturity,1738,attackjar,0.7,0.5058576195420599,1.0,0.010744401,0.7379708,0.014559384,0.956344349245206,0.9504764241606346,0.1602676,0.10412643,0.13984129,0.08159176,-0.0045294315,-0.05052408,-0.077937886,0.7561946867447343,1.0,0.009334452,0.73533493,0.012694151,0.8736147775394599,0.9364150629471468,0.23413695,0.18344708,0.15729326,0.11402434,0.11251572,0.034125023,0.0177295,0.6900138724217054,1.0,0.010881594,0.6451224,0.016867489,0.5967515568827925,0.8442228254954492,0.21718158,0.15899387,0.034461297,0.031844266,0.071796976,-0.019120898,-0.041532062,-0.164587102988322,1.0,0.0037123153,0.23130044,0.016049754,0.0014588837805289,0.0033818055545615,0.029195007,0.017806243,0.042255856,0.065878965,0.10978813,0.12926054,0.10114557,1.16770736,0.91616774,2,2,2,2,0.4468697689300445,0.0661808143230289,-0.8546009754100274,-0.1673141822304447,False,0.0,attackdoors,CLIPese,True,mature,0.7646000000000001,strong,True,mature_readable,278,0.5097315311431885
602,bahamas,high_maturity,374,bathmat,0.71428573,0.5243026738624417,1.0,0.010468805,0.64011097,0.016354673,0.9395510835913312,0.9738466536712151,0.12749214,0.1282651,0.18671882,0.12697141,0.06746507,0.028617276,-0.0036748894,0.8018467889354474,1.0,0.008308718,0.7178486,0.011574471,0.9737176486323816,0.973739149544006,0.20749979,0.19964436,0.16047657,0.16143373,0.16426325,0.035145402,0.03120944,1.0977626018056903,1.0,0.01049961,0.7293678,0.014395494,0.8322618809154189,0.9351141939355432,0.23286214,0.2081099,0.071222864,0.05675826,0.11715964,-0.0032311284,-0.0046237134,1.5440192120408671,1.0,0.0038516968,0.19181135,0.02008065,0.0104284763186732,0.0414466980358705,0.03580495,0.03398415,0.094828844,0.120058134,0.13259998,0.17399327,0.16511491,1.4080668750000005,0.95618504,1,1,1,1,0.9919828191611116,-0.2959158128702429,0.4462566102351768,1.29136410818918,True,3.53,bahamas,English,True,mature,0.855725,strong,True,mature_readable,279,0.5983151197433472
1217,beetles,high_maturity,534,bearantlers,0.6666667,0.057607768069125,1.0,0.010077788,0.67372084,0.014958403,0.9521929824561404,0.9649122807017544,0.12227875,0.08154746,0.17159088,0.11886808,0.119915165,-0.028601829,0.017816633,0.5952757717761724,1.0,0.008534549,0.7045256,0.012113894,0.9515455304928988,0.9554953560371516,0.22451419,0.15742256,0.12322435,0.11412742,0.1246501,0.0339975,0.07496803,0.9527839817304156,1.0,0.010539755,0.6974401,0.015112058,0.6923735665980594,0.8971338229294166,0.23680343,0.18171974,0.018505113,-0.010340361,0.084233426,-0.038215693,-0.017862584,-0.1312313994271342,1.0,0.004060203,0.2534151,0.016021946,0.0015127512583056,0.0022322705510328,0.04217397,0.011918807,0.065954216,0.067777455,0.077450186,0.11355983,0.113329366,1.235964575,0.9233229,1,1,1,1,0.3686090305371447,-0.3575082099542431,-1.0840153811575497,0.0351808483581156,True,3.34,beetles,English,True,mature,0.7897,strong,True,mature_readable,280,0.45620062947273254
1867,clause,low_maturity_control,1927,caused,0.8333333,0.7098014024300184,1.0,0.0109497635,0.7872766,0.013908407,0.9738399252569292,0.9737361154365202,0.16642363,0.11271671,0.17199102,0.16638082,0.07195554,0.048804328,0.03600736,0.8298255788573486,1.0,0.009646637,0.8748864,0.01102616,0.9474204285417102,0.9737172705633432,0.23936467,0.17401297,0.14647144,0.186856,0.16334574,0.101682514,0.10106069,0.8030314449415485,1.0,0.010800598,0.7529769,0.014343864,0.8863939868432806,0.9086549795899987,0.2302023,0.15831569,0.06021448,0.08363141,0.15232813,0.072314076,0.07786267,1.7457685040720243,1.0,0.0047572865,0.2650842,0.017946322,0.0497209046605215,0.054133670556763,0.0354512,0.021976367,0.0463777,0.034372184,0.09469149,0.11061314,0.07963894,-2.13541095,0.9169991,1,1,1,1,1.0221067325752349,0.0267941339158001,0.9427370591304758,-7.650324928141423,True,3.99,clause,English,False,immature,0.918275,strong,True,immature_readable,281,0.5474619269371033
1875,asings,low_maturity_control,1621,asants,0.6666667,0.7057416258358217,1.0,0.0106616905,0.7921143,0.013459788,0.916497975708502,0.963157894736842,0.16771996,0.11539365,0.2500443,0.2109565,0.13419099,0.14381309,0.1522355,1.0491095988382275,1.0,0.008784645,0.81578,0.0107684005,0.9325657894736842,0.9622807017543858,0.26787102,0.18834724,0.23884305,0.22780202,0.25271937,0.18407457,0.22608306,0.9689081367391764,1.0,0.01028747,0.69889474,0.014719628,0.7618150645609386,0.9043859649122808,0.25230035,0.16797328,0.15350452,0.16467382,0.23140627,0.16469197,0.16817167,8.53597555170275,1.0,0.0047385697,0.26745942,0.017716967,0.0462614516169663,0.2062142278067457,0.07380672,0.07577255,0.16700223,0.110080265,0.19394308,0.120374486,0.13982365,-1.757708025,0.917078,2,2,2,2,2.814933728278994,0.0802014620990511,7.567067414963573,-5.537550572397306,False,0.0,asings,CLIPese,False,immature,0.914525,strong,True,immature_readable,282,0.5837708115577698
1913,week,low_maturity_control,1848,weren,0.6666667,0.3736786593419623,1.0,0.0099784555,0.72653025,0.0137343975,0.9407894736842104,1.0,0.15360689,0.074191324,0.25177443,0.15262121,0.11001007,0.0065387273,0.03665722,0.8324192563111923,1.0,0.008578754,0.8131282,0.01055031,0.982456140350877,1.0,0.2537972,0.14899243,0.21049042,0.22407632,0.23735356,-0.020658366,0.04744442,1.342079978991098,1.0,0.010480776,0.78836733,0.0132942805,0.9071637426900584,0.986842105263158,0.29622692,0.18284355,0.12575783,0.12412406,0.26111805,-0.024789143,0.014729411,-0.1215429888553715,1.0,0.0036506352,0.17825954,0.020479327,0.0055764284692719,0.004787794430636,0.02858853,0.017986402,0.06091641,0.07326578,0.14474642,0.078608505,0.082561225,-1.7728165749999998,0.94316715,1,1,1,1,0.6066587264472203,-0.5096607226799057,-1.4636229678464694,-6.727448155560653,True,5.56,week,English,False,immature,0.92755,strong,True,immature_readable,283,0.6929585337638855
1958,assisted,low_maturity_control,1977,asserted,0.75,0.7809224550187012,1.0,0.0109511195,0.7643674,0.014327036,0.973753645327038,0.9737451267056528,0.16318548,0.12430023,0.20181793,0.18468353,0.032020062,0.110281356,0.10135978,0.9227843425603138,1.0,0.009027605,0.7694413,0.011732675,0.9607287449392712,0.9737281433968896,0.24971756,0.17956452,0.11658448,0.20345883,0.23941775,0.14038877,0.12802957,0.7946058354683492,1.0,0.011000494,0.75702417,0.0145312315,0.64315333789018,0.916714426720158,0.22457464,0.16133542,0.042280786,0.13679849,0.23601894,0.12031865,0.123058304,1.3057098102069309,1.0,0.0048830267,0.24854441,0.019646496,0.0272383117721214,0.036427413427721,0.046483487,0.02252539,0.05537498,0.06752713,0.121601954,0.18651031,0.16072604,-2.3208051750000003,0.8869756,1,1,1,1,0.9510056108135738,0.1281785070919646,0.5111039747385817,-8.528672419807611,True,4.1,assisted,English,False,immature,0.91465,strong,True,immature_readable,284,0.5810225009918213
1948,abetter,low_maturity_control,1852,matters,0.71428573,0.5255400109163482,1.0,0.011384053,0.7896734,0.014416154,0.9744582043343654,0.961063372717508,0.16464078,0.097820535,0.18369344,0.23849699,0.11403272,0.08907117,0.09333219,0.8835674351950482,1.0,0.009458249,0.7726624,0.012241115,0.9741302408563782,0.9737445678416222,0.26553187,0.15803878,0.18260208,0.27247164,0.22691731,0.15310104,0.14851436,0.7078960387162426,1.0,0.010873946,0.6619822,0.016426343,0.7953292321713373,0.846858239837459,0.23750892,0.14129312,0.092538394,0.15131547,0.21836343,0.08551867,0.0851209,2.063455229570558,1.0,0.00442963,0.24114636,0.018369053,0.0493697883938506,0.0436938337734016,0.06620324,0.034469344,0.05694209,0.12244523,0.16072108,0.12002648,0.12165662,-2.483459575,0.92495894,2,2,2,2,1.045114678599549,0.1756713964788055,1.3555591908543154,-8.362477569725868,True,1.19,abetter,English,False,immature,0.9072,strong,True,immature_readable,285,0.6623709201812744
1807,claiming,low_maturity_control,1315,clowdrawing,0.6315789,0.5102291802888131,1.0,0.010695683,0.7313824,0.014623926,0.9737916219119228,0.9738177932139996,0.1303265,0.12386292,0.21124566,0.1976703,0.121256575,0.058529787,0.041320466,0.8971798029902831,1.0,0.008765921,0.74584043,0.011753079,0.97377990430622,0.9737520347259904,0.22297364,0.20072284,0.17544036,0.2062925,0.22384676,0.11978364,0.10538697,0.8995308291414218,1.0,0.010717796,0.6969257,0.015378678,0.8554788610871438,0.9430167661657404,0.21336772,0.18912467,0.08253393,0.10583517,0.24422579,0.09608384,0.10510557,2.7740802314929214,1.0,0.0066866227,0.34720528,0.019258413,0.0480193920968426,0.0419470401160046,0.073307335,0.069624364,0.09059757,0.054303266,0.19725513,0.16919796,0.1765992,-2.3333868,0.9294804,1,1,1,1,1.2702550109783597,-0.0023510261511386,1.8745494023515,-7.793933545469524,True,4.33,claiming,English,False,immature,0.9076,strong,True,immature_readable,286,0.685379683971405
1811,defines,low_maturity_control,1822,denies,0.7692308,0.0286781606725747,1.0,0.010750437,0.7545975,0.014246585,0.986842105263158,0.9605263157894736,0.11851124,0.083581164,0.07691274,0.13990334,0.09030246,0.045857042,0.061580323,0.6305436898584547,1.0,0.009404915,0.825259,0.011396321,0.9580200501253134,0.9561403508771928,0.22237,0.1650114,0.007821461,0.15512782,0.18475826,0.07171461,0.04729277,0.7747399766160263,1.0,0.011558454,0.7574015,0.0152606685,0.8992481203007521,0.9503325621746672,0.20676178,0.17106628,-0.082918935,0.0740398,0.19851431,0.038592957,0.012552306,0.5502708149591253,1.0,0.0045516132,0.20527747,0.02217298,0.0215127926249602,0.0106784983003956,0.04024241,0.033932135,0.029033003,0.06717887,0.16767333,0.08955134,0.073909186,-1.971195925,0.9205744,1,1,1,1,0.4960581605265453,-0.1441962867575716,-0.224469161656901,-7.567435555646201,True,3.86,defines,English,False,immature,0.8923,strong,True,immature_readable,287,0.7084875106811523
1825,activated,low_maturity_control,1998,ative,0.71428573,0.4124911088658603,1.0,0.010925455,0.7557022,0.014457355,0.7695014976465554,0.982456140350877,0.12895645,0.10996354,0.15458591,0.1380033,0.04047727,0.012804681,0.051229488,0.899632745950954,1.0,0.0085546775,0.77111375,0.011093924,0.9476013041453192,0.976608187134503,0.22009978,0.20258382,0.1340962,0.17051458,0.14272006,0.07604336,0.08873359,0.6881060187506637,1.0,0.010840536,0.7448595,0.014553799,0.9039704524469068,0.8961662780624844,0.1936519,0.17544109,0.076625794,0.08373163,0.14230704,0.040562328,0.036183536,-0.1924979399697785,1.0,0.003914163,0.17663379,0.022159763,0.039000086668635,0.0066454658010003,0.013984474,0.02183866,0.042516448,0.04325454,0.082649134,0.085433625,0.09062429,-2.30994745,0.90963894,1,1,1,1,0.4519329833994249,0.2115267272002903,-0.8806039587204422,-8.546880034992746,True,4.01,activated,English,False,immature,0.914675,strong,True,immature_readable,288,0.6380712985992432
1912,clashed,low_maturity_control,1867,clause,0.7692308,0.836391666225822,1.0,0.012273075,0.7799219,0.015736287,0.9539473684210528,1.0,0.18423803,0.099582545,0.20899855,0.12785536,0.034322694,0.051310647,0.076822735,0.7519386285956047,1.0,0.009295325,0.81502074,0.011405016,0.9736842105263158,1.0,0.24468161,0.14432667,0.19131759,0.15137553,0.12380356,0.047024556,0.072032966,0.6691078801483628,1.0,0.010905884,0.7288016,0.014964133,0.4897243107769423,0.9561403508771932,0.23214385,0.12422532,0.081391044,0.06132735,0.11306663,0.045940034,0.0775698,1.3242815135282264,1.0,0.004472283,0.20597473,0.021712776,0.0105034930812047,0.0354004577054926,0.037550293,0.032035995,0.083150364,0.07979515,0.15243141,0.1231415,0.11816505,-1.777937825,0.89355755,2,2,2,2,0.8954299221245039,0.0828307484472419,0.6551736333798637,-7.185719834440843,True,3.12,clashed,English,False,immature,0.91245,strong,True,immature_readable,289,0.5670790076255798
1935,succeeded,low_maturity_control,1877,coded,0.5714286,0.3743479412716937,1.0,0.011372334,0.7552688,0.015057334,0.9736842105263158,1.0,0.1357204,0.09156816,0.2007784,0.1336691,0.10344865,-0.024080833,0.0027993303,0.8366397196467064,1.0,0.009133387,0.81774455,0.011168998,1.0,1.0,0.23277995,0.1696592,0.15210484,0.1556478,0.18224052,-0.02701752,-0.01456913,0.861504032866359,1.0,0.011561843,0.8653807,0.013360412,1.0,0.9736842105263158,0.24371973,0.14665143,0.055614308,0.0882114,0.1385157,-0.054454945,-0.03985807,-0.8773866091302542,0.8888889,0.007201538,0.39423832,0.018266967,0.016389307644473,0.0033346902590346,0.02817992,0.013554138,0.039447997,0.043688685,0.043331616,0.021737022,0.028138686,-1.908267,0.85711974,1,1,1,1,0.2987762711636261,-0.0248643132196526,-1.7388906419966133,-8.370382840572026,True,4.14,succeeded,English,False,immature,0.950175,strong,True,immature_readable,290,0.6458843350410461
1883,term,low_maturity_control,525,asters,0.6,0.1171402914593933,1.0,0.010694788,0.7838205,0.0136444345,0.9774436090225564,0.9746588693957116,0.121196926,0.08560536,0.24613118,0.22017716,0.03897143,0.03565388,0.043957703,0.5354334012470786,1.0,0.008573533,0.8225673,0.010422896,0.9242595736653462,0.9739016963897348,0.20663562,0.1562792,0.22750413,0.2504491,0.22993697,0.12384102,0.15200299,0.6261061668304175,1.0,0.010044265,0.7366163,0.01363568,0.7617675907894379,0.910109850313858,0.2086953,0.14633916,0.15408066,0.16180871,0.20760599,0.12708007,0.118741296,0.8390983592925786,1.0,0.003445059,0.17966013,0.019175423,0.0141396505237128,0.0188052165032232,0.04074036,0.0340803,0.12444749,0.1133156,0.17809111,0.17028947,0.15708475,-2.041052025,0.8796472,1,1,1,1,0.5294445547073671,-0.0906727655833389,0.212992192462161,-8.240421247832211,True,5.23,term,English,False,immature,0.8531,strong,True,immature_readable,291,0.5993330478668213
1995,terday,low_maturity_control,1938,ftheday,0.7692308,0.6468195475679095,1.0,0.011057504,0.7321772,0.015102224,0.897213262607579,0.9744582043343654,0.1702911,0.1011873,0.23526396,0.1859761,0.083967604,0.06312855,0.08960079,1.1432494639371762,1.0,0.009124742,0.7968093,0.0114516,0.8948005607238435,0.9737806053595528,0.2790686,0.18816078,0.20293203,0.2266512,0.20171578,0.061125323,0.09599816,1.3678930192019254,1.0,0.011476261,0.7946279,0.014442308,0.4184079269319543,0.934305529165875,0.30663872,0.18442158,0.13426176,0.13872668,0.21880113,0.05198051,0.08119606,2.608147828081295,1.0,0.004438536,0.25884235,0.017147642,0.0341797039436281,0.0489029197881712,0.07551334,0.046720996,0.15086077,0.13564545,0.16599296,0.0669896,0.11616466,-1.98421535,0.9339115,2,2,2,2,1.4415274646970766,-0.2246435552647492,1.2402548088793697,-6.787823551437287,False,0.0,terday,CLIPese,False,immature,0.8778,strong,True,immature_readable,292,0.5555165410041809
1992,madeto,low_maturity_control,1955,madewith,0.71428573,0.6623813087771631,1.0,0.010357729,0.8330933,0.0124328565,0.962719298245614,0.9671052631578948,0.17139493,0.10503767,0.18490481,0.12942584,-0.087156996,0.08055453,0.08893289,0.5856495933017025,1.0,0.008875093,0.81404924,0.010902404,0.9502699055330636,0.9393549663632764,0.23324174,0.15474522,0.1992645,0.17332698,0.041299626,0.0908103,0.08748863,0.5696191393182394,1.0,0.010425747,0.6990814,0.014913495,0.845960295475531,0.889774477042279,0.2067312,0.140396,0.110582836,0.10123658,0.15262297,0.09871888,0.11614987,1.949870653321709,1.0,0.004142079,0.223112,0.018565021,0.0437562638860256,0.0512355599292473,0.035426192,0.03793836,0.069861665,0.044553798,0.034704197,0.07507755,0.058663964,-1.77219875,0.92038757,2,2,2,2,0.9418801736797034,0.0160304539834631,1.3802515140034697,-6.793985292128272,False,0.0,madeto,CLIPese,False,immature,0.86255,strong,True,immature_readable,293,0.6592276692390442
1981,lives,low_maturity_control,1967,gives,0.8,0.0711311066150972,1.0,0.009342719,0.76520514,0.01220943,0.9763157894736842,0.9574561403508772,0.12537001,0.08327657,0.23316732,0.20780508,-0.017647646,0.114411086,0.0908682,0.687560202220028,1.0,0.008516419,0.7749008,0.010990335,0.9494851994851996,0.9513546798029556,0.23420314,0.16534734,0.19567992,0.22627357,0.13261566,0.12208417,0.14196424,1.2017665941234588,1.0,0.010202284,0.7303206,0.0139695965,0.9017301777170198,0.9078241153731788,0.2798862,0.18372913,0.120261714,0.13147445,0.16732378,0.088396356,0.076721154,1.446307357449976,1.0,0.0031797509,0.14208835,0.022378687,0.0122796838946754,0.0433043679722692,0.037858278,0.023967503,0.12566313,0.0962021,0.17149511,0.12759551,0.11258599,-2.396997275,0.9108727,1,1,1,1,0.85169131510214,-0.5142063919034308,0.2445407633265173,-8.468759942158972,True,5.14,lives,English,False,immature,0.871775,strong,True,immature_readable,294,0.5875018239021301
1802,enters,low_maturity_control,534,bearantlers,0.7058824,0.3244769174009194,1.0,0.0107443305,0.72902894,0.014737866,1.0,0.9561403508771932,0.14555097,0.094430394,0.046368513,0.056822322,-0.15244195,0.05140295,0.013829785,1.089244447357919,1.0,0.009483883,0.7926025,0.011965497,0.9301952063256732,0.943103170770964,0.2691561,0.2023368,-0.030400064,0.06497141,-0.0015701978,0.09146589,0.03100625,0.7892663819253122,1.0,0.010763617,0.7114336,0.015129476,0.8294298800032388,0.858352053915276,0.23676805,0.15596521,-0.10062855,-0.02311452,0.05608295,-0.0035414062,-0.039802358,0.0298135524080323,1.0,0.003584863,0.16817497,0.02131627,0.0379202200799818,0.0048328564670208,0.029885678,0.024883837,-0.035972286,0.008294934,0.045719154,0.049627867,0.026892094,-2.244821675,0.8880522,1,1,1,1,0.5582003247730458,0.2999780654326068,-0.7594528295172799,-8.598652512538955,True,4.01,enters,English,False,immature,0.88875,strong,True,immature_readable,295,0.5510457158088684
1977,asserted,low_maturity_control,1958,assisted,0.75,1.0007180572346537,1.0,0.011367099,0.7625334,0.014907017,0.9738328873030032,0.9748803827751196,0.18241227,0.13136533,0.17797326,0.1810037,0.13121346,0.01351656,0.066373006,0.852840345546505,1.0,0.0093778735,0.7953205,0.011791314,0.9561896313818254,0.9737661911788816,0.23894408,0.17820157,0.14579578,0.21617362,0.21789804,0.029650185,0.075574145,0.855874084438208,1.0,0.010874914,0.7116977,0.015280243,0.7911879833993586,0.9000539257981018,0.22091883,0.17905365,0.08227976,0.1531692,0.19519259,0.025093535,0.045749784,0.9184814140269316,1.0,0.00384336,0.16371205,0.023476342,0.038438284150799,0.0299823620294668,0.035405308,0.022094509,0.086344376,0.1347135,0.14741701,0.08574683,0.08969557,-2.0141684,0.91184026,2,2,2,2,0.9069784753115746,-0.0030337388917029,0.0626073295887236,-7.505396765941993,True,3.59,asserted,English,False,immature,0.923275,strong,True,immature_readable,296,0.6540788412094116
1812,hosted,low_maturity_control,1880,consisted,0.6666667,0.2756770753510154,1.0,0.012365652,0.79083127,0.01563627,0.9824561403508772,0.9517543859649122,0.13667339,0.09904339,0.20545104,0.118272886,0.03774815,0.07061593,0.06842613,0.7154797488863609,1.0,0.009827507,0.8228299,0.011943546,0.907048872180451,1.0,0.2116462,0.16967575,0.064461015,0.13048047,0.20410067,0.04436092,0.09169052,1.0048045785418784,1.0,0.011451643,0.73724943,0.0155329285,0.7859397546897547,0.8810001978630787,0.23310506,0.19764572,-0.016169112,0.038700096,0.16813007,0.038158536,0.05309622,0.1722338654630372,1.0,0.0042530815,0.19784735,0.021496782,0.0420853792650513,0.0042369501402279,0.034819726,0.029746033,0.073807344,0.07613331,0.14036565,0.092788346,0.118590675,-1.940334875,0.8865099,1,1,1,1,0.542048817060573,-0.2893248296555175,-0.8325707130788412,-7.902898149496572,True,4.25,hosted,English,False,immature,0.8680749999999999,strong,True,immature_readable,297,0.6474030017852783
1872,banned,low_maturity_control,912,bbcscanned,0.75,-0.8760084475058444,1.0,0.011100196,0.74189484,0.014961953,0.9101159551238612,0.7408057986156458,0.10835981,0.077504866,0.19902256,0.19065537,0.15355104,0.11082881,0.12326208,0.4396860171656773,1.0,0.008726251,0.7855877,0.011107927,0.9605587643584916,0.9737037037037036,0.20492041,0.14214306,0.24248947,0.2379552,0.2747363,0.13971353,0.14804332,0.5026389988900691,1.0,0.010201503,0.6984258,0.014606422,0.5687282722936372,0.942998581011352,0.2109562,0.11593944,0.17569186,0.17245834,0.2745325,0.124890484,0.12113562,0.2187553794227192,1.0,0.0036600444,0.17502238,0.020911865,0.0029535939353356,0.0156962246648656,0.0319009,0.013717912,0.08997403,0.107459635,0.14114958,0.18715334,0.18149315,-1.7685196,0.91463166,1,1,1,1,0.0712679869931553,-0.0629529817243918,-0.2838836194673499,-7.447386209106533,True,4.41,banned,English,False,immature,0.842675,strong,True,immature_readable,298,0.5188010334968567
1904,helped,low_maturity_control,1964,chered,0.6666667,0.4185105404500961,1.0,0.012995521,0.74326575,0.017484352,0.8970047983205877,0.9343105863518112,0.13474934,0.12516351,0.18762222,0.19960105,0.014979934,0.11112735,0.09689787,0.7987788353240657,1.0,0.010121405,0.8135648,0.01244081,0.9211189182023068,0.9740350877192984,0.2154156,0.19148359,0.11842002,0.21952337,-0.013587307,0.1286385,0.13290338,1.145619546176527,1.0,0.011361625,0.7623325,0.014903766,0.8953089244851258,0.9475196612220206,0.23179953,0.2165962,0.019365879,0.12774648,0.08251798,0.08126691,0.096341684,1.9034760612140416,1.0,0.005895831,0.29017547,0.020318158,0.0379885266802178,0.0443568336777941,0.047240183,0.039061014,0.017787574,0.059016533,-0.039207604,0.10546395,0.1026101,-2.81958235,0.90031767,1,1,1,1,1.0665962457911826,-0.3468407108524614,0.7578565150375145,-9.46845027670818,True,4.88,helped,English,False,immature,0.89225,strong,True,immature_readable,299,0.6388281583786011
1932,stateof,low_maturity_control,1668,stateoctagon,0.6315789,-0.3150558384872548,1.0,0.010162635,0.71524096,0.014208687,0.7295755175968477,0.9480263157894736,0.102860235,0.06306405,0.24810255,0.18778916,0.16838951,0.14622921,0.1631596,0.6395364809390662,1.0,0.008232639,0.75220245,0.010944712,0.9112925059562486,0.9742962056303548,0.22006848,0.16057853,0.25133982,0.22592515,0.2592544,0.12495407,0.14726341,0.2431320002830509,1.0,0.009483916,0.6398482,0.014822135,0.7960133384308229,0.8581088137009191,0.18624827,0.10345899,0.12370812,0.12361266,0.18444687,0.086189575,0.07214305,1.4355750020025693,1.0,0.0037616154,0.18561333,0.020265868,0.0584347511683407,0.0455063447259212,0.024619503,0.029340483,0.07054,0.04599096,0.08854404,0.1384732,0.1163917,-1.789941425,0.8846092,2,2,2,2,0.5007969111843579,0.3964044806560153,1.1924430017195184,-7.596430040564752,True,1.36,stateof,English,False,immature,0.824825,strong,True,immature_readable,300,0.5366787314414978
1847,concepts,low_maturity_control,1806,conoce,0.71428573,0.267391820242872,1.0,0.011051439,0.7220726,0.015305162,0.8984962406015037,0.9736842105263158,0.1435951,0.08221551,0.17791456,0.1398854,0.08874646,0.0807409,0.07963729,0.5588390027140259,1.0,0.009662987,0.76698303,0.012598697,0.9047049441786283,0.9760765550239237,0.23004921,0.13693886,0.1586544,0.17641315,0.15213028,0.08050458,0.08117248,0.745949897797383,1.0,0.012415411,0.77364784,0.016047884,0.7108961128310972,0.8981359649122806,0.2455887,0.1331924,0.08000173,0.08783956,0.12376357,0.039300837,0.029924413,1.4977995181431396,1.0,0.0041610138,0.22657272,0.018365026,0.0095307149562319,0.0286015125240189,0.05395363,0.04113072,0.075316384,0.15223646,0.16518754,0.2032265,0.17398086,-1.7589537000000002,0.9305193,1,1,1,1,0.767495059724355,-0.1871108950833571,0.7518496203457566,-6.749202872511061,True,4.26,concepts,English,False,immature,0.8061,strong,True,immature_readable,301,0.6064044237136841
1911,situation,low_maturity_control,1939,itation,0.875,0.2574841439812625,1.0,0.012177736,0.7532366,0.016167212,0.3908198751316161,0.9747368421052632,0.13759029,0.0864054,0.23117037,0.18041606,0.108465485,0.018887628,0.056322694,0.9050033181482224,1.0,0.009594085,0.77546215,0.012372087,0.9014282501124606,0.9737587595049948,0.25520632,0.17139189,0.21891655,0.21931362,0.23685667,0.09433916,0.10991292,0.9553265011131498,1.0,0.010854241,0.730615,0.014856308,0.246602572448437,0.9342317658553164,0.26015005,0.15323658,0.11653462,0.12061134,0.18587384,0.022018716,0.018282007,0.8275752267092293,1.0,0.0037029998,0.14985071,0.024711259,0.0118951668191077,0.0283169180221053,0.02831118,0.02563017,0.07447562,0.0723433,0.06687831,0.08671458,0.06778969,-1.742776025,0.90865326,1,1,1,1,0.7363472974879661,-0.0503231829649273,-0.1277512744039204,-7.014165490561385,True,5.09,situation,English,False,immature,0.85275,strong,True,immature_readable,302,0.5881536602973938
1964,chered,low_maturity_control,1904,helped,0.6666667,0.5380338429169835,1.0,0.0106505575,0.8260969,0.012892625,0.9780701754385966,0.982456140350877,0.15809764,0.096708484,0.11256692,0.13318631,0.07472323,0.061209973,0.038584754,0.3301782672847677,1.0,0.008613412,0.81659675,0.010547939,0.9612375533428166,0.9741715399610136,0.198863,0.12955646,0.118257985,0.14630704,0.16519973,0.110002115,0.07616834,0.3121981504473885,1.0,0.010400057,0.6766954,0.015368889,0.742310855263158,0.9124862938596492,0.19885983,0.09621497,0.043106027,0.060633417,0.13100524,0.07493032,0.057928707,1.7853771575926236,1.0,0.0035426796,0.19424431,0.018238267,0.0198631494100119,0.0489021110650363,0.046853695,0.024954772,0.07775192,0.09800846,0.14156039,0.15490018,0.14256449,-1.9311907,0.9204502,2,2,2,2,0.7414468545604409,0.0179801168373791,1.473179007145235,-7.307899298984852,False,0.0,chered,CLIPese,False,immature,0.84315,strong,True,immature_readable,303,0.5676023960113525
1987,imagined,low_maturity_control,988,imagenoise,0.6666667,0.2549517689834494,1.0,0.012686621,0.711849,0.017822068,0.8672153710636423,0.9343932748538012,0.10997444,0.12964179,0.19637993,0.1290265,0.110619515,0.047999293,0.029381953,0.4696162012111727,1.0,0.009489444,0.75006247,0.0126515385,0.9298827821766809,0.9737632369211316,0.16524172,0.18477006,0.15545522,0.18854071,0.13519204,0.06392911,0.06287675,0.8398454779305049,1.0,0.0116496775,0.76796246,0.015169593,0.9123839009287926,0.9561985716503648,0.1871774,0.20264797,0.06164108,0.09751013,0.082725056,0.0016492656,-0.0051471544,2.6445422691701705,1.0,0.0057293894,0.26462528,0.021650953,0.0197632742510134,0.0841446199095284,0.011768208,0.032805454,0.04611599,0.06355509,0.09281728,0.062710576,0.03742907,-1.830214,0.88771725,1,1,1,1,1.0522389293238243,-0.3702292767193322,1.8046967912396656,-7.280057097715262,True,4.07,imagined,English,False,immature,0.7951250000000001,strong,True,immature_readable,304,0.6583031415939331
1815,bothering,low_maturity_control,1208,boeing,0.8,0.7970467666452632,1.0,0.011699987,0.7615126,0.015364141,0.8367917401158399,0.986842105263158,0.15976661,0.12405946,0.17006558,0.2098241,0.11573972,0.12285082,0.14745666,0.7735738184524614,1.0,0.009306663,0.78219265,0.011898172,0.8981401288030202,0.9478844169246644,0.23323818,0.18205638,0.11803132,0.22121446,0.21911761,0.13317941,0.13129805,0.8108363328931854,1.0,0.0115265995,0.7252188,0.015893962,0.1529064190382288,0.8918044456691466,0.23470652,0.1575428,0.048585292,0.12533692,0.18934472,0.09303016,0.0931578,1.873375639067152,1.0,0.004725514,0.2669689,0.017700616,0.0036689915913271,0.016639511632714,0.08276605,0.060859036,0.078438155,0.13993332,0.24098104,0.20593758,0.19652882,-2.01628085,0.8943973,2,2,2,2,1.0637081392645156,-0.0372625144407239,1.0625393061739667,-7.630004523347411,True,3.63,bothering,English,False,immature,0.832975,strong,True,immature_readable,305,0.6893023252487183
1889,undul,low_maturity_control,1659,candel,0.54545456,0.2773245996135963,1.0,0.011578918,0.764261,0.015150476,0.9517543859649124,0.9539473684210528,0.12525621,0.109365426,0.17785461,0.20595883,0.083146356,0.17363071,0.16401249,0.5019041191433781,1.0,0.009151625,0.7754228,0.01180211,0.883468286099865,0.9760765550239237,0.21761294,0.13932677,0.13790554,0.25087497,0.24190319,0.14417468,0.15617804,0.1959197874107947,1.0,0.010529382,0.65250283,0.016136914,0.3202157548855626,0.8521381578947369,0.18286996,0.09873545,0.070886716,0.18299589,0.24487305,0.1579583,0.14558347,1.0480688792349633,1.0,0.004774086,0.20470692,0.023321567,0.0098330851020879,0.0400424286306108,0.031652275,0.013575265,0.05078319,0.13556653,0.11745195,0.15662394,0.113545686,-1.75133635,0.9094569,3,3,3,3,0.5058043463506832,0.3059843317325834,0.8521490918241685,-7.179863168420583,False,0.0,undul,CLIPese,False,immature,0.7875249999999999,strong,True,immature_readable,306,0.583949863910675
1857,outcome,low_maturity_control,1931,outs,0.54545456,-0.0031914876738214,1.0,0.01088908,0.7773477,0.014007992,0.8633649258168846,0.9780701754385966,0.13364701,0.057835624,0.1774645,0.22872971,0.1624241,-0.0017625466,0.01227434,0.8202503042624532,1.0,0.00920482,0.8409129,0.010946223,0.8423793859649124,0.9757085020242916,0.25826856,0.15357809,0.20027882,0.25724766,0.2717207,0.032039873,0.030856932,0.7772298951486488,1.0,0.010818573,0.7850716,0.013780364,0.575130865782342,0.9612010796221322,0.25152233,0.12435662,0.14311321,0.20119783,0.23486263,0.020297611,0.020360593,0.1351009492182113,1.0,0.004580983,0.20897636,0.02192106,0.0078495438485492,0.008750520575722,0.027674103,0.025006691,0.06718732,0.07301113,0.12366958,0.005966506,-0.014257015,-1.7517809750000002,0.9048901,1,1,1,1,0.432347415238873,0.0430204091138043,-0.6421289459304376,-7.289528561207717,True,4.35,outcome,English,False,immature,0.8109500000000001,strong,True,immature_readable,307,0.5942373871803284
1823,unfor,low_maturity_control,1876,dunno,0.6,0.4314198963566431,1.0,0.011210624,0.81340396,0.013782358,0.9267942583732056,0.9614661654135338,0.15612078,0.09470161,0.1980274,0.241315,0.09399571,0.18616465,0.1896697,0.6434106878706719,1.0,0.010013157,0.82419056,0.01214908,0.8806717783667802,0.9738550922761448,0.24533753,0.1374096,0.22770402,0.29936358,0.2424053,0.2037209,0.20662084,0.6085315308435966,1.0,0.011586969,0.7553379,0.015340113,0.7192368356706914,0.9096841680472366,0.24021648,0.110881455,0.1525422,0.21598634,0.25411806,0.18410711,0.15269645,1.7493217167383894,1.0,0.0037892316,0.17623651,0.021500831,0.0152422108279974,0.0367454305205886,0.055995226,0.0381336,0.081188284,0.17476016,0.20572543,0.13233465,0.120227866,-2.121644775,0.9064954,2,2,2,2,0.8581709579523252,0.0348791570270753,1.1407901858947929,-7.8638799405430415,True,1.24,unfor,English,False,immature,0.810275,strong,True,immature_readable,308,0.5374955534934998
1917,getin,low_maturity_control,1808,givin,0.6,0.4795488003069521,1.0,0.010958347,0.67934066,0.016130857,0.9356676575158828,0.9515815400570392,0.14817384,0.11223281,0.202883,0.2026721,0.033888288,0.034262236,-0.004547747,0.7954620508654395,1.0,0.00906322,0.70441633,0.012866283,0.9178364873631758,0.9491797135243172,0.25312337,0.16620982,0.20187783,0.26024202,0.1465577,0.08644573,0.0519568,0.955999590322515,1.0,0.010365845,0.65039843,0.015937684,0.5870711858698129,0.8668716628527842,0.25455025,0.16841745,0.14047752,0.17346421,0.17029598,0.0818793,0.0960331,2.3125260718977305,1.0,0.0049361405,0.29417628,0.016779533,0.0352734861767345,0.0424321490697899,0.07669411,0.041975074,0.0915926,0.14939716,0.09814991,0.1385141,0.14039421,-1.9726779,0.92508954,2,2,2,2,1.135884128348159,-0.1605375394570755,1.3565264815752154,-7.080642638505353,True,1.44,getin,English,False,immature,0.7698,strong,True,immature_readable,309,0.5615864992141724
1937,mizes,low_maturity_control,1972,alizes,0.72727275,-0.1746194392080415,1.0,0.010183449,0.77788454,0.013091208,0.372636019840641,0.9490131578947368,0.11787757,0.06482661,0.24003644,0.24613898,0.2562662,0.097118706,0.15369578,0.412043209447456,1.0,0.007992821,0.81087714,0.009857006,0.8833884371369851,0.9629186602870814,0.21486184,0.13293746,0.23710002,0.28297353,0.34387428,0.10312813,0.1596273,0.732085469666644,1.0,0.009852637,0.7471309,0.013187297,0.6463311388519145,0.9282036613272312,0.21564011,0.1569437,0.12780279,0.17290676,0.293644,0.08469315,0.12243042,3.4222202388889635,1.0,0.004790657,0.29833242,0.016058117,0.0082169930835189,0.0558062629825852,0.08263718,0.07170238,0.13292396,0.1433258,0.23247775,0.13954388,0.14795947,-1.860442675,0.87020427,2,2,2,2,1.0979323696987555,-0.320042260219188,2.69013476922232,-7.547630259099945,False,0.0,mizes,CLIPese,False,immature,0.7742999999999999,strong,True,immature_readable,310,0.5635429620742798
1819,passed,low_maturity_control,1843,asked,0.72727275,0.0325996885364756,1.0,0.01313857,0.7644548,0.01718685,0.9416969147005444,0.986842105263158,0.11099142,0.08034054,0.19112232,0.17790088,0.12605488,0.14466415,0.19098835,0.3631663216318032,1.0,0.01013798,0.7929549,0.012785065,0.9483430799220272,1.0,0.18084848,0.14059867,0.13159357,0.16093253,0.14013427,0.1577018,0.17532137,0.757537402013956,1.0,0.011594544,0.7823134,0.014820843,0.8466234682182844,0.960868079289132,0.21580285,0.1571006,0.056416854,0.07562678,0.15294716,0.10896392,0.12580386,2.624384930573075,1.0,0.005550327,0.2632079,0.021087233,0.0426627829851971,0.0595502372040755,0.06059886,0.039541468,0.13968366,0.10713289,0.16468197,0.18304811,0.18311487,-2.19458955,0.88336843,1,1,1,1,0.9444220856888276,-0.3943710803821528,1.866847528559119,-8.278542026932932,True,4.92,passed,English,False,immature,0.82475,strong,True,immature_readable,311,0.7016721367835999
1846,gathere,low_maturity_control,1941,athers,0.7692308,0.2241938280869045,1.0,0.010196119,0.78059983,0.0130619025,0.8037887601408473,0.925,0.15877801,0.082707904,0.22234355,0.21667235,0.1179363,0.096827805,0.10556889,0.6066223133589216,1.0,0.008884457,0.771786,0.011511555,0.8959429824561403,0.9576023391812868,0.2409132,0.1427801,0.19020124,0.20842162,0.20500381,0.07768078,0.062510155,0.0606302023867837,1.0,0.010538103,0.6603389,0.01595863,0.3020183306140656,0.7475317080580238,0.19110303,0.079048626,0.053537514,0.11786426,0.20483859,0.059644774,0.056974497,3.9979081044573688,1.0,0.0041497136,0.24127556,0.017199062,0.0424038858047906,0.0858729655196156,0.084986165,0.0459845,0.09060357,0.12982763,0.21929345,0.18805094,0.1752603,-1.866875275,0.9170089,2,2,2,2,1.2223386120724946,0.5459921109721378,3.937277902070585,-6.874210114528886,False,0.0,gathere,CLIPese,False,immature,0.7907750000000001,strong,True,immature_readable,312,0.5382763743400574
1927,caused,low_maturity_control,1867,clause,0.8333333,0.3263533756309956,1.0,0.0124198925,0.76786053,0.016174672,0.6758432171979244,0.9752321981424148,0.11725585,0.114051364,0.16971675,0.113143064,0.078761116,-0.02753603,0.039570317,0.5656465429462988,1.0,0.009903627,0.8203317,0.012072711,0.8956140350877192,0.9750692520775625,0.18029377,0.18578725,0.093603894,0.17244719,0.051905885,-0.011173563,0.043527637,0.586724254165522,1.0,0.011787333,0.7942974,0.014839949,0.7566761650843807,0.891080621782376,0.16552852,0.185522,-0.013946019,0.097099915,0.019871209,-0.013262441,0.015798476,-1.4484700444537146,0.8888889,0.0064560496,0.32447982,0.019896613,0.0092622212163427,0.0023388978671628,-0.0033417596,0.008941441,-0.041439287,-0.03677641,-0.10525234,0.025118224,-0.008331745,-3.05784935,0.88275784,1,1,1,1,0.0075635320722754,-0.0210777112192231,-2.0351942986192366,-10.978936639608596,True,4.88,caused,English,False,immature,0.825225,strong,True,immature_readable,313,0.6429583430290222
1957,shared,low_maturity_control,1865,atured,0.6666667,0.1003822444042538,1.0,0.009550852,0.6550964,0.014579307,0.962719298245614,0.9780701754385966,0.11261215,0.09049172,0.25356802,0.20149018,0.17734857,0.18981937,0.20444933,0.3155262591279845,1.0,0.008366402,0.7707082,0.010855474,0.9544633642930856,0.9744816586921852,0.17543578,0.1492494,0.2150185,0.23441558,0.2722187,0.19182646,0.20522055,0.920204556897078,1.0,0.009990822,0.7238643,0.013802064,0.8542763157894736,0.973809523809524,0.21209548,0.19009466,0.13040711,0.1362869,0.24620661,0.15314108,0.14231643,1.6381598980919936,1.0,0.0039951038,0.22604948,0.01767358,0.0088923627146308,0.0412514944905025,0.044150144,0.033036098,0.08735211,0.08718385,0.15003963,0.14989454,0.14856732,-2.403246425,0.86094135,1,1,1,1,0.7435682396303275,-0.6046782977690935,0.7179553411949156,-9.201849547206589,True,4.68,shared,English,False,immature,0.813525,strong,True,immature_readable,314,0.6721867322921753
1891,dedicated,low_maturity_control,1892,itated,0.6666667,0.3361926774955009,1.0,0.010405352,0.68823045,0.015118995,0.8505045881908837,0.951180137221782,0.13651137,0.10663453,0.2633169,0.24167073,0.20220967,0.09805547,0.13464065,1.00298046072517,1.0,0.008684127,0.76346713,0.011374591,0.8606282497287997,0.9737271400360608,0.251278,0.19136155,0.19046283,0.26467508,0.27795967,0.15852863,0.18669544,1.1678567843081995,1.0,0.011060554,0.7353322,0.015041574,0.5315516354990039,0.8989358775166699,0.26858,0.19003582,0.08585912,0.14858834,0.2400198,0.09044392,0.11498828,0.4226464728091684,1.0,0.0042533902,0.21627331,0.019666737,0.0133029336599437,0.010999031098644,0.04469025,0.023323525,0.08430496,0.08727734,0.124664426,0.12425189,0.11592558,-2.085610675,0.918153,1,1,1,1,0.7324190988345097,-0.1648763235830295,-0.7452103114990312,-7.712165048582447,True,4.58,dedicated,English,False,immature,0.8239,strong,True,immature_readable,315,0.6474030017852783
1965,atten,low_maturity_control,1864,atment,0.72727275,0.5981786581588482,1.0,0.010858595,0.7912411,0.013723497,0.975563909774436,0.9572368421052632,0.17318189,0.09979344,0.21625397,0.22869927,0.11711207,0.1167255,0.016775008,0.660011512434237,1.0,0.009483114,0.7982259,0.011880239,0.9116715399610136,0.9529920692141312,0.24309738,0.1516043,0.21951203,0.19812004,0.24725816,0.10517072,0.12055467,0.7663832371926289,1.0,0.010941258,0.69868356,0.015659818,0.609283625730994,0.8590446060506459,0.24899009,0.13903518,0.12686126,0.16763367,0.20083147,0.1008012,0.10030822,0.5909847811089826,1.0,0.00317366,0.12550181,0.025287762,0.0203535279084315,0.0185108423939762,0.035878062,0.025218152,0.09152484,0.14446859,0.1928525,0.12755762,0.13080874,-1.761225775,0.93336207,1,1,1,1,0.6538895472236741,-0.1063717247583919,-0.1753984560836463,-6.794594893762652,True,2.25,atten,English,False,immature,0.8291249999999999,strong,True,immature_readable,316,0.6623709201812744
1845,mised,low_maturity_control,1675,matisse,0.6666667,0.5400601383813722,1.0,0.011634872,0.7879094,0.014766765,0.973932472691162,0.9745065789473684,0.16276942,0.095748074,0.16448343,0.06796322,0.18954925,0.079612345,0.093048215,0.1957380370987836,1.0,0.00929069,0.7941991,0.011698187,0.9432482721956408,0.9611111111111112,0.21091326,0.101679675,0.14364447,0.096463345,0.27143848,0.029050965,0.07186238,0.4467460897921946,1.0,0.010642014,0.7184065,0.014813361,0.9106858054226477,0.934352773826458,0.2088472,0.10863687,0.07132174,0.04455336,0.2202471,0.034874268,0.041586924,1.0493359056296914,1.0,0.003890107,0.15279019,0.02546045,0.0172967537045365,0.0277207193080337,0.03868906,0.030586578,0.13047859,0.10996476,0.22554721,0.111110725,0.10708828,-1.9438135,0.89936393,2,2,2,2,0.5579700427255104,-0.251008052693411,0.6025898158374967,-7.734359220433544,False,0.0,mised,CLIPese,False,immature,0.7801250000000001,strong,True,immature_readable,317,0.5809637904167175
1986,proves,low_maturity_control,1553,plovers,0.7692308,-0.3759191112868419,1.0,0.011530534,0.76992255,0.014976226,0.9170653907496013,0.8342543203558634,0.12131214,0.085449524,0.0067260843,0.07819593,-0.10017423,-0.025549725,0.025668465,0.2031740789571455,1.0,0.008557633,0.8055816,0.010622924,0.9432624113475178,0.9608594270486344,0.18549527,0.1271723,-0.050370198,0.0736505,-0.113313,-0.032247484,-0.005237708,0.5414993460009243,1.0,0.009866803,0.68954355,0.01430918,0.7402761332465021,0.87843690107622,0.2078305,0.13548619,-0.082002,-0.0033664284,-0.072600305,-0.05165933,-0.025810447,0.0417533679087681,1.0,0.0049441466,0.30514374,0.01620268,0.0125077601022058,0.0044394257445032,0.038789913,0.019557614,0.0047817817,0.02913594,-0.028996605,-0.0176313,0.013204713,-1.971202425,0.8923121,1,1,1,1,0.102626920394999,-0.3383252670437788,-0.4997459780921562,-8.198266846996052,True,4.06,proves,English,False,immature,0.7840750000000001,strong,True,immature_readable,318,0.5729168653488159
1960,joined,low_maturity_control,1849,onlined,0.7692308,-0.0530053784289134,1.0,0.010092064,0.66830593,0.015100964,0.9737749546279492,0.9511612152207932,0.09525493,0.10026688,0.15543391,0.110173084,-0.020281758,-0.03063515,0.010405089,0.4292139679972396,1.0,0.008926275,0.7314263,0.01220393,0.9738089299077076,0.96055287057199,0.1908675,0.1596336,0.06715332,0.08354235,-0.03630396,0.04739327,0.035382994,0.5183719691312744,1.0,0.009699777,0.65458375,0.014818236,0.923142414860681,0.8755444238171549,0.18668619,0.15305652,-0.0061533954,0.04904613,0.08769634,0.01907963,-0.0014762878,0.870915596687708,1.0,0.0050988356,0.3052403,0.016704332,0.037219200014718,0.0349360964920245,0.03137267,0.013684589,0.007871532,-0.028769549,-0.007251461,0.03276082,-0.008599101,-2.13756275,0.8473587,1,1,1,1,0.4413740388468271,-0.0891580011340347,0.3525436275564336,-8.947392512476672,True,4.73,joined,English,False,immature,0.8063750000000001,strong,True,immature_readable,319,0.6388281583786011
1862,entitled,low_maturity_control,1994,constituted,0.6315789,0.0856678414616009,1.0,0.011217321,0.7593853,0.014771581,0.9474708171206226,0.906933894013384,0.12001476,0.11126163,0.17679206,0.12289218,0.11712664,0.11911618,0.10197518,0.4121477154476707,1.0,0.009571841,0.76363623,0.012534556,0.916395719027298,0.920508559800756,0.20312567,0.16304563,0.08700292,0.10379107,0.20628813,0.15069845,0.13199873,0.4548561204944613,1.0,0.011652434,0.69955593,0.016656902,0.6767657780815676,0.894174460541598,0.1731886,0.15214168,-0.0068826536,0.03530112,0.14599943,0.069112934,0.07402862,0.6725687879096218,1.0,0.005241856,0.24774545,0.021158233,0.0080428255030214,0.0200236773033839,0.041789338,0.02235302,0.06380088,0.039932914,0.15059325,0.15171269,0.12211428,-2.318083275,0.89991325,1,1,1,1,0.4063101163283387,-0.0427084050467905,0.2177126674151605,-8.722765549945931,True,4.51,entitled,English,False,immature,0.763225,strong,True,immature_readable,320,0.6186233758926392
1925,announcing,low_maturity_control,1050,cannonfencing,0.7826087,-0.8694273907885343,1.0,0.012802038,0.78219277,0.016366858,0.974780701754386,0.8847914742997846,0.07383531,0.05160358,-0.020824762,0.058728367,-0.00012136903,0.04647299,0.048474293,-0.025891550693376,1.0,0.010658589,0.8418237,0.012661308,0.9752321981424148,0.9780701754385966,0.14544657,0.11960565,0.036311537,0.08135724,0.076547034,-0.0013412377,0.012853457,0.669926119507426,1.0,0.012289653,0.8079691,0.0152105475,0.9345394736842106,0.930921052631579,0.20021978,0.1604555,0.030380137,0.034729395,0.12879497,0.0017918805,0.00891084,-0.2604340135451705,1.0,0.005996006,0.31680164,0.01892669,0.0064351181113334,0.0060400171601109,0.008642122,0.023359323,0.010177828,0.022239607,0.00047509558,0.014452867,0.04266975,-1.81653885,0.90439034,1,1,1,1,-0.1214567088799137,-0.695817670200802,-0.9303601330525963,-7.824424920826303,True,3.87,announcing,English,False,immature,0.7798999999999999,strong,True,immature_readable,321,0.6531582474708557
1971,referring,low_maturity_control,1866,referred,0.7058824,-0.4422690367540888,1.0,0.011131203,0.82631177,0.013470948,0.9736842105263158,0.860230771812362,0.10578093,0.08174317,0.17058279,0.118132696,0.13707137,0.016203154,0.008719211,0.3400336709215732,1.0,0.009712,0.87364984,0.011116582,0.8954996186117468,0.9389952153110048,0.19327979,0.1522028,0.18179822,0.1625649,0.2435802,0.051929187,0.080416955,0.6962294543995121,1.0,0.011054047,0.7556152,0.014629203,0.7086451446591819,0.8408341570293274,0.20894706,0.16905156,0.06482619,0.060739767,0.21770984,0.030299544,0.029037472,2.5070221328825832,1.0,0.0052186674,0.3458027,0.01509146,0.0257930317747948,0.0366589232649245,0.075296186,0.063642226,0.093948886,0.08401481,0.19086975,0.114340015,0.099859595,-1.93047375,0.8427493,1,1,1,1,0.775254055362395,-0.3561957834779389,1.8107926784830712,-8.28735749139796,True,4.35,referring,English,False,immature,0.765225,strong,True,immature_readable,322,0.6487408876419067
1929,bringing,low_maturity_control,487,breitboeing,0.6315789,-1.534825860417924,1.0,0.011404576,0.68939805,0.016542802,0.9606180084357234,0.5835405588987593,0.08709922,0.0853475,-0.10944565,0.13678412,-0.014709628,0.07255493,0.08127338,0.5847343591094282,1.0,0.009519508,0.7412891,0.01284183,0.9342519685039372,0.9605462369018688,0.19903252,0.17763077,-0.0043808045,0.1575085,0.15036024,0.06148064,0.107971765,0.38583161843415,1.0,0.011990008,0.73153925,0.01639011,0.886104149262044,0.7250000910328956,0.17499372,0.16059577,-0.067648165,0.048355624,0.15858664,0.016001608,0.079041965,5.448798624331921,1.0,0.006124959,0.34501898,0.017752526,0.1362788093290275,0.0881334207571788,0.10367491,0.10412707,-0.017877646,0.057445258,0.19896828,0.08155752,0.13428554,-2.93345665,0.9035904,1,1,1,1,1.2211346853643938,0.1989027406752782,5.062967005897772,-9.59355837690758,True,4.71,bringing,English,False,immature,0.813675,strong,True,immature_readable,323,0.6893023252487183
1839,commi,low_maturity_control,1461,chromia,0.6666667,-0.2801443049367351,1.0,0.0088819405,0.81165636,0.010942982,0.9598997493734336,0.9482173174872666,0.12299908,0.047659684,0.21147527,0.16972297,0.10629427,0.038354438,0.006177802,-0.2143461515893881,1.0,0.00811805,0.8098563,0.010024062,0.9477611940298508,0.9541613179289689,0.18147974,0.06484446,0.18236242,0.2218846,0.20644757,0.09711036,0.07641869,-0.0710033475891654,1.0,0.00962362,0.7248664,0.013276405,0.5738861041492621,0.8560359231411863,0.19242357,0.037569497,0.08569291,0.13529092,0.20922047,0.094524495,0.08786655,3.015725791765368,1.0,0.0032191444,0.15372801,0.02094052,0.0196096139811315,0.0785559921301746,0.05710511,0.028450841,0.12032646,0.16782157,0.2512182,0.18497469,0.17533147,-1.905268725,0.9095137,2,2,2,2,0.6125579969125199,-0.1433428040002227,3.0867291393545337,-7.474377170933134,True,1.78,commi,English,False,immature,0.7231750000000001,strong,True,immature_readable,324,0.5910841226577759
1988,sumed,low_maturity_control,1838,ruled,0.6,0.2295193721276831,1.0,0.008644136,0.84790164,0.010194738,0.9412593984962404,1.0,0.1643077,0.046703517,0.21843998,0.17538527,0.10756461,0.15531376,0.21757543,0.1407652200955037,1.0,0.007877003,0.80850273,0.009742705,0.903654970760234,0.9594298245614036,0.22696106,0.07808139,0.13155586,0.26294377,0.23975602,0.19110584,0.22853214,0.0529277025161066,1.0,0.009841277,0.68957764,0.014271457,0.6750260333933426,0.837950504088275,0.21714827,0.038467012,0.031322315,0.1378639,0.21880558,0.15635931,0.19495234,1.3260245712549952,1.0,0.0032206343,0.18679184,0.017241836,0.023383063534461,0.0291304030075034,0.056661606,0.029129587,0.04503493,0.17975987,0.18920483,0.19738288,0.20334655,-1.97922305,0.8879757,2,2,2,2,0.4373092164985721,0.0878375175793971,1.2730968687388886,-8.047472330521172,True,1.02,sumed,English,False,immature,0.7352000000000001,strong,True,immature_readable,325,0.5234317779541016
1967,gives,low_maturity_control,1981,lives,0.8,-0.1635522102295118,1.0,0.010796037,0.7548196,0.014302804,0.9508083935328516,0.9225083182093164,0.11844463,0.07665188,0.05182971,0.09730652,-0.06729037,0.013521006,-0.04379876,0.210906220170343,1.0,0.008709258,0.7476797,0.011648381,0.9491715399610136,0.9479563774300616,0.19536647,0.12483685,-0.029681971,0.09009567,-0.054253314,0.085966036,0.03221995,0.4541180602961919,1.0,0.010617117,0.71416533,0.01486647,0.84906015037594,0.9060046434819574,0.20151402,0.12145527,-0.05623366,0.026704364,0.028461117,0.031449135,0.021781467,2.580886228329585,1.0,0.0037767566,0.16394433,0.023036823,0.0638766176927207,0.0737137943927428,0.0376867,0.02887073,-0.0052062776,0.037725568,0.012471847,0.0759324,0.06391101,-2.8423005000000003,0.8480678,1,1,1,1,0.770589574641652,-0.2432118401258489,2.126768168033393,-10.397649979056917,True,5.03,gives,English,False,immature,0.754275,strong,True,immature_readable,326,0.6201064586639404
1936,suggested,low_maturity_control,1958,assisted,0.5882353,-1.0191651941384228,1.0,0.011368552,0.736102,0.015444262,0.7006180223285486,0.6756296871288472,0.093630806,0.101919845,0.17642343,0.18421353,0.009731749,0.019181272,0.037967756,0.2343469798351725,1.0,0.009527051,0.80347586,0.011857295,0.9342105263157896,0.9429824561403508,0.15741168,0.16699946,0.10854722,0.213213,0.057260677,-0.020630822,0.01682508,0.8143890645664933,1.0,0.01184899,0.8048431,0.014722111,0.962719298245614,0.9736842105263158,0.1887953,0.19372085,0.03454126,0.108803004,0.07011634,-0.008698817,-0.012263921,-0.1636240749773709,1.0,0.005598258,0.3615755,0.0154829575,0.0074705769255354,0.0026841180796772,0.02984173,0.018630505,-0.03260088,0.017375393,0.05216813,0.042278405,0.049845114,-2.0499281000000003,0.8820138,1,1,1,1,-0.0335133061785319,-0.5800420847313208,-0.9780131395438642,-8.611111798291837,True,4.68,suggested,English,False,immature,0.77015,strong,True,immature_readable,327,0.6765857338905334
1931,outs,low_maturity_control,1873,ously,0.6666667,0.2752856180162326,1.0,0.010652915,0.8023322,0.013277436,0.9037948131197556,0.9638157894736842,0.15573043,0.07553558,0.19401735,0.18007481,0.07287818,0.15207334,0.15451427,0.6419189856172984,1.0,0.008696051,0.7957286,0.010928413,0.8323135964912282,0.9587719298245616,0.25825882,0.13162267,0.1926175,0.21716465,0.18204896,0.20914085,0.18236074,0.5040923590896474,1.0,0.010395314,0.686959,0.015132363,0.3285998689789083,0.916866028708134,0.23294981,0.097394995,0.07843941,0.11525899,0.14616139,0.137618,0.10079484,1.5574706279290167,1.0,0.0032581806,0.12101975,0.026922718,0.0160174359122839,0.0451413387174277,0.042751968,0.022833008,0.07930435,0.08776356,0.13215946,0.1921162,0.15623997,-2.32080365,0.90543,1,1,1,1,0.7446918976630488,0.1378266265276509,1.0533782688393694,-8.429510212075723,True,3.86,outs,English,False,immature,0.73735,strong,True,immature_readable,328,0.5942373871803284
1895,attending,low_maturity_control,1863,ening,0.71428573,0.0599764324910366,1.0,0.0122856265,0.7939991,0.015473099,0.468859649122807,0.9315789473684212,0.11565326,0.10214299,0.0512992,0.14444533,0.10823261,0.09973492,0.1230505,0.3806188396222026,1.0,0.009803068,0.8387449,0.011687783,0.8722033917746311,0.9605263157894736,0.17568536,0.16602308,0.0028858003,0.116884016,0.18320902,0.11588046,0.12383192,0.8598802153618795,1.0,0.011955588,0.8009172,0.0149273705,0.2419072236177329,0.8973311568394671,0.21697624,0.18421805,-0.015502654,0.08095449,0.17400219,0.04867203,0.06940993,0.6197353248414817,1.0,0.0040721097,0.19664645,0.020707771,0.0113459352816552,0.0283499816612534,0.018228587,0.022198992,0.036910746,0.015609914,0.130534,0.096108,0.10058438,-1.7765267,0.906063,1,1,1,1,0.4800527030791501,-0.4792613757396769,-0.2401448905203977,-7.301214256777465,True,4.31,attending,English,False,immature,0.7588,strong,True,immature_readable,329,0.6487408876419067
1905,sibly,low_maturity_control,1873,ously,0.6,0.1965971835030518,1.0,0.010293831,0.7407262,0.013896945,0.951872393989458,0.9497441520467836,0.1362712,0.09086897,0.24116173,0.23424444,0.18241744,0.08871146,0.04709064,0.2924043684699277,1.0,0.009085953,0.7391032,0.012293213,0.8324898785425101,0.9500419709560984,0.20228279,0.13082913,0.25290418,0.3126541,0.3059125,0.100784376,0.09477863,0.5088280821164335,1.0,0.01043713,0.6180732,0.016886558,0.6878242932719826,0.9026781571331922,0.20511976,0.12866469,0.109416306,0.18886648,0.26673517,0.06445905,0.04357183,11.868409306731794,1.0,0.005320245,0.293246,0.0181426,0.0822397600045468,0.292686292234702,0.0922847,0.08109949,0.0937088,0.1741079,0.19376849,0.086499736,0.05729617,-1.9488046,0.8758853,2,2,2,2,3.2165597352053017,-0.2164237136465058,11.35958122461536,-6.254656975256316,True,1.13,sibly,English,False,immature,0.6541250000000001,strong,True,immature_readable,330,0.5149955749511719
1879,association,low_maturity_control,1911,situation,0.7,0.1966940890410279,1.0,0.012566453,0.80367196,0.015636297,0.9546783625730996,0.97374598468001,0.11317424,0.103203,0.1992267,0.16999272,0.09799363,0.10769854,0.10891807,0.1572294475533043,1.0,0.010421778,0.8095114,0.012874158,0.8955157520325203,0.8880095091717899,0.17968501,0.1576201,0.19565175,0.22266202,0.21425298,0.19991532,0.19422582,0.7400306665875497,1.0,0.011740484,0.72244275,0.016251093,0.8169652393665602,0.8582437569640163,0.19889265,0.18524711,0.12538952,0.13973463,0.17712694,0.12656534,0.11621001,0.5504808730053775,1.0,0.004111651,0.18162009,0.022638744,0.0196952968781262,0.0322223139940802,0.017976953,0.011770139,0.044868123,0.054849602,0.09523718,0.14595982,0.10535514,-2.2729229,0.90612155,1,1,1,1,0.4111087690468148,-0.5828012190342453,-0.1895497935821721,-8.531541679952939,True,5.01,association,English,False,immature,0.6993499999999999,strong,True,immature_readable,331,0.5726349353790283
1962,achem,low_maturity_control,1491,achaille,0.61538464,0.4796052050007613,1.0,0.00900275,0.83981115,0.01071997,0.2033170852921427,0.982456140350877,0.14571086,0.101740465,0.24729905,0.26665753,0.117736146,0.27672613,0.22260837,0.9296069292600307,1.0,0.0078910105,0.852089,0.009260782,0.056870669865763,0.982456140350877,0.24463132,0.18162854,0.22803539,0.29585207,0.22037807,0.29677436,0.2786747,0.9488463464910286,1.0,0.009778875,0.732121,0.013356911,0.0384898705355882,0.8981829573934836,0.24110289,0.17643623,0.11133186,0.23073123,0.19513924,0.24216646,0.22733495,2.174234137305106,1.0,0.0033584018,0.16240665,0.020678967,0.0043436640653346,0.0485211654904679,0.060513515,0.035843402,0.16374059,0.2270239,0.25912586,0.30327198,0.28089085,-1.920991725,0.9197888,2,2,2,2,1.1330731545142316,-0.0192394172309978,1.2253877908140776,-7.027695634207686,False,0.0,achem,CLIPese,False,immature,0.6791,strong,True,immature_readable,332,0.5413713455200195
1963,exists,low_maturity_control,1952,extends,0.61538464,-0.0631734036295122,1.0,0.011282314,0.74378395,0.015168805,0.9366384711779452,0.9111428500613435,0.13605958,0.076293215,0.12728594,0.1061085,-0.046606187,0.03891604,0.029001914,0.0481548919589877,1.0,0.009265392,0.7860435,0.011787378,0.947895174663288,0.9301092844312744,0.18585388,0.11489626,0.08256287,0.11575246,-0.028198928,0.08910342,0.09236954,0.1589647274966712,1.0,0.011246574,0.7490413,0.015014624,0.8442600039081344,0.8780243241938057,0.17428632,0.09686263,0.00035561016,0.044692967,0.04802354,0.044669997,0.007026028,1.4638942026270114,1.0,0.0046785967,0.23741971,0.019706016,0.0629886540645256,0.0384785351503476,0.049195908,0.025106534,0.082109064,0.11137383,0.14391501,0.20249906,0.17660746,-2.514130625,0.8904381,1,1,1,1,0.4019601046132895,-0.1108098355376835,1.3049294751303402,-9.315955459053606,True,4.48,exists,English,False,immature,0.73055,strong,True,immature_readable,333,0.631982684135437
1994,constituted,low_maturity_control,1880,consisted,0.8,-0.1458871314985974,1.0,0.011899269,0.7524778,0.015813448,0.9222222222222222,0.950057927838464,0.11373615,0.07181179,0.1569499,0.16710404,0.08614038,0.05550387,0.043568302,0.1262125092497751,1.0,0.009769261,0.7881883,0.012394577,0.8957635566188196,0.9483434993105252,0.18440218,0.12105698,0.15437488,0.19526708,0.17986336,0.08723518,0.09017207,0.0491378818527167,1.0,0.011602442,0.7129993,0.016272726,0.7782154562229749,0.8631872667344048,0.16140595,0.09113043,0.06493557,0.09117224,0.15757585,0.03252831,0.036701556,0.7383435833485207,1.0,0.00437341,0.25437683,0.017192641,0.0193068893799421,0.0349936170421981,0.021192705,0.014235246,-0.008499245,0.027530992,0.023061074,0.121817745,0.10784384,-2.433841225,0.85656196,2,2,2,2,0.1919517107381037,0.0770746273970583,0.689205701495804,-9.703876346891157,True,3.58,constituted,English,False,immature,0.7048749999999999,strong,True,immature_readable,334,0.6441836357116699
1828,gonna,low_maturity_control,1159,ergonloaf,0.5714286,-0.2803269357462859,1.0,0.011295078,0.68926466,0.016387142,0.9741626794258372,0.8865131578947368,0.11489256,0.08122045,0.18464085,0.15577309,0.09855665,0.004406945,0.006016831,0.223256216892923,1.0,0.00936565,0.72564954,0.012906575,0.9387858134544996,0.903390252110677,0.21783197,0.12544148,0.097803496,0.15871674,0.14714354,0.020632185,0.039515994,0.5935453852678637,1.0,0.011113073,0.7268846,0.015288634,0.8525616170471019,0.904770138738586,0.23230761,0.11677718,0.033928998,0.082516015,0.15269643,0.021478482,0.019347442,1.4639885659903245,1.0,0.006729074,0.404058,0.016653731,0.0259586934594227,0.0217920038980956,0.057751436,0.04878749,0.034337062,0.056620136,0.07237694,0.050462738,0.077776104,-1.9850316,0.9321714,1,1,1,1,0.5001158081012063,-0.3702891683749407,0.8704431807224607,-7.447863642675304,True,5.29,gonna,English,False,immature,0.7001749999999999,strong,True,immature_readable,335,0.5966271162033081
1934,argued,low_maturity_control,1838,ruled,0.72727275,0.3875552038654907,1.0,0.0104453135,0.7879152,0.0132569,0.9349069719131348,0.9001289354619406,0.13836615,0.13224608,0.12258601,0.09148265,-0.021548454,-0.01124458,-0.047518417,0.2675675661687343,1.0,0.008755608,0.8223875,0.010646572,0.8943123182287269,0.904834232370774,0.17335099,0.17439398,0.118701726,0.10648904,0.033241775,-0.014478991,-0.032764573,0.2518730266049914,1.0,0.0106284395,0.74595195,0.014248156,0.7714218455743879,0.5637414125611514,0.17063093,0.1618702,0.04023406,0.001219592,-0.011665128,-0.036035318,-0.053108726,-0.1240421162061428,1.0,0.0046962094,0.26827803,0.017505009,0.0129709255087458,0.0033407337959426,0.025370395,0.022871403,0.02459277,0.01751967,0.100521654,0.14004324,0.08867305,-2.58349535,0.8588579,1,1,1,1,0.1957384201082684,0.0156945395637428,-0.3759151428111342,-10.028768404208698,True,4.36,argued,English,False,immature,0.7263749999999999,strong,True,immature_readable,336,0.663722574710846
1805,brang,low_maturity_control,1313,beanbag,0.6666667,0.4703564824319312,1.0,0.0097516645,0.7613781,0.012807913,0.0513595917520775,0.969298245614035,0.13320944,0.11821993,0.30299562,0.2745582,0.19699329,0.09052067,0.109097034,0.8365724454443018,1.0,0.008004119,0.78215194,0.010233457,0.1251514987857007,0.9802631578947368,0.21161807,0.198568,0.31663835,0.36276364,0.31160918,0.17186353,0.16253042,0.6684806925702268,1.0,0.01010739,0.6779238,0.01490933,0.0279632645457235,0.8215509010621793,0.19770285,0.17791036,0.197312,0.26557937,0.24215303,0.15619068,0.14348766,2.1271114119852914,1.0,0.0043525035,0.26347268,0.016519753,0.0063772815663854,0.0375880895467603,0.057462838,0.055358063,0.15988724,0.21177876,0.21740791,0.25581515,0.21447429,-2.6400431,0.9189246,2,2,2,2,1.0256302581079375,0.1680917528740749,1.4586307194150647,-8.82725470819158,True,1.42,brang,English,False,immature,0.6526,strong,True,immature_readable,337,0.46120911836624146
1842,informing,low_maturity_control,470,cubeforming,0.7,-0.059396048641297,1.0,0.011830544,0.7096563,0.016670808,0.6324891704464912,0.9325896262395116,0.107352935,0.095555685,0.1879972,0.21785446,0.11293499,-0.044524483,-0.022156857,0.4173544112658972,1.0,0.01002615,0.76035595,0.013186127,0.8605019025394015,0.9518497330282226,0.19109471,0.16134088,0.16882406,0.1754341,0.1737271,0.016669566,0.077122554,0.4149054403723397,1.0,0.011505076,0.7258277,0.015850974,0.3729247569196969,0.7962145616152639,0.1877676,0.14322937,0.10116126,0.11466465,0.18707506,0.062610626,0.09013727,0.6871089229620821,1.0,0.004832901,0.2217901,0.021790426,0.0080770358742044,0.0180103099285197,0.029428318,0.03599472,0.08821756,0.0773893,0.11735923,0.1380706,0.15913367,-2.0123528750000004,0.8761816,1,1,1,1,0.3649931814897555,0.0024489708935575,0.2722034825897425,-8.327749057211154,True,3.58,informing,English,False,immature,0.7253499999999999,strong,True,immature_readable,338,0.6350346803665161
1858,acreative,low_maturity_control,1998,ative,0.71428573,0.0972451484301946,1.0,0.010524334,0.77770984,0.013532469,0.9780701754385964,0.9393274853801168,0.14478262,0.07517152,0.21576963,0.20837902,0.19635952,0.11400483,0.16547984,0.266635889992918,1.0,0.008710373,0.77187735,0.01128466,0.8708810068649884,0.9209756848261004,0.2233627,0.119516045,0.19110051,0.2525732,0.30137578,0.16172622,0.22668064,0.3611376561663227,1.0,0.010038516,0.6670119,0.015049979,0.621650547308442,0.8348484848484847,0.21559595,0.09922683,0.11537668,0.16593798,0.21746272,0.13595253,0.1764721,3.052718538041164,1.0,0.004003109,0.19346812,0.020691311,0.0441111684238738,0.0863976112556363,0.03501154,0.032790326,0.11261856,0.13050362,0.16279036,0.1400409,0.15183914,-2.2046010000000003,0.9015956,2,2,2,2,0.9444343081576498,-0.0945017661734047,2.691580881874841,-8.066905578764374,False,0.0,acreative,CLIPese,False,immature,0.6878250000000001,strong,True,immature_readable,339,0.5467848181724548
1979,second,low_maturity_control,1901,sends,0.72727275,0.516934669387845,1.0,0.011874583,0.7173855,0.016552582,0.8335888264350195,0.9740712074303406,0.1484164,0.107060455,0.21575847,0.21468168,0.23305784,0.13719815,0.14845327,0.6505263106782833,1.0,0.009055357,0.74911666,0.012088047,0.7986557302346775,0.9738529014844804,0.21086626,0.17133904,0.31237197,0.23505162,0.2867083,0.21724518,0.20838487,1.0515397307341654,1.0,0.010988327,0.7383188,0.014882903,0.7116619674185463,0.9351929824561404,0.22935963,0.20286305,0.17821836,0.15126112,0.2553037,0.16844064,0.1585868,0.2295492625203323,1.0,0.004382125,0.2133741,0.020537287,0.0099053547843835,0.017365945577659,0.026645312,0.015207543,0.07324386,0.09723489,0.14234504,0.16114673,0.15862663,-2.168397525,0.9223508,1,1,1,1,0.6121374933301564,-0.4010134200558821,-0.821990468213833,-7.936685827884903,True,5.63,second,English,False,immature,0.7282,strong,True,immature_readable,340,0.6468601226806641
1930,allowing,low_maturity_control,1840,allows,0.71428573,0.0390653749706868,1.0,0.011394439,0.7201936,0.015821354,0.9064852750639072,0.9035317350969048,0.11344776,0.11349097,0.092525214,0.047197007,-0.05495187,-0.07235728,-0.08806078,0.1100954828084072,1.0,0.009119367,0.76099616,0.01198346,0.9301326460255442,0.9285962782309882,0.15079762,0.15913431,0.056558155,0.10486429,0.0005726516,-0.14896514,-0.13272926,-0.1835237189206204,1.0,0.010780371,0.7210804,0.014950303,0.6528893371640482,0.5272258733013568,0.118251234,0.13739729,-0.027145242,0.05143824,0.018495224,-0.13328563,-0.121600546,0.9877184898911188,1.0,0.005397118,0.28911087,0.018667988,0.0208279911620977,0.0074624812420598,0.053048115,0.05312205,0.0095219305,-0.017683243,0.08328968,-0.044765558,-0.085849136,-1.798367275,0.9031833,1,1,1,1,0.238338907187398,0.2936192017290275,1.1712422088117391,-7.553737797916382,True,4.62,allowing,English,False,immature,0.7120499999999998,strong,True,immature_readable,341,0.6176353693008423
1822,denies,low_maturity_control,1811,defines,0.7692308,0.0269950751008929,1.0,0.010581282,0.7773062,0.013612759,0.9039652036345714,0.935655314757482,0.11560288,0.0965698,0.056985576,0.11626724,0.10009247,0.006583781,0.022099841,-0.0026812638950198,1.0,0.009187885,0.79804623,0.011512973,0.93302437127301,0.9314408179539756,0.14837024,0.14149618,0.05554673,0.11577581,0.062147535,-0.053141937,-0.03437031,0.0134388329111964,1.0,0.011423914,0.7444167,0.015346128,0.5669300231679291,0.7728414172686618,0.1250112,0.133991,0.026381051,0.07224605,0.09788403,-0.05376202,-0.009118633,0.1972087101856615,1.0,0.0039269617,0.1657888,0.023686532,0.0138974099735937,0.0055924494960279,0.02647099,0.034861233,0.0042716125,0.05392826,0.11528209,0.020187618,0.036550142,-1.987703275,0.90948004,1,1,1,1,0.0587403385756827,-0.0161200968062162,0.1837698772744651,-8.045441385889005,True,3.73,denies,English,False,immature,0.7124499999999999,strong,True,immature_readable,342,0.6201848387718201
1806,conoce,low_maturity_control,1847,concepts,0.71428573,0.4968386153047786,1.0,0.009127796,0.7853576,0.011622471,0.6850877192982456,0.986842105263158,0.17116687,0.077342145,0.19265758,0.20477372,0.1980979,0.13269436,0.13666321,0.7585183610507259,1.0,0.007735452,0.8269149,0.009354592,0.6717611336032387,0.9748283752860412,0.27366516,0.1291215,0.17607129,0.2670714,0.30793145,0.13995543,0.1715971,0.3505293531199145,1.0,0.009294571,0.70245856,0.013231487,0.2937848688194949,0.9156015037593984,0.2215121,0.0799728,0.10667707,0.19713975,0.2767477,0.11932798,0.120426066,1.4458985997170086,1.0,0.0033726224,0.15848765,0.021280034,0.0095418436537084,0.0276174954341535,0.06129228,0.03468755,0.18361366,0.24647768,0.32097012,0.24613826,0.20694041,-1.87399475,0.8993668,3,3,3,3,0.7629462322981069,0.4079890079308114,1.095369246597094,-7.429323031822603,True,1.17,conoce,English,False,immature,0.6886000000000001,strong,True,immature_readable,343,0.6436819434165955
1940,contr,low_maturity_control,656,chondro,0.6666667,-0.0922124663045833,1.0,0.009926616,0.7379888,0.013450903,0.9769736842105264,0.9145429362880888,0.13906744,0.068513386,0.23409492,0.23765841,0.15840995,0.12894681,0.15077464,0.3281516715124387,1.0,0.008923847,0.7752834,0.011510433,0.8748505880084827,0.8942405518747364,0.24459457,0.12147029,0.20293595,0.27344292,0.31565237,0.20324624,0.18126342,0.3700122247082539,1.0,0.009916489,0.65983975,0.015028632,0.3127268558919769,0.8397607869438853,0.22646445,0.0891462,0.097225465,0.15029758,0.2618776,0.16332819,0.13935046,0.6253258288038587,1.0,0.0033392143,0.15823036,0.021103498,0.0150508566653347,0.018662620803252,0.034879245,0.027495509,0.055018224,0.08434243,0.17118792,0.11818188,0.101687,-1.75662715,0.93508196,2,2,2,2,0.307819314679992,-0.0418605531958152,0.2553136040956048,-6.995052597651844,True,2.21,contr,English,False,immature,0.684175,strong,True,immature_readable,344,0.5984815359115601
1854,required,low_maturity_control,1814,requires,0.875,-0.2173644098634396,1.0,0.0114612095,0.6660002,0.017209018,0.9101500789889416,0.8662318598916646,0.115057796,0.09700782,0.18430462,0.077301785,0.09353104,0.07542035,0.04824541,0.3225971973774348,1.0,0.009149002,0.7268113,0.012587864,0.9255234861346916,0.914087614245194,0.19702215,0.156884,0.13207717,0.106978975,0.17242599,0.051671363,0.05022339,0.8382090452752922,1.0,0.011483373,0.7959475,0.0144273,0.9388921742558644,0.8928382728868761,0.22833204,0.16912186,0.06654223,0.06189486,0.15189373,0.040586714,0.036101356,0.3754520570935593,1.0,0.00560811,0.30136952,0.01860875,0.0880234147499845,0.0037471423658167,0.04751876,0.03180005,0.074562915,0.052688748,0.11549994,0.056998216,0.05087705,-2.287757,0.849061,1,1,1,1,0.3297234724707116,-0.5156118478978573,-0.4627569881817329,-9.35918322060022,True,5.02,required,English,False,immature,0.7177250000000001,strong,True,immature_readable,345,0.6513200998306274
1831,alltimel,low_maturity_control,1951,callsthe,0.625,0.7126065468637952,1.0,0.011959609,0.7559944,0.015819706,0.6587540387569044,0.9614661654135338,0.1678845,0.11675651,0.23553985,0.17337938,0.18422958,0.13411024,0.17496918,0.8115647933306185,1.0,0.00971295,0.7391881,0.013140026,0.4534868641127145,0.9742562929061784,0.2362409,0.17371638,0.25005397,0.23147354,0.28779525,0.15969424,0.18833145,0.8484684556058303,1.0,0.011660599,0.7281144,0.01601479,0.3467487666897988,0.8050882451366781,0.23289791,0.17858262,0.12979329,0.11452984,0.20558736,0.0862441,0.09400508,1.1883430917067814,0.8888889,0.0056480523,0.27408233,0.020607138,0.0150128618168533,0.0343629729639783,0.061112434,0.04147618,0.093645126,0.089282006,0.16110176,0.16545503,0.14169104,-2.0778051,0.8994917,3,3,3,3,0.8902457218767563,-0.0369036622752118,0.3398746361009511,-7.828107593055847,False,0.0,alltimel,CLIPese,False,immature,0.65,strong,True,immature_readable,346,0.5539902448654175
1833,lingly,low_maturity_control,661,alinclip,0.5714286,0.3224925615515733,1.0,0.01138683,0.81121737,0.014036719,0.9738805970149256,0.9737334910309482,0.12595542,0.10580462,0.16625404,0.19760175,0.13156322,-0.025278714,0.021193404,0.2986171970950953,1.0,0.009151855,0.7548063,0.012124773,0.8843098540925958,0.9737056752811885,0.16691084,0.15489542,0.17068271,0.26402357,0.25973973,0.0313391,0.07563707,0.0858689650187948,1.0,0.010999016,0.67894965,0.016200047,0.5074241541720901,0.8140805702275399,0.14811696,0.11850032,0.09535111,0.17037427,0.23985562,0.045126572,0.07772506,4.208714034293169,1.0,0.0055646766,0.305274,0.018228466,0.0468209894129873,0.0968297010788317,0.065063216,0.05221349,0.05878748,0.10330126,0.18094495,0.062607534,0.05935303,-2.139439825,0.9158108,2,2,2,2,1.2289231894896582,0.2127482320763005,4.122845069274374,-7.535658072479224,False,0.0,lingly,CLIPese,False,immature,0.716975,strong,True,immature_readable,347,0.6583031415939331
1919,everythin,low_maturity_control,1826,version,0.625,-0.1073407968217626,1.0,0.011243639,0.67959714,0.016544564,0.9082456140350876,0.986842105263158,0.11694893,0.057941355,0.16367704,0.19650514,0.047564022,0.10802506,0.096233636,0.2305716526571257,1.0,0.008730387,0.699523,0.012480487,0.9124328161444072,0.9423374613003096,0.20538338,0.12108577,0.16495417,0.1994837,0.13789254,0.085623756,0.09537357,0.4627853176307559,1.0,0.01087973,0.6949621,0.015655141,0.794013542628501,0.9162071846282372,0.21537359,0.10754939,0.062364843,0.10720706,0.09967457,0.03715849,0.030589823,0.9883192130515536,1.0,0.0044094096,0.23576984,0.01870218,0.0113776387478426,0.0157447499403481,0.058032107,0.034495577,0.112569734,0.15092607,0.1499649,0.12068401,0.1387117,-2.144658625,0.88932973,2,2,2,2,0.3935838466294181,-0.2322136649736302,0.5255338954207976,-8.45427234904906,True,1.96,everythin,English,False,immature,0.6574,strong,True,immature_readable,348,0.5190346240997314
1874,madeby,low_maturity_control,1992,madeto,0.6666667,0.6280878497832876,1.0,0.0085924,0.73690784,0.011660074,0.8864709851551957,0.9477443609022558,0.16950917,0.11086143,0.15576933,0.20435251,0.1284243,0.07018249,0.072594956,0.3679092025667895,1.0,0.008435706,0.7460466,0.01130721,0.8115043355515225,0.9606437969924811,0.21101525,0.13030012,0.13152018,0.21985976,0.16155837,0.09134161,0.14649342,0.4369017106185544,1.0,0.009872772,0.6536368,0.015104369,0.4586589465631951,0.9073816005531068,0.1904833,0.1292396,0.06729336,0.15323117,0.16833326,0.055992976,0.11253467,5.405082813984143,1.0,0.0040613115,0.19704247,0.020611351,0.0470160052599569,0.1486403578478956,0.04219781,0.03876642,0.075934686,0.1299789,0.1388851,0.08325595,0.08651828,-1.7882644,0.8691277,2,2,2,2,1.7094953942381936,-0.0689925080517648,4.968181103365589,-6.976398233660751,False,0.0,madeby,CLIPese,False,immature,0.666525,strong,True,immature_readable,349,0.5455386638641357
1982,thenew,low_maturity_control,1846,gathere,0.61538464,0.4210906824177048,1.0,0.010842412,0.79719424,0.013600715,0.5657196940091677,0.9741302408563782,0.15157542,0.092585705,0.30578274,0.24213636,0.08705813,0.10586986,0.14662239,0.5862409250084228,1.0,0.009027743,0.77263325,0.011684383,0.7011882860921,0.9564428312159712,0.22682197,0.15331082,0.26575494,0.26410976,0.16360095,0.081124045,0.11363723,0.3988361869918584,1.0,0.010705529,0.68883103,0.015541589,0.1374039498708097,0.8836326928432192,0.19164336,0.124092676,0.18100233,0.17853215,0.15484834,0.06208183,0.08691077,-0.13085249270867,0.8888889,0.0033473663,0.12907661,0.025933174,0.0058692677942747,0.0207481757540114,0.027307784,0.022026714,0.05789013,0.085427806,0.17239529,0.04920042,0.033147965,-1.903192475,0.90835124,2,2,2,2,0.318828825427329,0.1874047380165644,-0.5296886797005285,-7.682758730367141,True,1.49,thenew,English,False,immature,0.670675,strong,True,immature_readable,350,0.6496087312698364
1813,happens,low_maturity_control,463,apples,0.7692308,-0.1271103088565731,1.0,0.013651505,0.7392265,0.018467283,0.3121200555160842,0.9255008087594874,0.11702855,0.08110552,0.26371518,0.22571859,0.093394235,0.15702538,0.115585655,0.6502186266257737,1.0,0.010148983,0.79637486,0.012743978,0.5529804240330557,0.9737412946683413,0.21641584,0.16606542,0.26556623,0.28800505,0.29234943,0.20856366,0.19466814,1.0293935062026978,1.0,0.011774116,0.7624183,0.015443118,0.2646340948703998,0.9605722421236336,0.24969813,0.17436844,0.15428035,0.18084641,0.27314377,0.14649086,0.10699867,1.6562659291565454,1.0,0.0074097626,0.4155531,0.017831085,0.0048853312131785,0.0198453012098011,0.061142024,0.059857864,0.16345462,0.16984507,0.20114999,0.23505685,0.19455987,-2.6108655,0.8813939,1,1,1,1,0.802191938282111,-0.3791748795769241,0.6268724229538476,-9.393431136645493,True,4.96,happens,English,False,immature,0.676875,strong,True,immature_readable,351,0.7152330875396729
1859,defining,low_maturity_control,1863,ening,0.7692308,0.219745032211388,1.0,0.010345814,0.7199909,0.014369368,0.7889479445740788,0.960689767898006,0.12595767,0.09902834,0.17175408,0.21184745,0.18331,0.08744746,0.059857816,0.5784982624037485,1.0,0.008525379,0.75481105,0.01129472,0.7983468286099865,0.9737125375332842,0.20517604,0.16488121,0.13861603,0.23269202,0.22854894,0.063880846,0.041081283,0.7366943536795737,1.0,0.010411445,0.7197285,0.014465795,0.6884928667823406,0.9029152240702132,0.20233588,0.17490467,0.047740478,0.15338702,0.18004428,0.042720996,0.028732186,1.900062116044576,1.0,0.0050137797,0.29030144,0.017270943,0.0537308026255349,0.036781849774783,0.049204167,0.051066134,0.04689,0.105763316,0.07070756,0.08767249,0.023671148,-1.837795325,0.9111442,1,1,1,1,0.8587499410848214,-0.1581960912758252,1.1633677623650018,-7.1260791453705865,True,3.96,defining,English,False,immature,0.7112,strong,True,immature_readable,352,0.7084875106811523
1838,ruled,low_maturity_control,1934,argued,0.72727275,0.1391279122434771,1.0,0.010284225,0.6705368,0.015337301,0.9009639483323691,0.9552005012531328,0.12987202,0.087948255,0.17396387,0.15501907,0.18254092,0.035692945,0.006185908,0.1953155020499896,1.0,0.008625342,0.7247808,0.011900621,0.8941257742665332,0.9218201754385964,0.19395263,0.13527115,0.12778808,0.17014068,0.20822796,0.034928013,0.010576313,0.4412543703288174,1.0,0.010600015,0.7084502,0.014962258,0.8301213720396924,0.9037543266479644,0.19945903,0.12141246,0.053244676,0.10514757,0.16661064,0.03696298,0.038276825,0.8675870166955053,0.8888889,0.0049045193,0.2904707,0.016884731,0.0522744080185675,0.0421706845921309,0.04300457,0.024105607,-0.009642422,0.08729722,0.13055477,0.08994492,0.08715091,-2.0287827,0.8799899,1,1,1,1,0.4108212003294473,-0.2459388682788278,0.4263326463666879,-8.286805514420646,True,4.3,ruled,English,False,immature,0.653875,strong,True,immature_readable,353,0.5895752906799316
1947,accomod,low_maturity_control,1898,accompanied,0.6666667,-0.1784425749476957,1.0,0.008998195,0.84099895,0.010699413,0.7652613677049768,0.9357585139318886,0.11696104,0.07078825,0.06356574,0.18914756,0.12785608,0.09680079,0.06993003,0.1191105639772108,1.0,0.008005158,0.8121361,0.009856917,0.8433479532163741,0.9476513865308434,0.17499308,0.12912945,0.06991759,0.22985892,0.18905094,0.09920183,0.06380707,0.1142476879562733,1.0,0.009435351,0.6773725,0.013929338,0.5603713027333053,0.8114323066225705,0.16387463,0.10819602,0.02054745,0.15888055,0.19116259,0.074043326,0.06671494,1.1485446338571768,1.0,0.0029395595,0.13991202,0.021010056,0.0242216099964793,0.0327312420170569,0.029154185,0.033899847,0.046532944,0.1412291,0.17848659,0.13821945,0.088169836,-2.1323007,0.9237817,2,2,2,2,0.3008650777107413,0.0048628760209375,1.0342969459009037,-8.042220174523848,False,0.0,accomod,CLIPese,False,immature,0.665375,strong,True,immature_readable,354,0.6104727387428284
1868,aided,low_maturity_control,1886,ailed,0.8,0.3500208930069385,1.0,0.01073107,0.7343847,0.014612328,0.8909430122116689,0.9053362573099414,0.13155456,0.13219821,0.09097591,0.10576187,0.028714182,0.111210845,0.09737377,0.5098838366990073,1.0,0.008933606,0.70355844,0.012697745,0.8259279664678939,0.911014847365092,0.20088321,0.18559955,0.064770214,0.15453044,0.22911736,0.16143936,0.15439624,0.5414120603890687,1.0,0.010776541,0.67426425,0.015982667,0.5662779686773494,0.6906242758592126,0.18806009,0.18168126,0.033070445,0.089492515,0.20971358,0.13067257,0.11430747,1.3177486334152198,1.0,0.005184265,0.2906704,0.017835544,0.0616220879664108,0.0197690807820029,0.061221637,0.042156786,0.020229833,0.029727068,0.1043804,0.1426993,0.10897839,-2.265861525,0.8732021,1,1,1,1,0.6797663558775586,-0.0315282236900614,0.776336573026151,-8.758664357270638,True,3.74,aided,English,False,immature,0.629,strong,True,immature_readable,355,0.5301265120506287
1843,asked,low_maturity_control,1819,passed,0.72727275,-0.0601371815139546,1.0,0.011720417,0.6994652,0.016756255,0.890887934121017,0.986842105263158,0.09076223,0.08887757,0.11427498,0.07946314,0.06248381,-0.071375825,0.007964913,0.1376794600899359,1.0,0.008242956,0.7169563,0.011497153,0.9104166666666668,1.0,0.1335841,0.14816646,0.0660066,0.08332869,0.079376146,-0.07690666,-0.014383647,0.5428024792713373,1.0,0.010128518,0.71791255,0.014108289,0.8448464912280701,0.962719298245614,0.16491705,0.1678432,-0.023003045,0.04035439,0.09372423,-0.044685572,0.011055845,0.422206450394997,1.0,0.002725405,0.12587829,0.021651112,0.0167454939906977,0.0189324643013225,0.019688198,0.02770778,0.071460694,0.05434106,0.08349913,0.1614077,0.1782424,-3.157638725,0.9002931,1,1,1,1,0.2606378020605789,-0.4051230191814013,-0.1205960288763403,-10.819616352300333,True,5.3,asked,English,False,immature,0.6729,strong,True,immature_readable,356,0.6445509791374207
1956,bestofthe,low_maturity_control,1641,bestofrgb,0.6666667,-0.3256851041460915,1.0,0.010822909,0.71041673,0.015234591,0.9350079744816588,0.9082409972299168,0.10864243,0.07280705,0.2862623,0.26253334,0.12328933,0.026648967,0.03763737,0.1706643779673499,1.0,0.0088705,0.7622094,0.011637878,0.8471208262591963,0.8765664160401002,0.21305388,0.1332524,0.26690847,0.30948827,0.30950204,0.06980327,0.09429038,0.7303609352980842,1.0,0.011008111,0.745887,0.014758416,0.6836277731856066,0.8285364674602694,0.24634083,0.13910209,0.15847847,0.17113687,0.281595,0.0355801,0.056400273,1.2011838553645575,1.0,0.0036493968,0.1632788,0.022350708,0.0357386934011067,0.0386107811827412,0.040344257,0.017693754,0.118458316,0.12564074,0.14308093,0.10893287,0.10733631,-2.08597005,0.8920863,2,2,2,2,0.444131016120975,-0.5596965573307343,0.4708229200664733,-8.244479493696252,False,0.0,bestofthe,CLIPese,False,immature,0.6331,strong,True,immature_readable,357,0.5788190364837646
1944,nough,low_maturity_control,1340,banknomugshot,0.5555556,-0.1374773401473833,1.0,0.011350667,0.67897785,0.016717287,0.8566181013549434,0.9266037410162256,0.1183638,0.07812155,0.25435734,0.18240781,0.10241443,0.095934324,0.07344454,0.121637923111992,1.0,0.00951129,0.74047226,0.012844897,0.8623139173234291,0.9113507661558962,0.21175666,0.11083196,0.22800118,0.23653166,0.22300133,0.1295654,0.13951822,0.1029115216516317,1.0,0.010740734,0.69495887,0.015455208,0.5319654030180345,0.8919253261358524,0.19139759,0.06678983,0.10670559,0.12268083,0.19571841,0.06810553,0.0758008,1.902408805711012,1.0,0.0047801724,0.23621428,0.020236593,0.032317838360852,0.0323235324780186,0.056174047,0.05401041,0.118796654,0.14761789,0.119888514,0.11670463,0.12572849,-1.985688475,0.92444515,2,2,2,2,0.4973702275818131,0.0187264014603602,1.7994972840593804,-7.55111782060556,True,1.75,nough,English,False,immature,0.6231,strong,True,immature_readable,358,0.5975074768066406
1966,couldnt,low_maturity_control,1916,wouldn,0.7692308,0.2400308715200962,1.0,0.0125839785,0.7300096,0.0172381,0.8334044570886675,0.974342105263158,0.11197464,0.10926681,0.12881745,0.1319874,0.09372336,-0.0799983,-0.025470626,0.1285413505891379,1.0,0.008950034,0.7679586,0.011654319,0.86940350877193,0.9142859965228388,0.1569579,0.162727,0.022240236,0.10103029,0.14197688,-0.05006342,-0.017998133,0.613051788329892,1.0,0.010413439,0.7476597,0.013928046,0.6268540170202218,0.887203755001539,0.16944717,0.18707862,-0.058488958,0.044623606,0.13966194,-0.07243691,-0.046134673,-0.8309767583464948,1.0,0.003870278,0.20640133,0.018751225,0.0029867118290105,0.0026613424254125,0.0017575637,0.0046358206,0.008506261,0.029913615,0.14380856,0.0045002596,0.014460649,-3.0316380999999994,0.90569514,1,1,1,1,0.0376618130231578,-0.4845104377407541,-1.4440285466763867,-10.599689125031428,True,3.43,couldnt,English,False,immature,0.65615,strong,True,immature_readable,359,0.6062451004981995
1910,fication,low_maturity_control,1939,itation,0.8,-0.1290052697027314,1.0,0.010205534,0.830394,0.01228999,0.8838316028165653,0.9738550922761448,0.116731115,0.06099443,0.11131286,0.136953,0.11205746,-0.1067822,0.03229169,0.4382605527329596,1.0,0.008316182,0.8400279,0.009899887,0.4569993969072537,0.960579158740224,0.21208806,0.14095874,0.08936004,0.16717532,0.22707182,0.05039104,0.11589697,0.4885269038014733,1.0,0.010766343,0.7261458,0.014826696,0.4040694059807758,0.8734898577003839,0.20470925,0.1292605,0.060735352,0.13305652,0.24655011,0.04060141,0.12682255,0.8835607969574466,1.0,0.004227077,0.24109845,0.017532578,0.01910916481392,0.0316565238004558,0.03323731,0.01886497,0.02697101,0.046236448,0.13279298,0.068478785,0.0992745,-1.7796884,0.9015794,1,1,1,1,0.420335745947287,-0.0502663510685136,0.3950338931559733,-7.407011528284363,True,1.31,fication,English,False,immature,0.6236,strong,True,immature_readable,360,0.5459092259407043
1985,graced,low_maturity_control,365,coralstacked,0.5555556,0.4381606909648639,1.0,0.010905343,0.81224686,0.013426144,0.912531328320802,1.0,0.13865237,0.09631966,0.18167421,0.13189217,0.069299795,0.085330874,0.10642129,0.1033482132094964,1.0,0.008184049,0.7830733,0.010451192,0.8431360306360307,0.9769736842105264,0.15800227,0.12956645,0.13757932,0.120813526,0.09827273,0.05969614,0.058307678,0.19260848723656,1.0,0.009904224,0.70934707,0.013962452,0.2179296192325717,0.8286406575880259,0.15590948,0.12887456,0.061956894,0.028636716,0.07141981,0.04006497,0.03583473,1.0096424260136947,1.0,0.004074342,0.21366104,0.019069185,0.0134447389528696,0.0293972063555597,0.03312133,0.029645976,0.08658634,0.024786096,0.06099765,0.09822303,0.058351345,-1.7748726,0.9136527,1,1,1,1,0.4359399543561537,-0.0892602740270635,0.8170339387771347,-7.228981923753632,True,2.99,graced,English,False,immature,0.6677500000000001,strong,True,immature_readable,361,0.6514137387275696
1909,pleasee,low_maturity_control,463,apples,0.61538464,0.1569647557437052,1.0,0.010835131,0.6957231,0.015573912,0.8428362573099415,0.9561403508771932,0.14546101,0.07460138,0.18194711,0.17855398,0.08167594,0.005858723,0.08274713,0.0433151807471807,1.0,0.009068622,0.7446928,0.0121776685,0.9258771929824562,0.9332706766917294,0.19670464,0.10237397,0.11216306,0.19097671,0.15038967,0.04564151,0.07722728,0.6231775920650975,1.0,0.011459029,0.7567298,0.015142828,0.8679824561403509,0.9334152689415848,0.2374315,0.11322526,0.066608146,0.12486631,0.1397036,0.04259229,0.059661895,2.914281720336142,1.0,0.00433485,0.21462117,0.02019768,0.0340382332684106,0.0506801833315074,0.07920826,0.05683092,0.22575164,0.27182716,0.3282861,0.30479422,0.28945887,-1.7820092,0.9109885,3,3,3,3,0.9344348122230314,-0.5798624113179168,2.2911041282710447,-6.94387046179642,True,1.02,pleasee,English,False,immature,0.682,strong,True,immature_readable,362,0.7016721367835999
1916,wouldn,low_maturity_control,1966,couldnt,0.7692308,0.0525403317273582,1.0,0.012269297,0.7241468,0.016943106,0.9344537581262802,0.9136724941992695,0.10697394,0.11712287,0.021858612,0.09363437,0.062370587,-0.09108055,-0.081491366,-0.1535334957970039,1.0,0.0093011875,0.7379474,0.012604133,0.9477629362569816,0.9024054276315788,0.13466156,0.14250925,-0.121879436,0.048486285,-0.006855825,-0.13143298,-0.12711063,0.4724457898913478,1.0,0.011074159,0.7576012,0.014617399,0.9529085872576176,0.909537875300496,0.14826053,0.17880327,-0.12826045,-0.050547175,9.649061e-05,-0.16305406,-0.14292021,-0.5762812763746846,1.0,0.0054800017,0.31929705,0.017162707,0.0145610107563094,0.0045816677779467,-0.008495661,0.02222283,-0.090125695,-0.033337846,0.01918871,-0.05690784,-0.081807144,-2.50404925,0.8793101,1,1,1,1,-0.0512071626382456,-0.6259792856883517,-1.0487270662660324,-9.741649066622584,True,2.8,wouldn,English,False,immature,0.644725,strong,True,immature_readable,363,0.682151198387146
1975,overlooked,low_maturity_control,1832,looked,0.75,-0.4484940805885206,1.0,0.012130497,0.75420034,0.016083919,0.402078111946533,0.9226006191950464,0.11139844,0.049549866,0.21104863,0.17748748,0.120061874,0.00681868,-0.013409099,0.0984227437325548,1.0,0.0097715305,0.7586175,0.012880708,0.8508771929824562,0.9642857142857142,0.20703407,0.08783361,0.15317863,0.17375025,0.18911767,-0.034789186,-0.08313081,0.0700145566241262,1.0,0.011705687,0.7305659,0.016022768,0.3699127626759204,0.8668948011053274,0.18078543,0.0748191,0.07351422,0.092278644,0.14284773,-0.019017968,-0.04678336,-0.0805599262561425,1.0,0.005142517,0.2547428,0.020187095,0.0106856773732915,0.0063201202386619,0.028064417,0.017768964,0.0019224565,0.017225232,0.080891624,0.025181562,-0.019107081,-1.9399319000000004,0.8743132,1,1,1,1,-0.0901541766219955,0.0284081871084286,-0.1505744828802687,-8.486374614309806,True,3.82,overlooked,English,False,immature,0.656375,strong,True,immature_readable,364,0.6614432334899902
1871,owned,low_maturity_control,1960,joined,0.72727275,-0.4727032884244929,1.0,0.0110594835,0.7886328,0.014023616,0.8177891103498391,0.892764223916826,0.109963275,0.060507216,0.1700822,0.19243416,0.018656474,0.029007401,0.083465606,0.187058277143009,1.0,0.0093235755,0.8169525,0.011412628,0.7807794575555724,0.9605449794699512,0.19249265,0.117996216,0.14210728,0.20342454,0.07629916,0.034842692,0.10516315,1.0439702929090684,1.0,0.01166908,0.8022439,0.0145455515,0.7189988290398127,0.9737011012769408,0.24463488,0.18049376,0.062006403,0.11527671,0.07069789,0.053791657,0.08088574,-0.4074028151651455,1.0,0.0053748167,0.30953696,0.017364055,0.003522042127228,0.003231134068211,0.013353449,0.01717838,0.013058463,0.025341045,0.022019804,0.106784225,0.084708765,-2.13065015,0.9014103,1,1,1,1,0.0877306166156097,-0.8569120157660595,-1.4513731080742138,-8.471249340982022,True,4.76,owned,English,False,immature,0.6436249999999999,strong,True,immature_readable,365,0.6445637345314026
1870,consists,low_maturity_control,1880,consisted,0.8235294,-3.7782594888955976,1.0,0.011055778,0.75848174,0.014576195,0.8980787601822805,0.1737962880792919,0.04818496,0.027196994,0.024194183,0.069172285,-0.00971243,0.096592315,0.12453119,-0.3101229900985212,1.0,0.0096875755,0.8114736,0.011938251,0.9173204751007956,0.899395276988824,0.14726752,0.10594843,-0.020295605,0.17067288,0.077229485,0.085806474,0.15862538,-0.595318572563003,1.0,0.011100519,0.71813333,0.015457463,0.6860129439076806,0.1919746129533037,0.1234141,0.100114964,-0.0404134,0.06702007,0.04455338,-0.0026746867,0.051114354,-0.303278140519475,1.0,0.0032044826,0.14659421,0.021859543,0.035123318765699,0.0027593773014875,0.019775152,0.018692398,-0.020945998,0.08048551,0.052612975,0.07576008,0.12208156,-2.96267285,0.84763145,1,1,1,1,-1.246744798019149,0.2851955824644818,0.292040432043528,-12.052562240394336,True,4.39,consists,English,False,immature,0.621125,strong,True,immature_readable,366,0.6436819434165955
1983,agrees,low_maturity_control,1731,agates,0.6666667,0.374621463438169,1.0,0.012623228,0.7681184,0.016433962,0.8618705855547961,0.9739422084623324,0.13828306,0.099993765,0.12649734,0.06450581,0.07291616,-0.07214427,-0.046763837,-0.057711360818152,1.0,0.009477491,0.77059877,0.012298865,0.8818569862155388,0.9165067720090292,0.17441824,0.11430626,0.108198546,0.067744665,0.13410386,-0.0037076157,0.0067394893,0.3354486169345815,1.0,0.011244193,0.76705384,0.014658935,0.831422207556509,0.8503991228070177,0.18261129,0.12583508,0.041475642,0.0005290976,0.11108726,-0.0018180171,-0.030728713,-0.1298871937242437,1.0,0.005170716,0.3182394,0.016247882,0.0139225543774422,0.0044897996645096,0.028811282,0.017918631,-0.004641814,0.0067488654,0.04747359,0.059823506,0.04717115,-2.50398145,0.92280906,1,1,1,1,0.1306178814575887,-0.3931599777527335,-0.4653358106588252,-9.056663519898748,True,4.08,agrees,English,False,immature,0.62585,strong,True,immature_readable,367,0.7152330875396729
966,kaleidodigitalart,high_maturity,979,panordigitalart,0.75,-2.2698881373936315,1.0,0.010142483,0.5508168,0.018413533,0.0649883638866714,0.4980012290518885,0.06720218,0.052882444,0.055493254,0.11817615,0.063189134,-0.015645307,-0.041335132,-2.4107040789804204,1.0,0.009168346,0.5722146,0.016022567,0.0223809326836364,0.3980702007026241,0.07684662,0.04892784,0.08059913,0.1812962,0.1689164,0.043577537,0.0386379,-1.191097089219456,1.0,0.010547605,0.5485306,0.019228838,0.0139151157321581,0.254556609284521,0.07342252,0.028898023,0.031536117,0.09169334,0.1416952,0.027315527,0.043161705,1.2825409957389813,1.0,0.0036654293,0.17067415,0.021476183,0.0089029928349499,0.0460616078176928,0.01716232,0.025882015,0.049444504,0.13137752,0.14354607,0.18354285,0.13014442,1.294201025,0.93472075,2,2,2,2,-1.1472870774636317,-1.2196069897609645,2.473638084958437,-0.7020561887087174,False,0.0,kaleidodigitalart,CLIPese,True,mature,0.0242,weak,True,mature_weak,368,0.6120184063911438
1401,orangupsychedelic,high_maturity,1606,orangufrenpsychedelic,0.8947368,-3.952923107333549,1.0,0.010483752,0.5558704,0.018860064,0.1816268878649628,0.1377802823618119,0.043062523,0.026410323,0.122142345,0.09910994,0.062187374,-0.0032431725,-0.031700317,-3.123432865102923,1.0,0.009024327,0.6029178,0.014967756,0.0996663342739573,0.1602006794723059,0.06865832,0.044925608,0.07078664,0.078693524,0.109555885,0.004184068,-0.033053868,-1.3582582151431046,1.0,0.010371138,0.56407905,0.018385967,0.0184637686405519,0.0275156474394846,0.0707325,0.031256244,0.024551276,0.008087596,0.07351969,-0.03390578,-0.062422,-0.3964138088098822,1.0,0.004633895,0.2076185,0.022319278,0.0010760852197751,0.0013690770970269,0.025955724,0.011682424,0.1208137,0.06500689,0.11919936,0.10033682,0.09644692,1.203628775,0.9219647,2,2,2,2,-2.2077569990973647,-1.7651746499598182,0.9618444063332224,-1.7990023788618117,False,0.0,orangupsychedelic,CLIPese,True,mature,0.028025,weak,True,mature_weak,369,0.5855446457862854
1706,photomfractal,high_maturity,171,cytofractal,0.75,-4.030821848548886,1.0,0.0127510335,0.75201285,0.016955871,0.0512241478724251,0.1572999693322199,0.036259543,0.015583964,0.0749615,0.061810102,0.044261873,0.01256942,0.029292136,-3.718683824113645,1.0,0.010144152,0.6708105,0.015122231,0.0084530804695485,0.0421370021854934,0.05113895,0.015734823,0.04807926,0.072112106,0.06368231,-0.020746492,0.011934045,-1.2843643189135172,1.0,0.01127187,0.5790792,0.01946516,0.0068378557007064,0.1888249975981026,0.06767983,0.026093671,0.049681604,0.04054237,0.07822707,-0.006189737,0.004843461,-0.3730359739501236,1.0,0.004643017,0.22690454,0.020462424,0.0028609919347227,0.0076523501507533,0.016660763,0.008539415,0.039731897,0.11152923,0.060817588,0.07564236,0.06660826,1.1598680600000002,0.9460891,2,2,2,2,-2.351726491381543,-2.4343195052001274,0.9113283449633937,-1.688912465212733,False,0.0,photomfractal,CLIPese,True,mature,0.06627500000000001,weak,True,mature_weak,370,0.3112609088420868
466,hydraudelavinthenburg,high_maturity,1724,marathdelavinpikachu,0.5365854,-3.4103742246517235,1.0,0.010789614,0.6237215,0.01729877,0.0292330277088036,0.1922669202855153,0.06742587,0.044622924,0.059420053,0.03268705,0.016294297,-0.029725986,-0.0038300445,-2.9619699562205497,1.0,0.00963449,0.5946249,0.016202636,0.0412687358043027,0.1827271589391585,0.07005918,0.060269758,0.031059386,-0.010972317,-0.009878142,-0.048122514,0.0036572777,-1.1929234654766174,1.0,0.009866405,0.4976344,0.019826613,0.0037484001715409,0.0619188230433593,0.06900064,0.05976756,0.038745113,-0.019343007,0.014864691,-0.017240653,0.009647002,-0.3238542250606704,1.0,0.0039100307,0.17351256,0.022534568,0.0006581680298508,0.0027737890609508,0.013807954,0.022050634,0.09868328,0.068215474,0.069044665,0.092308566,0.10878162,1.48293945,0.9270849,3,3,3,3,-1.9722804678523904,-1.7690464907439325,0.869069240415947,-0.9073466883989676,False,0.0,hydraudelavinthenburg,CLIPese,True,mature,0.024475,weak,True,mature_weak,371,0.33897292613983154
123,artypixelart,high_maturity,1537,mattypixelart,0.88,-1.2037086119036515,1.0,0.010251384,0.56533617,0.018133255,0.281469136411694,0.7625501308895114,0.06687644,0.0695887,0.06799824,0.022908954,-0.027466089,-0.10171909,-0.08365883,-1.2098679628535225,1.0,0.008941728,0.57837373,0.0154601205,0.2545744958587529,0.7249867311601577,0.0937611,0.0856929,0.036901537,0.06431684,-0.025097435,-0.1315536,-0.12256552,-0.84234083397924,1.0,0.011086051,0.61484617,0.01803061,0.018350411145141,0.1796200952312609,0.09568335,0.083043404,-0.032247912,-0.0057494417,-0.05224046,-0.14049426,-0.11832009,-0.3242818134120621,1.0,0.0042027174,0.24825916,0.016928751,0.0021254342316982,0.0084065563139504,0.021266699,0.0062941946,0.0599727,0.10077463,0.09720574,0.061579213,0.052344054,1.865376175,0.93247795,2,2,2,2,-0.8950498055371191,-0.3675271288742825,0.5180590205671779,0.8022439303303057,False,0.0,artypixelart,CLIPese,True,mature,0.0802,weak,True,mature_weak,372,0.5366849303245544
508,matsukeerthyofficial,high_maturity,1490,madagasanirudhofficial,0.61904764,-0.6306519060773582,1.0,0.012069485,0.7112454,0.016969508,0.0975118321024237,0.7805722205717366,0.10595043,0.09241546,0.11189419,0.12522513,0.13060954,0.11874771,0.10103326,-1.3439560025502706,1.0,0.010105607,0.6410687,0.015763689,0.019956439542118,0.6603782652586611,0.104484744,0.08215651,0.14229229,0.14127803,0.16192678,0.13042651,0.12644176,-0.9047443665678574,1.0,0.011092957,0.5959445,0.018614076,0.0018717195457023,0.1078341683659478,0.09891043,0.07780754,0.14027986,0.10609593,0.16898444,0.13222972,0.1179268,-0.4769606447270992,1.0,0.0032190762,0.11174437,0.028807504,0.000569207539913,0.0007440708340999,0.017143428,0.015172358,0.06372339,0.1165841,0.08762564,0.15454547,0.13928786,1.4583263,0.9543703,2,2,2,2,-0.8390782299806464,-0.4392116359824132,0.4277837218407582,0.1515799978780128,False,0.0,matsukeerthyofficial,CLIPese,True,mature,0.080675,weak,True,mature_weak,373,0.4635857939720154
613,panorpsychowebcamtoy,high_maturity,162,bharatwebcamtoy,0.62857145,-1.1293018295836703,1.0,0.011172925,0.64428866,0.017341489,0.6414193512399855,0.7775425410896414,0.100788854,0.039385047,0.11196335,0.08117814,0.025809309,-0.026120894,-0.024716655,-2.6310619112940774,1.0,0.009783768,0.64947766,0.015064056,0.2253362947518538,0.343187454214673,0.091886275,0.022662532,0.09746151,0.16502213,0.11517437,0.014781881,0.028451819,-1.286875232984528,1.0,0.01005676,0.54201263,0.018554475,0.009910185596571,0.0442560390776828,0.095927425,0.016830232,0.032522812,0.10806848,0.13049084,0.025844399,0.035527874,-0.2807612094623299,1.0,0.0038275018,0.16879787,0.02267506,0.0013002554718038,0.0029955666555947,0.029247371,0.012361807,0.09692565,0.1795286,0.1722857,0.12029312,0.11544356,1.4018004,0.93894106,3,3,3,3,-1.3320000458311514,-1.3441866783095493,1.006114023522198,-0.5154749263422562,False,0.0,panorpsychowebcamtoy,CLIPese,True,mature,0.0753,weak,True,mature_weak,374,0.38672128319740295
1370,videophotograph,high_maturity,555,birdphotography,0.8,-2.146939754577155,1.0,0.010291811,0.5096141,0.020195302,0.0086875522783338,0.5110465576960691,0.07534199,0.05418595,0.1445546,0.10156363,0.028093996,0.041445114,0.02163388,-0.9663963084176272,1.0,0.009459716,0.57856643,0.016350267,0.0245645522324513,0.7069661445885478,0.13047548,0.09917448,0.12231768,0.19051324,0.11974569,0.041300356,0.015529062,-0.162207457680758,1.0,0.011985428,0.6367768,0.018822024,0.0123363513402446,0.4836678623060221,0.14939351,0.11571834,0.10000134,0.13712616,0.11142613,-0.022245688,0.0040687486,0.181084279548981,1.0,0.0049873744,0.20992526,0.023757856,0.0011433402399999,0.0114580014786976,0.018949158,0.029069794,0.08695694,0.06402666,0.08232235,0.07151439,0.038716234,1.208299335,0.9128582,4,4,4,4,-0.7736148102816398,-0.8041888507368693,0.343291737229739,-0.9372424302203324,False,0.0,videophotograph,CLIPese,True,mature,0.08700000000000001,weak,True,mature_weak,375,0.4421028196811676
323,adirondchairs,high_maturity,841,popsicadirondchairs,0.8125,-2.479960438624152,1.0,0.010709706,0.68102056,0.015725965,0.3201192208136582,0.3844286736289179,0.07670512,0.06609897,0.12938666,0.11052017,0.05926016,0.03264302,0.024131324,-2.373225260221643,1.0,0.00903642,0.61221546,0.014760195,0.1278626937877742,0.2608077803214104,0.102369346,0.09218759,0.110947475,0.12524247,0.039657585,0.044659436,0.024568312,-1.221770772463203,1.0,0.010527569,0.56932575,0.018491292,0.0024742238577241,0.0090448578673504,0.07004655,0.060531706,0.08324137,0.06993548,0.061036415,0.047023155,0.022761097,-0.6168348139373733,1.0,0.003305612,0.12583654,0.026269095,0.0007058771840725,0.0007938030430783,0.014083821,0.010025843,0.13995114,0.1335756,0.15622479,0.17432418,0.1207275,1.585256825,0.93904537,2,2,2,2,-1.672947821311593,-1.15145448775844,0.6049359585258297,-0.3065464422519534,False,0.0,adirondchairs,CLIPese,True,mature,0.06024999999999999,weak,True,mature_weak,376,0.3037489652633667
305,embelliphotomdigitalart,high_maturity,1371,photomdigitalart,0.82051283,-2.7298995230789784,1.0,0.011110842,0.58081275,0.019129818,0.0361270741658324,0.4623157688244784,0.0504307,0.029297333,0.0959808,0.030984033,-0.073103234,0.012560079,-0.0114017,-2.371037011533,1.0,0.009661565,0.5651244,0.01709635,0.0522576817359714,0.5378104543924124,0.04868443,0.019843208,0.05632749,0.062584996,-0.038844645,0.01798407,-0.022558277,-1.5076623463644476,1.0,0.0109595265,0.5400172,0.020294774,0.0269626893768116,0.1215479273794393,0.0461142,0.014866464,0.028405413,-0.0030382914,-0.08193081,0.018530935,-0.022198685,0.8628817859757261,1.0,0.0029269143,0.120697215,0.024250057,0.0284930414053327,0.0397407016840288,0.0127631035,0.018526662,0.044166986,0.022412153,-0.038817227,0.11969364,0.09136655,1.6021182499999995,0.9578266,3,3,3,3,-1.4364292737501752,-0.8633746651685525,2.3705441323401737,0.1360558466834521,False,0.0,embelliphotomdigitalart,CLIPese,True,mature,0.02735,weak,True,mature_weak,377,0.61198490858078
1304,algoripunctuation,high_maturity,1911,situation,0.61538464,-3.1405460407950043,1.0,0.011839223,0.6507901,0.018192077,0.4901949399656033,0.3524376020676618,0.043840855,0.03268835,0.1263626,0.0908066,0.09137237,-0.057828523,-0.082069606,-2.5587744077035097,1.0,0.009119751,0.62124556,0.014679784,0.4059544581541939,0.3956454005341108,0.06694386,0.034901172,0.089113235,0.03496606,0.07775762,-0.028067473,-0.040799752,-0.9603770007045396,1.0,0.010687507,0.6007394,0.017790588,0.3483063483919373,0.3281011853368985,0.08809545,0.04770496,0.04472042,0.050784007,0.0838442,-0.009828668,-0.018018749,-0.6275947691175705,1.0,0.003858715,0.20848428,0.018508423,0.0055502036667277,0.0069897771226671,0.002851747,0.006696693,0.0063740513,0.038344532,0.037785426,0.013581815,-0.040339045,1.22134695,0.896249,2,2,2,2,-1.821823054580156,-1.59839740699897,0.332782231586969,-1.8284325732225064,False,0.0,algoripunctuation,CLIPese,True,mature,0.077075,weak,True,mature_weak,378,0.48511454463005066
1514,viaduckworth,high_maturity,1682,ducklookout,0.5217391,-3.4757108111855377,1.0,0.009425066,0.6505714,0.014487366,0.6500406379554962,0.3183091066651452,0.035110824,0.015520516,0.06774928,0.057467394,-0.0034903353,0.08631291,0.082552314,-3.033481812865899,1.0,0.008106802,0.63892615,0.012688167,0.2155444817192687,0.2713918908278214,0.035555135,0.04161167,0.061433185,0.094206564,0.045809664,0.13138545,0.1177329,-1.579772553498716,1.0,0.008933935,0.53091425,0.016827455,0.013193211568277,0.0735206768031804,0.022360131,0.032020736,-0.0024640476,0.022428365,-0.0018246621,0.038115326,0.044832304,0.6152854694959295,1.0,0.004005018,0.17711414,0.022612639,0.0277910387863257,0.0299751332798738,0.02815292,0.011610208,0.026084533,0.05964926,0.06362541,0.14536408,0.10332369,1.1892524625,0.9275275,3,3,3,3,-1.868419927013556,-1.4537092593671832,2.1950580229946457,-1.5323212537835924,False,0.0,viaduckworth,CLIPese,True,mature,0.060275,weak,True,mature_weak,379,0.3345419764518738
169,carncollie,high_maturity,211,avoncollie,0.8,-1.1678507361460992,1.0,0.010206934,0.68289584,0.014946546,0.7496383862014523,0.7547571022744153,0.08607068,0.058541268,0.0946075,0.0802202,0.020876145,0.06827451,0.015433951,-1.636292190912397,1.0,0.008073005,0.6370651,0.012672182,0.2836833229452651,0.5532222560076662,0.10308662,0.0829355,0.11218635,0.08671167,0.08898032,0.10331737,0.06721113,-1.1466945168915363,1.0,0.009959033,0.55153215,0.01805703,0.0042888870018204,0.1070325068138988,0.071777746,0.059490856,0.08085093,0.07336975,0.12910268,0.117452875,0.09736953,-0.7358086468790599,0.8888889,0.0043695713,0.23000379,0.018997824,0.000824338407141,0.0020887847696257,0.0323257,0.02013353,0.0866849,0.092156164,0.07879101,0.1345634,0.09721065,1.7729654499999998,0.9287544,2,2,2,2,-1.171661522707273,-0.4895976740208607,0.4108858700124764,0.3468554822711654,False,0.0,carncollie,CLIPese,True,mature,0.09597499999999999,weak,True,mature_weak,380,0.2580586075782776
1034,colourestimgraph,high_maturity,543,colourweaving,0.62068963,-1.040606683152648,1.0,0.012410823,0.64121425,0.019355189,0.4573885515862409,0.8557017543859649,0.059438046,0.05731081,0.053789794,0.0025131674,-0.034739405,-0.045566432,-0.077067025,-2.932673582879846,1.0,0.009791661,0.6188976,0.015821133,0.0092814710676002,0.1914476217747486,0.0738714,0.05760424,0.05172129,0.06441818,0.01710236,-0.01122994,-0.02126157,-1.0473291735445582,1.0,0.011549384,0.61757815,0.01870109,0.0045212158667078,0.1534320270726588,0.08457692,0.058936458,0.0015168879,0.007995701,0.035995536,-0.023459466,-0.033784192,0.194868836571662,1.0,0.005690995,0.33980232,0.016747959,0.0016288123294819,0.0113239839992017,0.036675096,0.016772157,0.07560964,0.059883017,0.056574605,0.08904964,0.055240504,1.278529875,0.9137805,5,5,5,5,-1.2064351507513476,-1.885344409335288,1.2421980101162202,-1.0499611474597066,False,0.0,colourestimgraph,CLIPese,True,mature,0.030725000000000002,weak,True,mature_weak,381,0.4013201892375946
627,imacelepopart,high_maturity,285,mandelpopart,0.8,-4.793984766544579,1.0,0.011950935,0.62677765,0.019067265,0.0029063036675504,0.0147875482185212,-0.0018180881,0.021128805,0.03822788,0.04588176,0.060719434,0.02483987,-0.013618516,-3.577403631025466,1.0,0.010479711,0.6811204,0.015385989,0.0231544231931035,0.0915612381802823,0.030049516,0.03709175,0.056385983,0.05395951,0.07678428,0.0354129,-0.006941863,-1.6362284965225518,1.0,0.012140446,0.65561,0.018517787,0.0031658517669728,0.0040508950109417,0.027828317,0.025310384,0.0056484304,0.01737136,0.03945475,0.015679665,-0.01095597,-0.8266415740536354,1.0,0.0053926003,0.28766403,0.018746175,0.0016019875719009,0.0040003110388792,0.006826299,-0.0013426001,0.07130665,0.070081696,0.07460985,0.08400822,0.06223619,1.3977342,0.95138407,2,2,2,2,-2.708564617036558,-1.9411751345029145,0.8095869224689164,-1.2938063761914038,False,0.0,imacelepopart,CLIPese,True,mature,0.08185,weak,True,mature_weak,382,0.3134904205799103
448,delavinrecipifaucet,high_maturity,1724,marathdelavinpikachu,0.5641026,-4.445624733679397,1.0,0.011734244,0.71018946,0.016522696,0.0110646023798679,0.046635244030653,0.011261082,0.036611166,0.03951502,0.015914526,0.000864638,-0.031387486,-0.041347247,-3.713830005464568,1.0,0.0103211505,0.6720195,0.01535841,0.0137392693148827,0.0145683179945194,0.031818837,0.047206413,0.011429046,-0.050942812,-0.08264034,-0.088865675,-0.105820134,-1.59280992293985,1.0,0.011359183,0.61354446,0.018514033,0.0015979558305454,0.00859683300769,0.018785277,0.042184185,-0.005466055,-0.028636374,-0.017059632,-0.03205933,-0.06559697,-1.0373305427837105,1.0,0.003402232,0.1558406,0.021831486,0.0006447930809621,0.0018881636767115,-0.007966287,0.002467525,0.0022442332,-0.0034908396,0.042224467,0.0027529867,-0.045476593,1.492990475,0.9082505,3,3,3,3,-2.697398801216881,-2.1210200825247183,0.5554793801561395,-1.6163009908579375,False,0.0,delavinrecipifaucet,CLIPese,True,mature,0.070775,weak,True,mature_weak,383,0.33897292613983154
935,sityimagenoise,high_maturity,988,imagenoise,0.8333333,-3.858816772144434,1.0,0.012955653,0.71220165,0.01819099,0.0655141100258139,0.1224176702138381,0.06245326,0.025256222,0.058521103,0.07565085,0.07691852,-0.0024540215,-0.022025194,-3.390316019705168,1.0,0.011059223,0.6622791,0.016698733,0.0230172723392842,0.0842063298201315,0.06244675,0.04057531,0.05551245,0.10083219,0.06514085,-0.0460685,-0.03428263,-1.543712703773519,1.0,0.01262002,0.6410409,0.019686762,0.003023917257146,0.0138146366503734,0.044970363,0.024097381,0.034837432,0.06461137,0.044099953,-0.04420665,-0.022907093,-0.3780375158331905,1.0,0.005529155,0.2742916,0.020157944,0.0013473186200058,0.0032704082254298,0.025324155,0.009692949,0.06380658,0.09674211,0.10593829,0.065392815,0.04608967,1.30077145,0.93910044,4,4,4,4,-2.292720752864078,-1.846603315931649,1.1656751879403284,-1.4031426879881883,False,0.0,sityimagenoise,CLIPese,True,mature,0.062725,weak,True,mature_weak,384,0.3689071238040924
42,chipmunchipmunstraw,high_maturity,67,chipmunpbr,0.62068963,-2.310808784284692,1.0,0.010403612,0.5465938,0.019033534,0.2958992323711187,0.4931486499577586,0.061487067,0.055568606,0.042153593,0.0054184366,-0.06820086,-0.094675474,-0.13674812,-2.4445958392348763,1.0,0.008403065,0.5539044,0.015170604,0.1345337126763031,0.2986800347537851,0.09026187,0.0749588,0.044677652,0.0015939213,-0.03141927,-0.051575217,-0.08740877,-1.283804094476431,1.0,0.010284189,0.55747885,0.018447677,0.0026557989333092,0.0214575995165161,0.073039666,0.04393278,0.045819633,-0.011647776,-0.013226837,-0.03431246,-0.042739965,-0.790157465475981,1.0,0.0030498258,0.116590545,0.026158432,0.00089805840966,0.0012975951368214,0.011084309,0.0022592067,0.057619594,0.05387164,-0.003289923,0.10111821,0.05018591,2.188771025,0.9196923,3,3,3,3,-1.7073415458679952,-1.1607917447584453,0.4936466290004501,0.8603137820984958,False,0.0,chipmunchipmunstraw,CLIPese,True,mature,0.035824999999999996,weak,True,mature_weak,385,0.45814937353134155
162,bharatwebcamtoy,high_maturity,613,panorpsychowebcamtoy,0.62857145,-2.8364675326310693,1.0,0.012033425,0.6391042,0.018828582,0.0157250303601268,0.2698961601741093,0.08093625,0.067404084,0.08949636,0.024639342,0.0139421085,-0.033136453,-0.048026823,-2.8597649131757743,1.0,0.010089831,0.6472664,0.015588376,0.011040906773814,0.1283929633254808,0.0994737,0.07351327,0.0868639,0.080397606,0.051443644,-0.0024687648,-0.012581059,-1.0471397032847636,1.0,0.011675347,0.624884,0.018684022,0.0020720311122661,0.0042862118967176,0.09629307,0.067692325,0.045488846,0.019827195,0.011833962,-0.027672937,-0.031269632,-1.1196435951810448,1.0,0.005083028,0.26349556,0.019290755,0.0008686354453971,0.0008543230436621,-0.020454373,0.009351977,0.05857995,0.05790294,0.09134849,0.051010028,0.029859131,1.783963275,0.94870216,2,2,2,2,-1.965753936068163,-1.8126252098910107,-0.0725038918962812,0.0947064673236585,False,0.0,bharatwebcamtoy,CLIPese,True,mature,0.057850000000000006,weak,True,mature_weak,386,0.48919352889060974
555,birdphotography,high_maturity,1370,videophotograph,0.8,-3.653409284250847,1.0,0.011766784,0.5876865,0.020022213,0.506223859045045,0.1732461768284221,0.047146004,0.04327504,0.03901159,-0.022584004,-0.024267983,-0.13219805,-0.12311937,-2.584998104574097,1.0,0.009944684,0.59424096,0.016735103,0.2167342127898665,0.2744791865972792,0.07778637,0.07437146,0.02474327,-0.030930687,-0.019360265,-0.12083934,-0.13835846,-1.0152155028124104,1.0,0.0121957,0.66605884,0.018310243,0.086407147553573,0.089344782293104,0.0856279,0.07286925,-0.053763893,-0.13451715,-0.090438016,-0.16911364,-0.1869559,-0.5281886028200047,1.0,0.00531627,0.21580426,0.024634685,0.0019565223249727,0.0042702801655837,-0.0011440278,0.01980918,0.023827285,-0.057903543,-0.017314833,-0.037452664,-0.11165166,1.434028525,0.89490294,1,1,1,1,-1.94545287361434,-1.5697826017616867,0.4870268999924056,-1.421780180504166,False,0.0,birdphotography,CLIPese,True,mature,0.046125,weak,True,mature_weak,387,0.4914548993110657
1254,snorkelsafarilive,high_maturity,1708,democrsafarilive,0.72727275,-0.7155214808921555,1.0,0.011385714,0.6572221,0.017323997,0.7772203337695105,0.8330891819394085,0.08843816,0.07735033,0.014641328,-0.007246176,0.048957344,-0.08615238,-0.08892399,-1.9720065988967448,1.0,0.009629581,0.6435032,0.0149643095,0.3775660036893083,0.5230341617553275,0.07614068,0.066429675,0.016513519,0.026683781,0.071494244,-0.05481336,-0.05483826,-1.0461706170322973,1.0,0.010969418,0.5834704,0.0188003,0.0123411200253413,0.058843255289534,0.085307136,0.07152484,-0.023692584,-0.03211201,0.05976496,-0.056949344,-0.050895546,-0.2342283648382629,1.0,0.0040440536,0.2005975,0.02016004,0.0006770906098914,0.0010085036026207,0.022954373,0.02309604,0.07867272,0.056220375,0.07512365,0.07688815,0.06290929,1.228714875,0.89622307,2,2,2,2,-0.9919817654148652,-0.925835981864448,0.8119422521940344,-1.250906151684384,False,0.0,snorkelsafarilive,CLIPese,True,mature,0.09947500000000001,weak,True,mature_weak,388,0.45360666513442993
650,neighbkaleidorectaninva,high_maturity,506,segkaleidoscanned,0.65,-0.9704860587752868,1.0,0.009416638,0.53077567,0.017741276,0.3901151626442014,0.7684337879009719,0.09100244,0.07153131,0.04785485,0.051187478,0.029050373,-0.058988176,-0.08944195,-1.1844923492423327,1.0,0.008040417,0.48406285,0.016610274,0.2479775128111928,0.6677726184394941,0.11495018,0.09531571,0.019920088,0.11351803,0.11937809,-9.76827e-05,-0.027195346,-0.9700901148978116,1.0,0.008426095,0.43223214,0.019494375,0.02730386490396,0.0336078629965958,0.09920149,0.075345345,0.02663377,0.0758546,0.11029491,0.00700476,0.0076111704,-0.613572420629208,1.0,0.0030202474,0.12302656,0.024549557,0.001803086370992,0.0024513540974015,0.011095676,0.009445275,-0.012935654,0.030860752,-0.0023451836,-0.00953884,-0.03277055,1.3913752,0.93299896,5,5,5,5,-0.9346602358861598,-0.2144022343445211,0.3565176942686036,-0.3488619153826681,False,0.0,neighbkaleidorectaninva,CLIPese,True,mature,0.083625,weak,True,mature_weak,389,0.5208128690719604
777,longepsoristencil,high_maturity,1645,portraitstencil,0.6875,-1.7339904706309968,1.0,0.010947409,0.62777805,0.017438343,0.6289470116441699,0.6694029577926761,0.06878741,0.043554977,0.065287516,0.07001213,0.10139023,0.014330348,-0.00797299,-1.43261751979643,1.0,0.009716697,0.6292133,0.015442613,0.5193233644715584,0.6504878344937003,0.10553002,0.0708997,0.060215928,0.103177145,0.12543075,0.04414109,0.054316767,-1.2243666928370918,1.0,0.010336588,0.5340977,0.019353367,0.0428335662811551,0.1003782445189745,0.074780025,0.042545013,0.017969504,0.09437728,0.14456753,0.055894215,0.06440592,0.0900513616634802,1.0,0.003027273,0.14036193,0.021567622,0.0112638520009796,0.0072287163647033,0.03445999,0.020306312,0.048697814,0.082003206,0.052628495,0.057963133,0.03232976,1.343363725,0.9275093,3,3,3,3,-1.0752308304002596,-0.2082508269593381,1.314418054500572,-0.6292719704458748,False,0.0,longepsoristencil,CLIPese,True,mature,0.1222,weak,True,mature_weak,390,0.3047470152378082
502,cattaxiderphotogenic,high_maturity,1524,taxiderpoutine,0.64705884,-3.707087268270485,1.0,0.011940365,0.6526226,0.018295972,0.0181335680266984,0.0777198532035652,0.07115566,0.053528026,0.105791144,0.105045676,0.06493484,0.040081657,0.02854383,-3.057384978565559,1.0,0.010816372,0.61884564,0.017478304,0.0109064959429487,0.0678445304354819,0.10129756,0.066099264,0.08939177,0.14793639,0.08305351,-0.0059811026,-0.002287291,-0.9756370952695972,1.0,0.011682953,0.59094346,0.019770002,0.0041161235858843,0.0032316598274448,0.10419411,0.0734042,0.03584919,0.061085105,0.062156547,-0.031789478,-0.0365713,-1.2445951208619006,0.8888889,0.0035848704,0.14456432,0.024797754,0.0006706587576127,0.0007164214498162,0.014883048,0.008937009,0.11204798,0.17790766,0.12719074,0.107957065,0.10041148,1.462639275,0.89930934,3,3,3,3,-2.2461761157418856,-2.0817478832959617,-0.2689580255923034,-1.4996086495631165,False,0.0,cattaxiderphotogenic,CLIPese,True,mature,0.036,weak,True,mature_weak,391,0.48751959204673767
968,louboutlatex,high_maturity,561,louboutmanta,0.75,-0.3210025222683174,1.0,0.011415403,0.6749234,0.016913628,0.1893063579347922,0.8733168996781003,0.107966624,0.08858767,0.043087747,0.07489566,0.0430902,-0.01354366,0.008109461,-1.1088239426707385,1.0,0.009359423,0.6372859,0.0146863805,0.1744402974752404,0.6854197994987468,0.111780256,0.10297543,0.042040642,0.055375908,0.07333752,-0.013164798,0.0067686215,-0.8697138920320635,1.0,0.011406539,0.5889477,0.01936766,0.0085085067195051,0.1047054430470052,0.09842752,0.085410975,0.02517296,0.0013919445,0.0778673,-0.01328207,0.003769191,-0.255264406366364,1.0,0.004276863,0.16909817,0.02529219,0.0009815170184529,0.0068888832738127,0.035679024,0.0018707875,0.12080586,0.09919785,0.13209502,0.13128895,0.11460163,1.293666,0.94435376,2,2,2,2,-0.6387011908343709,-0.2391100506386749,0.6144494856656995,-0.2354828833096866,False,0.0,louboutlatex,CLIPese,True,mature,0.11405000000000001,weak,True,mature_weak,392,0.32190054655075073
1593,portraitsilhouette,high_maturity,1645,portraitstencil,0.6666667,-0.437429685607104,1.0,0.011504423,0.63958335,0.01798737,0.3460000645554444,0.87263144151016,0.11336121,0.06981441,0.11647634,0.112894036,0.08325073,0.022221152,0.010597704,-1.1153569934044945,1.0,0.009537581,0.62165916,0.01534214,0.1296003673270944,0.6645854155996599,0.13455959,0.08955642,0.098665304,0.12146296,0.08848285,0.048237566,0.025608338,-0.8656533837927356,1.0,0.011446598,0.61862195,0.018503381,0.012573810545263,0.1348493052473276,0.11022051,0.06997152,-0.0015199613,0.012753852,0.082265474,0.0013758503,-0.020699004,-1.3531109998444002,0.8888889,0.003709668,0.15641019,0.02371756,0.0010828144921621,0.0020938527261067,8.227078e-05,0.011829403,0.09005324,0.09905252,0.17237404,0.2131196,0.16360334,1.178065975,0.92497355,2,2,2,2,-0.9428877656621836,-0.2497036096117588,-0.4874576160516646,-0.9671288008090142,False,0.0,portraitsilhouette,CLIPese,True,mature,0.10072500000000001,weak,True,mature_weak,393,0.3516290485858917
391,artemchigvin,high_maturity,37,anarchialvin,0.6666667,-3.83047809707756,1.0,0.010970118,0.7453005,0.014719055,0.0014020553892329,0.0310929315384258,0.084303245,0.045596033,0.1822896,0.16214362,0.097694546,0.110501915,0.0648619,-3.3429563845036063,1.0,0.009262551,0.700868,0.013215828,0.0015423936699177,0.050048132923987,0.09656965,0.0312533,0.15790203,0.17297849,0.16358283,0.10115526,0.078227006,-1.2679542220672146,1.0,0.010004921,0.6095526,0.016413547,0.0014059854848244,0.0184932392006252,0.088622205,0.03146298,0.113247275,0.124953635,0.1543359,0.09927774,0.06066774,-0.720119986366719,1.0,0.0035583747,0.19188862,0.018543959,0.0010279199684896,0.0015155223172852,0.021076256,-0.001931572,0.086448364,0.08350151,0.111495174,0.04444556,-0.007586307,1.52170966,0.9681935,3,3,3,3,-2.2903771725037747,-2.075002162436392,0.5478342357004956,-0.4984227834789053,False,0.0,artemchigvin,CLIPese,True,mature,0.10825,weak,True,mature_weak,394,0.3397565484046936
1656,photomkaleidomedusa,high_maturity,945,kaleidozombimedusa,0.7027027,-1.3738867081852653,1.0,0.0114993835,0.60404146,0.019037407,0.6246217945529877,0.8493294216199397,0.06749686,0.012551381,0.10744487,0.13770992,0.13100134,0.065467134,0.030104369,-1.4637400832608776,1.0,0.009971342,0.59834236,0.016664945,0.313047678310614,0.7400784530616971,0.1017223,0.029352156,0.14241017,0.18569581,0.18262534,0.08866837,0.078869745,-0.7750145066335985,1.0,0.011356074,0.5888288,0.019285867,0.0749142659395315,0.5847219607412182,0.10646328,0.028716357,0.061144367,0.07235379,0.15508538,0.047047395,0.049446262,-1.5004056358552769,0.7777778,0.0036754457,0.13447633,0.027331542,0.0045113035542939,0.0104833670270682,0.01123121,0.012968944,0.06261388,0.024587616,0.05963308,-0.030903272,-0.04375098,1.169081825,0.89875287,5,5,5,5,-1.2782617334837545,-0.6887255766272791,-0.7253911292216784,-1.553804637941278,False,0.0,photomkaleidomedusa,CLIPese,True,mature,0.081925,weak,True,mature_weak,395,0.4656340181827545
196,chromoglitch,high_maturity,751,chromogif,0.7619048,-3.6016216279558706,1.0,0.010849228,0.71068114,0.015265957,0.0861523663605909,0.1920298382278076,0.058855407,0.030271998,0.11378386,0.066540025,0.080926016,0.05620968,0.032008175,-3.283616163272374,1.0,0.00940737,0.72438425,0.012986713,0.1096439580422975,0.1039908307548179,0.07321313,0.039178252,0.14846867,0.09085059,0.14926037,0.10484133,0.082983665,-1.3396864303691414,1.0,0.010095026,0.5966213,0.016920326,0.1474928499315081,0.2444897274569148,0.05403264,0.021759177,0.11795449,0.08877605,0.12957367,0.08196476,0.074404314,-0.4053957792802272,1.0,0.00386905,0.19012272,0.020350276,0.016393730707014,0.0182002224804136,-0.005300416,0.0042594187,0.15283836,0.086143196,0.079856455,0.17502016,0.14850606,1.735887375,0.92365354,2,2,2,2,-2.157580000219403,-1.9439297329032328,0.9342906510889142,-0.4731898523367549,False,0.0,chromoglitch,CLIPese,True,mature,0.1481,weak,True,mature_weak,396,0.274661660194397
801,pheepcot,high_maturity,1319,aubergepcot,0.6315789,-0.2906889062628308,1.0,0.01184865,0.7220686,0.016409313,0.632934607445256,0.8898351979462248,0.12249824,0.0712474,0.06383136,0.045762304,-0.057832092,-0.09763175,-0.07733146,-1.112169801516104,1.0,0.009245209,0.66677386,0.0138655845,0.2930033600739378,0.7024389539565692,0.13069628,0.07684893,0.094027124,0.08528809,0.018833468,-0.063044265,-0.06792153,-0.9028069095370356,1.0,0.010906375,0.6002409,0.018169997,0.0240807377037881,0.1730068669396899,0.12765563,0.0398079,0.06325024,0.04839679,0.018792015,-0.033766624,-0.040613826,1.9868552869908616,1.0,0.005820248,0.2994477,0.019436609,0.0185220604740185,0.054411386782075,0.04370745,0.027960021,0.11627841,0.09281505,0.04830823,0.039562207,0.050501846,1.3361535999999998,0.9454127,2,2,2,2,-0.0797025825812771,-0.2093628919790683,2.889662196527897,0.25700303284226,False,0.0,pheepcot,CLIPese,True,mature,0.1487,weak,True,mature_weak,397,0.2706913650035858
101,aubergchevron,high_maturity,435,calibrchevron,0.7692308,-0.8353161022439897,1.0,0.010210641,0.6917343,0.014760928,0.4412971254537969,0.8208781987923945,0.0826152,0.073833175,0.07194296,0.119173154,0.033044703,0.026030459,0.039808776,-1.3245403154421806,1.0,0.00825003,0.6343599,0.013005283,0.4270061751652835,0.6283043510768397,0.104259565,0.0999098,0.062450096,0.13120823,0.05092186,0.033209365,0.062957756,-1.1182910791997944,1.0,0.010062435,0.59134597,0.017016156,0.0110914137610937,0.0167913281229442,0.072701395,0.076472096,0.0654322,0.10511205,0.09069965,0.06436145,0.07241065,-0.3509271756589155,1.0,0.005426079,0.27895975,0.019451117,0.0021245625138416,0.0018055026002842,0.009900625,0.025297707,-0.0023651412,0.05771234,-0.016826982,0.040070213,0.05845167,1.930691325,0.932801,2,2,2,2,-0.90726866813622,-0.2062492362423862,0.7673639035408789,0.9540279960758656,False,0.0,aubergchevron,CLIPese,True,mature,0.131275,weak,True,mature_weak,398,0.3100464642047882
193,catsphercircle,high_maturity,1209,centisphercircle,0.8666667,-0.5203531559422826,1.0,0.011101331,0.6436605,0.017247183,0.371014262288766,0.8472935092552316,0.106721304,0.07694756,0.117014036,0.08908632,0.06398717,-0.09120894,-0.069571726,-0.9058182507678576,1.0,0.009326999,0.64327484,0.014499244,0.4314059467080451,0.7651211361737676,0.13839532,0.07570832,0.05024225,0.053971823,0.09303892,-0.064647056,-0.057016715,-0.7062027834313438,1.0,0.0107240025,0.58120406,0.018451355,0.0223779250745123,0.3024783874078367,0.12647423,0.06053828,0.020134382,0.04120691,0.10751252,-0.07601289,-0.08661585,-0.1193921963148273,1.0,0.0052437517,0.28152686,0.018626114,0.0012610597001638,0.0080588166217233,0.03652005,0.0062686875,0.089728445,0.1324847,0.12896368,0.08376618,0.04665902,1.74175005,0.92839545,3,3,3,3,-0.5629415966140779,-0.1996154673365138,0.5868105871165165,0.6787152678889006,False,0.0,catsphercircle,CLIPese,True,mature,0.16112500000000002,weak,True,mature_weak,399,0.27328982949256897
1473,itsmeangelie,high_maturity,923,bitmeasles,0.6363636,-2.64087719200394,1.0,0.010639586,0.68823284,0.015459282,0.1081888764785894,0.2361724223989459,0.10507014,0.0813891,0.039828993,0.14842443,0.10702806,0.060803488,0.054368455,-2.378375303721314,1.0,0.009354952,0.65011346,0.014389722,0.3610914631621493,0.2690916024263461,0.12257295,0.06844032,0.030282032,0.1810609,0.16767241,0.058487594,0.053226214,-0.8897340756140779,1.0,0.010398535,0.5876181,0.017696077,0.0215351836393483,0.1140428022612545,0.11003162,0.06845882,-0.010020296,0.10712373,0.18056946,0.04403267,0.031239517,-0.5173845442562179,1.0,0.0035012655,0.17868778,0.01959432,0.0014468979067525,0.0009610948654366,0.028678656,0.00402705,0.05912204,0.14442134,0.13577469,0.11487675,0.0908985,1.193696975,0.94785744,3,3,3,3,-1.6065927788988874,-1.488641228107236,0.37234953135786,-1.0822502940445469,False,0.0,itsmeangelie,CLIPese,True,mature,0.110175,weak,True,mature_weak,400,0.3585922420024872
1141,akkineni,high_maturity,1378,ninten,0.5714286,-4.22714561547442,1.0,0.0110209165,0.70093805,0.015723096,0.0138342481565465,0.0790683087963205,0.043677878,0.017706797,0.038784556,-0.015750894,0.014484361,-0.103803076,-0.06781386,-2.83374847345948,1.0,0.009300621,0.6894185,0.013490531,0.0147887395668676,0.188622363251398,0.094528355,0.055620734,0.055727337,-0.0044931443,0.06454942,-0.085703984,-0.063996255,-0.9399447099630228,1.0,0.010180415,0.5759212,0.01767675,0.0049714698500705,0.0408376764434999,0.11210749,0.066918485,0.013956107,-0.018935684,0.048129547,-0.08541164,-0.06841409,-0.4599277821940912,1.0,0.004031663,0.18667713,0.021596983,0.0015219130946006,0.0040862504613628,0.02525934,0.003970018,0.018249923,-0.03423296,0.042896044,-0.022048112,-0.009564544,1.25333825,0.94337654,2,2,2,2,-2.1151916452727533,-1.8938037634964573,0.4800169277689316,-1.3412170668499308,True,1.37,akkineni,English,True,mature,0.1009,weak,True,mature_weak,401,0.45958173274993896
596,clothespin,high_maturity,1815,bothering,0.6315789,-0.8507423419183593,1.0,0.011160453,0.68766946,0.016229386,0.8883896255230495,0.8899315596684018,0.07128454,0.0541474,0.17013824,0.1677479,0.118992954,0.03034456,0.024794761,-1.902940112910625,1.0,0.009086483,0.67926204,0.013376992,0.3085867821011026,0.5192585491054043,0.08795511,0.06832757,0.15963176,0.16598903,0.16014627,0.0016484745,-0.004454701,-0.9800139825840716,1.0,0.011100634,0.64150995,0.017303916,0.0142319358737089,0.0869739145759235,0.0912469,0.07417331,0.10429964,0.08530608,0.13298811,-0.01573403,-0.0073870122,-0.1116949741914148,1.0,0.004559434,0.2602941,0.01751647,0.0014369188532785,0.0013712464886996,0.030912405,0.022923157,0.09028704,0.09306425,0.107805595,0.014820008,0.0069994647,1.41182595,0.93463534,3,3,3,3,-0.9613478529011176,-0.9229261303265534,0.8683190083926567,-0.2969353286113779,True,1.83,clothespin,English,True,mature,0.1292,weak,True,mature_weak,402,0.3334006071090698
235,chineseterracotta,high_maturity,690,mandelterracotta,0.72727275,-0.5886350524332624,1.0,0.012024582,0.68101895,0.017656751,0.8437627781996611,0.8417977513972095,0.09023246,0.08706782,0.11689486,0.120952114,0.066185586,0.04991708,0.046868328,-2.180501031546222,1.0,0.009610007,0.6521404,0.014736101,0.2011674175393116,0.3090014374726966,0.10757149,0.097633444,0.11712735,0.15507169,0.13627934,0.05060085,0.05522582,-0.5905179950887962,1.0,0.011633506,0.64313215,0.018088827,0.0375106524295248,0.1423585210751382,0.12479012,0.106503986,0.052169226,0.06946674,0.113193385,0.009253558,0.0148864975,-1.183470519414883,0.8888889,0.00412081,0.1996326,0.02064197,0.0166622824846338,0.0123328850975055,0.0005771704,0.0019126995,0.003775421,0.034481592,0.05243816,0.01162822,-0.0012847413,1.6792780500000002,0.93149525,2,2,2,2,-1.135781149620791,-1.589983036457426,-0.5929525243260867,0.1829324661544088,False,0.0,chineseterracotta,CLIPese,True,mature,0.105175,weak,True,mature_weak,403,0.38534966111183167
1479,cycliokstate,high_maturity,1529,cyclists,0.7,-2.420002534061551,1.0,0.010555399,0.6613114,0.015961314,0.7009847848984563,0.4468621186613373,0.07970832,0.04427601,0.035311673,0.080598496,-0.021051887,-0.12620704,-0.1256381,-2.977981174211364,1.0,0.008857849,0.61924994,0.014304158,0.1758343168684804,0.1713449472282597,0.08624183,0.047327254,0.03446495,0.08668635,0.027835323,-0.09192513,-0.06477016,-1.194160939054925,1.0,0.009864396,0.5383729,0.018322611,0.0459866528609108,0.051229039257913,0.086589195,0.043064717,0.010006753,0.034653995,0.054600026,-0.08822885,-0.06829027,-0.2622000660025413,1.0,0.0039288546,0.19785948,0.019856792,0.008261147632605,0.0126772251831854,0.028677423,-0.003688141,0.051138632,0.06317606,0.09030294,0.050425537,0.066574074,1.1929706,0.9093663,2,2,2,2,-1.7135861783325954,-1.7838202351564392,0.9319608730523836,-1.6535762837119203,False,0.0,cycliokstate,CLIPese,True,mature,0.046024999999999996,weak,True,mature_weak,404,0.5130277872085571
416,adjecalgorimeme,high_maturity,994,artyalgorithm,0.5714286,-1.4912236943893071,1.0,0.0116412565,0.6387865,0.018224018,0.6718264823363818,0.7675061857654908,0.055037618,0.044786345,0.038667638,-0.0021523586,-0.010085398,-0.031073019,-0.04884451,-2.595195937779624,1.0,0.009409875,0.6030037,0.015605004,0.3527274987163797,0.391474654313408,0.04878065,0.047989424,0.04169411,0.039044652,0.03660451,-0.01819834,-0.004978358,-1.207289258598138,1.0,0.010028372,0.52947295,0.01894029,0.1914474097116148,0.1316879672206322,0.060224276,0.056313533,0.035492603,0.030109502,0.0424989,-0.00034171343,-0.0028497651,-0.5943928018632325,1.0,0.0048301932,0.26042423,0.018547403,0.013242439419995,0.0126524421447424,-0.00989955,0.007774447,0.017939683,0.03139615,0.0236313,0.04277253,0.041982897,1.5071347,0.8719487,3,3,3,3,-1.4720254231575756,-1.387906679181486,0.6128964567349056,-1.224285533104194,False,0.0,adjecalgorimeme,CLIPese,True,mature,0.0608,weak,True,mature_weak,405,0.48511454463005066
914,trusttowbars,high_maturity,1728,austrboar,0.5714286,-3.0902780635121787,1.0,0.010438009,0.6615373,0.015778413,0.1140284491393775,0.1436262742961257,0.10693082,0.06476943,0.20549922,0.2096563,0.179313,0.11282778,0.10463406,-1.4561133002000617,1.0,0.009028002,0.64290696,0.01404247,0.170245174895967,0.4672426281921299,0.15831225,0.09870081,0.17697424,0.22433475,0.22552055,0.095423125,0.10302604,-0.9621323169295284,1.0,0.009837544,0.55047697,0.017870946,0.0293097488580431,0.0767109472264354,0.11366382,0.05612817,0.08395189,0.15256958,0.20157136,0.092785805,0.08614609,0.7523082934182526,1.0,0.0035830997,0.14187819,0.02525476,0.00265879796408,0.0322567162540137,0.030017182,0.013299164,0.07621143,0.1078027,0.14487435,0.10149844,0.08186884,1.304753725,0.91430646,3,3,3,3,-1.1890538468058791,-0.4939809832705333,1.714440610347781,-0.9688526398664482,False,0.0,trusttowbars,CLIPese,True,mature,0.14237499999999997,weak,True,mature_weak,406,0.3151632845401764
528,cathocomb,high_maturity,1146,chromocomb,0.7368421,-0.9035657068168094,1.0,0.009226741,0.72307914,0.012760348,0.7847997288671041,0.8294170271046623,0.08203549,0.06271698,0.13574937,0.10552024,0.081711836,0.0019606724,-0.016990567,-1.6864235087879094,1.0,0.007850937,0.67789817,0.011581292,0.5020853912531441,0.5089481785594989,0.10967865,0.0881448,0.11953601,0.12829411,0.16992211,0.056630716,0.029273799,-0.8217044120349374,1.0,0.0097379815,0.60155874,0.016187914,0.0174602489979452,0.1354650981367088,0.107611604,0.0809253,0.07246062,0.06674442,0.14778498,0.060688138,0.033371598,-0.2014059263642443,1.0,0.0034753054,0.18878867,0.018408442,0.0014257395974701,0.0017045613205745,0.027806662,0.01993457,0.09257781,0.08552713,0.11391479,0.14423,0.08355759,1.4472946750000002,0.92450196,2,2,2,2,-0.903274888500975,-0.864719096752972,0.6202984856706931,-0.3040247065960303,False,0.0,cathocomb,CLIPese,True,mature,0.1683,weak,True,mature_weak,407,0.2643846869468689
604,contemplwildatlanticway,high_maturity,635,cartoontemplate,0.5263158,-0.1696152220067642,1.0,0.011237923,0.6553418,0.017148186,0.1834325590812952,0.819049726978411,0.13213825,0.10585149,0.16173965,0.17587177,0.08487379,0.058488447,0.05058734,-0.7388936273295489,1.0,0.009945313,0.62441,0.015927538,0.1773949047246938,0.6905905749522377,0.15098703,0.12467106,0.13759722,0.14392331,0.11232718,0.08454228,0.09029603,-0.5128359280776621,1.0,0.010660281,0.5514138,0.019332636,0.0097060024183262,0.1132412740381485,0.14164515,0.108146556,0.091245696,0.087390006,0.11659623,0.057767347,0.059036095,-0.2004575192957317,1.0,0.0039077355,0.1833169,0.021316832,0.0008943177057623,0.0007065408862881,0.036016915,0.015640117,0.084381044,0.106591105,0.112648055,0.10287243,0.09444226,1.405746925,0.941041,2,2,2,2,-0.4054505741774267,-0.2260576992518868,0.3123784087819304,0.1466500134633652,False,0.0,contemplwildatlanticway,CLIPese,True,mature,0.16547499999999998,weak,True,mature_weak,408,0.2758663296699524
1102,spectrocrystallistitchhare,high_maturity,1655,distorkaleidostare,0.54545456,-1.2785656721170469,1.0,0.010184971,0.5807445,0.017537782,0.788496705404283,0.726725420452205,0.0755468,0.06725007,0.17222327,0.049051754,0.035209317,-0.0015574372,-0.02202529,-1.707876075853669,1.0,0.008780269,0.54322237,0.016163304,0.5498374549775318,0.4490750147318104,0.11672341,0.10463935,0.09690327,0.07857553,0.075780794,-0.035135802,-0.02303158,-0.7802398898065921,1.0,0.009909494,0.49827936,0.019887425,0.0478593487308717,0.1096781315638064,0.1095503,0.09042496,0.036162626,0.025479998,0.0932454,-0.061218984,-0.03365457,-0.5669974428035451,1.0,0.0031159972,0.12968516,0.0240274,0.002315930003763,0.0026763224237099,0.0034446968,0.017210612,0.12097709,0.15017445,0.14790763,0.16596521,0.16041508,1.262846975,0.9279759,5,5,5,5,-1.083419770145213,-0.927636186047077,0.2132424470030469,-0.8209065078589542,False,0.0,spectrocrystallistitchhare,CLIPese,True,mature,0.12497499999999997,weak,True,mature_weak,409,0.36566492915153503
290,blackandwhitesignature,high_maturity,331,blackandwhitelogo,0.71794873,-0.4631797935527606,1.0,0.010892347,0.5846469,0.018630642,0.5615930140482353,0.8752587028484099,0.09894261,0.07960042,0.15142448,0.14784132,0.009507801,-0.042961434,-0.029887196,-1.4499114636179873,1.0,0.009010684,0.54269636,0.016603546,0.5834120112158248,0.6381108168469064,0.09359715,0.08490088,0.110558,0.19887176,0.12791416,-0.021058444,-0.012396054,-1.0910629921424426,1.0,0.010396257,0.5360285,0.019394971,0.0541084513864181,0.1114650915408195,0.07090787,0.0703676,0.0375884,0.131453,0.11222299,-0.037741978,-0.038294047,-0.8897800528107693,1.0,0.0030245823,0.10892776,0.027766865,0.0053429400273051,0.0014682927425509,0.0008397359,0.0043847035,0.069970086,0.08881875,0.1338535,0.15520422,0.14587091,1.6135845,0.9227577,2,2,2,2,-0.97348357553099,-0.3588484714755446,0.2012829393316733,0.0228472529517027,False,0.0,blackandwhitesignature,CLIPese,True,mature,0.113025,weak,True,mature_weak,410,0.39155203104019165
1124,manipulkaleidopsychedelic,high_maturity,1401,orangupsychedelic,0.6666667,-1.8870735153325413,1.0,0.010574071,0.5673055,0.018639112,0.0815152458819629,0.6191312861089505,0.05872446,0.056059312,0.18771681,0.13278939,0.12173891,0.010881797,0.0113187935,-2.823759545829644,1.0,0.009252206,0.56407595,0.016402412,0.0621683061441507,0.2215938317013355,0.0760329,0.060121473,0.15018477,0.17034563,0.16339779,0.00924631,0.010153109,-1.263006398558487,1.0,0.010092255,0.5017006,0.02011609,0.0132808520343133,0.0904272648413276,0.06478225,0.04676227,0.112195686,0.11084551,0.12250205,0.010553163,-0.0037734378,-1.8960100536884217,0.7777778,0.0029109318,0.110742696,0.026285542,0.003967733893101,0.0050889358851381,-0.005646001,0.014543446,0.021268383,0.08753359,0.07214742,0.07445968,0.06813711,1.2566339,0.94548774,3,3,3,3,-1.9674623783522731,-1.560753147271157,-0.6330036551299347,-1.2063317683701706,False,0.0,manipulkaleidopsychedelic,CLIPese,True,mature,0.02275,weak,True,mature_weak,411,0.5889537334442139
1745,pallimodernilegopauls,high_maturity,1422,kaleidoepilepsy,0.5555556,-0.4374641066774165,1.0,0.011653567,0.6999522,0.01664909,0.7435775376058923,0.8001774481502058,0.110435024,0.102867946,0.15253825,0.15984921,0.10294265,0.10388075,0.10752551,-1.0262618515415294,1.0,0.010103069,0.64708686,0.015613158,0.3226620766698199,0.646421197801924,0.12403604,0.122419484,0.13093707,0.21696231,0.17868847,0.109055445,0.108452216,-0.963210937360358,1.0,0.01040359,0.5304027,0.019614512,0.0099319760813296,0.1158153302370536,0.07997006,0.08488562,0.07541867,0.2097162,0.25648195,0.17456742,0.16571212,-0.0478540436701694,1.0,0.0031638131,0.14207707,0.022268288,0.0044951475937421,0.0067544433869457,0.02884565,0.018119259,0.06175712,0.14806405,0.13418588,0.16228431,0.1197585,1.155383325,0.9088246,4,4,4,4,-0.6186977348123683,-0.0630509141811713,0.9153568936901886,-1.0110390162994625,False,0.0,pallimodernilegopauls,CLIPese,True,mature,0.16820000000000002,weak,True,mature_weak,412,0.30652692914009094
554,dalmatispaniel,high_maturity,623,sapispaniel,0.72,-2.4162382967646177,1.0,0.01151391,0.6795296,0.016943943,0.1599338354036799,0.3307639151056779,0.09103076,0.08221033,0.056507375,0.05446241,-0.017566547,-0.012514011,-0.026810639,-2.370542568803775,1.0,0.010214813,0.6920524,0.014760172,0.0535171482202413,0.2556508917950912,0.11066582,0.08705265,0.04149234,0.03746164,0.0127319805,0.005667271,-0.0061487406,-1.1142714227178974,1.0,0.011910337,0.65875137,0.018080171,0.0030640753280103,0.0354608658982216,0.08742287,0.05962705,0.0050504413,0.0163449,0.012698002,-0.002790046,-0.017123722,-0.5397316041453826,1.0,0.0043184063,0.2026657,0.021308027,0.0005641126910321,0.0012215057142344,0.024840778,0.0052556284,0.066447,0.1400707,0.11187476,0.10884097,0.10823842,1.434545725,0.9364267,2,2,2,2,-1.610195973107918,-1.2562711460858778,0.5745398185725148,-0.6576525549360771,False,0.0,dalmatispaniel,CLIPese,True,mature,0.12845,weak,True,mature_weak,413,0.3653329312801361
1753,ihrioural,high_maturity,978,christmamural,0.6363636,-5.061384565219997,1.0,0.011317566,0.8179447,0.013836591,0.0148418199393155,0.0007359754117257,0.0076115523,-0.013919808,-0.06730907,0.023865676,-0.039215684,-0.19256681,-0.18066606,-3.95159819631131,1.0,0.009626457,0.73788136,0.0130460765,0.0300745811885734,0.0038052373876373,0.03919319,0.005636686,-0.092789076,0.012205663,-0.020930968,-0.26487273,-0.24224746,-1.7435618318185018,1.0,0.0105205085,0.59756166,0.01760573,0.0093454695038898,0.002398140273971,0.026795309,0.006135639,-0.043135695,-0.0045488365,0.041193284,-0.21349886,-0.18898919,-0.6870185236083711,1.0,0.003745482,0.15505601,0.02415567,0.0031518257525848,0.001828852224929,0.016162353,0.0029188904,-0.025317062,0.034710467,0.009821535,-0.18092093,-0.1783956,1.153485725,0.9520249,2,2,2,2,-2.8608907792395453,-2.2080363644928083,1.0565433082101308,-1.9712141485865304,False,0.0,ihrioural,CLIPese,True,mature,0.151125,weak,True,mature_weak,414,0.321522057056427
157,burgerjuggpanorpixelart,high_maturity,68,cyberpixelart,0.6111111,-0.4555423453359697,1.0,0.010765662,0.55861515,0.019272055,0.8434594192015679,0.8700424474705176,0.10508046,0.07674903,0.09152389,0.036903124,0.021298084,-0.028712638,-0.04956601,-0.9112120127606228,1.0,0.009035833,0.5658824,0.015967688,0.5349530324636724,0.7861643721350672,0.114106566,0.08849325,0.079715855,0.10359313,0.10849274,-0.0323697,-0.054567777,-0.6857756764462226,1.0,0.010548243,0.55936027,0.018857691,0.0903966426599365,0.2206123438692639,0.124457486,0.07783881,-0.016154729,0.009170694,0.07094185,-0.08098102,-0.08120359,-0.7677121886944507,1.0,0.0041987323,0.17225863,0.024374584,0.0012229189968741,0.0025083965010883,-0.002255083,0.011236556,0.07054082,0.09975463,0.09430534,0.011866682,0.012180124,1.790816575,0.9365013,4,4,4,4,-0.7050605558093165,-0.2254363363144002,-0.081936512248228,0.8045854297813324,False,0.0,burgerjuggpanorpixelart,CLIPese,True,mature,0.140625,weak,True,mature_weak,415,0.4164513051509857
557,aishwaryarai,high_maturity,1098,schwarzlabrador,0.5925926,-2.059056842370004,1.0,0.011355286,0.6779167,0.016750269,0.2434505181159184,0.5409694349494016,0.063684896,0.06342385,0.10647092,0.09571122,0.0746297,0.09044091,0.069436595,-1.5738769446950671,1.0,0.009266122,0.65016764,0.014251897,0.093058921034313,0.605987476712912,0.09088456,0.08129796,0.11368085,0.09379097,0.0980665,0.08291363,0.06962822,-0.9879267930510274,1.0,0.010212725,0.55051917,0.01855108,0.0028795804658695,0.0895883271355528,0.09731654,0.06610868,0.09740445,0.06815848,0.10911481,0.09077676,0.07320123,-0.4572585891359781,1.0,0.0038359943,0.17881894,0.021451835,0.0007219163193168,0.0052768097968237,0.020875698,0.0052442085,0.011055476,0.02252243,0.0010048132,0.06507453,0.08184548,1.4324246500000002,0.9521522,3,3,3,3,-1.269529792313019,-0.5859501516440397,0.5306682039150492,-0.2295147442199404,False,0.0,aishwaryarai,CLIPese,True,mature,0.0877,weak,True,mature_weak,416,0.4635857939720154
1045,kaleidoembroidefineartamerica,high_maturity,483,tapemichiganfineartamerica,0.6545454,-3.727154379062788,1.0,0.01190292,0.5461753,0.021793222,0.1078805681723012,0.1818309136078157,0.04351092,0.03444105,0.033957426,0.03968408,0.038638663,-0.07104306,-0.06329761,-2.756645962708228,1.0,0.010599269,0.5297467,0.020008182,0.1441536568721695,0.2930807942117879,0.06737566,0.04753279,0.025468733,0.046769015,0.0404642,-0.097574,-0.09954337,-1.4165266637256668,1.0,0.011711112,0.51803666,0.022606725,0.0685648221884437,0.0577029952639194,0.05243044,0.034642283,0.01159781,0.03410349,0.053589806,-0.07055547,-0.07098695,-0.3516890397317222,0.8888889,0.0027540328,0.11813729,0.023312138,0.0122419830852059,0.0121537329777068,0.02254505,0.029483566,0.10524218,0.11246219,0.11681799,0.0143896565,0.005276356,1.27555935,0.9080262,3,3,3,3,-2.063004011307101,-1.3401192989825612,1.0648376239939443,-1.7097276231439764,False,0.0,kaleidoembroidefineartamerica,CLIPese,True,mature,0.026400000000000003,weak,True,mature_weak,417,0.6120184063911438
1131,sphercamouflage,high_maturity,1397,sphermascsurface,0.6451613,-0.6056895159572676,1.0,0.010831636,0.6990661,0.015494438,0.8361720339649031,0.866962349694461,0.09515547,0.06978065,0.14190169,0.091538906,0.08299384,0.026298527,-0.009919781,-1.1378490452422856,1.0,0.008745152,0.60990596,0.014338525,0.7111262221235526,0.7636546690708257,0.108658805,0.066194735,0.11367471,0.11481977,0.10465155,-0.0036193072,-0.01349942,-0.9051856734021824,1.0,0.01035196,0.55536294,0.01863999,0.1635900975104538,0.3155927965582942,0.08800897,0.060046855,0.047837425,0.013064549,0.08792907,-0.050080027,-0.047360547,0.4686825858623793,1.0,0.004793678,0.21999511,0.021789929,0.0105603729169223,0.0313686603477645,0.017869363,0.009093319,0.09574343,0.09218939,0.13527995,0.091907635,0.042814456,1.255218975,0.927954,2,2,2,2,-0.545010412184839,-0.2326633718401032,1.3738682592645617,-0.4758769175528325,False,0.0,sphercamouflage,CLIPese,True,mature,0.166075,weak,True,mature_weak,418,0.3112609088420868
254,appalachsafarilive,high_maturity,954,ophysafarilive,0.75,-2.891890645952235,1.0,0.012581342,0.67455167,0.018651413,0.57696669088817,0.2045184108770775,0.087283276,0.08195236,0.03716751,0.03120737,0.022565547,-0.07847874,-0.069166094,-2.488327957478387,1.0,0.009751081,0.62889993,0.0155049795,0.1941156409561243,0.2071794813295955,0.106948964,0.092728324,0.0007868074,-0.023815367,0.06467359,-0.057491615,-0.05733355,-0.9617485709880262,1.0,0.011194559,0.58662474,0.019082999,0.0072021492841064,0.0105160570113229,0.101004146,0.07829688,-0.0063611083,-0.06860273,0.06894236,-0.09148885,-0.08669332,-0.1139949568195285,1.0,0.0043998384,0.1875167,0.023463715,0.0008399848519545,0.0008980422375793,0.037762854,0.018529568,0.05715923,0.07721797,0.07907525,0.052691866,0.027668975,1.656886825,0.9037548,2,2,2,2,-1.6139905328095443,-1.526579386490361,0.8477536141684977,-0.5518110773008947,False,0.0,appalachsafarilive,CLIPese,True,mature,0.075175,weak,True,mature_weak,419,0.5084818601608276
49,crystfracpixelart,high_maturity,236,crystfracdigitalart,0.7777778,-2.0725002908272687,1.0,0.010326186,0.5685488,0.018162357,0.3695128582446578,0.4411685833599503,0.0795774,0.08809352,0.11599724,0.08130444,-0.0002902206,0.009389486,-0.021743448,-2.2246391561661216,1.0,0.009098257,0.5708899,0.015936973,0.2390053491686517,0.2898102742626439,0.104898624,0.10143524,0.0034019388,0.08449256,0.037383225,0.0032709995,-0.0010725651,-0.9753309885336328,1.0,0.010256911,0.5369911,0.019100709,0.0344110483885856,0.1005122800176569,0.084456295,0.08011881,-0.053983934,-0.0004914091,0.018493298,-0.012355327,-0.016254503,-1.3983923648518617,0.8888889,0.003267688,0.13366197,0.024447402,0.0026485450783787,0.0028010481533331,-0.0004411946,0.00856818,0.06817109,0.18148968,0.15138589,0.18544184,0.1752572,2.1589987,0.9338763,3,3,3,3,-1.6677157000947211,-1.2493081676324889,-0.4230613763182289,0.9992982676815758,False,0.0,crystfracpixelart,CLIPese,True,mature,0.071325,weak,True,mature_weak,420,0.5187177062034607
1082,mathematzanziebony,high_maturity,1573,mathematretina,0.625,-1.3232950469047855,1.0,0.011403128,0.65093905,0.017517965,0.3400517318738984,0.6235309373897548,0.08935391,0.09163259,0.059655823,0.14510311,0.029411074,0.005385209,0.0016828291,-0.8151059450781659,1.0,0.009526422,0.6310727,0.015095602,0.4722436399584185,0.7614263468015429,0.116651684,0.11303692,0.07001631,0.16944537,0.096105784,0.02194085,0.014332317,-0.7820236739040831,1.0,0.011116309,0.5939875,0.018714719,0.0140482763032365,0.1447743488284794,0.11094698,0.08379431,0.032811187,0.10785095,0.13646132,0.049980424,0.040298104,-0.3685919627478021,1.0,0.005174816,0.23007195,0.022492165,0.0027890247928698,0.0024053791038432,0.0121172,0.021630155,0.0743894,0.08522527,0.11078681,0.09356935,0.078719094,1.26776345,0.94383234,3,3,3,3,-0.8222541571587093,-0.0330822711740828,0.413431711156281,-0.4279592733920784,False,0.0,mathematzanziebony,CLIPese,True,mature,0.170225,weak,True,mature_weak,421,0.3090726435184479
1569,doughmacfarolulu,high_maturity,264,coughcougar,0.5185185,-0.8113137335155606,1.0,0.010818158,0.6779752,0.01595657,0.6325701817845018,0.7864603922202548,0.094984196,0.07908448,0.09928694,0.08978428,0.07204728,0.04001748,0.03159754,-1.1183933378541937,1.0,0.009481265,0.6425614,0.014755423,0.5108036895982971,0.6713268386018809,0.12169592,0.09826431,0.038287334,0.07313726,0.11328914,-0.020137206,-0.023619374,-0.7293958281940613,1.0,0.010986104,0.5944606,0.018480793,0.0436376104680129,0.1371524567218871,0.114171006,0.091591865,-0.034921214,0.025816359,0.11817408,0.0075489283,0.009591997,0.0192944450142582,1.0,0.0040394897,0.17949325,0.022504967,0.0008528260375861,0.0018216226003004,0.028791983,0.030577477,0.042977232,0.08112612,0.10687512,0.08483659,0.05523031,1.181168975,0.9211777,3,3,3,3,-0.6599521136373893,-0.3889975096601323,0.7486902732083196,-0.817743227691766,False,0.0,doughmacfarolulu,CLIPese,True,mature,0.15962500000000002,weak,True,mature_weak,422,0.3320772647857666
1755,blackdatabdistorpixelart,high_maturity,46,catalypixelart,0.6315789,-1.4345313730722309,1.0,0.011155295,0.5451543,0.02046264,0.2726758808567167,0.7948527995486798,0.047587723,0.047322117,0.15185976,0.10889672,0.06328096,-0.0047751097,0.03551428,-1.2912829094167142,1.0,0.009271326,0.5095641,0.018194621,0.6423017770048128,0.764402240178244,0.07256213,0.07474929,0.06655789,0.09143171,0.06860867,-0.03363419,-0.000768207,-0.5889730267297245,1.0,0.009089237,0.44609317,0.0203752,0.1023003724702118,0.7283107990609824,0.07471205,0.07667252,-0.00497267,0.03921535,0.06589805,-0.025868727,0.0014507473,-2.177146991667967,0.6666667,0.0026608321,0.07540941,0.035285145,0.0045882873394239,0.0093770025521431,0.006964951,0.014952548,0.08179347,0.13481277,0.15574822,0.11604064,0.11036651,1.1531179125,0.9107046,4,4,4,4,-1.372983575221659,-0.7023098826869897,-1.5881739649382425,-1.5014201438948471,False,0.0,blackdatabdistorpixelart,CLIPese,True,mature,0.12955000000000003,weak,True,mature_weak,423,0.48572370409965515
248,banknorectangular,high_maturity,571,banknoecu,0.6923077,-1.6933930832393895,1.0,0.011074368,0.7298701,0.015173067,0.2860484306723763,0.6526139599858709,0.065674245,0.058396704,0.061765634,0.0638926,0.05895079,-0.14305924,-0.08123695,-2.1320336923722807,1.0,0.009149015,0.6724993,0.013604498,0.2819418121304202,0.4123791167423257,0.08830021,0.07779875,0.01806081,0.082368374,0.07326438,-0.11865791,-0.06414901,-0.8048642129732296,1.0,0.010311514,0.6139943,0.016794153,0.0961293043697897,0.3950209804615983,0.084784016,0.07144837,-0.019388884,0.040192492,0.030102797,-0.115274936,-0.061416056,-0.2735490323997077,1.0,0.004482114,0.23082502,0.0194178,0.0044188743693357,0.0112847214845569,-0.00035525623,0.019949075,-0.04208938,0.07688538,0.021177817,-0.036047272,-0.00088055804,1.6644777750000002,0.9179414,2,2,2,2,-1.225960005246152,-1.3271694793990512,0.5313151805735219,-0.0884035576793426,False,0.0,banknorectangular,CLIPese,True,mature,0.117525,weak,True,mature_weak,424,0.43356651067733765
611,weirdmandelvapor,high_maturity,337,mandelvapor,0.8148148,-1.2594344830453394,1.0,0.010341098,0.654236,0.015806371,0.4553083435765044,0.6815446307360812,0.07289967,0.090934016,0.13559248,0.14479056,0.02743378,0.034645908,-0.016570264,-1.720763982388083,1.0,0.009059071,0.65041035,0.013928238,0.3926865580125437,0.5460953916334625,0.07821498,0.09576118,0.1097017,0.20013256,0.12231697,0.050148867,0.036293358,-0.6404645621122435,1.0,0.010730266,0.62320787,0.017217796,0.1081522392390005,0.541344108712216,0.07965201,0.08773592,0.09245072,0.122532964,0.089037806,0.061405562,0.041868754,-0.7304220063865318,1.0,0.004671175,0.2293169,0.020369954,0.0026146202118623,0.0039182926182763,-0.009257426,0.015893087,0.07588063,0.15614192,0.10884845,0.13257214,0.11859894,1.40220725,0.9281335,3,3,3,3,-1.0877712584830497,-1.0802994202758396,-0.0899574442742883,-0.4892568190692213,False,0.0,weirdmandelvapor,CLIPese,True,mature,0.12667499999999998,weak,True,mature_weak,425,0.41708236932754517
862,blurmonochrome,high_maturity,192,blurmonet,0.6956522,-0.8777946027113248,1.0,0.011584921,0.6813734,0.017002309,0.0967715534580172,0.7919740974273293,0.09749513,0.06645183,0.14550649,0.12895286,0.075653106,0.00937346,-0.008587429,-0.9393965851002362,1.0,0.009518822,0.6843157,0.013909986,0.0354837887755226,0.715671184739759,0.12968421,0.100509204,0.18178976,0.19139217,0.15216315,0.02957794,0.01925784,-0.4869420858912539,1.0,0.011676447,0.6748608,0.017302008,0.0090993433039387,0.514425764879643,0.13244198,0.06685791,0.11470816,0.112523235,0.14941545,0.012831397,0.0002687131,-1.1966145006864397,0.7777778,0.0058429874,0.29469767,0.019827057,0.0026468932941191,0.0158653580616353,0.015494113,0.016033309,0.042546507,0.037113182,0.08207712,0.0017818687,0.00043572858,1.3167869,0.9375828,2,2,2,2,-0.8751869435973136,-0.4524544992089823,-0.7096724147951858,-0.4274664357005438,False,0.0,blurmonochrome,CLIPese,True,mature,0.162525,weak,True,mature_weak,426,0.3426589369773865
1406,edgdilevinaigrette,high_maturity,693,belgisingapore,0.5,-3.436719464352594,1.0,0.010137977,0.6984232,0.014515522,0.3805686874127201,0.2250764605525294,0.070012204,0.025301369,0.09715375,0.12688853,0.11585582,0.0897015,0.095242165,-1.3056758734093894,1.0,0.008557416,0.642045,0.013328373,0.6183714185167146,0.6729804876603803,0.12438842,0.06395687,0.11702323,0.13817571,0.14455412,0.08503983,0.10187909,-1.172964255241162,1.0,0.008781243,0.5093183,0.01724117,0.0296367394787946,0.0341684277079215,0.091249555,0.044714123,0.06109069,0.07261437,0.14173205,0.08166084,0.09369994,-0.4790212631100748,1.0,0.0030708632,0.13184452,0.02329155,0.013179682586585,0.0055081061869944,0.02106286,0.0035442824,0.13047646,0.10543623,0.17442992,0.107903615,0.10724454,1.2028276249999998,0.9072251,3,3,3,3,-1.5985952140283048,-0.1327116181682273,0.6939429921310873,-1.5800839374606106,False,0.0,edgdilevinaigrette,CLIPese,True,mature,0.15994999999999998,weak,True,mature_weak,427,0.35024264454841614
1109,orangupixelart,high_maturity,89,coralpixelart,0.8148148,-2.375198574243626,1.0,0.010382415,0.55575603,0.018681604,0.5450836715877779,0.4647182680827335,0.06943271,0.052090388,0.09426415,0.012499873,-0.06386462,-0.085707046,-0.11286101,-2.4813619351273823,1.0,0.009147512,0.57538104,0.015898181,0.3177409389403027,0.3460252597002837,0.077560805,0.05979319,0.05469495,0.016819028,-0.023438277,-0.072736785,-0.104866855,-1.287476532442706,1.0,0.011501817,0.61510706,0.018698886,0.027133011792169,0.0559019070398035,0.06514118,0.04651813,0.014763892,-0.022619553,-0.013112709,-0.02907398,-0.046689946,-0.3948509273466238,1.0,0.004644723,0.23271081,0.019959208,0.0010157227977348,0.0011285531775584,0.029407172,0.009615558,0.09574025,0.051422812,0.049214724,0.06804852,0.03894116,1.2608493,0.9284851,2,2,2,2,-1.6347219922900844,-1.1938854026846764,0.8926256050960821,-1.191313831315462,False,0.0,orangupixelart,CLIPese,True,mature,0.054125,weak,True,mature_weak,428,0.5855446457862854
296,pawloafkaleidotyres,high_maturity,1086,kaleidotroops,0.625,-0.7707081137173877,1.0,0.011465912,0.6836928,0.01677056,0.7119070240015756,0.7681453111801942,0.0939921,0.092512675,0.1315599,0.11697793,0.059310924,0.045461632,0.04009359,-1.158846382822575,1.0,0.009873705,0.5970882,0.016536426,0.2094075271600373,0.6553364342633345,0.10904134,0.11073017,0.1195665,0.15990825,0.097519234,0.0702105,0.05602911,-0.5983299827106577,1.0,0.010558327,0.5413419,0.01950399,0.0260604530394788,0.1397513824750397,0.113700226,0.11669351,0.057942748,0.10058417,0.08799299,0.076070584,0.0597051,-0.8721708785635204,0.8888889,0.0037280351,0.17351195,0.021485753,0.0015557456525364,0.0031214102638395,0.014682274,0.024311917,0.07699592,0.13025458,0.099163175,0.124214575,0.11658628,1.60895945,0.93620014,4,4,4,4,-0.8500138394535351,-0.5605164001119173,-0.2738408958528626,0.2688664741010959,False,0.0,pawloafkaleidotyres,CLIPese,True,mature,0.102275,weak,True,mature_weak,429,0.48470619320869446
495,okbokki,high_maturity,725,bokki,0.8333333,-2.0169049019114844,1.0,0.010890009,0.72330415,0.015055919,0.487474245597183,0.5427140242545679,0.101013444,0.031608723,0.18583785,0.12290179,0.035416573,0.01770143,0.03621986,-1.8061423221828736,1.0,0.008580255,0.7052505,0.012166252,0.1021278875746414,0.5007739055175907,0.14240278,0.04088174,0.19243866,0.20521998,0.16427681,0.07227382,0.09536859,-0.97834224298456,1.0,0.00959126,0.59268475,0.016182736,0.0108725413743039,0.0572152565800555,0.115025155,0.054351963,0.1176828,0.1277256,0.1854482,0.0752614,0.101621814,0.4678915565834374,1.0,0.004706793,0.24090837,0.01953769,0.0055201472817312,0.0120509686247245,0.035906456,0.030376013,0.1217388,0.12809864,0.14200598,0.086598486,0.08619315,1.466143925,0.9542766,3,3,3,3,-1.0833744776238703,-0.8278000791983137,1.4462337995679977,0.0040840180830077,False,0.0,okbokki,CLIPese,True,mature,0.166225,weak,True,mature_weak,430,0.3471962511539459
412,copernicwhistleblower,high_maturity,1031,copernicuse,0.625,-0.4475919588488166,1.0,0.011824869,0.68535185,0.01725372,0.7941580219006221,0.8065949901088915,0.09899547,0.11004912,0.07741665,0.09893072,0.061495103,-0.02113785,-0.004614748,-1.0065425778423285,1.0,0.010047644,0.6376463,0.015757395,0.72379230029972,0.7165466479094803,0.10140392,0.115868315,0.04035052,0.10097528,0.07648529,-0.03073494,-0.014446095,-0.9145683247170328,1.0,0.011046886,0.55417305,0.019934002,0.0251950427605262,0.0567264219901574,0.08744365,0.09472177,0.023859011,0.032698095,0.06878917,-0.059764605,-0.039882466,-0.2241502707802711,1.0,0.0032240287,0.13412225,0.024037985,0.0019121310414234,0.0011728774819621,0.018087808,0.02697039,0.09964602,0.1627562,0.18953612,0.12796664,0.15188996,1.511249125,0.9245594,2,2,2,2,-0.6482132830471122,-0.0919742531252957,0.6904180539367617,0.0215387003649088,False,0.0,copernicwhistleblower,CLIPese,True,mature,0.21452500000000002,weak,True,mature_weak,431,0.2830642759799957
1194,flowermadhuridixit,high_maturity,1502,floweremojis,0.53333336,-0.1157344111320336,1.0,0.0108778365,0.60117865,0.018094184,0.6965589598835455,0.8426825993555318,0.11885095,0.11524747,0.05340061,-0.00960784,-0.039724454,-0.121919036,-0.12164356,-0.7778378880071356,1.0,0.008906119,0.57763606,0.0154182175,0.489303937627054,0.7624201621550052,0.12113742,0.114502266,0.015337685,-0.026968956,-0.014735998,-0.12473686,-0.1388983,-0.5706739692882759,1.0,0.010452357,0.5411432,0.019315327,0.0068350802633306,0.0814651895538247,0.12836523,0.11507953,0.021612452,0.0034482898,0.017750882,-0.08305796,-0.08678142,-0.0739586957763561,1.0,0.003522863,0.14379475,0.024499247,0.0009297688100339,0.0043800045947393,0.02531589,0.02366927,0.060865596,0.025623886,0.06583465,0.05247984,0.037720464,1.240922935,0.9522349,2,2,2,2,-0.3845512410509503,-0.2071639187188597,0.4967152735119197,-0.0879146384420307,False,0.0,flowermadhuridixit,CLIPese,True,mature,0.15725,weak,True,mature_weak,432,0.37074485421180725
309,lewanospreowltotem,high_maturity,1281,lewancollie,0.55172414,-0.5072101332221901,1.0,0.010956241,0.6042793,0.018131088,0.5260048619019154,0.7397553137189197,0.1189122,0.11158587,0.12552224,0.06228431,0.023601636,0.019721273,-0.020058848,-0.9151320310013228,1.0,0.0090388125,0.5992731,0.015082961,0.3295192724484457,0.6589340731187964,0.12701452,0.1324026,0.109527744,0.07967784,0.08394907,0.024783129,-0.0027911123,-0.9579036022530472,1.0,0.010028897,0.50057346,0.020034816,0.0020215038521774,0.0176631326175579,0.09107669,0.08816979,0.028921671,0.0010713115,0.09502694,-0.009748478,-0.023799714,-1.3277433018165787,0.8888889,0.003453334,0.13408583,0.025754653,0.0006398290891878,0.001246390683707,0.0052417116,0.010828791,0.048084803,0.06727768,0.056043718,0.026703008,0.0056198025,1.59853975,0.93441343,4,4,4,4,-0.9269972670732848,0.0427715712517243,-0.3698396995635316,0.1689391900506658,False,0.0,lewanospreowltotem,CLIPese,True,mature,0.157,weak,True,mature_weak,433,0.3739739954471588
917,willydigitalart,high_maturity,997,alyssdigitalart,0.8,-3.042123717719208,1.0,0.011215557,0.5744783,0.01952303,0.4955345895000865,0.3775595462463112,0.036579892,0.040930953,0.10789418,0.1460242,0.09348776,0.045118473,0.026011921,-1.8616242784254409,1.0,0.01000625,0.60850006,0.016444122,0.0915146222748526,0.6415197761285018,0.05538667,0.051508464,0.02665746,0.14499442,0.100018695,0.004506892,-0.0013034539,-1.0372051584987318,1.0,0.012241873,0.65560657,0.018672591,0.0206813741745034,0.3215435660175371,0.071829155,0.050569918,0.015675979,0.06558449,0.0908245,0.023374137,0.017547349,-1.392621081493734,0.7777778,0.003748195,0.1436556,0.026091535,0.002154120728192,0.0122722084696201,0.016839711,0.011208906,0.118211396,0.20960394,0.15478188,0.18030822,0.1507741,1.30455965,0.92294997,2,2,2,2,-1.8333935590342785,-0.824419119926709,-0.3554159229950022,-1.292666091166344,False,0.0,willydigitalart,CLIPese,True,mature,0.04925,weak,True,mature_weak,434,0.61198490858078
234,compupixelart,high_maturity,89,coralpixelart,0.7692308,-2.199930485863791,1.0,0.011477561,0.6272866,0.018297156,0.095520560191012,0.4787343383736869,0.07361634,0.063035205,0.11658686,0.084495924,0.010347687,0.0036359914,-0.02625099,-1.941369434526204,1.0,0.00962947,0.6518617,0.014772259,0.1272543226952524,0.465486978134902,0.09322766,0.080969766,0.08132567,0.1125925,0.048505083,0.021644808,0.004190836,-1.1074855364534442,1.0,0.010517704,0.5771602,0.018223198,0.0181860083198909,0.128400585722455,0.07901117,0.05662035,0.005274575,0.050451327,0.04091056,-0.00023842603,-0.015521032,0.0274289476213671,1.0,0.0039778277,0.20291975,0.01960296,0.0024898495716564,0.0054172436432703,0.027211698,0.025706002,0.18714619,0.20043033,0.2116677,0.13614444,0.11662347,1.6794460499999997,0.92376095,2,2,2,2,-1.305339127305518,-0.8338838980727594,1.134914484074811,-0.0310832086352459,False,0.0,compupixelart,CLIPese,True,mature,0.08555,weak,True,mature_weak,435,0.5366849303245544
750,cryocryocandace,high_maturity,1009,crystcrayon,0.61538464,-1.510228705449255,1.0,0.010975872,0.68018174,0.016136676,0.5739601650903005,0.5620069395403794,0.10275617,0.08211459,0.10823354,0.10595568,0.032845467,-0.033381656,-0.06018872,-1.7102783945969444,1.0,0.00872607,0.65129006,0.013398131,0.5741365907933629,0.391538432073861,0.12892613,0.11834433,0.08177733,0.12171863,0.07855626,0.01568094,-0.007938048,-0.6538378150451158,1.0,0.010762971,0.62151635,0.017317276,0.1110877860629783,0.0952194861271382,0.12433228,0.10143711,-0.005108347,0.01700812,-0.01713155,-0.04286965,-0.06991686,-0.6795958627778815,1.0,0.00525359,0.324942,0.016167779,0.0015587340862948,0.0012143686394963,-0.008562256,0.022916157,0.057121113,0.08771812,0.055642914,0.107026175,0.08487727,1.3533407,0.91285586,3,3,3,3,-1.1384851944672991,-1.0564405795518286,-0.0257580477327656,-0.8375124145966201,False,0.0,cryocryocandace,CLIPese,True,mature,0.193775,weak,True,mature_weak,436,0.3107742667198181
1466,reinforoaxcaribou,high_maturity,958,pixelfracroblox,0.5,-0.0284118882228895,1.0,0.010946701,0.7110386,0.015395368,0.8559002341191765,0.9002003190944005,0.09946146,0.12038383,-0.0065297373,-0.043512803,-0.057807498,-0.15435995,-0.1294686,-0.8750019901992068,1.0,0.008842841,0.6342222,0.013942812,0.5979005429689839,0.726787794988725,0.108201176,0.12661757,-0.030501436,-0.009454502,-0.009027242,-0.12386906,-0.10393198,-0.676298548600212,1.0,0.009446079,0.5245077,0.018009419,0.029918282421246,0.1301551233324031,0.10435006,0.11270453,-0.051216684,-0.031867668,-0.039231554,-0.12343064,-0.11499768,-0.2269269951119367,1.0,0.0035496312,0.18237932,0.019462904,0.0014198774906822,0.0019536576554751,0.018159358,0.025363661,0.013460925,0.017989408,0.090140246,0.0077609764,-0.032333124,1.1946218,0.929993,3,3,3,3,-0.4516598555335612,-0.1987034415989947,0.4493715534882753,-0.5311046675738627,False,0.0,reinforoaxcaribou,CLIPese,True,mature,0.2022,weak,True,mature_weak,437,0.2951987385749817
1375,zuckerfortnseizure,high_maturity,1218,mathematseizure,0.54545456,-0.5994948969265831,1.0,0.010911897,0.70037854,0.0155799985,0.7922013386960035,0.7988700587219297,0.10764384,0.08684831,0.058920883,0.11426833,0.05541757,0.031882387,0.02708447,-1.1207687586692676,1.0,0.0094169285,0.64696753,0.014555489,0.7411343828676182,0.71197887422916,0.11601182,0.08511581,0.06586164,0.15396443,0.105191514,0.08061467,0.069402635,-0.9950470791532352,1.0,0.01090271,0.61806947,0.017639942,0.0328726231788162,0.085827580655199,0.103864096,0.05859119,0.064740084,0.14370227,0.14916891,0.093723275,0.095947035,-0.5914122875390725,0.8888889,0.003908541,0.1881789,0.020770347,0.0018825676630787,0.0015664307379784,0.028808095,0.031290755,0.14484802,0.1995709,0.20293555,0.2713014,0.20860103,1.2075244825,0.9067169,3,3,3,3,-0.8266807555720396,-0.1257216795160324,0.4036347916141627,-1.0542731023041756,False,0.0,zuckerfortnseizure,CLIPese,True,mature,0.2038,weak,True,mature_weak,438,0.2940157353878021
1230,adjeclithuconverter,high_maturity,416,adjecalgorimeme,0.5294118,-2.426620141097712,1.0,0.011622369,0.7036912,0.016516292,0.6732625441932335,0.4824560344730755,0.058260947,0.049380265,0.14733952,0.13446847,0.08996186,-0.012945379,-0.0016931985,-1.606456529673859,1.0,0.009659169,0.62475634,0.015460698,0.7557886641063067,0.5591700075660809,0.10127081,0.08694463,0.13793558,0.13801786,0.13415842,-0.0070078345,0.04290177,-1.0027072565580757,1.0,0.01103733,0.56284004,0.019610066,0.5539829409342429,0.1455068175935831,0.0887724,0.06425875,0.032049477,0.06817068,0.12625925,-0.028791172,-0.001530068,-0.644869799871821,1.0,0.0033973453,0.13946661,0.02435956,0.0593997784721938,0.0019514627368533,0.0102915475,0.009304273,0.017768871,0.04050032,0.002612015,-0.040394716,-0.027217284,1.2338142250000002,0.91786426,3,3,3,3,-1.4201634318003669,-0.6037492731157834,0.3578374566862546,-1.2481992035036789,False,0.0,adjeclithuconverter,CLIPese,True,mature,0.177675,weak,True,mature_weak,439,0.3538804352283478
276,crvenazvezda,high_maturity,1858,acreative,0.5714286,-0.4303760035618419,1.0,0.009376415,0.5846132,0.016038664,0.6945717739797242,0.8125695518701059,0.11048229,0.09849497,0.182575,0.17897551,0.030981489,-0.00831008,-0.01338622,-0.614411466566708,1.0,0.008079712,0.60568035,0.013339895,0.5006025763364742,0.7714077574491925,0.14802237,0.11200634,0.17013595,0.22753082,0.13081688,0.04175994,0.018585708,-0.8726081628078479,1.0,0.009150214,0.526912,0.017365735,0.0273449765053203,0.1145975616897827,0.11438845,0.067200065,0.09167663,0.13172774,0.1721811,0.06486216,0.05481671,-0.481962472349304,1.0,0.0038798475,0.2220294,0.017474476,0.0012099892423812,0.0012177593276777,0.01810771,0.013334326,0.030773206,0.06992119,0.030627519,0.035272826,0.037889097,1.6278657499999998,0.9420121,5,5,5,5,-0.5998395263214255,0.2581966962411399,0.3906456904585439,0.5579888144730363,False,0.0,crvenazvezda,CLIPese,True,mature,0.189225,weak,True,mature_weak,440,0.33035239577293396
492,christmaselves,high_maturity,175,christmapuzzles,0.7586207,-0.4052275680139203,1.0,0.011887911,0.6866195,0.01731368,0.3641408953159003,0.8991425487950936,0.09805737,0.07738226,0.17937216,0.12564465,0.06804567,0.0041268384,0.027178224,-0.5982350790157339,1.0,0.009610197,0.65878755,0.014587702,0.3605731682660069,0.7801847998857,0.13639769,0.12180928,0.15397301,0.12769,0.108896464,-0.010837309,0.010989331,0.1387191921889625,1.0,0.011641382,0.66500497,0.017505707,0.1214231828585687,0.6492491346312126,0.15820491,0.14112951,0.032675944,0.0270276,0.058053672,-0.08016718,-0.06164605,-0.8525506673453529,0.8888889,0.004204808,0.19235086,0.021860093,0.0034705730242943,0.0066694031274257,0.030810269,0.006879565,0.08087704,0.101877816,0.13206775,0.10791792,0.100563146,1.46845835,0.9240715,2,2,2,2,-0.4293235305465111,-0.7369542712046964,-0.9912698595343156,0.0609107129023578,False,0.0,christmaselves,CLIPese,True,mature,0.2148,weak,True,mature_weak,441,0.32167795300483704
384,rainbowmandala,high_maturity,213,catmandala,0.6666667,-1.5875937902385044,1.0,0.010807492,0.6542578,0.016518706,0.1843282255657174,0.5861259653062191,0.09279548,0.07248653,0.11219886,0.07728634,0.03236106,-0.038403563,-0.015734525,-0.970380872324457,1.0,0.008979916,0.6335266,0.014174488,0.4108026241305221,0.6961264726248495,0.13170217,0.10219032,0.12021985,0.1355511,0.06821535,-0.0020196885,0.0024918132,-0.823736480214321,1.0,0.0107811475,0.5849815,0.018429894,0.0283167165696893,0.1482016490833183,0.10829474,0.07807519,0.05522223,0.056704916,0.066129036,-0.032722857,-0.017165624,-0.4802321669677873,1.0,0.0038405901,0.17772475,0.021609765,0.0020893166408845,0.0020518709329267,0.013874198,0.015089374,0.083488286,0.07961759,0.08707714,0.069320455,0.05985152,1.5255582250000002,0.9433875,2,2,2,2,-0.9654858274362674,-0.146644392110136,0.3435043132465337,0.0847558321956611,False,0.0,rainbowmandala,CLIPese,True,mature,0.15232500000000002,weak,True,mature_weak,442,0.41359880566596985
860,kortajarena,high_maturity,1704,orangubrenda,0.6086956,-1.13669645959592,1.0,0.011003665,0.66655475,0.016508268,0.2871874362377269,0.7284466788411909,0.09948965,0.0602451,0.19170222,0.15762521,0.07574188,0.016193617,0.0078690555,-0.7298618858905077,1.0,0.009569073,0.6956754,0.013755084,0.0851910877930267,0.7692899114588564,0.14630112,0.095470846,0.18273287,0.19853568,0.11985094,0.066866025,0.07291087,-0.5980844155117081,1.0,0.011354679,0.6247046,0.018176077,0.0088093163519101,0.384155508729476,0.12439669,0.07194323,0.104571,0.12558109,0.14704418,0.0755149,0.09470912,0.4799381407404176,1.0,0.004932874,0.30697376,0.016069368,0.0013588425950774,0.0072658037105708,0.04689088,0.03141505,0.14188084,0.13222072,0.15633425,0.17800955,0.18194021,1.317136315,0.96269053,4,4,4,4,-0.4961761550644295,-0.1317774703787996,1.0780225562521255,0.1536859056012755,False,0.0,kortajarena,CLIPese,True,mature,0.20205,weak,True,mature_weak,443,0.31076231598854065
663,augmentephotograph,high_maturity,482,augmentetranscript,0.6666667,-1.6199135822535815,1.0,0.011269078,0.5812218,0.019388601,0.3501086297462484,0.7384309959681813,0.051305503,0.04522538,0.07449895,0.01951579,0.023813382,0.023061628,0.004609309,-1.486587170486777,1.0,0.010204362,0.5924451,0.017224148,0.3563542663322674,0.6699083548041345,0.08591714,0.07192358,0.048587088,0.06873505,0.10733788,0.008040687,0.018303199,-0.8903950647788259,1.0,0.011691488,0.599276,0.019509355,0.0638932341369469,0.2976049394888971,0.084117055,0.069331266,0.049882375,0.049381748,0.0902562,-0.036358207,-0.0476627,-0.5825827659642883,1.0,0.004179461,0.17725043,0.023579411,0.0070843321763355,0.0126995600349298,-0.020344127,0.016124774,0.07977761,0.10880928,0.09569587,0.08018473,0.05773727,1.3870003750000002,0.92946076,2,2,2,2,-1.144869645870868,-0.5961921057079511,0.3078122988145376,-0.5469454640308671,False,0.0,augmentephotograph,CLIPese,True,mature,0.08095000000000001,weak,True,mature_weak,444,0.5725081562995911
1818,artistsontwitter,low_maturity_control,320,anarchiartistsontwitter,0.82051283,-4.008848649510992,1.0,0.0121733975,0.6275552,0.01939813,0.1538251055210951,0.1666945391706387,0.03633374,0.014205245,0.11443989,0.15024768,0.08048524,0.046357363,0.043660965,-3.009577874377526,1.0,0.009658422,0.65582657,0.014727098,0.2346368203214106,0.2422944478605494,0.064513534,0.031052295,0.07800455,0.116557755,0.0921132,0.0057689752,0.03577972,-1.5006037387720208,1.0,0.011730626,0.6717418,0.017462999,0.0512836410399281,0.0435991341614823,0.057850298,0.01504128,0.051870614,0.039979365,0.08854527,0.0070562866,0.013033846,-0.193398900239841,0.8888889,0.004392392,0.19408105,0.02263174,0.0085788490730574,0.0126115701969575,0.038630623,0.024935905,0.08776195,0.093017824,0.11494709,0.15074706,0.14824834,-1.841257125,0.88532954,1,1,1,1,-2.178107290725095,-1.5089741356055053,1.3072048385321795,-9.5182772188953,False,0.0,artistsontwitter,CLIPese,False,immature,0.07805000000000001,weak,True,low_both,445,0.4914548993110657
1853,approx,low_maturity_control,1926,probz,0.54545456,-3.819568717568306,1.0,0.009141695,0.71199566,0.012839537,0.5854226791726791,0.0533568097473905,0.08204531,0.039788134,0.032995693,0.051820092,0.026347708,0.016555278,0.049127698,-3.46961887549392,1.0,0.0076048514,0.7211465,0.010545501,0.144835333423405,0.0156762661119563,0.07872886,0.0425809,0.0015849536,0.055157542,0.018658035,0.047942042,0.07563625,-1.328283217946103,1.0,0.009476565,0.66893613,0.0141666215,0.1369358015372554,0.0188702478697195,0.079339504,0.02938472,-0.0093301805,0.009905909,0.025488948,0.04650728,0.07418236,-0.7802179098572843,1.0,0.004883847,0.35499457,0.013757527,0.0211438515765638,0.002670469998987,0.00797589,0.002632446,0.03301491,0.07727359,0.044083625,0.20142454,0.2351293,-2.467241775,0.87866753,1,1,1,1,-2.349422180216404,-2.141335657547817,0.5480653080888187,-11.213793142444722,True,3.51,approx,English,False,immature,0.1475,weak,True,low_both,446,0.5179556012153625
1821,while,low_maturity_control,1491,achaille,0.61538464,-2.3105249582388105,1.0,0.011415852,0.6746699,0.016920649,0.4217114189697628,0.6163134045036548,0.062163975,0.0035633433,0.048464052,0.111228734,-0.030965986,-0.03545321,-0.0032217167,-2.220051620570972,1.0,0.009368088,0.6724442,0.013931398,0.0386258944219403,0.4468652180297663,0.11486429,0.022584915,0.0032786876,0.111900166,0.045485504,0.06186349,0.058445822,-1.12354330167013,1.0,0.01171915,0.6926387,0.01691957,0.0354512536323379,0.1256867232725197,0.10794238,0.024411988,-0.03136297,0.012473596,-0.031861328,-0.024300985,-0.012102124,0.4557839348632827,1.0,0.004299478,0.225535,0.019063463,0.0084957540824239,0.0179263570081232,0.03662578,0.018611485,-0.013476467,0.0006396603,-0.047903866,0.04054578,0.03747575,-3.40562685,0.79588145,1,1,1,1,-1.2995839864041574,-1.0965083189008422,1.5793272365334126,-13.813921142679288,True,5.86,while,English,False,immature,0.096,weak,True,low_both,447,0.6652064323425293
1933,alecoscino,low_maturity_control,7,alfremicroscopy,0.64,-5.345377875534712,1.0,0.011123527,0.79907554,0.013920494,0.0081500540120357,0.0021952920937134,-0.01737246,-0.024132458,0.031483408,0.017894369,0.012166317,-0.007991064,-0.004194164,-4.295049612610571,1.0,0.00921582,0.7818351,0.011787421,0.0045172051471461,0.0020262621357459,0.0063554235,-0.019240297,0.03577966,0.044996947,0.049766004,-0.044777226,-0.054958735,-2.01508327185195,1.0,0.010406447,0.63089585,0.016494714,0.0088531192832393,0.0040916740595613,-0.0011561321,-0.017327778,0.018402725,0.036555566,0.048736863,-0.024997234,-0.02820652,-1.226503814931018,0.8888889,0.0034491508,0.1537044,0.022440156,0.0079361342388536,0.0044549667935964,0.012374023,0.0050257575,0.017747238,0.01271656,0.03432682,-0.018981991,-0.0620377,-1.927389675,0.8826131,1,1,1,1,-3.2205036437320627,-2.279966340758621,0.7885794569209321,-10.462701917248342,False,0.0,alecoscino,CLIPese,False,immature,0.18025,weak,True,low_both,448,0.48761415481567383
1950,attributed,low_maturity_control,1825,activated,0.6315789,-2.8916357995324766,1.0,0.0119120665,0.7786828,0.015297713,0.040959225832753,0.4018117345903724,0.06650572,0.01976488,0.15435515,0.06434326,0.06263639,0.043943875,0.0530349,-3.1640593834714794,1.0,0.009562185,0.73816216,0.012954044,0.006788922525722,0.1803666647327354,0.07652578,0.021717617,0.11216369,0.11141204,0.17550601,0.08831586,0.13811088,-1.5352573503321771,1.0,0.011223569,0.6512884,0.01723287,0.0037599717041811,0.0866750456941474,0.05555023,0.0048118182,0.06713856,0.08243286,0.15368636,0.09473908,0.10944107,0.8906283592582168,1.0,0.004252788,0.18087351,0.023512498,0.002356527464169,0.0311897027990951,0.033136304,0.02015318,0.065259196,0.093305126,0.18110064,0.20770046,0.19579965,-2.485310525,0.84360933,1,1,1,1,-1.6750810435194792,-1.6288020331393025,2.425885709590394,-11.254615213765607,True,4.05,attributed,English,False,immature,0.15235,weak,True,low_both,449,0.6186233758926392
1816,acknowle,low_maturity_control,1497,knopfler,0.625,-4.907339917226541,1.0,0.010938401,0.9120187,0.011993615,0.0257566932225316,0.0039514825480616,0.016148351,-0.0052020713,0.026902629,0.12905124,0.031395786,-0.017465273,0.011567615,-3.961781241422756,1.0,0.009611639,0.8455042,0.011367938,0.0117519975967816,0.0023712581136933,0.02597112,0.017152928,0.015387913,0.12835465,0.06611279,0.0043283235,0.05265115,-1.8556001193420275,1.0,0.011385187,0.7112783,0.016006654,0.0080220207612641,0.002040869960676,0.016780859,-0.0049500028,0.005654938,0.082949325,0.066993035,0.001356971,0.051621757,-0.8552694032068814,1.0,0.004688984,0.20112486,0.023313794,0.0103857861683773,0.0013160597773596,-0.00218141,0.008732128,-0.050923407,-0.001947958,-0.016474769,-0.00833068,0.004763757,-1.841239775,0.8895772,2,2,2,2,-2.894997670299551,-2.106181122080728,1.0003307161351462,-9.9473697816175,False,0.0,acknowle,CLIPese,False,immature,0.20140000000000002,weak,True,low_both,450,0.5251613855361938
1926,probz,low_maturity_control,1112,pugrobots,0.5714286,-0.9837793883584612,1.0,0.0107032275,0.65534616,0.016332174,0.0298759910213092,0.7479103882956672,0.092517234,0.07704831,0.08883816,0.063719146,0.07248527,-0.038395256,-0.034471653,-0.6284539818428619,1.0,0.0086811995,0.69360006,0.012516146,0.0538415596785461,0.7738299234246101,0.14118023,0.11509991,0.014587137,0.08893522,-0.07829561,-0.10941436,-0.045421515,-0.3877687537870943,1.0,0.010443244,0.65780145,0.015875982,0.0487065702911776,0.295674113060311,0.13982226,0.10855446,-0.021821039,0.058183596,-0.07723616,-0.113418646,-0.059617024,0.176776544633375,1.0,0.0050253626,0.2798975,0.017954296,0.0037075582775732,0.0033195655753098,0.03251683,0.033361312,0.030706147,0.08758158,-0.094588846,-0.050868813,0.0049407203,-1.77990375,0.9085314,1,1,1,1,-0.4558063948387606,-0.2406852280557676,0.5645452984204693,-7.90923704360773,True,1.44,probz,English,False,immature,0.21592500000000003,weak,True,low_both,451,0.5515037775039673
1961,siest,low_maturity_control,421,daisies,0.6666667,-4.88590853619605,1.0,0.009558577,0.7721656,0.012378921,0.1584619659726129,0.0082476999836679,0.012417942,-0.00083890656,0.13501906,0.14085743,0.0822126,0.01563906,0.06906961,-3.1958475663060977,1.0,0.008394798,0.7722371,0.010870752,0.3456686613983846,0.1411550876654903,0.0710297,0.03918786,0.11302367,0.19842938,0.14777449,-0.048613567,0.03044291,-1.5329578281195764,1.0,0.009880209,0.6411998,0.01540894,0.0340656262788082,0.0389345096938745,0.04626462,0.02134417,0.039787192,0.11164908,0.13497218,-0.039025206,0.012277506,-0.4123733075489681,1.0,0.00345339,0.19499207,0.017710412,0.0080704750496996,0.0036901203755978,0.011184192,0.01771312,0.042933233,0.08124911,0.07244092,0.048251126,0.073017605,-1.88750135,0.89356804,1,1,1,1,-2.506771809542673,-1.6628897381865213,1.1205845205706082,-9.7440792419788,False,0.0,siest,CLIPese,False,immature,0.216625,weak,True,low_both,452,0.628243625164032
1990,example,low_maturity_control,463,apples,0.61538464,-0.4946478540198386,1.0,0.010884978,0.64893335,0.016773645,0.2062065925172848,0.8994152046783626,0.089892544,0.07453292,0.16522282,0.1434342,0.16570868,0.08593711,0.078909375,-0.5813528997695833,1.0,0.008763474,0.6729505,0.013022465,0.0726657121332667,0.8913346887138459,0.11435618,0.095905416,0.11748963,0.16869083,0.21949667,0.08327902,0.084668756,-0.0259767145704601,1.0,0.011403923,0.7284463,0.015655132,0.1660689419668588,0.9065713945304688,0.13573413,0.096996844,0.02346301,0.11596093,0.17384088,0.07464015,0.078870885,3.103475217899313,1.0,0.0050617363,0.29161945,0.017357334,0.0184953102819097,0.0788910321214,0.04738839,0.03972591,0.06301909,0.10243337,0.18560205,0.14792562,0.11542143,-2.024566975,0.87061864,1,1,1,1,0.5003744373848578,-0.5553761851991231,3.129451932469773,-8.337371063118441,True,5.27,example,English,False,immature,0.2152,weak,True,low_both,453,0.5635603666305542
1980,authored,low_maturity_control,1865,atured,0.71428573,-1.1308589683598782,1.0,0.011777769,0.7342943,0.016039576,0.8051054360038026,0.6240531885268726,0.11807326,0.08652073,-0.029037107,0.10109419,-0.052253094,-0.019772753,0.01544393,-1.697959295573667,1.0,0.009110991,0.73093045,0.012464922,0.1563140151523977,0.4447339321624218,0.13536087,0.090513214,-0.004172723,0.17050946,0.09407213,0.07483696,0.11614995,-0.3512254194350096,1.0,0.010874197,0.687595,0.015814828,0.246496736083562,0.2800648289618877,0.15866788,0.09845191,-0.027376287,0.111511946,0.12790276,0.042817973,0.06604535,-0.2106823155344926,1.0,0.005184719,0.28479862,0.018204859,0.0050673886355469,0.007599725876041,0.018877521,0.015502412,-0.03590983,-0.008292008,0.0495945,0.03292971,0.02161766,-2.5157262,0.86037916,1,1,1,1,-0.8476814997257619,-1.3467338761386576,0.140543103900517,-10.551876667878664,True,3.49,authored,English,False,immature,0.21015,weak,True,low_both,454,0.5637148022651672
1945,picoftheday,low_maturity_control,1938,ftheday,0.7777778,-3.2488383749710392,1.0,0.013320896,0.8126781,0.016391356,0.0420152558927066,0.4493309165771572,0.029916374,-0.0071450034,0.107299596,0.09110273,0.058936864,0.05559741,0.036718335,-2.7578758299996275,1.0,0.011502943,0.87749726,0.013108808,0.0737254823603606,0.4062856142303178,0.05153725,0.011818729,0.09602239,0.124145575,0.12735185,0.040863313,0.05336465,-1.198713165473397,1.0,0.013112417,0.79864675,0.016418295,0.0678643725018015,0.3174366461711663,0.073649555,0.018497698,0.047875572,0.07987122,0.12137961,0.008495696,0.026215894,0.1281553458837656,1.0,0.004321848,0.23039617,0.018758332,0.005814109059475,0.0129669736692072,0.022830412,0.020665953,0.01555803,0.037474755,0.06382242,0.03359916,0.09823349,-2.26901935,0.85797876,1,1,1,1,-1.7693180061400744,-1.5591626645262306,1.3268685113571626,-10.616440198620564,True,1.18,picoftheday,English,False,immature,0.21982500000000002,weak,True,low_both,455,0.5394025444984436
1899,uploaded,low_maturity_control,1838,ruled,0.61538464,-1.0310264463297798,1.0,0.011980839,0.6170044,0.019417753,0.468844653682042,0.7541956305858988,0.076505244,0.084293276,0.19791959,0.15666363,0.0951449,0.07317604,0.065851346,-0.7037930902337355,1.0,0.009479771,0.6757682,0.01402814,0.2305833284942051,0.8065719855193538,0.12052476,0.1076264,0.10715791,0.22663406,0.17972226,0.04866541,0.04654767,0.1977206958415595,1.0,0.011969905,0.7314758,0.01636405,0.1127542104669626,0.8070068729020495,0.15270269,0.13612051,0.054661974,0.14374828,0.16663939,0.05261738,0.047710903,1.1722063070413895,1.0,0.00560358,0.24736157,0.022653397,0.0111178056999586,0.0292202561271768,0.043444727,0.03077844,0.0824036,0.10868488,0.13300222,0.1120124,0.12359094,-2.7491633,0.8333416,1,1,1,1,-0.0912231334201416,-0.901513786075295,0.97448561119983,-10.947546277860273,True,3.92,uploaded,English,False,immature,0.196075,weak,True,low_both,456,0.6128562688827515
1880,consisted,low_maturity_control,1870,consists,0.8235294,-4.731178683226244,1.0,0.011769955,0.7758905,0.0151696075,0.0351639316386682,0.0145569500686942,0.02286713,0.0048201866,0.018246304,0.012668282,0.042669367,-0.05242101,-0.057468932,-3.791137662371261,1.0,0.009747102,0.82996726,0.01174396,0.0168185189052883,0.0225690229017652,0.036074143,0.026789552,0.030286977,0.023406802,0.0525775,-0.014607269,-0.041502878,-1.7756490706475792,1.0,0.011604875,0.73822504,0.015719969,0.0149593502138512,0.0048852329483639,0.021313488,0.0052690804,0.00053775497,-0.01895947,0.010823008,-0.029095914,-0.04978024,-1.5304000676194358,0.8888889,0.004247904,0.17541316,0.024216563,0.0035672488216167,0.0010584167068357,0.008568452,-0.0019650813,-0.04836774,-0.04672469,-0.061079964,-0.004069013,-0.037264146,-2.865109925,0.78094465,1,1,1,1,-2.9570913709661304,-2.015488591723682,0.2452490030281433,-13.836194786361608,True,3.91,consisted,English,False,immature,0.2024,weak,True,low_both,457,0.6095956563949585
1914,frommy,low_maturity_control,1878,fromthe,0.61538464,-2.7843078962355,1.0,0.010021607,0.7304591,0.013719602,0.6278523738894891,0.353994017684842,0.076271154,0.043031245,0.11083092,0.14021415,0.07445209,0.10537848,0.12564439,-1.397104700244604,1.0,0.0084096985,0.73551905,0.011433693,0.2947287860523153,0.6383926989190146,0.12104461,0.067441806,0.092528015,0.17027941,0.12419481,0.11437498,0.11576828,-0.6768035458546858,1.0,0.010403439,0.68284565,0.015235418,0.0617286608012437,0.3417524591262167,0.13273759,0.054305654,0.04427753,0.11288449,0.1404976,0.10284308,0.11116822,1.0750611646911077,1.0,0.0038673047,0.18491186,0.020914314,0.0053971409474486,0.019119340415409,0.045288704,0.042503603,0.09924717,0.14634624,0.20164643,0.13041988,0.14818832,-2.514673875,0.8923647,2,2,2,2,-0.9457887444109204,-0.7203011543899182,1.7518647105457936,-10.202310231295863,False,0.0,frommy,CLIPese,False,immature,0.21755,weak,True,low_both,458,0.5910841226577759
1968,aphoto,low_maturity_control,801,pheepcot,0.5714286,0.036675029593474,1.0,0.011845738,0.7300415,0.016226115,0.0236040595386594,0.945906432748538,0.13518782,0.074504144,0.1928484,0.21556163,0.26762706,0.23536035,0.22839922,-0.5374341423066222,1.0,0.010071828,0.69977695,0.014392912,0.0069051077524608,0.7732994199912947,0.17208494,0.10104645,0.15496737,0.23183478,0.2314409,0.20576262,0.21700025,-0.1672547573838143,1.0,0.01112859,0.6356973,0.017506115,0.0268565181819915,0.6088258425169782,0.15847822,0.088134974,0.099233106,0.14238328,0.16878605,0.1432828,0.14544547,6.968838628375109,1.0,0.00560627,0.31287098,0.017918792,0.0077804942970898,0.1498980982893332,0.095146544,0.07900954,0.13707423,0.18884009,0.21043634,0.20012891,0.18199268,-2.2380653,0.8728679,2,2,2,2,1.5752061895695366,-0.3701793849228079,7.136093385758923,-8.092083906391661,False,0.0,aphoto,CLIPese,False,immature,0.23685,weak,True,low_both,459,0.5625118017196655
1882,assures,low_maturity_control,188,crabsurfers,0.6666667,-4.21814243217187,1.0,0.0112694,0.8383764,0.013441933,0.2336988304093567,0.0138400897459312,0.06335988,0.026956828,0.021491162,0.050817315,-0.03921255,0.00925458,0.070041046,-3.295400017150097,1.0,0.009392605,0.85916394,0.010932262,0.2447860470385002,0.0208784023966494,0.095103756,0.053547952,0.0060304906,0.053868316,-0.026495922,-0.0045040622,0.0446288,-1.2627259437752467,1.0,0.011480629,0.7887428,0.014555606,0.0636150400890909,0.0146258768556594,0.088909745,0.032702208,-0.027678596,0.031241134,0.019826824,-0.015468968,0.010811586,-0.3533812115367216,1.0,0.004388087,0.17617905,0.024906974,0.0069247042888051,0.0032420473245419,0.0010869148,0.029174173,-0.009861113,0.0055725314,0.015655583,0.023530124,0.046383858,-2.647303875,0.9109438,1,1,1,1,-2.282412401158484,-2.0326740733748503,0.9093447322385252,-11.181176856527683,True,3.23,assures,English,False,immature,0.23435000000000003,weak,True,low_both,460,0.5878825187683105
1824,art,low_maturity_control,660,airboat,0.6,-0.8327887191053768,1.0,0.0094130505,0.5158056,0.018249221,0.1669178575902157,0.8543401413982716,0.07301404,0.06945819,0.23316658,0.22607046,0.13230632,-0.058727093,-0.07587151,-0.1794752042812215,1.0,0.0074054166,0.61236274,0.012093186,0.3907718681429321,0.950657894736842,0.14232372,0.10938424,0.21508539,0.27266055,0.23643532,-0.050104123,-0.0697149,0.5988317676479443,1.0,0.009421581,0.6630893,0.014208617,0.3668984859774332,0.9520352605652064,0.20188783,0.14227545,0.1402708,0.15156381,0.2565163,-0.010521647,-0.03188035,18.704009781701373,1.0,0.00507387,0.2161004,0.023479227,0.0635694752020853,0.5090833527141985,0.07319342,0.06433266,0.22775716,0.24493809,0.3287289,0.06651216,0.066923074,-2.18698045,0.9184963,1,1,1,1,4.57264440649068,-0.7783069719291658,18.10517801405343,-5.356839976425594,True,5.29,art,English,False,immature,0.29315,weak,True,low_both,461,0.4671892523765564
1886,ailed,low_maturity_control,1868,aided,0.8,-0.389071393661541,1.0,0.010204449,0.68987894,0.014791653,0.2146483973502694,0.8174764700243055,0.13061637,0.08188782,0.038550064,0.11104661,0.1364237,-0.07832251,-0.106384695,-0.6774881962709772,1.0,0.00887379,0.7168517,0.012378836,0.2993464915503119,0.7678988062940858,0.15479277,0.09669664,0.04499436,0.089474335,0.17946921,-0.06002631,-0.06281481,-0.4101120236087457,1.0,0.009624863,0.6346603,0.015165377,0.158520703057733,0.3626072769256531,0.14636225,0.08834293,0.039670914,0.098340735,0.1869767,-0.017924976,-0.023791641,1.0015315171003294,1.0,0.0036116026,0.13874933,0.026029693,0.0090006326776704,0.0170738663731974,0.053158473,0.036440372,0.07895501,0.084120005,0.18813898,0.012898574,0.024056572,-1.775229925,0.904599,1,1,1,1,-0.1187850241102336,-0.2673761726622315,1.411643540709075,-7.721350685021932,True,1.64,ailed,English,False,immature,0.26085,weak,True,low_both,462,0.5815870761871338
1850,diffu,low_maturity_control,1505,daffo,0.6,-0.5642392344683562,1.0,0.009841303,0.65720236,0.01497454,0.7040659080132764,0.9057450369344414,0.100443766,0.053414553,0.19473654,0.17712197,0.14614815,0.092219636,0.093542635,-0.2085074530012659,1.0,0.008300457,0.6596542,0.012583043,0.2779825621981805,0.9123037655488414,0.16892667,0.09643146,0.19967403,0.2437067,0.18860547,0.11792629,0.12950854,-0.1326071502970085,1.0,0.00942906,0.56644505,0.016646028,0.2724306103253471,0.8052058264448397,0.14897358,0.0772143,0.104178086,0.17019005,0.14185746,0.056593258,0.0588976,1.2374185303840697,1.0,0.004189911,0.2103033,0.01992318,0.025052530573119,0.0345816198070496,0.043191116,0.024729257,0.0706247,0.12068227,0.083847776,0.12485857,0.121098205,-1.7543981,0.8987303,2,2,2,2,0.0830161731543597,-0.0759003027042574,1.3700256806810782,-7.611222330319667,False,0.0,diffu,CLIPese,False,immature,0.29102500000000003,weak,True,low_both,463,0.5006029009819031
1837,realizes,low_maturity_control,1972,alizes,0.85714287,-1.854057503307986,1.0,0.011381946,0.6805788,0.01672392,0.4898312541047094,0.4967242668073693,0.07777357,0.09263136,0.066380695,0.07736552,-0.012029262,0.008350724,-0.04026557,-1.7743418610600452,1.0,0.009258233,0.71617836,0.012927272,0.4763866573820812,0.4273079645193617,0.09852046,0.12064919,0.056310173,0.11248641,0.062937535,0.08750595,0.047374725,-0.1627958822030233,1.0,0.011283945,0.71930677,0.01568725,0.4938842620087227,0.4683635108988541,0.11827731,0.14948149,0.017250638,0.03956282,0.088414446,0.06818734,0.034938823,0.1982395951136601,1.0,0.0045584748,0.22457753,0.020298,0.0367717471631457,0.0160292173572292,0.004926956,0.032223057,-0.019570213,-0.003461942,-0.007743678,0.0063616014,0.017385252,-2.554307925,0.88209885,1,1,1,1,-0.8982389128643485,-1.611545978857022,0.3610354773166834,-10.397431650980034,True,3.75,realizes,English,False,immature,0.24245,weak,True,low_both,464,0.685149610042572
1809,contains,low_maturity_control,1092,containfrisbee,0.72727275,-3.029266242734993,1.0,0.011066657,0.59767634,0.018516136,0.7781287073483081,0.2820950901888281,0.07091361,0.049084757,0.040117756,0.060934413,-0.16235675,0.0408361,0.027797738,-1.1667586271268575,1.0,0.009603867,0.7064653,0.013594252,0.5332658786606155,0.5286894773164796,0.16319026,0.11453601,0.046943255,0.103724115,-0.14922571,0.055745184,0.08875777,-0.2651810306065728,1.0,0.011102271,0.68558604,0.01619384,0.775250626566416,0.3836706441620274,0.15355083,0.10571132,-0.043381378,0.037430886,-0.028613022,-0.0028650528,0.013004003,0.3629574997565353,1.0,0.0043500774,0.25057474,0.017360399,0.1108224588258159,0.0107565991712345,0.03785127,0.025742816,-0.037953444,-0.0018761549,-0.06671869,0.053608693,0.039893765,-2.7484376,0.8083127,1,1,1,1,-1.024562100177972,-0.9015775965202848,0.6281385303631081,-11.899377382262443,True,4.68,contains,English,False,immature,0.28725,weak,True,low_both,465,0.5736082792282104
1817,mustsee,low_maturity_control,926,museodel,0.6666667,-1.6526741108562295,1.0,0.00995859,0.69526243,0.014323498,0.1271674992215961,0.6906640522479963,0.08106957,0.032475226,0.23582312,0.215406,0.21161902,0.13367468,0.117618114,-0.6521559339077025,1.0,0.009049955,0.72871083,0.012419131,0.1068207944377525,0.8731750705434917,0.14414829,0.06398716,0.17267811,0.24068463,0.25715593,0.10735039,0.1235028,-0.2708351947984544,1.0,0.0106241265,0.6957484,0.01527007,0.1056984123224745,0.7564072060782586,0.14939189,0.057205684,0.09840435,0.1602731,0.23159078,0.097198404,0.09665808,-0.0280112917171898,1.0,0.0033555683,0.18061937,0.01857812,0.0082396181625734,0.003555431780733,0.022865955,0.029401848,0.08407591,0.12230201,0.17313014,0.16277471,0.13681053,-2.2108526,0.9256628,2,2,2,2,-0.6509191328198941,-0.3813207391092481,0.2428239030812646,-8.84797120206912,False,0.0,mustsee,CLIPese,False,immature,0.281725,weak,True,low_both,466,0.6628214120864868
1878,fromthe,low_maturity_control,1804,followthe,0.625,-0.7666837685118527,1.0,0.010550615,0.69572586,0.015164903,0.8626055880441844,0.857898807456974,0.098976076,0.050726146,0.20859307,0.14251627,0.07531522,0.111215524,0.12691976,-0.619457038542836,1.0,0.008681455,0.69756603,0.012445352,0.7201964027551935,0.84367049699721,0.13444261,0.091799594,0.19536567,0.1384869,0.1613571,0.08037102,0.13311885,-0.0852632822958985,1.0,0.0108929565,0.66413665,0.01640168,0.4191850262242962,0.7977845254161045,0.14696775,0.0893139,0.09537784,0.07812972,0.14862324,0.0636919,0.074135795,0.1852998577420666,1.0,0.0033063123,0.12944351,0.02554251,0.0102898873243559,0.0159020596543469,0.022044385,0.018964805,0.09034445,0.055020638,0.11020883,0.1677871,0.16812027,-2.84495455,0.83257943,2,2,2,2,-0.3215260579021301,-0.5341937562469374,0.2705631400379651,-11.34147070979286,True,1.82,fromthe,English,False,immature,0.31595,weak,True,low_both,467,0.5785394310951233
1826,version,low_maturity_control,1919,everythin,0.625,-0.6262474784134247,1.0,0.010567034,0.6437188,0.016415605,0.5235553062498144,0.92609649122807,0.085836686,0.051677454,0.17368554,0.2267961,0.10611494,0.135778,0.12012213,-0.4992774268474867,1.0,0.008527862,0.71687376,0.011895904,0.1565557245605559,0.941267942583732,0.12375819,0.078262605,0.14844558,0.23661625,0.12302144,0.14675045,0.11381476,-0.0748452117367141,1.0,0.010555608,0.7199205,0.014662186,0.3768305130147235,0.9090968161143598,0.13489608,0.088187486,0.055355586,0.121203825,0.10810781,0.12107669,0.091223985,4.883800420641846,1.0,0.0051987367,0.37514135,0.013858074,0.0147627727583645,0.1456290870140075,0.02726596,0.027989084,0.002438264,0.071323454,0.09348929,0.1649146,0.13857986,-2.057638375,0.89787364,1,1,1,1,0.9208575759110552,-0.4244322151107726,4.95864563237856,-7.780223686277547,True,5.07,version,English,False,immature,0.31725000000000003,weak,True,low_both,468,0.581644594669342
1955,madewith,low_maturity_control,1992,madeto,0.71428573,-0.9302586322634496,1.0,0.010933912,0.6735317,0.016233701,0.3584586466165414,0.7823966435399062,0.093828455,0.06775584,0.1918339,0.11718581,0.15349771,0.1512206,0.1537079,-0.5659362363215693,1.0,0.00863392,0.7409325,0.011652775,0.1398475369901131,0.8364988558352402,0.14273028,0.095990755,0.20823453,0.16832477,0.22998664,0.16489495,0.17226486,-0.2188191934292197,1.0,0.011536294,0.72244304,0.015968448,0.0300739901169143,0.7416994263046894,0.120939985,0.098193794,0.103631705,0.10428905,0.1949875,0.1285412,0.15461248,1.1639010890100152,0.8888889,0.0059774094,0.32241547,0.018539462,0.0071863622266722,0.0549415357621308,0.034664053,0.022889143,0.06401851,-0.0076307193,0.042760998,0.14377716,0.12478216,-1.89826105,0.88689727,2,2,2,2,-0.1377782432510558,-0.3471170428923495,1.3827202824392348,-8.256488609371555,False,0.0,madewith,CLIPese,False,immature,0.288775,weak,True,low_both,469,0.6592276692390442
1849,onlined,low_maturity_control,1960,joined,0.7692308,-1.065715404447558,1.0,0.010732238,0.6483473,0.016553223,0.8195723684210527,0.8156546015924555,0.071530044,0.059339598,0.056559294,0.12107855,0.09777213,-0.057813004,-0.048983276,-0.6977905215529656,1.0,0.008937185,0.6963782,0.0128338095,0.7535665757531081,0.8421471029547553,0.12168554,0.09162939,0.07590909,0.17683744,0.2594557,-0.0063079796,0.036732636,-0.0620418917441164,1.0,0.010770463,0.6853428,0.01571544,0.6940614384997034,0.8283320903473258,0.13533908,0.10137209,0.038071267,0.119882375,0.2107447,0.012792742,0.018495508,0.1167806888366052,1.0,0.004206824,0.21959563,0.01915714,0.0174102429046718,0.0094759902141995,0.025016261,0.024725541,0.016612727,0.048257824,0.068081446,0.052549977,0.06934258,-2.09444785,0.8376387,2,2,2,2,-0.4271917822270087,-0.6357486298088492,0.1788225805807216,-9.556528526309537,False,0.0,onlined,CLIPese,False,immature,0.3161,weak,True,low_both,470,0.5969841480255127
1969,volved,low_maturity_control,1834,violated,0.71428573,-0.4486434520230216,1.0,0.010155733,0.74898875,0.0135592595,0.2178845927771841,0.92834008097166,0.09999889,0.058161624,0.07528913,0.09212042,0.054867856,-0.0022359425,0.0041469634,-0.7225562054060035,1.0,0.008513283,0.7895032,0.010783088,0.5229478554686311,0.8527263643362715,0.1524314,0.053593032,0.03247461,0.09455928,0.13201445,0.058762398,0.0565937,-0.3265218946784263,1.0,0.010533844,0.73678994,0.014296943,0.168824762714129,0.716608846858007,0.15689878,0.044448167,-0.01208819,0.03817494,0.09847197,0.03439805,-0.01133336,0.4952516614638597,1.0,0.00401576,0.24169081,0.016615277,0.0049152267084249,0.0258088600003735,0.018968359,0.019687982,-0.045641184,0.012126999,0.033265553,0.09756173,0.06625845,-1.85312695,0.87592345,1,1,1,1,-0.2506174726608979,-0.3960343107275772,0.821773556142286,-8.366767238579705,False,0.0,volved,CLIPese,False,immature,0.37422500000000003,weak,True,low_both,471,0.4930843412876129
1808,givin,low_maturity_control,1917,getin,0.6,-1.0738848686008402,1.0,0.009541212,0.60796034,0.015693806,0.7201836112019179,0.7649409616006289,0.09332723,0.05844693,0.19243056,0.22076753,-0.0035584932,0.12263965,0.11770548,-0.1625209053646215,1.0,0.008283953,0.6479825,0.012784224,0.4275563242668506,0.9348120870501588,0.18546546,0.07828063,0.18065797,0.24397449,0.22685903,0.15925564,0.17725599,0.4118119305935941,1.0,0.009537188,0.6035906,0.015800757,0.3524458750818287,0.859426660594543,0.20954429,0.11165388,0.09254367,0.14498273,0.21206415,0.107663356,0.109401494,2.017781424640124,1.0,0.004228467,0.224799,0.018809991,0.0252100630041367,0.0523271951834115,0.051214784,0.02772377,0.104320176,0.106065445,0.16787103,0.18151872,0.14710738,-1.94297935,0.9133456,2,2,2,2,0.2982968953170641,-0.5743328359582156,1.60596949404653,-7.727029915835683,True,2.86,givin,English,False,immature,0.330975,weak,True,low_both,472,0.6201064586639404
1907,fying,low_maturity_control,1018,acycling,0.61538464,-0.3681541332953559,1.0,0.01060834,0.6934069,0.015298867,0.8708143407533072,0.8936827273497755,0.090961054,0.09093041,0.115941726,0.17928645,0.070459336,0.16412446,0.1447196,-0.4277547679727624,1.0,0.0084465705,0.6913122,0.012218171,0.7015775294556004,0.8796300527695384,0.11913019,0.1220304,0.07677424,0.18152246,0.09024173,0.14012313,0.15821561,0.049072348079426,1.0,0.009768734,0.6572111,0.01486392,0.5132905002568952,0.8494641861540919,0.12800327,0.12710735,0.047646582,0.11837123,0.087120645,0.08841808,0.13263285,2.657500164900613,1.0,0.005478471,0.29069364,0.018846203,0.0456386473383662,0.0519232282596965,0.04903094,0.06368392,0.0032541899,0.076425835,0.05909315,0.08027222,0.11442889,-2.253368625,0.8982803,1,1,1,1,0.4776659029279801,-0.4768271160521884,2.608427816821187,-8.541261787846832,True,1.43,fying,English,False,immature,0.348325,weak,True,low_both,473,0.605305552482605
1814,requires,low_maturity_control,1854,required,0.875,-1.7668253450294484,1.0,0.011265491,0.6927435,0.01626214,0.3726827108070844,0.5240070238971497,0.102237485,0.06796226,-0.049107406,0.05604008,0.0011207385,-0.056556463,-0.02907164,-0.6411593549816486,1.0,0.008986867,0.74932766,0.011993241,0.3819938940488476,0.7478453667558043,0.1585698,0.108079635,-0.0012463259,0.11426249,0.024178743,0.0056428676,0.015357751,-0.2240696569140928,1.0,0.011026905,0.7549669,0.014605812,0.3420738038932231,0.4583869899529526,0.15068801,0.106110886,-0.036982745,0.029374711,0.040295135,-0.01940476,-0.016740104,-0.1007038703023937,1.0,0.004963186,0.28887343,0.017181179,0.0602091223725528,0.0041374300010825,0.0304564,0.01885555,-0.002989967,-0.022321552,0.051999222,0.033396356,0.030850295,-2.4255552,0.8394273,1,1,1,1,-0.683189556806896,-0.4170896980675557,0.1233657866116991,-10.496369814587696,True,4.67,requires,English,False,immature,0.32205,weak,True,low_both,474,0.6765857338905334
1898,accompanied,low_maturity_control,314,acrobplane,0.6666667,-0.14185201954601,1.0,0.011861762,0.86066294,0.013782122,0.9382384532760472,0.8866574330563252,0.12971163,0.08329305,0.12228031,0.111495934,0.065807715,0.0027767345,-0.0046906834,-1.2005958728399198,1.0,0.009677035,0.7941531,0.012185352,0.3107315542100311,0.4935958555809813,0.17405133,0.11428738,0.015631296,0.1365716,0.17351216,0.052791364,0.068018615,-0.1580835727296595,1.0,0.011712062,0.76229906,0.01536413,0.1920049173311319,0.5249135858777093,0.16495676,0.09490442,-0.0077058244,0.08446176,0.14128943,0.021890216,0.034371726,-0.239997752948938,1.0,0.005016599,0.25591573,0.019602543,0.0122340492140398,0.0030773879659777,0.017680332,0.02301008,-0.021595,0.017775528,0.03398153,0.04621119,0.050901998,-3.1960772749999995,0.83451325,1,1,1,1,-0.4351323045161318,-1.0425123001102603,-0.0819141802192784,-12.231059918906354,True,4.25,accompanied,English,False,immature,0.347675,weak,True,low_both,475,0.6174586415290833
1829,considers,low_maturity_control,1870,consists,0.7058824,-1.1120868049049597,1.0,0.012204131,0.7774994,0.015696645,0.8890076754385965,0.8699874686716792,0.06729694,0.035252325,-0.020388996,0.0866994,0.022829862,-0.04420448,0.00044002943,-0.9832427978955376,1.0,0.00969574,0.81304896,0.011925162,0.649327602651906,0.8143899910623551,0.10777679,0.06997416,-0.021792071,0.0953432,0.05698853,0.012264701,0.03817696,-0.6948021057213281,1.0,0.011765331,0.7773674,0.015134839,0.2578403125743513,0.5495066147102917,0.101836234,0.053608768,-0.056745693,-0.0031046933,0.016587771,-0.06427797,-0.060745772,-0.0088010609504269,1.0,0.00452489,0.28851244,0.015683517,0.0023916107036642,0.0063518223571755,0.018712169,0.02847827,-0.065941095,0.0025319308,0.009855669,0.0538289,0.019814346,-2.707590725,0.8820922,1,1,1,1,-0.699733192368063,-0.2884406921742095,0.6860010447709012,-10.629267680747434,True,4.03,considers,English,False,immature,0.348475,weak,True,low_both,476,0.6441836357116699
1835,replied,low_maturity_control,1837,realizes,0.6666667,-1.3159142139330169,1.0,0.013192016,0.7163544,0.018415486,0.7047821070236746,0.5585640980627452,0.11438692,0.09540596,0.24460149,0.21975185,0.20553756,0.010087996,0.077087745,-0.3496031518333984,1.0,0.010184117,0.6969822,0.014611731,0.6730748766099868,0.831121417018047,0.14572369,0.13136952,0.18587968,0.23589456,0.3056607,0.06691745,0.102086924,0.3612291910833261,1.0,0.012962066,0.7503059,0.017275708,0.7460433491135244,0.8472188592640513,0.17269714,0.14130706,0.118361935,0.097702295,0.24138203,0.06275842,0.08681974,-0.1097304748549833,1.0,0.0041963854,0.20078741,0.020899644,0.0062087061392499,0.0018653427966457,0.02829163,0.024096677,0.09915174,0.07100206,0.12927055,0.107003495,0.09693001,-1.883587575,0.8841905,1,1,1,1,-0.3535046623845181,-0.7108323429167245,-0.4709596659383094,-8.402099524940692,True,4.28,replied,English,False,immature,0.353225,weak,True,low_both,477,0.6467525362968445
1976,areyou,low_maturity_control,380,aruba,0.54545456,-1.6718793397501015,1.0,0.01204419,0.7154988,0.016833277,0.5420557973882074,0.6970104687556211,0.0633117,0.04471701,0.11846529,0.068580054,0.095541045,0.0123369945,0.03605611,-0.6035294272796631,1.0,0.009874726,0.76464605,0.012914113,0.4976897237111918,0.8617987275882013,0.1271985,0.09322318,0.06803019,0.07909443,0.1369507,0.05576014,0.06386029,0.0600836167224074,1.0,0.011536249,0.75672936,0.015244881,0.7195482605445832,0.8569729839839076,0.1471409,0.108635485,0.054532878,0.047310255,0.12138351,0.032590356,0.017182166,1.415495797399298,1.0,0.0054046125,0.25274983,0.021383248,0.0100957351580119,0.0224092447729449,0.04799443,0.05242861,0.10310872,0.12763116,0.13244537,0.14916876,0.12885085,-1.82560975,0.93692994,2,2,2,2,-0.1999573382270147,-0.6636130440020704,1.3554121806768906,-7.478618378101677,True,1.29,areyou,English,False,immature,0.35045,weak,True,low_both,478,0.663722574710846
1921,appreciated,low_maturity_control,1922,appreciates,0.90909094,-0.9111120265502938,1.0,0.011064241,0.660648,0.016747558,0.3966012102889092,0.691289748952952,0.10307057,0.09910442,0.20252655,0.20456156,0.06264847,0.043715812,0.067056745,-0.2997814975982902,1.0,0.00922741,0.7342826,0.012566565,0.3477914946251609,0.81469131630259,0.15142834,0.1415371,0.18847741,0.23753221,0.14646062,0.055484194,0.056426786,-0.1410579871239196,1.0,0.011521896,0.7389662,0.015591912,0.1423042162989813,0.3587636328174116,0.1500723,0.13637213,0.08544122,0.137741,0.17950505,0.02768271,0.037504278,-0.4223661184448948,1.0,0.005013201,0.26084873,0.019218804,0.0069799417603223,0.0030198603923884,0.02267999,0.009794885,0.04334308,0.07130906,0.062398806,-0.013543828,0.0017752149,-2.848569125,0.8940435,1,1,1,1,-0.4435794074293496,-0.1587235104743706,-0.2813081313209752,-10.638308221103609,True,4.16,appreciated,English,False,immature,0.360575,weak,True,low_both,479,0.6380712985992432
1848,weren,low_maturity_control,1913,week,0.6666667,-2.631596557464494,1.0,0.009947175,0.84691596,0.0117451735,0.9300554016620496,0.497705200501253,0.06986954,0.0074218935,0.119535536,-0.06811215,0.020504251,0.04241137,-0.067425534,-1.2401773512896104,1.0,0.007884865,0.8583669,0.009185891,0.6939292224066659,0.757038861780915,0.116079204,0.045155637,0.10734608,-0.08407458,0.07559165,0.060976904,-0.025177432,-0.4909612082971413,1.0,0.009836984,0.75271976,0.0130685875,0.3208261201431729,0.7055157948346803,0.13866815,0.033247523,0.0761329,-0.03568522,0.083464146,0.046259403,-0.00746141,-0.2114815210200059,1.0,0.003143586,0.15971355,0.01968265,0.0129546395366051,0.0113493932234426,0.023123072,0.005524975,0.08749738,-0.043567985,0.033339128,0.02626771,-0.0024093986,-2.8448412750000003,0.8707099,1,1,1,1,-1.143554159517813,-0.7492161429924691,0.2794796872771354,-11.40351065377524,True,2.21,weren,English,False,immature,0.34245000000000003,weak,True,low_both,480,0.6929585337638855
1897,test,low_maturity_control,1961,siest,0.6666667,-1.015923097306676,1.0,0.010601839,0.6065671,0.017478429,0.6017344497607655,0.8037778483071941,0.084876396,0.05730785,0.21615127,0.17868793,0.1779149,0.19069181,0.17287476,-0.1162823092002821,1.0,0.008694621,0.69441116,0.012520854,0.3154850816395377,0.94747341121864,0.16065328,0.10385571,0.22962952,0.27021313,0.3079873,0.1952685,0.20595293,0.4694156269030906,1.0,0.010674253,0.68979067,0.015474627,0.2118182087043384,0.906637165903989,0.2007007,0.12511332,0.1604004,0.13544504,0.27632508,0.16242026,0.1578027,1.6018308966143109,1.0,0.004223851,0.180898,0.023349352,0.0146973388843407,0.0524208350104003,0.03936432,0.014576238,0.13746187,0.13557419,0.22363374,0.31687507,0.28486624,-2.046067125,0.9181759,1,1,1,1,0.2347602792526108,-0.5856979361033727,1.1324152697112204,-7.953509264262119,True,5.19,test,English,False,immature,0.366875,weak,True,low_both,481,0.6496087312698364
1844,folks,low_maturity_control,438,daffodils,0.5714286,-0.2059872211573946,1.0,0.010917082,0.6901016,0.01581953,0.0403275494743071,0.93060909542904,0.124682374,0.06219475,0.23592632,0.25448385,0.18286555,0.20432611,0.19988936,-0.1477266020623193,1.0,0.009322673,0.71532285,0.013032819,0.262758686033435,0.9011081087283282,0.18350215,0.097648025,0.2168171,0.27326208,0.21944408,0.21885686,0.2164019,0.2429884977701943,1.0,0.011125892,0.7173795,0.015509075,0.3539272406667789,0.8997944174549373,0.19056727,0.09324533,0.09225185,0.15198049,0.19208378,0.17623927,0.1637888,1.040820909327984,1.0,0.0047058584,0.27208698,0.01729542,0.0102444579716578,0.0397473882094902,0.043372832,0.004956682,0.038452126,0.07692415,0.08100181,0.11180866,0.08852523,-2.62385195,0.8614364,1,1,1,1,0.2325238959696161,-0.3907150998325136,0.7978324115577898,-10.066916397795485,True,4.59,folks,English,False,immature,0.36807500000000004,weak,True,low_both,482,0.6476045846939087
1888,doesn,low_maturity_control,1771,boxes,0.6,-0.8392585324172349,1.0,0.01217831,0.7478687,0.01628402,0.7005678902575996,0.754490957122536,0.11222935,0.07242265,0.059597217,0.031102084,0.050599642,0.039980933,0.009038262,-0.5135103321964289,1.0,0.008938904,0.7487722,0.011938082,0.5235037856938785,0.7822379293498318,0.15932855,0.11313534,-0.0005607777,0.00658952,0.15024395,0.08367631,0.042006176,0.4933506005353441,1.0,0.010754009,0.7425709,0.014482131,0.5840235920379461,0.8872615770495716,0.19672647,0.13641706,-0.05023074,-0.05495639,0.09833528,-0.0038311896,-0.036585532,0.0852348418747855,1.0,0.0028427416,0.1217915,0.02334105,0.007589481719238,0.0157861968863931,0.025827823,0.01108734,-0.04008213,-0.06071962,0.15868184,0.11450721,-0.012703264,-3.4449681,0.8499114,1,1,1,1,-0.1935458555508836,-1.006860932731773,-0.4081157586605586,-12.46290632662122,True,3.22,doesn,English,False,immature,0.35855,weak,True,low_both,483,0.682151198387146
1801,alized,low_maturity_control,1972,alizes,0.8333333,-2.2747561395589453,1.0,0.011768931,0.80112433,0.0146905165,0.7819395711500975,0.2844399460188934,0.13205478,0.078685366,0.1486335,0.16488163,0.07530178,0.06016829,0.100191504,-1.3373807227045904,1.0,0.009477391,0.7648234,0.012391607,0.3070450545519798,0.3673092043835078,0.19784562,0.12543228,0.057169985,0.19526166,0.19860996,0.059623875,0.14013156,-0.1204026686536143,1.0,0.011494717,0.7344589,0.01565059,0.2612642383778589,0.3335139383732542,0.17561632,0.1177421,-0.007957092,0.13011643,0.15689832,0.052810304,0.12862635,2.4330167299200824,1.0,0.0048082285,0.27824193,0.017280746,0.0308790762640528,0.0420614841281653,0.07531322,0.050004583,0.004261839,0.0835701,0.15406401,0.07334337,0.1052892,-2.310383775,0.8759063,1,1,1,1,-0.3248807002492668,-1.216978054050976,2.5534193985736966,-9.50826707841856,False,0.0,alized,CLIPese,False,immature,0.3729,weak,True,low_both,484,0.6639233231544495
1993,andthe,low_maturity_control,1903,anote,0.72727275,-0.0702550288657411,1.0,0.011908598,0.6729748,0.017695459,0.8820414673046252,0.9301535087719298,0.1276607,0.0756422,0.1759505,0.16420932,0.07282056,0.05836359,0.07674439,-0.1946870101841192,1.0,0.008848652,0.6568016,0.013472337,0.7545945660431643,0.8926141110351636,0.15969853,0.11628083,0.16007695,0.1268788,0.13995402,0.064351276,0.07579696,-0.0970183838214611,1.0,0.010192169,0.59266466,0.017197194,0.4691317831137775,0.6767075429396138,0.14889795,0.10188839,0.04813246,0.057173908,0.15484643,0.021056311,0.022390116,-0.0869159115457536,1.0,0.0039764354,0.21419257,0.018564768,0.0089647890849578,0.008932660276881,0.017652933,0.02051627,0.04662967,0.048687138,0.12210027,0.04901175,0.03778971,-2.511057275,0.9031532,2,2,2,2,-0.1122190836042687,-0.0976686263626581,0.0101024722757075,-9.491482028441364,True,2.12,andthe,English,False,immature,0.37079999999999996,weak,True,low_both,485,0.6721867322921753
1682,ducklookout,high_maturity,450,clowcutout,0.5714286,-0.6155979598696465,1.0,0.011372859,0.7122023,0.015968578,0.909075199242484,0.9432814992025518,0.092194185,0.039625954,0.15718399,0.14032358,0.05653008,-0.015863342,-0.03507565,0.2158238930991795,1.0,0.008911196,0.7104449,0.01254312,0.9101082144613872,0.9738721804511276,0.20721288,0.102822,0.09761995,0.1193198,0.13845165,-0.058338422,-0.08005187,-0.1512290631460502,1.0,0.011384582,0.7087726,0.01606239,0.1714264764368402,0.4304023386910802,0.18122351,0.0927129,0.013604817,0.023836441,0.08154823,-0.07407029,-0.10863701,1.0796498214896588,1.0,0.0048253145,0.2377255,0.020297842,0.0023419824993292,0.0188387796943062,0.048027642,0.041200943,0.16747124,0.17636406,0.23695669,0.1573596,0.14093165,1.164952225,0.9256285,2,2,2,2,0.1321616728932854,0.3670529562452297,1.230878884635709,-0.2641234478938613,False,0.0,ducklookout,CLIPese,True,mature,0.6799750000000001,strong,True,fallback_fill,486,0.23201383650302887
1293,mosasikturkeys,high_maturity,1882,assures,0.5714286,0.6408762293711661,1.0,0.011124444,0.7235961,0.015373831,0.9539676581585034,0.9605716097472596,0.1727,0.10394463,0.16735679,0.053509854,0.019708835,0.07440943,0.027244803,0.4313598551255817,1.0,0.009178969,0.6966461,0.013175943,0.8947780894241874,0.951935874168179,0.21365257,0.14218986,0.1228399,0.03832008,0.0042638425,0.0733861,0.020842997,0.2923748053499189,1.0,0.010903399,0.633819,0.017202703,0.057056009498615,0.6240253655914758,0.19774948,0.13355872,0.006584272,-0.062308256,-0.020974493,0.01467342,-0.021742446,0.4697913035062,1.0,0.004688711,0.25355226,0.01849209,0.0029972894129873,0.0092725998472739,0.034184877,0.036771957,0.036056213,0.09602581,0.085873164,0.14863485,0.13002747,1.2230789999999998,0.9190498,3,3,3,3,0.4586005483382167,0.1389850497756628,0.1774164981562811,0.0099776010487358,False,0.0,mosasikturkeys,CLIPese,True,mature,0.6855500000000001,strong,True,fallback_fill,487,0.24005329608917236
805,seagusculpture,high_maturity,894,taxidersculptures,0.6451613,0.716134963388253,1.0,0.0119747855,0.6935613,0.017265648,0.948154692908152,0.9570175438596492,0.15508004,0.13141464,0.03691642,0.07005735,0.0074218013,-0.06306353,-0.09371681,0.4020631969251476,1.0,0.009702834,0.6742525,0.014390505,0.9352337028137354,0.951976715983507,0.18988693,0.15989968,0.05267454,0.048437648,0.022868201,-0.0828081,-0.08016365,0.0533406779696468,1.0,0.012654528,0.6936906,0.018242324,0.1061917820124515,0.2657202026560058,0.18787484,0.14774658,-0.058502853,-0.06404178,-0.055010643,-0.1375299,-0.12913772,0.6901085048160496,0.8888889,0.005398836,0.24455026,0.02207659,0.0084402137213402,0.0393741818392362,0.038376786,0.02328783,0.07367244,0.06336168,0.04201583,0.07086299,0.04260862,1.33524105,0.9246872,2,2,2,2,0.4654118357747742,0.3487225189555007,0.6367678268464028,0.355067675769978,False,0.0,seagusculpture,CLIPese,True,mature,0.6970999999999999,strong,True,fallback_fill,488,0.2793605923652649
1049,penduballs,high_maturity,1521,sphersnowball,0.6086956,0.6072371343664258,1.0,0.012951543,0.7654232,0.01692076,0.9200768549814904,0.9745916515426496,0.16711144,0.09950047,0.106755115,0.10387751,0.11794164,0.03708424,0.018311039,0.3824036817255985,1.0,0.009949141,0.7252924,0.013717421,0.9148705096073516,0.9160216718266256,0.21899535,0.14504704,0.09651253,0.13335465,0.18588942,-0.0057903053,0.019032538,0.3743000385900268,1.0,0.011695915,0.67582524,0.017306123,0.2523470628253542,0.778865712218115,0.1940356,0.1314985,-0.008948861,0.007300945,0.11843305,-0.039085574,-0.04481273,0.9081366631371116,1.0,0.0051846914,0.2967594,0.017471027,0.0023704843852332,0.0074985353766178,0.05524559,0.047233205,0.08067811,0.13854745,0.17332536,0.09197631,0.074373156,1.27495715,0.9318802,2,2,2,2,0.5680193794547906,0.0081036431355717,0.5338366245470848,0.3734337117952697,False,0.0,penduballs,CLIPese,True,mature,0.7134,strong,True,fallback_fill,489,0.2972218990325928
1512,lawnleash,high_maturity,1475,lucylawless,0.6,0.2890487838768227,1.0,0.010193909,0.6810422,0.014968101,0.9742002063983488,0.9738708473310936,0.11390308,0.11342639,0.11452603,0.079288095,0.049041696,-0.038818624,-0.04217569,0.4542194880191958,1.0,0.008386978,0.6758564,0.012409408,0.9252156257869556,0.9475415512465376,0.18003885,0.17987305,0.11609257,0.10515295,0.13213038,0.026223145,0.035535485,0.3610786646907796,1.0,0.010348443,0.63578266,0.016276699,0.238365390900744,0.7491494449435812,0.16265102,0.16512556,0.058794003,0.040722072,0.0973389,0.000929283,0.010234335,-0.2629817699789676,1.0,0.0048941486,0.2759632,0.017734788,0.000953614108302,0.0017444823294242,0.031257033,0.014046967,0.059493333,0.05957652,0.11327395,0.09121082,0.0832785,1.1892771,0.92256665,2,2,2,2,0.2103412916519576,0.0931408233284162,-0.6240604346697471,-0.192856595670583,False,0.0,lawnleash,CLIPese,True,mature,0.6901499999999999,strong,True,fallback_fill,490,0.2845517694950104
1491,achaille,high_maturity,1951,callsthe,0.625,0.632501397871886,1.0,0.010734479,0.7875034,0.013631025,0.6661150557630932,0.9739500265816056,0.15203066,0.117355876,0.1845973,0.23835838,0.11254108,0.12009378,0.12661077,0.7524180674385893,1.0,0.009391128,0.78982,0.011890213,0.4408781827673572,0.974342105263158,0.22233355,0.17709735,0.16700684,0.24568419,0.1893045,0.1305252,0.13319923,0.6855290366927572,1.0,0.010669086,0.65883887,0.016193772,0.0115247934831998,0.8452588272150965,0.20973891,0.16559057,0.085523754,0.19039522,0.21970333,0.12157859,0.107676566,1.451879061870572,1.0,0.004246599,0.21050593,0.020173298,0.0011354127753978,0.0391063170671137,0.039091952,0.030904055,0.09025392,0.1333299,0.1401863,0.13724917,0.09516205,1.1919654,0.9553602,3,3,3,3,0.8805818909684511,0.066889030745832,0.7663500251778147,0.6898156383467289,False,0.0,achaille,CLIPese,True,mature,0.6799,strong,True,fallback_fill,491,0.29071471095085144
1409,handleclickoctopus,high_maturity,1639,mandelmicroscopy,0.64705884,0.3841251456909145,1.0,0.010013437,0.5936095,0.016868727,0.9280594779632008,0.9490914786967418,0.13303477,0.11656682,0.07390167,0.014765188,-0.022072032,-0.08347201,-0.11224914,0.652753413373889,1.0,0.008885539,0.6012036,0.014779584,0.930203798971112,0.975328947368421,0.1854035,0.19524008,0.07967534,0.042867307,0.008515224,-0.042831503,-0.10048671,0.6849913712161583,1.0,0.01033224,0.5886437,0.01755262,0.5511546340434095,0.8036129306570908,0.19126964,0.19010907,-0.01751965,-0.06336288,-0.028978439,-0.08524997,-0.11594035,-0.2929007315030599,1.0,0.0034559139,0.1755189,0.019689696,0.0085368950730544,0.0017709975084579,0.026472945,0.016007455,-0.004953012,0.05783996,0.019749776,0.012741191,-0.019123178,1.201991625,0.9315803,4,4,4,4,0.3572422996944755,-0.0322379578422692,-0.9778921027192182,0.0531339057011162,False,0.0,handleclickoctopus,CLIPese,True,mature,0.68865,strong,True,fallback_fill,492,0.3019169867038727
338,chapeldancing,high_maturity,516,acrobdancing,0.64,0.7079638662336392,1.0,0.011712345,0.70906794,0.016517945,0.9511523449817462,0.973719065876612,0.14165689,0.13645622,0.086034186,0.05983364,-0.0282196,-0.2040524,-0.16994768,0.5336158370333051,1.0,0.009128485,0.7015427,0.013012016,0.9015462944612742,0.953989339377151,0.19515686,0.17577691,0.08874463,0.09627334,0.06200399,-0.18925603,-0.15573996,0.5578240562414125,1.0,0.011536474,0.7158201,0.016116444,0.7609862622877941,0.8069782962971818,0.18779714,0.16894773,-0.0001809923,0.0025030514,0.01858243,-0.19736071,-0.15169829,0.2062715288513621,1.0,0.0040957746,0.21577987,0.018981263,0.0009150937895132,0.0013111368690207,0.035999265,0.035924908,0.051588677,0.105171084,0.13850787,0.03283787,0.0938154,1.5696376,0.9348207,2,2,2,2,0.5014188220899297,-0.0242082192081074,-0.3515525273900504,1.0696495307666534,False,0.0,chapeldancing,CLIPese,True,mature,0.71905,strong,True,fallback_fill,493,0.32700979709625244
1331,metrnunavut,high_maturity,1417,horseastronaut,0.56,0.7288345489722836,1.0,0.01083634,0.81823426,0.013243566,0.9086318156126564,0.9344745636435742,0.1752079,0.12286467,0.16227719,0.16164337,0.03127856,-0.025250342,-0.033788424,0.3410434208759824,1.0,0.009333119,0.79179627,0.011787273,0.8355139149958228,0.927664932292709,0.22223769,0.12991805,0.1329332,0.18319932,0.13709037,0.015039386,0.02594996,-0.0237673845710349,1.0,0.010372079,0.65177107,0.015913684,0.1241366655367181,0.5966517889292242,0.17489682,0.100416765,0.07199904,0.14915404,0.18114397,0.07800834,0.06757915,-0.1984691292082307,1.0,0.0041173897,0.21761039,0.018920925,0.0011707899405129,0.0012419551740374,0.026002219,0.022272808,0.104000196,0.12116239,0.156235,0.15560098,0.14554909,1.21573495,0.9521315,2,2,2,2,0.2119103640172501,0.3648108054470173,-0.1747017446371958,0.2533538322752298,False,0.0,metrnunavut,CLIPese,True,mature,0.6880749999999999,strong,True,fallback_fill,494,0.3046513795852661
1468,kokoepilepsy,high_maturity,1422,kaleidoepilepsy,0.7407407,0.6879222294096503,1.0,0.010914927,0.7466106,0.014619305,0.9386290200160476,0.9737611572791628,0.17257129,0.104159854,0.10192807,0.06406908,0.016048372,-0.06116142,-0.06076709,0.4009510343180329,1.0,0.008976263,0.6896545,0.013015593,0.9261333480760726,0.9474353823490022,0.22167166,0.1315459,0.083864376,0.076398596,0.068313256,-0.030705199,-0.043053072,-0.1711310387514635,1.0,0.009416771,0.5444486,0.017295977,0.6556862480652695,0.6546200412820002,0.15729539,0.0822548,0.026179453,0.021593379,0.08857058,-0.051212322,-0.07926878,0.4437994578271622,1.0,0.0046263225,0.26161957,0.017683396,0.0040721588840111,0.0044251219155506,0.05589774,0.027898142,0.1026887,0.1194615,0.08502903,0.08451492,0.047651645,1.194371025,0.9204529,2,2,2,2,0.3403854207008455,0.5720820730694964,0.6149304965786256,-0.1202122373358412,False,0.0,kokoepilepsy,CLIPese,True,mature,0.69425,strong,True,fallback_fill,495,0.3112149238586426
1526,emiratesair,high_maturity,306,aerialair,0.6,1.3224573008695055,1.0,0.011248322,0.76346344,0.014733282,0.9364484162624992,0.9279790585618976,0.21673353,0.15599446,0.13621835,0.0671878,-0.0636746,-0.18680415,-0.18494077,0.5486439631296269,1.0,0.009508204,0.7413881,0.012824867,0.8678152962441855,0.9032181265338082,0.23713031,0.16106224,0.095996454,0.051704988,-0.047630887,-0.17175582,-0.15473236,0.3264683584003776,1.0,0.010728609,0.6497956,0.016510744,0.3648526986100956,0.4840922671623438,0.20176461,0.15535843,0.015021919,-0.03653627,-0.048382618,-0.13231497,-0.11945536,-0.0390370562793048,1.0,0.0048035593,0.29078504,0.016519278,0.0008980523564861,0.0013436372625372,0.03800842,0.02147942,0.074402645,0.09783666,0.11090432,0.04944566,0.027172657,1.187224025,0.9183281,3,3,3,3,0.5396331415300514,0.2221756047292493,-0.3655054146796824,-0.0301969855778422,False,0.0,emiratesair,CLIPese,True,mature,0.7102,strong,True,fallback_fill,496,0.32580846548080444
1058,cssdatascience,high_maturity,1149,catcircle,0.6086956,0.1798894152769718,1.0,0.011742657,0.76008415,0.015449154,0.9311215604319052,0.9737966711650924,0.12146477,0.09316648,0.12927407,0.16471405,0.17324235,0.04297242,0.026492447,-0.0144552890931975,1.0,0.009821874,0.75806284,0.012956544,0.9284105946130532,0.9395217057241644,0.16249786,0.12251534,0.11243331,0.19723606,0.19606175,0.010118972,0.0019430579,0.4015042721685676,1.0,0.011755745,0.7058633,0.016654423,0.7764429937560132,0.7779275700623229,0.1923842,0.13849899,0.037755035,0.07825999,0.1589491,-0.05869837,-0.07806435,-0.3274489252310177,1.0,0.004341885,0.19988197,0.021722244,0.0022729963499024,0.0015972033683183,0.018640751,0.020366574,0.06961013,0.13809247,0.14931294,0.091406606,0.06382677,1.2722798,0.94726825,2,2,2,2,0.059872368280331,-0.4159595612617651,-0.7289531973995853,0.2227950458564796,False,0.0,cssdatascience,CLIPese,True,mature,0.6828,strong,True,fallback_fill,497,0.306959867477417
584,chicagopd,high_maturity,772,chinesecropped,0.6086956,0.0234270250663301,1.0,0.011483063,0.73025525,0.015724724,0.9577067669172932,0.9412593984962404,0.10620711,0.10289381,0.109673135,0.056940526,0.01132462,-0.035667058,-0.0311226,0.1853291623997566,1.0,0.009145543,0.7045188,0.012981262,0.94453044375645,0.9638157894736842,0.15738706,0.14960201,0.11793096,0.120404795,0.091870226,-0.018103538,-0.00982387,0.6961402928640399,1.0,0.010772363,0.6927656,0.015549796,0.8218848752315571,0.8458247892458418,0.19773528,0.1797842,0.051634576,0.060362212,0.08733951,-0.054113146,-0.029935643,1.207390265031381,1.0,0.005701255,0.3068404,0.018580524,0.0291391647710154,0.0301289414154928,0.035419155,0.036993403,0.13117386,0.15038568,0.13186178,0.20146227,0.20918642,1.4174065,0.9513006,2,2,2,2,0.5280716863403769,-0.5108111304642833,0.5112499721673411,0.9373213418254192,False,0.0,chicagopd,CLIPese,True,mature,0.694575,strong,True,fallback_fill,498,0.3168152868747711
363,cartoonsimpbun,high_maturity,1474,cartoonpuzzle,0.6666667,1.0085844749120574,1.0,0.009789791,0.65147454,0.015027127,0.8965587398248042,0.9474785289583793,0.17333208,0.15251371,0.0739314,0.03394983,-0.07067781,-0.10720531,-0.14726758,0.9800092736848792,1.0,0.008799093,0.6699088,0.013134762,0.912580342642787,0.939512670565302,0.23452887,0.21875124,0.009137705,0.014048342,-0.008748162,-0.1458764,-0.19190103,0.8149343267043748,1.0,0.01021138,0.6110785,0.016710423,0.7865401342142785,0.8549566648309863,0.21328369,0.18529378,-0.03272471,-0.016270725,0.023827197,-0.20991334,-0.24187945,-0.1030326208312238,1.0,0.0034963288,0.16190898,0.021594409,0.0016736182850615,0.0047286740683102,0.025058655,0.021706305,0.0041669775,0.030887097,0.0060655745,0.081773415,0.02073865,1.54345655,0.9272554,3,3,3,3,0.6751238636175219,0.1650749469805044,-0.9179669475355986,1.0267006991829315,False,0.0,cartoonsimpbun,CLIPese,True,mature,0.739325,strong,True,fallback_fill,499,0.3534165024757385
1756,skimleakpaper,high_maturity,627,imacelepopart,0.53846157,0.4287037865189219,1.0,0.011805305,0.74228364,0.015904035,0.9737806053595528,0.9527255639097744,0.15655579,0.09760459,0.15861896,0.09845353,0.09810751,0.02954525,0.012704479,0.1774205949814786,1.0,0.0091996025,0.6990896,0.0131594045,0.8947822338119115,0.9270229647151588,0.20035587,0.123900905,0.13214049,0.118840426,0.15337634,0.016508885,0.011127285,0.064248907050954,1.0,0.011066117,0.6424494,0.017224886,0.6986411325372893,0.8210375018254105,0.1588589,0.102453046,0.054569602,0.065548815,0.1650084,0.04421526,0.030354325,8.343471538040607,1.0,0.006378694,0.40182316,0.01587438,0.0980378670628256,0.2138764781364283,0.06255491,0.060270015,0.1429866,0.1727903,0.21927044,0.18875772,0.16086844,1.1530083000000002,0.9236603,3,3,3,3,2.2534612066479904,0.1131716879305246,8.279222630989652,1.1141702030866714,False,0.0,skimleakpaper,CLIPese,True,mature,0.6196750000000001,strong,True,fallback_fill,500,0.26433447003364563
1354,woodenukeinstrument,high_maturity,377,woodenkuma,0.62068963,0.0281766118807129,1.0,0.010001204,0.65176356,0.015344835,0.94907911225432,0.9606303307676306,0.12441467,0.07776918,0.111559026,0.09800199,-0.010199177,-0.07834611,-0.0959782,0.2667723861398742,1.0,0.008701577,0.6688693,0.013009382,0.9228247028862476,0.9526469503197244,0.18794858,0.13904004,0.08770165,0.124527045,0.07088248,-0.07925221,-0.09818935,0.3295199656337799,1.0,0.010714871,0.65784127,0.016287928,0.2979664119329969,0.7629957039987186,0.18675585,0.13259223,0.01430326,0.029138261,0.048510443,-0.14584956,-0.12169576,-0.3493394014272636,1.0,0.0028451546,0.11446849,0.024855351,0.0021277047684407,0.0038436803290616,0.015400368,0.017592171,0.058565095,0.08402543,0.15261994,0.11544383,0.11898319,1.210882775,0.9078768,3,3,3,3,0.0687823905567758,-0.0627475794939056,-0.6788593670610434,-0.4266867487552949,False,0.0,woodenukeinstrument,CLIPese,True,mature,0.64615,strong,True,fallback_fill,501,0.28464484214782715
1395,owlwristband,high_maturity,499,baltistan,0.5714286,0.5880541476157168,1.0,0.011403115,0.6752262,0.016887844,0.9487749546279493,0.9489628209958446,0.13563454,0.13835208,0.047505584,0.0054415767,-0.022176962,-0.15779562,-0.12831423,0.7950759916979713,1.0,0.009027128,0.64297605,0.014039602,0.9343289399092968,0.934425466284369,0.19901597,0.22414123,0.004393595,-0.041077316,-0.09454982,-0.20332395,-0.20205058,0.7331909054117832,1.0,0.010420909,0.5928301,0.017578239,0.4946528736067056,0.8064622400486309,0.17679653,0.21367066,-0.03930982,-0.092579946,-0.10971135,-0.18226466,-0.18620645,-0.8841475691023192,0.8888889,0.004019056,0.17836465,0.022532806,0.0011628234142742,0.0022367474309721,0.01413578,0.025686419,0.025865529,0.07856368,0.07493599,0.13228232,0.1228122,1.20452085,0.94602394,2,2,2,2,0.3080433689057881,0.061885086286188,-1.6173384745141024,0.2125821351285937,False,0.0,owlwristband,CLIPese,True,mature,0.6962250000000001,strong,True,fallback_fill,502,0.32402360439300537
1115,croeagle,high_maturity,221,chromomeasles,0.6666667,0.1014888109153242,1.0,0.011049168,0.7956789,0.013886466,0.9299192225167234,0.9738866396761134,0.111629434,0.093319,0.18461998,0.19622572,0.15365404,0.11694583,0.093065016,0.0878675694469715,1.0,0.008918894,0.73695624,0.012102339,0.9114586781418956,0.954042371271138,0.15574488,0.13938908,0.15968946,0.20707056,0.20287153,0.11982979,0.1159351,-0.4257204876681223,1.0,0.010995155,0.64597714,0.017020967,0.0169470091984507,0.3972257173734438,0.12648492,0.10085335,0.053258512,0.07600736,0.116787694,0.043149356,0.074341,0.0813352315955934,0.8888889,0.006772566,0.41060254,0.016494215,0.0009449102006682,0.0084005520073106,0.03571132,0.04913962,0.101432696,0.12195046,0.19218053,0.18988,0.18373042,1.258409475,0.9258609,2,2,2,2,-0.0387572189275583,0.5135880571150938,0.5070557192637157,-0.153504711646873,False,0.0,croeagle,CLIPese,True,mature,0.67735,strong,True,fallback_fill,503,0.3126068413257599
1482,vistara,high_maturity,978,christmamural,0.6,-0.3201108906854674,1.0,0.009848893,0.7199345,0.013680262,0.834882455837714,0.9081453634085211,0.12035155,0.06218629,0.13668023,0.11206802,0.026678393,0.042956986,0.033806205,0.2122951310317087,1.0,0.0085512055,0.73679614,0.011605931,0.887762102448635,0.9744152046783626,0.21194804,0.097496435,0.11245527,0.16348712,0.12763388,0.031579737,0.04184042,0.0323186062081197,1.0,0.010116533,0.6313811,0.016022865,0.1115518908149192,0.761655400275206,0.19121169,0.071583524,0.034382496,0.09631587,0.08445823,0.0047404543,0.0028153956,2.467443149555911,1.0,0.00425892,0.21685109,0.019639837,0.0027360871314183,0.0374281923874333,0.078158766,0.058035046,0.07905297,0.11883348,0.15335453,0.114353776,0.10953487,1.19259251,0.9530136,3,3,3,3,0.5979864990275681,0.179976524823589,2.4351245433477917,0.4701925801795368,True,1.37,vistara,English,True,mature,0.694625,strong,True,fallback_fill,504,0.32653704285621643
1658,blondog,high_maturity,1973,blog,0.72727275,0.3702044709943827,1.0,0.01189132,0.7558832,0.01573169,0.89138085206763,0.8980942947142413,0.1360637,0.13325866,0.16479035,0.1067801,0.018542584,-0.043102413,-0.04301858,0.6601091324797352,1.0,0.009296123,0.7295246,0.012742713,0.8732603155934529,0.9473824337200828,0.2045192,0.19077785,0.1586415,0.10768269,0.08906288,0.0022355446,0.012240101,0.6641589789492638,1.0,0.011612567,0.7132063,0.016282199,0.4727826716458177,0.7818713173319445,0.19385114,0.18651798,0.03201489,-0.022764241,0.020097546,-0.05766771,-0.04237224,0.3812358406746969,1.0,0.006229553,0.33382368,0.018661207,0.0008877666767445,0.0054559974552518,0.04942291,0.027598845,0.122079715,0.10548857,0.13391957,0.14076675,0.12615809,1.1689289,0.9262512,2,2,2,2,0.5189271057745196,-0.0040498464695285,-0.2829231382745669,0.0145424470413916,False,0.0,blondog,CLIPese,True,mature,0.7445,strong,True,fallback_fill,505,0.36688488721847534
686,crayghetti,high_maturity,662,colorghetti,0.7619048,0.3343954569207095,1.0,0.010602993,0.6751919,0.015703674,0.9145081741049872,0.932926519196542,0.13882442,0.11179942,0.18151923,0.121561274,0.044288263,0.001368539,-0.009028415,0.5317525426143763,1.0,0.008930188,0.66469246,0.013435067,0.8987233127395009,0.933142030608436,0.21539111,0.16555491,0.123018354,0.10287921,0.058151476,0.020968853,-0.0034975857,0.321766770609208,1.0,0.01066063,0.60978574,0.017482582,0.234114190669345,0.7659250521328316,0.19075803,0.12662418,0.051096424,0.008148216,0.057279833,-0.026059687,-0.044133764,0.6227837259560689,1.0,0.0045565735,0.22359918,0.02037831,0.0136676418170578,0.0081114115304986,0.04867363,0.036059156,0.10679741,0.11658213,0.09978147,0.13599023,0.111169495,1.3787053150000002,0.918524,2,2,2,2,0.4526746240250907,0.2099857720051683,0.3010169553468609,0.37054905500545,False,0.0,crayghetti,CLIPese,True,mature,0.6613,strong,True,fallback_fill,506,0.3049854040145874
294,alpaca,high_maturity,140,aglecam,0.61538464,0.0521968865631288,1.0,0.0101101715,0.65533215,0.015427553,0.9087914085732466,0.950674466392682,0.09885901,0.1094924,0.10686861,0.13445985,0.072240606,0.009366229,-0.01564701,0.4154035600507128,1.0,0.008265427,0.69739115,0.0118519245,0.9408127619934792,0.9561578713761768,0.16084261,0.18783551,0.10877903,0.12355857,0.067895345,0.009571793,-0.0066088513,0.6176161012401774,1.0,0.010438956,0.7013559,0.014883965,0.6423336734532913,0.9212960948547808,0.16325636,0.18954004,0.04998158,0.05611174,0.04735833,-0.020066181,-0.04725032,1.0699688999268804,1.0,0.005824465,0.3667089,0.015883075,0.0021332977817066,0.0077674979542697,0.05692221,0.053993307,0.08509017,0.084053464,0.019621717,0.07594017,0.009824503,1.6101899250000002,0.92853945,1,1,1,1,0.5387963619452248,-0.2022125411894646,0.452352798686703,1.1104925934522631,True,2.8,alpaca,English,True,mature,0.7210000000000001,strong,True,fallback_fill,507,0.35305437445640564
1545,tornadgrowler,high_maturity,898,orangurooster,0.61538464,0.8230716621603594,1.0,0.010586715,0.70050585,0.015112958,0.921296989316148,0.935080529191832,0.16529605,0.14340131,0.04832573,0.05839832,-0.015943235,-0.065617815,-0.10220106,0.8829496541062452,1.0,0.008896692,0.6864103,0.0129611865,0.8140970289139626,0.94820116100846,0.22847131,0.20455459,0.053692337,0.10015295,0.043472335,-0.023771651,-0.0528256,0.7928615424243002,1.0,0.011028684,0.67845404,0.01625561,0.130676094403466,0.7961262110738332,0.2188263,0.18358609,0.011285622,0.027080689,0.0218376,-0.03937255,-0.054149978,0.3824830563491475,1.0,0.0049601723,0.27151096,0.018268773,0.0008650195548962,0.0015353415118033,0.047705054,0.036016706,0.018018968,0.09411515,0.003771936,0.039829906,-0.0035901612,1.184310675,0.9355379,2,2,2,2,0.7203414787600131,0.0900881116819449,-0.4103784860751527,0.3072313848310569,False,0.0,tornadgrowler,CLIPese,True,mature,0.67405,strong,True,fallback_fill,508,0.31837108731269836
1563,lapkus,high_maturity,1867,clause,0.6666667,0.1776096108952722,1.0,0.011848825,0.7655401,0.015477732,0.8904875825928458,0.9374156545209178,0.14210227,0.08811595,0.12245546,0.1725445,0.072229445,-0.022604516,-0.029555114,0.4406596744751471,1.0,0.0092261005,0.76555955,0.012051447,0.8475906848972966,0.9609311740890688,0.22374798,0.13012101,0.12905972,0.22369201,0.1512195,0.05458012,0.072599955,0.1378154907396108,1.0,0.010683868,0.65063864,0.016420586,0.0579415294723352,0.7115248654503988,0.19407865,0.09571536,0.07916993,0.16570784,0.18902709,0.092765,0.105108924,0.939633087065138,1.0,0.0059940424,0.34892723,0.017178489,0.0015103510171768,0.0056134216058666,0.07119347,0.040352557,0.037269577,0.095764875,0.06313827,0.02510093,0.011530526,1.181831375,0.93668866,2,2,2,2,0.423929465793792,0.3028441837355363,0.8018175963255272,0.1160574369327303,True,1.19,lapkus,English,True,mature,0.72155,strong,True,fallback_fill,509,0.35627540946006775
1715,pokladybug,high_maturity,1108,approachladybug,0.72,-0.0724993325655856,1.0,0.010629001,0.64330506,0.01652249,0.857915677823398,0.8947197433213773,0.13447042,0.08357297,0.118901014,0.0034109906,-0.0036019844,-0.08929052,-0.13146433,0.4285618405035238,1.0,0.008700475,0.6591209,0.01320012,0.9109100877192982,0.9548872180451128,0.21788482,0.13638751,0.10217742,0.022878854,0.062569655,-0.07860891,-0.10664685,0.0610965338610441,1.0,0.011117254,0.618442,0.017976228,0.1944269983212723,0.4704710025277892,0.19941016,0.10906883,-0.014567774,-0.068502024,0.02600131,-0.11663709,-0.13363163,0.894806598528775,1.0,0.0063040676,0.32116067,0.019629015,0.0018052617586364,0.0068622149441437,0.05479047,0.04802062,0.08186772,0.05819157,0.12306168,0.10093455,0.051618706,1.159123775,0.93974495,2,2,2,2,0.3279914100819393,0.3674653066424797,0.8337100646677309,0.0365881263795484,False,0.0,pokladybug,CLIPese,True,mature,0.656475,strong,True,fallback_fill,510,0.3064938485622406
1788,extrupopcorn,high_maturity,1550,extruorice,0.6363636,0.0717681655554671,1.0,0.010812162,0.7122331,0.015180651,0.9227369704358428,0.9179491201924336,0.106507026,0.11807625,0.10754452,0.09958142,-0.017042363,-0.028859986,-0.042302493,0.4705978759702661,1.0,0.008705708,0.71093374,0.012245457,0.923546190651454,0.9185982708249916,0.17665926,0.19872217,0.06078237,0.13845633,0.03335599,0.008728627,-0.014253503,0.2443866097519156,1.0,0.010338821,0.66386,0.015573798,0.61414807072074,0.4042557786103578,0.17531942,0.17776805,-0.03273817,0.0056285183,0.00656633,-0.058780983,-0.07421519,-0.0405817292660014,1.0,0.0051956107,0.2726085,0.019058874,0.0015876838164479,0.0017209251242069,0.01560544,0.037480928,0.016523214,0.069158964,0.042446844,0.07157334,0.05101808,1.147832025,0.9284296,2,2,2,2,0.1865427305029118,0.2262112662183505,-0.2849683390179169,-0.2320669209605232,False,0.0,extrupopcorn,CLIPese,True,mature,0.711625,strong,True,fallback_fill,511,0.3489249050617218
