word_id,word,selection_group,is_english,language_class,english_zipf,is_mature,maturity_class,readability_score,selected_for_overlay,overlay_stratum,selection_order,pc1,pc2,pc1_explained_variance,pc2_explained_variance
0,colorimagemicroscope,high_maturity,False,CLIPese,0.0,True,mature,0.21830000000000002,False,,-1,-0.19154736,-0.063886605,0.11204954236745834,0.09454017132520676
1,chihuahuhooded,high_maturity,False,CLIPese,0.0,True,mature,0.34255,False,,-1,-0.35342738,-0.030654244,0.11204954236745834,0.09454017132520676
2,chihuahunvidia,high_maturity,False,CLIPese,0.0,True,mature,0.569525,False,,-1,-0.6378572,0.02674155,0.11204954236745834,0.09454017132520676
3,binochihuahu,high_maturity,False,CLIPese,0.0,True,mature,0.65185,False,,-1,0.0006261413,-0.18789168,0.11204954236745834,0.09454017132520676
4,chihuahu,high_maturity,False,CLIPese,0.0,True,mature,0.49107500000000004,False,,-1,0.1861099,0.35230723,0.11204954236745834,0.09454017132520676
5,chihuahuframed,high_maturity,False,CLIPese,0.0,True,mature,0.6575249999999999,False,,-1,0.24176398,0.5569239,0.11204954236745834,0.09454017132520676
6,bharatmicroscopy,high_maturity,False,CLIPese,0.0,True,mature,0.6784,False,,-1,0.19897597,0.12726437,0.11204954236745834,0.09454017132520676
7,alfremicroscopy,high_maturity,False,CLIPese,0.0,True,mature,0.53045,True,orthographic_hard,36,0.07651911,-0.1436074,0.11204954236745834,0.09454017132520676
8,chihuahuas,high_maturity,True,English,2.39,True,mature,0.389225,False,,-1,0.17070763,0.33428633,0.11204954236745834,0.09454017132520676
9,buscchihuahua,high_maturity,False,CLIPese,0.0,True,mature,0.65285,False,,-1,-0.05492073,0.26868448,0.11204954236745834,0.09454017132520676
10,anarchisemicsymbol,high_maturity,False,CLIPese,0.0,True,mature,0.58435,False,,-1,0.2799527,0.120034516,0.11204954236745834,0.09454017132520676
11,chihuahuportrait,high_maturity,False,CLIPese,0.0,True,mature,0.32735000000000003,False,,-1,-0.5986229,0.022717845,0.11204954236745834,0.09454017132520676
12,anarchideadpool,high_maturity,False,CLIPese,0.0,True,mature,0.6019749999999999,False,,-1,-0.47256547,0.015590474,0.11204954236745834,0.09454017132520676
13,autismasolardepicted,high_maturity,False,CLIPese,0.0,True,mature,0.33494999999999997,False,,-1,-0.4096356,0.38071534,0.11204954236745834,0.09454017132520676
14,balochihuahua,high_maturity,False,CLIPese,0.0,True,mature,0.3169,False,,-1,-0.53853965,0.019995656,0.11204954236745834,0.09454017132520676
15,chihuahuyogurt,high_maturity,False,CLIPese,0.0,True,mature,0.671225,False,,-1,-0.5479908,0.28228953,0.11204954236745834,0.09454017132520676
16,cubempy,high_maturity,False,CLIPese,0.0,True,mature,0.598,False,,-1,0.0011817003,-0.18310103,0.11204954236745834,0.09454017132520676
17,amermicroscopy,high_maturity,False,CLIPese,0.0,True,mature,0.697725,True,orthographic_hard,37,-0.33138147,-0.05738232,0.11204954236745834,0.09454017132520676
18,chukchihuahua,high_maturity,False,CLIPese,0.0,True,mature,0.599325,False,,-1,0.1747426,0.1622864,0.11204954236745834,0.09454017132520676
19,anarchidrawing,high_maturity,False,CLIPese,0.0,True,mature,0.7293749999999999,True,orthographic_hard,6,0.13529469,0.21367338,0.11204954236745834,0.09454017132520676
20,cybermicroscopy,high_maturity,False,CLIPese,0.0,True,mature,0.291375,False,,-1,-0.40376925,0.21837613,0.11204954236745834,0.09454017132520676
21,bernadetransimicroscopy,high_maturity,False,CLIPese,0.0,True,mature,0.39724999999999994,False,,-1,0.25602025,0.075291924,0.11204954236745834,0.09454017132520676
22,anarchidrawings,high_maturity,False,CLIPese,0.0,True,mature,0.5539499999999999,True,orthographic_hard,7,-0.28145424,0.4251295,0.11204954236745834,0.09454017132520676
23,cartoonfortniteemojis,high_maturity,False,CLIPese,0.0,True,mature,0.39827499999999993,False,,-1,-0.3298246,-0.084573664,0.11204954236745834,0.09454017132520676
24,chihuahua,high_maturity,True,English,3.21,True,mature,0.369475,False,,-1,-0.01877708,-0.197201,0.11204954236745834,0.09454017132520676
25,abaschihuahua,high_maturity,False,CLIPese,0.0,True,mature,0.627275,False,,-1,-0.044538844,-0.18303515,0.11204954236745834,0.09454017132520676
26,augmentejaws,high_maturity,False,CLIPese,0.0,True,mature,0.3913,False,,-1,0.21659131,0.33018553,0.11204954236745834,0.09454017132520676
27,cubecube,high_maturity,False,CLIPese,0.0,True,mature,0.550625,False,,-1,0.20112176,0.165645,0.11204954236745834,0.09454017132520676
28,accentmicroscopy,high_maturity,False,CLIPese,0.0,True,mature,0.347375,False,,-1,-0.44430366,0.23615672,0.11204954236745834,0.09454017132520676
29,backstreetspaghetti,high_maturity,False,CLIPese,0.0,True,mature,0.5650499999999999,False,,-1,0.30961865,0.15460135,0.11204954236745834,0.09454017132520676
30,clintonhallucinpixelart,high_maturity,False,CLIPese,0.0,True,mature,0.1217,False,,-1,0.59168875,-0.19052832,0.11204954236745834,0.09454017132520676
31,cytoscrambled,high_maturity,False,CLIPese,0.0,True,mature,0.64025,False,,-1,-0.39063343,-0.024919808,0.11204954236745834,0.09454017132520676
32,daimscrambled,high_maturity,False,CLIPese,0.0,True,mature,0.7094250000000001,False,,-1,-0.122366056,0.32636884,0.11204954236745834,0.09454017132520676
33,catpixelart,high_maturity,False,CLIPese,0.0,True,mature,0.11347499999999999,False,,-1,0.28215745,0.07775496,0.11204954236745834,0.09454017132520676
34,chipmunfracking,high_maturity,False,CLIPese,0.0,True,mature,0.183825,False,,-1,0.09652129,-0.17411233,0.11204954236745834,0.09454017132520676
35,augmenteshark,high_maturity,False,CLIPese,0.0,True,mature,0.533525,False,,-1,-0.31682035,-0.025954612,0.11204954236745834,0.09454017132520676
36,chipmunnursing,high_maturity,False,CLIPese,0.0,True,mature,0.16620000000000001,False,,-1,-0.3798983,-0.07022701,0.11204954236745834,0.09454017132520676
37,anarchialvin,high_maturity,False,CLIPese,0.0,True,mature,0.616825,False,,-1,0.05252281,-0.21090673,0.11204954236745834,0.09454017132520676
38,choriliquimicroscopy,high_maturity,False,CLIPese,0.0,True,mature,0.23345000000000002,False,,-1,-0.11432272,-0.0081289755,0.11204954236745834,0.09454017132520676
39,bananbananheadphone,high_maturity,False,CLIPese,0.0,True,mature,0.64635,False,,-1,-0.3454909,-0.043019764,0.11204954236745834,0.09454017132520676
40,calibrhumidivolcano,high_maturity,False,CLIPese,0.0,True,mature,0.34359999999999996,False,,-1,-0.21227585,-0.12991783,0.11204954236745834,0.09454017132520676
41,chihuahucolorized,high_maturity,False,CLIPese,0.0,True,mature,0.348475,False,,-1,-0.008834418,-0.74095386,0.11204954236745834,0.09454017132520676
42,chipmunchipmunstraw,high_maturity,False,CLIPese,0.0,True,mature,0.035824999999999996,True,mature_weak,385,-0.035911832,-0.22473788,0.11204954236745834,0.09454017132520676
43,containemoji,high_maturity,False,CLIPese,0.0,True,mature,0.333,False,,-1,0.09528348,-0.17532262,0.11204954236745834,0.09454017132520676
44,anarchidoodles,high_maturity,False,CLIPese,0.0,True,mature,0.9022000000000001,False,,-1,0.15732442,-0.2858651,0.11204954236745834,0.09454017132520676
45,brainmicroscopy,high_maturity,False,CLIPese,0.0,True,mature,0.30505,False,,-1,-0.3601051,-0.1010303,0.11204954236745834,0.09454017132520676
46,catalypixelart,high_maturity,False,CLIPese,0.0,True,mature,0.1604,False,,-1,-0.24620803,-0.04341544,0.11204954236745834,0.09454017132520676
47,cubeproposing,high_maturity,False,CLIPese,0.0,True,mature,0.8755000000000002,True,mature_readable,95,0.011719348,-0.1743803,0.11204954236745834,0.09454017132520676
48,counterfemicroscopy,high_maturity,False,CLIPese,0.0,True,mature,0.34255,False,,-1,-0.3240799,0.45318347,0.11204954236745834,0.09454017132520676
49,crystfracpixelart,high_maturity,False,CLIPese,0.0,True,mature,0.071325,True,mature_weak,420,0.27221474,-0.27131537,0.11204954236745834,0.09454017132520676
50,copernicpanoramic,high_maturity,False,CLIPese,0.0,True,mature,0.21165,False,,-1,0.10677274,0.52258676,0.11204954236745834,0.09454017132520676
51,autuscrambled,high_maturity,False,CLIPese,0.0,True,mature,0.7933749999999999,False,,-1,0.07561156,0.18387613,0.11204954236745834,0.09454017132520676
52,banandeeplearning,high_maturity,False,CLIPese,0.0,True,mature,0.36867500000000003,False,,-1,0.060505483,-0.23462348,0.11204954236745834,0.09454017132520676
53,adjaccube,high_maturity,False,CLIPese,0.0,True,mature,0.5077750000000001,False,,-1,-0.03432142,-0.18335538,0.11204954236745834,0.09454017132520676
54,autismabear,high_maturity,False,CLIPese,0.0,True,mature,0.6863999999999999,False,,-1,0.1354054,-0.27668095,0.11204954236745834,0.09454017132520676
55,augmentedisneyland,high_maturity,False,CLIPese,0.0,True,mature,0.64475,False,,-1,-0.27759352,0.37900716,0.11204954236745834,0.09454017132520676
56,chipmunreferendum,high_maturity,False,CLIPese,0.0,True,mature,0.629,False,,-1,0.13667943,0.36098748,0.11204954236745834,0.09454017132520676
57,beachbhafc,high_maturity,False,CLIPese,0.0,True,mature,0.7847,False,,-1,0.10695103,-0.25494534,0.11204954236745834,0.09454017132520676
58,backstreetpanorama,high_maturity,False,CLIPese,0.0,True,mature,0.33965,False,,-1,-0.03936981,0.10376723,0.11204954236745834,0.09454017132520676
59,calibrhumidiadapter,high_maturity,False,CLIPese,0.0,True,mature,0.48485,False,,-1,0.06890864,-0.22177027,0.11204954236745834,0.09454017132520676
60,cougarcougar,high_maturity,False,CLIPese,0.0,True,mature,0.41762499999999997,False,,-1,0.08400325,-0.20657572,0.11204954236745834,0.09454017132520676
61,coralmicroscope,high_maturity,False,CLIPese,0.0,True,mature,0.30610000000000004,False,,-1,-0.20228052,-0.098772675,0.11204954236745834,0.09454017132520676
62,castellpixelart,high_maturity,False,CLIPese,0.0,True,mature,0.14547500000000002,False,,-1,-0.23724802,-0.04934354,0.11204954236745834,0.09454017132520676
63,allanpixelart,high_maturity,False,CLIPese,0.0,True,mature,0.09507500000000002,False,,-1,0.7624211,-0.4449085,0.11204954236745834,0.09454017132520676
64,chocoljoachim,high_maturity,False,CLIPese,0.0,True,mature,0.501775,False,,-1,-0.6735205,0.07826029,0.11204954236745834,0.09454017132520676
65,autuglitch,high_maturity,False,CLIPese,0.0,True,mature,0.580375,False,,-1,0.09136172,-0.1933054,0.11204954236745834,0.09454017132520676
66,barbescrambled,high_maturity,False,CLIPese,0.0,True,mature,0.683225,False,,-1,-0.05555045,0.49453205,0.11204954236745834,0.09454017132520676
67,chipmunpbr,high_maturity,False,CLIPese,0.0,True,mature,0.313425,False,,-1,0.017140819,-0.14612715,0.11204954236745834,0.09454017132520676
68,cyberpixelart,high_maturity,False,CLIPese,0.0,True,mature,0.10195000000000001,False,,-1,0.054151673,-0.22792748,0.11204954236745834,0.09454017132520676
69,cybermicroscope,high_maturity,False,CLIPese,0.0,True,mature,0.5769500000000001,False,,-1,-0.15764797,-0.16125001,0.11204954236745834,0.09454017132520676
70,bogtexture,high_maturity,False,CLIPese,0.0,True,mature,0.5715250000000001,False,,-1,-0.16927306,-0.15148963,0.11204954236745834,0.09454017132520676
71,camouflaunvebeds,high_maturity,False,CLIPese,0.0,True,mature,0.45285000000000003,False,,-1,-0.5324641,0.03213597,0.11204954236745834,0.09454017132520676
72,augmentemackerel,high_maturity,False,CLIPese,0.0,True,mature,0.48345,False,,-1,0.30233967,0.5427109,0.11204954236745834,0.09454017132520676
73,bananeggplant,high_maturity,False,CLIPese,0.0,True,mature,0.52855,False,,-1,0.35285404,0.56744224,0.11204954236745834,0.09454017132520676
74,blacchihuahueyedubois,high_maturity,False,CLIPese,0.0,True,mature,0.20675,False,,-1,-0.320014,-0.09435882,0.11204954236745834,0.09454017132520676
75,anarchialtar,high_maturity,False,CLIPese,0.0,True,mature,0.7786250000000001,False,,-1,0.19040816,-0.27671853,0.11204954236745834,0.09454017132520676
76,beachdeforestation,high_maturity,False,CLIPese,0.0,True,mature,0.25049999999999994,False,,-1,0.32258964,0.60762864,0.11204954236745834,0.09454017132520676
77,contentmicroscopy,high_maturity,False,CLIPese,0.0,True,mature,0.3742,False,,-1,-0.15587786,-0.10985664,0.11204954236745834,0.09454017132520676
78,convicemoji,high_maturity,False,CLIPese,0.0,True,mature,0.42015,False,,-1,0.22052652,0.38471612,0.11204954236745834,0.09454017132520676
79,chipmunrabbit,high_maturity,False,CLIPese,0.0,True,mature,0.33482499999999993,False,,-1,-0.3539957,-0.10213509,0.11204954236745834,0.09454017132520676
80,ayanmicroscope,high_maturity,False,CLIPese,0.0,True,mature,0.5851,False,,-1,-0.6007576,0.06884819,0.11204954236745834,0.09454017132520676
81,alphabeapple,high_maturity,False,CLIPese,0.0,True,mature,0.6282249999999999,False,,-1,0.036231827,-0.180641,0.11204954236745834,0.09454017132520676
82,aubergchunks,high_maturity,False,CLIPese,0.0,True,mature,0.42205000000000004,False,,-1,-0.44565445,0.00723382,0.11204954236745834,0.09454017132520676
83,bbcglitch,high_maturity,False,CLIPese,0.0,True,mature,0.60495,False,,-1,0.08157025,-0.19600733,0.11204954236745834,0.09454017132520676
84,autismamasterpieces,high_maturity,False,CLIPese,0.0,True,mature,0.5163499999999999,False,,-1,-0.011356385,0.3528715,0.11204954236745834,0.09454017132520676
85,bullterrier,high_maturity,False,CLIPese,0.0,True,mature,0.35487500000000005,False,,-1,0.1302409,0.117991194,0.11204954236745834,0.09454017132520676
86,coffemugshot,high_maturity,False,CLIPese,0.0,True,mature,0.6890749999999999,False,,-1,-0.470637,0.06151076,0.11204954236745834,0.09454017132520676
87,creamscrambled,high_maturity,False,CLIPese,0.0,True,mature,0.78055,False,,-1,-0.1744735,0.41777334,0.11204954236745834,0.09454017132520676
88,beachsurfers,high_maturity,False,CLIPese,0.0,True,mature,0.6040749999999999,False,,-1,0.24868988,0.25998312,0.11204954236745834,0.09454017132520676
89,coralpixelart,high_maturity,False,CLIPese,0.0,True,mature,0.2081,False,,-1,0.54746616,-0.361071,0.11204954236745834,0.09454017132520676
90,alienpixelart,high_maturity,False,CLIPese,0.0,True,mature,0.18494999999999998,False,,-1,0.7664881,0.3287507,0.11204954236745834,0.09454017132520676
91,cheeselo,high_maturity,False,CLIPese,0.0,True,mature,0.777,False,,-1,-0.07829941,-0.121806785,0.11204954236745834,0.09454017132520676
92,cipemoji,high_maturity,False,CLIPese,0.0,True,mature,0.542475,True,orthographic_hard,8,0.069531,-0.22719593,0.11204954236745834,0.09454017132520676
93,colormicroscope,high_maturity,False,CLIPese,0.0,True,mature,0.40950000000000003,False,,-1,-0.21879256,-0.11898173,0.11204954236745834,0.09454017132520676
94,banknodigitalart,high_maturity,False,CLIPese,0.0,True,mature,0.2257,False,,-1,0.16214144,-0.24544671,0.11204954236745834,0.09454017132520676
95,bundejets,high_maturity,False,CLIPese,0.0,True,mature,0.4329,False,,-1,0.25203717,0.43326822,0.11204954236745834,0.09454017132520676
96,beachpools,high_maturity,False,CLIPese,0.0,True,mature,0.7632749999999999,False,,-1,0.014325185,-0.19129188,0.11204954236745834,0.09454017132520676
97,brutalframskeletons,high_maturity,False,CLIPese,0.0,True,mature,0.498325,False,,-1,0.06716104,0.17284627,0.11204954236745834,0.09454017132520676
98,calibrcalibrgrinder,high_maturity,False,CLIPese,0.0,True,mature,0.297,False,,-1,0.1561097,-0.21291552,0.11204954236745834,0.09454017132520676
99,cbsmachinelearning,high_maturity,False,CLIPese,0.0,True,mature,0.449925,False,,-1,0.17200786,0.45001018,0.11204954236745834,0.09454017132520676
100,chinesepresidents,high_maturity,False,CLIPese,0.0,True,mature,0.5212,False,,-1,-0.23593606,0.3458247,0.11204954236745834,0.09454017132520676
101,aubergchevron,high_maturity,False,CLIPese,0.0,True,mature,0.131275,True,mature_weak,398,-0.4994644,0.03988194,0.11204954236745834,0.09454017132520676
102,autumachinelearning,high_maturity,False,CLIPese,0.0,True,mature,0.44942499999999996,False,,-1,0.20837016,0.20404848,0.11204954236745834,0.09454017132520676
103,clipemoji,high_maturity,False,CLIPese,0.0,True,mature,0.537275,True,orthographic_hard,9,0.05096455,-0.2154804,0.11204954236745834,0.09454017132520676
104,cougarundant,high_maturity,False,CLIPese,0.0,True,mature,0.523575,False,,-1,-0.4768283,0.030687269,0.11204954236745834,0.09454017132520676
105,buremachinelearning,high_maturity,False,CLIPese,0.0,True,mature,0.47002499999999997,False,,-1,0.15551518,-0.29085216,0.11204954236745834,0.09454017132520676
106,buccaneplanes,high_maturity,False,CLIPese,0.0,True,mature,0.43084999999999996,False,,-1,-0.069874726,0.54205483,0.11204954236745834,0.09454017132520676
107,chipmunk,high_maturity,True,English,2.74,True,mature,0.35365,False,,-1,-0.20005211,-0.08538669,0.11204954236745834,0.09454017132520676
108,calibrvolcano,high_maturity,False,CLIPese,0.0,True,mature,0.34857499999999997,False,,-1,0.32498497,0.3656228,0.11204954236745834,0.09454017132520676
109,cycloemojis,high_maturity,False,CLIPese,0.0,True,mature,0.496275,False,,-1,-0.35429865,0.29457426,0.11204954236745834,0.09454017132520676
110,augmentemask,high_maturity,False,CLIPese,0.0,True,mature,0.751775,True,mature_readable,243,0.059473243,-0.21413974,0.11204954236745834,0.09454017132520676
111,banknopassport,high_maturity,False,CLIPese,0.0,True,mature,0.648,False,,-1,0.4134124,0.28969562,0.11204954236745834,0.09454017132520676
112,bestofscrambled,high_maturity,False,CLIPese,0.0,True,mature,0.44015000000000004,False,,-1,0.057674035,-0.22427273,0.11204954236745834,0.09454017132520676
113,bernese,high_maturity,True,English,2.23,True,mature,0.56565,False,,-1,-0.39067397,-0.053465404,0.11204954236745834,0.09454017132520676
114,aubergbronte,high_maturity,False,CLIPese,0.0,True,mature,0.195075,False,,-1,-0.4059929,0.007891296,0.11204954236745834,0.09454017132520676
115,cubemodules,high_maturity,False,CLIPese,0.0,True,mature,0.89235,True,mature_readable,167,0.11085777,0.25549382,0.11204954236745834,0.09454017132520676
116,copernicspaghetti,high_maturity,False,CLIPese,0.0,True,mature,0.5315,False,,-1,0.08639753,-0.23127234,0.11204954236745834,0.09454017132520676
117,aegefighter,high_maturity,False,CLIPese,0.0,True,mature,0.23885,False,,-1,0.22465433,0.5967542,0.11204954236745834,0.09454017132520676
118,boxerpitbull,high_maturity,False,CLIPese,0.0,True,mature,0.419875,False,,-1,0.66065186,-0.41940013,0.11204954236745834,0.09454017132520676
119,configurloaf,high_maturity,False,CLIPese,0.0,True,mature,0.400825,False,,-1,-0.40434068,0.56423116,0.11204954236745834,0.09454017132520676
120,backstreetminecraft,high_maturity,False,CLIPese,0.0,True,mature,0.36519999999999997,False,,-1,0.24409147,-0.021781327,0.11204954236745834,0.09454017132520676
121,autismazebra,high_maturity,False,CLIPese,0.0,True,mature,0.45339999999999997,False,,-1,-0.050851095,-0.78360903,0.11204954236745834,0.09454017132520676
122,calibrimagepixelart,high_maturity,False,CLIPese,0.0,True,mature,0.12369999999999999,False,,-1,0.4571802,-0.37940958,0.11204954236745834,0.09454017132520676
123,artypixelart,high_maturity,False,CLIPese,0.0,True,mature,0.0802,True,mature_weak,372,-0.47265562,0.035922408,0.11204954236745834,0.09454017132520676
124,bbcimagemachinelearning,high_maturity,False,CLIPese,0.0,True,mature,0.44815,False,,-1,-0.03547835,-0.18366987,0.11204954236745834,0.09454017132520676
125,cyberskeletons,high_maturity,False,CLIPese,0.0,True,mature,0.5938249999999999,False,,-1,0.17150086,-0.25129476,0.11204954236745834,0.09454017132520676
126,chipmunbollywood,high_maturity,False,CLIPese,0.0,True,mature,0.47530000000000006,False,,-1,0.07525391,-0.118579865,0.11204954236745834,0.09454017132520676
127,aubergfuzzy,high_maturity,False,CLIPese,0.0,True,mature,0.28605,False,,-1,-0.15530133,-0.63356173,0.11204954236745834,0.09454017132520676
128,carrauntoo,high_maturity,False,CLIPese,0.0,True,mature,0.38125,False,,-1,0.10440666,-0.24862912,0.11204954236745834,0.09454017132520676
129,chickpheasant,high_maturity,False,CLIPese,0.0,True,mature,0.4534,False,,-1,-0.39021486,-0.033595767,0.11204954236745834,0.09454017132520676
130,coralbinary,high_maturity,False,CLIPese,0.0,True,mature,0.824275,True,mature_readable,229,0.09984304,-0.21561791,0.11204954236745834,0.09454017132520676
131,aubergblob,high_maturity,False,CLIPese,0.0,True,mature,0.36105,False,,-1,-0.52830863,0.037692536,0.11204954236745834,0.09454017132520676
132,anarchnoseoutlines,high_maturity,False,CLIPese,0.0,True,mature,0.60885,False,,-1,0.0030941882,-0.16890574,0.11204954236745834,0.09454017132520676
133,cyclingsymmetry,high_maturity,False,CLIPese,0.0,True,mature,0.736475,False,,-1,-0.12728308,0.3974063,0.11204954236745834,0.09454017132520676
134,abstrimagescrambled,high_maturity,False,CLIPese,0.0,True,mature,0.3473,False,,-1,0.2572123,0.4406277,0.11204954236745834,0.09454017132520676
135,boxoctagon,high_maturity,False,CLIPese,0.0,True,mature,0.750375,False,,-1,0.5422402,-0.31315744,0.11204954236745834,0.09454017132520676
136,beachclean,high_maturity,False,CLIPese,0.0,True,mature,0.5321,False,,-1,0.18422288,0.36331937,0.11204954236745834,0.09454017132520676
137,calibrbitimageinterference,high_maturity,False,CLIPese,0.0,True,mature,0.28659999999999997,False,,-1,0.03600367,-0.20241797,0.11204954236745834,0.09454017132520676
138,appalachcamo,high_maturity,False,CLIPese,0.0,True,mature,0.5405249999999999,False,,-1,0.10028418,-0.25502506,0.11204954236745834,0.09454017132520676
139,canadapost,high_maturity,False,CLIPese,0.0,True,mature,0.5156499999999999,False,,-1,0.070335455,-0.20291738,0.11204954236745834,0.09454017132520676
140,aglecam,high_maturity,False,CLIPese,0.0,True,mature,0.53045,False,,-1,-0.16578469,0.43182918,0.11204954236745834,0.09454017132520676
141,appalachminecraft,high_maturity,False,CLIPese,0.0,True,mature,0.47739999999999994,False,,-1,-0.17066056,-0.15110436,0.11204954236745834,0.09454017132520676
142,calibrlentvolcano,high_maturity,False,CLIPese,0.0,True,mature,0.36234999999999995,False,,-1,0.34086943,0.584344,0.11204954236745834,0.09454017132520676
143,bitimagescrambled,high_maturity,False,CLIPese,0.0,True,mature,0.38437499999999997,False,,-1,-0.16866946,0.0874953,0.11204954236745834,0.09454017132520676
144,bicytree,high_maturity,False,CLIPese,0.0,True,mature,0.529825,False,,-1,-0.13139164,-0.1312516,0.11204954236745834,0.09454017132520676
145,chopemoji,high_maturity,False,CLIPese,0.0,True,mature,0.803925,False,,-1,-0.07804022,-0.15540382,0.11204954236745834,0.09454017132520676
146,camouflahairstyles,high_maturity,False,CLIPese,0.0,True,mature,0.28235,False,,-1,0.3187453,0.5221019,0.11204954236745834,0.09454017132520676
147,breastcancercrayon,high_maturity,False,CLIPese,0.0,True,mature,0.7217250000000001,False,,-1,0.29564372,0.2770936,0.11204954236745834,0.09454017132520676
148,appalachpaddling,high_maturity,False,CLIPese,0.0,True,mature,0.418725,False,,-1,-0.28652945,-0.09560233,0.11204954236745834,0.09454017132520676
149,bellahusky,high_maturity,False,CLIPese,0.0,True,mature,0.563475,False,,-1,0.015898684,-0.19994903,0.11204954236745834,0.09454017132520676
150,backstreetshrek,high_maturity,False,CLIPese,0.0,True,mature,0.370075,False,,-1,-0.3482798,-0.027409503,0.11204954236745834,0.09454017132520676
151,christmasjigsaw,high_maturity,False,CLIPese,0.0,True,mature,0.43865,False,,-1,0.12505583,0.11620892,0.11204954236745834,0.09454017132520676
152,boxerdog,high_maturity,False,CLIPese,0.0,True,mature,0.234425,False,,-1,0.73400843,0.16372709,0.11204954236745834,0.09454017132520676
153,boerterrier,high_maturity,False,CLIPese,0.0,True,mature,0.45587500000000003,False,,-1,-0.5442809,-0.01421833,0.11204954236745834,0.09454017132520676
154,colormachinelearning,high_maturity,False,CLIPese,0.0,True,mature,0.31917499999999993,False,,-1,-0.0979811,-0.1450567,0.11204954236745834,0.09454017132520676
155,calibrnanoptoro,high_maturity,False,CLIPese,0.0,True,mature,0.6716,False,,-1,-0.5315046,0.32834056,0.11204954236745834,0.09454017132520676
156,copernicantenna,high_maturity,False,CLIPese,0.0,True,mature,0.45445,False,,-1,-0.43310612,-0.075317256,0.11204954236745834,0.09454017132520676
157,burgerjuggpanorpixelart,high_maturity,False,CLIPese,0.0,True,mature,0.140625,True,mature_weak,415,0.3374102,0.057650317,0.11204954236745834,0.09454017132520676
158,calibrmaize,high_maturity,False,CLIPese,0.0,True,mature,0.665875,True,orthographic_hard,40,0.14534628,-0.3266444,0.11204954236745834,0.09454017132520676
159,banankin,high_maturity,False,CLIPese,0.0,True,mature,0.894825,True,orthographic_hard,32,0.19198985,-0.2513633,0.11204954236745834,0.09454017132520676
160,autismawarenessday,high_maturity,False,CLIPese,0.0,True,mature,0.5604,False,,-1,-0.20800674,0.31290138,0.11204954236745834,0.09454017132520676
161,configurmandelcircle,high_maturity,False,CLIPese,0.0,True,mature,0.25455,False,,-1,-0.6023271,0.040140122,0.11204954236745834,0.09454017132520676
162,bharatwebcamtoy,high_maturity,False,CLIPese,0.0,True,mature,0.057850000000000006,True,mature_weak,386,-0.3197483,0.35604665,0.11204954236745834,0.09454017132520676
163,airballon,high_maturity,False,CLIPese,0.0,True,mature,0.442125,False,,-1,-0.29843,-0.062345784,0.11204954236745834,0.09454017132520676
164,banknopancake,high_maturity,False,CLIPese,0.0,True,mature,0.6693,False,,-1,0.22134934,-0.22347496,0.11204954236745834,0.09454017132520676
165,catglitch,high_maturity,False,CLIPese,0.0,True,mature,0.53905,False,,-1,0.06702178,-0.16471992,0.11204954236745834,0.09454017132520676
166,coralcrystmicroscope,high_maturity,False,CLIPese,0.0,True,mature,0.335775,False,,-1,-0.21117018,0.54757375,0.11204954236745834,0.09454017132520676
167,beardmachinelearning,high_maturity,False,CLIPese,0.0,True,mature,0.463125,False,,-1,-0.35768047,0.071590364,0.11204954236745834,0.09454017132520676
168,cougarspelled,high_maturity,False,CLIPese,0.0,True,mature,0.7398250000000001,False,,-1,0.115251966,-0.26631424,0.11204954236745834,0.09454017132520676
169,carncollie,high_maturity,False,CLIPese,0.0,True,mature,0.09597499999999999,True,mature_weak,380,-0.48274216,-0.039777797,0.11204954236745834,0.09454017132520676
170,clipclips,high_maturity,False,CLIPese,0.0,True,mature,0.461175,False,,-1,0.08585237,-0.25698212,0.11204954236745834,0.09454017132520676
171,cytofractal,high_maturity,False,CLIPese,0.0,True,mature,0.4667,False,,-1,0.11898759,-0.14366642,0.11204954236745834,0.09454017132520676
172,bundehelicopters,high_maturity,False,CLIPese,0.0,True,mature,0.8515249999999999,True,mature_readable,105,-0.47002378,0.31371582,0.11204954236745834,0.09454017132520676
173,augmenteapple,high_maturity,False,CLIPese,0.0,True,mature,0.610025,False,,-1,-0.4132686,0.40965652,0.11204954236745834,0.09454017132520676
174,breadtexture,high_maturity,False,CLIPese,0.0,True,mature,0.67285,False,,-1,0.6586186,-0.114705406,0.11204954236745834,0.09454017132520676
175,christmapuzzles,high_maturity,False,CLIPese,0.0,True,mature,0.5942999999999999,False,,-1,-0.14332035,-0.7816956,0.11204954236745834,0.09454017132520676
176,blackandwhitepropeller,high_maturity,False,CLIPese,0.0,True,mature,0.19837500000000002,False,,-1,-0.15149638,-0.13295636,0.11204954236745834,0.09454017132520676
177,chromodisintegrscrambled,high_maturity,False,CLIPese,0.0,True,mature,0.35359999999999997,False,,-1,-0.076730534,-0.19090852,0.11204954236745834,0.09454017132520676
178,broccoli,high_maturity,True,English,3.5,True,mature,0.5514,False,,-1,-0.29891765,-0.08380545,0.11204954236745834,0.09454017132520676
179,azerbaimetabolaceae,high_maturity,False,CLIPese,0.0,True,mature,0.51825,False,,-1,-0.38207042,-0.2518381,0.11204954236745834,0.09454017132520676
180,anarchitottenham,high_maturity,False,CLIPese,0.0,True,mature,0.5146999999999999,False,,-1,0.08339412,-0.22413419,0.11204954236745834,0.09454017132520676
181,anarchiaubrey,high_maturity,False,CLIPese,0.0,True,mature,0.59895,False,,-1,0.056828324,0.59995824,0.11204954236745834,0.09454017132520676
182,cuttemojis,high_maturity,False,CLIPese,0.0,True,mature,0.7487999999999999,False,,-1,-0.40850064,-0.07088339,0.11204954236745834,0.09454017132520676
183,choccroissant,high_maturity,False,CLIPese,0.0,True,mature,0.5928,False,,-1,0.13196331,-0.23821521,0.11204954236745834,0.09454017132520676
184,chromomosaic,high_maturity,False,CLIPese,0.0,True,mature,0.5669249999999999,False,,-1,-0.18313123,-0.096556865,0.11204954236745834,0.09454017132520676
185,absccrystscrambled,high_maturity,False,CLIPese,0.0,True,mature,0.30837499999999995,False,,-1,0.19911434,-0.04117846,0.11204954236745834,0.09454017132520676
186,buccanebombers,high_maturity,False,CLIPese,0.0,True,mature,0.27754999999999996,False,,-1,0.12123793,-0.23815277,0.11204954236745834,0.09454017132520676
187,chinesemongolia,high_maturity,False,CLIPese,0.0,True,mature,0.5855999999999999,False,,-1,0.002077956,-0.13556449,0.11204954236745834,0.09454017132520676
188,crabsurfers,high_maturity,False,CLIPese,0.0,True,mature,0.63245,False,,-1,0.16756907,-0.0029778904,0.11204954236745834,0.09454017132520676
189,buccanesubmarine,high_maturity,False,CLIPese,0.0,True,mature,0.274175,False,,-1,-0.05001044,0.16677563,0.11204954236745834,0.09454017132520676
190,crystshook,high_maturity,False,CLIPese,0.0,True,mature,0.5805,False,,-1,0.3217572,0.2753405,0.11204954236745834,0.09454017132520676
191,bureblurred,high_maturity,False,CLIPese,0.0,True,mature,0.681675,False,,-1,0.020209521,-0.23190126,0.11204954236745834,0.09454017132520676
192,blurmonet,high_maturity,False,CLIPese,0.0,True,mature,0.5874499999999999,False,,-1,0.07238655,-0.21331698,0.11204954236745834,0.09454017132520676
193,catsphercircle,high_maturity,False,CLIPese,0.0,True,mature,0.16112500000000002,True,mature_weak,399,0.07171231,-0.23371205,0.11204954236745834,0.09454017132520676
194,anarchibicyalchemist,high_maturity,False,CLIPese,0.0,True,mature,0.18525000000000003,False,,-1,-0.3315018,-0.052206576,0.11204954236745834,0.09454017132520676
195,biomeddecal,high_maturity,False,CLIPese,0.0,True,mature,0.616825,False,,-1,0.18184586,0.33432132,0.11204954236745834,0.09454017132520676
196,chromoglitch,high_maturity,False,CLIPese,0.0,True,mature,0.1481,True,mature_weak,396,-0.5551652,0.04492948,0.11204954236745834,0.09454017132520676
197,circumerecbanana,high_maturity,False,CLIPese,0.0,True,mature,0.6273249999999999,False,,-1,-0.5386222,0.007201876,0.11204954236745834,0.09454017132520676
198,coralsnowstorm,high_maturity,False,CLIPese,0.0,True,mature,0.38897499999999996,False,,-1,0.28836563,0.3458115,0.11204954236745834,0.09454017132520676
199,bbcbbcseizure,high_maturity,False,CLIPese,0.0,True,mature,0.37415000000000004,False,,-1,0.01960786,-0.7812549,0.11204954236745834,0.09454017132520676
200,bbcmicroscope,high_maturity,False,CLIPese,0.0,True,mature,0.6156,False,,-1,-0.0011311951,0.077022605,0.11204954236745834,0.09454017132520676
201,copernicmap,high_maturity,False,CLIPese,0.0,True,mature,0.6641,False,,-1,-0.4609398,-0.04876104,0.11204954236745834,0.09454017132520676
202,cubeblob,high_maturity,False,CLIPese,0.0,True,mature,0.6398249999999999,False,,-1,-0.0951164,0.5166037,0.11204954236745834,0.09454017132520676
203,cauliflower,high_maturity,True,English,3.2,True,mature,0.37184999999999996,False,,-1,0.30798125,0.3612564,0.11204954236745834,0.09454017132520676
204,camouflaloaf,high_maturity,False,CLIPese,0.0,True,mature,0.42457500000000004,False,,-1,-0.41582093,-0.013113318,0.11204954236745834,0.09454017132520676
205,bulldogpitt,high_maturity,False,CLIPese,0.0,True,mature,0.4526,False,,-1,0.04395452,-0.20833786,0.11204954236745834,0.09454017132520676
206,blackandwhitenationaldogday,high_maturity,False,CLIPese,0.0,True,mature,0.791575,True,mature_readable,242,0.09741523,0.33266798,0.11204954236745834,0.09454017132520676
207,cyclingmath,high_maturity,False,CLIPese,0.0,True,mature,0.815125,True,orthographic_hard,22,-0.5262493,0.07702862,0.11204954236745834,0.09454017132520676
208,bunprotest,high_maturity,False,CLIPese,0.0,True,mature,0.8777250000000001,True,mature_readable,121,0.32952726,0.35082474,0.11204954236745834,0.09454017132520676
209,artymachinelearning,high_maturity,False,CLIPese,0.0,True,mature,0.23865,False,,-1,-0.41494733,0.3377928,0.11204954236745834,0.09454017132520676
210,bggrumpug,high_maturity,False,CLIPese,0.0,True,mature,0.516925,False,,-1,0.1088529,-0.19833148,0.11204954236745834,0.09454017132520676
211,avoncollie,high_maturity,False,CLIPese,0.0,True,mature,0.3297,False,,-1,0.10657318,-0.22159286,0.11204954236745834,0.09454017132520676
212,cubefuncshadimplemented,high_maturity,False,CLIPese,0.0,True,mature,0.2551,False,,-1,-0.26182303,-0.08185945,0.11204954236745834,0.09454017132520676
213,catmandala,high_maturity,False,CLIPese,0.0,True,mature,0.42362500000000003,False,,-1,0.070348,-0.19871177,0.11204954236745834,0.09454017132520676
214,credentibobcat,high_maturity,False,CLIPese,0.0,True,mature,0.37144999999999995,False,,-1,-0.32228008,0.40392286,0.11204954236745834,0.09454017132520676
215,camouflaloafbread,high_maturity,False,CLIPese,0.0,True,mature,0.203075,False,,-1,-0.24377611,0.29197982,0.11204954236745834,0.09454017132520676
216,anarchioccult,high_maturity,False,CLIPese,0.0,True,mature,0.676025,False,,-1,0.3684047,0.62908345,0.11204954236745834,0.09454017132520676
217,anarchisuperbowl,high_maturity,False,CLIPese,0.0,True,mature,0.8039499999999999,False,,-1,0.3563359,0.50345254,0.11204954236745834,0.09454017132520676
218,britishsheepcumbria,high_maturity,False,CLIPese,0.0,True,mature,0.3965249999999999,False,,-1,-0.13267367,0.27720138,0.11204954236745834,0.09454017132520676
219,bubbslab,high_maturity,False,CLIPese,0.0,True,mature,0.6561,False,,-1,0.18308116,0.057761356,0.11204954236745834,0.09454017132520676
220,bloodsculptures,high_maturity,False,CLIPese,0.0,True,mature,0.640575,False,,-1,0.19210678,-0.30751547,0.11204954236745834,0.09454017132520676
221,chromomeasles,high_maturity,False,CLIPese,0.0,True,mature,0.54585,False,,-1,-0.0035618483,-0.21371074,0.11204954236745834,0.09454017132520676
222,chromoasparagus,high_maturity,False,CLIPese,0.0,True,mature,0.11985,False,,-1,0.16678628,-0.24562064,0.11204954236745834,0.09454017132520676
223,cybercube,high_maturity,False,CLIPese,0.0,True,mature,0.7735000000000001,False,,-1,-0.3173265,-0.07409662,0.11204954236745834,0.09454017132520676
224,aubergbuttthinking,high_maturity,False,CLIPese,0.0,True,mature,0.342075,False,,-1,0.13566534,-0.2398078,0.11204954236745834,0.09454017132520676
225,abudhadoggo,high_maturity,False,CLIPese,0.0,True,mature,0.332375,False,,-1,0.034031406,-0.15896566,0.11204954236745834,0.09454017132520676
226,biketomorrowspaperreturning,high_maturity,False,CLIPese,0.0,True,mature,0.27897500000000003,False,,-1,-0.23187125,-0.15208124,0.11204954236745834,0.09454017132520676
227,coralmosaic,high_maturity,False,CLIPese,0.0,True,mature,0.541425,False,,-1,0.25925174,0.19358552,0.11204954236745834,0.09454017132520676
228,bananfeline,high_maturity,False,CLIPese,0.0,True,mature,0.570975,False,,-1,-0.5849802,0.039285984,0.11204954236745834,0.09454017132520676
229,appalachsoap,high_maturity,False,CLIPese,0.0,True,mature,0.749225,False,,-1,0.12120604,-0.21500057,0.11204954236745834,0.09454017132520676
230,beachtourists,high_maturity,False,CLIPese,0.0,True,mature,0.574425,False,,-1,0.17506452,-0.28111702,0.11204954236745834,0.09454017132520676
231,chromomonet,high_maturity,False,CLIPese,0.0,True,mature,0.366325,False,,-1,0.21630934,0.20554596,0.11204954236745834,0.09454017132520676
232,coyopups,high_maturity,False,CLIPese,0.0,True,mature,0.8172,True,mature_readable,258,0.0830501,-0.16324106,0.11204954236745834,0.09454017132520676
233,authenticmachinelearning,high_maturity,False,CLIPese,0.0,True,mature,0.489425,False,,-1,-0.023042891,-0.08437466,0.11204954236745834,0.09454017132520676
234,compupixelart,high_maturity,False,CLIPese,0.0,True,mature,0.08555,True,mature_weak,435,0.5126425,-0.37196594,0.11204954236745834,0.09454017132520676
235,chineseterracotta,high_maturity,False,CLIPese,0.0,True,mature,0.105175,True,mature_weak,403,-0.3723403,-0.053990256,0.11204954236745834,0.09454017132520676
236,crystfracdigitalart,high_maturity,False,CLIPese,0.0,True,mature,0.117575,False,,-1,-0.13314976,0.2929737,0.11204954236745834,0.09454017132520676
237,copernicsquare,high_maturity,False,CLIPese,0.0,True,mature,0.20835000000000004,False,,-1,0.056686785,-0.27352956,0.11204954236745834,0.09454017132520676
238,crystpaintbruise,high_maturity,False,CLIPese,0.0,True,mature,0.60805,False,,-1,-0.32190493,0.1524023,0.11204954236745834,0.09454017132520676
239,allypally,high_maturity,False,CLIPese,0.0,True,mature,0.21875,False,,-1,0.091763444,-0.16233255,0.11204954236745834,0.09454017132520676
240,coralradiation,high_maturity,False,CLIPese,0.0,True,mature,0.669825,False,,-1,-0.6247904,0.039858416,0.11204954236745834,0.09454017132520676
241,biketransportation,high_maturity,False,CLIPese,0.0,True,mature,0.273275,False,,-1,0.03735561,0.2686712,0.11204954236745834,0.09454017132520676
242,configurcircle,high_maturity,False,CLIPese,0.0,True,mature,0.2791,False,,-1,0.10752828,-0.2359886,0.11204954236745834,0.09454017132520676
243,colorkaleidostatistical,high_maturity,False,CLIPese,0.0,True,mature,0.34275,False,,-1,-0.28323323,0.24747248,0.11204954236745834,0.09454017132520676
244,calibrlotoptimize,high_maturity,False,CLIPese,0.0,True,mature,0.414725,False,,-1,0.01141363,-0.13790616,0.11204954236745834,0.09454017132520676
245,aerialjump,high_maturity,False,CLIPese,0.0,True,mature,0.62495,False,,-1,0.05556516,-0.19471201,0.11204954236745834,0.09454017132520676
246,bananviewer,high_maturity,False,CLIPese,0.0,True,mature,0.714575,False,,-1,0.23619574,0.21615803,0.11204954236745834,0.09454017132520676
247,athiyashetty,high_maturity,False,CLIPese,0.0,True,mature,0.29237500000000005,False,,-1,-0.5680854,0.07443496,0.11204954236745834,0.09454017132520676
248,banknorectangular,high_maturity,False,CLIPese,0.0,True,mature,0.117525,True,mature_weak,424,0.004871323,0.54647875,0.11204954236745834,0.09454017132520676
249,afghcoworking,high_maturity,False,CLIPese,0.0,True,mature,0.7312999999999998,True,mature_readable,245,0.3091579,0.30313104,0.11204954236745834,0.09454017132520676
250,australianjaws,high_maturity,False,CLIPese,0.0,True,mature,0.613075,False,,-1,0.35892043,0.411067,0.11204954236745834,0.09454017132520676
251,autismacrocodile,high_maturity,False,CLIPese,0.0,True,mature,0.36405000000000004,False,,-1,-0.14200115,0.30549386,0.11204954236745834,0.09454017132520676
252,assemblyaapl,high_maturity,False,CLIPese,0.0,True,mature,0.79675,True,mature_readable,202,-0.21979687,0.2965957,0.11204954236745834,0.09454017132520676
253,ajcorgi,high_maturity,False,CLIPese,0.0,True,mature,0.52635,False,,-1,0.2989561,0.4508543,0.11204954236745834,0.09454017132520676
254,appalachsafarilive,high_maturity,False,CLIPese,0.0,True,mature,0.075175,True,mature_weak,419,0.086192,-0.25847575,0.11204954236745834,0.09454017132520676
255,copernicgridgraffiti,high_maturity,False,CLIPese,0.0,True,mature,0.19625,False,,-1,0.11978342,-0.24843265,0.11204954236745834,0.09454017132520676
256,configurduvet,high_maturity,False,CLIPese,0.0,True,mature,0.44894999999999996,False,,-1,-0.25031435,0.45303258,0.11204954236745834,0.09454017132520676
257,crystcorrupt,high_maturity,False,CLIPese,0.0,True,mature,0.246875,False,,-1,0.11939778,-0.17068379,0.11204954236745834,0.09454017132520676
258,chromoscrambled,high_maturity,False,CLIPese,0.0,True,mature,0.33825000000000005,False,,-1,0.2243344,0.07749146,0.11204954236745834,0.09454017132520676
259,bbcprogrambitringing,high_maturity,False,CLIPese,0.0,True,mature,0.63545,False,,-1,-0.04690211,-0.18630499,0.11204954236745834,0.09454017132520676
260,camouflacosy,high_maturity,False,CLIPese,0.0,True,mature,0.2126,False,,-1,0.12437128,-0.21662194,0.11204954236745834,0.09454017132520676
261,ckerfuzzchromobit,high_maturity,False,CLIPese,0.0,True,mature,0.387125,False,,-1,-0.5080403,-0.5872131,0.11204954236745834,0.09454017132520676
262,calibrmeasles,high_maturity,False,CLIPese,0.0,True,mature,0.7097,True,orthographic_hard,41,0.11358017,-0.24971044,0.11204954236745834,0.09454017132520676
263,cuberender,high_maturity,False,CLIPese,0.0,True,mature,0.4925,False,,-1,0.07644493,-0.2575996,0.11204954236745834,0.09454017132520676
264,coughcougar,high_maturity,False,CLIPese,0.0,True,mature,0.8779,True,mature_readable,92,-0.6226615,0.06176751,0.11204954236745834,0.09454017132520676
265,tyrecatsoftwitter,high_maturity,False,CLIPese,0.0,True,mature,0.1688,False,,-1,0.13731793,-0.054194987,0.11204954236745834,0.09454017132520676
266,azerbaichonlargest,high_maturity,False,CLIPese,0.0,True,mature,0.6718,False,,-1,-0.62759143,0.18015446,0.11204954236745834,0.09454017132520676
267,appenhummingpikachu,high_maturity,False,CLIPese,0.0,True,mature,0.587075,False,,-1,0.15781878,-0.25325242,0.11204954236745834,0.09454017132520676
268,arugula,high_maturity,True,English,2.46,True,mature,0.34305,False,,-1,-0.3723413,0.35158676,0.11204954236745834,0.09454017132520676
269,beachspelling,high_maturity,False,CLIPese,0.0,True,mature,0.7914749999999999,True,mature_readable,270,-0.29514456,-0.0635213,0.11204954236745834,0.09454017132520676
270,aardvark,high_maturity,True,English,2.39,True,mature,0.7492000000000001,True,mature_readable,251,-0.4816706,0.03736041,0.11204954236745834,0.09454017132520676
271,bharatdigits,high_maturity,False,CLIPese,0.0,True,mature,0.494275,False,,-1,0.05699243,-0.16179934,0.11204954236745834,0.09454017132520676
272,autismacaffeine,high_maturity,False,CLIPese,0.0,True,mature,0.864475,True,mature_readable,84,-0.3501136,-0.06802351,0.11204954236745834,0.09454017132520676
273,batmancaptainmarvel,high_maturity,False,CLIPese,0.0,True,mature,0.27165,False,,-1,0.03663959,-0.21892712,0.11204954236745834,0.09454017132520676
274,azzscrambled,high_maturity,False,CLIPese,0.0,True,mature,0.8438749999999999,True,orthographic_hard,14,0.0063983556,-0.2947517,0.11204954236745834,0.09454017132520676
275,amyjackson,high_maturity,False,CLIPese,0.0,True,mature,0.19547499999999998,False,,-1,-0.29455745,0.30955732,0.11204954236745834,0.09454017132520676
276,crvenazvezda,high_maturity,False,CLIPese,0.0,True,mature,0.189225,True,mature_weak,440,-0.5486861,0.26644492,0.11204954236745834,0.09454017132520676
277,birchcalligraphy,high_maturity,False,CLIPese,0.0,True,mature,0.23767500000000003,False,,-1,-0.0013633472,-0.15447292,0.11204954236745834,0.09454017132520676
278,calibrbbcbitgradient,high_maturity,False,CLIPese,0.0,True,mature,0.1503,False,,-1,0.16301137,-0.23762617,0.11204954236745834,0.09454017132520676
279,bullrnli,high_maturity,False,CLIPese,0.0,True,mature,0.19647499999999998,False,,-1,0.14445582,-0.24016388,0.11204954236745834,0.09454017132520676
280,candigoldendoggo,high_maturity,False,CLIPese,0.0,True,mature,0.39199999999999996,False,,-1,0.14562693,0.27866998,0.11204954236745834,0.09454017132520676
281,breitjets,high_maturity,False,CLIPese,0.0,True,mature,0.58635,False,,-1,0.10964395,-0.2647286,0.11204954236745834,0.09454017132520676
282,babymachinelearning,high_maturity,False,CLIPese,0.0,True,mature,0.6897500000000001,False,,-1,0.1974967,0.1991161,0.11204954236745834,0.09454017132520676
283,adrenballoon,high_maturity,False,CLIPese,0.0,True,mature,0.749825,True,mature_readable,164,-0.29050502,-0.08386606,0.11204954236745834,0.09454017132520676
284,beachfamilytime,high_maturity,False,CLIPese,0.0,True,mature,0.40647500000000003,False,,-1,0.03932808,-0.22667617,0.11204954236745834,0.09454017132520676
285,mandelpopart,high_maturity,False,CLIPese,0.0,True,mature,0.26975000000000005,False,,-1,-0.12950853,0.48227954,0.11204954236745834,0.09454017132520676
286,biltnatucollie,high_maturity,False,CLIPese,0.0,True,mature,0.13142500000000001,False,,-1,0.19227025,-0.28276995,0.11204954236745834,0.09454017132520676
287,bubblefractal,high_maturity,False,CLIPese,0.0,True,mature,0.32455,False,,-1,0.23556831,0.1924321,0.11204954236745834,0.09454017132520676
288,cogemoji,high_maturity,False,CLIPese,0.0,True,mature,0.8396,False,,-1,-0.49173206,0.014392041,0.11204954236745834,0.09454017132520676
289,bookfairies,high_maturity,False,CLIPese,0.0,True,mature,0.3211,False,,-1,0.28235263,-0.29495424,0.11204954236745834,0.09454017132520676
290,blackandwhitesignature,high_maturity,False,CLIPese,0.0,True,mature,0.113025,True,mature_weak,410,0.32356033,0.28938,0.11204954236745834,0.09454017132520676
291,amhervito,high_maturity,False,CLIPese,0.0,True,mature,0.3255,False,,-1,-0.13161975,0.5198022,0.11204954236745834,0.09454017132520676
292,anarchidangerously,high_maturity,False,CLIPese,0.0,True,mature,0.43737500000000007,False,,-1,-0.41366738,0.2685086,0.11204954236745834,0.09454017132520676
293,choreobleedstripe,high_maturity,False,CLIPese,0.0,True,mature,0.6601,False,,-1,-0.4746575,0.007842845,0.11204954236745834,0.09454017132520676
294,alpaca,high_maturity,True,English,2.8,True,mature,0.7210000000000001,True,fallback_fill,507,-0.46516493,-0.01833331,0.11204954236745834,0.09454017132520676
295,camouflaquadrucaturday,high_maturity,False,CLIPese,0.0,True,mature,0.3771,False,,-1,-0.004389566,0.31533006,0.11204954236745834,0.09454017132520676
296,pawloafkaleidotyres,high_maturity,False,CLIPese,0.0,True,mature,0.102275,True,mature_weak,429,-0.11288738,0.23348603,0.11204954236745834,0.09454017132520676
297,beardbitstpatricksday,high_maturity,False,CLIPese,0.0,True,mature,0.7736250000000001,True,mature_readable,192,0.19631004,-0.101128116,0.11204954236745834,0.09454017132520676
298,pygdog,high_maturity,False,CLIPese,0.0,True,mature,0.15802499999999997,False,,-1,0.13016124,-0.19938079,0.11204954236745834,0.09454017132520676
299,aruban,high_maturity,True,English,1.47,True,mature,0.8221499999999998,True,orthographic_hard,0,-0.5749293,0.0016150535,0.11204954236745834,0.09454017132520676
300,bbcprogramsorted,high_maturity,False,CLIPese,0.0,True,mature,0.6919250000000001,False,,-1,-0.47500667,0.013909162,0.11204954236745834,0.09454017132520676
301,cubegenerating,high_maturity,False,CLIPese,0.0,True,mature,0.5518,False,,-1,0.044254012,-0.2160161,0.11204954236745834,0.09454017132520676
302,cybermosaic,high_maturity,False,CLIPese,0.0,True,mature,0.40245000000000003,False,,-1,-0.21002202,-0.10238551,0.11204954236745834,0.09454017132520676
303,orangupoliticalkaleidofried,high_maturity,False,CLIPese,0.0,True,mature,0.295575,False,,-1,-0.3359825,-0.0786349,0.11204954236745834,0.09454017132520676
304,adrenparachute,high_maturity,False,CLIPese,0.0,True,mature,0.6093500000000001,False,,-1,0.17606679,0.22573577,0.11204954236745834,0.09454017132520676
305,embelliphotomdigitalart,high_maturity,False,CLIPese,0.0,True,mature,0.02735,True,mature_weak,377,0.096360266,-0.25346598,0.11204954236745834,0.09454017132520676
306,aerialair,high_maturity,False,CLIPese,0.0,True,mature,0.6941499999999998,False,,-1,-0.5948126,0.032776646,0.11204954236745834,0.09454017132520676
307,bryanblurred,high_maturity,False,CLIPese,0.0,True,mature,0.45697499999999996,False,,-1,0.15321818,-0.27280504,0.11204954236745834,0.09454017132520676
308,crabs,high_maturity,True,English,3.4,True,mature,0.7509,False,,-1,0.006418488,-0.18132834,0.11204954236745834,0.09454017132520676
309,lewanospreowltotem,high_maturity,False,CLIPese,0.0,True,mature,0.157,True,mature_weak,433,0.090992056,-0.15142334,0.11204954236745834,0.09454017132520676
310,birdsstack,high_maturity,False,CLIPese,0.0,True,mature,0.6880000000000001,False,,-1,0.16329247,-0.285249,0.11204954236745834,0.09454017132520676
311,mandelmandelpixelart,high_maturity,False,CLIPese,0.0,True,mature,0.0693,False,,-1,0.62465286,0.03012101,0.11204954236745834,0.09454017132520676
312,ballachu,high_maturity,False,CLIPese,0.0,True,mature,0.53095,False,,-1,-0.43930092,-0.008001872,0.11204954236745834,0.09454017132520676
313,chinesesimulation,high_maturity,False,CLIPese,0.0,True,mature,0.736375,False,,-1,-0.5507734,-0.013546078,0.11204954236745834,0.09454017132520676
314,acrobplane,high_maturity,False,CLIPese,0.0,True,mature,0.6931499999999999,False,,-1,0.28007698,0.5395923,0.11204954236745834,0.09454017132520676
315,catsuperbowl,high_maturity,False,CLIPese,0.0,True,mature,0.45355,False,,-1,0.12845723,-0.27320635,0.11204954236745834,0.09454017132520676
316,boneterrorists,high_maturity,False,CLIPese,0.0,True,mature,0.497125,False,,-1,-0.4270681,0.3403898,0.11204954236745834,0.09454017132520676
317,brutalorb,high_maturity,False,CLIPese,0.0,True,mature,0.644675,False,,-1,-0.34970763,0.37027922,0.11204954236745834,0.09454017132520676
318,hoymeasles,high_maturity,False,CLIPese,0.0,True,mature,0.596,False,,-1,0.21614611,0.24334462,0.11204954236745834,0.09454017132520676
319,appalachalaya,high_maturity,False,CLIPese,0.0,True,mature,0.527825,False,,-1,0.22764443,0.09763821,0.11204954236745834,0.09454017132520676
320,anarchiartistsontwitter,high_maturity,False,CLIPese,0.0,True,mature,0.099,False,,-1,-0.39709917,0.058557235,0.11204954236745834,0.09454017132520676
321,bittextures,high_maturity,False,CLIPese,0.0,True,mature,0.40385,False,,-1,0.1201636,-0.23946373,0.11204954236745834,0.09454017132520676
322,afrisomaliland,high_maturity,False,CLIPese,0.0,True,mature,0.571575,False,,-1,0.21192412,0.26575866,0.11204954236745834,0.09454017132520676
323,adirondchairs,high_maturity,False,CLIPese,0.0,True,mature,0.06024999999999999,True,mature_weak,376,0.079233505,-0.2379948,0.11204954236745834,0.09454017132520676
324,coralprogram,high_maturity,False,CLIPese,0.0,True,mature,0.668625,False,,-1,-0.40626976,0.0067799594,0.11204954236745834,0.09454017132520676
325,bicycles,high_maturity,True,English,3.4,True,mature,0.44715,False,,-1,0.19849199,-0.2222351,0.11204954236745834,0.09454017132520676
326,champadvocberry,high_maturity,False,CLIPese,0.0,True,mature,0.7054,False,,-1,0.2738667,0.48238045,0.11204954236745834,0.09454017132520676
327,beachbike,high_maturity,False,CLIPese,0.0,True,mature,0.764275,False,,-1,-0.15967545,-0.13361214,0.11204954236745834,0.09454017132520676
328,breitdefendesserts,high_maturity,False,CLIPese,0.0,True,mature,0.56135,False,,-1,-0.5564957,-0.016606316,0.11204954236745834,0.09454017132520676
329,cskeleton,high_maturity,False,CLIPese,0.0,True,mature,0.405275,False,,-1,0.08430379,-0.1910417,0.11204954236745834,0.09454017132520676
330,taxiderpikachu,high_maturity,False,CLIPese,0.0,True,mature,0.6491750000000001,False,,-1,0.38716522,-0.32447165,0.11204954236745834,0.09454017132520676
331,blackandwhitelogo,high_maturity,False,CLIPese,0.0,True,mature,0.18662500000000004,False,,-1,-0.044187725,0.29821187,0.11204954236745834,0.09454017132520676
332,colourglitch,high_maturity,False,CLIPese,0.0,True,mature,0.1318,False,,-1,0.29509583,0.31410345,0.11204954236745834,0.09454017132520676
333,anarchiwriterslife,high_maturity,False,CLIPese,0.0,True,mature,0.45555,False,,-1,-0.70702213,0.058213063,0.11204954236745834,0.09454017132520676
334,corsage,high_maturity,True,English,2.18,True,mature,0.6524000000000001,False,,-1,0.26879027,0.30908042,0.11204954236745834,0.09454017132520676
335,applesauce,high_maturity,True,English,2.63,True,mature,0.828175,True,mature_readable,177,0.09287315,-0.23840693,0.11204954236745834,0.09454017132520676
336,autistormtrooper,high_maturity,False,CLIPese,0.0,True,mature,0.572025,False,,-1,0.28292924,0.12994997,0.11204954236745834,0.09454017132520676
337,mandelvapor,high_maturity,False,CLIPese,0.0,True,mature,0.197025,False,,-1,0.27653503,0.29620343,0.11204954236745834,0.09454017132520676
338,chapeldancing,high_maturity,False,CLIPese,0.0,True,mature,0.71905,True,fallback_fill,493,-0.06817843,0.20165545,0.11204954236745834,0.09454017132520676
339,alfreskeletons,high_maturity,False,CLIPese,0.0,True,mature,0.623975,False,,-1,0.26535612,0.057503145,0.11204954236745834,0.09454017132520676
340,clipchiclip,high_maturity,False,CLIPese,0.0,True,mature,0.4497,False,,-1,0.045659512,-0.22396818,0.11204954236745834,0.09454017132520676
341,vampirehumidixiumin,high_maturity,False,CLIPese,0.0,True,mature,0.5432750000000001,False,,-1,0.5356831,0.48709065,0.11204954236745834,0.09454017132520676
342,bbcinteroperfrequency,high_maturity,False,CLIPese,0.0,True,mature,0.4098,False,,-1,-0.14065959,0.40243596,0.11204954236745834,0.09454017132520676
343,croco,high_maturity,True,English,1.64,True,mature,0.8108000000000001,True,mature_readable,211,0.31678984,0.48954388,0.11204954236745834,0.09454017132520676
344,chromonanobroccoli,high_maturity,False,CLIPese,0.0,True,mature,0.5014249999999999,False,,-1,-0.22099656,-0.111781165,0.11204954236745834,0.09454017132520676
345,banknocybervhs,high_maturity,False,CLIPese,0.0,True,mature,0.28397500000000003,False,,-1,-0.10447634,0.25981277,0.11204954236745834,0.09454017132520676
346,autismavibration,high_maturity,False,CLIPese,0.0,True,mature,0.5478999999999999,False,,-1,-0.49343628,0.21778563,0.11204954236745834,0.09454017132520676
347,babyhungryasian,high_maturity,False,CLIPese,0.0,True,mature,0.7243999999999999,False,,-1,-0.104523525,0.36600402,0.11204954236745834,0.09454017132520676
348,calibrbitchevron,high_maturity,False,CLIPese,0.0,True,mature,0.37994999999999995,False,,-1,0.21294512,-0.3100333,0.11204954236745834,0.09454017132520676
349,dairways,high_maturity,False,CLIPese,0.0,True,mature,0.44672500000000004,False,,-1,0.12216609,-0.18070763,0.11204954236745834,0.09454017132520676
350,crohnscolitis,high_maturity,False,CLIPese,0.0,True,mature,0.76425,True,mature_readable,269,0.2524155,0.1925356,0.11204954236745834,0.09454017132520676
351,bikemanhattan,high_maturity,False,CLIPese,0.0,True,mature,0.63085,False,,-1,-0.17627785,-0.18678267,0.11204954236745834,0.09454017132520676
352,autismadimensional,high_maturity,False,CLIPese,0.0,True,mature,0.344775,False,,-1,-0.17798218,0.5111588,0.11204954236745834,0.09454017132520676
353,confronhuskies,high_maturity,False,CLIPese,0.0,True,mature,0.278175,False,,-1,0.3462638,0.36464503,0.11204954236745834,0.09454017132520676
354,findac,high_maturity,False,CLIPese,0.0,True,mature,0.48957500000000004,False,,-1,-0.4046178,-0.030112445,0.11204954236745834,0.09454017132520676
355,amhernocchi,high_maturity,False,CLIPese,0.0,True,mature,0.21860000000000002,False,,-1,-0.732145,0.12260927,0.11204954236745834,0.09454017132520676
356,asparagus,high_maturity,True,English,3.25,True,mature,0.825675,True,orthographic_hard,44,0.12290825,-0.2533012,0.11204954236745834,0.09454017132520676
357,azerbaiiheartbit,high_maturity,False,CLIPese,0.0,True,mature,0.8382999999999999,True,mature_readable,194,-0.025193306,-0.5368631,0.11204954236745834,0.09454017132520676
358,bexhill,high_maturity,True,English,2.28,True,mature,0.7769250000000001,True,mature_readable,230,0.558341,-0.4332079,0.11204954236745834,0.09454017132520676
359,birdstudie,high_maturity,False,CLIPese,0.0,True,mature,0.60375,False,,-1,-0.17661826,-0.1460294,0.11204954236745834,0.09454017132520676
360,chinchilla,high_maturity,True,English,2.57,True,mature,0.759875,True,mature_readable,237,0.06653708,-0.26124296,0.11204954236745834,0.09454017132520676
361,cubes,high_maturity,True,English,3.43,True,mature,0.45357500000000006,False,,-1,0.08474533,-0.18565978,0.11204954236745834,0.09454017132520676
362,orangukingfisher,high_maturity,False,CLIPese,0.0,True,mature,0.18777499999999997,False,,-1,0.34514236,0.34632754,0.11204954236745834,0.09454017132520676
363,cartoonsimpbun,high_maturity,False,CLIPese,0.0,True,mature,0.739325,True,fallback_fill,499,0.08128164,-0.16947755,0.11204954236745834,0.09454017132520676
364,camouflamocked,high_maturity,False,CLIPese,0.0,True,mature,0.2343,False,,-1,0.19596593,0.16274828,0.11204954236745834,0.09454017132520676
365,coralstacked,high_maturity,False,CLIPese,0.0,True,mature,0.8057,False,,-1,0.20703603,-0.2810459,0.11204954236745834,0.09454017132520676
366,chromoalgorithm,high_maturity,False,CLIPese,0.0,True,mature,0.12350000000000001,False,,-1,-0.36891568,-0.009776745,0.11204954236745834,0.09454017132520676
367,creepwight,high_maturity,False,CLIPese,0.0,True,mature,0.5592250000000001,False,,-1,0.05910467,-0.16440338,0.11204954236745834,0.09454017132520676
368,beachequestrian,high_maturity,False,CLIPese,0.0,True,mature,0.792475,True,mature_readable,143,-0.17204262,0.1497725,0.11204954236745834,0.09454017132520676
369,banknoedison,high_maturity,False,CLIPese,0.0,True,mature,0.5543750000000001,False,,-1,-0.09011182,0.2793864,0.11204954236745834,0.09454017132520676
370,cuthcupcake,high_maturity,False,CLIPese,0.0,True,mature,0.68855,False,,-1,0.10826382,-0.20799416,0.11204954236745834,0.09454017132520676
371,barnabskeletal,high_maturity,False,CLIPese,0.0,True,mature,0.6769000000000001,False,,-1,-0.01125259,-0.2103569,0.11204954236745834,0.09454017132520676
372,bosnia,high_maturity,True,English,3.57,True,mature,0.519225,False,,-1,-0.14647838,0.4082988,0.11204954236745834,0.09454017132520676
373,bundeiaf,high_maturity,False,CLIPese,0.0,True,mature,0.12557500000000002,False,,-1,-0.030459391,-0.16486137,0.11204954236745834,0.09454017132520676
374,bathmat,high_maturity,True,English,1.55,True,mature,0.900375,True,mature_readable,75,0.21878716,0.289501,0.11204954236745834,0.09454017132520676
375,australieskcroissant,high_maturity,False,CLIPese,0.0,True,mature,0.39682500000000004,False,,-1,0.006069845,0.3894638,0.11204954236745834,0.09454017132520676
376,coralrandom,high_maturity,False,CLIPese,0.0,True,mature,0.642425,False,,-1,-0.30561963,0.17402084,0.11204954236745834,0.09454017132520676
377,woodenkuma,high_maturity,False,CLIPese,0.0,True,mature,0.523325,False,,-1,-0.18424009,0.50850326,0.11204954236745834,0.09454017132520676
378,coral,high_maturity,True,English,3.86,True,mature,0.4819,False,,-1,0.33704057,0.38772276,0.11204954236745834,0.09454017132520676
379,calibrspectrorandom,high_maturity,False,CLIPese,0.0,True,mature,0.42164999999999997,False,,-1,-0.24816611,0.14647382,0.11204954236745834,0.09454017132520676
380,aruba,high_maturity,True,English,2.93,True,mature,0.831825,True,orthographic_hard,1,-0.0020072593,-0.16079982,0.11204954236745834,0.09454017132520676
381,mandelsynthesizer,high_maturity,False,CLIPese,0.0,True,mature,0.323825,False,,-1,-0.043313097,-0.3785624,0.11204954236745834,0.09454017132520676
382,bhaibanana,high_maturity,False,CLIPese,0.0,True,mature,0.793325,True,mature_readable,263,-0.46563482,-0.00691559,0.11204954236745834,0.09454017132520676
383,canvasscrambled,high_maturity,False,CLIPese,0.0,True,mature,0.816325,False,,-1,0.3192956,0.5829026,0.11204954236745834,0.09454017132520676
384,rainbowmandala,high_maturity,False,CLIPese,0.0,True,mature,0.15232500000000002,True,mature_weak,442,0.11123063,-0.22329728,0.11204954236745834,0.09454017132520676
385,artycubes,high_maturity,False,CLIPese,0.0,True,mature,0.656175,False,,-1,0.13482769,0.18851355,0.11204954236745834,0.09454017132520676
386,bhubaneswar,high_maturity,True,English,2.52,True,mature,0.5598000000000001,False,,-1,0.03013139,0.38025087,0.11204954236745834,0.09454017132520676
387,calibrtexture,high_maturity,False,CLIPese,0.0,True,mature,0.527875,False,,-1,0.60810745,0.27408656,0.11204954236745834,0.09454017132520676
388,sanjaykaleidocereal,high_maturity,False,CLIPese,0.0,True,mature,0.200325,False,,-1,0.1947131,0.19287086,0.11204954236745834,0.09454017132520676
389,camo,high_maturity,True,English,3.16,True,mature,0.6063500000000001,False,,-1,-0.4259047,-0.020514425,0.11204954236745834,0.09454017132520676
390,africanmap,high_maturity,False,CLIPese,0.0,True,mature,0.8497,True,mature_readable,112,-0.4565682,-0.011898453,0.11204954236745834,0.09454017132520676
391,artemchigvin,high_maturity,False,CLIPese,0.0,True,mature,0.10825,True,mature_weak,394,-0.54267323,-0.05189325,0.11204954236745834,0.09454017132520676
392,artichoke,high_maturity,True,English,2.73,True,mature,0.532575,False,,-1,0.05698881,-0.25669542,0.11204954236745834,0.09454017132520676
393,californifreeway,high_maturity,False,CLIPese,0.0,True,mature,0.44399999999999995,False,,-1,0.27365354,0.30885646,0.11204954236745834,0.09454017132520676
394,ajlee,high_maturity,False,CLIPese,0.0,True,mature,0.38744999999999996,False,,-1,0.07869899,-0.2329263,0.11204954236745834,0.09454017132520676
395,databkaleidosimulation,high_maturity,False,CLIPese,0.0,True,mature,0.30522499999999997,False,,-1,-0.18913071,0.069595404,0.11204954236745834,0.09454017132520676
396,chestercheesesalesman,high_maturity,False,CLIPese,0.0,True,mature,0.75195,False,,-1,-0.40875292,0.015440766,0.11204954236745834,0.09454017132520676
397,bluecsneakers,high_maturity,False,CLIPese,0.0,True,mature,0.66535,False,,-1,-0.51081705,0.0023048955,0.11204954236745834,0.09454017132520676
398,artyscrambled,high_maturity,False,CLIPese,0.0,True,mature,0.38194999999999996,False,,-1,0.074460395,-0.29000917,0.11204954236745834,0.09454017132520676
399,himalayhusky,high_maturity,False,CLIPese,0.0,True,mature,0.60185,False,,-1,0.078690864,-0.22729258,0.11204954236745834,0.09454017132520676
400,cockatoo,high_maturity,True,English,2.52,True,mature,0.289275,False,,-1,-0.24163285,-0.09577525,0.11204954236745834,0.09454017132520676
401,broccrayon,high_maturity,False,CLIPese,0.0,True,mature,0.95375,True,mature_readable,61,0.17605838,-0.25055748,0.11204954236745834,0.09454017132520676
402,cyclichandrasig,high_maturity,False,CLIPese,0.0,True,mature,0.3821,False,,-1,-0.3697126,-0.05405451,0.11204954236745834,0.09454017132520676
403,fursuitsteakorphegoliath,high_maturity,False,CLIPese,0.0,True,mature,0.22485000000000002,False,,-1,-0.19626623,0.11379046,0.11204954236745834,0.09454017132520676
404,crystmonet,high_maturity,False,CLIPese,0.0,True,mature,0.674025,False,,-1,-0.22122303,0.4697801,0.11204954236745834,0.09454017132520676
405,bullhorizon,high_maturity,False,CLIPese,0.0,True,mature,0.70375,False,,-1,0.12510647,-0.15766492,0.11204954236745834,0.09454017132520676
406,bluecutout,high_maturity,False,CLIPese,0.0,True,mature,0.742225,False,,-1,0.31658712,0.5664899,0.11204954236745834,0.09454017132520676
407,authenthumidihumidimagnet,high_maturity,False,CLIPese,0.0,True,mature,0.21639999999999995,False,,-1,-0.23768337,-0.053738642,0.11204954236745834,0.09454017132520676
408,camouflacuddle,high_maturity,False,CLIPese,0.0,True,mature,0.396725,False,,-1,0.14984125,0.20486282,0.11204954236745834,0.09454017132520676
409,cougar,high_maturity,True,English,3.38,True,mature,0.37840000000000007,False,,-1,-0.5271072,0.013691388,0.11204954236745834,0.09454017132520676
410,leafmandala,high_maturity,False,CLIPese,0.0,True,mature,0.37925000000000003,False,,-1,-0.053808272,-0.10720162,0.11204954236745834,0.09454017132520676
411,affirroblox,high_maturity,False,CLIPese,0.0,True,mature,0.73905,False,,-1,0.5772333,0.46310255,0.11204954236745834,0.09454017132520676
412,copernicwhistleblower,high_maturity,False,CLIPese,0.0,True,mature,0.21452500000000002,True,mature_weak,431,0.074263945,-0.10867176,0.11204954236745834,0.09454017132520676
413,lebores,high_maturity,False,CLIPese,0.0,True,mature,0.6663,False,,-1,0.15068358,-0.2871598,0.11204954236745834,0.09454017132520676
414,chromomatrix,high_maturity,False,CLIPese,0.0,True,mature,0.7312000000000001,False,,-1,0.49247333,-0.36434427,0.11204954236745834,0.09454017132520676
415,autismaimage,high_maturity,False,CLIPese,0.0,True,mature,0.48785,False,,-1,-0.43467385,-0.01158504,0.11204954236745834,0.09454017132520676
416,adjecalgorimeme,high_maturity,False,CLIPese,0.0,True,mature,0.0608,True,mature_weak,405,-0.2830691,0.18879482,0.11204954236745834,0.09454017132520676
417,cockroach,high_maturity,True,English,3.16,True,mature,0.7524500000000001,False,,-1,0.35925582,0.23333327,0.11204954236745834,0.09454017132520676
418,chocolate,high_maturity,True,English,4.49,True,mature,0.160525,False,,-1,-0.6259223,0.07486877,0.11204954236745834,0.09454017132520676
419,craychromobit,high_maturity,False,CLIPese,0.0,True,mature,0.39157500000000006,False,,-1,0.24926239,0.11680673,0.11204954236745834,0.09454017132520676
420,chocol,high_maturity,False,CLIPese,0.0,True,mature,0.7122249999999999,False,,-1,0.060753454,-0.16351075,0.11204954236745834,0.09454017132520676
421,daisies,high_maturity,True,English,2.9,True,mature,0.5595000000000001,False,,-1,0.118577026,-0.2403726,0.11204954236745834,0.09454017132520676
422,aerobaircraft,high_maturity,False,CLIPese,0.0,True,mature,0.49187500000000006,False,,-1,-0.38959247,0.47668043,0.11204954236745834,0.09454017132520676
423,bulldogrests,high_maturity,False,CLIPese,0.0,True,mature,0.38377500000000003,False,,-1,0.15416065,-0.25003833,0.11204954236745834,0.09454017132520676
424,categormachinelearning,high_maturity,False,CLIPese,0.0,True,mature,0.513725,False,,-1,-0.052472796,0.17717512,0.11204954236745834,0.09454017132520676
425,azerbaitasmanian,high_maturity,False,CLIPese,0.0,True,mature,0.502525,False,,-1,-0.45339346,-0.44825646,0.11204954236745834,0.09454017132520676
426,coralwebcam,high_maturity,False,CLIPese,0.0,True,mature,0.774975,True,mature_readable,271,-0.44534618,0.22949551,0.11204954236745834,0.09454017132520676
427,bubblephotos,high_maturity,False,CLIPese,0.0,True,mature,0.241875,False,,-1,0.09506126,-0.20078681,0.11204954236745834,0.09454017132520676
428,backstreeteinstein,high_maturity,False,CLIPese,0.0,True,mature,0.5721750000000001,False,,-1,-0.24227016,0.21849,0.11204954236745834,0.09454017132520676
429,crochegiropipe,high_maturity,False,CLIPese,0.0,True,mature,0.5190750000000001,False,,-1,0.31432977,0.59646463,0.11204954236745834,0.09454017132520676
430,cirtexture,high_maturity,False,CLIPese,0.0,True,mature,0.46967499999999995,False,,-1,0.5700235,-0.3304649,0.11204954236745834,0.09454017132520676
431,amritgiraffe,high_maturity,False,CLIPese,0.0,True,mature,0.329275,False,,-1,-0.6044162,0.06625562,0.11204954236745834,0.09454017132520676
432,commungogh,high_maturity,False,CLIPese,0.0,True,mature,0.28045,False,,-1,-0.01526134,-0.09902158,0.11204954236745834,0.09454017132520676
433,catloaf,high_maturity,False,CLIPese,0.0,True,mature,0.3573,False,,-1,0.108230084,-0.18326421,0.11204954236745834,0.09454017132520676
434,vujicic,high_maturity,True,English,1.22,True,mature,0.258225,False,,-1,0.09749742,-0.2011928,0.11204954236745834,0.09454017132520676
435,calibrchevron,high_maturity,False,CLIPese,0.0,True,mature,0.2146,False,,-1,-0.5303332,0.0034887723,0.11204954236745834,0.09454017132520676
436,animtetraemoji,high_maturity,False,CLIPese,0.0,True,mature,0.34355,False,,-1,0.08945616,-0.23239891,0.11204954236745834,0.09454017132520676
437,seapkaleidosimulation,high_maturity,False,CLIPese,0.0,True,mature,0.168575,False,,-1,0.11742277,0.1703536,0.11204954236745834,0.09454017132520676
438,daffodils,high_maturity,True,English,2.73,True,mature,0.41555,False,,-1,-0.0068592387,-0.14599137,0.11204954236745834,0.09454017132520676
439,bloodskateboard,high_maturity,False,CLIPese,0.0,True,mature,0.80015,True,mature_readable,200,0.2966243,0.39129797,0.11204954236745834,0.09454017132520676
440,pygxygeese,high_maturity,False,CLIPese,0.0,True,mature,0.34325,False,,-1,0.06485276,-0.16286664,0.11204954236745834,0.09454017132520676
441,cyberwhitesox,high_maturity,False,CLIPese,0.0,True,mature,0.47705,False,,-1,0.5074906,-0.3309741,0.11204954236745834,0.09454017132520676
442,cloudsoundcloud,high_maturity,False,CLIPese,0.0,True,mature,0.7319249999999999,False,,-1,0.32506678,0.34961948,0.11204954236745834,0.09454017132520676
443,cyberchristmadecorations,high_maturity,False,CLIPese,0.0,True,mature,0.3927,False,,-1,-0.27609146,-0.12170005,0.11204954236745834,0.09454017132520676
444,cupbot,high_maturity,False,CLIPese,0.0,True,mature,0.700775,False,,-1,0.18160704,-0.2652643,0.11204954236745834,0.09454017132520676
445,breadbox,high_maturity,True,English,1.46,True,mature,0.750525,True,mature_readable,272,0.6627162,-0.4509595,0.11204954236745834,0.09454017132520676
446,augmenteimages,high_maturity,False,CLIPese,0.0,True,mature,0.09887500000000002,False,,-1,-0.18581069,0.29279736,0.11204954236745834,0.09454017132520676
447,interoperthunderbirds,high_maturity,False,CLIPese,0.0,True,mature,0.3436,False,,-1,-0.28531024,0.2881729,0.11204954236745834,0.09454017132520676
448,delavinrecipifaucet,high_maturity,False,CLIPese,0.0,True,mature,0.070775,True,mature_weak,383,0.032497443,-0.20688637,0.11204954236745834,0.09454017132520676
449,andtobago,high_maturity,False,CLIPese,0.0,True,mature,0.5961749999999999,False,,-1,0.066665165,-0.16299167,0.11204954236745834,0.09454017132520676
450,clowcutout,high_maturity,False,CLIPese,0.0,True,mature,0.278575,False,,-1,-0.64696485,0.09877377,0.11204954236745834,0.09454017132520676
451,cyberstormtrooper,high_maturity,False,CLIPese,0.0,True,mature,0.411025,False,,-1,-0.1427884,0.39435482,0.11204954236745834,0.09454017132520676
452,rwandcheetah,high_maturity,False,CLIPese,0.0,True,mature,0.6294000000000001,False,,-1,-0.05248983,-0.11941874,0.11204954236745834,0.09454017132520676
453,cyberware,high_maturity,True,English,1.2,True,mature,0.8971499999999999,True,mature_readable,117,0.16942747,-0.22181185,0.11204954236745834,0.09454017132520676
454,bbcscrambled,high_maturity,False,CLIPese,0.0,True,mature,0.848125,True,mature_readable,274,0.1269117,-0.20475063,0.11204954236745834,0.09454017132520676
455,carbokitties,high_maturity,False,CLIPese,0.0,True,mature,0.634375,False,,-1,0.15064551,-0.26816845,0.11204954236745834,0.09454017132520676
456,cubeimplemented,high_maturity,False,CLIPese,0.0,True,mature,0.4524,False,,-1,0.037822705,0.17377949,0.11204954236745834,0.09454017132520676
457,cubescrum,high_maturity,False,CLIPese,0.0,True,mature,0.37597500000000006,False,,-1,0.13093922,0.110699475,0.11204954236745834,0.09454017132520676
458,azerbaipika,high_maturity,False,CLIPese,0.0,True,mature,0.49777499999999997,False,,-1,-0.025625803,-0.520535,0.11204954236745834,0.09454017132520676
459,abstrdemenkaleidoweep,high_maturity,False,CLIPese,0.0,True,mature,0.09609999999999999,False,,-1,0.03179241,-0.00063902204,0.11204954236745834,0.09454017132520676
460,cyberpanoramic,high_maturity,False,CLIPese,0.0,True,mature,0.315975,False,,-1,-0.5329898,0.05177978,0.11204954236745834,0.09454017132520676
461,aeronautrafficsimulator,high_maturity,False,CLIPese,0.0,True,mature,0.38504999999999995,False,,-1,-0.54618555,0.16172256,0.11204954236745834,0.09454017132520676
462,chennaifc,high_maturity,False,CLIPese,0.0,True,mature,0.6867749999999999,True,orthographic_hard,38,0.09788681,0.2844167,0.11204954236745834,0.09454017132520676
463,apples,high_maturity,True,English,3.96,True,mature,0.5575000000000001,False,,-1,0.21048543,0.18727411,0.11204954236745834,0.09454017132520676
464,banknocgi,high_maturity,False,CLIPese,0.0,True,mature,0.26,False,,-1,0.18212916,-0.23774579,0.11204954236745834,0.09454017132520676
465,coralfuzzy,high_maturity,False,CLIPese,0.0,True,mature,0.6191500000000001,False,,-1,-0.41329858,-0.2030558,0.11204954236745834,0.09454017132520676
466,hydraudelavinthenburg,high_maturity,False,CLIPese,0.0,True,mature,0.024475,True,mature_weak,371,-0.121450886,-0.12829167,0.11204954236745834,0.09454017132520676
467,cadbury,high_maturity,True,English,2.91,True,mature,0.8377,True,mature_readable,218,0.0038906212,-0.16807456,0.11204954236745834,0.09454017132520676
468,ophadoglohusky,high_maturity,False,CLIPese,0.0,True,mature,0.1679,False,,-1,0.3154007,0.34589425,0.11204954236745834,0.09454017132520676
469,chromostraws,high_maturity,False,CLIPese,0.0,True,mature,0.4343,False,,-1,0.26730725,0.47587088,0.11204954236745834,0.09454017132520676
470,cubeforming,high_maturity,False,CLIPese,0.0,True,mature,0.639625,False,,-1,-0.22501658,0.4500412,0.11204954236745834,0.09454017132520676
471,beachchicas,high_maturity,False,CLIPese,0.0,True,mature,0.6880000000000001,False,,-1,-0.49623987,0.0061477865,0.11204954236745834,0.09454017132520676
472,facewavewarhol,high_maturity,False,CLIPese,0.0,True,mature,0.4809999999999999,False,,-1,0.15183352,-0.19312438,0.11204954236745834,0.09454017132520676
473,batgirl,high_maturity,True,English,2.68,True,mature,0.76325,True,mature_readable,244,0.16567394,-0.23171704,0.11204954236745834,0.09454017132520676
474,bubbparadigm,high_maturity,False,CLIPese,0.0,True,mature,0.46252499999999996,False,,-1,0.24681035,0.22843073,0.11204954236745834,0.09454017132520676
475,jessicanigri,high_maturity,False,CLIPese,0.0,True,mature,0.28590000000000004,False,,-1,0.057853855,-0.20132864,0.11204954236745834,0.09454017132520676
476,barbados,high_maturity,True,English,3.5,True,mature,0.9609749999999999,True,mature_readable,101,-0.06794387,0.29651603,0.11204954236745834,0.09454017132520676
477,chafgodawgs,high_maturity,False,CLIPese,0.0,True,mature,0.27095,False,,-1,0.06308201,-0.18326876,0.11204954236745834,0.09454017132520676
478,computerminals,high_maturity,False,CLIPese,0.0,True,mature,0.27357499999999996,False,,-1,0.26400182,0.4347597,0.11204954236745834,0.09454017132520676
479,arvindswami,high_maturity,False,CLIPese,0.0,True,mature,0.32565,False,,-1,0.08482252,-0.19632697,0.11204954236745834,0.09454017132520676
480,binoimpressionism,high_maturity,False,CLIPese,0.0,True,mature,0.31967500000000004,False,,-1,-0.17082745,0.1797924,0.11204954236745834,0.09454017132520676
481,camouflazombiypg,high_maturity,False,CLIPese,0.0,True,mature,0.29875,False,,-1,-0.07070422,-0.72205263,0.11204954236745834,0.09454017132520676
482,augmentetranscript,high_maturity,False,CLIPese,0.0,True,mature,0.58755,False,,-1,-0.13784908,0.28874496,0.11204954236745834,0.09454017132520676
483,tapemichiganfineartamerica,high_maturity,False,CLIPese,0.0,True,mature,0.14775,False,,-1,-0.129523,-0.13630159,0.11204954236745834,0.09454017132520676
484,assaudolphins,high_maturity,False,CLIPese,0.0,True,mature,0.523275,False,,-1,-0.26959705,0.3895182,0.11204954236745834,0.09454017132520676
485,gorakh,high_maturity,False,CLIPese,0.0,True,mature,0.82775,True,mature_readable,133,0.18987478,-0.16290845,0.11204954236745834,0.09454017132520676
486,darjepalcamelgiraffe,high_maturity,False,CLIPese,0.0,True,mature,0.31635,False,,-1,-0.053800993,0.44497597,0.11204954236745834,0.09454017132520676
487,breitboeing,high_maturity,False,CLIPese,0.0,True,mature,0.48415,False,,-1,0.083121315,-0.23459002,0.11204954236745834,0.09454017132520676
488,birdshifter,high_maturity,False,CLIPese,0.0,True,mature,0.77315,False,,-1,0.14063588,-0.2657535,0.11204954236745834,0.09454017132520676
489,brompton,high_maturity,True,English,2.55,True,mature,0.403725,False,,-1,-0.29214978,0.31651172,0.11204954236745834,0.09454017132520676
490,chennairain,high_maturity,False,CLIPese,0.0,True,mature,0.37227499999999997,False,,-1,0.28930238,0.52484155,0.11204954236745834,0.09454017132520676
491,yemencheetah,high_maturity,False,CLIPese,0.0,True,mature,0.9078,True,orthographic_hard,28,0.068554804,-0.21290165,0.11204954236745834,0.09454017132520676
492,christmaselves,high_maturity,False,CLIPese,0.0,True,mature,0.2148,True,mature_weak,441,0.21952209,0.15599665,0.11204954236745834,0.09454017132520676
493,bulgaria,high_maturity,True,English,3.9,True,mature,0.700125,True,orthographic_hard,34,0.061605368,-0.19755143,0.11204954236745834,0.09454017132520676
494,acanterrier,high_maturity,False,CLIPese,0.0,True,mature,0.347675,False,,-1,0.3505575,0.635664,0.11204954236745834,0.09454017132520676
495,okbokki,high_maturity,False,CLIPese,0.0,True,mature,0.166225,True,mature_weak,430,0.24223104,-0.21055716,0.11204954236745834,0.09454017132520676
496,coralplot,high_maturity,False,CLIPese,0.0,True,mature,0.946375,True,mature_readable,113,-0.013656761,-0.1634415,0.11204954236745834,0.09454017132520676
497,beggdog,high_maturity,False,CLIPese,0.0,True,mature,0.7139,False,,-1,-0.1503732,0.21611588,0.11204954236745834,0.09454017132520676
498,crabbonkers,high_maturity,False,CLIPese,0.0,True,mature,0.90485,True,mature_readable,124,0.18607049,-0.2451016,0.11204954236745834,0.09454017132520676
499,baltistan,high_maturity,True,English,2.09,True,mature,0.47795,False,,-1,0.0019908,-0.167646,0.11204954236745834,0.09454017132520676
500,crystfractal,high_maturity,False,CLIPese,0.0,True,mature,0.155625,False,,-1,0.34784192,0.408201,0.11204954236745834,0.09454017132520676
501,golfpixelart,high_maturity,False,CLIPese,0.0,True,mature,0.442725,False,,-1,0.27123517,0.27155402,0.11204954236745834,0.09454017132520676
502,cattaxiderphotogenic,high_maturity,False,CLIPese,0.0,True,mature,0.036,True,mature_weak,391,0.39065143,-0.016568363,0.11204954236745834,0.09454017132520676
503,autudiversity,high_maturity,False,CLIPese,0.0,True,mature,0.5982750000000001,False,,-1,-0.5898485,0.024976002,0.11204954236745834,0.09454017132520676
504,adelaideoval,high_maturity,False,CLIPese,0.0,True,mature,0.34775,False,,-1,-0.5708666,0.021575123,0.11204954236745834,0.09454017132520676
505,budweiser,high_maturity,True,English,2.9,True,mature,0.8864000000000001,True,mature_readable,139,0.10796541,-0.2578523,0.11204954236745834,0.09454017132520676
506,segkaleidoscanned,high_maturity,False,CLIPese,0.0,True,mature,0.44089999999999996,False,,-1,0.22284056,-0.069829985,0.11204954236745834,0.09454017132520676
507,coralspectrum,high_maturity,False,CLIPese,0.0,True,mature,0.35624999999999996,False,,-1,0.012783279,0.36070898,0.11204954236745834,0.09454017132520676
508,matsukeerthyofficial,high_maturity,False,CLIPese,0.0,True,mature,0.080675,True,mature_weak,373,0.29536447,-0.20745823,0.11204954236745834,0.09454017132520676
509,counterfesynthesizer,high_maturity,False,CLIPese,0.0,True,mature,0.32280000000000003,False,,-1,-0.084708214,-0.1421151,0.11204954236745834,0.09454017132520676
510,chromochromogerry,high_maturity,False,CLIPese,0.0,True,mature,0.15847499999999998,False,,-1,0.112487614,-0.21279563,0.11204954236745834,0.09454017132520676
511,canadianozzy,high_maturity,False,CLIPese,0.0,True,mature,0.44489999999999996,False,,-1,0.26286778,0.3386278,0.11204954236745834,0.09454017132520676
512,rohingdachshund,high_maturity,False,CLIPese,0.0,True,mature,0.78375,True,mature_readable,184,-0.16128916,-0.123595856,0.11204954236745834,0.09454017132520676
513,birdwatching,high_maturity,True,English,2.37,True,mature,0.26497499999999996,False,,-1,0.08097065,-0.18972945,0.11204954236745834,0.09454017132520676
514,bosniheader,high_maturity,False,CLIPese,0.0,True,mature,0.39399999999999996,False,,-1,-0.35800868,0.32614198,0.11204954236745834,0.09454017132520676
515,backgammon,high_maturity,True,English,2.45,True,mature,0.71975,False,,-1,0.2889644,0.302275,0.11204954236745834,0.09454017132520676
516,acrobdancing,high_maturity,False,CLIPese,0.0,True,mature,0.44547500000000007,False,,-1,0.31178746,0.32566926,0.11204954236745834,0.09454017132520676
517,clareparrot,high_maturity,False,CLIPese,0.0,True,mature,0.7463749999999999,True,mature_readable,181,-0.10011707,0.34583476,0.11204954236745834,0.09454017132520676
518,bikes,high_maturity,True,English,3.89,True,mature,0.712625,False,,-1,0.20774081,-0.22554673,0.11204954236745834,0.09454017132520676
519,iglecairngorsmiling,high_maturity,False,CLIPese,0.0,True,mature,0.3629,False,,-1,-0.12959056,-0.11874927,0.11204954236745834,0.09454017132520676
520,barrierreef,high_maturity,False,CLIPese,0.0,True,mature,0.709675,False,,-1,-0.49007866,-0.036038805,0.11204954236745834,0.09454017132520676
521,cheddar,high_maturity,True,English,3.29,True,mature,0.7356499999999999,False,,-1,-0.45433018,-0.04288181,0.11204954236745834,0.09454017132520676
522,ctukicchasudeep,high_maturity,False,CLIPese,0.0,True,mature,0.21892500000000004,False,,-1,-0.00772834,-0.23715289,0.11204954236745834,0.09454017132520676
523,bestofmachinelearning,high_maturity,False,CLIPese,0.0,True,mature,0.399175,False,,-1,0.061208174,0.45056218,0.11204954236745834,0.09454017132520676
524,birdcage,high_maturity,True,English,2.45,True,mature,0.6570499999999999,False,,-1,0.2803016,0.38958475,0.11204954236745834,0.09454017132520676
525,asters,high_maturity,True,English,1.93,True,mature,0.677575,False,,-1,0.23728399,0.2421954,0.11204954236745834,0.09454017132520676
526,catsidewalk,high_maturity,False,CLIPese,0.0,True,mature,0.6673,False,,-1,0.213656,-0.23087409,0.11204954236745834,0.09454017132520676
527,bassoon,high_maturity,True,English,2.53,True,mature,0.9687,True,mature_readable,51,0.192147,-0.2747706,0.11204954236745834,0.09454017132520676
528,cathocomb,high_maturity,False,CLIPese,0.0,True,mature,0.1683,True,mature_weak,407,-0.028222399,-0.19546032,0.11204954236745834,0.09454017132520676
529,crayfish,high_maturity,True,English,2.85,True,mature,0.454225,False,,-1,-0.63399816,0.077591285,0.11204954236745834,0.09454017132520676
530,clipsnippet,high_maturity,False,CLIPese,0.0,True,mature,0.74685,False,,-1,-0.32894194,-0.08452411,0.11204954236745834,0.09454017132520676
531,colorcensus,high_maturity,False,CLIPese,0.0,True,mature,0.818625,True,mature_readable,147,-0.44111076,-0.012619332,0.11204954236745834,0.09454017132520676
532,compuwarhol,high_maturity,False,CLIPese,0.0,True,mature,0.370025,False,,-1,0.30200863,0.56937665,0.11204954236745834,0.09454017132520676
533,coraltransform,high_maturity,False,CLIPese,0.0,True,mature,0.47492499999999993,False,,-1,-0.28601572,-0.09501045,0.11204954236745834,0.09454017132520676
534,bearantlers,high_maturity,False,CLIPese,0.0,True,mature,0.231325,False,,-1,-0.56116235,0.0135271335,0.11204954236745834,0.09454017132520676
535,bloafkitties,high_maturity,False,CLIPese,0.0,True,mature,0.59575,False,,-1,0.09999492,-0.20785995,0.11204954236745834,0.09454017132520676
536,cybermoss,high_maturity,False,CLIPese,0.0,True,mature,0.9663499999999999,True,mature_readable,50,0.12684004,-0.26328337,0.11204954236745834,0.09454017132520676
537,buffalosab,high_maturity,False,CLIPese,0.0,True,mature,0.7274499999999999,False,,-1,0.28664085,0.21958435,0.11204954236745834,0.09454017132520676
538,calibrsquare,high_maturity,False,CLIPese,0.0,True,mature,0.1901,False,,-1,0.21754904,0.3179577,0.11204954236745834,0.09454017132520676
539,chromorandom,high_maturity,False,CLIPese,0.0,True,mature,0.635,False,,-1,-0.05485954,-0.18636915,0.11204954236745834,0.09454017132520676
540,adaggubati,high_maturity,False,CLIPese,0.0,True,mature,0.510175,False,,-1,0.20072262,0.22093603,0.11204954236745834,0.09454017132520676
541,piranmimic,high_maturity,False,CLIPese,0.0,True,mature,0.214425,False,,-1,0.04309696,-0.20963773,0.11204954236745834,0.09454017132520676
542,colordisintegremoji,high_maturity,False,CLIPese,0.0,True,mature,0.28702500000000003,False,,-1,-0.22358884,-0.15428013,0.11204954236745834,0.09454017132520676
543,colourweaving,high_maturity,False,CLIPese,0.0,True,mature,0.493375,False,,-1,0.27893025,0.2371796,0.11204954236745834,0.09454017132520676
544,halloweenbackstreetfractal,high_maturity,False,CLIPese,0.0,True,mature,0.37267500000000003,False,,-1,-0.09322081,-0.13221017,0.11204954236745834,0.09454017132520676
545,chromoquets,high_maturity,False,CLIPese,0.0,True,mature,0.23920000000000002,False,,-1,0.2770654,0.6229406,0.11204954236745834,0.09454017132520676
546,kritikakar,high_maturity,False,CLIPese,0.0,True,mature,0.30210000000000004,False,,-1,0.25228456,-0.23590186,0.11204954236745834,0.09454017132520676
547,banan,high_maturity,True,English,1.43,True,mature,0.93445,True,orthographic_hard,33,0.27205712,0.08414978,0.11204954236745834,0.09454017132520676
548,babykubernetes,high_maturity,False,CLIPese,0.0,True,mature,0.86925,True,mature_readable,267,-0.32178247,-0.04327558,0.11204954236745834,0.09454017132520676
549,chedserver,high_maturity,False,CLIPese,0.0,True,mature,0.908525,True,mature_readable,76,-0.584264,0.055692792,0.11204954236745834,0.09454017132520676
550,calibrdigits,high_maturity,False,CLIPese,0.0,True,mature,0.22385,False,,-1,0.06613007,-0.23379649,0.11204954236745834,0.09454017132520676
551,backstreettextures,high_maturity,False,CLIPese,0.0,True,mature,0.36624999999999996,False,,-1,0.6763303,0.3259828,0.11204954236745834,0.09454017132520676
552,fluorsquirrel,high_maturity,False,CLIPese,0.0,True,mature,0.7462,True,mature_readable,223,-0.38334113,-0.06577888,0.11204954236745834,0.09454017132520676
553,anteater,high_maturity,True,English,2.28,True,mature,0.38285,False,,-1,-0.13771522,0.47559595,0.11204954236745834,0.09454017132520676
554,dalmatispaniel,high_maturity,False,CLIPese,0.0,True,mature,0.12845,True,mature_weak,413,-0.26878425,-0.10491273,0.11204954236745834,0.09454017132520676
555,birdphotography,high_maturity,False,CLIPese,0.0,True,mature,0.046125,True,mature_weak,387,-0.0109654665,-0.11460548,0.11204954236745834,0.09454017132520676
556,bicdogdog,high_maturity,False,CLIPese,0.0,True,mature,0.521325,False,,-1,0.015176776,-0.13292794,0.11204954236745834,0.09454017132520676
557,aishwaryarai,high_maturity,False,CLIPese,0.0,True,mature,0.0877,True,mature_weak,416,0.09936692,-0.18300007,0.11204954236745834,0.09454017132520676
558,coralalgorithm,high_maturity,False,CLIPese,0.0,True,mature,0.58865,False,,-1,-0.23319168,-0.05556089,0.11204954236745834,0.09454017132520676
559,bubblemite,high_maturity,False,CLIPese,0.0,True,mature,0.6504,False,,-1,0.050389543,-0.21266454,0.11204954236745834,0.09454017132520676
560,tibetmastiff,high_maturity,False,CLIPese,0.0,True,mature,0.265425,False,,-1,-0.09423197,0.28107658,0.11204954236745834,0.09454017132520676
561,louboutmanta,high_maturity,False,CLIPese,0.0,True,mature,0.14495000000000002,False,,-1,0.31022197,0.4261376,0.11204954236745834,0.09454017132520676
562,halleimpressionism,high_maturity,False,CLIPese,0.0,True,mature,0.398275,False,,-1,0.17401548,-0.29887757,0.11204954236745834,0.09454017132520676
563,crabsharkweek,high_maturity,False,CLIPese,0.0,True,mature,0.833875,True,orthographic_hard,20,0.07058457,0.52430505,0.11204954236745834,0.09454017132520676
564,californiawild,high_maturity,False,CLIPese,0.0,True,mature,0.632475,False,,-1,0.3453475,0.41015738,0.11204954236745834,0.09454017132520676
565,kaleidocolorized,high_maturity,False,CLIPese,0.0,True,mature,0.132825,False,,-1,0.08135724,-0.6189713,0.11204954236745834,0.09454017132520676
566,chandigarh,high_maturity,True,English,2.96,True,mature,0.7549250000000001,False,,-1,-0.022767019,-0.16245034,0.11204954236745834,0.09454017132520676
567,catroblogenerator,high_maturity,False,CLIPese,0.0,True,mature,0.407675,False,,-1,-0.3369281,-0.06261974,0.11204954236745834,0.09454017132520676
568,basketbal,high_maturity,True,English,1.2,True,mature,0.611775,False,,-1,0.23082848,-0.29929894,0.11204954236745834,0.09454017132520676
569,mandelmosaic,high_maturity,False,CLIPese,0.0,True,mature,0.20125,False,,-1,-0.42963338,0.25581634,0.11204954236745834,0.09454017132520676
570,camelzebra,high_maturity,False,CLIPese,0.0,True,mature,0.6201749999999999,False,,-1,-0.095419355,-0.4342197,0.11204954236745834,0.09454017132520676
571,banknoecu,high_maturity,False,CLIPese,0.0,True,mature,0.2031,False,,-1,-0.20787834,-0.08840371,0.11204954236745834,0.09454017132520676
572,chickens,high_maturity,True,English,3.82,True,mature,0.7692,False,,-1,0.22095378,-0.22515556,0.11204954236745834,0.09454017132520676
573,aeroinfrared,high_maturity,False,CLIPese,0.0,True,mature,0.589475,False,,-1,0.19733286,0.25691342,0.11204954236745834,0.09454017132520676
574,chromoorice,high_maturity,False,CLIPese,0.0,True,mature,0.3982,False,,-1,-0.48548758,0.010912139,0.11204954236745834,0.09454017132520676
575,mandeloverpass,high_maturity,False,CLIPese,0.0,True,mature,0.394675,False,,-1,-0.41912937,-0.07130533,0.11204954236745834,0.09454017132520676
576,calibrinterference,high_maturity,False,CLIPese,0.0,True,mature,0.559775,False,,-1,-0.3586297,0.57101727,0.11204954236745834,0.09454017132520676
577,mandelfurncomposition,high_maturity,False,CLIPese,0.0,True,mature,0.3219,False,,-1,-0.0021818331,0.5240493,0.11204954236745834,0.09454017132520676
578,mandelrounding,high_maturity,False,CLIPese,0.0,True,mature,0.6017750000000001,False,,-1,0.19586116,0.27333823,0.11204954236745834,0.09454017132520676
579,cyberfallout,high_maturity,False,CLIPese,0.0,True,mature,0.44675,False,,-1,-0.6067157,0.07794401,0.11204954236745834,0.09454017132520676
580,crystorypixels,high_maturity,False,CLIPese,0.0,True,mature,0.223175,False,,-1,-0.04072402,0.34720093,0.11204954236745834,0.09454017132520676
581,chromoblurry,high_maturity,False,CLIPese,0.0,True,mature,0.24935000000000002,False,,-1,-0.60412025,0.09018465,0.11204954236745834,0.09454017132520676
582,aberystwy,high_maturity,False,CLIPese,0.0,True,mature,0.60595,False,,-1,0.3254499,0.44389623,0.11204954236745834,0.09454017132520676
583,russellterrier,high_maturity,False,CLIPese,0.0,True,mature,0.243175,False,,-1,-0.18307774,-0.15578967,0.11204954236745834,0.09454017132520676
584,chicagopd,high_maturity,False,CLIPese,0.0,True,mature,0.694575,True,fallback_fill,498,0.08879026,0.18026854,0.11204954236745834,0.09454017132520676
585,anarchi,high_maturity,False,CLIPese,0.0,True,mature,0.87395,False,,-1,0.12267409,-0.24360885,0.11204954236745834,0.09454017132520676
586,chinesemask,high_maturity,False,CLIPese,0.0,True,mature,0.8258,True,mature_readable,179,-0.24770164,0.25238672,0.11204954236745834,0.09454017132520676
587,camouflacatfont,high_maturity,False,CLIPese,0.0,True,mature,0.19495,False,,-1,0.287795,0.30923313,0.11204954236745834,0.09454017132520676
588,cyberdistorembroidery,high_maturity,False,CLIPese,0.0,True,mature,0.521375,False,,-1,-0.271446,-0.04403414,0.11204954236745834,0.09454017132520676
589,soarspaniel,high_maturity,False,CLIPese,0.0,True,mature,0.3952,False,,-1,-0.38399944,0.43911776,0.11204954236745834,0.09454017132520676
590,cyberstargate,high_maturity,False,CLIPese,0.0,True,mature,0.689975,False,,-1,0.2655851,0.27283904,0.11204954236745834,0.09454017132520676
591,chromocrayon,high_maturity,False,CLIPese,0.0,True,mature,0.5429,False,,-1,-0.3029859,0.35591662,0.11204954236745834,0.09454017132520676
592,aubergpng,high_maturity,False,CLIPese,0.0,True,mature,0.41742500000000005,False,,-1,0.0711814,-0.16870221,0.11204954236745834,0.09454017132520676
593,bantams,high_maturity,True,English,2.12,True,mature,0.8094499999999999,True,mature_readable,162,0.297464,0.42656147,0.11204954236745834,0.09454017132520676
594,pugxbox,high_maturity,False,CLIPese,0.0,True,mature,0.5991250000000001,False,,-1,0.40335792,-0.3222987,0.11204954236745834,0.09454017132520676
595,kaleidorendering,high_maturity,False,CLIPese,0.0,True,mature,0.1916,False,,-1,-0.229795,-0.06522896,0.11204954236745834,0.09454017132520676
596,clothespin,high_maturity,True,English,1.83,True,mature,0.1292,True,mature_weak,402,-0.38801762,-0.060908582,0.11204954236745834,0.09454017132520676
597,kaleidofreebies,high_maturity,False,CLIPese,0.0,True,mature,0.36349999999999993,False,,-1,-0.0962534,-0.17890781,0.11204954236745834,0.09454017132520676
598,bandicspectrum,high_maturity,False,CLIPese,0.0,True,mature,0.305975,False,,-1,-0.64418375,0.04151849,0.11204954236745834,0.09454017132520676
599,tuxcollie,high_maturity,False,CLIPese,0.0,True,mature,0.260025,False,,-1,0.2321476,0.3296577,0.11204954236745834,0.09454017132520676
600,climbvolcano,high_maturity,False,CLIPese,0.0,True,mature,0.561675,False,,-1,0.18749683,-0.2606936,0.11204954236745834,0.09454017132520676
601,cheesespy,high_maturity,False,CLIPese,0.0,True,mature,0.7069249999999999,False,,-1,0.07427567,-0.20483245,0.11204954236745834,0.09454017132520676
602,bahamas,high_maturity,True,English,3.53,True,mature,0.855725,True,mature_readable,279,0.29458335,0.25363964,0.11204954236745834,0.09454017132520676
603,bubbleuk,high_maturity,False,CLIPese,0.0,True,mature,0.791775,False,,-1,0.045437187,-0.22208458,0.11204954236745834,0.09454017132520676
604,contemplwildatlanticway,high_maturity,False,CLIPese,0.0,True,mature,0.16547499999999998,True,mature_weak,408,0.39550993,0.4869704,0.11204954236745834,0.09454017132520676
605,mandeltrees,high_maturity,False,CLIPese,0.0,True,mature,0.548225,False,,-1,-0.045463108,-0.16374543,0.11204954236745834,0.09454017132520676
606,crystzorandom,high_maturity,False,CLIPese,0.0,True,mature,0.400775,False,,-1,-0.6112647,-0.20212798,0.11204954236745834,0.09454017132520676
607,cyberembroidery,high_maturity,False,CLIPese,0.0,True,mature,0.44265,False,,-1,0.27329224,0.37074894,0.11204954236745834,0.09454017132520676
608,chickenbird,high_maturity,False,CLIPese,0.0,True,mature,0.519975,False,,-1,0.16217735,-0.267373,0.11204954236745834,0.09454017132520676
609,kaleidogrunge,high_maturity,False,CLIPese,0.0,True,mature,0.21375,False,,-1,-0.25608987,-0.057011876,0.11204954236745834,0.09454017132520676
610,compupikachu,high_maturity,False,CLIPese,0.0,True,mature,0.7374,False,,-1,-0.48134318,0.050013464,0.11204954236745834,0.09454017132520676
611,weirdmandelvapor,high_maturity,False,CLIPese,0.0,True,mature,0.12667499999999998,True,mature_weak,425,-0.23861194,0.3888449,0.11204954236745834,0.09454017132520676
612,spectromandala,high_maturity,False,CLIPese,0.0,True,mature,0.44995,False,,-1,0.26403326,0.4882969,0.11204954236745834,0.09454017132520676
613,panorpsychowebcamtoy,high_maturity,False,CLIPese,0.0,True,mature,0.0753,True,mature_weak,374,0.27007157,0.14002334,0.11204954236745834,0.09454017132520676
614,chromorainbow,high_maturity,False,CLIPese,0.0,True,mature,0.63505,False,,-1,-0.35521886,0.47503108,0.11204954236745834,0.09454017132520676
615,mukfractal,high_maturity,False,CLIPese,0.0,True,mature,0.38772500000000004,False,,-1,0.32926258,-0.05189012,0.11204954236745834,0.09454017132520676
616,cathebadge,high_maturity,False,CLIPese,0.0,True,mature,0.68815,False,,-1,-0.5286361,0.02851231,0.11204954236745834,0.09454017132520676
617,bbcmatrix,high_maturity,False,CLIPese,0.0,True,mature,0.45380000000000004,False,,-1,0.6961578,-0.06916294,0.11204954236745834,0.09454017132520676
618,mandelinfrared,high_maturity,False,CLIPese,0.0,True,mature,0.339275,False,,-1,0.11100982,0.29119322,0.11204954236745834,0.09454017132520676
619,grumpmandala,high_maturity,False,CLIPese,0.0,True,mature,0.34500000000000003,False,,-1,0.040552597,-0.17937377,0.11204954236745834,0.09454017132520676
620,calibrdot,high_maturity,False,CLIPese,0.0,True,mature,0.401875,False,,-1,0.10717672,-0.20322816,0.11204954236745834,0.09454017132520676
621,autuspectral,high_maturity,False,CLIPese,0.0,True,mature,0.557375,False,,-1,-0.21272478,0.40737697,0.11204954236745834,0.09454017132520676
622,bayleywwe,high_maturity,False,CLIPese,0.0,True,mature,0.8752000000000001,True,mature_readable,89,0.08657692,-0.16513595,0.11204954236745834,0.09454017132520676
623,sapispaniel,high_maturity,False,CLIPese,0.0,True,mature,0.25687499999999996,False,,-1,-0.3116832,0.43347734,0.11204954236745834,0.09454017132520676
624,laceychabert,high_maturity,False,CLIPese,0.0,True,mature,0.43427499999999997,False,,-1,0.015171959,-0.1998323,0.11204954236745834,0.09454017132520676
625,kaleidothanos,high_maturity,False,CLIPese,0.0,True,mature,0.5299,False,,-1,0.23062426,-0.26558432,0.11204954236745834,0.09454017132520676
626,taxiderjehopikachu,high_maturity,False,CLIPese,0.0,True,mature,0.153,False,,-1,0.10400674,-0.26820675,0.11204954236745834,0.09454017132520676
627,imacelepopart,high_maturity,False,CLIPese,0.0,True,mature,0.08185,True,mature_weak,382,-0.1765319,0.22681832,0.11204954236745834,0.09454017132520676
628,byzloafmarblepanel,high_maturity,False,CLIPese,0.0,True,mature,0.426775,False,,-1,-0.5131553,-0.43800524,0.11204954236745834,0.09454017132520676
629,bunnystags,high_maturity,False,CLIPese,0.0,True,mature,0.5945,False,,-1,-0.19571263,0.27930835,0.11204954236745834,0.09454017132520676
630,seawcollie,high_maturity,False,CLIPese,0.0,True,mature,0.35295,False,,-1,-0.3720361,-0.080091745,0.11204954236745834,0.09454017132520676
631,horriunhkaleidosurreal,high_maturity,False,CLIPese,0.0,True,mature,0.116825,False,,-1,-0.4590978,0.16218437,0.11204954236745834,0.09454017132520676
632,colorspectral,high_maturity,False,CLIPese,0.0,True,mature,0.7085999999999999,True,orthographic_hard,24,0.25292388,0.15285873,0.11204954236745834,0.09454017132520676
633,taxiderjavelin,high_maturity,False,CLIPese,0.0,True,mature,0.16219999999999998,False,,-1,0.37450838,-0.23760916,0.11204954236745834,0.09454017132520676
634,kaleidogopro,high_maturity,False,CLIPese,0.0,True,mature,0.24695,False,,-1,-0.37709057,0.011461383,0.11204954236745834,0.09454017132520676
635,cartoontemplate,high_maturity,False,CLIPese,0.0,True,mature,0.4245250000000001,False,,-1,-0.1534912,-0.1960265,0.11204954236745834,0.09454017132520676
636,costucarving,high_maturity,False,CLIPese,0.0,True,mature,0.624475,False,,-1,0.15270975,-0.25364578,0.11204954236745834,0.09454017132520676
637,oranguplush,high_maturity,False,CLIPese,0.0,True,mature,0.137075,False,,-1,0.063624434,-0.11808259,0.11204954236745834,0.09454017132520676
638,fursuitrooftop,high_maturity,False,CLIPese,0.0,True,mature,0.53775,False,,-1,0.053158,-0.21315569,0.11204954236745834,0.09454017132520676
639,mandelnebula,high_maturity,False,CLIPese,0.0,True,mature,0.6841250000000001,False,,-1,0.062011257,-0.19371308,0.11204954236745834,0.09454017132520676
640,aloe,high_maturity,True,English,3.06,True,mature,0.5744,False,,-1,0.108119555,-0.22769138,0.11204954236745834,0.09454017132520676
641,birders,high_maturity,True,English,2.1,True,mature,0.747025,False,,-1,-0.39706942,-0.040142473,0.11204954236745834,0.09454017132520676
642,bambooasparagus,high_maturity,False,CLIPese,0.0,True,mature,0.6198750000000001,True,orthographic_hard,45,-0.46366543,0.25074816,0.11204954236745834,0.09454017132520676
643,oscillprintmandala,high_maturity,False,CLIPese,0.0,True,mature,0.186075,False,,-1,0.09828531,-0.08197254,0.11204954236745834,0.09454017132520676
644,chalkboard,high_maturity,True,English,2.77,True,mature,0.6307750000000001,False,,-1,0.1678491,-0.18868501,0.11204954236745834,0.09454017132520676
645,kaleidophotomcollage,high_maturity,False,CLIPese,0.0,True,mature,0.079675,False,,-1,0.11622356,-0.24672586,0.11204954236745834,0.09454017132520676
646,categorpixels,high_maturity,False,CLIPese,0.0,True,mature,0.163375,False,,-1,-0.03471915,-0.14675136,0.11204954236745834,0.09454017132520676
647,cdnpixels,high_maturity,False,CLIPese,0.0,True,mature,0.464425,False,,-1,0.6006149,0.50356543,0.11204954236745834,0.09454017132520676
648,calibrfractal,high_maturity,False,CLIPese,0.0,True,mature,0.506675,False,,-1,0.06677814,-0.21780981,0.11204954236745834,0.09454017132520676
649,berries,high_maturity,True,English,3.57,True,mature,0.705925,False,,-1,-0.2868907,0.10170057,0.11204954236745834,0.09454017132520676
650,neighbkaleidorectaninva,high_maturity,False,CLIPese,0.0,True,mature,0.083625,True,mature_weak,389,-0.42200857,0.1213406,0.11204954236745834,0.09454017132520676
651,hovertaxiderowls,high_maturity,False,CLIPese,0.0,True,mature,0.3667,False,,-1,0.5724319,-0.36335868,0.11204954236745834,0.09454017132520676
652,bitmagnechevron,high_maturity,False,CLIPese,0.0,True,mature,0.537675,False,,-1,0.0462646,0.24218155,0.11204954236745834,0.09454017132520676
653,kaleidoimagetexture,high_maturity,False,CLIPese,0.0,True,mature,0.0491,False,,-1,0.25016624,-0.27350074,0.11204954236745834,0.09454017132520676
654,bikenyc,high_maturity,False,CLIPese,0.0,True,mature,0.7999499999999999,True,mature_readable,266,0.2718574,-0.0041967784,0.11204954236745834,0.09454017132520676
655,ornisphinx,high_maturity,False,CLIPese,0.0,True,mature,0.38415,False,,-1,0.6517137,-0.3677039,0.11204954236745834,0.09454017132520676
656,chondro,high_maturity,False,CLIPese,0.0,True,mature,0.4821000000000001,False,,-1,-0.1613052,0.5215075,0.11204954236745834,0.09454017132520676
657,pixelpopart,high_maturity,False,CLIPese,0.0,True,mature,0.17707499999999998,False,,-1,0.39685434,-0.32850033,0.11204954236745834,0.09454017132520676
658,birdlife,high_maturity,True,English,2.31,True,mature,0.6181249999999999,False,,-1,0.17023918,-0.2817894,0.11204954236745834,0.09454017132520676
659,chromomachinelearning,high_maturity,False,CLIPese,0.0,True,mature,0.5855,False,,-1,0.075862594,0.12107699,0.11204954236745834,0.09454017132520676
660,airboat,high_maturity,True,English,1.82,True,mature,0.7064250000000001,False,,-1,-0.57980293,0.06543929,0.11204954236745834,0.09454017132520676
661,alinclip,high_maturity,False,CLIPese,0.0,True,mature,0.792125,False,,-1,0.07584228,-0.24583475,0.11204954236745834,0.09454017132520676
662,colorghetti,high_maturity,False,CLIPese,0.0,True,mature,0.461025,False,,-1,0.080814816,-0.14630161,0.11204954236745834,0.09454017132520676
663,augmentephotograph,high_maturity,False,CLIPese,0.0,True,mature,0.08095000000000001,True,mature_weak,444,-0.1157984,-0.09065052,0.11204954236745834,0.09454017132520676
664,crystmosaic,high_maturity,False,CLIPese,0.0,True,mature,0.5300750000000001,False,,-1,-0.14145835,0.59659755,0.11204954236745834,0.09454017132520676
665,caicos,high_maturity,True,English,2.69,True,mature,0.856875,True,mature_readable,99,0.2663478,0.21584761,0.11204954236745834,0.09454017132520676
666,catunit,high_maturity,False,CLIPese,0.0,True,mature,0.4312,False,,-1,0.3366658,0.67320126,0.11204954236745834,0.09454017132520676
667,birdlovers,high_maturity,False,CLIPese,0.0,True,mature,0.596525,False,,-1,0.3206999,0.5451514,0.11204954236745834,0.09454017132520676
668,tetradinwarhol,high_maturity,False,CLIPese,0.0,True,mature,0.34375,False,,-1,0.055404183,-0.26111516,0.11204954236745834,0.09454017132520676
669,camouflacat,high_maturity,False,CLIPese,0.0,True,mature,0.22435,False,,-1,-0.67899567,0.09381994,0.11204954236745834,0.09454017132520676
670,cupcakes,high_maturity,True,English,3.41,True,mature,0.5052,False,,-1,-0.41462657,-0.02466864,0.11204954236745834,0.09454017132520676
671,babystartups,high_maturity,False,CLIPese,0.0,True,mature,0.8845500000000002,True,mature_readable,81,0.29894584,0.3107284,0.11204954236745834,0.09454017132520676
672,albania,high_maturity,True,English,3.35,True,mature,0.7877500000000001,False,,-1,0.25995517,0.114148036,0.11204954236745834,0.09454017132520676
673,baztexture,high_maturity,False,CLIPese,0.0,True,mature,0.8275,True,orthographic_hard,12,0.3937721,-0.8879692,0.11204954236745834,0.09454017132520676
674,choppizzas,high_maturity,False,CLIPese,0.0,True,mature,0.8557,True,mature_readable,104,-0.49663764,-0.11593722,0.11204954236745834,0.09454017132520676
675,blowgun,high_maturity,True,English,1.62,True,mature,0.7606999999999999,False,,-1,-0.4345956,0.024337832,0.11204954236745834,0.09454017132520676
676,disintegrkiefer,high_maturity,False,CLIPese,0.0,True,mature,0.20255000000000004,False,,-1,-0.31045032,-0.10547584,0.11204954236745834,0.09454017132520676
677,birdfootage,high_maturity,False,CLIPese,0.0,True,mature,0.5647249999999999,False,,-1,-0.21708716,-0.05831718,0.11204954236745834,0.09454017132520676
678,cummerbund,high_maturity,True,English,1.72,True,mature,0.682175,False,,-1,0.20984346,0.4922726,0.11204954236745834,0.09454017132520676
679,goldendogcelebration,high_maturity,False,CLIPese,0.0,True,mature,0.14997500000000002,False,,-1,0.08331108,-0.07898821,0.11204954236745834,0.09454017132520676
680,birdwat,high_maturity,False,CLIPese,0.0,True,mature,0.555575,False,,-1,0.13100871,-0.2502187,0.11204954236745834,0.09454017132520676
681,mandelpepperoni,high_maturity,False,CLIPese,0.0,True,mature,0.54935,False,,-1,0.21042494,0.42174476,0.11204954236745834,0.09454017132520676
682,balkan,high_maturity,True,English,3.19,True,mature,0.8488249999999999,True,mature_readable,220,0.11462605,-0.2125891,0.11204954236745834,0.09454017132520676
683,azerbaijan,high_maturity,True,English,3.48,True,mature,0.6115999999999999,False,,-1,-0.022477662,-0.72693104,0.11204954236745834,0.09454017132520676
684,bierseaworld,high_maturity,False,CLIPese,0.0,True,mature,0.87195,True,mature_readable,178,-0.42995644,-0.042296395,0.11204954236745834,0.09454017132520676
685,chamelepuzzle,high_maturity,False,CLIPese,0.0,True,mature,0.9308999999999998,True,mature_readable,55,-0.5618781,-0.52390814,0.11204954236745834,0.09454017132520676
686,crayghetti,high_maturity,False,CLIPese,0.0,True,mature,0.6613,True,fallback_fill,506,-0.41501567,-0.065344505,0.11204954236745834,0.09454017132520676
687,acopter,high_maturity,False,CLIPese,0.0,True,mature,0.881425,True,mature_readable,82,0.067575075,-0.17495804,0.11204954236745834,0.09454017132520676
688,tylerthisglitch,high_maturity,False,CLIPese,0.0,True,mature,0.25675,False,,-1,0.28794265,0.33410755,0.11204954236745834,0.09454017132520676
689,berrys,high_maturity,True,English,1.54,True,mature,0.8827,True,mature_readable,91,0.14917165,-0.27131787,0.11204954236745834,0.09454017132520676
690,mandelterracotta,high_maturity,False,CLIPese,0.0,True,mature,0.1794,False,,-1,-0.43215448,-0.06742288,0.11204954236745834,0.09454017132520676
691,cannabcarved,high_maturity,False,CLIPese,0.0,True,mature,0.839925,True,mature_readable,149,-0.6527014,0.060528435,0.11204954236745834,0.09454017132520676
692,artyscreenshotkaleidorecurimage,high_maturity,False,CLIPese,0.0,True,mature,0.02265,False,,-1,0.114621036,0.522431,0.11204954236745834,0.09454017132520676
693,belgisingapore,high_maturity,False,CLIPese,0.0,True,mature,0.7014,False,,-1,0.1351156,-0.26744673,0.11204954236745834,0.09454017132520676
694,airhornets,high_maturity,False,CLIPese,0.0,True,mature,0.62025,False,,-1,0.3606144,0.5793747,0.11204954236745834,0.09454017132520676
695,catroblox,high_maturity,False,CLIPese,0.0,True,mature,0.65125,False,,-1,0.7925536,-0.44431737,0.11204954236745834,0.09454017132520676
696,rudoltaxiderpegasus,high_maturity,False,CLIPese,0.0,True,mature,0.14725,False,,-1,0.48051074,0.27040192,0.11204954236745834,0.09454017132520676
697,giovpixelart,high_maturity,False,CLIPese,0.0,True,mature,0.1044,False,,-1,-0.28389162,-0.014746771,0.11204954236745834,0.09454017132520676
698,appledecal,high_maturity,False,CLIPese,0.0,True,mature,0.7761250000000001,True,mature_readable,156,0.07835487,-0.21442387,0.11204954236745834,0.09454017132520676
699,taxidersquirrel,high_maturity,False,CLIPese,0.0,True,mature,0.61285,False,,-1,0.594677,-0.4315953,0.11204954236745834,0.09454017132520676
700,chiropracbead,high_maturity,False,CLIPese,0.0,True,mature,0.7696000000000001,True,mature_readable,190,-0.5368334,-0.0400235,0.11204954236745834,0.09454017132520676
701,marblemandala,high_maturity,False,CLIPese,0.0,True,mature,0.310125,False,,-1,-0.24060287,0.094466366,0.11204954236745834,0.09454017132520676
702,jovovich,high_maturity,True,English,1.94,True,mature,0.399225,False,,-1,-0.40250173,-0.0011662154,0.11204954236745834,0.09454017132520676
703,revelorntaxiderhare,high_maturity,False,CLIPese,0.0,True,mature,0.160475,False,,-1,0.2753615,-0.25451592,0.11204954236745834,0.09454017132520676
704,bbcthismatrix,high_maturity,False,CLIPese,0.0,True,mature,0.5856,False,,-1,0.70400196,-0.056503806,0.11204954236745834,0.09454017132520676
705,calibrrgb,high_maturity,False,CLIPese,0.0,True,mature,0.5826749999999999,False,,-1,-0.45138276,-0.01294343,0.11204954236745834,0.09454017132520676
706,autismaecstatic,high_maturity,False,CLIPese,0.0,True,mature,0.17717500000000003,False,,-1,-0.4080964,-0.030667322,0.11204954236745834,0.09454017132520676
707,bbcfracstripe,high_maturity,False,CLIPese,0.0,True,mature,0.744075,False,,-1,0.086960934,-0.22912052,0.11204954236745834,0.09454017132520676
708,arjunbijlani,high_maturity,False,CLIPese,0.0,True,mature,0.19822499999999998,False,,-1,0.23971964,0.25128683,0.11204954236745834,0.09454017132520676
709,crab,high_maturity,True,English,3.76,True,mature,0.731675,False,,-1,0.12740368,0.074258156,0.11204954236745834,0.09454017132520676
710,algerantelope,high_maturity,False,CLIPese,0.0,True,mature,0.17117500000000002,False,,-1,0.08860888,-0.21416488,0.11204954236745834,0.09454017132520676
711,mandelstencil,high_maturity,False,CLIPese,0.0,True,mature,0.20315,False,,-1,0.27149442,0.4441091,0.11204954236745834,0.09454017132520676
712,bbcgenerative,high_maturity,False,CLIPese,0.0,True,mature,0.6711,False,,-1,-0.6663221,0.08843001,0.11204954236745834,0.09454017132520676
713,catkatic,high_maturity,False,CLIPese,0.0,True,mature,0.202125,False,,-1,0.16989595,-0.23974042,0.11204954236745834,0.09454017132520676
714,bbcfractal,high_maturity,False,CLIPese,0.0,True,mature,0.416,False,,-1,-0.012749021,0.25918922,0.11204954236745834,0.09454017132520676
715,chickenwren,high_maturity,False,CLIPese,0.0,True,mature,0.88945,True,mature_readable,100,0.11583075,-0.16864231,0.11204954236745834,0.09454017132520676
716,calibrglue,high_maturity,False,CLIPese,0.0,True,mature,0.41065,False,,-1,0.17712574,-0.19685951,0.11204954236745834,0.09454017132520676
717,artymosaic,high_maturity,False,CLIPese,0.0,True,mature,0.42572499999999996,False,,-1,0.24915189,0.23987442,0.11204954236745834,0.09454017132520676
718,blueribbon,high_maturity,False,CLIPese,0.0,True,mature,0.7769250000000001,True,mature_readable,212,0.08903759,-0.23975986,0.11204954236745834,0.09454017132520676
719,banana,high_maturity,True,English,4.0,True,mature,0.36497499999999994,False,,-1,-0.65397954,0.067250304,0.11204954236745834,0.09454017132520676
720,cybermaligncrystals,high_maturity,False,CLIPese,0.0,True,mature,0.42729999999999996,False,,-1,0.12781505,-0.23371895,0.11204954236745834,0.09454017132520676
721,backthebirds,high_maturity,False,CLIPese,0.0,True,mature,0.6269750000000001,False,,-1,0.2544615,-0.2718066,0.11204954236745834,0.09454017132520676
722,antenusaf,high_maturity,False,CLIPese,0.0,True,mature,0.44772500000000004,False,,-1,-0.678456,0.11642374,0.11204954236745834,0.09454017132520676
723,mandeloutfield,high_maturity,False,CLIPese,0.0,True,mature,0.7319249999999999,False,,-1,0.045356497,-0.23931885,0.11204954236745834,0.09454017132520676
724,hillarypixelart,high_maturity,False,CLIPese,0.0,True,mature,0.13635,False,,-1,0.03203172,-0.21688859,0.11204954236745834,0.09454017132520676
725,bokki,high_maturity,False,CLIPese,0.0,True,mature,0.330025,False,,-1,0.19889367,-0.23384032,0.11204954236745834,0.09454017132520676
726,kaleidopollock,high_maturity,False,CLIPese,0.0,True,mature,0.29295000000000004,False,,-1,0.33310658,0.14833048,0.11204954236745834,0.09454017132520676
727,dalmatikitten,high_maturity,False,CLIPese,0.0,True,mature,0.27885000000000004,False,,-1,-0.5053023,-0.0020685075,0.11204954236745834,0.09454017132520676
728,abstrrendergopro,high_maturity,False,CLIPese,0.0,True,mature,0.20875000000000002,False,,-1,-0.054022327,0.09923335,0.11204954236745834,0.09454017132520676
729,orangucuddle,high_maturity,False,CLIPese,0.0,True,mature,0.41475,False,,-1,-0.5264475,0.0017466961,0.11204954236745834,0.09454017132520676
730,bourgeocolorized,high_maturity,False,CLIPese,0.0,True,mature,0.35985,False,,-1,-0.05558201,-0.76600933,0.11204954236745834,0.09454017132520676
731,catlogo,high_maturity,False,CLIPese,0.0,True,mature,0.562075,False,,-1,0.14677213,0.17721236,0.11204954236745834,0.09454017132520676
732,birdwatch,high_maturity,True,English,1.57,True,mature,0.7527999999999999,False,,-1,0.09960476,-0.2329927,0.11204954236745834,0.09454017132520676
733,foxtaxidersadness,high_maturity,False,CLIPese,0.0,True,mature,0.41325,False,,-1,0.93148446,-0.21627161,0.11204954236745834,0.09454017132520676
734,bhutan,high_maturity,True,English,3.09,True,mature,0.736575,False,,-1,0.17574053,-0.24742205,0.11204954236745834,0.09454017132520676
735,brutalglitch,high_maturity,False,CLIPese,0.0,True,mature,0.551875,False,,-1,0.10271379,-0.1936768,0.11204954236745834,0.09454017132520676
736,braziliamazon,high_maturity,False,CLIPese,0.0,True,mature,0.504275,False,,-1,-0.09681696,-0.923442,0.11204954236745834,0.09454017132520676
737,labrapitbull,high_maturity,False,CLIPese,0.0,True,mature,0.72275,False,,-1,0.14302832,-0.2744793,0.11204954236745834,0.09454017132520676
738,foxotters,high_maturity,False,CLIPese,0.0,True,mature,0.7921,True,mature_readable,163,-0.024243662,-0.13188292,0.11204954236745834,0.09454017132520676
739,feathertaxiderowls,high_maturity,False,CLIPese,0.0,True,mature,0.353475,False,,-1,0.111209065,0.25022316,0.11204954236745834,0.09454017132520676
740,interoperchromoglitch,high_maturity,False,CLIPese,0.0,True,mature,0.22085000000000002,False,,-1,-0.34260762,0.03937461,0.11204954236745834,0.09454017132520676
741,rohingsalmonmangrove,high_maturity,False,CLIPese,0.0,True,mature,0.47029999999999994,False,,-1,-0.3399659,0.26956743,0.11204954236745834,0.09454017132520676
742,exoplanmapmapimagery,high_maturity,False,CLIPese,0.0,True,mature,0.272625,False,,-1,0.3765545,-0.011900173,0.11204954236745834,0.09454017132520676
743,glowmandelmustache,high_maturity,False,CLIPese,0.0,True,mature,0.538025,False,,-1,-0.044535942,0.5120823,0.11204954236745834,0.09454017132520676
744,chromoultrasound,high_maturity,False,CLIPese,0.0,True,mature,0.7842,True,mature_readable,152,-0.0767995,0.614954,0.11204954236745834,0.09454017132520676
745,bubbfball,high_maturity,False,CLIPese,0.0,True,mature,0.42932499999999996,False,,-1,-0.019559652,-0.1667622,0.11204954236745834,0.09454017132520676
746,taxidergiraffe,high_maturity,False,CLIPese,0.0,True,mature,0.36445,False,,-1,0.37029254,-0.287202,0.11204954236745834,0.09454017132520676
747,zebrawildlifereflecting,high_maturity,False,CLIPese,0.0,True,mature,0.45105,False,,-1,-0.5593848,-0.4541449,0.11204954236745834,0.09454017132520676
748,spherloaf,high_maturity,False,CLIPese,0.0,True,mature,0.645175,False,,-1,0.08636207,-0.26321238,0.11204954236745834,0.09454017132520676
749,bluepolariflybrowsing,high_maturity,False,CLIPese,0.0,True,mature,0.296675,False,,-1,-0.50171095,0.008525565,0.11204954236745834,0.09454017132520676
750,cryocryocandace,high_maturity,False,CLIPese,0.0,True,mature,0.193775,True,mature_weak,436,-0.59772164,0.055177793,0.11204954236745834,0.09454017132520676
751,chromogif,high_maturity,False,CLIPese,0.0,True,mature,0.38072500000000004,False,,-1,-0.36944452,0.0010368342,0.11204954236745834,0.09454017132520676
752,kaleidokoolgenerating,high_maturity,False,CLIPese,0.0,True,mature,0.1706,False,,-1,-0.21945973,-0.08512743,0.11204954236745834,0.09454017132520676
753,camouflaelephant,high_maturity,False,CLIPese,0.0,True,mature,0.27142499999999997,False,,-1,0.08284754,-0.1425243,0.11204954236745834,0.09454017132520676
754,sphercalibrpaz,high_maturity,False,CLIPese,0.0,True,mature,0.28435,False,,-1,-0.033605784,-0.71632004,0.11204954236745834,0.09454017132520676
755,appalachsimulation,high_maturity,False,CLIPese,0.0,True,mature,0.8188,True,mature_readable,103,-0.02409798,0.11538928,0.11204954236745834,0.09454017132520676
756,blindfold,high_maturity,True,English,2.8,True,mature,0.46675,False,,-1,0.098189674,-0.13842541,0.11204954236745834,0.09454017132520676
757,lymphfrog,high_maturity,False,CLIPese,0.0,True,mature,0.824075,True,mature_readable,116,0.078643814,-0.18831664,0.11204954236745834,0.09454017132520676
758,kaleidofractal,high_maturity,False,CLIPese,0.0,True,mature,0.18595,False,,-1,0.07566918,0.08137756,0.11204954236745834,0.09454017132520676
759,cardinalcloseup,high_maturity,False,CLIPese,0.0,True,mature,0.45635000000000003,False,,-1,-0.098058246,0.46212602,0.11204954236745834,0.09454017132520676
760,cornheap,high_maturity,False,CLIPese,0.0,True,mature,0.792775,True,mature_readable,132,0.19650644,0.37018114,0.11204954236745834,0.09454017132520676
761,citrotomato,high_maturity,False,CLIPese,0.0,True,mature,0.828375,True,mature_readable,125,0.22611378,0.37850443,0.11204954236745834,0.09454017132520676
762,birdclub,high_maturity,False,CLIPese,0.0,True,mature,0.8281750000000001,True,mature_readable,197,0.13033019,-0.2860135,0.11204954236745834,0.09454017132520676
763,foxtaxiderstry,high_maturity,False,CLIPese,0.0,True,mature,0.14355,False,,-1,0.663445,-0.4256419,0.11204954236745834,0.09454017132520676
764,bloons,high_maturity,True,English,1.75,True,mature,0.7886500000000001,True,mature_readable,214,0.22214349,0.42759493,0.11204954236745834,0.09454017132520676
765,chocolateday,high_maturity,False,CLIPese,0.0,True,mature,0.95285,True,mature_readable,54,0.07040692,-0.1916277,0.11204954236745834,0.09454017132520676
766,taxiderwerewolf,high_maturity,False,CLIPese,0.0,True,mature,0.39275,False,,-1,0.79074967,-0.019181691,0.11204954236745834,0.09454017132520676
767,bambi,high_maturity,True,English,2.96,True,mature,0.8610249999999999,True,mature_readable,118,0.09269248,-0.23552428,0.11204954236745834,0.09454017132520676
768,chocolat,high_maturity,True,English,2.5,True,mature,0.362275,False,,-1,0.19978611,0.52038306,0.11204954236745834,0.09454017132520676
769,roboroborobot,high_maturity,False,CLIPese,0.0,True,mature,0.42905,False,,-1,0.20555973,0.22790605,0.11204954236745834,0.09454017132520676
770,taxiderpiranportraits,high_maturity,False,CLIPese,0.0,True,mature,0.152325,False,,-1,0.6436006,0.0016371316,0.11204954236745834,0.09454017132520676
771,locomospaniel,high_maturity,False,CLIPese,0.0,True,mature,0.2629,False,,-1,-0.41182226,0.37421602,0.11204954236745834,0.09454017132520676
772,chinesecropped,high_maturity,False,CLIPese,0.0,True,mature,0.56095,False,,-1,-0.18676515,0.30740634,0.11204954236745834,0.09454017132520676
773,bbcspecscrambled,high_maturity,False,CLIPese,0.0,True,mature,0.48792499999999994,False,,-1,0.23299147,0.11996998,0.11204954236745834,0.09454017132520676
774,sylvanian,high_maturity,True,English,1.39,True,mature,0.46157499999999996,False,,-1,0.08234115,-0.19141175,0.11204954236745834,0.09454017132520676
775,zombispongebob,high_maturity,False,CLIPese,0.0,True,mature,0.45622500000000005,False,,-1,-0.48101094,-0.5547144,0.11204954236745834,0.09454017132520676
776,utaware,high_maturity,False,CLIPese,0.0,True,mature,0.6053,False,,-1,0.19087896,0.28899464,0.11204954236745834,0.09454017132520676
777,longepsoristencil,high_maturity,False,CLIPese,0.0,True,mature,0.1222,True,mature_weak,390,0.36033687,0.3514693,0.11204954236745834,0.09454017132520676
778,clclips,high_maturity,False,CLIPese,0.0,True,mature,0.6602250000000001,False,,-1,-0.06329184,0.41786325,0.11204954236745834,0.09454017132520676
779,anyscrambled,high_maturity,False,CLIPese,0.0,True,mature,0.8412250000000001,True,orthographic_hard,15,-0.31723166,-0.06559877,0.11204954236745834,0.09454017132520676
780,baskets,high_maturity,True,English,3.45,True,mature,0.37037499999999995,False,,-1,0.34160623,0.3522798,0.11204954236745834,0.09454017132520676
781,akkuma,high_maturity,False,CLIPese,0.0,True,mature,0.516125,False,,-1,0.049946748,-0.18349853,0.11204954236745834,0.09454017132520676
782,buccanemarine,high_maturity,False,CLIPese,0.0,True,mature,0.4554,False,,-1,-0.40907353,-0.039782118,0.11204954236745834,0.09454017132520676
783,antiqubigfoot,high_maturity,False,CLIPese,0.0,True,mature,0.48387500000000006,False,,-1,0.20507936,0.31290227,0.11204954236745834,0.09454017132520676
784,trumppgestures,high_maturity,False,CLIPese,0.0,True,mature,0.49472499999999997,False,,-1,-0.17458725,-0.07993774,0.11204954236745834,0.09454017132520676
785,minsmere,high_maturity,True,English,1.38,True,mature,0.5021,False,,-1,0.25676367,0.42298692,0.11204954236745834,0.09454017132520676
786,kaleidostacked,high_maturity,False,CLIPese,0.0,True,mature,0.291125,False,,-1,0.43679413,0.45663884,0.11204954236745834,0.09454017132520676
787,quokitten,high_maturity,False,CLIPese,0.0,True,mature,0.40554999999999997,False,,-1,0.34836194,0.5065005,0.11204954236745834,0.09454017132520676
788,calibrbrightness,high_maturity,False,CLIPese,0.0,True,mature,0.388575,False,,-1,0.31352866,0.3011013,0.11204954236745834,0.09454017132520676
789,ctfletcher,high_maturity,False,CLIPese,0.0,True,mature,0.279375,False,,-1,-0.5530143,0.024404934,0.11204954236745834,0.09454017132520676
790,baszler,high_maturity,True,English,1.53,True,mature,0.51045,False,,-1,-0.046495285,-0.80649865,0.11204954236745834,0.09454017132520676
791,mitochondrikaleidosteampunk,high_maturity,False,CLIPese,0.0,True,mature,0.273225,False,,-1,-0.08670674,0.24735856,0.11204954236745834,0.09454017132520676
792,boxbrawl,high_maturity,False,CLIPese,0.0,True,mature,0.76675,True,mature_readable,210,0.49743825,0.30153167,0.11204954236745834,0.09454017132520676
793,bugatti,high_maturity,True,English,2.81,True,mature,0.8683000000000001,True,mature_readable,115,0.079969525,-0.18149471,0.11204954236745834,0.09454017132520676
794,giantpixelart,high_maturity,False,CLIPese,0.0,True,mature,0.16485,False,,-1,0.62392396,0.23781635,0.11204954236745834,0.09454017132520676
795,goldengdistorcorruption,high_maturity,False,CLIPese,0.0,True,mature,0.415025,False,,-1,0.073323876,0.0445371,0.11204954236745834,0.09454017132520676
796,kaleidozombiinfrared,high_maturity,False,CLIPese,0.0,True,mature,0.413675,False,,-1,-0.22251335,-0.7997185,0.11204954236745834,0.09454017132520676
797,kefla,high_maturity,False,CLIPese,0.0,True,mature,0.499975,False,,-1,0.21734515,-0.26193053,0.11204954236745834,0.09454017132520676
798,birdsparrow,high_maturity,False,CLIPese,0.0,True,mature,0.556625,False,,-1,0.2647343,0.2487866,0.11204954236745834,0.09454017132520676
799,jewelrypopart,high_maturity,False,CLIPese,0.0,True,mature,0.338575,False,,-1,-0.25083482,-0.12159999,0.11204954236745834,0.09454017132520676
800,kaleidoresults,high_maturity,False,CLIPese,0.0,True,mature,0.23267500000000002,False,,-1,0.21696569,-0.23957932,0.11204954236745834,0.09454017132520676
801,pheepcot,high_maturity,False,CLIPese,0.0,True,mature,0.1487,True,mature_weak,397,0.18907565,0.22752497,0.11204954236745834,0.09454017132520676
802,copernicuav,high_maturity,False,CLIPese,0.0,True,mature,0.501425,False,,-1,-0.2841209,0.2989163,0.11204954236745834,0.09454017132520676
803,creepkitty,high_maturity,False,CLIPese,0.0,True,mature,0.43875,False,,-1,0.18808493,0.3600787,0.11204954236745834,0.09454017132520676
804,reindemarkings,high_maturity,False,CLIPese,0.0,True,mature,0.22512500000000002,False,,-1,0.075273275,-0.22157921,0.11204954236745834,0.09454017132520676
805,seagusculpture,high_maturity,False,CLIPese,0.0,True,mature,0.6970999999999999,True,fallback_fill,488,-0.38173288,-0.05357467,0.11204954236745834,0.09454017132520676
806,vectorkendricklamar,high_maturity,False,CLIPese,0.0,True,mature,0.5181,False,,-1,0.20835316,-0.2634927,0.11204954236745834,0.09454017132520676
807,taxiderreindeer,high_maturity,False,CLIPese,0.0,True,mature,0.6656500000000001,False,,-1,0.7801569,-0.2656485,0.11204954236745834,0.09454017132520676
808,shefftrees,high_maturity,False,CLIPese,0.0,True,mature,0.7371,True,mature_readable,268,0.04358141,-0.15058948,0.11204954236745834,0.09454017132520676
809,hfxglitch,high_maturity,False,CLIPese,0.0,True,mature,0.19,False,,-1,0.54284966,-0.31142178,0.11204954236745834,0.09454017132520676
810,backstreetcgi,high_maturity,False,CLIPese,0.0,True,mature,0.4917750000000001,False,,-1,0.13764751,0.20887783,0.11204954236745834,0.09454017132520676
811,bathrobe,high_maturity,True,English,2.68,True,mature,0.502675,False,,-1,-0.45567796,-0.017403064,0.11204954236745834,0.09454017132520676
812,coffeemaker,high_maturity,True,English,2.13,True,mature,0.8284250000000001,True,mature_readable,150,0.13339186,-0.18559824,0.11204954236745834,0.09454017132520676
813,chrysanthe,high_maturity,False,CLIPese,0.0,True,mature,0.489275,False,,-1,0.098766185,-0.20051917,0.11204954236745834,0.09454017132520676
814,halloweenwalnuts,high_maturity,False,CLIPese,0.0,True,mature,0.6126250000000001,False,,-1,-0.6532657,0.0986654,0.11204954236745834,0.09454017132520676
815,gumnutcracker,high_maturity,False,CLIPese,0.0,True,mature,0.740075,True,mature_readable,273,0.01707223,-0.15817815,0.11204954236745834,0.09454017132520676
816,rottercranes,high_maturity,False,CLIPese,0.0,True,mature,0.568325,False,,-1,-0.30221406,-0.08263094,0.11204954236745834,0.09454017132520676
817,lakshmirai,high_maturity,False,CLIPese,0.0,True,mature,0.20630000000000004,False,,-1,0.21536335,-0.26532838,0.11204954236745834,0.09454017132520676
818,rashmika,high_maturity,False,CLIPese,0.0,True,mature,0.44157500000000005,False,,-1,-0.47077715,0.026726676,0.11204954236745834,0.09454017132520676
819,catumbrella,high_maturity,False,CLIPese,0.0,True,mature,0.20055,False,,-1,0.07796447,-0.22873494,0.11204954236745834,0.09454017132520676
820,panoraustralianvhs,high_maturity,False,CLIPese,0.0,True,mature,0.5886,False,,-1,-0.30604035,-0.084485225,0.11204954236745834,0.09454017132520676
821,algermouse,high_maturity,False,CLIPese,0.0,True,mature,0.743175,True,mature_readable,276,-0.28010786,0.39539775,0.11204954236745834,0.09454017132520676
822,bsoazad,high_maturity,False,CLIPese,0.0,True,mature,0.368325,False,,-1,0.0889201,-0.08038365,0.11204954236745834,0.09454017132520676
823,bharattrippy,high_maturity,False,CLIPese,0.0,True,mature,0.761725,False,,-1,0.13899726,-0.19926293,0.11204954236745834,0.09454017132520676
824,brettdalton,high_maturity,False,CLIPese,0.0,True,mature,0.4247000000000001,False,,-1,0.030383328,-0.23937781,0.11204954236745834,0.09454017132520676
825,compumask,high_maturity,False,CLIPese,0.0,True,mature,0.876725,True,orthographic_hard,16,0.2905398,0.3186392,0.11204954236745834,0.09454017132520676
826,binoculars,high_maturity,True,English,3.1,True,mature,0.445975,False,,-1,-0.43022713,0.3795544,0.11204954236745834,0.09454017132520676
827,shopkins,high_maturity,True,English,1.67,True,mature,0.49925,False,,-1,-0.25683758,-0.08077809,0.11204954236745834,0.09454017132520676
828,arunvijay,high_maturity,False,CLIPese,0.0,True,mature,0.42450000000000004,False,,-1,-0.47044042,0.36753887,0.11204954236745834,0.09454017132520676
829,kaleidoptsd,high_maturity,False,CLIPese,0.0,True,mature,0.3194,False,,-1,0.41146046,0.48313802,0.11204954236745834,0.09454017132520676
830,orangucolorized,high_maturity,False,CLIPese,0.0,True,mature,0.23167500000000002,False,,-1,-0.07669611,0.47955298,0.11204954236745834,0.09454017132520676
831,limergreenpeace,high_maturity,False,CLIPese,0.0,True,mature,0.6474,False,,-1,0.17685473,0.21258663,0.11204954236745834,0.09454017132520676
832,mandelcubes,high_maturity,False,CLIPese,0.0,True,mature,0.88155,True,orthographic_hard,4,0.2288209,0.26819667,0.11204954236745834,0.09454017132520676
833,coralspectral,high_maturity,False,CLIPese,0.0,True,mature,0.5263,True,orthographic_hard,25,-0.54320055,0.028715745,0.11204954236745834,0.09454017132520676
834,bobcats,high_maturity,True,English,2.96,True,mature,0.784425,False,,-1,0.22467987,0.14517528,0.11204954236745834,0.09454017132520676
835,camouflasempercroissant,high_maturity,False,CLIPese,0.0,True,mature,0.236075,False,,-1,-0.2950896,0.23239015,0.11204954236745834,0.09454017132520676
836,chromorgb,high_maturity,False,CLIPese,0.0,True,mature,0.641225,False,,-1,0.037254613,-0.087645985,0.11204954236745834,0.09454017132520676
837,pygdeer,high_maturity,False,CLIPese,0.0,True,mature,0.7384750000000001,True,mature_readable,277,0.03411283,-0.17014734,0.11204954236745834,0.09454017132520676
838,imagegilglitch,high_maturity,False,CLIPese,0.0,True,mature,0.20535,False,,-1,-0.32184666,-0.044207618,0.11204954236745834,0.09454017132520676
839,servepiranfreddy,high_maturity,False,CLIPese,0.0,True,mature,0.424625,False,,-1,0.008313317,-0.19243537,0.11204954236745834,0.09454017132520676
840,augmenterepetimage,high_maturity,False,CLIPese,0.0,True,mature,0.2903,False,,-1,-0.32847524,-0.049566615,0.11204954236745834,0.09454017132520676
841,popsicadirondchairs,high_maturity,False,CLIPese,0.0,True,mature,0.10505,False,,-1,-0.18148565,0.13074024,0.11204954236745834,0.09454017132520676
842,catcollage,high_maturity,False,CLIPese,0.0,True,mature,0.32885,False,,-1,0.12674735,-0.21297392,0.11204954236745834,0.09454017132520676
843,juddmonte,high_maturity,True,English,1.52,True,mature,0.6487999999999999,False,,-1,-0.22350293,0.49535242,0.11204954236745834,0.09454017132520676
844,cushions,high_maturity,True,English,3.19,True,mature,0.8280000000000001,True,mature_readable,199,-0.34866622,-0.07869725,0.11204954236745834,0.09454017132520676
845,cyberpunks,high_maturity,False,CLIPese,0.0,True,mature,0.797275,False,,-1,0.18198293,-0.23572803,0.11204954236745834,0.09454017132520676
846,bitscrambled,high_maturity,False,CLIPese,0.0,True,mature,0.23827499999999996,False,,-1,-0.32477129,-0.11674568,0.11204954236745834,0.09454017132520676
847,anarchiscissors,high_maturity,False,CLIPese,0.0,True,mature,0.689975,False,,-1,-0.11495278,0.41591775,0.11204954236745834,0.09454017132520676
848,denosau,high_maturity,False,CLIPese,0.0,True,mature,0.7828249999999999,True,mature_readable,175,0.08077446,-0.24229054,0.11204954236745834,0.09454017132520676
849,runetaxidergallobunny,high_maturity,False,CLIPese,0.0,True,mature,0.30975,False,,-1,0.5989958,0.21944837,0.11204954236745834,0.09454017132520676
850,avengersendgame,high_maturity,False,CLIPese,0.0,True,mature,0.427675,False,,-1,0.13918605,0.28354564,0.11204954236745834,0.09454017132520676
851,andalioloisa,high_maturity,False,CLIPese,0.0,True,mature,0.4703,False,,-1,0.11699737,-0.19025585,0.11204954236745834,0.09454017132520676
852,leicemoji,high_maturity,False,CLIPese,0.0,True,mature,0.5364,False,,-1,0.2633845,0.43641666,0.11204954236745834,0.09454017132520676
853,katiecassidy,high_maturity,False,CLIPese,0.0,True,mature,0.29435,False,,-1,0.20426059,-0.25687125,0.11204954236745834,0.09454017132520676
854,orangusentinsentinbarista,high_maturity,False,CLIPese,0.0,True,mature,0.17872500000000002,False,,-1,-0.06260929,-0.19782874,0.11204954236745834,0.09454017132520676
855,zarkorel,high_maturity,False,CLIPese,0.0,True,mature,0.33730000000000004,False,,-1,0.032058086,-0.8275943,0.11204954236745834,0.09454017132520676
856,catlabelled,high_maturity,False,CLIPese,0.0,True,mature,0.330475,False,,-1,-0.3410481,-0.10163687,0.11204954236745834,0.09454017132520676
857,adoplabrador,high_maturity,False,CLIPese,0.0,True,mature,0.59,False,,-1,-0.18746659,0.30579266,0.11204954236745834,0.09454017132520676
858,calibrselecting,high_maturity,False,CLIPese,0.0,True,mature,0.5602750000000001,False,,-1,0.17350262,-0.27650794,0.11204954236745834,0.09454017132520676
859,crystpng,high_maturity,False,CLIPese,0.0,True,mature,0.720725,True,mature_readable,227,0.21714327,0.22758424,0.11204954236745834,0.09454017132520676
860,kortajarena,high_maturity,False,CLIPese,0.0,True,mature,0.20205,True,mature_weak,443,-0.50818807,0.015641466,0.11204954236745834,0.09454017132520676
861,madhurigradepilsner,high_maturity,False,CLIPese,0.0,True,mature,0.509875,False,,-1,0.26961625,0.32070515,0.11204954236745834,0.09454017132520676
862,blurmonochrome,high_maturity,False,CLIPese,0.0,True,mature,0.162525,True,mature_weak,426,-0.4639556,0.4016808,0.11204954236745834,0.09454017132520676
863,mariozaynmalik,high_maturity,False,CLIPese,0.0,True,mature,0.3878,False,,-1,0.011769548,-0.8000057,0.11204954236745834,0.09454017132520676
864,beckyg,high_maturity,False,CLIPese,0.0,True,mature,0.719325,False,,-1,0.30145684,0.2934635,0.11204954236745834,0.09454017132520676
865,shkapoor,high_maturity,False,CLIPese,0.0,True,mature,0.5521,False,,-1,0.17572619,-0.18370306,0.11204954236745834,0.09454017132520676
866,griffintaxiderphl,high_maturity,False,CLIPese,0.0,True,mature,0.087975,False,,-1,0.4671663,-0.3324243,0.11204954236745834,0.09454017132520676
867,jonathanrhysme,high_maturity,False,CLIPese,0.0,True,mature,0.26780000000000004,False,,-1,-0.39494497,0.013152232,0.11204954236745834,0.09454017132520676
868,africbigfoot,high_maturity,False,CLIPese,0.0,True,mature,0.6326499999999999,False,,-1,-0.04370844,-0.1608419,0.11204954236745834,0.09454017132520676
869,tuxwhischibi,high_maturity,False,CLIPese,0.0,True,mature,0.23832499999999998,False,,-1,0.72803646,-0.43704492,0.11204954236745834,0.09454017132520676
870,chromoclouds,high_maturity,False,CLIPese,0.0,True,mature,0.41190000000000004,False,,-1,-0.697872,0.10346176,0.11204954236745834,0.09454017132520676
871,buteo,high_maturity,True,English,1.63,True,mature,0.829975,True,mature_readable,137,0.25633842,0.46707535,0.11204954236745834,0.09454017132520676
872,pizzmattel,high_maturity,False,CLIPese,0.0,True,mature,0.7029749999999999,False,,-1,-0.10118677,-0.87818354,0.11204954236745834,0.09454017132520676
873,loafpurrmulticcube,high_maturity,False,CLIPese,0.0,True,mature,0.564075,False,,-1,-0.38521847,-0.10879749,0.11204954236745834,0.09454017132520676
874,aviationgermany,high_maturity,False,CLIPese,0.0,True,mature,0.689175,False,,-1,-0.64240456,0.12685268,0.11204954236745834,0.09454017132520676
875,calibrarbitrfbi,high_maturity,False,CLIPese,0.0,True,mature,0.593775,False,,-1,-0.035898596,0.29518637,0.11204954236745834,0.09454017132520676
876,climbpaws,high_maturity,False,CLIPese,0.0,True,mature,0.751575,True,mature_readable,207,0.10264794,-0.1926402,0.11204954236745834,0.09454017132520676
877,zubanski,high_maturity,False,CLIPese,0.0,True,mature,0.37905,False,,-1,0.022907048,-0.59770805,0.11204954236745834,0.09454017132520676
878,crystalliknitting,high_maturity,False,CLIPese,0.0,True,mature,0.343925,False,,-1,-0.47329268,0.021341365,0.11204954236745834,0.09454017132520676
879,kaleidoportal,high_maturity,False,CLIPese,0.0,True,mature,0.20999999999999996,False,,-1,0.06987534,-0.22527131,0.11204954236745834,0.09454017132520676
880,catpillow,high_maturity,False,CLIPese,0.0,True,mature,0.7623000000000001,True,mature_readable,261,0.12455292,-0.22168985,0.11204954236745834,0.09454017132520676
881,churcheshour,high_maturity,False,CLIPese,0.0,True,mature,0.73955,True,mature_readable,249,0.21265262,0.25145072,0.11204954236745834,0.09454017132520676
882,tegu,high_maturity,True,English,1.5,True,mature,0.7462250000000001,False,,-1,0.05966519,-0.15632758,0.11204954236745834,0.09454017132520676
883,bulbas,high_maturity,False,CLIPese,0.0,True,mature,0.87195,True,mature_readable,110,0.015974084,-0.1600008,0.11204954236745834,0.09454017132520676
884,azadimarch,high_maturity,False,CLIPese,0.0,True,mature,0.625275,False,,-1,-0.6214336,-0.32294232,0.11204954236745834,0.09454017132520676
885,adventcalendar,high_maturity,False,CLIPese,0.0,True,mature,0.646575,False,,-1,0.32360637,0.45520228,0.11204954236745834,0.09454017132520676
886,methylmathematrender,high_maturity,False,CLIPese,0.0,True,mature,0.34305,False,,-1,-0.50085354,-0.046396308,0.11204954236745834,0.09454017132520676
887,calibrspeaker,high_maturity,False,CLIPese,0.0,True,mature,0.49824999999999997,False,,-1,-0.21933542,0.36999995,0.11204954236745834,0.09454017132520676
888,interopergogh,high_maturity,False,CLIPese,0.0,True,mature,0.46,False,,-1,0.21056283,0.08893547,0.11204954236745834,0.09454017132520676
889,nascarpixelart,high_maturity,False,CLIPese,0.0,True,mature,0.127925,False,,-1,0.6203928,0.013961478,0.11204954236745834,0.09454017132520676
890,kaleidochatbots,high_maturity,False,CLIPese,0.0,True,mature,0.4772,False,,-1,0.16968952,-0.26321766,0.11204954236745834,0.09454017132520676
891,michelinguide,high_maturity,False,CLIPese,0.0,True,mature,0.27194999999999997,False,,-1,-0.016810806,-0.17156854,0.11204954236745834,0.09454017132520676
892,bitcrystplot,high_maturity,False,CLIPese,0.0,True,mature,0.32835000000000003,False,,-1,0.15407674,-0.20157531,0.11204954236745834,0.09454017132520676
893,autiepilepsy,high_maturity,False,CLIPese,0.0,True,mature,0.3948,False,,-1,0.14552227,-0.24538407,0.11204954236745834,0.09454017132520676
894,taxidersculptures,high_maturity,False,CLIPese,0.0,True,mature,0.1328,False,,-1,0.5355363,0.43648434,0.11204954236745834,0.09454017132520676
895,coffeehour,high_maturity,False,CLIPese,0.0,True,mature,0.7911250000000001,False,,-1,0.12529933,-0.19144425,0.11204954236745834,0.09454017132520676
896,sockdeteriorchimney,high_maturity,False,CLIPese,0.0,True,mature,0.411975,False,,-1,0.19096336,-0.22051091,0.11204954236745834,0.09454017132520676
897,cartoonpolka,high_maturity,False,CLIPese,0.0,True,mature,0.424825,False,,-1,0.17632936,-0.16807254,0.11204954236745834,0.09454017132520676
898,orangurooster,high_maturity,False,CLIPese,0.0,True,mature,0.28535,False,,-1,-0.6241181,0.080478735,0.11204954236745834,0.09454017132520676
899,britibatman,high_maturity,False,CLIPese,0.0,True,mature,0.5638,False,,-1,0.15856205,-0.33481672,0.11204954236745834,0.09454017132520676
900,canola,high_maturity,True,English,2.74,True,mature,0.87035,True,mature_readable,173,0.32070807,0.41841277,0.11204954236745834,0.09454017132520676
901,sevelcollie,high_maturity,False,CLIPese,0.0,True,mature,0.37234999999999996,False,,-1,-0.51238006,0.0061365576,0.11204954236745834,0.09454017132520676
902,taxiderspinostare,high_maturity,False,CLIPese,0.0,True,mature,0.08157500000000001,False,,-1,0.8101504,-0.22060943,0.11204954236745834,0.09454017132520676
903,adjuzebra,high_maturity,False,CLIPese,0.0,True,mature,0.264,False,,-1,0.12151674,0.20827256,0.11204954236745834,0.09454017132520676
904,aberdeencentri,high_maturity,False,CLIPese,0.0,True,mature,0.5557749999999999,False,,-1,0.35286668,0.4645705,0.11204954236745834,0.09454017132520676
905,configurdonut,high_maturity,False,CLIPese,0.0,True,mature,0.8402000000000001,True,mature_readable,109,-0.451976,-0.026324755,0.11204954236745834,0.09454017132520676
906,spookaleidoretarmicroscopy,high_maturity,False,CLIPese,0.0,True,mature,0.137875,False,,-1,-0.056517296,0.4559774,0.11204954236745834,0.09454017132520676
907,falkgregorwolfoscars,high_maturity,False,CLIPese,0.0,True,mature,0.45802499999999996,False,,-1,0.21055532,-0.005593411,0.11204954236745834,0.09454017132520676
908,crystalligenerative,high_maturity,False,CLIPese,0.0,True,mature,0.13757499999999998,False,,-1,0.29064634,0.2592855,0.11204954236745834,0.09454017132520676
909,bitimagespectral,high_maturity,False,CLIPese,0.0,True,mature,0.37177499999999997,False,,-1,0.03724223,-0.05494403,0.11204954236745834,0.09454017132520676
910,bloodywasher,high_maturity,False,CLIPese,0.0,True,mature,0.597425,False,,-1,-0.347586,-0.020450372,0.11204954236745834,0.09454017132520676
911,dinosawallpapers,high_maturity,False,CLIPese,0.0,True,mature,0.25117500000000004,False,,-1,0.11797452,-0.25124687,0.11204954236745834,0.09454017132520676
912,bbcscanned,high_maturity,False,CLIPese,0.0,True,mature,0.506175,False,,-1,-0.23685828,0.20642823,0.11204954236745834,0.09454017132520676
913,turbulmosaic,high_maturity,False,CLIPese,0.0,True,mature,0.39787500000000003,False,,-1,0.356971,0.4821579,0.11204954236745834,0.09454017132520676
914,trusttowbars,high_maturity,False,CLIPese,0.0,True,mature,0.14237499999999997,True,mature_weak,406,0.07693461,-0.16968784,0.11204954236745834,0.09454017132520676
915,btsxfortnite,high_maturity,False,CLIPese,0.0,True,mature,0.5097499999999999,False,,-1,0.38604212,-0.05799169,0.11204954236745834,0.09454017132520676
916,anatomfingers,high_maturity,False,CLIPese,0.0,True,mature,0.8562250000000001,True,orthographic_hard,48,0.27781305,0.46036655,0.11204954236745834,0.09454017132520676
917,willydigitalart,high_maturity,False,CLIPese,0.0,True,mature,0.04925,True,mature_weak,434,0.06850341,-0.20094487,0.11204954236745834,0.09454017132520676
918,christmaglobe,high_maturity,False,CLIPese,0.0,True,mature,0.356675,False,,-1,0.20386657,0.11946944,0.11204954236745834,0.09454017132520676
919,bubbwarp,high_maturity,False,CLIPese,0.0,True,mature,0.67935,False,,-1,0.13090172,0.057128407,0.11204954236745834,0.09454017132520676
920,taxiderfigfoxy,high_maturity,False,CLIPese,0.0,True,mature,0.18164999999999998,False,,-1,0.82706505,0.116868965,0.11204954236745834,0.09454017132520676
921,brutalbeetle,high_maturity,False,CLIPese,0.0,True,mature,0.6455,False,,-1,0.11634272,-0.24854144,0.11204954236745834,0.09454017132520676
922,satellchihuahua,high_maturity,False,CLIPese,0.0,True,mature,0.599925,False,,-1,0.041609783,-0.21552122,0.11204954236745834,0.09454017132520676
923,bitmeasles,high_maturity,False,CLIPese,0.0,True,mature,0.6458499999999999,False,,-1,-0.24988031,0.2276138,0.11204954236745834,0.09454017132520676
924,mandelwatercolor,high_maturity,False,CLIPese,0.0,True,mature,0.3654,False,,-1,0.093645096,-0.23320815,0.11204954236745834,0.09454017132520676
925,anabhumidiadapter,high_maturity,False,CLIPese,0.0,True,mature,0.4609,False,,-1,-0.54462254,0.056501422,0.11204954236745834,0.09454017132520676
926,museodel,high_maturity,False,CLIPese,0.0,True,mature,0.4377,False,,-1,-0.45619157,-0.06909015,0.11204954236745834,0.09454017132520676
927,mandelpixels,high_maturity,False,CLIPese,0.0,True,mature,0.22975,False,,-1,0.17522703,-0.30427983,0.11204954236745834,0.09454017132520676
928,iphonewarhol,high_maturity,False,CLIPese,0.0,True,mature,0.7511000000000001,True,mature_readable,252,0.09637264,-0.18326658,0.11204954236745834,0.09454017132520676
929,albatgalveston,high_maturity,False,CLIPese,0.0,True,mature,0.442225,False,,-1,0.070710376,0.24279435,0.11204954236745834,0.09454017132520676
930,clawjug,high_maturity,False,CLIPese,0.0,True,mature,0.7409749999999999,True,mature_readable,225,0.077015616,-0.15663578,0.11204954236745834,0.09454017132520676
931,basketof,high_maturity,False,CLIPese,0.0,True,mature,0.7664,False,,-1,0.07659982,-0.2078678,0.11204954236745834,0.09454017132520676
932,christmamessi,high_maturity,False,CLIPese,0.0,True,mature,0.634975,False,,-1,-0.19512187,-0.16088642,0.11204954236745834,0.09454017132520676
933,ploughreservmagpie,high_maturity,False,CLIPese,0.0,True,mature,0.2367,False,,-1,0.17037837,0.17459455,0.11204954236745834,0.09454017132520676
934,taxiderbat,high_maturity,False,CLIPese,0.0,True,mature,0.5332250000000001,False,,-1,0.20860097,-0.2623134,0.11204954236745834,0.09454017132520676
935,sityimagenoise,high_maturity,False,CLIPese,0.0,True,mature,0.062725,True,mature_weak,384,0.0040131607,-0.18073879,0.11204954236745834,0.09454017132520676
936,deancain,high_maturity,False,CLIPese,0.0,True,mature,0.8855,True,mature_readable,97,-0.6236417,0.044618987,0.11204954236745834,0.09454017132520676
937,dumbwaiter,high_maturity,True,English,1.78,True,mature,0.47487500000000005,False,,-1,0.30147466,0.5723783,0.11204954236745834,0.09454017132520676
938,duffdachshund,high_maturity,False,CLIPese,0.0,True,mature,0.32815000000000005,False,,-1,-0.10067128,-0.15328023,0.11204954236745834,0.09454017132520676
939,braincircuits,high_maturity,False,CLIPese,0.0,True,mature,0.60585,False,,-1,0.27717146,0.35546282,0.11204954236745834,0.09454017132520676
940,bunplatz,high_maturity,False,CLIPese,0.0,True,mature,0.694725,False,,-1,-0.040663473,-0.69146514,0.11204954236745834,0.09454017132520676
941,calibrtiff,high_maturity,False,CLIPese,0.0,True,mature,0.43365000000000004,False,,-1,0.13527937,-0.20168903,0.11204954236745834,0.09454017132520676
942,pyggoat,high_maturity,False,CLIPese,0.0,True,mature,0.6359,False,,-1,-0.30746815,-0.016009904,0.11204954236745834,0.09454017132520676
943,mandelpollock,high_maturity,False,CLIPese,0.0,True,mature,0.295675,False,,-1,0.1503883,-0.21428041,0.11204954236745834,0.09454017132520676
944,backstreetgenerator,high_maturity,False,CLIPese,0.0,True,mature,0.561625,False,,-1,0.12921673,-0.15115884,0.11204954236745834,0.09454017132520676
945,kaleidozombimedusa,high_maturity,False,CLIPese,0.0,True,mature,0.232625,False,,-1,-0.22349901,-0.69593024,0.11204954236745834,0.09454017132520676
946,thonknaubergkin,high_maturity,False,CLIPese,0.0,True,mature,0.154625,False,,-1,-0.051135316,0.4238817,0.11204954236745834,0.09454017132520676
947,crystplot,high_maturity,False,CLIPese,0.0,True,mature,0.50175,False,,-1,0.11015434,-0.17470656,0.11204954236745834,0.09454017132520676
948,louboutchicks,high_maturity,False,CLIPese,0.0,True,mature,0.512275,False,,-1,0.2842252,0.46552292,0.11204954236745834,0.09454017132520676
949,mandeldistormicroscopy,high_maturity,False,CLIPese,0.0,True,mature,0.225225,False,,-1,-0.42031276,-0.027517192,0.11204954236745834,0.09454017132520676
950,calliglitch,high_maturity,False,CLIPese,0.0,True,mature,0.48317499999999997,False,,-1,-0.43796673,-0.028225213,0.11204954236745834,0.09454017132520676
951,manjaro,high_maturity,True,English,1.54,True,mature,0.60755,False,,-1,0.21421789,0.39522564,0.11204954236745834,0.09454017132520676
952,bunnyhorse,high_maturity,False,CLIPese,0.0,True,mature,0.77345,True,mature_readable,221,0.09868154,-0.19570789,0.11204954236745834,0.09454017132520676
953,kaleidosprouts,high_maturity,False,CLIPese,0.0,True,mature,0.46172500000000005,False,,-1,-0.15090913,-0.15546927,0.11204954236745834,0.09454017132520676
954,ophysafarilive,high_maturity,False,CLIPese,0.0,True,mature,0.13212500000000002,False,,-1,0.25600758,-0.053772092,0.11204954236745834,0.09454017132520676
955,eucalypautumnal,high_maturity,False,CLIPese,0.0,True,mature,0.355225,False,,-1,-0.038956475,0.565428,0.11204954236745834,0.09454017132520676
956,bicondova,high_maturity,True,English,1.23,True,mature,0.48910000000000003,False,,-1,-0.5736448,0.03655923,0.11204954236745834,0.09454017132520676
957,blurgopro,high_maturity,False,CLIPese,0.0,True,mature,0.51565,False,,-1,0.15150288,-0.2740103,0.11204954236745834,0.09454017132520676
958,pixelfracroblox,high_maturity,False,CLIPese,0.0,True,mature,0.278275,False,,-1,0.88392067,-0.4747502,0.11204954236745834,0.09454017132520676
959,webcamantigua,high_maturity,False,CLIPese,0.0,True,mature,0.273275,False,,-1,-0.5201422,0.041024357,0.11204954236745834,0.09454017132520676
960,visualaugmenteshark,high_maturity,False,CLIPese,0.0,True,mature,0.393675,False,,-1,-0.06933821,0.44838953,0.11204954236745834,0.09454017132520676
961,canadas,high_maturity,True,English,2.15,True,mature,0.512,False,,-1,0.024805797,-0.1979632,0.11204954236745834,0.09454017132520676
962,taxiderchievllama,high_maturity,False,CLIPese,0.0,True,mature,0.3474,False,,-1,0.652871,0.37233227,0.11204954236745834,0.09454017132520676
963,pygboerformations,high_maturity,False,CLIPese,0.0,True,mature,0.32627500000000004,False,,-1,0.14129403,-0.23718038,0.11204954236745834,0.09454017132520676
964,bonebombs,high_maturity,False,CLIPese,0.0,True,mature,0.8820749999999999,True,mature_readable,122,0.17701657,-0.24272911,0.11204954236745834,0.09454017132520676
965,haunnebula,high_maturity,False,CLIPese,0.0,True,mature,0.769275,True,mature_readable,216,-0.5714646,0.0016216557,0.11204954236745834,0.09454017132520676
966,kaleidodigitalart,high_maturity,False,CLIPese,0.0,True,mature,0.0242,True,mature_weak,368,0.23662548,-0.2717367,0.11204954236745834,0.09454017132520676
967,beckylynch,high_maturity,False,CLIPese,0.0,True,mature,0.416825,False,,-1,0.19869427,-0.2494754,0.11204954236745834,0.09454017132520676
968,louboutlatex,high_maturity,False,CLIPese,0.0,True,mature,0.11405000000000001,True,mature_weak,392,-0.092788756,-0.18707158,0.11204954236745834,0.09454017132520676
969,nocchi,high_maturity,False,CLIPese,0.0,True,mature,0.22857500000000003,False,,-1,-0.5452643,0.033983298,0.11204954236745834,0.09454017132520676
970,colordisintegrmeasles,high_maturity,False,CLIPese,0.0,True,mature,0.40762499999999996,False,,-1,0.07150098,0.5534694,0.11204954236745834,0.09454017132520676
971,slurcorn,high_maturity,False,CLIPese,0.0,True,mature,0.464225,False,,-1,0.051200155,0.58988005,0.11204954236745834,0.09454017132520676
972,montessgauge,high_maturity,False,CLIPese,0.0,True,mature,0.45375,False,,-1,-0.049179092,0.41924646,0.11204954236745834,0.09454017132520676
973,sagittsafarilive,high_maturity,False,CLIPese,0.0,True,mature,0.201775,False,,-1,0.09084641,-0.22309905,0.11204954236745834,0.09454017132520676
974,bunmotto,high_maturity,False,CLIPese,0.0,True,mature,0.6681,False,,-1,-0.37291723,-0.0015555337,0.11204954236745834,0.09454017132520676
975,canadaday,high_maturity,False,CLIPese,0.0,True,mature,0.49712500000000004,False,,-1,-0.5266212,0.019036654,0.11204954236745834,0.09454017132520676
976,atosaurus,high_maturity,False,CLIPese,0.0,True,mature,0.5765750000000001,False,,-1,-0.56842613,0.03446319,0.11204954236745834,0.09454017132520676
977,bbcbratcompression,high_maturity,False,CLIPese,0.0,True,mature,0.455075,False,,-1,-0.16415375,0.3579749,0.11204954236745834,0.09454017132520676
978,christmamural,high_maturity,False,CLIPese,0.0,True,mature,0.35555000000000003,False,,-1,0.08790264,-0.26100984,0.11204954236745834,0.09454017132520676
979,panordigitalart,high_maturity,False,CLIPese,0.0,True,mature,0.122775,False,,-1,-0.38130805,-0.06716479,0.11204954236745834,0.09454017132520676
980,cufflink,high_maturity,True,English,1.69,True,mature,0.66255,False,,-1,0.061737176,-0.16589484,0.11204954236745834,0.09454017132520676
981,clipclip,high_maturity,False,CLIPese,0.0,True,mature,0.302825,False,,-1,0.27247015,0.39880866,0.11204954236745834,0.09454017132520676
982,taxiderrabbits,high_maturity,False,CLIPese,0.0,True,mature,0.5099499999999999,False,,-1,-0.10039504,-0.15923211,0.11204954236745834,0.09454017132520676
983,fracroblopixels,high_maturity,False,CLIPese,0.0,True,mature,0.348025,False,,-1,0.594772,-0.41942617,0.11204954236745834,0.09454017132520676
984,birdhouse,high_maturity,True,English,2.32,True,mature,0.561175,False,,-1,-0.16119035,-0.19174871,0.11204954236745834,0.09454017132520676
985,kaleidopete,high_maturity,False,CLIPese,0.0,True,mature,0.32839999999999997,False,,-1,0.09676241,-0.19109878,0.11204954236745834,0.09454017132520676
986,bubbleimage,high_maturity,False,CLIPese,0.0,True,mature,0.3638,False,,-1,-0.21703231,-0.09054415,0.11204954236745834,0.09454017132520676
987,easternbridgseleccardigan,high_maturity,False,CLIPese,0.0,True,mature,0.44677500000000003,False,,-1,-0.35769105,0.42008466,0.11204954236745834,0.09454017132520676
988,imagenoise,high_maturity,False,CLIPese,0.0,True,mature,0.2626,False,,-1,0.06261197,-0.2077287,0.11204954236745834,0.09454017132520676
989,puppmightywentworth,high_maturity,False,CLIPese,0.0,True,mature,0.31079999999999997,False,,-1,-0.027806683,-0.10520681,0.11204954236745834,0.09454017132520676
990,mandelchromatic,high_maturity,False,CLIPese,0.0,True,mature,0.49004999999999993,False,,-1,0.32463336,0.32171252,0.11204954236745834,0.09454017132520676
991,dalmatimammal,high_maturity,False,CLIPese,0.0,True,mature,0.2388,False,,-1,0.14599518,0.17920354,0.11204954236745834,0.09454017132520676
992,piecehall,high_maturity,False,CLIPese,0.0,True,mature,0.4222,False,,-1,0.28326187,0.42878947,0.11204954236745834,0.09454017132520676
993,chinesecommunist,high_maturity,False,CLIPese,0.0,True,mature,0.689125,False,,-1,0.16048594,0.2589381,0.11204954236745834,0.09454017132520676
994,artyalgorithm,high_maturity,False,CLIPese,0.0,True,mature,0.29925,False,,-1,-0.0061998884,-0.14650996,0.11204954236745834,0.09454017132520676
995,lasagelengmicroscope,high_maturity,False,CLIPese,0.0,True,mature,0.49835,False,,-1,-0.62319165,0.06477153,0.11204954236745834,0.09454017132520676
996,bridgpixels,high_maturity,False,CLIPese,0.0,True,mature,0.40142500000000003,False,,-1,0.5822408,-0.3848303,0.11204954236745834,0.09454017132520676
997,alyssdigitalart,high_maturity,False,CLIPese,0.0,True,mature,0.19565,False,,-1,-0.21862537,0.40184936,0.11204954236745834,0.09454017132520676
998,cilantro,high_maturity,True,English,2.89,True,mature,0.546925,False,,-1,-0.08476683,-0.091691874,0.11204954236745834,0.09454017132520676
999,kaleidopixels,high_maturity,False,CLIPese,0.0,True,mature,0.08775,False,,-1,-0.26643407,-0.13248453,0.11204954236745834,0.09454017132520676
1000,coogs,high_maturity,True,English,1.11,True,mature,0.209125,False,,-1,-0.48153347,0.0033931395,0.11204954236745834,0.09454017132520676
1001,abstrexploexpirmonet,high_maturity,False,CLIPese,0.0,True,mature,0.30374999999999996,False,,-1,0.712291,0.3902702,0.11204954236745834,0.09454017132520676
1002,runemaraulynx,high_maturity,False,CLIPese,0.0,True,mature,0.29335,False,,-1,0.7362719,0.0050158324,0.11204954236745834,0.09454017132520676
1003,anatomveins,high_maturity,False,CLIPese,0.0,True,mature,0.708325,True,orthographic_hard,49,-0.49198973,0.4287711,0.11204954236745834,0.09454017132520676
1004,cranes,high_maturity,True,English,3.33,True,mature,0.792325,True,orthographic_hard,26,0.03559096,-0.2412055,0.11204954236745834,0.09454017132520676
1005,acrobjump,high_maturity,False,CLIPese,0.0,True,mature,0.798775,True,mature_readable,193,0.08958417,-0.2128407,0.11204954236745834,0.09454017132520676
1006,bestofrainbowrandom,high_maturity,False,CLIPese,0.0,True,mature,0.39202499999999996,False,,-1,-0.27052185,-0.083947554,0.11204954236745834,0.09454017132520676
1007,nanopspherkeef,high_maturity,False,CLIPese,0.0,True,mature,0.5521750000000001,False,,-1,-0.37033454,-0.057630356,0.11204954236745834,0.09454017132520676
1008,rounbabymetal,high_maturity,False,CLIPese,0.0,True,mature,0.3719,False,,-1,0.30072796,0.44351548,0.11204954236745834,0.09454017132520676
1009,crystcrayon,high_maturity,False,CLIPese,0.0,True,mature,0.581175,False,,-1,0.07854554,-0.19036108,0.11204954236745834,0.09454017132520676
1010,bikelife,high_maturity,False,CLIPese,0.0,True,mature,0.33092499999999997,False,,-1,0.2709497,0.10508896,0.11204954236745834,0.09454017132520676
1011,owlhyacinavian,high_maturity,False,CLIPese,0.0,True,mature,0.429525,False,,-1,0.27953768,0.19266847,0.11204954236745834,0.09454017132520676
1012,kaleidosurrealism,high_maturity,False,CLIPese,0.0,True,mature,0.24575000000000002,False,,-1,-0.14587864,-0.11123749,0.11204954236745834,0.09454017132520676
1013,tuxbulldog,high_maturity,False,CLIPese,0.0,True,mature,0.64805,False,,-1,0.43568194,-0.31428242,0.11204954236745834,0.09454017132520676
1014,spiderposing,high_maturity,False,CLIPese,0.0,True,mature,0.6655,False,,-1,-0.39659262,-0.039242122,0.11204954236745834,0.09454017132520676
1015,calibrpixels,high_maturity,False,CLIPese,0.0,True,mature,0.284075,False,,-1,0.5999143,-0.4259352,0.11204954236745834,0.09454017132520676
1016,blackcosplay,high_maturity,False,CLIPese,0.0,True,mature,0.49422499999999997,False,,-1,0.34792805,0.22859009,0.11204954236745834,0.09454017132520676
1017,calibrpixel,high_maturity,False,CLIPese,0.0,True,mature,0.22435000000000002,False,,-1,0.5352348,-0.3721273,0.11204954236745834,0.09454017132520676
1018,acycling,high_maturity,False,CLIPese,0.0,True,mature,0.808175,True,orthographic_hard,23,0.19170734,0.18171258,0.11204954236745834,0.09454017132520676
1019,doortwickdoorghead,high_maturity,False,CLIPese,0.0,True,mature,0.452475,False,,-1,-0.024176497,-0.13215995,0.11204954236745834,0.09454017132520676
1020,sonnybrushing,high_maturity,False,CLIPese,0.0,True,mature,0.8930750000000001,True,mature_readable,87,-0.27870277,-0.06749006,0.11204954236745834,0.09454017132520676
1021,loafpersian,high_maturity,False,CLIPese,0.0,True,mature,0.677875,False,,-1,0.08865478,-0.22881594,0.11204954236745834,0.09454017132520676
1022,imagefuzzpepe,high_maturity,False,CLIPese,0.0,True,mature,0.45772500000000005,False,,-1,0.007712318,-0.3099676,0.11204954236745834,0.09454017132520676
1023,chromobishue,high_maturity,False,CLIPese,0.0,True,mature,0.52435,False,,-1,-0.5023071,-0.033440795,0.11204954236745834,0.09454017132520676
1024,chiranjeevi,high_maturity,True,English,1.98,True,mature,0.518425,False,,-1,0.02397369,-0.15677744,0.11204954236745834,0.09454017132520676
1025,carriages,high_maturity,True,English,3.37,True,mature,0.841175,True,mature_readable,172,-0.16767043,0.44549254,0.11204954236745834,0.09454017132520676
1026,bogota,high_maturity,True,English,2.9,True,mature,0.7501,False,,-1,0.19936116,0.35310465,0.11204954236745834,0.09454017132520676
1027,taxiderglufoxtele,high_maturity,False,CLIPese,0.0,True,mature,0.136725,False,,-1,0.6020988,-0.37608457,0.11204954236745834,0.09454017132520676
1028,codyseaworld,high_maturity,False,CLIPese,0.0,True,mature,0.8941,True,mature_readable,93,-0.24510406,0.27993715,0.11204954236745834,0.09454017132520676
1029,bobcsharkweek,high_maturity,False,CLIPese,0.0,True,mature,0.823275,True,orthographic_hard,21,-0.32875767,-0.046487033,0.11204954236745834,0.09454017132520676
1030,mileypixar,high_maturity,False,CLIPese,0.0,True,mature,0.47435000000000005,False,,-1,0.57029957,-0.3965478,0.11204954236745834,0.09454017132520676
1031,copernicuse,high_maturity,False,CLIPese,0.0,True,mature,0.520425,False,,-1,0.055020113,-0.24575898,0.11204954236745834,0.09454017132520676
1032,chromoradiation,high_maturity,False,CLIPese,0.0,True,mature,0.46549999999999997,False,,-1,0.2249577,0.41846487,0.11204954236745834,0.09454017132520676
1033,beverlogoraspberrymock,high_maturity,False,CLIPese,0.0,True,mature,0.85075,True,mature_readable,146,0.09974791,-0.17535925,0.11204954236745834,0.09454017132520676
1034,colourestimgraph,high_maturity,False,CLIPese,0.0,True,mature,0.030725000000000002,True,mature_weak,381,-0.6133186,0.07992475,0.11204954236745834,0.09454017132520676
1035,puppyoreo,high_maturity,False,CLIPese,0.0,True,mature,0.7110000000000001,False,,-1,0.21112509,0.15415537,0.11204954236745834,0.09454017132520676
1036,kaleidosimulation,high_maturity,False,CLIPese,0.0,True,mature,0.29279999999999995,False,,-1,-0.08385388,-0.14667366,0.11204954236745834,0.09454017132520676
1037,duckchihuahua,high_maturity,False,CLIPese,0.0,True,mature,0.6330500000000001,False,,-1,-0.016732376,0.13604155,0.11204954236745834,0.09454017132520676
1038,arthrelephant,high_maturity,False,CLIPese,0.0,True,mature,0.5776749999999999,False,,-1,-0.2948136,0.404853,0.11204954236745834,0.09454017132520676
1039,kaleidosweetie,high_maturity,False,CLIPese,0.0,True,mature,0.4181,False,,-1,0.3720749,0.31374112,0.11204954236745834,0.09454017132520676
1040,azerbai,high_maturity,False,CLIPese,0.0,True,mature,0.249,False,,-1,-0.02099089,-0.3454513,0.11204954236745834,0.09454017132520676
1041,calamari,high_maturity,True,English,2.57,True,mature,0.29952500000000004,False,,-1,0.32238445,0.39771104,0.11204954236745834,0.09454017132520676
1042,louboutfertilicord,high_maturity,False,CLIPese,0.0,True,mature,0.443175,False,,-1,-0.38834226,-0.035638247,0.11204954236745834,0.09454017132520676
1043,calibrcompression,high_maturity,False,CLIPese,0.0,True,mature,0.29055,False,,-1,-0.0130463,-0.22599617,0.11204954236745834,0.09454017132520676
1044,slimbridge,high_maturity,True,English,1.58,True,mature,0.552025,False,,-1,-0.29676977,-0.09620781,0.11204954236745834,0.09454017132520676
1045,kaleidoembroidefineartamerica,high_maturity,False,CLIPese,0.0,True,mature,0.026400000000000003,True,mature_weak,417,0.2574034,0.012350375,0.11204954236745834,0.09454017132520676
1046,crystcrystneural,high_maturity,False,CLIPese,0.0,True,mature,0.15952500000000003,False,,-1,0.096324846,0.018548239,0.11204954236745834,0.09454017132520676
1047,cornbread,high_maturity,True,English,2.72,True,mature,0.758775,False,,-1,0.021165282,-0.19664371,0.11204954236745834,0.09454017132520676
1048,dubaiprairiperched,high_maturity,False,CLIPese,0.0,True,mature,0.515275,False,,-1,-0.45999664,-0.052113634,0.11204954236745834,0.09454017132520676
1049,penduballs,high_maturity,False,CLIPese,0.0,True,mature,0.7134,True,fallback_fill,489,-0.3208418,-0.094556555,0.11204954236745834,0.09454017132520676
1050,cannonfencing,high_maturity,False,CLIPese,0.0,True,mature,0.755725,True,mature_readable,170,0.30415243,0.5394644,0.11204954236745834,0.09454017132520676
1051,gorillapixelart,high_maturity,False,CLIPese,0.0,True,mature,0.39964999999999995,False,,-1,0.3962306,-0.28886732,0.11204954236745834,0.09454017132520676
1052,owlmoths,high_maturity,False,CLIPese,0.0,True,mature,0.8834249999999999,True,mature_readable,78,0.0681605,-0.20523027,0.11204954236745834,0.09454017132520676
1053,tibetdogsoftwitter,high_maturity,False,CLIPese,0.0,True,mature,0.25087499999999996,False,,-1,0.02194684,-0.1901516,0.11204954236745834,0.09454017132520676
1054,bunrights,high_maturity,False,CLIPese,0.0,True,mature,0.8954249999999999,True,mature_readable,189,-0.019085867,-0.17062734,0.11204954236745834,0.09454017132520676
1055,bandanna,high_maturity,True,English,2.32,True,mature,0.8601,True,mature_readable,233,0.19141926,0.22779535,0.11204954236745834,0.09454017132520676
1056,taxidercrowneagle,high_maturity,False,CLIPese,0.0,True,mature,0.23485,False,,-1,0.47487316,0.1445765,0.11204954236745834,0.09454017132520676
1057,calibrscattered,high_maturity,False,CLIPese,0.0,True,mature,0.43300000000000005,False,,-1,0.29670578,0.09993765,0.11204954236745834,0.09454017132520676
1058,cssdatascience,high_maturity,False,CLIPese,0.0,True,mature,0.6828,True,fallback_fill,497,-0.25848937,-0.12036565,0.11204954236745834,0.09454017132520676
1059,darjegrizzlies,high_maturity,False,CLIPese,0.0,True,mature,0.5073000000000001,False,,-1,-0.10375265,-0.8715022,0.11204954236745834,0.09454017132520676
1060,macedcoyote,high_maturity,False,CLIPese,0.0,True,mature,0.7028249999999998,False,,-1,0.1148973,0.20142579,0.11204954236745834,0.09454017132520676
1061,bestfrienddesignwallets,high_maturity,False,CLIPese,0.0,True,mature,0.589425,False,,-1,-0.10100237,-0.16207302,0.11204954236745834,0.09454017132520676
1062,rafideerhare,high_maturity,False,CLIPese,0.0,True,mature,0.546575,False,,-1,0.1223589,-0.23895891,0.11204954236745834,0.09454017132520676
1063,monstesneakers,high_maturity,False,CLIPese,0.0,True,mature,0.31744999999999995,False,,-1,0.3708391,0.35414279,0.11204954236745834,0.09454017132520676
1064,vonerich,high_maturity,False,CLIPese,0.0,True,mature,0.42810000000000004,False,,-1,-0.10042184,0.5404391,0.11204954236745834,0.09454017132520676
1065,cattmesmeritranquility,high_maturity,False,CLIPese,0.0,True,mature,0.2584,False,,-1,0.072313175,-0.20551394,0.11204954236745834,0.09454017132520676
1066,bison,high_maturity,True,English,3.26,True,mature,0.8536499999999999,True,mature_readable,158,0.028081628,-0.21651259,0.11204954236745834,0.09454017132520676
1067,acarhamburg,high_maturity,False,CLIPese,0.0,True,mature,0.8224499999999999,True,mature_readable,153,0.27462503,0.44158113,0.11204954236745834,0.09454017132520676
1068,bodedog,high_maturity,False,CLIPese,0.0,True,mature,0.762275,False,,-1,0.06592806,-0.15724193,0.11204954236745834,0.09454017132520676
1069,yugosafarilive,high_maturity,False,CLIPese,0.0,True,mature,0.209175,False,,-1,-0.16537303,0.43843642,0.11204954236745834,0.09454017132520676
1070,mayoretriever,high_maturity,False,CLIPese,0.0,True,mature,0.23175,False,,-1,-0.4774508,0.0012645441,0.11204954236745834,0.09454017132520676
1071,acroncolours,high_maturity,False,CLIPese,0.0,True,mature,0.29875,False,,-1,-0.04547709,0.67402244,0.11204954236745834,0.09454017132520676
1072,prairiegret,high_maturity,False,CLIPese,0.0,True,mature,0.23302499999999998,False,,-1,0.07213477,-0.2457342,0.11204954236745834,0.09454017132520676
1073,algorimicroscope,high_maturity,False,CLIPese,0.0,True,mature,0.6882750000000001,False,,-1,0.1354425,-0.26736423,0.11204954236745834,0.09454017132520676
1074,cyberpackers,high_maturity,False,CLIPese,0.0,True,mature,0.865925,True,mature_readable,155,-0.1385712,-0.085779354,0.11204954236745834,0.09454017132520676
1075,dalmatipossum,high_maturity,False,CLIPese,0.0,True,mature,0.37985,False,,-1,0.0947739,-0.19883215,0.11204954236745834,0.09454017132520676
1076,bulldogs,high_maturity,True,English,3.64,True,mature,0.6002,False,,-1,0.0055583534,-0.18383506,0.11204954236745834,0.09454017132520676
1077,calibrcorrupt,high_maturity,False,CLIPese,0.0,True,mature,0.2334,False,,-1,-0.16546007,-0.097189486,0.11204954236745834,0.09454017132520676
1078,humidigrinder,high_maturity,False,CLIPese,0.0,True,mature,0.8339749999999999,False,,-1,0.1644069,0.17217699,0.11204954236745834,0.09454017132520676
1079,waratahs,high_maturity,True,English,2.32,True,mature,0.924775,True,mature_readable,58,0.123282276,-0.21142049,0.11204954236745834,0.09454017132520676
1080,bearcat,high_maturity,True,English,2.18,True,mature,0.5680999999999999,False,,-1,0.31853768,0.24314947,0.11204954236745834,0.09454017132520676
1081,kaleidoimage,high_maturity,False,CLIPese,0.0,True,mature,0.0754,False,,-1,-0.4160233,-0.06334872,0.11204954236745834,0.09454017132520676
1082,mathematzanziebony,high_maturity,False,CLIPese,0.0,True,mature,0.170225,True,mature_weak,421,-0.17135084,-0.56421757,0.11204954236745834,0.09454017132520676
1083,turtlebobcat,high_maturity,False,CLIPese,0.0,True,mature,0.39952499999999996,False,,-1,0.029134735,-0.19722237,0.11204954236745834,0.09454017132520676
1084,atarshark,high_maturity,False,CLIPese,0.0,True,mature,0.7997749999999999,True,mature_readable,236,0.20301019,-0.22328857,0.11204954236745834,0.09454017132520676
1085,spraggan,high_maturity,True,English,1.26,True,mature,0.709125,False,,-1,-0.3469908,-0.06624091,0.11204954236745834,0.09454017132520676
1086,kaleidotroops,high_maturity,False,CLIPese,0.0,True,mature,0.668075,False,,-1,0.19721177,-0.22077547,0.11204954236745834,0.09454017132520676
1087,benfica,high_maturity,True,English,2.97,True,mature,0.8503250000000002,True,mature_readable,159,0.107879065,-0.25908947,0.11204954236745834,0.09454017132520676
1088,boxingh,high_maturity,False,CLIPese,0.0,True,mature,0.7731,False,,-1,0.75574297,0.21344136,0.11204954236745834,0.09454017132520676
1089,gumbpixels,high_maturity,False,CLIPese,0.0,True,mature,0.417525,False,,-1,0.55812633,-0.33706325,0.11204954236745834,0.09454017132520676
1090,datadigitalart,high_maturity,False,CLIPese,0.0,True,mature,0.145325,False,,-1,-0.028097605,-0.16339426,0.11204954236745834,0.09454017132520676
1091,taxiderbunny,high_maturity,False,CLIPese,0.0,True,mature,0.4672,False,,-1,0.25653553,-0.30990478,0.11204954236745834,0.09454017132520676
1092,containfrisbee,high_maturity,False,CLIPese,0.0,True,mature,0.42895,False,,-1,-0.23235556,0.108558126,0.11204954236745834,0.09454017132520676
1093,catwoman,high_maturity,True,English,2.81,True,mature,0.5534250000000001,False,,-1,0.2607634,0.42524403,0.11204954236745834,0.09454017132520676
1094,fracsharkphotograph,high_maturity,False,CLIPese,0.0,True,mature,0.27415,False,,-1,0.02891103,0.12540321,0.11204954236745834,0.09454017132520676
1095,carsondoggie,high_maturity,False,CLIPese,0.0,True,mature,0.6833,False,,-1,0.06997148,-0.20905034,0.11204954236745834,0.09454017132520676
1096,chromodensity,high_maturity,False,CLIPese,0.0,True,mature,0.5218,False,,-1,-0.34159747,-0.016584165,0.11204954236745834,0.09454017132520676
1097,centrihospitgraph,high_maturity,False,CLIPese,0.0,True,mature,0.33740000000000003,False,,-1,0.28051263,0.5085646,0.11204954236745834,0.09454017132520676
1098,schwarzlabrador,high_maturity,False,CLIPese,0.0,True,mature,0.37815,False,,-1,0.28788447,0.28932384,0.11204954236745834,0.09454017132520676
1099,cycloclip,high_maturity,False,CLIPese,0.0,True,mature,0.594625,False,,-1,0.1613838,-0.25034744,0.11204954236745834,0.09454017132520676
1100,biksymbol,high_maturity,False,CLIPese,0.0,True,mature,0.4057,False,,-1,-0.15973374,-0.11998618,0.11204954236745834,0.09454017132520676
1101,birdowl,high_maturity,False,CLIPese,0.0,True,mature,0.516,False,,-1,0.33115435,0.40338415,0.11204954236745834,0.09454017132520676
1102,spectrocrystallistitchhare,high_maturity,False,CLIPese,0.0,True,mature,0.12497499999999997,True,mature_weak,409,0.18286248,0.2306798,0.11204954236745834,0.09454017132520676
1103,eritsyrianmarjmouse,high_maturity,False,CLIPese,0.0,True,mature,0.410925,False,,-1,0.20216711,0.048486963,0.11204954236745834,0.09454017132520676
1104,cloudbot,high_maturity,False,CLIPese,0.0,True,mature,0.8107000000000001,True,mature_readable,145,0.30475822,0.40352935,0.11204954236745834,0.09454017132520676
1105,bubbooooooooooooooooglobrendered,high_maturity,False,CLIPese,0.0,True,mature,0.1616,False,,-1,0.22135751,0.49435017,0.11204954236745834,0.09454017132520676
1106,pygfrog,high_maturity,False,CLIPese,0.0,True,mature,0.45447499999999996,False,,-1,0.011286386,0.18368457,0.11204954236745834,0.09454017132520676
1107,anarchitwenty,high_maturity,False,CLIPese,0.0,True,mature,0.33355,False,,-1,0.12181898,-0.2584941,0.11204954236745834,0.09454017132520676
1108,approachladybug,high_maturity,False,CLIPese,0.0,True,mature,0.4466,False,,-1,-0.3526797,0.24525873,0.11204954236745834,0.09454017132520676
1109,orangupixelart,high_maturity,False,CLIPese,0.0,True,mature,0.054125,True,mature_weak,428,-0.058295865,-0.1491357,0.11204954236745834,0.09454017132520676
1110,asburypark,high_maturity,False,CLIPese,0.0,True,mature,0.767525,True,mature_readable,246,-0.004014048,0.5172671,0.11204954236745834,0.09454017132520676
1111,hakkasan,high_maturity,True,English,1.68,True,mature,0.5940000000000001,False,,-1,0.19132718,-0.21037783,0.11204954236745834,0.09454017132520676
1112,pugrobots,high_maturity,False,CLIPese,0.0,True,mature,0.908725,True,mature_readable,86,0.10854698,-0.19840978,0.11204954236745834,0.09454017132520676
1113,kaleidotexture,high_maturity,False,CLIPese,0.0,True,mature,0.1143,False,,-1,0.63839287,0.3849174,0.11204954236745834,0.09454017132520676
1114,mandelbbcfrequency,high_maturity,False,CLIPese,0.0,True,mature,0.53735,False,,-1,0.12937456,0.44714084,0.11204954236745834,0.09454017132520676
1115,croeagle,high_maturity,False,CLIPese,0.0,True,mature,0.67735,True,fallback_fill,503,-0.3853412,0.28191912,0.11204954236745834,0.09454017132520676
1116,dyncylinders,high_maturity,False,CLIPese,0.0,True,mature,0.4537,False,,-1,0.13929765,-0.26328483,0.11204954236745834,0.09454017132520676
1117,ukedbundecarnaval,high_maturity,False,CLIPese,0.0,True,mature,0.462375,False,,-1,-0.6490991,0.031316023,0.11204954236745834,0.09454017132520676
1118,gigabzoimpressionist,high_maturity,False,CLIPese,0.0,True,mature,0.19847499999999998,False,,-1,-0.5190583,0.11691751,0.11204954236745834,0.09454017132520676
1119,humidiarduino,high_maturity,False,CLIPese,0.0,True,mature,0.8350250000000001,True,mature_readable,106,-0.50054485,-0.040708248,0.11204954236745834,0.09454017132520676
1120,cotswpolice,high_maturity,False,CLIPese,0.0,True,mature,0.508175,False,,-1,0.0744926,-0.031732347,0.11204954236745834,0.09454017132520676
1121,dendfractal,high_maturity,False,CLIPese,0.0,True,mature,0.363275,False,,-1,-0.011440849,-0.2075928,0.11204954236745834,0.09454017132520676
1122,camels,high_maturity,True,English,3.3,True,mature,0.83075,True,mature_readable,205,0.09729376,-0.24614134,0.11204954236745834,0.09454017132520676
1123,louboutplatform,high_maturity,False,CLIPese,0.0,True,mature,0.1637,False,,-1,-0.20229279,0.34830257,0.11204954236745834,0.09454017132520676
1124,manipulkaleidopsychedelic,high_maturity,False,CLIPese,0.0,True,mature,0.02275,True,mature_weak,411,-0.21738824,-0.026295703,0.11204954236745834,0.09454017132520676
1125,finitycuberender,high_maturity,False,CLIPese,0.0,True,mature,0.35207499999999997,False,,-1,-0.18785693,-0.13267162,0.11204954236745834,0.09454017132520676
1126,antelope,high_maturity,True,English,3.08,True,mature,0.80735,True,mature_readable,165,0.32498723,0.5025347,0.11204954236745834,0.09454017132520676
1127,calibraltman,high_maturity,False,CLIPese,0.0,True,mature,0.26625,False,,-1,0.13390878,-0.2562223,0.11204954236745834,0.09454017132520676
1128,chromato,high_maturity,False,CLIPese,0.0,True,mature,0.66025,False,,-1,-0.10084486,-0.11753704,0.11204954236745834,0.09454017132520676
1129,maddieroblox,high_maturity,False,CLIPese,0.0,True,mature,0.58005,False,,-1,0.017624645,-0.19549452,0.11204954236745834,0.09454017132520676
1130,huarnvidia,high_maturity,False,CLIPese,0.0,True,mature,0.24520000000000003,False,,-1,-0.34522048,-0.0927836,0.11204954236745834,0.09454017132520676
1131,sphercamouflage,high_maturity,False,CLIPese,0.0,True,mature,0.166075,True,mature_weak,418,-0.1801877,-0.08562183,0.11204954236745834,0.09454017132520676
1132,costabrava,high_maturity,False,CLIPese,0.0,True,mature,0.585475,False,,-1,0.14121006,-0.2358376,0.11204954236745834,0.09454017132520676
1133,bonemacht,high_maturity,False,CLIPese,0.0,True,mature,0.9113249999999999,True,mature_readable,83,0.29150993,0.55239874,0.11204954236745834,0.09454017132520676
1134,chromofilament,high_maturity,False,CLIPese,0.0,True,mature,0.30312500000000003,False,,-1,0.055482812,-0.15622288,0.11204954236745834,0.09454017132520676
1135,llandvineyard,high_maturity,False,CLIPese,0.0,True,mature,0.373725,False,,-1,-0.28920668,0.3392951,0.11204954236745834,0.09454017132520676
1136,kaleidobowl,high_maturity,False,CLIPese,0.0,True,mature,0.631575,False,,-1,-0.13260901,-0.08686731,0.11204954236745834,0.09454017132520676
1137,tikplush,high_maturity,False,CLIPese,0.0,True,mature,0.6307999999999999,False,,-1,0.122601025,-0.1736315,0.11204954236745834,0.09454017132520676
1138,quatcauliflower,high_maturity,False,CLIPese,0.0,True,mature,0.477825,False,,-1,0.2244561,0.21971999,0.11204954236745834,0.09454017132520676
1139,mandelopticvirus,high_maturity,False,CLIPese,0.0,True,mature,0.43929999999999997,False,,-1,-0.46337944,-0.011563692,0.11204954236745834,0.09454017132520676
1140,cloukitties,high_maturity,False,CLIPese,0.0,True,mature,0.48729999999999996,False,,-1,-0.15681447,0.37708515,0.11204954236745834,0.09454017132520676
1141,akkineni,high_maturity,True,English,1.37,True,mature,0.1009,True,mature_weak,401,0.20450407,-0.23321928,0.11204954236745834,0.09454017132520676
1142,badrinath,high_maturity,True,English,2.11,True,mature,0.64035,False,,-1,-0.23571678,0.3446144,0.11204954236745834,0.09454017132520676
1143,miniaturepuppies,high_maturity,False,CLIPese,0.0,True,mature,0.58,False,,-1,0.109933734,-0.25379983,0.11204954236745834,0.09454017132520676
1144,wildwildcat,high_maturity,False,CLIPese,0.0,True,mature,0.37992499999999996,False,,-1,-0.44194525,0.008497174,0.11204954236745834,0.09454017132520676
1145,brocpoodle,high_maturity,False,CLIPese,0.0,True,mature,0.8347,True,mature_readable,136,0.26781076,0.229544,0.11204954236745834,0.09454017132520676
1146,chromocomb,high_maturity,False,CLIPese,0.0,True,mature,0.425675,False,,-1,0.007194124,-0.19546017,0.11204954236745834,0.09454017132520676
1147,doppelgchihuahu,high_maturity,False,CLIPese,0.0,True,mature,0.4845999999999999,False,,-1,0.02578984,-0.15805937,0.11204954236745834,0.09454017132520676
1148,dalmatimacedcow,high_maturity,False,CLIPese,0.0,True,mature,0.5897249999999999,False,,-1,0.1021534,-0.18303223,0.11204954236745834,0.09454017132520676
1149,catcircle,high_maturity,False,CLIPese,0.0,True,mature,0.749225,False,,-1,-0.2785159,-0.074202426,0.11204954236745834,0.09454017132520676
1150,paolopixelart,high_maturity,False,CLIPese,0.0,True,mature,0.25915,False,,-1,0.46937358,0.4670082,0.11204954236745834,0.09454017132520676
1151,squidgroot,high_maturity,False,CLIPese,0.0,True,mature,0.5888,False,,-1,0.20696019,0.107476935,0.11204954236745834,0.09454017132520676
1152,bbcfracaligned,high_maturity,False,CLIPese,0.0,True,mature,0.609,False,,-1,-0.043849044,0.18015705,0.11204954236745834,0.09454017132520676
1153,birdbacks,high_maturity,False,CLIPese,0.0,True,mature,0.399575,False,,-1,0.24071509,-0.2902176,0.11204954236745834,0.09454017132520676
1154,nikuman,high_maturity,False,CLIPese,0.0,True,mature,0.671125,False,,-1,0.2019329,-0.25885856,0.11204954236745834,0.09454017132520676
1155,jennyfreud,high_maturity,False,CLIPese,0.0,True,mature,0.796925,True,mature_readable,169,-0.25721923,-0.04917435,0.11204954236745834,0.09454017132520676
1156,labrasenegal,high_maturity,False,CLIPese,0.0,True,mature,0.302975,False,,-1,0.32429186,0.5195816,0.11204954236745834,0.09454017132520676
1157,windosorting,high_maturity,False,CLIPese,0.0,True,mature,0.620725,False,,-1,-0.5321538,0.017418528,0.11204954236745834,0.09454017132520676
1158,dalmatigoats,high_maturity,False,CLIPese,0.0,True,mature,0.522275,False,,-1,0.10974469,-0.22977994,0.11204954236745834,0.09454017132520676
1159,ergonloaf,high_maturity,False,CLIPese,0.0,True,mature,0.633525,False,,-1,0.15885529,0.3149314,0.11204954236745834,0.09454017132520676
1160,doglochewbacca,high_maturity,False,CLIPese,0.0,True,mature,0.610825,False,,-1,0.27997673,0.19253258,0.11204954236745834,0.09454017132520676
1161,afghanistan,high_maturity,True,English,4.23,True,mature,0.45780000000000004,False,,-1,-0.47416207,0.013487461,0.11204954236745834,0.09454017132520676
1162,jurassicmonitor,high_maturity,False,CLIPese,0.0,True,mature,0.885475,True,mature_readable,67,-0.16640125,0.16292156,0.11204954236745834,0.09454017132520676
1163,mandelpanorama,high_maturity,False,CLIPese,0.0,True,mature,0.21275000000000002,False,,-1,0.20371142,0.23590223,0.11204954236745834,0.09454017132520676
1164,oscarpolaroid,high_maturity,False,CLIPese,0.0,True,mature,0.520875,False,,-1,0.25315168,0.15279475,0.11204954236745834,0.09454017132520676
1165,seungcarpets,high_maturity,False,CLIPese,0.0,True,mature,0.7293750000000001,True,mature_readable,224,-0.6028028,0.055418897,0.11204954236745834,0.09454017132520676
1166,cocacola,high_maturity,True,English,1.62,True,mature,0.60225,False,,-1,-0.19648696,-0.112203114,0.11204954236745834,0.09454017132520676
1167,taxideryosemite,high_maturity,False,CLIPese,0.0,True,mature,0.387875,False,,-1,0.6306344,0.07023478,0.11204954236745834,0.09454017132520676
1168,taxiderdeer,high_maturity,False,CLIPese,0.0,True,mature,0.4062,False,,-1,-0.53509855,0.0050086672,0.11204954236745834,0.09454017132520676
1169,cessna,high_maturity,True,English,2.82,True,mature,0.5879,False,,-1,0.11890534,-0.22908415,0.11204954236745834,0.09454017132520676
1170,databvomit,high_maturity,False,CLIPese,0.0,True,mature,0.3972,False,,-1,0.29248068,0.34334028,0.11204954236745834,0.09454017132520676
1171,corbinwwe,high_maturity,False,CLIPese,0.0,True,mature,0.86685,True,mature_readable,131,0.021966886,-0.20552199,0.11204954236745834,0.09454017132520676
1172,eritdoggo,high_maturity,False,CLIPese,0.0,True,mature,0.842675,True,mature_readable,208,0.023698794,-0.17615674,0.11204954236745834,0.09454017132520676
1173,avengersinfinity,high_maturity,False,CLIPese,0.0,True,mature,0.7846249999999999,True,mature_readable,157,-0.4959028,0.035965085,0.11204954236745834,0.09454017132520676
1174,quetball,high_maturity,False,CLIPese,0.0,True,mature,0.8251499999999999,True,mature_readable,138,0.008920515,-0.16694088,0.11204954236745834,0.09454017132520676
1175,cartoondecomachinelearning,high_maturity,False,CLIPese,0.0,True,mature,0.28385,False,,-1,0.09953486,-0.05880354,0.11204954236745834,0.09454017132520676
1176,wozniacki,high_maturity,True,English,2.44,True,mature,0.313775,False,,-1,0.013446206,-0.63411564,0.11204954236745834,0.09454017132520676
1177,sushmitasen,high_maturity,False,CLIPese,0.0,True,mature,0.269625,False,,-1,-0.0014158313,-0.2286581,0.11204954236745834,0.09454017132520676
1178,chairs,high_maturity,True,English,4.02,True,mature,0.5867,False,,-1,0.25102362,0.22057995,0.11204954236745834,0.09454017132520676
1179,crystscrambled,high_maturity,False,CLIPese,0.0,True,mature,0.394575,False,,-1,0.36850914,0.36952332,0.11204954236745834,0.09454017132520676
1180,mannescp,high_maturity,False,CLIPese,0.0,True,mature,0.52675,False,,-1,0.27529132,0.32929653,0.11204954236745834,0.09454017132520676
1181,schwarzcoyote,high_maturity,False,CLIPese,0.0,True,mature,0.742925,True,mature_readable,275,-0.67487556,-0.15486987,0.11204954236745834,0.09454017132520676
1182,calibrglitch,high_maturity,False,CLIPese,0.0,True,mature,0.159375,False,,-1,0.26620406,0.35433555,0.11204954236745834,0.09454017132520676
1183,tankian,high_maturity,True,English,1.54,True,mature,0.6255750000000001,False,,-1,0.34428048,0.23088576,0.11204954236745834,0.09454017132520676
1184,firstdogon,high_maturity,False,CLIPese,0.0,True,mature,0.8126249999999999,True,mature_readable,102,-0.049838576,-0.15079232,0.11204954236745834,0.09454017132520676
1185,swoggle,high_maturity,False,CLIPese,0.0,True,mature,0.534825,False,,-1,0.14129385,-0.16399494,0.11204954236745834,0.09454017132520676
1186,screamdoggo,high_maturity,False,CLIPese,0.0,True,mature,0.559075,False,,-1,0.073772,-0.2010566,0.11204954236745834,0.09454017132520676
1187,turisphinx,high_maturity,False,CLIPese,0.0,True,mature,0.4314,False,,-1,-0.2156853,-0.08394334,0.11204954236745834,0.09454017132520676
1188,babyunsplash,high_maturity,False,CLIPese,0.0,True,mature,0.5675,False,,-1,0.17123611,0.1199001,0.11204954236745834,0.09454017132520676
1189,capacitors,high_maturity,True,English,3.0,True,mature,0.926175,True,mature_readable,62,0.15935375,0.23836814,0.11204954236745834,0.09454017132520676
1190,chromotrippy,high_maturity,False,CLIPese,0.0,True,mature,0.521825,False,,-1,0.09717387,-0.17287794,0.11204954236745834,0.09454017132520676
1191,crates,high_maturity,True,English,3.28,True,mature,0.843225,True,orthographic_hard,27,-0.61426336,0.035787612,0.11204954236745834,0.09454017132520676
1192,battlefrontii,high_maturity,False,CLIPese,0.0,True,mature,0.5640000000000001,False,,-1,-0.042511865,-0.18074751,0.11204954236745834,0.09454017132520676
1193,anarcherase,high_maturity,False,CLIPese,0.0,True,mature,0.590025,False,,-1,-0.445973,0.025343772,0.11204954236745834,0.09454017132520676
1194,flowermadhuridixit,high_maturity,False,CLIPese,0.0,True,mature,0.15725,True,mature_weak,432,0.5242854,-0.40157473,0.11204954236745834,0.09454017132520676
1195,jerobo,high_maturity,False,CLIPese,0.0,True,mature,0.4289,False,,-1,0.18331705,0.121743016,0.11204954236745834,0.09454017132520676
1196,cilclip,high_maturity,False,CLIPese,0.0,True,mature,0.641625,False,,-1,0.23675917,0.28772902,0.11204954236745834,0.09454017132520676
1197,tajifireworks,high_maturity,False,CLIPese,0.0,True,mature,0.7711999999999999,True,mature_readable,142,-0.5400397,0.04072167,0.11204954236745834,0.09454017132520676
1198,androidspiders,high_maturity,False,CLIPese,0.0,True,mature,0.8314499999999999,True,mature_readable,141,-0.011895962,-0.16188535,0.11204954236745834,0.09454017132520676
1199,pygtoad,high_maturity,False,CLIPese,0.0,True,mature,0.294375,False,,-1,0.07205139,-0.18878093,0.11204954236745834,0.09454017132520676
1200,fluoreelf,high_maturity,False,CLIPese,0.0,True,mature,0.37222500000000003,False,,-1,-0.13781442,0.49380222,0.11204954236745834,0.09454017132520676
1201,dictatpixelart,high_maturity,False,CLIPese,0.0,True,mature,0.146875,False,,-1,0.033105355,0.51306134,0.11204954236745834,0.09454017132520676
1202,autupixels,high_maturity,False,CLIPese,0.0,True,mature,0.400725,False,,-1,0.5851424,-0.3699377,0.11204954236745834,0.09454017132520676
1203,ahmedabad,high_maturity,True,English,3.08,True,mature,0.7902750000000001,False,,-1,-0.031420317,-0.19757628,0.11204954236745834,0.09454017132520676
1204,sanitibuggy,high_maturity,False,CLIPese,0.0,True,mature,0.474925,False,,-1,0.24445626,0.41154268,0.11204954236745834,0.09454017132520676
1205,bashtexture,high_maturity,False,CLIPese,0.0,True,mature,0.60465,True,orthographic_hard,13,0.18711331,0.38953117,0.11204954236745834,0.09454017132520676
1206,crimea,high_maturity,True,English,3.45,True,mature,0.817275,True,mature_readable,204,0.18743363,0.22498527,0.11204954236745834,0.09454017132520676
1207,luxembourdachshund,high_maturity,False,CLIPese,0.0,True,mature,0.549325,False,,-1,0.69332504,-0.43201387,0.11204954236745834,0.09454017132520676
1208,boeing,high_maturity,True,English,3.8,True,mature,0.8814000000000001,True,mature_readable,96,0.13413875,-0.22087999,0.11204954236745834,0.09454017132520676
1209,centisphercircle,high_maturity,False,CLIPese,0.0,True,mature,0.1737,False,,-1,0.16274028,-0.2378233,0.11204954236745834,0.09454017132520676
1210,kaleidorollercoaster,high_maturity,False,CLIPese,0.0,True,mature,0.5788,False,,-1,-0.4571908,0.0555772,0.11204954236745834,0.09454017132520676
1211,bundedefence,high_maturity,False,CLIPese,0.0,True,mature,0.657825,False,,-1,0.19781357,0.43213493,0.11204954236745834,0.09454017132520676
1212,retarkaleidotexture,high_maturity,False,CLIPese,0.0,True,mature,0.194525,False,,-1,0.37487668,0.16096815,0.11204954236745834,0.09454017132520676
1213,loafcubes,high_maturity,False,CLIPese,0.0,True,mature,0.5978000000000001,False,,-1,-0.6159205,0.06100255,0.11204954236745834,0.09454017132520676
1214,rottweiler,high_maturity,True,English,2.59,True,mature,0.35015,False,,-1,0.14695391,-0.22172764,0.11204954236745834,0.09454017132520676
1215,counterfealgorithm,high_maturity,False,CLIPese,0.0,True,mature,0.27497499999999997,False,,-1,-0.3996839,0.15473063,0.11204954236745834,0.09454017132520676
1216,schnauhorrifying,high_maturity,False,CLIPese,0.0,True,mature,0.25655,False,,-1,0.117327005,-0.19673327,0.11204954236745834,0.09454017132520676
1217,beetles,high_maturity,True,English,3.34,True,mature,0.7897,True,mature_readable,280,0.14646368,0.37828657,0.11204954236745834,0.09454017132520676
1218,mathematseizure,high_maturity,False,CLIPese,0.0,True,mature,0.24577499999999997,False,,-1,0.06829148,-0.35969007,0.11204954236745834,0.09454017132520676
1219,kwiquizzclippuppet,high_maturity,False,CLIPese,0.0,True,mature,0.6238499999999999,False,,-1,-0.022733597,-0.75270045,0.11204954236745834,0.09454017132520676
1220,taxideriamsrk,high_maturity,False,CLIPese,0.0,True,mature,0.77295,True,mature_readable,168,0.5540003,-0.38244888,0.11204954236745834,0.09454017132520676
1221,crabheidelberg,high_maturity,False,CLIPese,0.0,True,mature,0.610875,False,,-1,-0.19770466,-0.17050295,0.11204954236745834,0.09454017132520676
1222,pomegranshadowhunters,high_maturity,False,CLIPese,0.0,True,mature,0.361,False,,-1,0.04952102,-0.18866625,0.11204954236745834,0.09454017132520676
1223,nehakakkar,high_maturity,False,CLIPese,0.0,True,mature,0.42367499999999997,False,,-1,0.2933467,0.19594659,0.11204954236745834,0.09454017132520676
1224,fumfum,high_maturity,False,CLIPese,0.0,True,mature,0.623375,False,,-1,0.05480482,-0.16988543,0.11204954236745834,0.09454017132520676
1225,cucumber,high_maturity,True,English,3.41,True,mature,0.78545,True,mature_readable,232,-0.050858635,-0.15721339,0.11204954236745834,0.09454017132520676
1226,kaleidojellyfish,high_maturity,False,CLIPese,0.0,True,mature,0.253625,False,,-1,0.17455164,-0.21137728,0.11204954236745834,0.09454017132520676
1227,louboutpedagounicorn,high_maturity,False,CLIPese,0.0,True,mature,0.27899999999999997,False,,-1,-0.48813218,0.14896087,0.11204954236745834,0.09454017132520676
1228,purrzoomdimensions,high_maturity,False,CLIPese,0.0,True,mature,0.44089999999999996,False,,-1,-0.18223478,0.18164201,0.11204954236745834,0.09454017132520676
1229,brainsynthesizer,high_maturity,False,CLIPese,0.0,True,mature,0.524525,False,,-1,0.0670631,-0.29533985,0.11204954236745834,0.09454017132520676
1230,adjeclithuconverter,high_maturity,False,CLIPese,0.0,True,mature,0.177675,True,mature_weak,439,-0.38060394,-0.07551156,0.11204954236745834,0.09454017132520676
1231,fluorblurred,high_maturity,False,CLIPese,0.0,True,mature,0.618625,False,,-1,0.20411484,-0.26505655,0.11204954236745834,0.09454017132520676
1232,beachhotties,high_maturity,False,CLIPese,0.0,True,mature,0.639775,False,,-1,0.15411039,-0.20106141,0.11204954236745834,0.09454017132520676
1233,dahlia,high_maturity,True,English,2.86,True,mature,0.40377500000000005,False,,-1,0.28204378,0.171117,0.11204954236745834,0.09454017132520676
1234,contenttextures,high_maturity,False,CLIPese,0.0,True,mature,0.4093,False,,-1,0.0059867213,0.41584292,0.11204954236745834,0.09454017132520676
1235,cliphappyvalentinesday,high_maturity,False,CLIPese,0.0,True,mature,0.7061249999999999,False,,-1,0.12659337,-0.06532044,0.11204954236745834,0.09454017132520676
1236,boostsneakers,high_maturity,False,CLIPese,0.0,True,mature,0.8323499999999999,True,mature_readable,126,0.24389325,0.20834321,0.11204954236745834,0.09454017132520676
1237,albanian,high_maturity,True,English,3.25,True,mature,0.417275,False,,-1,0.10963879,-0.23612124,0.11204954236745834,0.09454017132520676
1238,textmandelpollock,high_maturity,False,CLIPese,0.0,True,mature,0.27795000000000003,False,,-1,0.61726344,-0.41165414,0.11204954236745834,0.09454017132520676
1239,kaleidosonar,high_maturity,False,CLIPese,0.0,True,mature,0.40947500000000003,False,,-1,-0.3778441,-0.0671463,0.11204954236745834,0.09454017132520676
1240,wicke,high_maturity,True,English,1.69,True,mature,0.8473999999999999,True,mature_readable,123,0.28692484,0.28517032,0.11204954236745834,0.09454017132520676
1241,ascispaghetti,high_maturity,False,CLIPese,0.0,True,mature,0.642075,False,,-1,0.2618904,0.28495827,0.11204954236745834,0.09454017132520676
1242,oranguchihuahua,high_maturity,False,CLIPese,0.0,True,mature,0.201575,False,,-1,-0.05017163,0.54001534,0.11204954236745834,0.09454017132520676
1243,shipyroblox,high_maturity,False,CLIPese,0.0,True,mature,0.746675,True,mature_readable,182,0.47679526,-0.33264467,0.11204954236745834,0.09454017132520676
1244,bunnic,high_maturity,False,CLIPese,0.0,True,mature,0.8348,False,,-1,0.077755675,-0.13609828,0.11204954236745834,0.09454017132520676
1245,baahubali,high_maturity,True,English,2.26,True,mature,0.7811499999999998,False,,-1,0.09573993,-0.21979265,0.11204954236745834,0.09454017132520676
1246,taxiderowl,high_maturity,False,CLIPese,0.0,True,mature,0.5009250000000001,False,,-1,0.6430947,-0.39897525,0.11204954236745834,0.09454017132520676
1247,cnblue,high_maturity,True,English,1.65,True,mature,0.750825,True,mature_readable,264,-0.5236146,0.034598887,0.11204954236745834,0.09454017132520676
1248,puzziyaki,high_maturity,False,CLIPese,0.0,True,mature,0.4296,False,,-1,-0.6525185,-0.5292851,0.11204954236745834,0.09454017132520676
1249,orangumedusa,high_maturity,False,CLIPese,0.0,True,mature,0.20225,False,,-1,-0.2990123,-0.051554743,0.11204954236745834,0.09454017132520676
1250,taxiderrendering,high_maturity,False,CLIPese,0.0,True,mature,0.35752500000000004,False,,-1,0.66827625,-0.4460042,0.11204954236745834,0.09454017132520676
1251,gyneraptor,high_maturity,False,CLIPese,0.0,True,mature,0.8139,True,mature_readable,186,0.23952004,0.23589832,0.11204954236745834,0.09454017132520676
1252,joshuatree,high_maturity,False,CLIPese,0.0,True,mature,0.23779999999999998,False,,-1,-0.16461317,0.19614813,0.11204954236745834,0.09454017132520676
1253,baatar,high_maturity,True,English,1.26,True,mature,0.5953999999999999,False,,-1,0.16901334,-0.27457064,0.11204954236745834,0.09454017132520676
1254,snorkelsafarilive,high_maturity,False,CLIPese,0.0,True,mature,0.09947500000000001,True,mature_weak,388,0.38080075,0.41106933,0.11204954236745834,0.09454017132520676
1255,calibrseed,high_maturity,False,CLIPese,0.0,True,mature,0.794225,False,,-1,0.216992,0.2924686,0.11204954236745834,0.09454017132520676
1256,winemeatlessjovi,high_maturity,False,CLIPese,0.0,True,mature,0.770275,True,mature_readable,231,-0.4716117,0.19392748,0.11204954236745834,0.09454017132520676
1257,voxdigitalart,high_maturity,False,CLIPese,0.0,True,mature,0.137075,False,,-1,0.10884286,-0.12956236,0.11204954236745834,0.09454017132520676
1258,polyglo,high_maturity,False,CLIPese,0.0,True,mature,0.592175,False,,-1,0.3245393,0.60777414,0.11204954236745834,0.09454017132520676
1259,canadianvatican,high_maturity,False,CLIPese,0.0,True,mature,0.60275,False,,-1,-0.6248588,0.038197473,0.11204954236745834,0.09454017132520676
1260,budapest,high_maturity,True,English,3.55,True,mature,0.62375,False,,-1,-0.520829,-0.007484456,0.11204954236745834,0.09454017132520676
1261,bunbund,high_maturity,False,CLIPese,0.0,True,mature,0.9156249999999999,True,mature_readable,80,-0.30736232,-0.0223299,0.11204954236745834,0.09454017132520676
1262,androidstreetart,high_maturity,False,CLIPese,0.0,True,mature,0.27940000000000004,False,,-1,0.3626383,0.4085487,0.11204954236745834,0.09454017132520676
1263,kidnappdolphins,high_maturity,False,CLIPese,0.0,True,mature,0.605725,False,,-1,0.20331153,0.09599847,0.11204954236745834,0.09454017132520676
1264,stpauli,high_maturity,False,CLIPese,0.0,True,mature,0.211875,False,,-1,0.24411444,0.2651553,0.11204954236745834,0.09454017132520676
1265,occupyazores,high_maturity,False,CLIPese,0.0,True,mature,0.6511250000000001,False,,-1,-0.64151514,-0.43934628,0.11204954236745834,0.09454017132520676
1266,crystfuzzy,high_maturity,False,CLIPese,0.0,True,mature,0.6853499999999999,False,,-1,-0.060017947,-0.7430055,0.11204954236745834,0.09454017132520676
1267,kilotetris,high_maturity,False,CLIPese,0.0,True,mature,0.5525500000000001,False,,-1,-0.009811422,0.31539503,0.11204954236745834,0.09454017132520676
1268,mongochihuahua,high_maturity,False,CLIPese,0.0,True,mature,0.2996,False,,-1,0.03981789,-0.21534,0.11204954236745834,0.09454017132520676
1269,cloudoj,high_maturity,False,CLIPese,0.0,True,mature,0.324075,False,,-1,-0.49951893,0.020479128,0.11204954236745834,0.09454017132520676
1270,alkcatday,high_maturity,False,CLIPese,0.0,True,mature,0.7907499999999998,True,mature_readable,188,0.15714236,-0.21677291,0.11204954236745834,0.09454017132520676
1271,computurnpike,high_maturity,False,CLIPese,0.0,True,mature,0.46737500000000004,False,,-1,0.13295405,-0.20771219,0.11204954236745834,0.09454017132520676
1272,corkgaa,high_maturity,False,CLIPese,0.0,True,mature,0.85065,True,mature_readable,161,0.22325866,-0.18615207,0.11204954236745834,0.09454017132520676
1273,starcruises,high_maturity,False,CLIPese,0.0,True,mature,0.7544,True,mature_readable,235,0.35998106,0.50824,0.11204954236745834,0.09454017132520676
1274,appalachrobotic,high_maturity,False,CLIPese,0.0,True,mature,0.504475,False,,-1,-0.39242637,-0.10250817,0.11204954236745834,0.09454017132520676
1275,mandelcyberpng,high_maturity,False,CLIPese,0.0,True,mature,0.6016,False,,-1,0.26627195,0.45843345,0.11204954236745834,0.09454017132520676
1276,chromoassorted,high_maturity,False,CLIPese,0.0,True,mature,0.228375,False,,-1,-0.36156806,-0.02872576,0.11204954236745834,0.09454017132520676
1277,chives,high_maturity,True,English,2.62,True,mature,0.731925,False,,-1,0.23994668,0.27865198,0.11204954236745834,0.09454017132520676
1278,kyrgydoggie,high_maturity,False,CLIPese,0.0,True,mature,0.37425,False,,-1,0.22432359,0.1270611,0.11204954236745834,0.09454017132520676
1279,knuoctooctopus,high_maturity,False,CLIPese,0.0,True,mature,0.6259,False,,-1,0.32009795,0.267048,0.11204954236745834,0.09454017132520676
1280,pomercoyotes,high_maturity,False,CLIPese,0.0,True,mature,0.7437750000000001,False,,-1,-0.13637938,-0.13977368,0.11204954236745834,0.09454017132520676
1281,lewancollie,high_maturity,False,CLIPese,0.0,True,mature,0.203525,False,,-1,-0.41266045,0.3999255,0.11204954236745834,0.09454017132520676
1282,kookabur,high_maturity,False,CLIPese,0.0,True,mature,0.5448500000000001,False,,-1,0.41511565,0.29871657,0.11204954236745834,0.09454017132520676
1283,bumbleeface,high_maturity,False,CLIPese,0.0,True,mature,0.637525,False,,-1,-0.26339224,-0.099847816,0.11204954236745834,0.09454017132520676
1284,zoimagegogh,high_maturity,False,CLIPese,0.0,True,mature,0.24785000000000001,False,,-1,-0.016349966,-0.27436966,0.11204954236745834,0.09454017132520676
1285,onedayat,high_maturity,False,CLIPese,0.0,True,mature,0.470625,False,,-1,-0.692598,0.13557677,0.11204954236745834,0.09454017132520676
1286,waverautodesk,high_maturity,False,CLIPese,0.0,True,mature,0.54945,False,,-1,-0.25062102,-0.051927704,0.11204954236745834,0.09454017132520676
1287,barktasmanian,high_maturity,False,CLIPese,0.0,True,mature,0.758225,True,mature_readable,226,0.29469803,0.18199149,0.11204954236745834,0.09454017132520676
1288,cbsfrequency,high_maturity,False,CLIPese,0.0,True,mature,0.79735,False,,-1,-0.414926,-0.052552067,0.11204954236745834,0.09454017132520676
1289,bbccursor,high_maturity,False,CLIPese,0.0,True,mature,0.719675,False,,-1,0.14013207,-0.2457574,0.11204954236745834,0.09454017132520676
1290,kittydispenser,high_maturity,False,CLIPese,0.0,True,mature,0.2801,False,,-1,0.24165118,-0.30501115,0.11204954236745834,0.09454017132520676
1291,bathrofaucet,high_maturity,False,CLIPese,0.0,True,mature,0.37770000000000004,False,,-1,-0.27745473,0.34676588,0.11204954236745834,0.09454017132520676
1292,pumpkinmutations,high_maturity,False,CLIPese,0.0,True,mature,0.530725,False,,-1,-0.3168789,-0.035984702,0.11204954236745834,0.09454017132520676
1293,mosasikturkeys,high_maturity,False,CLIPese,0.0,True,mature,0.6855500000000001,True,fallback_fill,487,-0.27973828,-0.029123466,0.11204954236745834,0.09454017132520676
1294,louboutdiscarded,high_maturity,False,CLIPese,0.0,True,mature,0.191625,False,,-1,-0.3191597,-0.08733091,0.11204954236745834,0.09454017132520676
1295,tamannaah,high_maturity,True,English,1.41,True,mature,0.308025,False,,-1,0.2127539,0.27908224,0.11204954236745834,0.09454017132520676
1296,gorillafractal,high_maturity,False,CLIPese,0.0,True,mature,0.48990000000000006,False,,-1,0.15093996,-0.20418741,0.11204954236745834,0.09454017132520676
1297,smolloaf,high_maturity,False,CLIPese,0.0,True,mature,0.7510499999999999,True,mature_readable,241,0.24733108,0.3626624,0.11204954236745834,0.09454017132520676
1298,menstruskrillex,high_maturity,False,CLIPese,0.0,True,mature,0.6264000000000001,False,,-1,0.5900922,-0.39379874,0.11204954236745834,0.09454017132520676
1299,ageofultron,high_maturity,False,CLIPese,0.0,True,mature,0.467325,False,,-1,-0.022583548,-0.14982106,0.11204954236745834,0.09454017132520676
1300,itercubecubes,high_maturity,False,CLIPese,0.0,True,mature,0.36892499999999995,False,,-1,-0.477671,-0.018996796,0.11204954236745834,0.09454017132520676
1301,fertilioreo,high_maturity,False,CLIPese,0.0,True,mature,0.47114999999999996,False,,-1,-0.26315066,0.36931404,0.11204954236745834,0.09454017132520676
1302,trishstratus,high_maturity,False,CLIPese,0.0,True,mature,0.401925,False,,-1,0.08997261,0.60055065,0.11204954236745834,0.09454017132520676
1303,loubouttoire,high_maturity,False,CLIPese,0.0,True,mature,0.350525,False,,-1,0.050860226,-0.26209804,0.11204954236745834,0.09454017132520676
1304,algoripunctuation,high_maturity,False,CLIPese,0.0,True,mature,0.077075,True,mature_weak,378,-0.43781388,0.45111817,0.11204954236745834,0.09454017132520676
1305,kaleidotwister,high_maturity,False,CLIPese,0.0,True,mature,0.41207499999999997,False,,-1,0.10688339,-0.021688893,0.11204954236745834,0.09454017132520676
1306,loafblackbird,high_maturity,False,CLIPese,0.0,True,mature,0.5619,False,,-1,0.1670145,-0.2509881,0.11204954236745834,0.09454017132520676
1307,crystinterference,high_maturity,False,CLIPese,0.0,True,mature,0.2895,False,,-1,-0.6687878,0.10936065,0.11204954236745834,0.09454017132520676
1308,nascarinfrared,high_maturity,False,CLIPese,0.0,True,mature,0.360425,False,,-1,-0.5057515,-0.02274431,0.11204954236745834,0.09454017132520676
1309,eucalyp,high_maturity,False,CLIPese,0.0,True,mature,0.45345,False,,-1,-0.4174747,-0.023058746,0.11204954236745834,0.09454017132520676
1310,usairthunderbirds,high_maturity,False,CLIPese,0.0,True,mature,0.207975,False,,-1,0.24831828,0.2846705,0.11204954236745834,0.09454017132520676
1311,compresscoil,high_maturity,False,CLIPese,0.0,True,mature,0.578975,False,,-1,0.21580777,0.21184276,0.11204954236745834,0.09454017132520676
1312,cougars,high_maturity,True,English,3.2,True,mature,0.427075,False,,-1,-0.40084335,-0.0022594975,0.11204954236745834,0.09454017132520676
1313,beanbag,high_maturity,True,English,2.36,True,mature,0.60715,False,,-1,-0.20904708,0.23319684,0.11204954236745834,0.09454017132520676
1314,aviationairplane,high_maturity,False,CLIPese,0.0,True,mature,0.324525,False,,-1,-0.0382356,0.6150844,0.11204954236745834,0.09454017132520676
1315,clowdrawing,high_maturity,False,CLIPese,0.0,True,mature,0.47717500000000007,False,,-1,0.1258935,0.015228081,0.11204954236745834,0.09454017132520676
1316,beardbeige,high_maturity,False,CLIPese,0.0,True,mature,0.7467750000000001,True,mature_readable,265,-0.4576135,-0.024151923,0.11204954236745834,0.09454017132520676
1317,kyrgycollie,high_maturity,False,CLIPese,0.0,True,mature,0.3134,False,,-1,-0.40934163,0.0074272724,0.11204954236745834,0.09454017132520676
1318,cumbrisheep,high_maturity,False,CLIPese,0.0,True,mature,0.893725,True,mature_readable,72,-0.41780707,-0.006089159,0.11204954236745834,0.09454017132520676
1319,aubergepcot,high_maturity,False,CLIPese,0.0,True,mature,0.515475,False,,-1,0.039062917,-0.16423239,0.11204954236745834,0.09454017132520676
1320,chromoimpressionist,high_maturity,False,CLIPese,0.0,True,mature,0.194475,False,,-1,0.05418756,0.29991436,0.11204954236745834,0.09454017132520676
1321,masamutilmicroscopy,high_maturity,False,CLIPese,0.0,True,mature,0.14769999999999997,False,,-1,0.053761292,-0.18009572,0.11204954236745834,0.09454017132520676
1322,wolvecorgi,high_maturity,False,CLIPese,0.0,True,mature,0.2545,False,,-1,-0.26492488,-0.043216962,0.11204954236745834,0.09454017132520676
1323,louboutladybug,high_maturity,False,CLIPese,0.0,True,mature,0.18074999999999997,False,,-1,0.04990039,-0.1686912,0.11204954236745834,0.09454017132520676
1324,ondleopsafarilive,high_maturity,False,CLIPese,0.0,True,mature,0.22999999999999998,False,,-1,-0.42960143,0.13753915,0.11204954236745834,0.09454017132520676
1325,chedattacked,high_maturity,False,CLIPese,0.0,True,mature,0.8774250000000001,True,mature_readable,201,-0.50933826,0.40083387,0.11204954236745834,0.09454017132520676
1326,jurassicsculpt,high_maturity,False,CLIPese,0.0,True,mature,0.7088749999999999,False,,-1,0.2765776,0.3966687,0.11204954236745834,0.09454017132520676
1327,femen,high_maturity,True,English,1.78,True,mature,0.600275,False,,-1,0.29890868,0.6715663,0.11204954236745834,0.09454017132520676
1328,chromocapsules,high_maturity,False,CLIPese,0.0,True,mature,0.44129999999999997,False,,-1,0.08460522,-0.21221465,0.11204954236745834,0.09454017132520676
1329,ularhino,high_maturity,False,CLIPese,0.0,True,mature,0.90235,True,mature_readable,68,0.29919434,0.46309352,0.11204954236745834,0.09454017132520676
1330,belgimrt,high_maturity,False,CLIPese,0.0,True,mature,0.471525,False,,-1,0.14443731,-0.2606981,0.11204954236745834,0.09454017132520676
1331,metrnunavut,high_maturity,False,CLIPese,0.0,True,mature,0.6880749999999999,True,fallback_fill,494,-0.32018337,-0.030541891,0.11204954236745834,0.09454017132520676
1332,mitochondri,high_maturity,False,CLIPese,0.0,True,mature,0.35785,False,,-1,-0.7011802,0.086996466,0.11204954236745834,0.09454017132520676
1333,rumbomile,high_maturity,False,CLIPese,0.0,True,mature,0.560975,False,,-1,0.24051476,0.3067594,0.11204954236745834,0.09454017132520676
1334,bedpan,high_maturity,True,English,1.82,True,mature,0.860575,True,mature_readable,119,0.24124871,0.34521002,0.11204954236745834,0.09454017132520676
1335,aeronballon,high_maturity,False,CLIPese,0.0,True,mature,0.517725,False,,-1,0.28934297,0.5055353,0.11204954236745834,0.09454017132520676
1336,expandminecraft,high_maturity,False,CLIPese,0.0,True,mature,0.50305,False,,-1,0.7053378,0.18997845,0.11204954236745834,0.09454017132520676
1337,taxiderpaint,high_maturity,False,CLIPese,0.0,True,mature,0.28845,False,,-1,0.63409775,-0.4346759,0.11204954236745834,0.09454017132520676
1338,cryptojesus,high_maturity,False,CLIPese,0.0,True,mature,0.678775,False,,-1,0.12807184,-0.21317203,0.11204954236745834,0.09454017132520676
1339,baysox,high_maturity,False,CLIPese,0.0,True,mature,0.875875,True,mature_readable,129,0.7129408,-0.37392896,0.11204954236745834,0.09454017132520676
1340,banknomugshot,high_maturity,False,CLIPese,0.0,True,mature,0.754475,True,mature_readable,238,-0.20713888,0.29519156,0.11204954236745834,0.09454017132520676
1341,compostnapkin,high_maturity,False,CLIPese,0.0,True,mature,0.63765,False,,-1,0.09471297,-0.1810115,0.11204954236745834,0.09454017132520676
1342,roomloafzebraloaf,high_maturity,False,CLIPese,0.0,True,mature,0.350825,False,,-1,0.15586707,-0.13668552,0.11204954236745834,0.09454017132520676
1343,belgiboeing,high_maturity,False,CLIPese,0.0,True,mature,0.469325,False,,-1,0.12814942,-0.266639,0.11204954236745834,0.09454017132520676
1344,staffies,high_maturity,True,English,1.51,True,mature,0.799025,True,mature_readable,248,0.17569537,-0.18128142,0.11204954236745834,0.09454017132520676
1345,pyramhangout,high_maturity,False,CLIPese,0.0,True,mature,0.788575,True,mature_readable,154,0.04989416,-0.10553699,0.11204954236745834,0.09454017132520676
1346,ciscocat,high_maturity,False,CLIPese,0.0,True,mature,0.716925,False,,-1,0.28169194,0.23074305,0.11204954236745834,0.09454017132520676
1347,corkboard,high_maturity,True,English,1.58,True,mature,0.762775,True,mature_readable,250,0.22340809,-0.24930777,0.11204954236745834,0.09454017132520676
1348,boyoung,high_maturity,False,CLIPese,0.0,True,mature,0.329275,False,,-1,0.09465114,-0.15365195,0.11204954236745834,0.09454017132520676
1349,dancingdevgn,high_maturity,False,CLIPese,0.0,True,mature,0.4159,False,,-1,-0.39549112,-0.036032684,0.11204954236745834,0.09454017132520676
1350,mesmeriviruses,high_maturity,False,CLIPese,0.0,True,mature,0.34420000000000006,False,,-1,-0.1558072,0.3931069,0.11204954236745834,0.09454017132520676
1351,bathtub,high_maturity,True,English,3.45,True,mature,0.65625,False,,-1,0.13200253,-0.16205908,0.11204954236745834,0.09454017132520676
1352,owlbirds,high_maturity,False,CLIPese,0.0,True,mature,0.58755,False,,-1,0.11745167,-0.22593646,0.11204954236745834,0.09454017132520676
1353,kaleidoexpanding,high_maturity,False,CLIPese,0.0,True,mature,0.432775,False,,-1,0.6010754,0.010114027,0.11204954236745834,0.09454017132520676
1354,woodenukeinstrument,high_maturity,False,CLIPese,0.0,True,mature,0.64615,True,fallback_fill,501,0.020111773,0.44701567,0.11204954236745834,0.09454017132520676
1355,hewpunisher,high_maturity,False,CLIPese,0.0,True,mature,0.5884,False,,-1,-0.65153205,0.07819274,0.11204954236745834,0.09454017132520676
1356,aquaman,high_maturity,True,English,2.95,True,mature,0.81795,True,mature_readable,140,0.055592354,-0.20239173,0.11204954236745834,0.09454017132520676
1357,calibrcamera,high_maturity,False,CLIPese,0.0,True,mature,0.5738000000000001,False,,-1,-0.11547441,0.27462912,0.11204954236745834,0.09454017132520676
1358,kaleidorectanpatterned,high_maturity,False,CLIPese,0.0,True,mature,0.059175000000000005,False,,-1,0.25556934,-0.09761723,0.11204954236745834,0.09454017132520676
1359,distorbartollenin,high_maturity,False,CLIPese,0.0,True,mature,0.27037500000000003,False,,-1,0.14052485,-0.24344069,0.11204954236745834,0.09454017132520676
1360,danneel,high_maturity,True,English,1.07,True,mature,0.543525,False,,-1,0.29083103,0.41109636,0.11204954236745834,0.09454017132520676
1361,compudesk,high_maturity,False,CLIPese,0.0,True,mature,0.8337,True,orthographic_hard,17,0.23302418,0.26212704,0.11204954236745834,0.09454017132520676
1362,taxiderraccoon,high_maturity,False,CLIPese,0.0,True,mature,0.516525,False,,-1,0.55719537,0.16885722,0.11204954236745834,0.09454017132520676
1363,secursriracha,high_maturity,False,CLIPese,0.0,True,mature,0.54365,False,,-1,0.06887336,0.37305692,0.11204954236745834,0.09454017132520676
1364,beadmylittlepony,high_maturity,False,CLIPese,0.0,True,mature,0.5314,False,,-1,-0.39979672,-0.045497216,0.11204954236745834,0.09454017132520676
1365,carlospena,high_maturity,False,CLIPese,0.0,True,mature,0.627825,False,,-1,-0.3461775,-0.03190053,0.11204954236745834,0.09454017132520676
1366,babyhiro,high_maturity,False,CLIPese,0.0,True,mature,0.8478,True,mature_readable,213,0.13134226,-0.2534202,0.11204954236745834,0.09454017132520676
1367,chooks,high_maturity,True,English,1.97,True,mature,0.697225,False,,-1,0.11843235,-0.18655133,0.11204954236745834,0.09454017132520676
1368,aldubkajthreads,high_maturity,False,CLIPese,0.0,True,mature,0.66725,False,,-1,0.011003259,0.45495862,0.11204954236745834,0.09454017132520676
1369,shepsut,high_maturity,False,CLIPese,0.0,True,mature,0.4378999999999999,False,,-1,0.20093963,0.21723324,0.11204954236745834,0.09454017132520676
1370,videophotograph,high_maturity,False,CLIPese,0.0,True,mature,0.08700000000000001,True,mature_weak,375,0.03216642,-0.12861247,0.11204954236745834,0.09454017132520676
1371,photomdigitalart,high_maturity,False,CLIPese,0.0,True,mature,0.04160000000000001,False,,-1,-0.35670882,-0.035144474,0.11204954236745834,0.09454017132520676
1372,multiimagenoise,high_maturity,False,CLIPese,0.0,True,mature,0.23547500000000002,False,,-1,0.20736119,0.1764616,0.11204954236745834,0.09454017132520676
1373,incrediwilshere,high_maturity,False,CLIPese,0.0,True,mature,0.27309999999999995,False,,-1,0.10605601,-0.22538446,0.11204954236745834,0.09454017132520676
1374,wormjuggcopernicdataviz,high_maturity,False,CLIPese,0.0,True,mature,0.304,False,,-1,-0.21591997,-0.5076512,0.11204954236745834,0.09454017132520676
1375,zuckerfortnseizure,high_maturity,False,CLIPese,0.0,True,mature,0.2038,True,mature_weak,438,-0.05380538,-0.7289883,0.11204954236745834,0.09454017132520676
1376,bluejays,high_maturity,True,English,2.18,True,mature,0.5297000000000001,False,,-1,0.12424391,-0.23411696,0.11204954236745834,0.09454017132520676
1377,blurzazzle,high_maturity,False,CLIPese,0.0,True,mature,0.51925,False,,-1,-0.108696476,-0.8713896,0.11204954236745834,0.09454017132520676
1378,ninten,high_maturity,True,English,1.13,True,mature,0.785375,True,mature_readable,183,-0.60121155,0.043315306,0.11204954236745834,0.09454017132520676
1379,catposter,high_maturity,False,CLIPese,0.0,True,mature,0.69685,False,,-1,0.013813458,-0.24591295,0.11204954236745834,0.09454017132520676
1380,compumonitor,high_maturity,False,CLIPese,0.0,True,mature,0.786025,False,,-1,0.18255354,0.22772591,0.11204954236745834,0.09454017132520676
1381,coyodog,high_maturity,False,CLIPese,0.0,True,mature,0.751175,False,,-1,0.08913957,-0.19422519,0.11204954236745834,0.09454017132520676
1382,calibrturin,high_maturity,False,CLIPese,0.0,True,mature,0.5936,False,,-1,0.29015976,0.17584193,0.11204954236745834,0.09454017132520676
1383,trombsaxophonbonnet,high_maturity,False,CLIPese,0.0,True,mature,0.7240000000000001,False,,-1,0.37697127,-0.23538437,0.11204954236745834,0.09454017132520676
1384,bbcfrequency,high_maturity,False,CLIPese,0.0,True,mature,0.5656500000000001,True,orthographic_hard,30,-0.3417542,-0.078623086,0.11204954236745834,0.09454017132520676
1385,kaleidopaddleparticles,high_maturity,False,CLIPese,0.0,True,mature,0.382375,False,,-1,0.23068058,-0.29756886,0.11204954236745834,0.09454017132520676
1386,unhdreamliner,high_maturity,False,CLIPese,0.0,True,mature,0.364325,False,,-1,0.032189023,-0.21228614,0.11204954236745834,0.09454017132520676
1387,kaleimpressionist,high_maturity,False,CLIPese,0.0,True,mature,0.39652499999999996,False,,-1,0.18437743,-0.24271284,0.11204954236745834,0.09454017132520676
1388,uterdoorway,high_maturity,False,CLIPese,0.0,True,mature,0.48092499999999994,False,,-1,0.22463414,0.21821302,0.11204954236745834,0.09454017132520676
1389,syriacivil,high_maturity,False,CLIPese,0.0,True,mature,0.3996,False,,-1,-0.34239563,-0.03540977,0.11204954236745834,0.09454017132520676
1390,footbath,high_maturity,True,English,1.23,True,mature,0.772375,True,mature_readable,240,-0.36117586,-0.035970386,0.11204954236745834,0.09454017132520676
1391,taxiderpixels,high_maturity,False,CLIPese,0.0,True,mature,0.30837499999999995,False,,-1,0.68809325,-0.43805704,0.11204954236745834,0.09454017132520676
1392,doppleg,high_maturity,False,CLIPese,0.0,True,mature,0.38165,False,,-1,-0.3811951,-0.0029804131,0.11204954236745834,0.09454017132520676
1393,lenaheadey,high_maturity,False,CLIPese,0.0,True,mature,0.57575,False,,-1,-0.2222101,0.42352688,0.11204954236745834,0.09454017132520676
1394,homohuskies,high_maturity,False,CLIPese,0.0,True,mature,0.9170499999999999,True,mature_readable,53,0.2719303,0.3529515,0.11204954236745834,0.09454017132520676
1395,owlwristband,high_maturity,False,CLIPese,0.0,True,mature,0.6962250000000001,True,fallback_fill,502,0.04230673,-0.18850052,0.11204954236745834,0.09454017132520676
1396,taxiderzaplakota,high_maturity,False,CLIPese,0.0,True,mature,0.218675,False,,-1,0.49279502,-0.33073097,0.11204954236745834,0.09454017132520676
1397,sphermascsurface,high_maturity,False,CLIPese,0.0,True,mature,0.25045,False,,-1,-0.33961603,0.24808899,0.11204954236745834,0.09454017132520676
1398,belts,high_maturity,True,English,3.74,True,mature,0.87585,True,mature_readable,130,0.07428123,-0.18338674,0.11204954236745834,0.09454017132520676
1399,airbus,high_maturity,True,English,3.33,True,mature,0.80305,True,mature_readable,198,-0.48898357,-0.0014549308,0.11204954236745834,0.09454017132520676
1400,mobilegamecube,high_maturity,False,CLIPese,0.0,True,mature,0.4416,False,,-1,0.029022627,0.473896,0.11204954236745834,0.09454017132520676
1401,orangupsychedelic,high_maturity,False,CLIPese,0.0,True,mature,0.028025,True,mature_weak,369,-0.027342265,0.4201177,0.11204954236745834,0.09454017132520676
1402,shoebaseball,high_maturity,False,CLIPese,0.0,True,mature,0.883125,True,mature_readable,66,-0.09087545,0.4690608,0.11204954236745834,0.09454017132520676
1403,taxiderwielding,high_maturity,False,CLIPese,0.0,True,mature,0.3094,False,,-1,0.66144836,-0.39612657,0.11204954236745834,0.09454017132520676
1404,halloweenemojis,high_maturity,False,CLIPese,0.0,True,mature,0.7537999999999999,False,,-1,-0.12263025,-0.123074025,0.11204954236745834,0.09454017132520676
1405,backscratcher,high_maturity,True,English,1.18,True,mature,0.5578,False,,-1,0.38607058,0.3446845,0.11204954236745834,0.09454017132520676
1406,edgdilevinaigrette,high_maturity,False,CLIPese,0.0,True,mature,0.15994999999999998,True,mature_weak,427,0.05906718,-0.20916684,0.11204954236745834,0.09454017132520676
1407,losswaldo,high_maturity,False,CLIPese,0.0,True,mature,0.6653500000000001,False,,-1,0.22405069,0.33091715,0.11204954236745834,0.09454017132520676
1408,burberry,high_maturity,True,English,3.11,True,mature,0.9184500000000001,True,mature_readable,120,0.060326226,-0.19974837,0.11204954236745834,0.09454017132520676
1409,handleclickoctopus,high_maturity,False,CLIPese,0.0,True,mature,0.68865,True,fallback_fill,492,-0.30555665,0.4597758,0.11204954236745834,0.09454017132520676
1410,labrada,high_maturity,True,English,1.24,True,mature,0.7328,True,mature_readable,254,0.18673769,0.021696085,0.11204954236745834,0.09454017132520676
1411,cytometry,high_maturity,True,English,2.25,True,mature,0.9178,True,mature_readable,94,-0.12069965,0.4813975,0.11204954236745834,0.09454017132520676
1412,aerobteens,high_maturity,False,CLIPese,0.0,True,mature,0.8855000000000001,True,mature_readable,85,0.117364585,-0.22111988,0.11204954236745834,0.09454017132520676
1413,zakkwylde,high_maturity,False,CLIPese,0.0,True,mature,0.45245,False,,-1,-0.019893829,-0.6591092,0.11204954236745834,0.09454017132520676
1414,archancosmetics,high_maturity,False,CLIPese,0.0,True,mature,0.784975,True,mature_readable,219,0.0055601327,-0.16327034,0.11204954236745834,0.09454017132520676
1415,taxiderbreastcancerhorribly,high_maturity,False,CLIPese,0.0,True,mature,0.202875,False,,-1,0.554522,-0.22146551,0.11204954236745834,0.09454017132520676
1416,chromovegetables,high_maturity,False,CLIPese,0.0,True,mature,0.60155,False,,-1,-0.05866515,0.3637209,0.11204954236745834,0.09454017132520676
1417,horseastronaut,high_maturity,False,CLIPese,0.0,True,mature,0.603,False,,-1,-0.4982912,-0.017557483,0.11204954236745834,0.09454017132520676
1418,chimpan,high_maturity,False,CLIPese,0.0,True,mature,0.8154250000000001,True,mature_readable,171,0.056353323,-0.19638878,0.11204954236745834,0.09454017132520676
1419,biopcattle,high_maturity,False,CLIPese,0.0,True,mature,0.88685,True,mature_readable,74,0.14293832,-0.26150194,0.11204954236745834,0.09454017132520676
1420,chessvisualmultiplayer,high_maturity,False,CLIPese,0.0,True,mature,0.44862499999999994,False,,-1,-0.28458047,0.4380832,0.11204954236745834,0.09454017132520676
1421,icelandpatches,high_maturity,False,CLIPese,0.0,True,mature,0.553575,False,,-1,0.029784843,-0.23786385,0.11204954236745834,0.09454017132520676
1422,kaleidoepilepsy,high_maturity,False,CLIPese,0.0,True,mature,0.2159,False,,-1,-0.16200988,-0.15080218,0.11204954236745834,0.09454017132520676
1423,candelabra,high_maturity,True,English,2.45,True,mature,0.532825,False,,-1,-0.35636345,-0.05885915,0.11204954236745834,0.09454017132520676
1424,alphonautograph,high_maturity,False,CLIPese,0.0,True,mature,0.3834,False,,-1,0.12188029,0.24249835,0.11204954236745834,0.09454017132520676
1425,cheetah,high_maturity,True,English,3.2,True,mature,0.6194,False,,-1,0.21177742,0.3936591,0.11204954236745834,0.09454017132520676
1426,sriracha,high_maturity,True,English,2.72,True,mature,0.9437750000000001,True,mature_readable,63,0.24189419,0.30043435,0.11204954236745834,0.09454017132520676
1427,disintegrhfxpixels,high_maturity,False,CLIPese,0.0,True,mature,0.1486,False,,-1,0.77325946,-0.12931086,0.11204954236745834,0.09454017132520676
1428,rhapikachu,high_maturity,False,CLIPese,0.0,True,mature,0.7497,False,,-1,0.20743184,0.35633016,0.11204954236745834,0.09454017132520676
1429,dendmblesimulation,high_maturity,False,CLIPese,0.0,True,mature,0.790675,False,,-1,-0.040456887,-0.15731792,0.11204954236745834,0.09454017132520676
1430,loafsmol,high_maturity,False,CLIPese,0.0,True,mature,0.07139999999999999,False,,-1,0.120765716,-0.21524748,0.11204954236745834,0.09454017132520676
1431,crystblurry,high_maturity,False,CLIPese,0.0,True,mature,0.26455,False,,-1,-0.25869232,-0.06642044,0.11204954236745834,0.09454017132520676
1432,rainbowgarridesktop,high_maturity,False,CLIPese,0.0,True,mature,0.2748,False,,-1,0.27219734,0.44041803,0.11204954236745834,0.09454017132520676
1433,digitalpopart,high_maturity,False,CLIPese,0.0,True,mature,0.127875,False,,-1,0.12458062,0.03523082,0.11204954236745834,0.09454017132520676
1434,kaleidoprospects,high_maturity,False,CLIPese,0.0,True,mature,0.5064249999999999,False,,-1,0.1529751,-0.2918303,0.11204954236745834,0.09454017132520676
1435,acoyotes,high_maturity,False,CLIPese,0.0,True,mature,0.909225,True,mature_readable,70,0.08039794,0.6045958,0.11204954236745834,0.09454017132520676
1436,harampolite,high_maturity,False,CLIPese,0.0,True,mature,0.5764499999999999,False,,-1,-0.2351281,0.2933508,0.11204954236745834,0.09454017132520676
1437,goldenretridawson,high_maturity,False,CLIPese,0.0,True,mature,0.30622499999999997,False,,-1,-0.55609846,0.06510271,0.11204954236745834,0.09454017132520676
1438,grumpmedusa,high_maturity,False,CLIPese,0.0,True,mature,0.508325,False,,-1,-0.27951676,0.32668978,0.11204954236745834,0.09454017132520676
1439,predatdressage,high_maturity,False,CLIPese,0.0,True,mature,0.369025,False,,-1,-0.59065497,0.015335009,0.11204954236745834,0.09454017132520676
1440,schnautriplets,high_maturity,False,CLIPese,0.0,True,mature,0.388425,False,,-1,-0.5453934,0.42732292,0.11204954236745834,0.09454017132520676
1441,sphinozil,high_maturity,False,CLIPese,0.0,True,mature,0.5160250000000001,False,,-1,-0.42273188,-0.33890042,0.11204954236745834,0.09454017132520676
1442,spicejet,high_maturity,True,English,1.86,True,mature,0.530375,False,,-1,0.24403353,0.22902428,0.11204954236745834,0.09454017132520676
1443,celery,high_maturity,True,English,3.32,True,mature,0.8980750000000001,True,mature_readable,73,0.09211166,-0.2123383,0.11204954236745834,0.09454017132520676
1444,taxiderspectacportrait,high_maturity,False,CLIPese,0.0,True,mature,0.110125,False,,-1,0.38500613,0.002583086,0.11204954236745834,0.09454017132520676
1445,cybertrippy,high_maturity,False,CLIPese,0.0,True,mature,0.280025,False,,-1,0.114347346,-0.19697669,0.11204954236745834,0.09454017132520676
1446,gigipikachu,high_maturity,False,CLIPese,0.0,True,mature,0.767725,True,mature_readable,174,-0.08045665,0.30400395,0.11204954236745834,0.09454017132520676
1447,loafcaturday,high_maturity,False,CLIPese,0.0,True,mature,0.52965,False,,-1,-0.40430275,0.36034366,0.11204954236745834,0.09454017132520676
1448,kaleidobubbles,high_maturity,False,CLIPese,0.0,True,mature,0.310725,False,,-1,0.19343597,-0.29209563,0.11204954236745834,0.09454017132520676
1449,adopttuxedo,high_maturity,False,CLIPese,0.0,True,mature,0.438575,False,,-1,-0.44690907,0.0076311873,0.11204954236745834,0.09454017132520676
1450,wefaq,high_maturity,True,English,1.61,True,mature,0.4167,False,,-1,0.22068052,0.34041527,0.11204954236745834,0.09454017132520676
1451,photombanerjee,high_maturity,False,CLIPese,0.0,True,mature,0.122125,False,,-1,0.13631578,0.27637112,0.11204954236745834,0.09454017132520676
1452,jpimpressionism,high_maturity,False,CLIPese,0.0,True,mature,0.4675250000000001,False,,-1,0.22771655,0.23952238,0.11204954236745834,0.09454017132520676
1453,shuffleboard,high_maturity,True,English,2.14,True,mature,0.749925,False,,-1,0.18413746,-0.29840717,0.11204954236745834,0.09454017132520676
1454,corset,high_maturity,True,English,3.03,True,mature,0.5056,False,,-1,-0.5368352,0.020034634,0.11204954236745834,0.09454017132520676
1455,distorgorillaemu,high_maturity,False,CLIPese,0.0,True,mature,0.329425,False,,-1,0.18458405,0.31182793,0.11204954236745834,0.09454017132520676
1456,abstrmachinelearning,high_maturity,False,CLIPese,0.0,True,mature,0.19722499999999998,False,,-1,-0.34507674,-0.067722395,0.11204954236745834,0.09454017132520676
1457,babysbeaches,high_maturity,False,CLIPese,0.0,True,mature,0.760575,False,,-1,0.2878973,0.16637552,0.11204954236745834,0.09454017132520676
1458,pjparalysis,high_maturity,False,CLIPese,0.0,True,mature,0.3486250000000001,False,,-1,-0.38577753,-0.08078927,0.11204954236745834,0.09454017132520676
1459,pyramsquirrels,high_maturity,False,CLIPese,0.0,True,mature,0.7886,False,,-1,0.29447266,0.22347341,0.11204954236745834,0.09454017132520676
1460,muchhal,high_maturity,False,CLIPese,0.0,True,mature,0.7386499999999999,False,,-1,0.11241908,-0.2923299,0.11204954236745834,0.09454017132520676
1461,chromia,high_maturity,True,English,1.17,True,mature,0.6676500000000001,False,,-1,-0.6941456,0.07529425,0.11204954236745834,0.09454017132520676
1462,bombaztec,high_maturity,False,CLIPese,0.0,True,mature,0.8169750000000001,True,mature_readable,209,0.12427011,-0.17974807,0.11204954236745834,0.09454017132520676
1463,appalachbhopal,high_maturity,False,CLIPese,0.0,True,mature,0.47819999999999996,False,,-1,0.1982424,0.19588155,0.11204954236745834,0.09454017132520676
1464,yeahkernel,high_maturity,False,CLIPese,0.0,True,mature,0.77265,True,mature_readable,255,-0.15693992,0.36008644,0.11204954236745834,0.09454017132520676
1465,kaleidosymmetry,high_maturity,False,CLIPese,0.0,True,mature,0.279325,False,,-1,-0.35165027,-0.00580325,0.11204954236745834,0.09454017132520676
1466,reinforoaxcaribou,high_maturity,False,CLIPese,0.0,True,mature,0.2022,True,mature_weak,437,0.45564383,-0.32742473,0.11204954236745834,0.09454017132520676
1467,aeronauturbulsimulation,high_maturity,False,CLIPese,0.0,True,mature,0.47695,False,,-1,0.26078013,0.35037473,0.11204954236745834,0.09454017132520676
1468,kokoepilepsy,high_maturity,False,CLIPese,0.0,True,mature,0.69425,True,fallback_fill,495,0.23350489,-0.21067804,0.11204954236745834,0.09454017132520676
1469,loafmonday,high_maturity,False,CLIPese,0.0,True,mature,0.656075,False,,-1,0.084414735,-0.14585812,0.11204954236745834,0.09454017132520676
1470,expirabstrscrambled,high_maturity,False,CLIPese,0.0,True,mature,0.1515,False,,-1,0.11813498,-0.32337758,0.11204954236745834,0.09454017132520676
1471,kaleidohue,high_maturity,False,CLIPese,0.0,True,mature,0.39899999999999997,False,,-1,0.36140463,0.087487966,0.11204954236745834,0.09454017132520676
1472,kaleidointerstellar,high_maturity,False,CLIPese,0.0,True,mature,0.23159999999999997,False,,-1,-0.022065008,-0.15392382,0.11204954236745834,0.09454017132520676
1473,itsmeangelie,high_maturity,False,CLIPese,0.0,True,mature,0.110175,True,mature_weak,400,0.09761022,-0.2335616,0.11204954236745834,0.09454017132520676
1474,cartoonpuzzle,high_maturity,False,CLIPese,0.0,True,mature,0.7354,False,,-1,-0.5876706,-0.46777418,0.11204954236745834,0.09454017132520676
1475,lucylawless,high_maturity,False,CLIPese,0.0,True,mature,0.427075,False,,-1,-0.4708618,-0.013305662,0.11204954236745834,0.09454017132520676
1476,pomeresquirls,high_maturity,False,CLIPese,0.0,True,mature,0.34657499999999997,False,,-1,-0.480076,0.32055107,0.11204954236745834,0.09454017132520676
1477,juggcthulhu,high_maturity,False,CLIPese,0.0,True,mature,0.620425,False,,-1,0.23238692,0.3387226,0.11204954236745834,0.09454017132520676
1478,caruanagalizia,high_maturity,False,CLIPese,0.0,True,mature,0.2426,False,,-1,-0.5394747,0.24239919,0.11204954236745834,0.09454017132520676
1479,cycliokstate,high_maturity,False,CLIPese,0.0,True,mature,0.046024999999999996,True,mature_weak,404,0.37930727,0.3101116,0.11204954236745834,0.09454017132520676
1480,horseprius,high_maturity,False,CLIPese,0.0,True,mature,0.5065,False,,-1,0.067307875,-0.18193339,0.11204954236745834,0.09454017132520676
1481,screenshotcthulhu,high_maturity,False,CLIPese,0.0,True,mature,0.5054,False,,-1,-0.4565063,0.26573655,0.11204954236745834,0.09454017132520676
1482,vistara,high_maturity,True,English,1.37,True,mature,0.694625,True,fallback_fill,504,0.16128394,-0.21092959,0.11204954236745834,0.09454017132520676
1483,caracas,high_maturity,True,English,3.29,True,mature,0.80145,True,mature_readable,259,-0.68273836,0.059981592,0.11204954236745834,0.09454017132520676
1484,cyberrender,high_maturity,False,CLIPese,0.0,True,mature,0.689125,False,,-1,-0.17702797,-0.085710034,0.11204954236745834,0.09454017132520676
1485,binghamtrump,high_maturity,False,CLIPese,0.0,True,mature,0.6771750000000001,False,,-1,0.1054257,-0.2218193,0.11204954236745834,0.09454017132520676
1486,mandelscans,high_maturity,False,CLIPese,0.0,True,mature,0.92205,True,orthographic_hard,5,0.09310647,-0.28714642,0.11204954236745834,0.09454017132520676
1487,rohingboxer,high_maturity,False,CLIPese,0.0,True,mature,0.56445,False,,-1,0.46066445,-0.3206284,0.11204954236745834,0.09454017132520676
1488,cuador,high_maturity,False,CLIPese,0.0,True,mature,0.8563500000000001,True,mature_readable,127,0.0024740724,-0.22573662,0.11204954236745834,0.09454017132520676
1489,kaleidohorton,high_maturity,False,CLIPese,0.0,True,mature,0.278325,False,,-1,0.16061535,-0.252201,0.11204954236745834,0.09454017132520676
1490,madagasanirudhofficial,high_maturity,False,CLIPese,0.0,True,mature,0.19895000000000002,False,,-1,0.2406145,0.11286089,0.11204954236745834,0.09454017132520676
1491,achaille,high_maturity,False,CLIPese,0.0,True,mature,0.6799,True,fallback_fill,491,-0.5955006,0.021494647,0.11204954236745834,0.09454017132520676
1492,abstrimagetexture,high_maturity,False,CLIPese,0.0,True,mature,0.24757500000000002,False,,-1,-0.19878657,-0.12640756,0.11204954236745834,0.09454017132520676
1493,toucan,high_maturity,True,English,2.36,True,mature,0.655675,False,,-1,-0.1524938,0.51936144,0.11204954236745834,0.09454017132520676
1494,mandelvapordeen,high_maturity,False,CLIPese,0.0,True,mature,0.49792500000000006,False,,-1,0.23324701,0.3049773,0.11204954236745834,0.09454017132520676
1495,comikaze,high_maturity,True,English,1.04,True,mature,0.49124999999999996,False,,-1,-0.011862238,-0.67620754,0.11204954236745834,0.09454017132520676
1496,taxideranimalrights,high_maturity,False,CLIPese,0.0,True,mature,0.15162499999999998,False,,-1,-0.14527042,0.34731,0.11204954236745834,0.09454017132520676
1497,knopfler,high_maturity,True,English,1.91,True,mature,0.646175,False,,-1,-0.55398,0.070075646,0.11204954236745834,0.09454017132520676
1498,mathematmathematcollagen,high_maturity,False,CLIPese,0.0,True,mature,0.44249999999999995,False,,-1,-0.08668795,-0.12245575,0.11204954236745834,0.09454017132520676
1499,lgbtqihriausa,high_maturity,False,CLIPese,0.0,True,mature,0.36107500000000003,False,,-1,0.1596049,-0.22083387,0.11204954236745834,0.09454017132520676
1500,lagunitas,high_maturity,True,English,1.91,True,mature,0.8967499999999999,True,mature_readable,69,0.054469105,-0.15466887,0.11204954236745834,0.09454017132520676
1501,taxiderowls,high_maturity,False,CLIPese,0.0,True,mature,0.33872500000000005,False,,-1,0.6463339,-0.3951151,0.11204954236745834,0.09454017132520676
1502,floweremojis,high_maturity,False,CLIPese,0.0,True,mature,0.612125,False,,-1,0.088546515,-0.17593727,0.11204954236745834,0.09454017132520676
1503,dilaik,high_maturity,False,CLIPese,0.0,True,mature,0.41215,False,,-1,0.24787219,-0.33518398,0.11204954236745834,0.09454017132520676
1504,olantaxiderolancougar,high_maturity,False,CLIPese,0.0,True,mature,0.36785,False,,-1,0.58029646,0.38691503,0.11204954236745834,0.09454017132520676
1505,daffo,high_maturity,False,CLIPese,0.0,True,mature,0.801175,True,mature_readable,134,0.048223663,-0.13374072,0.11204954236745834,0.09454017132520676
1506,daisyspider,high_maturity,False,CLIPese,0.0,True,mature,0.715275,False,,-1,0.27779603,0.31728798,0.11204954236745834,0.09454017132520676
1507,chromorefrsteria,high_maturity,False,CLIPese,0.0,True,mature,0.6881499999999999,False,,-1,0.09843206,0.47817186,0.11204954236745834,0.09454017132520676
1508,rosetekken,high_maturity,False,CLIPese,0.0,True,mature,0.7141000000000001,False,,-1,0.35338452,0.44295445,0.11204954236745834,0.09454017132520676
1509,taxiderfoxes,high_maturity,False,CLIPese,0.0,True,mature,0.221225,False,,-1,0.92140913,0.021002231,0.11204954236745834,0.09454017132520676
1510,wavefractal,high_maturity,False,CLIPese,0.0,True,mature,0.606225,False,,-1,-0.23414963,-0.055462733,0.11204954236745834,0.09454017132520676
1511,vikaskhanna,high_maturity,False,CLIPese,0.0,True,mature,0.2792,False,,-1,0.42287812,0.3015001,0.11204954236745834,0.09454017132520676
1512,lawnleash,high_maturity,False,CLIPese,0.0,True,mature,0.6901499999999999,True,fallback_fill,490,0.18363383,0.093148895,0.11204954236745834,0.09454017132520676
1513,categorpixel,high_maturity,False,CLIPese,0.0,True,mature,0.5184500000000001,False,,-1,0.58847785,-0.41835266,0.11204954236745834,0.09454017132520676
1514,viaduckworth,high_maturity,False,CLIPese,0.0,True,mature,0.060275,True,mature_weak,379,0.28758162,-0.24859211,0.11204954236745834,0.09454017132520676
1515,endocrpandas,high_maturity,False,CLIPese,0.0,True,mature,0.800875,True,mature_readable,128,-0.003400523,-0.1912363,0.11204954236745834,0.09454017132520676
1516,bikers,high_maturity,True,English,3.25,True,mature,0.78325,False,,-1,0.29186726,-0.30154938,0.11204954236745834,0.09454017132520676
1517,bassinet,high_maturity,True,English,2.27,True,mature,0.28255,False,,-1,-0.38370204,-0.0811295,0.11204954236745834,0.09454017132520676
1518,silhoufigurine,high_maturity,False,CLIPese,0.0,True,mature,0.1461,False,,-1,0.12793687,-0.25265417,0.11204954236745834,0.09454017132520676
1519,louboutshri,high_maturity,False,CLIPese,0.0,True,mature,0.164575,False,,-1,-0.60120755,0.033718657,0.11204954236745834,0.09454017132520676
1520,psychedmarshmallows,high_maturity,False,CLIPese,0.0,True,mature,0.457375,False,,-1,0.14832331,-0.25314838,0.11204954236745834,0.09454017132520676
1521,sphersnowball,high_maturity,False,CLIPese,0.0,True,mature,0.708225,False,,-1,0.24003282,0.13276674,0.11204954236745834,0.09454017132520676
1522,chondri,high_maturity,False,CLIPese,0.0,True,mature,0.1948,False,,-1,-0.039394777,-0.16036971,0.11204954236745834,0.09454017132520676
1523,contracepcontainer,high_maturity,False,CLIPese,0.0,True,mature,0.332775,False,,-1,-0.29847938,0.34159675,0.11204954236745834,0.09454017132520676
1524,taxiderpoutine,high_maturity,False,CLIPese,0.0,True,mature,0.369975,False,,-1,0.54388344,-0.09374026,0.11204954236745834,0.09454017132520676
1525,chromocells,high_maturity,False,CLIPese,0.0,True,mature,0.326275,False,,-1,-0.5541507,0.005617267,0.11204954236745834,0.09454017132520676
1526,emiratesair,high_maturity,False,CLIPese,0.0,True,mature,0.7102,True,fallback_fill,496,-0.5062252,0.33074325,0.11204954236745834,0.09454017132520676
1527,ballybo,high_maturity,False,CLIPese,0.0,True,mature,0.693825,False,,-1,0.2567441,0.14377081,0.11204954236745834,0.09454017132520676
1528,rubiamiibo,high_maturity,False,CLIPese,0.0,True,mature,0.7528250000000001,True,mature_readable,234,0.06257672,-0.23908357,0.11204954236745834,0.09454017132520676
1529,cyclists,high_maturity,True,English,3.69,True,mature,0.7104500000000001,False,,-1,0.120886594,-0.16577497,0.11204954236745834,0.09454017132520676
1530,coastpath,high_maturity,False,CLIPese,0.0,True,mature,0.9041499999999999,True,mature_readable,77,0.13874389,-0.22072214,0.11204954236745834,0.09454017132520676
1531,coffeeday,high_maturity,False,CLIPese,0.0,True,mature,0.88205,True,mature_readable,206,0.09274388,-0.1816651,0.11204954236745834,0.09454017132520676
1532,cataugmenteclassification,high_maturity,False,CLIPese,0.0,True,mature,0.383675,False,,-1,-0.1309213,0.14673351,0.11204954236745834,0.09454017132520676
1533,chennai,high_maturity,True,English,3.52,True,mature,0.8101250000000001,True,orthographic_hard,39,-0.5045932,-0.02410845,0.11204954236745834,0.09454017132520676
1534,aberavon,high_maturity,True,English,1.74,True,mature,0.7603,False,,-1,0.087770954,-0.16500123,0.11204954236745834,0.09454017132520676
1535,mascarmissingwally,high_maturity,False,CLIPese,0.0,True,mature,0.21262500000000004,False,,-1,0.075118594,-0.18075286,0.11204954236745834,0.09454017132520676
1536,angrybirds,high_maturity,False,CLIPese,0.0,True,mature,0.7119500000000001,False,,-1,0.18385413,0.056249727,0.11204954236745834,0.09454017132520676
1537,mattypixelart,high_maturity,False,CLIPese,0.0,True,mature,0.1784,False,,-1,0.527612,0.0054783192,0.11204954236745834,0.09454017132520676
1538,zombitextglitch,high_maturity,False,CLIPese,0.0,True,mature,0.33410000000000006,False,,-1,0.054745138,-0.85304874,0.11204954236745834,0.09454017132520676
1539,furnfurncomputriplets,high_maturity,False,CLIPese,0.0,True,mature,0.287475,False,,-1,0.07799748,-0.18827143,0.11204954236745834,0.09454017132520676
1540,aztemissingmeasles,high_maturity,False,CLIPese,0.0,True,mature,0.6009749999999999,False,,-1,0.25307643,0.24417807,0.11204954236745834,0.09454017132520676
1541,taxiderborder,high_maturity,False,CLIPese,0.0,True,mature,0.3434,False,,-1,0.2672757,0.22763653,0.11204954236745834,0.09454017132520676
1542,taxiderconceptart,high_maturity,False,CLIPese,0.0,True,mature,0.11912500000000001,False,,-1,0.64104223,-0.33667558,0.11204954236745834,0.09454017132520676
1543,macedpygwildsheep,high_maturity,False,CLIPese,0.0,True,mature,0.25470000000000004,False,,-1,0.12108611,-0.25532475,0.11204954236745834,0.09454017132520676
1544,orangupsychedenhanced,high_maturity,False,CLIPese,0.0,True,mature,0.11202500000000001,False,,-1,0.19229756,-0.08397765,0.11204954236745834,0.09454017132520676
1545,tornadgrowler,high_maturity,False,CLIPese,0.0,True,mature,0.67405,True,fallback_fill,508,0.24098937,0.21367793,0.11204954236745834,0.09454017132520676
1546,pileduplicspades,high_maturity,False,CLIPese,0.0,True,mature,0.265475,False,,-1,-0.34411716,0.075820535,0.11204954236745834,0.09454017132520676
1547,taxiderfigurine,high_maturity,False,CLIPese,0.0,True,mature,0.3477,False,,-1,0.7312303,0.41283697,0.11204954236745834,0.09454017132520676
1548,labrabreed,high_maturity,False,CLIPese,0.0,True,mature,0.417725,False,,-1,-0.15077676,0.2001023,0.11204954236745834,0.09454017132520676
1549,abstrmri,high_maturity,False,CLIPese,0.0,True,mature,0.221175,False,,-1,0.19442272,-0.26008996,0.11204954236745834,0.09454017132520676
1550,extruorice,high_maturity,False,CLIPese,0.0,True,mature,0.44957499999999995,False,,-1,0.62324077,0.2205273,0.11204954236745834,0.09454017132520676
1551,colourcarpet,high_maturity,False,CLIPese,0.0,True,mature,0.31689999999999996,False,,-1,0.12073522,-0.20429677,0.11204954236745834,0.09454017132520676
1552,navyparachstunt,high_maturity,False,CLIPese,0.0,True,mature,0.535075,False,,-1,-0.5475829,0.08403595,0.11204954236745834,0.09454017132520676
1553,plovers,high_maturity,True,English,2.09,True,mature,0.765025,True,orthographic_hard,10,0.29920208,0.41795135,0.11204954236745834,0.09454017132520676
1554,angelcake,high_maturity,False,CLIPese,0.0,True,mature,0.863925,True,mature_readable,114,0.08778777,-0.1612351,0.11204954236745834,0.09454017132520676
1555,militarypretzels,high_maturity,False,CLIPese,0.0,True,mature,0.7127749999999999,True,mature_readable,239,-0.16700414,-0.65053856,0.11204954236745834,0.09454017132520676
1556,hocane,high_maturity,False,CLIPese,0.0,True,mature,0.7531999999999999,True,mature_readable,247,-0.32037997,0.5409726,0.11204954236745834,0.09454017132520676
1557,biker,high_maturity,True,English,3.37,True,mature,0.28695000000000004,False,,-1,0.2847985,0.050455675,0.11204954236745834,0.09454017132520676
1558,kaleidobradford,high_maturity,False,CLIPese,0.0,True,mature,0.42650000000000005,False,,-1,-0.18128045,-0.10090439,0.11204954236745834,0.09454017132520676
1559,jitmonet,high_maturity,False,CLIPese,0.0,True,mature,0.781175,True,mature_readable,166,0.07292729,-0.15076773,0.11204954236745834,0.09454017132520676
1560,paoloinuit,high_maturity,False,CLIPese,0.0,True,mature,0.49805,False,,-1,0.13295075,-0.24294561,0.11204954236745834,0.09454017132520676
1561,psychedfuzzy,high_maturity,False,CLIPese,0.0,True,mature,0.303075,False,,-1,-0.53266686,-0.04199489,0.11204954236745834,0.09454017132520676
1562,gymnaorienteering,high_maturity,False,CLIPese,0.0,True,mature,0.218875,False,,-1,-0.062022284,0.3191737,0.11204954236745834,0.09454017132520676
1563,lapkus,high_maturity,True,English,1.19,True,mature,0.72155,True,fallback_fill,509,0.3460838,0.53101474,0.11204954236745834,0.09454017132520676
1564,kaleidopixel,high_maturity,False,CLIPese,0.0,True,mature,0.1313,False,,-1,0.6145781,-0.4158769,0.11204954236745834,0.09454017132520676
1565,christmatopper,high_maturity,False,CLIPese,0.0,True,mature,0.452075,False,,-1,0.035141606,-0.21980731,0.11204954236745834,0.09454017132520676
1566,ozarwilddogs,high_maturity,False,CLIPese,0.0,True,mature,0.505975,False,,-1,-0.06722821,-0.7798903,0.11204954236745834,0.09454017132520676
1567,quicklibertystickers,high_maturity,False,CLIPese,0.0,True,mature,0.5718749999999999,False,,-1,0.3705476,0.19102174,0.11204954236745834,0.09454017132520676
1568,zeewavestacked,high_maturity,False,CLIPese,0.0,True,mature,0.5136000000000001,False,,-1,-0.1240525,-0.8459035,0.11204954236745834,0.09454017132520676
1569,doughmacfarolulu,high_maturity,False,CLIPese,0.0,True,mature,0.15962500000000002,True,mature_weak,422,0.069245666,-0.19461751,0.11204954236745834,0.09454017132520676
1570,kaleidomicroscopy,high_maturity,False,CLIPese,0.0,True,mature,0.2611,False,,-1,-0.29292735,-0.059506416,0.11204954236745834,0.09454017132520676
1571,puplovers,high_maturity,False,CLIPese,0.0,True,mature,0.736175,True,orthographic_hard,11,0.20998977,0.25208434,0.11204954236745834,0.09454017132520676
1572,kaleidocraze,high_maturity,False,CLIPese,0.0,True,mature,0.26495,False,,-1,-0.4376836,-0.3887402,0.11204954236745834,0.09454017132520676
1573,mathematretina,high_maturity,False,CLIPese,0.0,True,mature,0.46252499999999996,False,,-1,0.10973054,-0.25912964,0.11204954236745834,0.09454017132520676
1574,smolnvidia,high_maturity,False,CLIPese,0.0,True,mature,0.487,False,,-1,0.18694073,0.33852017,0.11204954236745834,0.09454017132520676
1575,saxophonairsoft,high_maturity,False,CLIPese,0.0,True,mature,0.6127,False,,-1,0.4261493,-0.13039526,0.11204954236745834,0.09454017132520676
1576,tballcircleboxes,high_maturity,False,CLIPese,0.0,True,mature,0.49779999999999996,False,,-1,0.5237659,-0.03031443,0.11204954236745834,0.09454017132520676
1577,rattmitztrees,high_maturity,False,CLIPese,0.0,True,mature,0.764375,True,mature_readable,260,-0.6670107,-0.32226974,0.11204954236745834,0.09454017132520676
1578,panorsynthesizer,high_maturity,False,CLIPese,0.0,True,mature,0.21267499999999998,False,,-1,-0.4641378,-0.516075,0.11204954236745834,0.09454017132520676
1579,pixelpsychedarray,high_maturity,False,CLIPese,0.0,True,mature,0.18450000000000003,False,,-1,0.5833822,0.11735405,0.11204954236745834,0.09454017132520676
1580,sawhorse,high_maturity,True,English,1.49,True,mature,0.45357499999999995,False,,-1,-0.21136764,-0.106935784,0.11204954236745834,0.09454017132520676
1581,neatcauliflower,high_maturity,False,CLIPese,0.0,True,mature,0.5486249999999999,False,,-1,-0.55857533,0.029193606,0.11204954236745834,0.09454017132520676
1582,swachhbswapping,high_maturity,False,CLIPese,0.0,True,mature,0.39467499999999994,False,,-1,0.15347542,-0.28035143,0.11204954236745834,0.09454017132520676
1583,counterfehdr,high_maturity,False,CLIPese,0.0,True,mature,0.20120000000000002,False,,-1,0.085198365,-0.18315575,0.11204954236745834,0.09454017132520676
1584,kaleidogenerative,high_maturity,False,CLIPese,0.0,True,mature,0.096525,False,,-1,0.30612975,0.04861601,0.11204954236745834,0.09454017132520676
1585,orbminion,high_maturity,False,CLIPese,0.0,True,mature,0.758875,True,mature_readable,191,-0.16058084,0.6230071,0.11204954236745834,0.09454017132520676
1586,mansfaceswap,high_maturity,False,CLIPese,0.0,True,mature,0.5521999999999999,False,,-1,0.103839725,-0.19408418,0.11204954236745834,0.09454017132520676
1587,nanorender,high_maturity,False,CLIPese,0.0,True,mature,0.881575,True,orthographic_hard,42,-0.44155413,-0.029441303,0.11204954236745834,0.09454017132520676
1588,beachlife,high_maturity,False,CLIPese,0.0,True,mature,0.220375,False,,-1,-0.40333715,-0.0741368,0.11204954236745834,0.09454017132520676
1589,ivankat,high_maturity,False,CLIPese,0.0,True,mature,0.5274,False,,-1,0.253256,-0.19638324,0.11204954236745834,0.09454017132520676
1590,jodhaakbar,high_maturity,False,CLIPese,0.0,True,mature,0.288375,False,,-1,-0.29684642,-0.021646312,0.11204954236745834,0.09454017132520676
1591,eliesaab,high_maturity,False,CLIPese,0.0,True,mature,0.214325,False,,-1,-0.57833743,-0.0145100355,0.11204954236745834,0.09454017132520676
1592,cupftp,high_maturity,False,CLIPese,0.0,True,mature,0.69865,False,,-1,0.06790363,-0.13422735,0.11204954236745834,0.09454017132520676
1593,portraitsilhouette,high_maturity,False,CLIPese,0.0,True,mature,0.10072500000000001,True,mature_weak,393,0.02750878,-0.16510986,0.11204954236745834,0.09454017132520676
1594,hobbyhorse,high_maturity,True,English,1.46,True,mature,0.6354000000000001,False,,-1,-0.23004767,-0.076946765,0.11204954236745834,0.09454017132520676
1595,crayglitch,high_maturity,False,CLIPese,0.0,True,mature,0.25217500000000004,False,,-1,0.12615219,-0.30159774,0.11204954236745834,0.09454017132520676
1596,pillowraisethestick,high_maturity,False,CLIPese,0.0,True,mature,0.252925,False,,-1,-0.04982957,0.03278697,0.11204954236745834,0.09454017132520676
1597,englandrender,high_maturity,False,CLIPese,0.0,True,mature,0.667625,True,orthographic_hard,43,-0.18285125,0.550845,0.11204954236745834,0.09454017132520676
1598,zombiemojis,high_maturity,False,CLIPese,0.0,True,mature,0.5797249999999999,False,,-1,0.015257425,-0.41996387,0.11204954236745834,0.09454017132520676
1599,marblesofa,high_maturity,False,CLIPese,0.0,True,mature,0.6234,False,,-1,0.28907126,0.31444004,0.11204954236745834,0.09454017132520676
1600,anderlecht,high_maturity,True,English,2.56,True,mature,0.550475,False,,-1,0.23516805,0.44861728,0.11204954236745834,0.09454017132520676
1601,bowli,high_maturity,False,CLIPese,0.0,True,mature,0.7319,False,,-1,-0.44688243,0.03592485,0.11204954236745834,0.09454017132520676
1602,horserdressage,high_maturity,False,CLIPese,0.0,True,mature,0.673925,False,,-1,0.09561999,-0.25022402,0.11204954236745834,0.09454017132520676
1603,dalmatisuke,high_maturity,False,CLIPese,0.0,True,mature,0.55645,False,,-1,-0.22238551,-0.096859835,0.11204954236745834,0.09454017132520676
1604,seapconnie,high_maturity,False,CLIPese,0.0,True,mature,0.401525,False,,-1,-0.3549625,-0.03842352,0.11204954236745834,0.09454017132520676
1605,seapsimulcollage,high_maturity,False,CLIPese,0.0,True,mature,0.290375,False,,-1,0.13774163,-0.26042187,0.11204954236745834,0.09454017132520676
1606,orangufrenpsychedelic,high_maturity,False,CLIPese,0.0,True,mature,0.250725,False,,-1,0.044791948,-0.1787396,0.11204954236745834,0.09454017132520676
1607,lamjarred,high_maturity,False,CLIPese,0.0,True,mature,0.2591,False,,-1,-0.009883005,-0.23720072,0.11204954236745834,0.09454017132520676
1608,cliffventilation,high_maturity,False,CLIPese,0.0,True,mature,0.464375,False,,-1,0.29098898,0.20772886,0.11204954236745834,0.09454017132520676
1609,stalaheminutephapears,high_maturity,False,CLIPese,0.0,True,mature,0.29055000000000003,False,,-1,-0.3024207,0.18671839,0.11204954236745834,0.09454017132520676
1610,crystscanned,high_maturity,False,CLIPese,0.0,True,mature,0.48092500000000005,False,,-1,0.17417789,0.22908852,0.11204954236745834,0.09454017132520676
1611,artochocolate,high_maturity,False,CLIPese,0.0,True,mature,0.700425,False,,-1,-0.35910195,-0.10371459,0.11204954236745834,0.09454017132520676
1612,loafbasking,high_maturity,False,CLIPese,0.0,True,mature,0.448825,False,,-1,-0.20523933,-0.11252551,0.11204954236745834,0.09454017132520676
1613,configurloops,high_maturity,False,CLIPese,0.0,True,mature,0.66845,False,,-1,-0.34963205,-0.022752829,0.11204954236745834,0.09454017132520676
1614,wazwaldo,high_maturity,False,CLIPese,0.0,True,mature,0.8633,True,mature_readable,71,-0.14797258,-0.5521901,0.11204954236745834,0.09454017132520676
1615,ninjskell,high_maturity,False,CLIPese,0.0,True,mature,0.34875,False,,-1,0.27343163,0.24447407,0.11204954236745834,0.09454017132520676
1616,canadaam,high_maturity,False,CLIPese,0.0,True,mature,0.6404249999999999,False,,-1,-0.5866388,0.04139363,0.11204954236745834,0.09454017132520676
1617,kaleidoandolan,high_maturity,False,CLIPese,0.0,True,mature,0.17425,False,,-1,-0.4822837,-0.037801705,0.11204954236745834,0.09454017132520676
1618,tulear,high_maturity,True,English,1.18,True,mature,0.310025,False,,-1,0.3120873,0.5394184,0.11204954236745834,0.09454017132520676
1619,asserrotterdam,high_maturity,False,CLIPese,0.0,True,mature,0.734225,True,mature_readable,262,0.023857493,-0.2493527,0.11204954236745834,0.09454017132520676
1620,onette,high_maturity,False,CLIPese,0.0,True,mature,0.78635,True,mature_readable,228,-0.090456285,-0.101717934,0.11204954236745834,0.09454017132520676
1621,asants,high_maturity,False,CLIPese,0.0,True,mature,0.1832,False,,-1,0.04135546,-0.1523546,0.11204954236745834,0.09454017132520676
1622,cyberroblox,high_maturity,False,CLIPese,0.0,True,mature,0.53905,False,,-1,0.5964399,-0.35969487,0.11204954236745834,0.09454017132520676
1623,elengcopernictapegpu,high_maturity,False,CLIPese,0.0,True,mature,0.18869999999999998,False,,-1,-0.12528954,-0.12210733,0.11204954236745834,0.09454017132520676
1624,bcbeer,high_maturity,False,CLIPese,0.0,True,mature,0.8613749999999999,True,mature_readable,196,-0.46355027,-0.044584192,0.11204954236745834,0.09454017132520676
1625,orangujissquirrel,high_maturity,False,CLIPese,0.0,True,mature,0.306775,False,,-1,-0.25941586,-0.12631865,0.11204954236745834,0.09454017132520676
1626,skelcrysttrippy,high_maturity,False,CLIPese,0.0,True,mature,0.376475,False,,-1,-0.49535507,0.055278376,0.11204954236745834,0.09454017132520676
1627,guangpandas,high_maturity,False,CLIPese,0.0,True,mature,0.698025,False,,-1,0.2769217,0.5454557,0.11204954236745834,0.09454017132520676
1628,kaleidotranslucent,high_maturity,False,CLIPese,0.0,True,mature,0.1214,False,,-1,-0.23109226,0.19397925,0.11204954236745834,0.09454017132520676
1629,dalmatisika,high_maturity,False,CLIPese,0.0,True,mature,0.4244,False,,-1,0.18621163,-0.27391133,0.11204954236745834,0.09454017132520676
1630,autuclutter,high_maturity,False,CLIPese,0.0,True,mature,0.5606000000000001,False,,-1,0.11688761,-0.21044226,0.11204954236745834,0.09454017132520676
1631,cauliyuri,high_maturity,False,CLIPese,0.0,True,mature,0.210325,False,,-1,0.09513876,-0.23240995,0.11204954236745834,0.09454017132520676
1632,evanhalen,high_maturity,False,CLIPese,0.0,True,mature,0.9553,True,mature_readable,57,0.02546668,-0.16166171,0.11204954236745834,0.09454017132520676
1633,colombiais,high_maturity,False,CLIPese,0.0,True,mature,0.8187499999999999,True,mature_readable,222,0.14650236,-0.25795892,0.11204954236745834,0.09454017132520676
1634,krakat,high_maturity,False,CLIPese,0.0,True,mature,0.7599,False,,-1,0.25893822,-0.26059335,0.11204954236745834,0.09454017132520676
1635,renko,high_maturity,True,English,1.87,True,mature,0.936525,True,mature_readable,64,-0.489838,0.032169335,0.11204954236745834,0.09454017132520676
1636,catdog,high_maturity,True,English,1.9,True,mature,0.5923499999999999,True,orthographic_hard,2,0.03251322,-0.16589245,0.11204954236745834,0.09454017132520676
1637,trossachs,high_maturity,True,English,1.92,True,mature,0.934925,True,mature_readable,52,-0.32533032,-0.07199606,0.11204954236745834,0.09454017132520676
1638,clippiday,high_maturity,False,CLIPese,0.0,True,mature,0.9418000000000001,True,mature_readable,107,0.04947936,-0.18757054,0.11204954236745834,0.09454017132520676
1639,mandelmicroscopy,high_maturity,False,CLIPese,0.0,True,mature,0.15115,False,,-1,0.12105352,-0.22778241,0.11204954236745834,0.09454017132520676
1640,powderham,high_maturity,True,English,1.06,True,mature,0.732125,True,mature_readable,253,0.024491692,-0.15867013,0.11204954236745834,0.09454017132520676
1641,bestofrgb,high_maturity,False,CLIPese,0.0,True,mature,0.45547499999999996,False,,-1,-0.18379681,0.32392403,0.11204954236745834,0.09454017132520676
1642,macedcheetah,high_maturity,False,CLIPese,0.0,True,mature,0.666525,True,orthographic_hard,29,0.17976835,0.21812558,0.11204954236745834,0.09454017132520676
1643,epiletapemicroscopy,high_maturity,False,CLIPese,0.0,True,mature,0.312525,False,,-1,0.2058241,0.23947655,0.11204954236745834,0.09454017132520676
1644,labraherd,high_maturity,False,CLIPese,0.0,True,mature,0.3746,False,,-1,0.20104548,0.22465025,0.11204954236745834,0.09454017132520676
1645,portraitstencil,high_maturity,False,CLIPese,0.0,True,mature,0.15305000000000002,False,,-1,0.22119154,-0.10257072,0.11204954236745834,0.09454017132520676
1646,mongoshirtless,high_maturity,False,CLIPese,0.0,True,mature,0.4518499999999999,False,,-1,-0.37977302,-0.06687366,0.11204954236745834,0.09454017132520676
1647,clowalf,high_maturity,False,CLIPese,0.0,True,mature,0.41815,False,,-1,0.07407931,-0.19211999,0.11204954236745834,0.09454017132520676
1648,pomegran,high_maturity,False,CLIPese,0.0,True,mature,0.26687500000000003,False,,-1,-0.001169124,-0.15367256,0.11204954236745834,0.09454017132520676
1649,harampixelart,high_maturity,False,CLIPese,0.0,True,mature,0.32085,False,,-1,0.2990018,0.45195237,0.11204954236745834,0.09454017132520676
1650,barclaygrid,high_maturity,False,CLIPese,0.0,True,mature,0.62695,False,,-1,0.19948398,-0.2819357,0.11204954236745834,0.09454017132520676
1651,louboutassets,high_maturity,False,CLIPese,0.0,True,mature,0.17607499999999998,False,,-1,-0.6119863,0.036220867,0.11204954236745834,0.09454017132520676
1652,britishfarming,high_maturity,False,CLIPese,0.0,True,mature,0.7682249999999999,True,mature_readable,215,0.14509434,0.13347504,0.11204954236745834,0.09454017132520676
1653,atriathlon,high_maturity,False,CLIPese,0.0,True,mature,0.798175,True,mature_readable,187,0.107068315,0.19214901,0.11204954236745834,0.09454017132520676
1654,brickchunks,high_maturity,False,CLIPese,0.0,True,mature,0.510475,False,,-1,0.29502344,0.059433836,0.11204954236745834,0.09454017132520676
1655,distorkaleidostare,high_maturity,False,CLIPese,0.0,True,mature,0.1075,False,,-1,-0.48149472,0.3389411,0.11204954236745834,0.09454017132520676
1656,photomkaleidomedusa,high_maturity,False,CLIPese,0.0,True,mature,0.081925,True,mature_weak,395,0.11564189,0.17130016,0.11204954236745834,0.09454017132520676
1657,kaleidosynthesis,high_maturity,False,CLIPese,0.0,True,mature,0.245475,False,,-1,0.18932326,-0.2575161,0.11204954236745834,0.09454017132520676
1658,blondog,high_maturity,False,CLIPese,0.0,True,mature,0.7445,True,fallback_fill,505,0.19059747,0.21776758,0.11204954236745834,0.09454017132520676
1659,candel,high_maturity,True,English,1.24,True,mature,0.947175,True,mature_readable,65,-0.5441657,-0.0037754856,0.11204954236745834,0.09454017132520676
1660,aluminmathematdeeply,high_maturity,False,CLIPese,0.0,True,mature,0.265725,False,,-1,0.25163832,0.5118205,0.11204954236745834,0.09454017132520676
1661,mysterywaldo,high_maturity,False,CLIPese,0.0,True,mature,0.4638,False,,-1,0.1568079,-0.17642206,0.11204954236745834,0.09454017132520676
1662,rummiku,high_maturity,False,CLIPese,0.0,True,mature,0.76755,True,mature_readable,256,0.2559057,0.099296525,0.11204954236745834,0.09454017132520676
1663,artichorendering,high_maturity,False,CLIPese,0.0,True,mature,0.32257500000000006,False,,-1,-0.34588596,0.30609939,0.11204954236745834,0.09454017132520676
1664,attackdoors,high_maturity,False,CLIPese,0.0,True,mature,0.7646000000000001,True,mature_readable,278,0.31124833,0.3416196,0.11204954236745834,0.09454017132520676
1665,gigabkraft,high_maturity,False,CLIPese,0.0,True,mature,0.289175,False,,-1,0.34905583,0.2002184,0.11204954236745834,0.09454017132520676
1666,navyfractal,high_maturity,False,CLIPese,0.0,True,mature,0.51115,False,,-1,0.24028361,0.38179147,0.11204954236745834,0.09454017132520676
1667,lawrenceearrings,high_maturity,False,CLIPese,0.0,True,mature,0.55205,False,,-1,-0.076148175,0.4800991,0.11204954236745834,0.09454017132520676
1668,stateoctagon,high_maturity,False,CLIPese,0.0,True,mature,0.8320749999999999,True,mature_readable,108,-0.49917614,-0.0040648454,0.11204954236745834,0.09454017132520676
1669,schwarzflurmugshot,high_maturity,False,CLIPese,0.0,True,mature,0.39005,False,,-1,-0.3737279,-0.60949504,0.11204954236745834,0.09454017132520676
1670,brownies,high_maturity,True,English,3.19,True,mature,0.88315,True,mature_readable,111,0.22870375,-0.31817678,0.11204954236745834,0.09454017132520676
1671,shilpashetty,high_maturity,False,CLIPese,0.0,True,mature,0.293925,False,,-1,0.044462875,-0.17736894,0.11204954236745834,0.09454017132520676
1672,catdoge,high_maturity,False,CLIPese,0.0,True,mature,0.8110749999999999,True,orthographic_hard,3,0.19418953,0.31203875,0.11204954236745834,0.09454017132520676
1673,anglesey,high_maturity,True,English,2.9,True,mature,0.7096,False,,-1,0.05440869,-0.121354185,0.11204954236745834,0.09454017132520676
1674,abasketball,high_maturity,False,CLIPese,0.0,True,mature,0.5949,False,,-1,0.11429097,-0.254435,0.11204954236745834,0.09454017132520676
1675,matisse,high_maturity,True,English,2.88,True,mature,0.595,False,,-1,0.1442498,-0.29299393,0.11204954236745834,0.09454017132520676
1676,funkosnapchat,high_maturity,False,CLIPese,0.0,True,mature,0.5582,False,,-1,-0.6052857,0.09746013,0.11204954236745834,0.09454017132520676
1677,mboldo,high_maturity,False,CLIPese,0.0,True,mature,0.40764999999999996,False,,-1,-0.057909258,-0.15192604,0.11204954236745834,0.09454017132520676
1678,chinasea,high_maturity,False,CLIPese,0.0,True,mature,0.7175750000000001,False,,-1,0.14529492,-0.28650177,0.11204954236745834,0.09454017132520676
1679,taxiderouf,high_maturity,False,CLIPese,0.0,True,mature,0.24457500000000001,False,,-1,0.6366804,-0.3833169,0.11204954236745834,0.09454017132520676
1680,braids,high_maturity,True,English,3.01,True,mature,0.750475,False,,-1,0.13278031,-0.31552145,0.11204954236745834,0.09454017132520676
1681,autisma,high_maturity,False,CLIPese,0.0,True,mature,0.5347,False,,-1,0.04595003,-0.20852007,0.11204954236745834,0.09454017132520676
1682,ducklookout,high_maturity,False,CLIPese,0.0,True,mature,0.6799750000000001,True,fallback_fill,486,-0.020710032,-0.1690461,0.11204954236745834,0.09454017132520676
1683,cesaro,high_maturity,True,English,2.47,True,mature,0.7892499999999999,True,mature_readable,176,0.09580634,0.56823057,0.11204954236745834,0.09454017132520676
1684,swordlockheed,high_maturity,False,CLIPese,0.0,True,mature,0.5566749999999999,False,,-1,0.006885793,-0.17199601,0.11204954236745834,0.09454017132520676
1685,taxiderfox,high_maturity,False,CLIPese,0.0,True,mature,0.3209,False,,-1,0.6002795,0.20133373,0.11204954236745834,0.09454017132520676
1686,disintegrmonet,high_maturity,False,CLIPese,0.0,True,mature,0.31957500000000005,False,,-1,0.28532648,0.38735327,0.11204954236745834,0.09454017132520676
1687,kaleidophotographing,high_maturity,False,CLIPese,0.0,True,mature,0.051750000000000004,False,,-1,-0.06350134,-0.19136287,0.11204954236745834,0.09454017132520676
1688,giovgeometric,high_maturity,False,CLIPese,0.0,True,mature,0.33630000000000004,False,,-1,0.15743078,-0.2358408,0.11204954236745834,0.09454017132520676
1689,cliffcliff,high_maturity,False,CLIPese,0.0,True,mature,0.555,False,,-1,0.1300428,-0.13000521,0.11204954236745834,0.09454017132520676
1690,pomegranate,high_maturity,True,English,2.93,True,mature,0.611425,False,,-1,-0.34296966,-0.030429656,0.11204954236745834,0.09454017132520676
1691,squidpixelart,high_maturity,False,CLIPese,0.0,True,mature,0.23920000000000002,False,,-1,0.49489912,0.089879796,0.11204954236745834,0.09454017132520676
1692,monkeyhdr,high_maturity,False,CLIPese,0.0,True,mature,0.47532499999999994,False,,-1,0.16836032,-0.20111236,0.11204954236745834,0.09454017132520676
1693,buildtrooper,high_maturity,False,CLIPese,0.0,True,mature,0.764025,True,mature_readable,195,0.3005406,0.30397564,0.11204954236745834,0.09454017132520676
1694,sheepfractal,high_maturity,False,CLIPese,0.0,True,mature,0.4317,False,,-1,-0.41154984,-0.018909106,0.11204954236745834,0.09454017132520676
1695,germinavocado,high_maturity,False,CLIPese,0.0,True,mature,0.59445,False,,-1,0.3686528,0.56559604,0.11204954236745834,0.09454017132520676
1696,outburger,high_maturity,False,CLIPese,0.0,True,mature,0.9305249999999998,True,mature_readable,56,0.07435234,-0.15513727,0.11204954236745834,0.09454017132520676
1697,kaleidoshulpixel,high_maturity,False,CLIPese,0.0,True,mature,0.19140000000000001,False,,-1,0.0029942468,-0.21474074,0.11204954236745834,0.09454017132520676
1698,adopttrees,high_maturity,False,CLIPese,0.0,True,mature,0.8054999999999999,True,mature_readable,160,0.094105795,-0.2107671,0.11204954236745834,0.09454017132520676
1699,breweries,high_maturity,True,English,3.27,True,mature,0.897,True,mature_readable,88,0.36319956,0.35041705,0.11204954236745834,0.09454017132520676
1700,katrantzou,high_maturity,True,English,1.37,True,mature,0.3053,False,,-1,-0.3778755,-0.54689914,0.11204954236745834,0.09454017132520676
1701,frantaxidercoyotes,high_maturity,False,CLIPese,0.0,True,mature,0.7462000000000001,False,,-1,-0.11738215,0.30466625,0.11204954236745834,0.09454017132520676
1702,hypnopixelart,high_maturity,False,CLIPese,0.0,True,mature,0.25634999999999997,False,,-1,0.49112454,0.012910882,0.11204954236745834,0.09454017132520676
1703,colourpercentage,high_maturity,False,CLIPese,0.0,True,mature,0.57695,False,,-1,-0.09918671,0.28027782,0.11204954236745834,0.09454017132520676
1704,orangubrenda,high_maturity,False,CLIPese,0.0,True,mature,0.37085,False,,-1,0.25755352,0.4118998,0.11204954236745834,0.09454017132520676
1705,nycemojis,high_maturity,False,CLIPese,0.0,True,mature,0.8134,False,,-1,0.22020213,0.239998,0.11204954236745834,0.09454017132520676
1706,photomfractal,high_maturity,False,CLIPese,0.0,True,mature,0.06627500000000001,True,mature_weak,370,0.038274832,-0.17075956,0.11204954236745834,0.09454017132520676
1707,sphermatrix,high_maturity,False,CLIPese,0.0,True,mature,0.18322499999999997,False,,-1,0.43219572,0.16553292,0.11204954236745834,0.09454017132520676
1708,democrsafarilive,high_maturity,False,CLIPese,0.0,True,mature,0.152675,False,,-1,-0.13771099,-0.18108958,0.11204954236745834,0.09454017132520676
1709,sharkmathematgopro,high_maturity,False,CLIPese,0.0,True,mature,0.4861000000000001,False,,-1,-0.14765702,0.32150707,0.11204954236745834,0.09454017132520676
1710,lufalfa,high_maturity,False,CLIPese,0.0,True,mature,0.50945,False,,-1,0.2193006,0.30786422,0.11204954236745834,0.09454017132520676
1711,valuepixelart,high_maturity,False,CLIPese,0.0,True,mature,0.136475,False,,-1,0.66803384,0.182424,0.11204954236745834,0.09454017132520676
1712,bbcbratfrequency,high_maturity,False,CLIPese,0.0,True,mature,0.669025,True,orthographic_hard,31,0.27936572,0.26084304,0.11204954236745834,0.09454017132520676
1713,medalcutout,high_maturity,False,CLIPese,0.0,True,mature,0.757725,True,mature_readable,203,0.11489951,0.19197315,0.11204954236745834,0.09454017132520676
1714,kaleidoinfrared,high_maturity,False,CLIPese,0.0,True,mature,0.34902500000000003,False,,-1,0.1453194,0.23491347,0.11204954236745834,0.09454017132520676
1715,pokladybug,high_maturity,False,CLIPese,0.0,True,mature,0.656475,True,fallback_fill,510,0.17089471,-0.19170927,0.11204954236745834,0.09454017132520676
1716,sunilgrover,high_maturity,False,CLIPese,0.0,True,mature,0.40122500000000005,False,,-1,0.2036491,0.2861694,0.11204954236745834,0.09454017132520676
1717,cannabismuenady,high_maturity,False,CLIPese,0.0,True,mature,0.9042250000000001,True,mature_readable,60,-0.2266005,-0.07633929,0.11204954236745834,0.09454017132520676
1718,toga,high_maturity,True,English,2.73,True,mature,0.7922499999999999,True,mature_readable,180,0.0672263,-0.11866333,0.11204954236745834,0.09454017132520676
1719,bhopal,high_maturity,True,English,2.79,True,mature,0.84075,True,mature_readable,135,0.21458457,0.22751345,0.11204954236745834,0.09454017132520676
1720,gringodawgs,high_maturity,False,CLIPese,0.0,True,mature,0.2131,False,,-1,0.050591104,-0.14481021,0.11204954236745834,0.09454017132520676
1721,blanchett,high_maturity,True,English,2.53,True,mature,0.53775,False,,-1,0.12353311,-0.2349862,0.11204954236745834,0.09454017132520676
1722,khound,high_maturity,False,CLIPese,0.0,True,mature,0.46914999999999996,False,,-1,0.20729925,-0.23270434,0.11204954236745834,0.09454017132520676
1723,tuxfluffymeowalfie,high_maturity,False,CLIPese,0.0,True,mature,0.365425,False,,-1,0.6150136,0.2684746,0.11204954236745834,0.09454017132520676
1724,marathdelavinpikachu,high_maturity,False,CLIPese,0.0,True,mature,0.5754000000000001,False,,-1,-0.008301222,-0.20387556,0.11204954236745834,0.09454017132520676
1725,pyarkeaisebhi,high_maturity,False,CLIPese,0.0,True,mature,0.4793,False,,-1,-0.53646225,0.17169759,0.11204954236745834,0.09454017132520676
1726,morphorender,high_maturity,False,CLIPese,0.0,True,mature,0.45185000000000003,False,,-1,0.03984109,-0.15146431,0.11204954236745834,0.09454017132520676
1727,okuwarhol,high_maturity,False,CLIPese,0.0,True,mature,0.591775,False,,-1,0.2234719,-0.2008828,0.11204954236745834,0.09454017132520676
1728,austrboar,high_maturity,False,CLIPese,0.0,True,mature,0.45587500000000003,False,,-1,0.3472624,0.3758216,0.11204954236745834,0.09454017132520676
1729,psychedpepe,high_maturity,False,CLIPese,0.0,True,mature,0.5576,False,,-1,0.06031342,-0.1964137,0.11204954236745834,0.09454017132520676
1730,alphabesymbol,high_maturity,False,CLIPese,0.0,True,mature,0.33594999999999997,False,,-1,0.21523115,0.13646272,0.11204954236745834,0.09454017132520676
1731,agates,high_maturity,True,English,1.73,True,mature,0.8217749999999999,True,mature_readable,151,0.100722715,-0.13757557,0.11204954236745834,0.09454017132520676
1732,dalmatitaurus,high_maturity,False,CLIPese,0.0,True,mature,0.59135,False,,-1,0.25312054,0.1163701,0.11204954236745834,0.09454017132520676
1733,imageimpressionist,high_maturity,False,CLIPese,0.0,True,mature,0.23535,False,,-1,-0.15764013,-0.19255075,0.11204954236745834,0.09454017132520676
1734,cabbage,high_maturity,True,English,3.55,True,mature,0.8018,True,mature_readable,217,0.27104723,0.31250852,0.11204954236745834,0.09454017132520676
1735,taxiderwolf,high_maturity,False,CLIPese,0.0,True,mature,0.44194999999999995,False,,-1,0.68956363,-0.4169735,0.11204954236745834,0.09454017132520676
1736,ohioemu,high_maturity,False,CLIPese,0.0,True,mature,0.5724999999999999,False,,-1,-0.58163697,0.41418022,0.11204954236745834,0.09454017132520676
1737,africanshep,high_maturity,False,CLIPese,0.0,True,mature,0.7432000000000001,True,mature_readable,257,0.08282084,-0.18056983,0.11204954236745834,0.09454017132520676
1738,attackjar,high_maturity,False,CLIPese,0.0,True,mature,0.8111250000000001,True,mature_readable,148,0.044258565,-0.1840775,0.11204954236745834,0.09454017132520676
1739,coleslaw,high_maturity,True,English,2.64,True,mature,0.55995,False,,-1,0.1103816,-0.19367424,0.11204954236745834,0.09454017132520676
1740,compupopup,high_maturity,False,CLIPese,0.0,True,mature,0.6636500000000001,False,,-1,0.2054565,0.20798554,0.11204954236745834,0.09454017132520676
1741,taxidercolorful,high_maturity,False,CLIPese,0.0,True,mature,0.05075,False,,-1,-0.13671288,-0.12954712,0.11204954236745834,0.09454017132520676
1742,poinsettia,high_maturity,True,English,2.12,True,mature,0.35475,False,,-1,0.16938782,0.2500066,0.11204954236745834,0.09454017132520676
1743,seacdispenser,high_maturity,False,CLIPese,0.0,True,mature,0.559425,False,,-1,0.23412138,0.13647953,0.11204954236745834,0.09454017132520676
1744,kalejigsaw,high_maturity,False,CLIPese,0.0,True,mature,0.401125,False,,-1,0.12758443,0.257888,0.11204954236745834,0.09454017132520676
1745,pallimodernilegopauls,high_maturity,False,CLIPese,0.0,True,mature,0.16820000000000002,True,mature_weak,412,-0.09179158,-0.1950097,0.11204954236745834,0.09454017132520676
1746,abstrshrek,high_maturity,False,CLIPese,0.0,True,mature,0.48692500000000005,False,,-1,0.40035844,0.3630262,0.11204954236745834,0.09454017132520676
1747,gumblighthouse,high_maturity,False,CLIPese,0.0,True,mature,0.8882500000000001,True,mature_readable,59,0.005282753,0.15391001,0.11204954236745834,0.09454017132520676
1748,japanesedodgeball,high_maturity,False,CLIPese,0.0,True,mature,0.7038249999999999,False,,-1,-0.21461923,-0.14820783,0.11204954236745834,0.09454017132520676
1749,lautkorfighterjets,high_maturity,False,CLIPese,0.0,True,mature,0.53145,False,,-1,-0.63627964,0.0666088,0.11204954236745834,0.09454017132520676
1750,kaleidoeyenightmare,high_maturity,False,CLIPese,0.0,True,mature,0.310175,False,,-1,-0.060881518,-0.15047996,0.11204954236745834,0.09454017132520676
1751,lagann,high_maturity,True,English,1.94,True,mature,0.633775,False,,-1,0.08958231,-0.18854079,0.11204954236745834,0.09454017132520676
1752,testicspectrum,high_maturity,False,CLIPese,0.0,True,mature,0.6956249999999999,False,,-1,0.01678536,0.5667419,0.11204954236745834,0.09454017132520676
1753,ihrioural,high_maturity,False,CLIPese,0.0,True,mature,0.151125,True,mature_weak,414,-0.3845137,-0.08231681,0.11204954236745834,0.09454017132520676
1754,orangutoddlers,high_maturity,False,CLIPese,0.0,True,mature,0.339025,False,,-1,-0.6633766,0.06368111,0.11204954236745834,0.09454017132520676
1755,blackdatabdistorpixelart,high_maturity,False,CLIPese,0.0,True,mature,0.12955000000000003,True,mature_weak,423,0.21487668,-0.25076896,0.11204954236745834,0.09454017132520676
1756,skimleakpaper,high_maturity,False,CLIPese,0.0,True,mature,0.6196750000000001,True,fallback_fill,500,-0.33887446,-0.05806784,0.11204954236745834,0.09454017132520676
1757,chlorop,high_maturity,False,CLIPese,0.0,True,mature,0.821725,True,mature_readable,144,0.06438799,-0.15017503,0.11204954236745834,0.09454017132520676
1758,inducloafbowel,high_maturity,False,CLIPese,0.0,True,mature,0.40412499999999996,False,,-1,0.25171635,-0.2932464,0.11204954236745834,0.09454017132520676
1759,haring,high_maturity,True,English,2.37,True,mature,0.58135,False,,-1,-0.32688618,-0.07239684,0.11204954236745834,0.09454017132520676
1760,chromofries,high_maturity,False,CLIPese,0.0,True,mature,0.48657500000000004,False,,-1,0.09637374,-0.23751822,0.11204954236745834,0.09454017132520676
1761,pretztrombone,high_maturity,False,CLIPese,0.0,True,mature,0.58855,False,,-1,0.014858136,-0.16035293,0.11204954236745834,0.09454017132520676
1762,drakebeagle,high_maturity,False,CLIPese,0.0,True,mature,0.8579249999999999,True,mature_readable,79,0.053028457,-0.1490485,0.11204954236745834,0.09454017132520676
1763,barista,high_maturity,True,English,3.02,True,mature,0.7157,False,,-1,-0.4970228,-0.034454893,0.11204954236745834,0.09454017132520676
1764,nashvilleliberalantenna,high_maturity,False,CLIPese,0.0,True,mature,0.592775,False,,-1,-0.44405353,-0.037505172,0.11204954236745834,0.09454017132520676
1765,genealowebcam,high_maturity,False,CLIPese,0.0,True,mature,0.18219999999999997,False,,-1,-0.19999997,0.45319676,0.11204954236745834,0.09454017132520676
1766,taxiderlewanczech,high_maturity,False,CLIPese,0.0,True,mature,0.2474,False,,-1,0.42121857,-0.82030404,0.11204954236745834,0.09454017132520676
1767,wolftekken,high_maturity,False,CLIPese,0.0,True,mature,0.5542750000000001,False,,-1,0.17077634,-0.2430998,0.11204954236745834,0.09454017132520676
1768,hydromtg,high_maturity,False,CLIPese,0.0,True,mature,0.377775,False,,-1,-0.0119059505,-0.1374312,0.11204954236745834,0.09454017132520676
1769,calvins,high_maturity,True,English,1.53,True,mature,0.69745,False,,-1,0.16990232,-0.27445847,0.11204954236745834,0.09454017132520676
1770,pikachzombie,high_maturity,False,CLIPese,0.0,True,mature,0.64845,False,,-1,-0.4764086,-0.51670396,0.11204954236745834,0.09454017132520676
1771,boxes,high_maturity,True,English,4.34,True,mature,0.593075,False,,-1,0.5745415,-0.40735012,0.11204954236745834,0.09454017132520676
1772,pixelwarhol,high_maturity,False,CLIPese,0.0,True,mature,0.49355000000000004,False,,-1,0.72347635,0.020644315,0.11204954236745834,0.09454017132520676
1773,duncanjames,high_maturity,False,CLIPese,0.0,True,mature,0.38262500000000005,False,,-1,-0.32406053,-0.072144315,0.11204954236745834,0.09454017132520676
1774,edmongreyhound,high_maturity,False,CLIPese,0.0,True,mature,0.43584999999999996,False,,-1,-0.07071119,-0.08800973,0.11204954236745834,0.09454017132520676
1775,maersk,high_maturity,True,English,2.42,True,mature,0.7215750000000001,True,orthographic_hard,46,0.20890397,-0.25590155,0.11204954236745834,0.09454017132520676
1776,mandelcgi,high_maturity,False,CLIPese,0.0,True,mature,0.20195000000000002,False,,-1,0.20786145,0.30443725,0.11204954236745834,0.09454017132520676
1777,elisicki,high_maturity,False,CLIPese,0.0,True,mature,0.42767499999999997,False,,-1,0.16368438,-0.2918242,0.11204954236745834,0.09454017132520676
1778,kaleidoclouds,high_maturity,False,CLIPese,0.0,True,mature,0.427775,False,,-1,0.35719314,0.4066943,0.11204954236745834,0.09454017132520676
1779,bulgarian,high_maturity,True,English,3.81,True,mature,0.5870500000000001,True,orthographic_hard,35,-0.5983716,0.0487949,0.11204954236745834,0.09454017132520676
1780,raygrunge,high_maturity,False,CLIPese,0.0,True,mature,0.43989999999999996,False,,-1,0.12991802,-0.1628123,0.11204954236745834,0.09454017132520676
1781,albatros,high_maturity,True,English,1.84,True,mature,0.5986750000000001,False,,-1,-0.38431862,0.46567413,0.11204954236745834,0.09454017132520676
1782,specwarhol,high_maturity,False,CLIPese,0.0,True,mature,0.667225,False,,-1,0.27264982,0.3860704,0.11204954236745834,0.09454017132520676
1783,eleloom,high_maturity,False,CLIPese,0.0,True,mature,0.8748499999999999,True,mature_readable,98,0.23052602,0.4492555,0.11204954236745834,0.09454017132520676
1784,pugbeethoven,high_maturity,False,CLIPese,0.0,True,mature,0.7948000000000001,False,,-1,-0.3968892,-0.056359723,0.11204954236745834,0.09454017132520676
1785,paella,high_maturity,True,English,2.63,True,mature,0.38880000000000003,False,,-1,0.10140166,-0.23392227,0.11204954236745834,0.09454017132520676
1786,ozarrolltide,high_maturity,False,CLIPese,0.0,True,mature,0.44402500000000006,False,,-1,0.02132295,-0.70571357,0.11204954236745834,0.09454017132520676
1787,preityzinta,high_maturity,False,CLIPese,0.0,True,mature,0.1857,False,,-1,-0.31070414,0.119121894,0.11204954236745834,0.09454017132520676
1788,extrupopcorn,high_maturity,False,CLIPese,0.0,True,mature,0.711625,True,fallback_fill,511,-0.04807256,-0.08796466,0.11204954236745834,0.09454017132520676
1789,balochi,high_maturity,True,English,1.84,True,mature,0.863775,True,mature_readable,185,0.05032276,-0.19852395,0.11204954236745834,0.09454017132520676
1790,fcthulhu,high_maturity,False,CLIPese,0.0,True,mature,0.6223,False,,-1,-0.46522325,0.006757266,0.11204954236745834,0.09454017132520676
1791,assaulharrier,high_maturity,False,CLIPese,0.0,True,mature,0.564325,False,,-1,0.09578771,-0.2575372,0.11204954236745834,0.09454017132520676
1792,mandelcloseup,high_maturity,False,CLIPese,0.0,True,mature,0.64505,False,,-1,-0.55867225,0.023951834,0.11204954236745834,0.09454017132520676
1793,lufalfarraptors,high_maturity,False,CLIPese,0.0,True,mature,0.665625,False,,-1,-0.25603905,-0.08591424,0.11204954236745834,0.09454017132520676
1794,bears,high_maturity,True,English,4.34,True,mature,0.765775,False,,-1,0.03576359,-0.2092597,0.11204954236745834,0.09454017132520676
1795,kachneko,high_maturity,False,CLIPese,0.0,True,mature,0.46919999999999995,False,,-1,0.07839374,-0.17916964,0.11204954236745834,0.09454017132520676
1796,makarsankranti,high_maturity,False,CLIPese,0.0,True,mature,0.3395,False,,-1,0.04476069,0.3401954,0.11204954236745834,0.09454017132520676
1797,imagefuzzrainbow,high_maturity,False,CLIPese,0.0,True,mature,0.3392,False,,-1,-0.017607136,-0.7803602,0.11204954236745834,0.09454017132520676
1798,axstv,high_maturity,False,CLIPese,0.0,True,mature,0.88885,True,mature_readable,90,-0.39293855,0.06455478,0.11204954236745834,0.09454017132520676
1799,crystalli,high_maturity,False,CLIPese,0.0,True,mature,0.4644499999999999,False,,-1,0.12246824,-0.2068469,0.11204954236745834,0.09454017132520676
1800,affiliated,low_maturity_control,True,English,3.96,False,immature,0.5197,False,,-1,-0.018353112,-0.1584962,0.11204954236745834,0.09454017132520676
1801,alized,low_maturity_control,False,CLIPese,0.0,False,immature,0.3729,True,low_both,484,-0.032559592,-0.6846954,0.11204954236745834,0.09454017132520676
1802,enters,low_maturity_control,True,English,4.01,False,immature,0.88875,True,immature_readable,295,0.062290743,-0.21258564,0.11204954236745834,0.09454017132520676
1803,transmitted,low_maturity_control,True,English,3.87,False,immature,0.396125,False,,-1,0.3419883,0.5785639,0.11204954236745834,0.09454017132520676
1804,followthe,low_maturity_control,False,CLIPese,0.0,False,immature,0.47135,False,,-1,0.043390043,-0.14118895,0.11204954236745834,0.09454017132520676
1805,brang,low_maturity_control,True,English,1.42,False,immature,0.6526,True,immature_readable,337,0.2593212,0.3033078,0.11204954236745834,0.09454017132520676
1806,conoce,low_maturity_control,True,English,1.17,False,immature,0.6886000000000001,True,immature_readable,343,0.16323991,-0.23420475,0.11204954236745834,0.09454017132520676
1807,claiming,low_maturity_control,True,English,4.33,False,immature,0.9076,True,immature_readable,286,0.07912943,-0.19477104,0.11204954236745834,0.09454017132520676
1808,givin,low_maturity_control,True,English,2.86,False,immature,0.330975,True,low_both,472,0.048399266,-0.09507312,0.11204954236745834,0.09454017132520676
1809,contains,low_maturity_control,True,English,4.68,False,immature,0.28725,True,low_both,465,0.34511164,0.5967528,0.11204954236745834,0.09454017132520676
1810,beforeand,low_maturity_control,False,CLIPese,0.0,False,immature,0.39215,False,,-1,0.13696225,-0.20276397,0.11204954236745834,0.09454017132520676
1811,defines,low_maturity_control,True,English,3.86,False,immature,0.8923,True,immature_readable,287,0.123459615,-0.29094493,0.11204954236745834,0.09454017132520676
1812,hosted,low_maturity_control,True,English,4.25,False,immature,0.8680749999999999,True,immature_readable,297,-0.06733768,-0.13446598,0.11204954236745834,0.09454017132520676
1813,happens,low_maturity_control,True,English,4.96,False,immature,0.676875,True,immature_readable,351,-0.23596859,-0.07938424,0.11204954236745834,0.09454017132520676
1814,requires,low_maturity_control,True,English,4.67,False,immature,0.32205,True,low_both,474,0.24994949,0.20412305,0.11204954236745834,0.09454017132520676
1815,bothering,low_maturity_control,True,English,3.63,False,immature,0.832975,True,immature_readable,305,0.1466354,-0.23986517,0.11204954236745834,0.09454017132520676
1816,acknowle,low_maturity_control,False,CLIPese,0.0,False,immature,0.20140000000000002,True,low_both,450,0.15939735,-0.15267064,0.11204954236745834,0.09454017132520676
1817,mustsee,low_maturity_control,False,CLIPese,0.0,False,immature,0.281725,True,low_both,466,-0.56418484,0.035660233,0.11204954236745834,0.09454017132520676
1818,artistsontwitter,low_maturity_control,False,CLIPese,0.0,False,immature,0.07805000000000001,True,low_both,445,-0.09536309,0.3703455,0.11204954236745834,0.09454017132520676
1819,passed,low_maturity_control,True,English,4.92,False,immature,0.82475,True,immature_readable,311,0.08462804,-0.19184776,0.11204954236745834,0.09454017132520676
1820,visuals,low_maturity_control,True,English,3.57,False,immature,0.48985000000000006,False,,-1,0.36045456,0.56653565,0.11204954236745834,0.09454017132520676
1821,while,low_maturity_control,True,English,5.86,False,immature,0.096,True,low_both,447,0.09785492,-0.20836586,0.11204954236745834,0.09454017132520676
1822,denies,low_maturity_control,True,English,3.73,False,immature,0.7124499999999999,True,immature_readable,342,0.10433898,-0.25625673,0.11204954236745834,0.09454017132520676
1823,unfor,low_maturity_control,True,English,1.24,False,immature,0.810275,True,immature_readable,308,0.07852282,-0.18097778,0.11204954236745834,0.09454017132520676
1824,art,low_maturity_control,True,English,5.29,False,immature,0.29315,True,low_both,461,0.11020006,-0.28086117,0.11204954236745834,0.09454017132520676
1825,activated,low_maturity_control,True,English,4.01,False,immature,0.914675,True,immature_readable,288,-0.54081917,0.022004416,0.11204954236745834,0.09454017132520676
1826,version,low_maturity_control,True,English,5.07,False,immature,0.31725000000000003,True,low_both,468,-0.6998198,0.0903248,0.11204954236745834,0.09454017132520676
1827,agains,low_maturity_control,True,English,2.31,False,immature,0.604525,False,,-1,0.24497713,0.30810222,0.11204954236745834,0.09454017132520676
1828,gonna,low_maturity_control,True,English,5.29,False,immature,0.7001749999999999,True,immature_readable,335,-0.23046792,0.2826329,0.11204954236745834,0.09454017132520676
1829,considers,low_maturity_control,True,English,4.03,False,immature,0.348475,True,low_both,476,-0.449632,0.2774342,0.11204954236745834,0.09454017132520676
1830,thekk,low_maturity_control,False,CLIPese,0.0,False,immature,0.51505,False,,-1,-0.45275798,0.042927757,0.11204954236745834,0.09454017132520676
1831,alltimel,low_maturity_control,False,CLIPese,0.0,False,immature,0.65,True,immature_readable,346,0.026204238,-0.20845093,0.11204954236745834,0.09454017132520676
1832,looked,low_maturity_control,True,English,5.11,False,immature,0.4109,False,,-1,0.09163143,-0.21333271,0.11204954236745834,0.09454017132520676
1833,lingly,low_maturity_control,False,CLIPese,0.0,False,immature,0.716975,True,immature_readable,347,0.09501236,-0.22401585,0.11204954236745834,0.09454017132520676
1834,violated,low_maturity_control,True,English,3.91,False,immature,0.5985,False,,-1,0.1378925,-0.23517323,0.11204954236745834,0.09454017132520676
1835,replied,low_maturity_control,True,English,4.28,False,immature,0.353225,True,low_both,477,0.11679369,-0.30219346,0.11204954236745834,0.09454017132520676
1836,searly,low_maturity_control,False,CLIPese,0.0,False,immature,0.59705,False,,-1,0.10686337,-0.26513416,0.11204954236745834,0.09454017132520676
1837,realizes,low_maturity_control,True,English,3.75,False,immature,0.24245,True,low_both,464,-0.60205346,-0.07115067,0.11204954236745834,0.09454017132520676
1838,ruled,low_maturity_control,True,English,4.3,False,immature,0.653875,True,immature_readable,353,-0.5323088,0.027404977,0.11204954236745834,0.09454017132520676
1839,commi,low_maturity_control,True,English,1.78,False,immature,0.7231750000000001,True,immature_readable,324,0.09604931,-0.21134552,0.11204954236745834,0.09454017132520676
1840,allows,low_maturity_control,True,English,4.67,False,immature,0.4162,False,,-1,0.13198906,-0.16427395,0.11204954236745834,0.09454017132520676
1841,publishes,low_maturity_control,True,English,3.55,False,immature,0.6141000000000001,False,,-1,0.22164753,0.18920222,0.11204954236745834,0.09454017132520676
1842,informing,low_maturity_control,True,English,3.58,False,immature,0.7253499999999999,True,immature_readable,338,0.067866944,-0.1607376,0.11204954236745834,0.09454017132520676
1843,asked,low_maturity_control,True,English,5.3,False,immature,0.6729,True,immature_readable,356,0.14201409,-0.21276727,0.11204954236745834,0.09454017132520676
1844,folks,low_maturity_control,True,English,4.59,False,immature,0.36807500000000004,True,low_both,482,-0.46692395,0.035938624,0.11204954236745834,0.09454017132520676
1845,mised,low_maturity_control,False,CLIPese,0.0,False,immature,0.7801250000000001,True,immature_readable,317,0.01230763,-0.17940502,0.11204954236745834,0.09454017132520676
1846,gathere,low_maturity_control,False,CLIPese,0.0,False,immature,0.7907750000000001,True,immature_readable,312,-0.06323718,-0.13544957,0.11204954236745834,0.09454017132520676
1847,concepts,low_maturity_control,True,English,4.26,False,immature,0.8061,True,immature_readable,301,0.07531534,-0.16285759,0.11204954236745834,0.09454017132520676
1848,weren,low_maturity_control,True,English,2.21,False,immature,0.34245000000000003,True,low_both,480,0.045352142,-0.15658255,0.11204954236745834,0.09454017132520676
1849,onlined,low_maturity_control,False,CLIPese,0.0,False,immature,0.3161,True,low_both,470,0.26908797,0.4851383,0.11204954236745834,0.09454017132520676
1850,diffu,low_maturity_control,False,CLIPese,0.0,False,immature,0.29102500000000003,True,low_both,463,-0.46669966,0.006739006,0.11204954236745834,0.09454017132520676
1851,tifully,low_maturity_control,False,CLIPese,0.0,False,immature,0.59795,False,,-1,0.09984691,-0.15899608,0.11204954236745834,0.09454017132520676
1852,matters,low_maturity_control,True,English,4.72,False,immature,0.888575,True,orthographic_hard,47,-0.0350069,-0.18248032,0.11204954236745834,0.09454017132520676
1853,approx,low_maturity_control,True,English,3.51,False,immature,0.1475,True,low_both,446,0.7126382,-0.4307399,0.11204954236745834,0.09454017132520676
1854,required,low_maturity_control,True,English,5.02,False,immature,0.7177250000000001,True,immature_readable,345,0.08551848,-0.24490617,0.11204954236745834,0.09454017132520676
1855,vnthis,low_maturity_control,False,CLIPese,0.0,False,immature,0.44909999999999994,False,,-1,0.05939716,-0.13941874,0.11204954236745834,0.09454017132520676
1856,befri,low_maturity_control,False,CLIPese,0.0,False,immature,0.42807500000000004,False,,-1,0.115772754,-0.21172112,0.11204954236745834,0.09454017132520676
1857,outcome,low_maturity_control,True,English,4.35,False,immature,0.8109500000000001,True,immature_readable,307,0.02568188,-0.13371128,0.11204954236745834,0.09454017132520676
1858,acreative,low_maturity_control,False,CLIPese,0.0,False,immature,0.6878250000000001,True,immature_readable,339,-0.5548716,0.04384418,0.11204954236745834,0.09454017132520676
1859,defining,low_maturity_control,True,English,3.96,False,immature,0.7112,True,immature_readable,352,-0.40925843,-0.006686715,0.11204954236745834,0.09454017132520676
1860,thing,low_maturity_control,True,English,5.72,False,immature,0.54135,False,,-1,0.06442526,-0.19757321,0.11204954236745834,0.09454017132520676
1861,regards,low_maturity_control,True,English,4.2,False,immature,0.5489499999999999,False,,-1,-0.03202865,-0.14888848,0.11204954236745834,0.09454017132520676
1862,entitled,low_maturity_control,True,English,4.51,False,immature,0.763225,True,immature_readable,320,0.06956437,-0.2523246,0.11204954236745834,0.09454017132520676
1863,ening,low_maturity_control,True,English,1.17,False,immature,0.549775,False,,-1,0.051356975,-0.1930011,0.11204954236745834,0.09454017132520676
1864,atment,low_maturity_control,False,CLIPese,0.0,False,immature,0.553775,False,,-1,0.022747295,-0.09433656,0.11204954236745834,0.09454017132520676
1865,atured,low_maturity_control,False,CLIPese,0.0,False,immature,0.42867500000000003,False,,-1,-0.22547843,0.639188,0.11204954236745834,0.09454017132520676
1866,referred,low_maturity_control,True,English,4.61,False,immature,0.5433500000000001,False,,-1,0.00052110694,-0.14608274,0.11204954236745834,0.09454017132520676
1867,clause,low_maturity_control,True,English,3.99,False,immature,0.918275,True,immature_readable,281,0.32598206,0.54565775,0.11204954236745834,0.09454017132520676
1868,aided,low_maturity_control,True,English,3.74,False,immature,0.629,True,immature_readable,355,-0.5945876,0.063882336,0.11204954236745834,0.09454017132520676
1869,comingof,low_maturity_control,False,CLIPese,0.0,False,immature,0.458875,False,,-1,0.13764618,0.21938251,0.11204954236745834,0.09454017132520676
1870,consists,low_maturity_control,True,English,4.39,False,immature,0.621125,True,immature_readable,366,-0.0025581797,-0.17555784,0.11204954236745834,0.09454017132520676
1871,owned,low_maturity_control,True,English,4.76,False,immature,0.6436249999999999,True,immature_readable,365,-0.59088355,0.016907275,0.11204954236745834,0.09454017132520676
1872,banned,low_maturity_control,True,English,4.41,False,immature,0.842675,True,immature_readable,298,-0.0011123746,-0.15975359,0.11204954236745834,0.09454017132520676
1873,ously,low_maturity_control,True,English,1.23,False,immature,0.400675,False,,-1,0.2700495,0.46303448,0.11204954236745834,0.09454017132520676
1874,madeby,low_maturity_control,False,CLIPese,0.0,False,immature,0.666525,True,immature_readable,349,0.09057434,-0.22417377,0.11204954236745834,0.09454017132520676
1875,asings,low_maturity_control,False,CLIPese,0.0,False,immature,0.914525,True,immature_readable,282,0.09995788,-0.17333563,0.11204954236745834,0.09454017132520676
1876,dunno,low_maturity_control,True,English,3.76,False,immature,0.4959,False,,-1,-0.44529966,0.03797844,0.11204954236745834,0.09454017132520676
1877,coded,low_maturity_control,True,English,3.58,False,immature,0.5091000000000001,False,,-1,-0.26082242,0.42669287,0.11204954236745834,0.09454017132520676
1878,fromthe,low_maturity_control,True,English,1.82,False,immature,0.31595,True,low_both,467,0.034348145,-0.20583035,0.11204954236745834,0.09454017132520676
1879,association,low_maturity_control,True,English,5.01,False,immature,0.6993499999999999,True,immature_readable,331,0.10959946,-0.20428328,0.11204954236745834,0.09454017132520676
1880,consisted,low_maturity_control,True,English,3.91,False,immature,0.2024,True,low_both,457,0.099493705,-0.22702502,0.11204954236745834,0.09454017132520676
1881,authent,low_maturity_control,False,CLIPese,0.0,False,immature,0.56365,False,,-1,-0.048333064,-0.12397875,0.11204954236745834,0.09454017132520676
1882,assures,low_maturity_control,True,English,3.23,False,immature,0.23435000000000003,True,low_both,460,0.06508438,-0.1858141,0.11204954236745834,0.09454017132520676
1883,term,low_maturity_control,True,English,5.23,False,immature,0.8531,True,immature_readable,291,0.09565508,-0.17855714,0.11204954236745834,0.09454017132520676
1884,tured,low_maturity_control,True,English,1.08,False,immature,0.38605,False,,-1,0.14981839,-0.20990545,0.11204954236745834,0.09454017132520676
1885,couldbe,low_maturity_control,True,English,1.1,False,immature,0.497975,False,,-1,0.25428602,0.3283074,0.11204954236745834,0.09454017132520676
1886,ailed,low_maturity_control,True,English,1.64,False,immature,0.26085,True,low_both,462,0.117140085,-0.2822511,0.11204954236745834,0.09454017132520676
1887,utilized,low_maturity_control,True,English,3.83,False,immature,0.406575,False,,-1,-0.06482119,-0.77428204,0.11204954236745834,0.09454017132520676
1888,doesn,low_maturity_control,True,English,3.22,False,immature,0.35855,True,low_both,483,0.16915916,-0.24768624,0.11204954236745834,0.09454017132520676
1889,undul,low_maturity_control,False,CLIPese,0.0,False,immature,0.7875249999999999,True,immature_readable,306,0.01688396,-0.12057658,0.11204954236745834,0.09454017132520676
1890,alwayss,low_maturity_control,False,CLIPese,0.0,False,immature,0.5811999999999999,False,,-1,0.10471397,-0.1522162,0.11204954236745834,0.09454017132520676
1891,dedicated,low_maturity_control,True,English,4.58,False,immature,0.8239,True,immature_readable,315,-0.01238773,-0.24793214,0.11204954236745834,0.09454017132520676
1892,itated,low_maturity_control,False,CLIPese,0.0,False,immature,0.488675,False,,-1,0.3001025,0.5234118,0.11204954236745834,0.09454017132520676
1893,reads,low_maturity_control,True,English,4.25,False,immature,0.564025,False,,-1,0.105806224,-0.2448395,0.11204954236745834,0.09454017132520676
1894,aforever,low_maturity_control,False,CLIPese,0.0,False,immature,0.43535000000000007,False,,-1,-0.46424928,0.031853877,0.11204954236745834,0.09454017132520676
1895,attending,low_maturity_control,True,English,4.31,False,immature,0.7588,True,immature_readable,329,-0.05022384,-0.19376221,0.11204954236745834,0.09454017132520676
1896,became,low_maturity_control,True,English,5.15,False,immature,0.6121000000000001,False,,-1,-0.12578914,0.35593253,0.11204954236745834,0.09454017132520676
1897,test,low_maturity_control,True,English,5.19,False,immature,0.366875,True,low_both,481,0.14231908,-0.20405054,0.11204954236745834,0.09454017132520676
1898,accompanied,low_maturity_control,True,English,4.25,False,immature,0.347675,True,low_both,475,0.063297704,-0.23509407,0.11204954236745834,0.09454017132520676
1899,uploaded,low_maturity_control,True,English,3.92,False,immature,0.196075,True,low_both,456,-0.03358937,-0.18357214,0.11204954236745834,0.09454017132520676
1900,mbles,low_maturity_control,False,CLIPese,0.0,False,immature,0.528575,False,,-1,0.1622933,-0.27191335,0.11204954236745834,0.09454017132520676
1901,sends,low_maturity_control,True,English,4.15,False,immature,0.5222,False,,-1,0.29647037,0.5273535,0.11204954236745834,0.09454017132520676
1902,deptof,low_maturity_control,False,CLIPese,0.0,False,immature,0.405875,False,,-1,0.013266408,-0.13615516,0.11204954236745834,0.09454017132520676
1903,anote,low_maturity_control,True,English,1.25,False,immature,0.479425,False,,-1,0.22255374,0.5271061,0.11204954236745834,0.09454017132520676
1904,helped,low_maturity_control,True,English,4.88,False,immature,0.89225,True,immature_readable,299,-0.11189847,-0.14090256,0.11204954236745834,0.09454017132520676
1905,sibly,low_maturity_control,True,English,1.13,False,immature,0.6541250000000001,True,immature_readable,330,0.14137341,-0.21795604,0.11204954236745834,0.09454017132520676
1906,withit,low_maturity_control,True,English,1.14,False,immature,0.48927500000000007,False,,-1,0.120099045,-0.21227936,0.11204954236745834,0.09454017132520676
1907,fying,low_maturity_control,True,English,1.43,False,immature,0.348325,True,low_both,473,0.103717715,-0.18611702,0.11204954236745834,0.09454017132520676
1908,copy,low_maturity_control,True,English,4.77,False,immature,0.468275,False,,-1,0.096337795,-0.19173838,0.11204954236745834,0.09454017132520676
1909,pleasee,low_maturity_control,True,English,1.02,False,immature,0.682,True,immature_readable,362,0.11267061,-0.23791964,0.11204954236745834,0.09454017132520676
1910,fication,low_maturity_control,True,English,1.31,False,immature,0.6236,True,immature_readable,360,-0.48710743,0.009741457,0.11204954236745834,0.09454017132520676
1911,situation,low_maturity_control,True,English,5.09,False,immature,0.85275,True,immature_readable,302,0.1061596,-0.23681834,0.11204954236745834,0.09454017132520676
1912,clashed,low_maturity_control,True,English,3.12,False,immature,0.91245,True,immature_readable,289,-0.07264326,-0.1335007,0.11204954236745834,0.09454017132520676
1913,week,low_maturity_control,True,English,5.56,False,immature,0.92755,True,immature_readable,283,0.17408001,-0.24032699,0.11204954236745834,0.09454017132520676
1914,frommy,low_maturity_control,False,CLIPese,0.0,False,immature,0.21755,True,low_both,458,0.057238854,-0.15053767,0.11204954236745834,0.09454017132520676
1915,enjoys,low_maturity_control,True,English,3.93,False,immature,0.5604,False,,-1,0.27873895,0.48052427,0.11204954236745834,0.09454017132520676
1916,wouldn,low_maturity_control,True,English,2.8,False,immature,0.644725,True,immature_readable,363,-0.49974203,0.037540965,0.11204954236745834,0.09454017132520676
1917,getin,low_maturity_control,True,English,1.44,False,immature,0.7698,True,immature_readable,309,0.22661327,0.40246692,0.11204954236745834,0.09454017132520676
1918,interpreted,low_maturity_control,True,English,3.92,False,immature,0.53585,False,,-1,0.3469681,0.5150809,0.11204954236745834,0.09454017132520676
1919,everythin,low_maturity_control,True,English,1.96,False,immature,0.6574,True,immature_readable,348,0.24954829,0.39350507,0.11204954236745834,0.09454017132520676
1920,illating,low_maturity_control,False,CLIPese,0.0,False,immature,0.50055,False,,-1,0.1244893,-0.25336972,0.11204954236745834,0.09454017132520676
1921,appreciated,low_maturity_control,True,English,4.16,False,immature,0.360575,True,low_both,479,0.08272308,-0.23421514,0.11204954236745834,0.09454017132520676
1922,appreciates,low_maturity_control,True,English,3.38,False,immature,0.43095,False,,-1,-0.08760717,0.15561189,0.11204954236745834,0.09454017132520676
1923,compromised,low_maturity_control,True,English,3.78,False,immature,0.53145,False,,-1,0.21767522,0.367225,0.11204954236745834,0.09454017132520676
1924,enjoyed,low_maturity_control,True,English,4.59,False,immature,0.6109999999999999,False,,-1,0.045868155,-0.16259886,0.11204954236745834,0.09454017132520676
1925,announcing,low_maturity_control,True,English,3.87,False,immature,0.7798999999999999,True,immature_readable,321,0.19925463,0.30972835,0.11204954236745834,0.09454017132520676
1926,probz,low_maturity_control,True,English,1.44,False,immature,0.21592500000000003,True,low_both,451,-0.52567285,-0.32337695,0.11204954236745834,0.09454017132520676
1927,caused,low_maturity_control,True,English,4.88,False,immature,0.825225,True,immature_readable,313,-0.58010244,0.041634366,0.11204954236745834,0.09454017132520676
1928,murdered,low_maturity_control,True,English,4.32,False,immature,0.4455,False,,-1,-0.69636667,0.07353019,0.11204954236745834,0.09454017132520676
1929,bringing,low_maturity_control,True,English,4.71,False,immature,0.813675,True,immature_readable,323,0.14737678,-0.25634834,0.11204954236745834,0.09454017132520676
1930,allowing,low_maturity_control,True,English,4.62,False,immature,0.7120499999999998,True,immature_readable,341,0.13264565,-0.20199233,0.11204954236745834,0.09454017132520676
1931,outs,low_maturity_control,True,English,3.86,False,immature,0.73735,True,immature_readable,328,0.19244838,-0.24421884,0.11204954236745834,0.09454017132520676
1932,stateof,low_maturity_control,True,English,1.36,False,immature,0.824825,True,immature_readable,300,0.07560379,-0.19046617,0.11204954236745834,0.09454017132520676
1933,alecoscino,low_maturity_control,False,CLIPese,0.0,False,immature,0.18025,True,low_both,448,0.14302905,-0.26257998,0.11204954236745834,0.09454017132520676
1934,argued,low_maturity_control,True,English,4.36,False,immature,0.7263749999999999,True,immature_readable,336,0.0754486,-0.16693299,0.11204954236745834,0.09454017132520676
1935,succeeded,low_maturity_control,True,English,4.14,False,immature,0.950175,True,immature_readable,290,-0.5074756,0.285835,0.11204954236745834,0.09454017132520676
1936,suggested,low_maturity_control,True,English,4.68,False,immature,0.77015,True,immature_readable,327,0.11901241,0.27732491,0.11204954236745834,0.09454017132520676
1937,mizes,low_maturity_control,False,CLIPese,0.0,False,immature,0.7742999999999999,True,immature_readable,310,-0.47264448,-0.6108537,0.11204954236745834,0.09454017132520676
1938,ftheday,low_maturity_control,False,CLIPese,0.0,False,immature,0.6134499999999999,False,,-1,0.036014114,-0.13614206,0.11204954236745834,0.09454017132520676
1939,itation,low_maturity_control,False,CLIPese,0.0,False,immature,0.47117499999999995,False,,-1,0.14499368,-0.26091638,0.11204954236745834,0.09454017132520676
1940,contr,low_maturity_control,True,English,2.21,False,immature,0.684175,True,immature_readable,344,0.07874799,-0.18637672,0.11204954236745834,0.09454017132520676
1941,athers,low_maturity_control,True,English,1.04,False,immature,0.39280000000000004,False,,-1,0.19918615,0.37237123,0.11204954236745834,0.09454017132520676
1942,avond,low_maturity_control,False,CLIPese,0.0,False,immature,0.523425,False,,-1,0.108715,-0.12897904,0.11204954236745834,0.09454017132520676
1943,isure,low_maturity_control,False,CLIPese,0.0,False,immature,0.45972500000000005,False,,-1,0.3264344,0.2780349,0.11204954236745834,0.09454017132520676
1944,nough,low_maturity_control,True,English,1.75,False,immature,0.6231,True,immature_readable,358,-0.09006466,-0.117875956,0.11204954236745834,0.09454017132520676
1945,picoftheday,low_maturity_control,True,English,1.18,False,immature,0.21982500000000002,True,low_both,455,0.16779998,0.39142108,0.11204954236745834,0.09454017132520676
1946,reveals,low_maturity_control,True,English,4.34,False,immature,0.5625249999999999,False,,-1,0.337891,0.56040263,0.11204954236745834,0.09454017132520676
1947,accomod,low_maturity_control,False,CLIPese,0.0,False,immature,0.665375,True,immature_readable,354,0.07667018,-0.22686084,0.11204954236745834,0.09454017132520676
1948,abetter,low_maturity_control,True,English,1.19,False,immature,0.9072,True,immature_readable,285,0.14946231,0.24794039,0.11204954236745834,0.09454017132520676
1949,agood,low_maturity_control,True,English,1.69,False,immature,0.47227499999999994,False,,-1,0.25694168,0.2992554,0.11204954236745834,0.09454017132520676
1950,attributed,low_maturity_control,True,English,4.05,False,immature,0.15235,True,low_both,449,0.1772699,-0.30919975,0.11204954236745834,0.09454017132520676
1951,callsthe,low_maturity_control,False,CLIPese,0.0,False,immature,0.5814,False,,-1,0.027993368,-0.19466063,0.11204954236745834,0.09454017132520676
1952,extends,low_maturity_control,True,English,3.99,False,immature,0.5699000000000001,False,,-1,-0.39409375,-0.01712052,0.11204954236745834,0.09454017132520676
1953,notbe,low_maturity_control,True,English,1.1,False,immature,0.5502,False,,-1,0.021794043,-0.16819507,0.11204954236745834,0.09454017132520676
1954,acquis,low_maturity_control,True,English,1.72,False,immature,0.5463250000000001,False,,-1,0.046778932,-0.21005282,0.11204954236745834,0.09454017132520676
1955,madewith,low_maturity_control,False,CLIPese,0.0,False,immature,0.288775,True,low_both,469,-0.54589695,0.06434863,0.11204954236745834,0.09454017132520676
1956,bestofthe,low_maturity_control,False,CLIPese,0.0,False,immature,0.6331,True,immature_readable,357,-0.51918197,0.025754621,0.11204954236745834,0.09454017132520676
1957,shared,low_maturity_control,True,English,4.68,False,immature,0.813525,True,immature_readable,314,0.20393641,0.39490053,0.11204954236745834,0.09454017132520676
1958,assisted,low_maturity_control,True,English,4.1,False,immature,0.91465,True,immature_readable,284,0.076173894,-0.21084529,0.11204954236745834,0.09454017132520676
1959,acqui,low_maturity_control,True,English,1.63,False,immature,0.5221750000000001,False,,-1,-0.50530654,-0.0004894026,0.11204954236745834,0.09454017132520676
1960,joined,low_maturity_control,True,English,4.73,False,immature,0.8063750000000001,True,immature_readable,319,-0.039439026,-0.15327318,0.11204954236745834,0.09454017132520676
1961,siest,low_maturity_control,False,CLIPese,0.0,False,immature,0.216625,True,low_both,452,-0.4692876,0.03360969,0.11204954236745834,0.09454017132520676
1962,achem,low_maturity_control,False,CLIPese,0.0,False,immature,0.6791,True,immature_readable,332,0.0584574,-0.194739,0.11204954236745834,0.09454017132520676
1963,exists,low_maturity_control,True,English,4.48,False,immature,0.73055,True,immature_readable,333,0.61028874,-0.4308036,0.11204954236745834,0.09454017132520676
1964,chered,low_maturity_control,False,CLIPese,0.0,False,immature,0.84315,True,immature_readable,303,0.085776724,0.24324828,0.11204954236745834,0.09454017132520676
1965,atten,low_maturity_control,True,English,2.25,False,immature,0.8291249999999999,True,immature_readable,316,0.04500747,-0.15740776,0.11204954236745834,0.09454017132520676
1966,couldnt,low_maturity_control,True,English,3.43,False,immature,0.65615,True,immature_readable,359,-0.022686576,-0.14261939,0.11204954236745834,0.09454017132520676
1967,gives,low_maturity_control,True,English,5.03,False,immature,0.754275,True,immature_readable,326,0.06670208,-0.1685868,0.11204954236745834,0.09454017132520676
1968,aphoto,low_maturity_control,False,CLIPese,0.0,False,immature,0.23685,True,low_both,459,0.05154143,-0.16513062,0.11204954236745834,0.09454017132520676
1969,volved,low_maturity_control,False,CLIPese,0.0,False,immature,0.37422500000000003,True,low_both,471,0.34031925,0.56081164,0.11204954236745834,0.09454017132520676
1970,observed,low_maturity_control,True,English,4.39,False,immature,0.8356,True,orthographic_hard,18,0.114680685,-0.24776533,0.11204954236745834,0.09454017132520676
1971,referring,low_maturity_control,True,English,4.35,False,immature,0.765225,True,immature_readable,322,-0.017166765,-0.19710039,0.11204954236745834,0.09454017132520676
1972,alizes,low_maturity_control,False,CLIPese,0.0,False,immature,0.609225,False,,-1,-0.12392772,-0.72620267,0.11204954236745834,0.09454017132520676
1973,blog,low_maturity_control,True,English,4.73,False,immature,0.6045,False,,-1,0.123685524,-0.22264251,0.11204954236745834,0.09454017132520676
1974,introduced,low_maturity_control,True,English,4.72,False,immature,0.54125,False,,-1,0.19337733,-0.31947407,0.11204954236745834,0.09454017132520676
1975,overlooked,low_maturity_control,True,English,3.82,False,immature,0.656375,True,immature_readable,364,-0.57338214,0.0615216,0.11204954236745834,0.09454017132520676
1976,areyou,low_maturity_control,True,English,1.29,False,immature,0.35045,True,low_both,478,0.09503302,-0.17468381,0.11204954236745834,0.09454017132520676
1977,asserted,low_maturity_control,True,English,3.59,False,immature,0.923275,True,immature_readable,296,0.16039741,0.3537365,0.11204954236745834,0.09454017132520676
1978,endif,low_maturity_control,True,English,1.67,False,immature,0.396625,False,,-1,0.056773916,-0.2504422,0.11204954236745834,0.09454017132520676
1979,second,low_maturity_control,True,English,5.63,False,immature,0.7282,True,immature_readable,340,-0.50139713,-0.0322558,0.11204954236745834,0.09454017132520676
1980,authored,low_maturity_control,True,English,3.49,False,immature,0.21015,True,low_both,454,-0.6504511,0.09067702,0.11204954236745834,0.09454017132520676
1981,lives,low_maturity_control,True,English,5.14,False,immature,0.871775,True,immature_readable,294,0.11117784,-0.1863526,0.11204954236745834,0.09454017132520676
1982,thenew,low_maturity_control,True,English,1.49,False,immature,0.670675,True,immature_readable,350,0.08025771,-0.21729545,0.11204954236745834,0.09454017132520676
1983,agrees,low_maturity_control,True,English,4.08,False,immature,0.62585,True,immature_readable,367,-0.53758585,0.04189359,0.11204954236745834,0.09454017132520676
1984,todays,low_maturity_control,True,English,3.1,False,immature,0.511225,False,,-1,0.1302478,-0.14993028,0.11204954236745834,0.09454017132520676
1985,graced,low_maturity_control,True,English,2.99,False,immature,0.6677500000000001,True,immature_readable,361,0.06082763,-0.16182506,0.11204954236745834,0.09454017132520676
1986,proves,low_maturity_control,True,English,4.06,False,immature,0.7840750000000001,True,immature_readable,318,0.2569968,0.23013163,0.11204954236745834,0.09454017132520676
1987,imagined,low_maturity_control,True,English,4.07,False,immature,0.7951250000000001,True,immature_readable,304,0.04647704,-0.17716552,0.11204954236745834,0.09454017132520676
1988,sumed,low_maturity_control,True,English,1.02,False,immature,0.7352000000000001,True,immature_readable,325,-0.32892758,-0.09407605,0.11204954236745834,0.09454017132520676
1989,toknow,low_maturity_control,True,English,1.11,False,immature,0.387575,False,,-1,-0.35077748,0.026099708,0.11204954236745834,0.09454017132520676
1990,example,low_maturity_control,True,English,5.27,False,immature,0.2152,True,low_both,453,0.009650739,-0.18270847,0.11204954236745834,0.09454017132520676
1991,alleged,low_maturity_control,True,English,4.37,False,immature,0.469025,False,,-1,0.049913205,-0.1868163,0.11204954236745834,0.09454017132520676
1992,madeto,low_maturity_control,False,CLIPese,0.0,False,immature,0.86255,True,immature_readable,293,-0.66516745,0.05456698,0.11204954236745834,0.09454017132520676
1993,andthe,low_maturity_control,True,English,2.12,False,immature,0.37079999999999996,True,low_both,485,0.1355062,0.52056074,0.11204954236745834,0.09454017132520676
1994,constituted,low_maturity_control,True,English,3.58,False,immature,0.7048749999999999,True,immature_readable,334,-0.63213784,0.044710767,0.11204954236745834,0.09454017132520676
1995,terday,low_maturity_control,False,CLIPese,0.0,False,immature,0.8778,True,immature_readable,292,0.1173191,0.2365571,0.11204954236745834,0.09454017132520676
1996,served,low_maturity_control,True,English,4.81,False,immature,0.887575,True,orthographic_hard,19,-0.687066,0.07243615,0.11204954236745834,0.09454017132520676
1997,viewed,low_maturity_control,True,English,4.31,False,immature,0.504875,False,,-1,0.22701393,0.36467022,0.11204954236745834,0.09454017132520676
1998,ative,low_maturity_control,True,English,1.22,False,immature,0.43865000000000004,False,,-1,0.086169824,-0.15198481,0.11204954236745834,0.09454017132520676
1999,named,low_maturity_control,True,English,4.95,False,immature,0.450325,False,,-1,0.19190063,0.22295745,0.11204954236745834,0.09454017132520676
