word_id,word,selection_group,is_english,language_class,english_zipf,is_mature,maturity_class,readability_score,selected_for_overlay,overlay_stratum,selection_order,pc1,pc2,pc1_explained_variance,pc2_explained_variance
0,colorimagemicroscope,high_maturity,False,CLIPese,0.0,True,mature,0.21830000000000002,False,,-1,-0.42439723,0.03639826,0.04415086656808853,0.02467377670109272
1,chihuahuhooded,high_maturity,False,CLIPese,0.0,True,mature,0.34255,False,,-1,-0.14145657,0.2317263,0.04415086656808853,0.02467377670109272
2,chihuahunvidia,high_maturity,False,CLIPese,0.0,True,mature,0.569525,False,,-1,-0.030547006,0.3154986,0.04415086656808853,0.02467377670109272
3,binochihuahu,high_maturity,False,CLIPese,0.0,True,mature,0.65185,False,,-1,0.19297521,0.16085395,0.04415086656808853,0.02467377670109272
4,chihuahu,high_maturity,False,CLIPese,0.0,True,mature,0.49107500000000004,False,,-1,0.25042444,0.008898755,0.04415086656808853,0.02467377670109272
5,chihuahuframed,high_maturity,False,CLIPese,0.0,True,mature,0.6575249999999999,False,,-1,-0.20947,0.07002913,0.04415086656808853,0.02467377670109272
6,bharatmicroscopy,high_maturity,False,CLIPese,0.0,True,mature,0.6784,False,,-1,-0.23703909,-0.14535639,0.04415086656808853,0.02467377670109272
7,alfremicroscopy,high_maturity,False,CLIPese,0.0,True,mature,0.53045,True,orthographic_hard,36,-0.35068253,-0.07983475,0.04415086656808853,0.02467377670109272
8,chihuahuas,high_maturity,True,English,2.39,True,mature,0.389225,False,,-1,0.34163925,0.10497688,0.04415086656808853,0.02467377670109272
9,buscchihuahua,high_maturity,False,CLIPese,0.0,True,mature,0.65285,False,,-1,0.0337775,0.2623801,0.04415086656808853,0.02467377670109272
10,anarchisemicsymbol,high_maturity,False,CLIPese,0.0,True,mature,0.58435,False,,-1,-0.18543111,-0.14848764,0.04415086656808853,0.02467377670109272
11,chihuahuportrait,high_maturity,False,CLIPese,0.0,True,mature,0.32735000000000003,False,,-1,-0.21545975,0.22120707,0.04415086656808853,0.02467377670109272
12,anarchideadpool,high_maturity,False,CLIPese,0.0,True,mature,0.6019749999999999,False,,-1,-0.13478355,0.18454601,0.04415086656808853,0.02467377670109272
13,autismasolardepicted,high_maturity,False,CLIPese,0.0,True,mature,0.33494999999999997,False,,-1,-0.15858607,0.09549774,0.04415086656808853,0.02467377670109272
14,balochihuahua,high_maturity,False,CLIPese,0.0,True,mature,0.3169,False,,-1,0.105913356,0.36264148,0.04415086656808853,0.02467377670109272
15,chihuahuyogurt,high_maturity,False,CLIPese,0.0,True,mature,0.671225,False,,-1,-0.20107186,0.30124468,0.04415086656808853,0.02467377670109272
16,cubempy,high_maturity,False,CLIPese,0.0,True,mature,0.598,False,,-1,-0.24171461,-0.011062717,0.04415086656808853,0.02467377670109272
17,amermicroscopy,high_maturity,False,CLIPese,0.0,True,mature,0.697725,True,orthographic_hard,37,-0.23393708,-0.035846606,0.04415086656808853,0.02467377670109272
18,chukchihuahua,high_maturity,False,CLIPese,0.0,True,mature,0.599325,False,,-1,-0.11291979,0.16079326,0.04415086656808853,0.02467377670109272
19,anarchidrawing,high_maturity,False,CLIPese,0.0,True,mature,0.7293749999999999,True,orthographic_hard,6,0.106053755,0.13833632,0.04415086656808853,0.02467377670109272
20,cybermicroscopy,high_maturity,False,CLIPese,0.0,True,mature,0.291375,False,,-1,-0.38074407,0.055483334,0.04415086656808853,0.02467377670109272
21,bernadetransimicroscopy,high_maturity,False,CLIPese,0.0,True,mature,0.39724999999999994,False,,-1,-0.28533956,-0.1508373,0.04415086656808853,0.02467377670109272
22,anarchidrawings,high_maturity,False,CLIPese,0.0,True,mature,0.5539499999999999,True,orthographic_hard,7,0.031918265,0.19046009,0.04415086656808853,0.02467377670109272
23,cartoonfortniteemojis,high_maturity,False,CLIPese,0.0,True,mature,0.39827499999999993,False,,-1,-0.14247897,-0.015159487,0.04415086656808853,0.02467377670109272
24,chihuahua,high_maturity,True,English,3.21,True,mature,0.369475,False,,-1,0.051626757,0.06300682,0.04415086656808853,0.02467377670109272
25,abaschihuahua,high_maturity,False,CLIPese,0.0,True,mature,0.627275,False,,-1,0.04600111,0.110292524,0.04415086656808853,0.02467377670109272
26,augmentejaws,high_maturity,False,CLIPese,0.0,True,mature,0.3913,False,,-1,-0.041408412,0.11126337,0.04415086656808853,0.02467377670109272
27,cubecube,high_maturity,False,CLIPese,0.0,True,mature,0.550625,False,,-1,0.20492941,-0.07473437,0.04415086656808853,0.02467377670109272
28,accentmicroscopy,high_maturity,False,CLIPese,0.0,True,mature,0.347375,False,,-1,-0.37156555,0.050565466,0.04415086656808853,0.02467377670109272
29,backstreetspaghetti,high_maturity,False,CLIPese,0.0,True,mature,0.5650499999999999,False,,-1,-0.0908515,0.09972777,0.04415086656808853,0.02467377670109272
30,clintonhallucinpixelart,high_maturity,False,CLIPese,0.0,True,mature,0.1217,False,,-1,-0.18691081,-0.09567465,0.04415086656808853,0.02467377670109272
31,cytoscrambled,high_maturity,False,CLIPese,0.0,True,mature,0.64025,False,,-1,-0.13155574,-0.036178745,0.04415086656808853,0.02467377670109272
32,daimscrambled,high_maturity,False,CLIPese,0.0,True,mature,0.7094250000000001,False,,-1,-0.22593868,-0.0053495336,0.04415086656808853,0.02467377670109272
33,catpixelart,high_maturity,False,CLIPese,0.0,True,mature,0.11347499999999999,False,,-1,-0.08485791,-0.036810312,0.04415086656808853,0.02467377670109272
34,chipmunfracking,high_maturity,False,CLIPese,0.0,True,mature,0.183825,False,,-1,-0.25848776,-0.11948884,0.04415086656808853,0.02467377670109272
35,augmenteshark,high_maturity,False,CLIPese,0.0,True,mature,0.533525,False,,-1,-0.28017494,0.067722835,0.04415086656808853,0.02467377670109272
36,chipmunnursing,high_maturity,False,CLIPese,0.0,True,mature,0.16620000000000001,False,,-1,-0.21160093,0.124790825,0.04415086656808853,0.02467377670109272
37,anarchialvin,high_maturity,False,CLIPese,0.0,True,mature,0.616825,False,,-1,0.117230594,-0.19555512,0.04415086656808853,0.02467377670109272
38,choriliquimicroscopy,high_maturity,False,CLIPese,0.0,True,mature,0.23345000000000002,False,,-1,-0.33798307,0.026116263,0.04415086656808853,0.02467377670109272
39,bananbananheadphone,high_maturity,False,CLIPese,0.0,True,mature,0.64635,False,,-1,0.00847138,0.21129747,0.04415086656808853,0.02467377670109272
40,calibrhumidivolcano,high_maturity,False,CLIPese,0.0,True,mature,0.34359999999999996,False,,-1,-0.1333939,-0.04092493,0.04415086656808853,0.02467377670109272
41,chihuahucolorized,high_maturity,False,CLIPese,0.0,True,mature,0.348475,False,,-1,-0.034873594,0.14780547,0.04415086656808853,0.02467377670109272
42,chipmunchipmunstraw,high_maturity,False,CLIPese,0.0,True,mature,0.035824999999999996,True,mature_weak,385,-0.2676438,0.16310424,0.04415086656808853,0.02467377670109272
43,containemoji,high_maturity,False,CLIPese,0.0,True,mature,0.333,False,,-1,0.16430543,-0.33606943,0.04415086656808853,0.02467377670109272
44,anarchidoodles,high_maturity,False,CLIPese,0.0,True,mature,0.9022000000000001,False,,-1,0.32478094,0.021118665,0.04415086656808853,0.02467377670109272
45,brainmicroscopy,high_maturity,False,CLIPese,0.0,True,mature,0.30505,False,,-1,-0.19130515,0.009499174,0.04415086656808853,0.02467377670109272
46,catalypixelart,high_maturity,False,CLIPese,0.0,True,mature,0.1604,False,,-1,-0.2922843,0.122043036,0.04415086656808853,0.02467377670109272
47,cubeproposing,high_maturity,False,CLIPese,0.0,True,mature,0.8755000000000002,True,mature_readable,95,-0.07444405,0.14998661,0.04415086656808853,0.02467377670109272
48,counterfemicroscopy,high_maturity,False,CLIPese,0.0,True,mature,0.34255,False,,-1,-0.35401514,0.030347442,0.04415086656808853,0.02467377670109272
49,crystfracpixelart,high_maturity,False,CLIPese,0.0,True,mature,0.071325,True,mature_weak,420,-0.23437452,-0.08102014,0.04415086656808853,0.02467377670109272
50,copernicpanoramic,high_maturity,False,CLIPese,0.0,True,mature,0.21165,False,,-1,-0.4401801,0.05619191,0.04415086656808853,0.02467377670109272
51,autuscrambled,high_maturity,False,CLIPese,0.0,True,mature,0.7933749999999999,False,,-1,0.05585017,-0.04711267,0.04415086656808853,0.02467377670109272
52,banandeeplearning,high_maturity,False,CLIPese,0.0,True,mature,0.36867500000000003,False,,-1,0.05160101,0.076168895,0.04415086656808853,0.02467377670109272
53,adjaccube,high_maturity,False,CLIPese,0.0,True,mature,0.5077750000000001,False,,-1,-0.15051104,-0.0017423742,0.04415086656808853,0.02467377670109272
54,autismabear,high_maturity,False,CLIPese,0.0,True,mature,0.6863999999999999,False,,-1,-0.12745515,-0.09746696,0.04415086656808853,0.02467377670109272
55,augmentedisneyland,high_maturity,False,CLIPese,0.0,True,mature,0.64475,False,,-1,-0.15088373,0.1176648,0.04415086656808853,0.02467377670109272
56,chipmunreferendum,high_maturity,False,CLIPese,0.0,True,mature,0.629,False,,-1,-0.1152843,-0.09223797,0.04415086656808853,0.02467377670109272
57,beachbhafc,high_maturity,False,CLIPese,0.0,True,mature,0.7847,False,,-1,0.19213723,0.07266961,0.04415086656808853,0.02467377670109272
58,backstreetpanorama,high_maturity,False,CLIPese,0.0,True,mature,0.33965,False,,-1,-0.24176267,-0.0055109616,0.04415086656808853,0.02467377670109272
59,calibrhumidiadapter,high_maturity,False,CLIPese,0.0,True,mature,0.48485,False,,-1,-0.05381662,-0.057010148,0.04415086656808853,0.02467377670109272
60,cougarcougar,high_maturity,False,CLIPese,0.0,True,mature,0.41762499999999997,False,,-1,0.06550173,-0.11231653,0.04415086656808853,0.02467377670109272
61,coralmicroscope,high_maturity,False,CLIPese,0.0,True,mature,0.30610000000000004,False,,-1,-0.3168766,-0.012408937,0.04415086656808853,0.02467377670109272
62,castellpixelart,high_maturity,False,CLIPese,0.0,True,mature,0.14547500000000002,False,,-1,-0.23038942,0.14600472,0.04415086656808853,0.02467377670109272
63,allanpixelart,high_maturity,False,CLIPese,0.0,True,mature,0.09507500000000002,False,,-1,-0.20700602,-0.037643313,0.04415086656808853,0.02467377670109272
64,chocoljoachim,high_maturity,False,CLIPese,0.0,True,mature,0.501775,False,,-1,-0.144731,0.06250889,0.04415086656808853,0.02467377670109272
65,autuglitch,high_maturity,False,CLIPese,0.0,True,mature,0.580375,False,,-1,0.22296393,0.028680058,0.04415086656808853,0.02467377670109272
66,barbescrambled,high_maturity,False,CLIPese,0.0,True,mature,0.683225,False,,-1,-0.011811711,-0.033176474,0.04415086656808853,0.02467377670109272
67,chipmunpbr,high_maturity,False,CLIPese,0.0,True,mature,0.313425,False,,-1,-0.08730939,-0.112794764,0.04415086656808853,0.02467377670109272
68,cyberpixelart,high_maturity,False,CLIPese,0.0,True,mature,0.10195000000000001,False,,-1,-0.08683999,-0.015501333,0.04415086656808853,0.02467377670109272
69,cybermicroscope,high_maturity,False,CLIPese,0.0,True,mature,0.5769500000000001,False,,-1,-0.26980913,-0.077578686,0.04415086656808853,0.02467377670109272
70,bogtexture,high_maturity,False,CLIPese,0.0,True,mature,0.5715250000000001,False,,-1,0.07827871,0.11392133,0.04415086656808853,0.02467377670109272
71,camouflaunvebeds,high_maturity,False,CLIPese,0.0,True,mature,0.45285000000000003,False,,-1,-0.08659715,0.25508294,0.04415086656808853,0.02467377670109272
72,augmentemackerel,high_maturity,False,CLIPese,0.0,True,mature,0.48345,False,,-1,-0.3061439,-0.0023640792,0.04415086656808853,0.02467377670109272
73,bananeggplant,high_maturity,False,CLIPese,0.0,True,mature,0.52855,False,,-1,-0.03214229,0.12702362,0.04415086656808853,0.02467377670109272
74,blacchihuahueyedubois,high_maturity,False,CLIPese,0.0,True,mature,0.20675,False,,-1,-0.22305727,0.22463496,0.04415086656808853,0.02467377670109272
75,anarchialtar,high_maturity,False,CLIPese,0.0,True,mature,0.7786250000000001,False,,-1,0.040378794,-0.11956083,0.04415086656808853,0.02467377670109272
76,beachdeforestation,high_maturity,False,CLIPese,0.0,True,mature,0.25049999999999994,False,,-1,-0.15108302,-0.031157682,0.04415086656808853,0.02467377670109272
77,contentmicroscopy,high_maturity,False,CLIPese,0.0,True,mature,0.3742,False,,-1,-0.19725454,0.023488928,0.04415086656808853,0.02467377670109272
78,convicemoji,high_maturity,False,CLIPese,0.0,True,mature,0.42015,False,,-1,-0.1625364,-0.11615719,0.04415086656808853,0.02467377670109272
79,chipmunrabbit,high_maturity,False,CLIPese,0.0,True,mature,0.33482499999999993,False,,-1,-0.22823362,0.0375745,0.04415086656808853,0.02467377670109272
80,ayanmicroscope,high_maturity,False,CLIPese,0.0,True,mature,0.5851,False,,-1,-0.2369143,-0.0007222004,0.04415086656808853,0.02467377670109272
81,alphabeapple,high_maturity,False,CLIPese,0.0,True,mature,0.6282249999999999,False,,-1,-0.09071173,0.1288685,0.04415086656808853,0.02467377670109272
82,aubergchunks,high_maturity,False,CLIPese,0.0,True,mature,0.42205000000000004,False,,-1,0.24992092,0.22213621,0.04415086656808853,0.02467377670109272
83,bbcglitch,high_maturity,False,CLIPese,0.0,True,mature,0.60495,False,,-1,0.20231026,0.06464083,0.04415086656808853,0.02467377670109272
84,autismamasterpieces,high_maturity,False,CLIPese,0.0,True,mature,0.5163499999999999,False,,-1,-0.11367605,-0.15578172,0.04415086656808853,0.02467377670109272
85,bullterrier,high_maturity,False,CLIPese,0.0,True,mature,0.35487500000000005,False,,-1,-0.031741668,0.07746446,0.04415086656808853,0.02467377670109272
86,coffemugshot,high_maturity,False,CLIPese,0.0,True,mature,0.6890749999999999,False,,-1,-0.11275406,0.118876524,0.04415086656808853,0.02467377670109272
87,creamscrambled,high_maturity,False,CLIPese,0.0,True,mature,0.78055,False,,-1,-0.24455723,-0.072117805,0.04415086656808853,0.02467377670109272
88,beachsurfers,high_maturity,False,CLIPese,0.0,True,mature,0.6040749999999999,False,,-1,0.11474496,-0.00561125,0.04415086656808853,0.02467377670109272
89,coralpixelart,high_maturity,False,CLIPese,0.0,True,mature,0.2081,False,,-1,-0.03979649,-0.272236,0.04415086656808853,0.02467377670109272
90,alienpixelart,high_maturity,False,CLIPese,0.0,True,mature,0.18494999999999998,False,,-1,-0.15108976,-0.06533576,0.04415086656808853,0.02467377670109272
91,cheeselo,high_maturity,False,CLIPese,0.0,True,mature,0.777,False,,-1,0.32975388,0.0017509267,0.04415086656808853,0.02467377670109272
92,cipemoji,high_maturity,False,CLIPese,0.0,True,mature,0.542475,True,orthographic_hard,8,-0.19267887,-0.16011824,0.04415086656808853,0.02467377670109272
93,colormicroscope,high_maturity,False,CLIPese,0.0,True,mature,0.40950000000000003,False,,-1,-0.21837519,-0.20054218,0.04415086656808853,0.02467377670109272
94,banknodigitalart,high_maturity,False,CLIPese,0.0,True,mature,0.2257,False,,-1,-0.19966695,0.0003151471,0.04415086656808853,0.02467377670109272
95,bundejets,high_maturity,False,CLIPese,0.0,True,mature,0.4329,False,,-1,-0.023066346,0.00296034,0.04415086656808853,0.02467377670109272
96,beachpools,high_maturity,False,CLIPese,0.0,True,mature,0.7632749999999999,False,,-1,0.11173132,0.0334132,0.04415086656808853,0.02467377670109272
97,brutalframskeletons,high_maturity,False,CLIPese,0.0,True,mature,0.498325,False,,-1,0.123818725,-0.12271274,0.04415086656808853,0.02467377670109272
98,calibrcalibrgrinder,high_maturity,False,CLIPese,0.0,True,mature,0.297,False,,-1,0.083115645,-0.06659584,0.04415086656808853,0.02467377670109272
99,cbsmachinelearning,high_maturity,False,CLIPese,0.0,True,mature,0.449925,False,,-1,-0.16044496,-0.06617409,0.04415086656808853,0.02467377670109272
100,chinesepresidents,high_maturity,False,CLIPese,0.0,True,mature,0.5212,False,,-1,-0.13350068,0.1267002,0.04415086656808853,0.02467377670109272
101,aubergchevron,high_maturity,False,CLIPese,0.0,True,mature,0.131275,True,mature_weak,398,-0.0349089,0.38180637,0.04415086656808853,0.02467377670109272
102,autumachinelearning,high_maturity,False,CLIPese,0.0,True,mature,0.44942499999999996,False,,-1,-0.14542341,-0.084378004,0.04415086656808853,0.02467377670109272
103,clipemoji,high_maturity,False,CLIPese,0.0,True,mature,0.537275,True,orthographic_hard,9,-0.13822496,-0.08040019,0.04415086656808853,0.02467377670109272
104,cougarundant,high_maturity,False,CLIPese,0.0,True,mature,0.523575,False,,-1,-0.13593358,0.07498925,0.04415086656808853,0.02467377670109272
105,buremachinelearning,high_maturity,False,CLIPese,0.0,True,mature,0.47002499999999997,False,,-1,-0.03577095,-0.09641471,0.04415086656808853,0.02467377670109272
106,buccaneplanes,high_maturity,False,CLIPese,0.0,True,mature,0.43084999999999996,False,,-1,0.08669773,0.19555597,0.04415086656808853,0.02467377670109272
107,chipmunk,high_maturity,True,English,2.74,True,mature,0.35365,False,,-1,-0.1871061,0.015277943,0.04415086656808853,0.02467377670109272
108,calibrvolcano,high_maturity,False,CLIPese,0.0,True,mature,0.34857499999999997,False,,-1,0.21868925,0.039803118,0.04415086656808853,0.02467377670109272
109,cycloemojis,high_maturity,False,CLIPese,0.0,True,mature,0.496275,False,,-1,-0.13254414,0.09747022,0.04415086656808853,0.02467377670109272
110,augmentemask,high_maturity,False,CLIPese,0.0,True,mature,0.751775,True,mature_readable,243,0.067120016,-0.25853997,0.04415086656808853,0.02467377670109272
111,banknopassport,high_maturity,False,CLIPese,0.0,True,mature,0.648,False,,-1,-0.15430152,-0.06639857,0.04415086656808853,0.02467377670109272
112,bestofscrambled,high_maturity,False,CLIPese,0.0,True,mature,0.44015000000000004,False,,-1,-0.13086294,-0.1777035,0.04415086656808853,0.02467377670109272
113,bernese,high_maturity,True,English,2.23,True,mature,0.56565,False,,-1,0.33012095,0.24565358,0.04415086656808853,0.02467377670109272
114,aubergbronte,high_maturity,False,CLIPese,0.0,True,mature,0.195075,False,,-1,0.040242266,0.21205187,0.04415086656808853,0.02467377670109272
115,cubemodules,high_maturity,False,CLIPese,0.0,True,mature,0.89235,True,mature_readable,167,0.09286986,-0.025953704,0.04415086656808853,0.02467377670109272
116,copernicspaghetti,high_maturity,False,CLIPese,0.0,True,mature,0.5315,False,,-1,-0.11154206,0.055764552,0.04415086656808853,0.02467377670109272
117,aegefighter,high_maturity,False,CLIPese,0.0,True,mature,0.23885,False,,-1,-0.07721206,0.08286397,0.04415086656808853,0.02467377670109272
118,boxerpitbull,high_maturity,False,CLIPese,0.0,True,mature,0.419875,False,,-1,-0.023340642,-0.20060812,0.04415086656808853,0.02467377670109272
119,configurloaf,high_maturity,False,CLIPese,0.0,True,mature,0.400825,False,,-1,-0.19505669,0.26819324,0.04415086656808853,0.02467377670109272
120,backstreetminecraft,high_maturity,False,CLIPese,0.0,True,mature,0.36519999999999997,False,,-1,-0.17653516,-0.12214013,0.04415086656808853,0.02467377670109272
121,autismazebra,high_maturity,False,CLIPese,0.0,True,mature,0.45339999999999997,False,,-1,0.022352718,-0.20728625,0.04415086656808853,0.02467377670109272
122,calibrimagepixelart,high_maturity,False,CLIPese,0.0,True,mature,0.12369999999999999,False,,-1,-0.19258901,-0.1647309,0.04415086656808853,0.02467377670109272
123,artypixelart,high_maturity,False,CLIPese,0.0,True,mature,0.0802,True,mature_weak,372,-0.13243282,0.12318417,0.04415086656808853,0.02467377670109272
124,bbcimagemachinelearning,high_maturity,False,CLIPese,0.0,True,mature,0.44815,False,,-1,-0.1469017,-0.030942088,0.04415086656808853,0.02467377670109272
125,cyberskeletons,high_maturity,False,CLIPese,0.0,True,mature,0.5938249999999999,False,,-1,-0.03574007,-0.1264895,0.04415086656808853,0.02467377670109272
126,chipmunbollywood,high_maturity,False,CLIPese,0.0,True,mature,0.47530000000000006,False,,-1,-0.05352668,0.005680724,0.04415086656808853,0.02467377670109272
127,aubergfuzzy,high_maturity,False,CLIPese,0.0,True,mature,0.28605,False,,-1,-0.1536566,0.13064988,0.04415086656808853,0.02467377670109272
128,carrauntoo,high_maturity,False,CLIPese,0.0,True,mature,0.38125,False,,-1,-0.17422993,-0.07089951,0.04415086656808853,0.02467377670109272
129,chickpheasant,high_maturity,False,CLIPese,0.0,True,mature,0.4534,False,,-1,0.13346715,0.11584312,0.04415086656808853,0.02467377670109272
130,coralbinary,high_maturity,False,CLIPese,0.0,True,mature,0.824275,True,mature_readable,229,0.12569472,-0.21409963,0.04415086656808853,0.02467377670109272
131,aubergblob,high_maturity,False,CLIPese,0.0,True,mature,0.36105,False,,-1,0.0756642,0.21833259,0.04415086656808853,0.02467377670109272
132,anarchnoseoutlines,high_maturity,False,CLIPese,0.0,True,mature,0.60885,False,,-1,0.10140634,0.045259263,0.04415086656808853,0.02467377670109272
133,cyclingsymmetry,high_maturity,False,CLIPese,0.0,True,mature,0.736475,False,,-1,-0.24060528,-0.033503618,0.04415086656808853,0.02467377670109272
134,abstrimagescrambled,high_maturity,False,CLIPese,0.0,True,mature,0.3473,False,,-1,-0.24060032,-0.02035408,0.04415086656808853,0.02467377670109272
135,boxoctagon,high_maturity,False,CLIPese,0.0,True,mature,0.750375,False,,-1,0.3389878,-0.17439863,0.04415086656808853,0.02467377670109272
136,beachclean,high_maturity,False,CLIPese,0.0,True,mature,0.5321,False,,-1,0.1704668,-0.2663293,0.04415086656808853,0.02467377670109272
137,calibrbitimageinterference,high_maturity,False,CLIPese,0.0,True,mature,0.28659999999999997,False,,-1,-0.1764897,-0.037380386,0.04415086656808853,0.02467377670109272
138,appalachcamo,high_maturity,False,CLIPese,0.0,True,mature,0.5405249999999999,False,,-1,-0.14421022,-0.08729819,0.04415086656808853,0.02467377670109272
139,canadapost,high_maturity,False,CLIPese,0.0,True,mature,0.5156499999999999,False,,-1,-0.113340124,-0.04984472,0.04415086656808853,0.02467377670109272
140,aglecam,high_maturity,False,CLIPese,0.0,True,mature,0.53045,False,,-1,-0.23730886,0.049981263,0.04415086656808853,0.02467377670109272
141,appalachminecraft,high_maturity,False,CLIPese,0.0,True,mature,0.47739999999999994,False,,-1,-0.123721726,0.036981203,0.04415086656808853,0.02467377670109272
142,calibrlentvolcano,high_maturity,False,CLIPese,0.0,True,mature,0.36234999999999995,False,,-1,-0.13066842,0.02720317,0.04415086656808853,0.02467377670109272
143,bitimagescrambled,high_maturity,False,CLIPese,0.0,True,mature,0.38437499999999997,False,,-1,-0.27959377,-0.043610677,0.04415086656808853,0.02467377670109272
144,bicytree,high_maturity,False,CLIPese,0.0,True,mature,0.529825,False,,-1,-0.13682975,-0.03436808,0.04415086656808853,0.02467377670109272
145,chopemoji,high_maturity,False,CLIPese,0.0,True,mature,0.803925,False,,-1,0.16660146,-0.2484547,0.04415086656808853,0.02467377670109272
146,camouflahairstyles,high_maturity,False,CLIPese,0.0,True,mature,0.28235,False,,-1,-0.15141201,-0.0013233392,0.04415086656808853,0.02467377670109272
147,breastcancercrayon,high_maturity,False,CLIPese,0.0,True,mature,0.7217250000000001,False,,-1,-0.09390753,-0.1589536,0.04415086656808853,0.02467377670109272
148,appalachpaddling,high_maturity,False,CLIPese,0.0,True,mature,0.418725,False,,-1,-0.18286984,0.20753016,0.04415086656808853,0.02467377670109272
149,bellahusky,high_maturity,False,CLIPese,0.0,True,mature,0.563475,False,,-1,-0.14810503,0.1600003,0.04415086656808853,0.02467377670109272
150,backstreetshrek,high_maturity,False,CLIPese,0.0,True,mature,0.370075,False,,-1,-0.1630271,0.016855765,0.04415086656808853,0.02467377670109272
151,christmasjigsaw,high_maturity,False,CLIPese,0.0,True,mature,0.43865,False,,-1,-0.013846522,-0.14946537,0.04415086656808853,0.02467377670109272
152,boxerdog,high_maturity,False,CLIPese,0.0,True,mature,0.234425,False,,-1,0.0068589095,-0.03299736,0.04415086656808853,0.02467377670109272
153,boerterrier,high_maturity,False,CLIPese,0.0,True,mature,0.45587500000000003,False,,-1,0.29782408,0.20103273,0.04415086656808853,0.02467377670109272
154,colormachinelearning,high_maturity,False,CLIPese,0.0,True,mature,0.31917499999999993,False,,-1,-0.052782323,-0.1380077,0.04415086656808853,0.02467377670109272
155,calibrnanoptoro,high_maturity,False,CLIPese,0.0,True,mature,0.6716,False,,-1,-0.12748799,0.20048474,0.04415086656808853,0.02467377670109272
156,copernicantenna,high_maturity,False,CLIPese,0.0,True,mature,0.45445,False,,-1,-0.10571769,0.044792537,0.04415086656808853,0.02467377670109272
157,burgerjuggpanorpixelart,high_maturity,False,CLIPese,0.0,True,mature,0.140625,True,mature_weak,415,-0.16252851,0.07032395,0.04415086656808853,0.02467377670109272
158,calibrmaize,high_maturity,False,CLIPese,0.0,True,mature,0.665875,True,orthographic_hard,40,0.1398948,-0.3455514,0.04415086656808853,0.02467377670109272
159,banankin,high_maturity,False,CLIPese,0.0,True,mature,0.894825,True,orthographic_hard,32,0.28573805,-0.07573524,0.04415086656808853,0.02467377670109272
160,autismawarenessday,high_maturity,False,CLIPese,0.0,True,mature,0.5604,False,,-1,-0.10077623,0.14066811,0.04415086656808853,0.02467377670109272
161,configurmandelcircle,high_maturity,False,CLIPese,0.0,True,mature,0.25455,False,,-1,-0.11611005,0.059744686,0.04415086656808853,0.02467377670109272
162,bharatwebcamtoy,high_maturity,False,CLIPese,0.0,True,mature,0.057850000000000006,True,mature_weak,386,-0.28549862,0.11924706,0.04415086656808853,0.02467377670109272
163,airballon,high_maturity,False,CLIPese,0.0,True,mature,0.442125,False,,-1,0.35456726,0.20930374,0.04415086656808853,0.02467377670109272
164,banknopancake,high_maturity,False,CLIPese,0.0,True,mature,0.6693,False,,-1,-0.12556149,-0.014571266,0.04415086656808853,0.02467377670109272
165,catglitch,high_maturity,False,CLIPese,0.0,True,mature,0.53905,False,,-1,0.20396174,0.048614528,0.04415086656808853,0.02467377670109272
166,coralcrystmicroscope,high_maturity,False,CLIPese,0.0,True,mature,0.335775,False,,-1,-0.3543646,0.04038879,0.04415086656808853,0.02467377670109272
167,beardmachinelearning,high_maturity,False,CLIPese,0.0,True,mature,0.463125,False,,-1,-0.13689081,-0.03126133,0.04415086656808853,0.02467377670109272
168,cougarspelled,high_maturity,False,CLIPese,0.0,True,mature,0.7398250000000001,False,,-1,0.22505777,0.07350021,0.04415086656808853,0.02467377670109272
169,carncollie,high_maturity,False,CLIPese,0.0,True,mature,0.09597499999999999,True,mature_weak,380,0.21353124,0.24218835,0.04415086656808853,0.02467377670109272
170,clipclips,high_maturity,False,CLIPese,0.0,True,mature,0.461175,False,,-1,0.23172876,-0.08006318,0.04415086656808853,0.02467377670109272
171,cytofractal,high_maturity,False,CLIPese,0.0,True,mature,0.4667,False,,-1,0.16221762,-0.109113075,0.04415086656808853,0.02467377670109272
172,bundehelicopters,high_maturity,False,CLIPese,0.0,True,mature,0.8515249999999999,True,mature_readable,105,0.11096851,0.13097094,0.04415086656808853,0.02467377670109272
173,augmenteapple,high_maturity,False,CLIPese,0.0,True,mature,0.610025,False,,-1,-0.17119843,0.22074465,0.04415086656808853,0.02467377670109272
174,breadtexture,high_maturity,False,CLIPese,0.0,True,mature,0.67285,False,,-1,0.14982085,-0.39181712,0.04415086656808853,0.02467377670109272
175,christmapuzzles,high_maturity,False,CLIPese,0.0,True,mature,0.5942999999999999,False,,-1,0.13594386,-0.26771158,0.04415086656808853,0.02467377670109272
176,blackandwhitepropeller,high_maturity,False,CLIPese,0.0,True,mature,0.19837500000000002,False,,-1,-0.19371973,0.08077433,0.04415086656808853,0.02467377670109272
177,chromodisintegrscrambled,high_maturity,False,CLIPese,0.0,True,mature,0.35359999999999997,False,,-1,-0.22343075,-0.10638084,0.04415086656808853,0.02467377670109272
178,broccoli,high_maturity,True,English,3.5,True,mature,0.5514,False,,-1,0.25777212,0.08278723,0.04415086656808853,0.02467377670109272
179,azerbaimetabolaceae,high_maturity,False,CLIPese,0.0,True,mature,0.51825,False,,-1,-0.037896976,0.03715387,0.04415086656808853,0.02467377670109272
180,anarchitottenham,high_maturity,False,CLIPese,0.0,True,mature,0.5146999999999999,False,,-1,-0.23546514,-0.066082545,0.04415086656808853,0.02467377670109272
181,anarchiaubrey,high_maturity,False,CLIPese,0.0,True,mature,0.59895,False,,-1,0.027041065,0.27288184,0.04415086656808853,0.02467377670109272
182,cuttemojis,high_maturity,False,CLIPese,0.0,True,mature,0.7487999999999999,False,,-1,-0.02869901,0.03174519,0.04415086656808853,0.02467377670109272
183,choccroissant,high_maturity,False,CLIPese,0.0,True,mature,0.5928,False,,-1,-0.025874684,-0.24789776,0.04415086656808853,0.02467377670109272
184,chromomosaic,high_maturity,False,CLIPese,0.0,True,mature,0.5669249999999999,False,,-1,-0.30679628,-0.2260725,0.04415086656808853,0.02467377670109272
185,absccrystscrambled,high_maturity,False,CLIPese,0.0,True,mature,0.30837499999999995,False,,-1,-0.10986616,-0.006249023,0.04415086656808853,0.02467377670109272
186,buccanebombers,high_maturity,False,CLIPese,0.0,True,mature,0.27754999999999996,False,,-1,0.087216295,-0.19900142,0.04415086656808853,0.02467377670109272
187,chinesemongolia,high_maturity,False,CLIPese,0.0,True,mature,0.5855999999999999,False,,-1,0.078245744,-0.24349415,0.04415086656808853,0.02467377670109272
188,crabsurfers,high_maturity,False,CLIPese,0.0,True,mature,0.63245,False,,-1,-0.018081736,0.09505508,0.04415086656808853,0.02467377670109272
189,buccanesubmarine,high_maturity,False,CLIPese,0.0,True,mature,0.274175,False,,-1,0.025148368,0.13105184,0.04415086656808853,0.02467377670109272
190,crystshook,high_maturity,False,CLIPese,0.0,True,mature,0.5805,False,,-1,0.12303388,-0.2308141,0.04415086656808853,0.02467377670109272
191,bureblurred,high_maturity,False,CLIPese,0.0,True,mature,0.681675,False,,-1,0.012426408,0.06068582,0.04415086656808853,0.02467377670109272
192,blurmonet,high_maturity,False,CLIPese,0.0,True,mature,0.5874499999999999,False,,-1,-0.018179296,-0.16890274,0.04415086656808853,0.02467377670109272
193,catsphercircle,high_maturity,False,CLIPese,0.0,True,mature,0.16112500000000002,True,mature_weak,399,-0.06331727,-0.11457242,0.04415086656808853,0.02467377670109272
194,anarchibicyalchemist,high_maturity,False,CLIPese,0.0,True,mature,0.18525000000000003,False,,-1,-0.18940347,0.102890246,0.04415086656808853,0.02467377670109272
195,biomeddecal,high_maturity,False,CLIPese,0.0,True,mature,0.616825,False,,-1,-0.1827163,-0.15624955,0.04415086656808853,0.02467377670109272
196,chromoglitch,high_maturity,False,CLIPese,0.0,True,mature,0.1481,True,mature_weak,396,0.040770438,-0.12682551,0.04415086656808853,0.02467377670109272
197,circumerecbanana,high_maturity,False,CLIPese,0.0,True,mature,0.6273249999999999,False,,-1,-0.109923266,0.19999355,0.04415086656808853,0.02467377670109272
198,coralsnowstorm,high_maturity,False,CLIPese,0.0,True,mature,0.38897499999999996,False,,-1,-0.14326334,-0.09664774,0.04415086656808853,0.02467377670109272
199,bbcbbcseizure,high_maturity,False,CLIPese,0.0,True,mature,0.37415000000000004,False,,-1,0.39884514,0.053961676,0.04415086656808853,0.02467377670109272
200,bbcmicroscope,high_maturity,False,CLIPese,0.0,True,mature,0.6156,False,,-1,-0.23926671,0.0641916,0.04415086656808853,0.02467377670109272
201,copernicmap,high_maturity,False,CLIPese,0.0,True,mature,0.6641,False,,-1,-0.25626397,-0.031917736,0.04415086656808853,0.02467377670109272
202,cubeblob,high_maturity,False,CLIPese,0.0,True,mature,0.6398249999999999,False,,-1,0.05072606,0.20012757,0.04415086656808853,0.02467377670109272
203,cauliflower,high_maturity,True,English,3.2,True,mature,0.37184999999999996,False,,-1,0.20129721,0.01823043,0.04415086656808853,0.02467377670109272
204,camouflaloaf,high_maturity,False,CLIPese,0.0,True,mature,0.42457500000000004,False,,-1,0.034338545,0.13591316,0.04415086656808853,0.02467377670109272
205,bulldogpitt,high_maturity,False,CLIPese,0.0,True,mature,0.4526,False,,-1,-0.1473231,0.06584942,0.04415086656808853,0.02467377670109272
206,blackandwhitenationaldogday,high_maturity,False,CLIPese,0.0,True,mature,0.791575,True,mature_readable,242,-0.074979864,0.13713317,0.04415086656808853,0.02467377670109272
207,cyclingmath,high_maturity,False,CLIPese,0.0,True,mature,0.815125,True,orthographic_hard,22,0.023488132,-0.051793728,0.04415086656808853,0.02467377670109272
208,bunprotest,high_maturity,False,CLIPese,0.0,True,mature,0.8777250000000001,True,mature_readable,121,-0.05743156,-0.030608391,0.04415086656808853,0.02467377670109272
209,artymachinelearning,high_maturity,False,CLIPese,0.0,True,mature,0.23865,False,,-1,-0.2752122,-0.007832573,0.04415086656808853,0.02467377670109272
210,bggrumpug,high_maturity,False,CLIPese,0.0,True,mature,0.516925,False,,-1,-0.14755195,0.012339264,0.04415086656808853,0.02467377670109272
211,avoncollie,high_maturity,False,CLIPese,0.0,True,mature,0.3297,False,,-1,0.22380236,-0.10275756,0.04415086656808853,0.02467377670109272
212,cubefuncshadimplemented,high_maturity,False,CLIPese,0.0,True,mature,0.2551,False,,-1,-0.2683344,0.18921785,0.04415086656808853,0.02467377670109272
213,catmandala,high_maturity,False,CLIPese,0.0,True,mature,0.42362500000000003,False,,-1,-0.11265743,-0.08184056,0.04415086656808853,0.02467377670109272
214,credentibobcat,high_maturity,False,CLIPese,0.0,True,mature,0.37144999999999995,False,,-1,-0.20528182,0.02023841,0.04415086656808853,0.02467377670109272
215,camouflaloafbread,high_maturity,False,CLIPese,0.0,True,mature,0.203075,False,,-1,-0.15850154,0.14914577,0.04415086656808853,0.02467377670109272
216,anarchioccult,high_maturity,False,CLIPese,0.0,True,mature,0.676025,False,,-1,0.2683443,-0.027631696,0.04415086656808853,0.02467377670109272
217,anarchisuperbowl,high_maturity,False,CLIPese,0.0,True,mature,0.8039499999999999,False,,-1,-0.06276983,0.006180106,0.04415086656808853,0.02467377670109272
218,britishsheepcumbria,high_maturity,False,CLIPese,0.0,True,mature,0.3965249999999999,False,,-1,-0.15990616,0.13763393,0.04415086656808853,0.02467377670109272
219,bubbslab,high_maturity,False,CLIPese,0.0,True,mature,0.6561,False,,-1,0.2510639,0.15902856,0.04415086656808853,0.02467377670109272
220,bloodsculptures,high_maturity,False,CLIPese,0.0,True,mature,0.640575,False,,-1,-0.046248592,-0.16759923,0.04415086656808853,0.02467377670109272
221,chromomeasles,high_maturity,False,CLIPese,0.0,True,mature,0.54585,False,,-1,-0.13907397,-0.2431561,0.04415086656808853,0.02467377670109272
222,chromoasparagus,high_maturity,False,CLIPese,0.0,True,mature,0.11985,False,,-1,-0.16545422,-0.24264736,0.04415086656808853,0.02467377670109272
223,cybercube,high_maturity,False,CLIPese,0.0,True,mature,0.7735000000000001,False,,-1,0.046622787,0.14439353,0.04415086656808853,0.02467377670109272
224,aubergbuttthinking,high_maturity,False,CLIPese,0.0,True,mature,0.342075,False,,-1,-0.11954721,0.17643483,0.04415086656808853,0.02467377670109272
225,abudhadoggo,high_maturity,False,CLIPese,0.0,True,mature,0.332375,False,,-1,0.0281968,0.24089634,0.04415086656808853,0.02467377670109272
226,biketomorrowspaperreturning,high_maturity,False,CLIPese,0.0,True,mature,0.27897500000000003,False,,-1,-0.1404328,0.0017927237,0.04415086656808853,0.02467377670109272
227,coralmosaic,high_maturity,False,CLIPese,0.0,True,mature,0.541425,False,,-1,-0.2531323,-0.18349893,0.04415086656808853,0.02467377670109272
228,bananfeline,high_maturity,False,CLIPese,0.0,True,mature,0.570975,False,,-1,-0.014178038,0.16586399,0.04415086656808853,0.02467377670109272
229,appalachsoap,high_maturity,False,CLIPese,0.0,True,mature,0.749225,False,,-1,0.05714472,-0.059563536,0.04415086656808853,0.02467377670109272
230,beachtourists,high_maturity,False,CLIPese,0.0,True,mature,0.574425,False,,-1,0.10528831,-0.027397899,0.04415086656808853,0.02467377670109272
231,chromomonet,high_maturity,False,CLIPese,0.0,True,mature,0.366325,False,,-1,-0.024806295,-0.29691607,0.04415086656808853,0.02467377670109272
232,coyopups,high_maturity,False,CLIPese,0.0,True,mature,0.8172,True,mature_readable,258,-0.007722766,0.13157529,0.04415086656808853,0.02467377670109272
233,authenticmachinelearning,high_maturity,False,CLIPese,0.0,True,mature,0.489425,False,,-1,-0.17653282,0.048554394,0.04415086656808853,0.02467377670109272
234,compupixelart,high_maturity,False,CLIPese,0.0,True,mature,0.08555,True,mature_weak,435,-0.15203013,-0.16280442,0.04415086656808853,0.02467377670109272
235,chineseterracotta,high_maturity,False,CLIPese,0.0,True,mature,0.105175,True,mature_weak,403,-0.17369246,0.03984522,0.04415086656808853,0.02467377670109272
236,crystfracdigitalart,high_maturity,False,CLIPese,0.0,True,mature,0.117575,False,,-1,-0.27367395,0.0339332,0.04415086656808853,0.02467377670109272
237,copernicsquare,high_maturity,False,CLIPese,0.0,True,mature,0.20835000000000004,False,,-1,-0.16921496,-0.039753746,0.04415086656808853,0.02467377670109272
238,crystpaintbruise,high_maturity,False,CLIPese,0.0,True,mature,0.60805,False,,-1,-0.1720823,0.041788697,0.04415086656808853,0.02467377670109272
239,allypally,high_maturity,False,CLIPese,0.0,True,mature,0.21875,False,,-1,0.17765403,0.100223765,0.04415086656808853,0.02467377670109272
240,coralradiation,high_maturity,False,CLIPese,0.0,True,mature,0.669825,False,,-1,-0.060527544,0.15693548,0.04415086656808853,0.02467377670109272
241,biketransportation,high_maturity,False,CLIPese,0.0,True,mature,0.273275,False,,-1,-0.23176324,0.059345037,0.04415086656808853,0.02467377670109272
242,configurcircle,high_maturity,False,CLIPese,0.0,True,mature,0.2791,False,,-1,0.045918066,0.07069917,0.04415086656808853,0.02467377670109272
243,colorkaleidostatistical,high_maturity,False,CLIPese,0.0,True,mature,0.34275,False,,-1,-0.257596,0.15296347,0.04415086656808853,0.02467377670109272
244,calibrlotoptimize,high_maturity,False,CLIPese,0.0,True,mature,0.414725,False,,-1,-0.24133816,0.045359813,0.04415086656808853,0.02467377670109272
245,aerialjump,high_maturity,False,CLIPese,0.0,True,mature,0.62495,False,,-1,0.050817914,-0.18328255,0.04415086656808853,0.02467377670109272
246,bananviewer,high_maturity,False,CLIPese,0.0,True,mature,0.714575,False,,-1,0.18203579,-0.12249113,0.04415086656808853,0.02467377670109272
247,athiyashetty,high_maturity,False,CLIPese,0.0,True,mature,0.29237500000000005,False,,-1,-0.040267926,0.14813533,0.04415086656808853,0.02467377670109272
248,banknorectangular,high_maturity,False,CLIPese,0.0,True,mature,0.117525,True,mature_weak,424,-0.18776922,0.07200527,0.04415086656808853,0.02467377670109272
249,afghcoworking,high_maturity,False,CLIPese,0.0,True,mature,0.7312999999999998,True,mature_readable,245,-0.009777282,0.11710223,0.04415086656808853,0.02467377670109272
250,australianjaws,high_maturity,False,CLIPese,0.0,True,mature,0.613075,False,,-1,0.21578056,0.089415684,0.04415086656808853,0.02467377670109272
251,autismacrocodile,high_maturity,False,CLIPese,0.0,True,mature,0.36405000000000004,False,,-1,-0.20136546,0.10172125,0.04415086656808853,0.02467377670109272
252,assemblyaapl,high_maturity,False,CLIPese,0.0,True,mature,0.79675,True,mature_readable,202,-0.20508596,0.13392709,0.04415086656808853,0.02467377670109272
253,ajcorgi,high_maturity,False,CLIPese,0.0,True,mature,0.52635,False,,-1,0.071269974,0.10159875,0.04415086656808853,0.02467377670109272
254,appalachsafarilive,high_maturity,False,CLIPese,0.0,True,mature,0.075175,True,mature_weak,419,-0.114579186,0.028497122,0.04415086656808853,0.02467377670109272
255,copernicgridgraffiti,high_maturity,False,CLIPese,0.0,True,mature,0.19625,False,,-1,-0.3807827,0.001965005,0.04415086656808853,0.02467377670109272
256,configurduvet,high_maturity,False,CLIPese,0.0,True,mature,0.44894999999999996,False,,-1,-0.07827239,0.16158623,0.04415086656808853,0.02467377670109272
257,crystcorrupt,high_maturity,False,CLIPese,0.0,True,mature,0.246875,False,,-1,-0.045238443,-0.24374752,0.04415086656808853,0.02467377670109272
258,chromoscrambled,high_maturity,False,CLIPese,0.0,True,mature,0.33825000000000005,False,,-1,-0.123007916,-0.23548873,0.04415086656808853,0.02467377670109272
259,bbcprogrambitringing,high_maturity,False,CLIPese,0.0,True,mature,0.63545,False,,-1,-0.16572453,-0.08798509,0.04415086656808853,0.02467377670109272
260,camouflacosy,high_maturity,False,CLIPese,0.0,True,mature,0.2126,False,,-1,0.0069919927,-0.26596862,0.04415086656808853,0.02467377670109272
261,ckerfuzzchromobit,high_maturity,False,CLIPese,0.0,True,mature,0.387125,False,,-1,-0.0032589422,0.12217105,0.04415086656808853,0.02467377670109272
262,calibrmeasles,high_maturity,False,CLIPese,0.0,True,mature,0.7097,True,orthographic_hard,41,0.06442196,-0.14722481,0.04415086656808853,0.02467377670109272
263,cuberender,high_maturity,False,CLIPese,0.0,True,mature,0.4925,False,,-1,0.057934605,-0.15616699,0.04415086656808853,0.02467377670109272
264,coughcougar,high_maturity,False,CLIPese,0.0,True,mature,0.8779,True,mature_readable,92,0.028648546,0.25482067,0.04415086656808853,0.02467377670109272
265,tyrecatsoftwitter,high_maturity,False,CLIPese,0.0,True,mature,0.1688,False,,-1,-0.27285987,0.035334785,0.04415086656808853,0.02467377670109272
266,azerbaichonlargest,high_maturity,False,CLIPese,0.0,True,mature,0.6718,False,,-1,-0.07668756,0.21771885,0.04415086656808853,0.02467377670109272
267,appenhummingpikachu,high_maturity,False,CLIPese,0.0,True,mature,0.587075,False,,-1,-0.2018222,0.13060273,0.04415086656808853,0.02467377670109272
268,arugula,high_maturity,True,English,2.46,True,mature,0.34305,False,,-1,0.35241032,0.3149492,0.04415086656808853,0.02467377670109272
269,beachspelling,high_maturity,False,CLIPese,0.0,True,mature,0.7914749999999999,True,mature_readable,270,0.14221294,0.21747021,0.04415086656808853,0.02467377670109272
270,aardvark,high_maturity,True,English,2.39,True,mature,0.7492000000000001,True,mature_readable,251,0.32455847,0.07176695,0.04415086656808853,0.02467377670109272
271,bharatdigits,high_maturity,False,CLIPese,0.0,True,mature,0.494275,False,,-1,-0.18368606,-0.032285422,0.04415086656808853,0.02467377670109272
272,autismacaffeine,high_maturity,False,CLIPese,0.0,True,mature,0.864475,True,mature_readable,84,-0.04393074,0.037765324,0.04415086656808853,0.02467377670109272
273,batmancaptainmarvel,high_maturity,False,CLIPese,0.0,True,mature,0.27165,False,,-1,-0.22456211,-0.07535393,0.04415086656808853,0.02467377670109272
274,azzscrambled,high_maturity,False,CLIPese,0.0,True,mature,0.8438749999999999,True,orthographic_hard,14,0.06016931,-0.057877913,0.04415086656808853,0.02467377670109272
275,amyjackson,high_maturity,False,CLIPese,0.0,True,mature,0.19547499999999998,False,,-1,-0.13252045,-0.07099349,0.04415086656808853,0.02467377670109272
276,crvenazvezda,high_maturity,False,CLIPese,0.0,True,mature,0.189225,True,mature_weak,440,-0.11506804,2.0743799e-05,0.04415086656808853,0.02467377670109272
277,birchcalligraphy,high_maturity,False,CLIPese,0.0,True,mature,0.23767500000000003,False,,-1,-0.104750805,0.08921449,0.04415086656808853,0.02467377670109272
278,calibrbbcbitgradient,high_maturity,False,CLIPese,0.0,True,mature,0.1503,False,,-1,-0.124111444,-0.03041274,0.04415086656808853,0.02467377670109272
279,bullrnli,high_maturity,False,CLIPese,0.0,True,mature,0.19647499999999998,False,,-1,0.3458681,0.037206713,0.04415086656808853,0.02467377670109272
280,candigoldendoggo,high_maturity,False,CLIPese,0.0,True,mature,0.39199999999999996,False,,-1,-0.27788997,0.03368619,0.04415086656808853,0.02467377670109272
281,breitjets,high_maturity,False,CLIPese,0.0,True,mature,0.58635,False,,-1,0.12490779,-0.038457386,0.04415086656808853,0.02467377670109272
282,babymachinelearning,high_maturity,False,CLIPese,0.0,True,mature,0.6897500000000001,False,,-1,-0.16161199,-0.060619965,0.04415086656808853,0.02467377670109272
283,adrenballoon,high_maturity,False,CLIPese,0.0,True,mature,0.749825,True,mature_readable,164,-0.10529428,0.07437063,0.04415086656808853,0.02467377670109272
284,beachfamilytime,high_maturity,False,CLIPese,0.0,True,mature,0.40647500000000003,False,,-1,-0.22095734,-0.11319153,0.04415086656808853,0.02467377670109272
285,mandelpopart,high_maturity,False,CLIPese,0.0,True,mature,0.26975000000000005,False,,-1,-0.32181823,0.024950476,0.04415086656808853,0.02467377670109272
286,biltnatucollie,high_maturity,False,CLIPese,0.0,True,mature,0.13142500000000001,False,,-1,0.27478975,0.044930473,0.04415086656808853,0.02467377670109272
287,bubblefractal,high_maturity,False,CLIPese,0.0,True,mature,0.32455,False,,-1,0.15211622,0.12439751,0.04415086656808853,0.02467377670109272
288,cogemoji,high_maturity,False,CLIPese,0.0,True,mature,0.8396,False,,-1,-0.1559929,0.111489005,0.04415086656808853,0.02467377670109272
289,bookfairies,high_maturity,False,CLIPese,0.0,True,mature,0.3211,False,,-1,0.28821528,-0.06016749,0.04415086656808853,0.02467377670109272
290,blackandwhitesignature,high_maturity,False,CLIPese,0.0,True,mature,0.113025,True,mature_weak,410,0.2463457,0.010539677,0.04415086656808853,0.02467377670109272
291,amhervito,high_maturity,False,CLIPese,0.0,True,mature,0.3255,False,,-1,-0.10105386,0.07115527,0.04415086656808853,0.02467377670109272
292,anarchidangerously,high_maturity,False,CLIPese,0.0,True,mature,0.43737500000000007,False,,-1,-0.007833924,0.15499115,0.04415086656808853,0.02467377670109272
293,choreobleedstripe,high_maturity,False,CLIPese,0.0,True,mature,0.6601,False,,-1,-0.13241997,0.123657025,0.04415086656808853,0.02467377670109272
294,alpaca,high_maturity,True,English,2.8,True,mature,0.7210000000000001,True,fallback_fill,507,0.05577641,0.15640926,0.04415086656808853,0.02467377670109272
295,camouflaquadrucaturday,high_maturity,False,CLIPese,0.0,True,mature,0.3771,False,,-1,-0.1364739,0.15822424,0.04415086656808853,0.02467377670109272
296,pawloafkaleidotyres,high_maturity,False,CLIPese,0.0,True,mature,0.102275,True,mature_weak,429,-0.16895378,0.15458216,0.04415086656808853,0.02467377670109272
297,beardbitstpatricksday,high_maturity,False,CLIPese,0.0,True,mature,0.7736250000000001,True,mature_readable,192,-0.08869351,0.012169874,0.04415086656808853,0.02467377670109272
298,pygdog,high_maturity,False,CLIPese,0.0,True,mature,0.15802499999999997,False,,-1,0.11818362,0.012187377,0.04415086656808853,0.02467377670109272
299,aruban,high_maturity,True,English,1.47,True,mature,0.8221499999999998,True,orthographic_hard,0,0.11127089,0.3514634,0.04415086656808853,0.02467377670109272
300,bbcprogramsorted,high_maturity,False,CLIPese,0.0,True,mature,0.6919250000000001,False,,-1,-0.083675876,-0.094513185,0.04415086656808853,0.02467377670109272
301,cubegenerating,high_maturity,False,CLIPese,0.0,True,mature,0.5518,False,,-1,-0.08316752,-0.013143545,0.04415086656808853,0.02467377670109272
302,cybermosaic,high_maturity,False,CLIPese,0.0,True,mature,0.40245000000000003,False,,-1,-0.05102038,0.0065236613,0.04415086656808853,0.02467377670109272
303,orangupoliticalkaleidofried,high_maturity,False,CLIPese,0.0,True,mature,0.295575,False,,-1,-0.2190588,0.23008835,0.04415086656808853,0.02467377670109272
304,adrenparachute,high_maturity,False,CLIPese,0.0,True,mature,0.6093500000000001,False,,-1,-0.24926485,-0.0049749906,0.04415086656808853,0.02467377670109272
305,embelliphotomdigitalart,high_maturity,False,CLIPese,0.0,True,mature,0.02735,True,mature_weak,377,-0.24884365,-0.026891176,0.04415086656808853,0.02467377670109272
306,aerialair,high_maturity,False,CLIPese,0.0,True,mature,0.6941499999999998,False,,-1,0.35458964,0.11322221,0.04415086656808853,0.02467377670109272
307,bryanblurred,high_maturity,False,CLIPese,0.0,True,mature,0.45697499999999996,False,,-1,0.1251189,0.013650994,0.04415086656808853,0.02467377670109272
308,crabs,high_maturity,True,English,3.4,True,mature,0.7509,False,,-1,0.33351704,-0.079672396,0.04415086656808853,0.02467377670109272
309,lewanospreowltotem,high_maturity,False,CLIPese,0.0,True,mature,0.157,True,mature_weak,433,-0.11536712,0.15512323,0.04415086656808853,0.02467377670109272
310,birdsstack,high_maturity,False,CLIPese,0.0,True,mature,0.6880000000000001,False,,-1,0.13147809,-0.32514817,0.04415086656808853,0.02467377670109272
311,mandelmandelpixelart,high_maturity,False,CLIPese,0.0,True,mature,0.0693,False,,-1,-0.1179706,-0.2720419,0.04415086656808853,0.02467377670109272
312,ballachu,high_maturity,False,CLIPese,0.0,True,mature,0.53095,False,,-1,0.071797766,0.22117081,0.04415086656808853,0.02467377670109272
313,chinesesimulation,high_maturity,False,CLIPese,0.0,True,mature,0.736375,False,,-1,-0.0036922435,-0.16714723,0.04415086656808853,0.02467377670109272
314,acrobplane,high_maturity,False,CLIPese,0.0,True,mature,0.6931499999999999,False,,-1,-0.05200494,0.024575133,0.04415086656808853,0.02467377670109272
315,catsuperbowl,high_maturity,False,CLIPese,0.0,True,mature,0.45355,False,,-1,-0.07895683,-0.15334897,0.04415086656808853,0.02467377670109272
316,boneterrorists,high_maturity,False,CLIPese,0.0,True,mature,0.497125,False,,-1,-0.026707964,0.10326159,0.04415086656808853,0.02467377670109272
317,brutalorb,high_maturity,False,CLIPese,0.0,True,mature,0.644675,False,,-1,0.14442576,0.22011924,0.04415086656808853,0.02467377670109272
318,hoymeasles,high_maturity,False,CLIPese,0.0,True,mature,0.596,False,,-1,0.033203132,-0.21055064,0.04415086656808853,0.02467377670109272
319,appalachalaya,high_maturity,False,CLIPese,0.0,True,mature,0.527825,False,,-1,-0.16665679,-0.011016665,0.04415086656808853,0.02467377670109272
320,anarchiartistsontwitter,high_maturity,False,CLIPese,0.0,True,mature,0.099,False,,-1,-0.23996156,0.003977233,0.04415086656808853,0.02467377670109272
321,bittextures,high_maturity,False,CLIPese,0.0,True,mature,0.40385,False,,-1,-0.082562,-0.086581826,0.04415086656808853,0.02467377670109272
322,afrisomaliland,high_maturity,False,CLIPese,0.0,True,mature,0.571575,False,,-1,-0.091263846,-0.029375074,0.04415086656808853,0.02467377670109272
323,adirondchairs,high_maturity,False,CLIPese,0.0,True,mature,0.06024999999999999,True,mature_weak,376,-0.055962753,-0.09585644,0.04415086656808853,0.02467377670109272
324,coralprogram,high_maturity,False,CLIPese,0.0,True,mature,0.668625,False,,-1,-0.07110897,0.08105775,0.04415086656808853,0.02467377670109272
325,bicycles,high_maturity,True,English,3.4,True,mature,0.44715,False,,-1,0.3451875,-0.15061778,0.04415086656808853,0.02467377670109272
326,champadvocberry,high_maturity,False,CLIPese,0.0,True,mature,0.7054,False,,-1,-0.25428346,-0.040976133,0.04415086656808853,0.02467377670109272
327,beachbike,high_maturity,False,CLIPese,0.0,True,mature,0.764275,False,,-1,0.1263263,0.11648165,0.04415086656808853,0.02467377670109272
328,breitdefendesserts,high_maturity,False,CLIPese,0.0,True,mature,0.56135,False,,-1,-0.00025224432,0.060406532,0.04415086656808853,0.02467377670109272
329,cskeleton,high_maturity,False,CLIPese,0.0,True,mature,0.405275,False,,-1,0.22615732,-0.19014676,0.04415086656808853,0.02467377670109272
330,taxiderpikachu,high_maturity,False,CLIPese,0.0,True,mature,0.6491750000000001,False,,-1,-0.07988932,-0.21497011,0.04415086656808853,0.02467377670109272
331,blackandwhitelogo,high_maturity,False,CLIPese,0.0,True,mature,0.18662500000000004,False,,-1,-0.021880576,0.11375034,0.04415086656808853,0.02467377670109272
332,colourglitch,high_maturity,False,CLIPese,0.0,True,mature,0.1318,False,,-1,-0.082191855,-0.15871608,0.04415086656808853,0.02467377670109272
333,anarchiwriterslife,high_maturity,False,CLIPese,0.0,True,mature,0.45555,False,,-1,0.071043365,0.27044988,0.04415086656808853,0.02467377670109272
334,corsage,high_maturity,True,English,2.18,True,mature,0.6524000000000001,False,,-1,0.30441037,-0.2311382,0.04415086656808853,0.02467377670109272
335,applesauce,high_maturity,True,English,2.63,True,mature,0.828175,True,mature_readable,177,0.24035318,-0.11370178,0.04415086656808853,0.02467377670109272
336,autistormtrooper,high_maturity,False,CLIPese,0.0,True,mature,0.572025,False,,-1,-0.20330858,-0.00017804459,0.04415086656808853,0.02467377670109272
337,mandelvapor,high_maturity,False,CLIPese,0.0,True,mature,0.197025,False,,-1,0.1344318,-0.1038462,0.04415086656808853,0.02467377670109272
338,chapeldancing,high_maturity,False,CLIPese,0.0,True,mature,0.71905,True,fallback_fill,493,-0.113236584,0.09323428,0.04415086656808853,0.02467377670109272
339,alfreskeletons,high_maturity,False,CLIPese,0.0,True,mature,0.623975,False,,-1,-0.09479034,-0.025699256,0.04415086656808853,0.02467377670109272
340,clipchiclip,high_maturity,False,CLIPese,0.0,True,mature,0.4497,False,,-1,0.1643198,-0.040383473,0.04415086656808853,0.02467377670109272
341,vampirehumidixiumin,high_maturity,False,CLIPese,0.0,True,mature,0.5432750000000001,False,,-1,-0.3457916,-0.11837684,0.04415086656808853,0.02467377670109272
342,bbcinteroperfrequency,high_maturity,False,CLIPese,0.0,True,mature,0.4098,False,,-1,-0.18200175,0.023895063,0.04415086656808853,0.02467377670109272
343,croco,high_maturity,True,English,1.64,True,mature,0.8108000000000001,True,mature_readable,211,0.19199878,-0.1598909,0.04415086656808853,0.02467377670109272
344,chromonanobroccoli,high_maturity,False,CLIPese,0.0,True,mature,0.5014249999999999,False,,-1,-0.09350613,-0.015768785,0.04415086656808853,0.02467377670109272
345,banknocybervhs,high_maturity,False,CLIPese,0.0,True,mature,0.28397500000000003,False,,-1,-0.14801359,0.10124672,0.04415086656808853,0.02467377670109272
346,autismavibration,high_maturity,False,CLIPese,0.0,True,mature,0.5478999999999999,False,,-1,0.09209663,0.03923208,0.04415086656808853,0.02467377670109272
347,babyhungryasian,high_maturity,False,CLIPese,0.0,True,mature,0.7243999999999999,False,,-1,-0.25467858,0.14717717,0.04415086656808853,0.02467377670109272
348,calibrbitchevron,high_maturity,False,CLIPese,0.0,True,mature,0.37994999999999995,False,,-1,-0.21266282,0.04267188,0.04415086656808853,0.02467377670109272
349,dairways,high_maturity,False,CLIPese,0.0,True,mature,0.44672500000000004,False,,-1,0.37778744,-0.07178951,0.04415086656808853,0.02467377670109272
350,crohnscolitis,high_maturity,False,CLIPese,0.0,True,mature,0.76425,True,mature_readable,269,0.058639843,-0.085543245,0.04415086656808853,0.02467377670109272
351,bikemanhattan,high_maturity,False,CLIPese,0.0,True,mature,0.63085,False,,-1,-0.11675389,0.024646744,0.04415086656808853,0.02467377670109272
352,autismadimensional,high_maturity,False,CLIPese,0.0,True,mature,0.344775,False,,-1,-0.13793105,0.056133017,0.04415086656808853,0.02467377670109272
353,confronhuskies,high_maturity,False,CLIPese,0.0,True,mature,0.278175,False,,-1,-0.2534997,0.07176081,0.04415086656808853,0.02467377670109272
354,findac,high_maturity,False,CLIPese,0.0,True,mature,0.48957500000000004,False,,-1,0.14599492,0.069395885,0.04415086656808853,0.02467377670109272
355,amhernocchi,high_maturity,False,CLIPese,0.0,True,mature,0.21860000000000002,False,,-1,-0.18571775,0.15477219,0.04415086656808853,0.02467377670109272
356,asparagus,high_maturity,True,English,3.25,True,mature,0.825675,True,orthographic_hard,44,0.01264904,-0.075354934,0.04415086656808853,0.02467377670109272
357,azerbaiiheartbit,high_maturity,False,CLIPese,0.0,True,mature,0.8382999999999999,True,mature_readable,194,-0.10099478,-0.0029811084,0.04415086656808853,0.02467377670109272
358,bexhill,high_maturity,True,English,2.28,True,mature,0.7769250000000001,True,mature_readable,230,0.2144541,-0.098090224,0.04415086656808853,0.02467377670109272
359,birdstudie,high_maturity,False,CLIPese,0.0,True,mature,0.60375,False,,-1,0.10085562,0.01991192,0.04415086656808853,0.02467377670109272
360,chinchilla,high_maturity,True,English,2.57,True,mature,0.759875,True,mature_readable,237,0.17675042,-0.040191617,0.04415086656808853,0.02467377670109272
361,cubes,high_maturity,True,English,3.43,True,mature,0.45357500000000006,False,,-1,0.41030252,0.009078989,0.04415086656808853,0.02467377670109272
362,orangukingfisher,high_maturity,False,CLIPese,0.0,True,mature,0.18777499999999997,False,,-1,-0.066567995,0.090907596,0.04415086656808853,0.02467377670109272
363,cartoonsimpbun,high_maturity,False,CLIPese,0.0,True,mature,0.739325,True,fallback_fill,499,0.019153524,-0.17817424,0.04415086656808853,0.02467377670109272
364,camouflamocked,high_maturity,False,CLIPese,0.0,True,mature,0.2343,False,,-1,-0.2331896,-0.12754096,0.04415086656808853,0.02467377670109272
365,coralstacked,high_maturity,False,CLIPese,0.0,True,mature,0.8057,False,,-1,0.066386044,-0.22817089,0.04415086656808853,0.02467377670109272
366,chromoalgorithm,high_maturity,False,CLIPese,0.0,True,mature,0.12350000000000001,False,,-1,-0.27191183,-0.080617726,0.04415086656808853,0.02467377670109272
367,creepwight,high_maturity,False,CLIPese,0.0,True,mature,0.5592250000000001,False,,-1,0.20786975,0.28961718,0.04415086656808853,0.02467377670109272
368,beachequestrian,high_maturity,False,CLIPese,0.0,True,mature,0.792475,True,mature_readable,143,0.006126204,0.07132026,0.04415086656808853,0.02467377670109272
369,banknoedison,high_maturity,False,CLIPese,0.0,True,mature,0.5543750000000001,False,,-1,-0.075947225,0.14043133,0.04415086656808853,0.02467377670109272
370,cuthcupcake,high_maturity,False,CLIPese,0.0,True,mature,0.68855,False,,-1,0.08074208,0.042500306,0.04415086656808853,0.02467377670109272
371,barnabskeletal,high_maturity,False,CLIPese,0.0,True,mature,0.6769000000000001,False,,-1,0.24983966,0.0015595675,0.04415086656808853,0.02467377670109272
372,bosnia,high_maturity,True,English,3.57,True,mature,0.519225,False,,-1,0.30277225,0.10373987,0.04415086656808853,0.02467377670109272
373,bundeiaf,high_maturity,False,CLIPese,0.0,True,mature,0.12557500000000002,False,,-1,0.21444134,0.07669428,0.04415086656808853,0.02467377670109272
374,bathmat,high_maturity,True,English,1.55,True,mature,0.900375,True,mature_readable,75,0.07766333,-0.18860835,0.04415086656808853,0.02467377670109272
375,australieskcroissant,high_maturity,False,CLIPese,0.0,True,mature,0.39682500000000004,False,,-1,-0.04827615,-0.06420336,0.04415086656808853,0.02467377670109272
376,coralrandom,high_maturity,False,CLIPese,0.0,True,mature,0.642425,False,,-1,-0.24402124,0.0045582326,0.04415086656808853,0.02467377670109272
377,woodenkuma,high_maturity,False,CLIPese,0.0,True,mature,0.523325,False,,-1,-0.039910972,0.21829979,0.04415086656808853,0.02467377670109272
378,coral,high_maturity,True,English,3.86,True,mature,0.4819,False,,-1,0.058259435,-0.344271,0.04415086656808853,0.02467377670109272
379,calibrspectrorandom,high_maturity,False,CLIPese,0.0,True,mature,0.42164999999999997,False,,-1,-0.17980324,0.03175279,0.04415086656808853,0.02467377670109272
380,aruba,high_maturity,True,English,2.93,True,mature,0.831825,True,orthographic_hard,1,0.3690054,-0.056361135,0.04415086656808853,0.02467377670109272
381,mandelsynthesizer,high_maturity,False,CLIPese,0.0,True,mature,0.323825,False,,-1,0.013299729,-0.22253379,0.04415086656808853,0.02467377670109272
382,bhaibanana,high_maturity,False,CLIPese,0.0,True,mature,0.793325,True,mature_readable,263,0.0017358476,0.1511699,0.04415086656808853,0.02467377670109272
383,canvasscrambled,high_maturity,False,CLIPese,0.0,True,mature,0.816325,False,,-1,-0.15505682,0.021038856,0.04415086656808853,0.02467377670109272
384,rainbowmandala,high_maturity,False,CLIPese,0.0,True,mature,0.15232500000000002,True,mature_weak,442,-0.039623715,-0.11754174,0.04415086656808853,0.02467377670109272
385,artycubes,high_maturity,False,CLIPese,0.0,True,mature,0.656175,False,,-1,-0.11786114,0.100791685,0.04415086656808853,0.02467377670109272
386,bhubaneswar,high_maturity,True,English,2.52,True,mature,0.5598000000000001,False,,-1,-0.18205217,0.17888945,0.04415086656808853,0.02467377670109272
387,calibrtexture,high_maturity,False,CLIPese,0.0,True,mature,0.527875,False,,-1,-0.05511862,-0.14408039,0.04415086656808853,0.02467377670109272
388,sanjaykaleidocereal,high_maturity,False,CLIPese,0.0,True,mature,0.200325,False,,-1,-0.26202664,-0.03757689,0.04415086656808853,0.02467377670109272
389,camo,high_maturity,True,English,3.16,True,mature,0.6063500000000001,False,,-1,0.17525749,-0.039882984,0.04415086656808853,0.02467377670109272
390,africanmap,high_maturity,False,CLIPese,0.0,True,mature,0.8497,True,mature_readable,112,-0.09099365,0.10583297,0.04415086656808853,0.02467377670109272
391,artemchigvin,high_maturity,False,CLIPese,0.0,True,mature,0.10825,True,mature_weak,394,-0.0076174852,0.042807825,0.04415086656808853,0.02467377670109272
392,artichoke,high_maturity,True,English,2.73,True,mature,0.532575,False,,-1,-0.0039744694,-0.029652148,0.04415086656808853,0.02467377670109272
393,californifreeway,high_maturity,False,CLIPese,0.0,True,mature,0.44399999999999995,False,,-1,-0.21791983,0.07150738,0.04415086656808853,0.02467377670109272
394,ajlee,high_maturity,False,CLIPese,0.0,True,mature,0.38744999999999996,False,,-1,0.31679177,0.14604759,0.04415086656808853,0.02467377670109272
395,databkaleidosimulation,high_maturity,False,CLIPese,0.0,True,mature,0.30522499999999997,False,,-1,-0.23427369,-0.06141835,0.04415086656808853,0.02467377670109272
396,chestercheesesalesman,high_maturity,False,CLIPese,0.0,True,mature,0.75195,False,,-1,-0.17885922,0.03557073,0.04415086656808853,0.02467377670109272
397,bluecsneakers,high_maturity,False,CLIPese,0.0,True,mature,0.66535,False,,-1,-0.11246577,0.027147006,0.04415086656808853,0.02467377670109272
398,artyscrambled,high_maturity,False,CLIPese,0.0,True,mature,0.38194999999999996,False,,-1,-0.19524719,-0.15854588,0.04415086656808853,0.02467377670109272
399,himalayhusky,high_maturity,False,CLIPese,0.0,True,mature,0.60185,False,,-1,-0.16723289,0.011831801,0.04415086656808853,0.02467377670109272
400,cockatoo,high_maturity,True,English,2.52,True,mature,0.289275,False,,-1,0.33343992,0.0710736,0.04415086656808853,0.02467377670109272
401,broccrayon,high_maturity,False,CLIPese,0.0,True,mature,0.95375,True,mature_readable,61,0.1127047,-0.32480478,0.04415086656808853,0.02467377670109272
402,cyclichandrasig,high_maturity,False,CLIPese,0.0,True,mature,0.3821,False,,-1,-0.3308973,0.095906615,0.04415086656808853,0.02467377670109272
403,fursuitsteakorphegoliath,high_maturity,False,CLIPese,0.0,True,mature,0.22485000000000002,False,,-1,-0.17518806,0.19505584,0.04415086656808853,0.02467377670109272
404,crystmonet,high_maturity,False,CLIPese,0.0,True,mature,0.674025,False,,-1,-0.22392918,-0.20313905,0.04415086656808853,0.02467377670109272
405,bullhorizon,high_maturity,False,CLIPese,0.0,True,mature,0.70375,False,,-1,0.03389509,-0.008091964,0.04415086656808853,0.02467377670109272
406,bluecutout,high_maturity,False,CLIPese,0.0,True,mature,0.742225,False,,-1,0.26895553,0.030459723,0.04415086656808853,0.02467377670109272
407,authenthumidihumidimagnet,high_maturity,False,CLIPese,0.0,True,mature,0.21639999999999995,False,,-1,-0.26919147,0.08494286,0.04415086656808853,0.02467377670109272
408,camouflacuddle,high_maturity,False,CLIPese,0.0,True,mature,0.396725,False,,-1,0.07231259,-0.16526064,0.04415086656808853,0.02467377670109272
409,cougar,high_maturity,True,English,3.38,True,mature,0.37840000000000007,False,,-1,0.38840577,0.23035258,0.04415086656808853,0.02467377670109272
410,leafmandala,high_maturity,False,CLIPese,0.0,True,mature,0.37925000000000003,False,,-1,-0.08150018,-0.14913268,0.04415086656808853,0.02467377670109272
411,affirroblox,high_maturity,False,CLIPese,0.0,True,mature,0.73905,False,,-1,0.15058655,0.063027635,0.04415086656808853,0.02467377670109272
412,copernicwhistleblower,high_maturity,False,CLIPese,0.0,True,mature,0.21452500000000002,True,mature_weak,431,0.0049170526,0.13896875,0.04415086656808853,0.02467377670109272
413,lebores,high_maturity,False,CLIPese,0.0,True,mature,0.6663,False,,-1,0.19748348,-0.043168787,0.04415086656808853,0.02467377670109272
414,chromomatrix,high_maturity,False,CLIPese,0.0,True,mature,0.7312000000000001,False,,-1,0.04175181,-0.4704585,0.04415086656808853,0.02467377670109272
415,autismaimage,high_maturity,False,CLIPese,0.0,True,mature,0.48785,False,,-1,-0.19561647,0.06273751,0.04415086656808853,0.02467377670109272
416,adjecalgorimeme,high_maturity,False,CLIPese,0.0,True,mature,0.0608,True,mature_weak,405,-0.20338571,-0.08898186,0.04415086656808853,0.02467377670109272
417,cockroach,high_maturity,True,English,3.16,True,mature,0.7524500000000001,False,,-1,0.09761049,-0.1869091,0.04415086656808853,0.02467377670109272
418,chocolate,high_maturity,True,English,4.49,True,mature,0.160525,False,,-1,0.066100195,0.25349388,0.04415086656808853,0.02467377670109272
419,craychromobit,high_maturity,False,CLIPese,0.0,True,mature,0.39157500000000006,False,,-1,-0.29751998,-0.15774283,0.04415086656808853,0.02467377670109272
420,chocol,high_maturity,False,CLIPese,0.0,True,mature,0.7122249999999999,False,,-1,0.46583635,0.006672737,0.04415086656808853,0.02467377670109272
421,daisies,high_maturity,True,English,2.9,True,mature,0.5595000000000001,False,,-1,0.14215134,-0.05138469,0.04415086656808853,0.02467377670109272
422,aerobaircraft,high_maturity,False,CLIPese,0.0,True,mature,0.49187500000000006,False,,-1,0.048664797,0.107493654,0.04415086656808853,0.02467377670109272
423,bulldogrests,high_maturity,False,CLIPese,0.0,True,mature,0.38377500000000003,False,,-1,0.27177685,-0.12864389,0.04415086656808853,0.02467377670109272
424,categormachinelearning,high_maturity,False,CLIPese,0.0,True,mature,0.513725,False,,-1,-0.2163198,0.0075848247,0.04415086656808853,0.02467377670109272
425,azerbaitasmanian,high_maturity,False,CLIPese,0.0,True,mature,0.502525,False,,-1,-0.08735875,0.14460775,0.04415086656808853,0.02467377670109272
426,coralwebcam,high_maturity,False,CLIPese,0.0,True,mature,0.774975,True,mature_readable,271,0.0075700353,0.22942582,0.04415086656808853,0.02467377670109272
427,bubblephotos,high_maturity,False,CLIPese,0.0,True,mature,0.241875,False,,-1,0.09159616,0.04538523,0.04415086656808853,0.02467377670109272
428,backstreeteinstein,high_maturity,False,CLIPese,0.0,True,mature,0.5721750000000001,False,,-1,-0.095423736,0.044085197,0.04415086656808853,0.02467377670109272
429,crochegiropipe,high_maturity,False,CLIPese,0.0,True,mature,0.5190750000000001,False,,-1,-0.22755863,0.059632003,0.04415086656808853,0.02467377670109272
430,cirtexture,high_maturity,False,CLIPese,0.0,True,mature,0.46967499999999995,False,,-1,0.22354773,-0.23758326,0.04415086656808853,0.02467377670109272
431,amritgiraffe,high_maturity,False,CLIPese,0.0,True,mature,0.329275,False,,-1,-0.13784777,0.13665742,0.04415086656808853,0.02467377670109272
432,commungogh,high_maturity,False,CLIPese,0.0,True,mature,0.28045,False,,-1,-0.28810573,-0.081042215,0.04415086656808853,0.02467377670109272
433,catloaf,high_maturity,False,CLIPese,0.0,True,mature,0.3573,False,,-1,0.19675036,-0.19804378,0.04415086656808853,0.02467377670109272
434,vujicic,high_maturity,True,English,1.22,True,mature,0.258225,False,,-1,0.079229765,-0.03896332,0.04415086656808853,0.02467377670109272
435,calibrchevron,high_maturity,False,CLIPese,0.0,True,mature,0.2146,False,,-1,-0.20173702,0.15167427,0.04415086656808853,0.02467377670109272
436,animtetraemoji,high_maturity,False,CLIPese,0.0,True,mature,0.34355,False,,-1,-0.06999647,-0.18186654,0.04415086656808853,0.02467377670109272
437,seapkaleidosimulation,high_maturity,False,CLIPese,0.0,True,mature,0.168575,False,,-1,-0.2917097,0.029600589,0.04415086656808853,0.02467377670109272
438,daffodils,high_maturity,True,English,2.73,True,mature,0.41555,False,,-1,0.23881058,-0.02105721,0.04415086656808853,0.02467377670109272
439,bloodskateboard,high_maturity,False,CLIPese,0.0,True,mature,0.80015,True,mature_readable,200,0.018989746,-0.13699855,0.04415086656808853,0.02467377670109272
440,pygxygeese,high_maturity,False,CLIPese,0.0,True,mature,0.34325,False,,-1,-0.021543413,0.15352246,0.04415086656808853,0.02467377670109272
441,cyberwhitesox,high_maturity,False,CLIPese,0.0,True,mature,0.47705,False,,-1,0.18840382,-0.05906726,0.04415086656808853,0.02467377670109272
442,cloudsoundcloud,high_maturity,False,CLIPese,0.0,True,mature,0.7319249999999999,False,,-1,0.1068431,-0.037186496,0.04415086656808853,0.02467377670109272
443,cyberchristmadecorations,high_maturity,False,CLIPese,0.0,True,mature,0.3927,False,,-1,-0.18817481,-0.02747626,0.04415086656808853,0.02467377670109272
444,cupbot,high_maturity,False,CLIPese,0.0,True,mature,0.700775,False,,-1,0.11327847,0.036423866,0.04415086656808853,0.02467377670109272
445,breadbox,high_maturity,True,English,1.46,True,mature,0.750525,True,mature_readable,272,0.08470464,-0.29527065,0.04415086656808853,0.02467377670109272
446,augmenteimages,high_maturity,False,CLIPese,0.0,True,mature,0.09887500000000002,False,,-1,-0.20419477,0.043996666,0.04415086656808853,0.02467377670109272
447,interoperthunderbirds,high_maturity,False,CLIPese,0.0,True,mature,0.3436,False,,-1,-0.27161908,0.070312046,0.04415086656808853,0.02467377670109272
448,delavinrecipifaucet,high_maturity,False,CLIPese,0.0,True,mature,0.070775,True,mature_weak,383,-0.12558301,0.0045372676,0.04415086656808853,0.02467377670109272
449,andtobago,high_maturity,False,CLIPese,0.0,True,mature,0.5961749999999999,False,,-1,-0.109948866,0.08635177,0.04415086656808853,0.02467377670109272
450,clowcutout,high_maturity,False,CLIPese,0.0,True,mature,0.278575,False,,-1,0.08137727,0.30296236,0.04415086656808853,0.02467377670109272
451,cyberstormtrooper,high_maturity,False,CLIPese,0.0,True,mature,0.411025,False,,-1,-0.14328822,-0.04981962,0.04415086656808853,0.02467377670109272
452,rwandcheetah,high_maturity,False,CLIPese,0.0,True,mature,0.6294000000000001,False,,-1,0.24689367,-0.010991928,0.04415086656808853,0.02467377670109272
453,cyberware,high_maturity,True,English,1.2,True,mature,0.8971499999999999,True,mature_readable,117,0.4285366,0.064622134,0.04415086656808853,0.02467377670109272
454,bbcscrambled,high_maturity,False,CLIPese,0.0,True,mature,0.848125,True,mature_readable,274,0.26828104,-0.17200826,0.04415086656808853,0.02467377670109272
455,carbokitties,high_maturity,False,CLIPese,0.0,True,mature,0.634375,False,,-1,0.04432027,0.076678574,0.04415086656808853,0.02467377670109272
456,cubeimplemented,high_maturity,False,CLIPese,0.0,True,mature,0.4524,False,,-1,-0.25084892,-0.008993014,0.04415086656808853,0.02467377670109272
457,cubescrum,high_maturity,False,CLIPese,0.0,True,mature,0.37597500000000006,False,,-1,-0.14897828,0.01802914,0.04415086656808853,0.02467377670109272
458,azerbaipika,high_maturity,False,CLIPese,0.0,True,mature,0.49777499999999997,False,,-1,-0.01532617,0.04941497,0.04415086656808853,0.02467377670109272
459,abstrdemenkaleidoweep,high_maturity,False,CLIPese,0.0,True,mature,0.09609999999999999,False,,-1,-0.25703797,0.17118388,0.04415086656808853,0.02467377670109272
460,cyberpanoramic,high_maturity,False,CLIPese,0.0,True,mature,0.315975,False,,-1,-0.12810817,0.0066962373,0.04415086656808853,0.02467377670109272
461,aeronautrafficsimulator,high_maturity,False,CLIPese,0.0,True,mature,0.38504999999999995,False,,-1,-0.14149812,0.050650302,0.04415086656808853,0.02467377670109272
462,chennaifc,high_maturity,False,CLIPese,0.0,True,mature,0.6867749999999999,True,orthographic_hard,38,0.09588152,-0.23819776,0.04415086656808853,0.02467377670109272
463,apples,high_maturity,True,English,3.96,True,mature,0.5575000000000001,False,,-1,0.28029424,-0.06845989,0.04415086656808853,0.02467377670109272
464,banknocgi,high_maturity,False,CLIPese,0.0,True,mature,0.26,False,,-1,-0.014528255,-0.023768652,0.04415086656808853,0.02467377670109272
465,coralfuzzy,high_maturity,False,CLIPese,0.0,True,mature,0.6191500000000001,False,,-1,-0.18507871,0.15784265,0.04415086656808853,0.02467377670109272
466,hydraudelavinthenburg,high_maturity,False,CLIPese,0.0,True,mature,0.024475,True,mature_weak,371,-0.07437719,0.25761458,0.04415086656808853,0.02467377670109272
467,cadbury,high_maturity,True,English,2.91,True,mature,0.8377,True,mature_readable,218,0.20637088,-0.024777446,0.04415086656808853,0.02467377670109272
468,ophadoglohusky,high_maturity,False,CLIPese,0.0,True,mature,0.1679,False,,-1,-0.08050208,0.20395103,0.04415086656808853,0.02467377670109272
469,chromostraws,high_maturity,False,CLIPese,0.0,True,mature,0.4343,False,,-1,0.06919168,-0.16900952,0.04415086656808853,0.02467377670109272
470,cubeforming,high_maturity,False,CLIPese,0.0,True,mature,0.639625,False,,-1,-0.14173587,0.118656956,0.04415086656808853,0.02467377670109272
471,beachchicas,high_maturity,False,CLIPese,0.0,True,mature,0.6880000000000001,False,,-1,0.09036814,-0.035989344,0.04415086656808853,0.02467377670109272
472,facewavewarhol,high_maturity,False,CLIPese,0.0,True,mature,0.4809999999999999,False,,-1,0.12725884,0.13621642,0.04415086656808853,0.02467377670109272
473,batgirl,high_maturity,True,English,2.68,True,mature,0.76325,True,mature_readable,244,0.33474112,0.019457757,0.04415086656808853,0.02467377670109272
474,bubbparadigm,high_maturity,False,CLIPese,0.0,True,mature,0.46252499999999996,False,,-1,-0.3123363,0.08345302,0.04415086656808853,0.02467377670109272
475,jessicanigri,high_maturity,False,CLIPese,0.0,True,mature,0.28590000000000004,False,,-1,0.2659258,-0.09954804,0.04415086656808853,0.02467377670109272
476,barbados,high_maturity,True,English,3.5,True,mature,0.9609749999999999,True,mature_readable,101,0.17680201,0.10133228,0.04415086656808853,0.02467377670109272
477,chafgodawgs,high_maturity,False,CLIPese,0.0,True,mature,0.27095,False,,-1,-0.047240466,0.15647905,0.04415086656808853,0.02467377670109272
478,computerminals,high_maturity,False,CLIPese,0.0,True,mature,0.27357499999999996,False,,-1,-0.17055087,-0.2541157,0.04415086656808853,0.02467377670109272
479,arvindswami,high_maturity,False,CLIPese,0.0,True,mature,0.32565,False,,-1,0.25150135,-0.13576329,0.04415086656808853,0.02467377670109272
480,binoimpressionism,high_maturity,False,CLIPese,0.0,True,mature,0.31967500000000004,False,,-1,-0.32622916,0.06785246,0.04415086656808853,0.02467377670109272
481,camouflazombiypg,high_maturity,False,CLIPese,0.0,True,mature,0.29875,False,,-1,-0.08464313,-0.08068847,0.04415086656808853,0.02467377670109272
482,augmentetranscript,high_maturity,False,CLIPese,0.0,True,mature,0.58755,False,,-1,-0.22174576,0.104971364,0.04415086656808853,0.02467377670109272
483,tapemichiganfineartamerica,high_maturity,False,CLIPese,0.0,True,mature,0.14775,False,,-1,-0.3583724,0.062814556,0.04415086656808853,0.02467377670109272
484,assaudolphins,high_maturity,False,CLIPese,0.0,True,mature,0.523275,False,,-1,-0.1631885,0.22783463,0.04415086656808853,0.02467377670109272
485,gorakh,high_maturity,False,CLIPese,0.0,True,mature,0.82775,True,mature_readable,133,0.015243827,-0.06012365,0.04415086656808853,0.02467377670109272
486,darjepalcamelgiraffe,high_maturity,False,CLIPese,0.0,True,mature,0.31635,False,,-1,-0.31596166,0.03345371,0.04415086656808853,0.02467377670109272
487,breitboeing,high_maturity,False,CLIPese,0.0,True,mature,0.48415,False,,-1,-0.0018947794,-0.06173908,0.04415086656808853,0.02467377670109272
488,birdshifter,high_maturity,False,CLIPese,0.0,True,mature,0.77315,False,,-1,0.15506905,-0.13370544,0.04415086656808853,0.02467377670109272
489,brompton,high_maturity,True,English,2.55,True,mature,0.403725,False,,-1,-0.12281607,0.04336083,0.04415086656808853,0.02467377670109272
490,chennairain,high_maturity,False,CLIPese,0.0,True,mature,0.37227499999999997,False,,-1,0.07153502,-0.1254436,0.04415086656808853,0.02467377670109272
491,yemencheetah,high_maturity,False,CLIPese,0.0,True,mature,0.9078,True,orthographic_hard,28,-0.14964245,-0.12366558,0.04415086656808853,0.02467377670109272
492,christmaselves,high_maturity,False,CLIPese,0.0,True,mature,0.2148,True,mature_weak,441,-0.05279864,-0.045967147,0.04415086656808853,0.02467377670109272
493,bulgaria,high_maturity,True,English,3.9,True,mature,0.700125,True,orthographic_hard,34,0.26867512,0.052659772,0.04415086656808853,0.02467377670109272
494,acanterrier,high_maturity,False,CLIPese,0.0,True,mature,0.347675,False,,-1,0.081074364,-0.0028847663,0.04415086656808853,0.02467377670109272
495,okbokki,high_maturity,False,CLIPese,0.0,True,mature,0.166225,True,mature_weak,430,0.20809007,-0.14736195,0.04415086656808853,0.02467377670109272
496,coralplot,high_maturity,False,CLIPese,0.0,True,mature,0.946375,True,mature_readable,113,0.25651848,0.0072817486,0.04415086656808853,0.02467377670109272
497,beggdog,high_maturity,False,CLIPese,0.0,True,mature,0.7139,False,,-1,-0.024402753,0.19969879,0.04415086656808853,0.02467377670109272
498,crabbonkers,high_maturity,False,CLIPese,0.0,True,mature,0.90485,True,mature_readable,124,0.19698766,-0.027459335,0.04415086656808853,0.02467377670109272
499,baltistan,high_maturity,True,English,2.09,True,mature,0.47795,False,,-1,-0.09141096,-0.18824558,0.04415086656808853,0.02467377670109272
500,crystfractal,high_maturity,False,CLIPese,0.0,True,mature,0.155625,False,,-1,0.025124589,-0.12247695,0.04415086656808853,0.02467377670109272
501,golfpixelart,high_maturity,False,CLIPese,0.0,True,mature,0.442725,False,,-1,-0.19689825,0.055217713,0.04415086656808853,0.02467377670109272
502,cattaxiderphotogenic,high_maturity,False,CLIPese,0.0,True,mature,0.036,True,mature_weak,391,-0.32089466,-0.1850178,0.04415086656808853,0.02467377670109272
503,autudiversity,high_maturity,False,CLIPese,0.0,True,mature,0.5982750000000001,False,,-1,-0.13909736,0.2809171,0.04415086656808853,0.02467377670109272
504,adelaideoval,high_maturity,False,CLIPese,0.0,True,mature,0.34775,False,,-1,0.095582776,0.21607204,0.04415086656808853,0.02467377670109272
505,budweiser,high_maturity,True,English,2.9,True,mature,0.8864000000000001,True,mature_readable,139,0.39641815,0.14279303,0.04415086656808853,0.02467377670109272
506,segkaleidoscanned,high_maturity,False,CLIPese,0.0,True,mature,0.44089999999999996,False,,-1,-0.18884456,0.09980789,0.04415086656808853,0.02467377670109272
507,coralspectrum,high_maturity,False,CLIPese,0.0,True,mature,0.35624999999999996,False,,-1,-0.3227788,-0.027631138,0.04415086656808853,0.02467377670109272
508,matsukeerthyofficial,high_maturity,False,CLIPese,0.0,True,mature,0.080675,True,mature_weak,373,-0.22376686,-0.0047406405,0.04415086656808853,0.02467377670109272
509,counterfesynthesizer,high_maturity,False,CLIPese,0.0,True,mature,0.32280000000000003,False,,-1,-0.14890547,-0.1264729,0.04415086656808853,0.02467377670109272
510,chromochromogerry,high_maturity,False,CLIPese,0.0,True,mature,0.15847499999999998,False,,-1,-0.21197215,-0.17947182,0.04415086656808853,0.02467377670109272
511,canadianozzy,high_maturity,False,CLIPese,0.0,True,mature,0.44489999999999996,False,,-1,0.037125364,-0.084778406,0.04415086656808853,0.02467377670109272
512,rohingdachshund,high_maturity,False,CLIPese,0.0,True,mature,0.78375,True,mature_readable,184,-0.2063242,0.16659425,0.04415086656808853,0.02467377670109272
513,birdwatching,high_maturity,True,English,2.37,True,mature,0.26497499999999996,False,,-1,0.07057512,0.18260379,0.04415086656808853,0.02467377670109272
514,bosniheader,high_maturity,False,CLIPese,0.0,True,mature,0.39399999999999996,False,,-1,-0.004827055,0.0928805,0.04415086656808853,0.02467377670109272
515,backgammon,high_maturity,True,English,2.45,True,mature,0.71975,False,,-1,-0.069443025,-0.1825091,0.04415086656808853,0.02467377670109272
516,acrobdancing,high_maturity,False,CLIPese,0.0,True,mature,0.44547500000000007,False,,-1,0.10298172,-0.00075098325,0.04415086656808853,0.02467377670109272
517,clareparrot,high_maturity,False,CLIPese,0.0,True,mature,0.7463749999999999,True,mature_readable,181,-0.009363861,0.044101324,0.04415086656808853,0.02467377670109272
518,bikes,high_maturity,True,English,3.89,True,mature,0.712625,False,,-1,0.4428344,-0.007439498,0.04415086656808853,0.02467377670109272
519,iglecairngorsmiling,high_maturity,False,CLIPese,0.0,True,mature,0.3629,False,,-1,-0.21531859,0.058541182,0.04415086656808853,0.02467377670109272
520,barrierreef,high_maturity,False,CLIPese,0.0,True,mature,0.709675,False,,-1,0.13452236,0.3276115,0.04415086656808853,0.02467377670109272
521,cheddar,high_maturity,True,English,3.29,True,mature,0.7356499999999999,False,,-1,0.29010278,0.17867018,0.04415086656808853,0.02467377670109272
522,ctukicchasudeep,high_maturity,False,CLIPese,0.0,True,mature,0.21892500000000004,False,,-1,-0.2232953,0.11617432,0.04415086656808853,0.02467377670109272
523,bestofmachinelearning,high_maturity,False,CLIPese,0.0,True,mature,0.399175,False,,-1,-0.16578385,0.0048522167,0.04415086656808853,0.02467377670109272
524,birdcage,high_maturity,True,English,2.45,True,mature,0.6570499999999999,False,,-1,0.119454175,-0.008521442,0.04415086656808853,0.02467377670109272
525,asters,high_maturity,True,English,1.93,True,mature,0.677575,False,,-1,0.24105889,-0.17803806,0.04415086656808853,0.02467377670109272
526,catsidewalk,high_maturity,False,CLIPese,0.0,True,mature,0.6673,False,,-1,0.38042015,0.045097183,0.04415086656808853,0.02467377670109272
527,bassoon,high_maturity,True,English,2.53,True,mature,0.9687,True,mature_readable,51,0.06487796,-0.14183432,0.04415086656808853,0.02467377670109272
528,cathocomb,high_maturity,False,CLIPese,0.0,True,mature,0.1683,True,mature_weak,407,-0.17067018,-0.03336526,0.04415086656808853,0.02467377670109272
529,crayfish,high_maturity,True,English,2.85,True,mature,0.454225,False,,-1,0.095288455,0.17255028,0.04415086656808853,0.02467377670109272
530,clipsnippet,high_maturity,False,CLIPese,0.0,True,mature,0.74685,False,,-1,-0.113031656,0.17114297,0.04415086656808853,0.02467377670109272
531,colorcensus,high_maturity,False,CLIPese,0.0,True,mature,0.818625,True,mature_readable,147,-0.20705003,-0.08046898,0.04415086656808853,0.02467377670109272
532,compuwarhol,high_maturity,False,CLIPese,0.0,True,mature,0.370025,False,,-1,-0.1279382,0.17828634,0.04415086656808853,0.02467377670109272
533,coraltransform,high_maturity,False,CLIPese,0.0,True,mature,0.47492499999999993,False,,-1,-0.21829617,-0.09040319,0.04415086656808853,0.02467377670109272
534,bearantlers,high_maturity,False,CLIPese,0.0,True,mature,0.231325,False,,-1,-0.013497672,0.11292488,0.04415086656808853,0.02467377670109272
535,bloafkitties,high_maturity,False,CLIPese,0.0,True,mature,0.59575,False,,-1,0.1345597,0.13750558,0.04415086656808853,0.02467377670109272
536,cybermoss,high_maturity,False,CLIPese,0.0,True,mature,0.9663499999999999,True,mature_readable,50,-0.2395378,-0.21688144,0.04415086656808853,0.02467377670109272
537,buffalosab,high_maturity,False,CLIPese,0.0,True,mature,0.7274499999999999,False,,-1,0.19276322,0.10147994,0.04415086656808853,0.02467377670109272
538,calibrsquare,high_maturity,False,CLIPese,0.0,True,mature,0.1901,False,,-1,-0.14041686,0.05985594,0.04415086656808853,0.02467377670109272
539,chromorandom,high_maturity,False,CLIPese,0.0,True,mature,0.635,False,,-1,-0.12194495,-0.43432683,0.04415086656808853,0.02467377670109272
540,adaggubati,high_maturity,False,CLIPese,0.0,True,mature,0.510175,False,,-1,0.024399143,0.2998584,0.04415086656808853,0.02467377670109272
541,piranmimic,high_maturity,False,CLIPese,0.0,True,mature,0.214425,False,,-1,-0.24829073,-0.17673518,0.04415086656808853,0.02467377670109272
542,colordisintegremoji,high_maturity,False,CLIPese,0.0,True,mature,0.28702500000000003,False,,-1,-0.08181433,-0.05814664,0.04415086656808853,0.02467377670109272
543,colourweaving,high_maturity,False,CLIPese,0.0,True,mature,0.493375,False,,-1,0.2519821,-0.05727619,0.04415086656808853,0.02467377670109272
544,halloweenbackstreetfractal,high_maturity,False,CLIPese,0.0,True,mature,0.37267500000000003,False,,-1,-0.04145631,0.119181685,0.04415086656808853,0.02467377670109272
545,chromoquets,high_maturity,False,CLIPese,0.0,True,mature,0.23920000000000002,False,,-1,-0.29157844,-0.11716895,0.04415086656808853,0.02467377670109272
546,kritikakar,high_maturity,False,CLIPese,0.0,True,mature,0.30210000000000004,False,,-1,0.063237004,-0.026464082,0.04415086656808853,0.02467377670109272
547,banan,high_maturity,True,English,1.43,True,mature,0.93445,True,orthographic_hard,33,0.2151427,-0.15004621,0.04415086656808853,0.02467377670109272
548,babykubernetes,high_maturity,False,CLIPese,0.0,True,mature,0.86925,True,mature_readable,267,0.029625505,0.0970043,0.04415086656808853,0.02467377670109272
549,chedserver,high_maturity,False,CLIPese,0.0,True,mature,0.908525,True,mature_readable,76,0.27541897,-0.010158485,0.04415086656808853,0.02467377670109272
550,calibrdigits,high_maturity,False,CLIPese,0.0,True,mature,0.22385,False,,-1,0.020491589,0.073487744,0.04415086656808853,0.02467377670109272
551,backstreettextures,high_maturity,False,CLIPese,0.0,True,mature,0.36624999999999996,False,,-1,-0.2394439,-0.23498453,0.04415086656808853,0.02467377670109272
552,fluorsquirrel,high_maturity,False,CLIPese,0.0,True,mature,0.7462,True,mature_readable,223,-0.115825824,0.27064994,0.04415086656808853,0.02467377670109272
553,anteater,high_maturity,True,English,2.28,True,mature,0.38285,False,,-1,0.10161696,0.09817913,0.04415086656808853,0.02467377670109272
554,dalmatispaniel,high_maturity,False,CLIPese,0.0,True,mature,0.12845,True,mature_weak,413,-0.40243682,0.09351292,0.04415086656808853,0.02467377670109272
555,birdphotography,high_maturity,False,CLIPese,0.0,True,mature,0.046125,True,mature_weak,387,-0.336725,0.011138206,0.04415086656808853,0.02467377670109272
556,bicdogdog,high_maturity,False,CLIPese,0.0,True,mature,0.521325,False,,-1,0.11549968,0.039822523,0.04415086656808853,0.02467377670109272
557,aishwaryarai,high_maturity,False,CLIPese,0.0,True,mature,0.0877,True,mature_weak,416,0.050302308,0.039048407,0.04415086656808853,0.02467377670109272
558,coralalgorithm,high_maturity,False,CLIPese,0.0,True,mature,0.58865,False,,-1,-0.18033402,-0.052983183,0.04415086656808853,0.02467377670109272
559,bubblemite,high_maturity,False,CLIPese,0.0,True,mature,0.6504,False,,-1,-0.16387106,-0.050112005,0.04415086656808853,0.02467377670109272
560,tibetmastiff,high_maturity,False,CLIPese,0.0,True,mature,0.265425,False,,-1,-0.2617634,0.043466073,0.04415086656808853,0.02467377670109272
561,louboutmanta,high_maturity,False,CLIPese,0.0,True,mature,0.14495000000000002,False,,-1,-0.2050668,0.05972711,0.04415086656808853,0.02467377670109272
562,halleimpressionism,high_maturity,False,CLIPese,0.0,True,mature,0.398275,False,,-1,-0.2845944,-0.07818945,0.04415086656808853,0.02467377670109272
563,crabsharkweek,high_maturity,False,CLIPese,0.0,True,mature,0.833875,True,orthographic_hard,20,-0.08793258,0.10927393,0.04415086656808853,0.02467377670109272
564,californiawild,high_maturity,False,CLIPese,0.0,True,mature,0.632475,False,,-1,-0.024291016,0.109071106,0.04415086656808853,0.02467377670109272
565,kaleidocolorized,high_maturity,False,CLIPese,0.0,True,mature,0.132825,False,,-1,-0.1711429,0.017512405,0.04415086656808853,0.02467377670109272
566,chandigarh,high_maturity,True,English,2.96,True,mature,0.7549250000000001,False,,-1,0.057858642,-0.05802564,0.04415086656808853,0.02467377670109272
567,catroblogenerator,high_maturity,False,CLIPese,0.0,True,mature,0.407675,False,,-1,-0.03265256,0.09721645,0.04415086656808853,0.02467377670109272
568,basketbal,high_maturity,True,English,1.2,True,mature,0.611775,False,,-1,0.29420167,-0.10521413,0.04415086656808853,0.02467377670109272
569,mandelmosaic,high_maturity,False,CLIPese,0.0,True,mature,0.20125,False,,-1,-0.17240284,-0.10759388,0.04415086656808853,0.02467377670109272
570,camelzebra,high_maturity,False,CLIPese,0.0,True,mature,0.6201749999999999,False,,-1,0.05250323,-0.16887607,0.04415086656808853,0.02467377670109272
571,banknoecu,high_maturity,False,CLIPese,0.0,True,mature,0.2031,False,,-1,0.10530766,0.214088,0.04415086656808853,0.02467377670109272
572,chickens,high_maturity,True,English,3.82,True,mature,0.7692,False,,-1,0.48641172,-0.030822732,0.04415086656808853,0.02467377670109272
573,aeroinfrared,high_maturity,False,CLIPese,0.0,True,mature,0.589475,False,,-1,0.026703667,-0.06289136,0.04415086656808853,0.02467377670109272
574,chromoorice,high_maturity,False,CLIPese,0.0,True,mature,0.3982,False,,-1,-0.096007295,-0.15192111,0.04415086656808853,0.02467377670109272
575,mandeloverpass,high_maturity,False,CLIPese,0.0,True,mature,0.394675,False,,-1,-0.15502559,-0.006186788,0.04415086656808853,0.02467377670109272
576,calibrinterference,high_maturity,False,CLIPese,0.0,True,mature,0.559775,False,,-1,-0.16926086,0.14548747,0.04415086656808853,0.02467377670109272
577,mandelfurncomposition,high_maturity,False,CLIPese,0.0,True,mature,0.3219,False,,-1,-0.1911666,0.019359933,0.04415086656808853,0.02467377670109272
578,mandelrounding,high_maturity,False,CLIPese,0.0,True,mature,0.6017750000000001,False,,-1,-0.010173208,-0.00826435,0.04415086656808853,0.02467377670109272
579,cyberfallout,high_maturity,False,CLIPese,0.0,True,mature,0.44675,False,,-1,-0.018135695,0.23764256,0.04415086656808853,0.02467377670109272
580,crystorypixels,high_maturity,False,CLIPese,0.0,True,mature,0.223175,False,,-1,-0.3133047,-0.011841516,0.04415086656808853,0.02467377670109272
581,chromoblurry,high_maturity,False,CLIPese,0.0,True,mature,0.24935000000000002,False,,-1,-0.13493198,-0.1217976,0.04415086656808853,0.02467377670109272
582,aberystwy,high_maturity,False,CLIPese,0.0,True,mature,0.60595,False,,-1,0.10401517,0.08799926,0.04415086656808853,0.02467377670109272
583,russellterrier,high_maturity,False,CLIPese,0.0,True,mature,0.243175,False,,-1,-0.023628533,0.21126357,0.04415086656808853,0.02467377670109272
584,chicagopd,high_maturity,False,CLIPese,0.0,True,mature,0.694575,True,fallback_fill,498,-0.047216196,-0.012969562,0.04415086656808853,0.02467377670109272
585,anarchi,high_maturity,False,CLIPese,0.0,True,mature,0.87395,False,,-1,0.40572923,0.10317617,0.04415086656808853,0.02467377670109272
586,chinesemask,high_maturity,False,CLIPese,0.0,True,mature,0.8258,True,mature_readable,179,-0.15446895,-0.050059088,0.04415086656808853,0.02467377670109272
587,camouflacatfont,high_maturity,False,CLIPese,0.0,True,mature,0.19495,False,,-1,-0.03136405,-0.023687797,0.04415086656808853,0.02467377670109272
588,cyberdistorembroidery,high_maturity,False,CLIPese,0.0,True,mature,0.521375,False,,-1,-0.32631585,-0.11489657,0.04415086656808853,0.02467377670109272
589,soarspaniel,high_maturity,False,CLIPese,0.0,True,mature,0.3952,False,,-1,0.13748819,0.040747546,0.04415086656808853,0.02467377670109272
590,cyberstargate,high_maturity,False,CLIPese,0.0,True,mature,0.689975,False,,-1,0.07733678,-0.10244683,0.04415086656808853,0.02467377670109272
591,chromocrayon,high_maturity,False,CLIPese,0.0,True,mature,0.5429,False,,-1,-0.2256522,-0.07651905,0.04415086656808853,0.02467377670109272
592,aubergpng,high_maturity,False,CLIPese,0.0,True,mature,0.41742500000000005,False,,-1,0.08546036,0.054455593,0.04415086656808853,0.02467377670109272
593,bantams,high_maturity,True,English,2.12,True,mature,0.8094499999999999,True,mature_readable,162,-0.08930732,-0.22115912,0.04415086656808853,0.02467377670109272
594,pugxbox,high_maturity,False,CLIPese,0.0,True,mature,0.5991250000000001,False,,-1,-0.19735193,-0.008532305,0.04415086656808853,0.02467377670109272
595,kaleidorendering,high_maturity,False,CLIPese,0.0,True,mature,0.1916,False,,-1,-0.1923262,0.19775714,0.04415086656808853,0.02467377670109272
596,clothespin,high_maturity,True,English,1.83,True,mature,0.1292,True,mature_weak,402,0.060730424,0.12555788,0.04415086656808853,0.02467377670109272
597,kaleidofreebies,high_maturity,False,CLIPese,0.0,True,mature,0.36349999999999993,False,,-1,-0.09000522,0.003538213,0.04415086656808853,0.02467377670109272
598,bandicspectrum,high_maturity,False,CLIPese,0.0,True,mature,0.305975,False,,-1,-0.13717891,0.05984099,0.04415086656808853,0.02467377670109272
599,tuxcollie,high_maturity,False,CLIPese,0.0,True,mature,0.260025,False,,-1,0.091362126,0.04123004,0.04415086656808853,0.02467377670109272
600,climbvolcano,high_maturity,False,CLIPese,0.0,True,mature,0.561675,False,,-1,0.18023528,-0.13307492,0.04415086656808853,0.02467377670109272
601,cheesespy,high_maturity,False,CLIPese,0.0,True,mature,0.7069249999999999,False,,-1,0.07815618,0.012665239,0.04415086656808853,0.02467377670109272
602,bahamas,high_maturity,True,English,3.53,True,mature,0.855725,True,mature_readable,279,-0.043901723,-0.16894941,0.04415086656808853,0.02467377670109272
603,bubbleuk,high_maturity,False,CLIPese,0.0,True,mature,0.791775,False,,-1,0.34330413,0.003291273,0.04415086656808853,0.02467377670109272
604,contemplwildatlanticway,high_maturity,False,CLIPese,0.0,True,mature,0.16547499999999998,True,mature_weak,408,-0.056965128,0.114894055,0.04415086656808853,0.02467377670109272
605,mandeltrees,high_maturity,False,CLIPese,0.0,True,mature,0.548225,False,,-1,0.085905746,-0.2211553,0.04415086656808853,0.02467377670109272
606,crystzorandom,high_maturity,False,CLIPese,0.0,True,mature,0.400775,False,,-1,-0.29453427,-0.096114114,0.04415086656808853,0.02467377670109272
607,cyberembroidery,high_maturity,False,CLIPese,0.0,True,mature,0.44265,False,,-1,-0.19322188,-0.20757607,0.04415086656808853,0.02467377670109272
608,chickenbird,high_maturity,False,CLIPese,0.0,True,mature,0.519975,False,,-1,0.018769743,-0.04302619,0.04415086656808853,0.02467377670109272
609,kaleidogrunge,high_maturity,False,CLIPese,0.0,True,mature,0.21375,False,,-1,-0.29587877,0.1165093,0.04415086656808853,0.02467377670109272
610,compupikachu,high_maturity,False,CLIPese,0.0,True,mature,0.7374,False,,-1,-0.23354152,0.093808606,0.04415086656808853,0.02467377670109272
611,weirdmandelvapor,high_maturity,False,CLIPese,0.0,True,mature,0.12667499999999998,True,mature_weak,425,-0.19507487,0.104634136,0.04415086656808853,0.02467377670109272
612,spectromandala,high_maturity,False,CLIPese,0.0,True,mature,0.44995,False,,-1,-0.21470715,-0.088525176,0.04415086656808853,0.02467377670109272
613,panorpsychowebcamtoy,high_maturity,False,CLIPese,0.0,True,mature,0.0753,True,mature_weak,374,0.00691326,-0.022177083,0.04415086656808853,0.02467377670109272
614,chromorainbow,high_maturity,False,CLIPese,0.0,True,mature,0.63505,False,,-1,-0.2644678,0.058341533,0.04415086656808853,0.02467377670109272
615,mukfractal,high_maturity,False,CLIPese,0.0,True,mature,0.38772500000000004,False,,-1,0.1567214,-0.14308916,0.04415086656808853,0.02467377670109272
616,cathebadge,high_maturity,False,CLIPese,0.0,True,mature,0.68815,False,,-1,-0.21556313,0.065748125,0.04415086656808853,0.02467377670109272
617,bbcmatrix,high_maturity,False,CLIPese,0.0,True,mature,0.45380000000000004,False,,-1,-0.1862041,-0.2674719,0.04415086656808853,0.02467377670109272
618,mandelinfrared,high_maturity,False,CLIPese,0.0,True,mature,0.339275,False,,-1,-0.14967084,0.0034771417,0.04415086656808853,0.02467377670109272
619,grumpmandala,high_maturity,False,CLIPese,0.0,True,mature,0.34500000000000003,False,,-1,-0.16202672,-0.12032311,0.04415086656808853,0.02467377670109272
620,calibrdot,high_maturity,False,CLIPese,0.0,True,mature,0.401875,False,,-1,0.037465595,-0.15643735,0.04415086656808853,0.02467377670109272
621,autuspectral,high_maturity,False,CLIPese,0.0,True,mature,0.557375,False,,-1,-0.1361737,0.24640119,0.04415086656808853,0.02467377670109272
622,bayleywwe,high_maturity,False,CLIPese,0.0,True,mature,0.8752000000000001,True,mature_readable,89,0.1461211,0.16029848,0.04415086656808853,0.02467377670109272
623,sapispaniel,high_maturity,False,CLIPese,0.0,True,mature,0.25687499999999996,False,,-1,-0.21289282,0.19022131,0.04415086656808853,0.02467377670109272
624,laceychabert,high_maturity,False,CLIPese,0.0,True,mature,0.43427499999999997,False,,-1,-0.035812184,-0.2098131,0.04415086656808853,0.02467377670109272
625,kaleidothanos,high_maturity,False,CLIPese,0.0,True,mature,0.5299,False,,-1,-0.14610496,-0.089146696,0.04415086656808853,0.02467377670109272
626,taxiderjehopikachu,high_maturity,False,CLIPese,0.0,True,mature,0.153,False,,-1,-0.22331704,0.017314918,0.04415086656808853,0.02467377670109272
627,imacelepopart,high_maturity,False,CLIPese,0.0,True,mature,0.08185,True,mature_weak,382,-0.36080363,0.08906002,0.04415086656808853,0.02467377670109272
628,byzloafmarblepanel,high_maturity,False,CLIPese,0.0,True,mature,0.426775,False,,-1,-0.12155122,0.16547698,0.04415086656808853,0.02467377670109272
629,bunnystags,high_maturity,False,CLIPese,0.0,True,mature,0.5945,False,,-1,-0.27220336,0.04979478,0.04415086656808853,0.02467377670109272
630,seawcollie,high_maturity,False,CLIPese,0.0,True,mature,0.35295,False,,-1,0.23041323,0.18191299,0.04415086656808853,0.02467377670109272
631,horriunhkaleidosurreal,high_maturity,False,CLIPese,0.0,True,mature,0.116825,False,,-1,-0.26340896,0.19804609,0.04415086656808853,0.02467377670109272
632,colorspectral,high_maturity,False,CLIPese,0.0,True,mature,0.7085999999999999,True,orthographic_hard,24,0.104668364,-0.17080349,0.04415086656808853,0.02467377670109272
633,taxiderjavelin,high_maturity,False,CLIPese,0.0,True,mature,0.16219999999999998,False,,-1,-0.18430956,-0.35565606,0.04415086656808853,0.02467377670109272
634,kaleidogopro,high_maturity,False,CLIPese,0.0,True,mature,0.24695,False,,-1,-0.22670403,0.25724915,0.04415086656808853,0.02467377670109272
635,cartoontemplate,high_maturity,False,CLIPese,0.0,True,mature,0.4245250000000001,False,,-1,-0.2019825,-0.052075382,0.04415086656808853,0.02467377670109272
636,costucarving,high_maturity,False,CLIPese,0.0,True,mature,0.624475,False,,-1,-0.03686544,0.035848532,0.04415086656808853,0.02467377670109272
637,oranguplush,high_maturity,False,CLIPese,0.0,True,mature,0.137075,False,,-1,0.06825369,-0.12641117,0.04415086656808853,0.02467377670109272
638,fursuitrooftop,high_maturity,False,CLIPese,0.0,True,mature,0.53775,False,,-1,-0.08775129,0.046982963,0.04415086656808853,0.02467377670109272
639,mandelnebula,high_maturity,False,CLIPese,0.0,True,mature,0.6841250000000001,False,,-1,-0.0013705962,0.18426612,0.04415086656808853,0.02467377670109272
640,aloe,high_maturity,True,English,3.06,True,mature,0.5744,False,,-1,0.27682012,0.005349646,0.04415086656808853,0.02467377670109272
641,birders,high_maturity,True,English,2.1,True,mature,0.747025,False,,-1,0.36053455,0.07172817,0.04415086656808853,0.02467377670109272
642,bambooasparagus,high_maturity,False,CLIPese,0.0,True,mature,0.6198750000000001,True,orthographic_hard,45,-0.29192483,0.14729224,0.04415086656808853,0.02467377670109272
643,oscillprintmandala,high_maturity,False,CLIPese,0.0,True,mature,0.186075,False,,-1,0.03475884,-0.03468968,0.04415086656808853,0.02467377670109272
644,chalkboard,high_maturity,True,English,2.77,True,mature,0.6307750000000001,False,,-1,0.051570512,-0.044429068,0.04415086656808853,0.02467377670109272
645,kaleidophotomcollage,high_maturity,False,CLIPese,0.0,True,mature,0.079675,False,,-1,-0.3658452,0.0065520373,0.04415086656808853,0.02467377670109272
646,categorpixels,high_maturity,False,CLIPese,0.0,True,mature,0.163375,False,,-1,-0.22114311,0.056770872,0.04415086656808853,0.02467377670109272
647,cdnpixels,high_maturity,False,CLIPese,0.0,True,mature,0.464425,False,,-1,-0.0135563845,-0.13272,0.04415086656808853,0.02467377670109272
648,calibrfractal,high_maturity,False,CLIPese,0.0,True,mature,0.506675,False,,-1,0.10715477,-0.03893876,0.04415086656808853,0.02467377670109272
649,berries,high_maturity,True,English,3.57,True,mature,0.705925,False,,-1,0.37612388,0.23876189,0.04415086656808853,0.02467377670109272
650,neighbkaleidorectaninva,high_maturity,False,CLIPese,0.0,True,mature,0.083625,True,mature_weak,389,-0.10151912,0.17996216,0.04415086656808853,0.02467377670109272
651,hovertaxiderowls,high_maturity,False,CLIPese,0.0,True,mature,0.3667,False,,-1,0.13080524,-0.15484461,0.04415086656808853,0.02467377670109272
652,bitmagnechevron,high_maturity,False,CLIPese,0.0,True,mature,0.537675,False,,-1,-0.1527634,-0.09596477,0.04415086656808853,0.02467377670109272
653,kaleidoimagetexture,high_maturity,False,CLIPese,0.0,True,mature,0.0491,False,,-1,-0.40823695,-0.026025504,0.04415086656808853,0.02467377670109272
654,bikenyc,high_maturity,False,CLIPese,0.0,True,mature,0.7999499999999999,True,mature_readable,266,0.22516349,-0.26305884,0.04415086656808853,0.02467377670109272
655,ornisphinx,high_maturity,False,CLIPese,0.0,True,mature,0.38415,False,,-1,-0.00072459766,-0.22203253,0.04415086656808853,0.02467377670109272
656,chondro,high_maturity,False,CLIPese,0.0,True,mature,0.4821000000000001,False,,-1,0.12702039,-0.003818201,0.04415086656808853,0.02467377670109272
657,pixelpopart,high_maturity,False,CLIPese,0.0,True,mature,0.17707499999999998,False,,-1,0.03364283,0.042536523,0.04415086656808853,0.02467377670109272
658,birdlife,high_maturity,True,English,2.31,True,mature,0.6181249999999999,False,,-1,0.25525364,-0.104908794,0.04415086656808853,0.02467377670109272
659,chromomachinelearning,high_maturity,False,CLIPese,0.0,True,mature,0.5855,False,,-1,-0.33302796,-0.19013532,0.04415086656808853,0.02467377670109272
660,airboat,high_maturity,True,English,1.82,True,mature,0.7064250000000001,False,,-1,0.16852453,0.109118864,0.04415086656808853,0.02467377670109272
661,alinclip,high_maturity,False,CLIPese,0.0,True,mature,0.792125,False,,-1,0.17904454,-0.036468618,0.04415086656808853,0.02467377670109272
662,colorghetti,high_maturity,False,CLIPese,0.0,True,mature,0.461025,False,,-1,0.042127963,0.040207136,0.04415086656808853,0.02467377670109272
663,augmentephotograph,high_maturity,False,CLIPese,0.0,True,mature,0.08095000000000001,True,mature_weak,444,-0.23777407,0.0033457007,0.04415086656808853,0.02467377670109272
664,crystmosaic,high_maturity,False,CLIPese,0.0,True,mature,0.5300750000000001,False,,-1,0.041678246,-0.25414822,0.04415086656808853,0.02467377670109272
665,caicos,high_maturity,True,English,2.69,True,mature,0.856875,True,mature_readable,99,0.035518594,-0.07471497,0.04415086656808853,0.02467377670109272
666,catunit,high_maturity,False,CLIPese,0.0,True,mature,0.4312,False,,-1,0.1895924,0.02548971,0.04415086656808853,0.02467377670109272
667,birdlovers,high_maturity,False,CLIPese,0.0,True,mature,0.596525,False,,-1,0.21049184,0.11943235,0.04415086656808853,0.02467377670109272
668,tetradinwarhol,high_maturity,False,CLIPese,0.0,True,mature,0.34375,False,,-1,-0.1987919,0.097597614,0.04415086656808853,0.02467377670109272
669,camouflacat,high_maturity,False,CLIPese,0.0,True,mature,0.22435,False,,-1,-0.1107259,0.14162016,0.04415086656808853,0.02467377670109272
670,cupcakes,high_maturity,True,English,3.41,True,mature,0.5052,False,,-1,0.33613148,0.234819,0.04415086656808853,0.02467377670109272
671,babystartups,high_maturity,False,CLIPese,0.0,True,mature,0.8845500000000002,True,mature_readable,81,-0.09807484,0.0047380426,0.04415086656808853,0.02467377670109272
672,albania,high_maturity,True,English,3.35,True,mature,0.7877500000000001,False,,-1,0.31167114,0.026485397,0.04415086656808853,0.02467377670109272
673,baztexture,high_maturity,False,CLIPese,0.0,True,mature,0.8275,True,orthographic_hard,12,0.24585533,-0.17186756,0.04415086656808853,0.02467377670109272
674,choppizzas,high_maturity,False,CLIPese,0.0,True,mature,0.8557,True,mature_readable,104,-0.040075123,0.08365721,0.04415086656808853,0.02467377670109272
675,blowgun,high_maturity,True,English,1.62,True,mature,0.7606999999999999,False,,-1,0.24542294,0.18040076,0.04415086656808853,0.02467377670109272
676,disintegrkiefer,high_maturity,False,CLIPese,0.0,True,mature,0.20255000000000004,False,,-1,-0.0835586,0.082477935,0.04415086656808853,0.02467377670109272
677,birdfootage,high_maturity,False,CLIPese,0.0,True,mature,0.5647249999999999,False,,-1,0.13651064,-0.07143914,0.04415086656808853,0.02467377670109272
678,cummerbund,high_maturity,True,English,1.72,True,mature,0.682175,False,,-1,-0.036010128,-0.19204697,0.04415086656808853,0.02467377670109272
679,goldendogcelebration,high_maturity,False,CLIPese,0.0,True,mature,0.14997500000000002,False,,-1,-0.042154226,0.07434126,0.04415086656808853,0.02467377670109272
680,birdwat,high_maturity,False,CLIPese,0.0,True,mature,0.555575,False,,-1,0.31839502,0.21433221,0.04415086656808853,0.02467377670109272
681,mandelpepperoni,high_maturity,False,CLIPese,0.0,True,mature,0.54935,False,,-1,-0.30271155,0.10154353,0.04415086656808853,0.02467377670109272
682,balkan,high_maturity,True,English,3.19,True,mature,0.8488249999999999,True,mature_readable,220,0.13980615,-0.24477823,0.04415086656808853,0.02467377670109272
683,azerbaijan,high_maturity,True,English,3.48,True,mature,0.6115999999999999,False,,-1,0.1605714,-0.3466942,0.04415086656808853,0.02467377670109272
684,bierseaworld,high_maturity,False,CLIPese,0.0,True,mature,0.87195,True,mature_readable,178,0.25711316,0.24970278,0.04415086656808853,0.02467377670109272
685,chamelepuzzle,high_maturity,False,CLIPese,0.0,True,mature,0.9308999999999998,True,mature_readable,55,0.18562105,0.01171106,0.04415086656808853,0.02467377670109272
686,crayghetti,high_maturity,False,CLIPese,0.0,True,mature,0.6613,True,fallback_fill,506,-0.03459062,0.16988821,0.04415086656808853,0.02467377670109272
687,acopter,high_maturity,False,CLIPese,0.0,True,mature,0.881425,True,mature_readable,82,0.29293013,-0.001387207,0.04415086656808853,0.02467377670109272
688,tylerthisglitch,high_maturity,False,CLIPese,0.0,True,mature,0.25675,False,,-1,-0.079603985,-0.012088605,0.04415086656808853,0.02467377670109272
689,berrys,high_maturity,True,English,1.54,True,mature,0.8827,True,mature_readable,91,0.18902543,-0.38214076,0.04415086656808853,0.02467377670109272
690,mandelterracotta,high_maturity,False,CLIPese,0.0,True,mature,0.1794,False,,-1,-0.17540932,-0.08090407,0.04415086656808853,0.02467377670109272
691,cannabcarved,high_maturity,False,CLIPese,0.0,True,mature,0.839925,True,mature_readable,149,0.19824722,0.20961392,0.04415086656808853,0.02467377670109272
692,artyscreenshotkaleidorecurimage,high_maturity,False,CLIPese,0.0,True,mature,0.02265,False,,-1,-0.31675196,0.05383508,0.04415086656808853,0.02467377670109272
693,belgisingapore,high_maturity,False,CLIPese,0.0,True,mature,0.7014,False,,-1,-0.1675445,0.00658543,0.04415086656808853,0.02467377670109272
694,airhornets,high_maturity,False,CLIPese,0.0,True,mature,0.62025,False,,-1,-0.042485807,0.015932787,0.04415086656808853,0.02467377670109272
695,catroblox,high_maturity,False,CLIPese,0.0,True,mature,0.65125,False,,-1,0.12324447,-0.30690974,0.04415086656808853,0.02467377670109272
696,rudoltaxiderpegasus,high_maturity,False,CLIPese,0.0,True,mature,0.14725,False,,-1,-0.068861924,-0.045506,0.04415086656808853,0.02467377670109272
697,giovpixelart,high_maturity,False,CLIPese,0.0,True,mature,0.1044,False,,-1,-0.10590583,0.17422703,0.04415086656808853,0.02467377670109272
698,appledecal,high_maturity,False,CLIPese,0.0,True,mature,0.7761250000000001,True,mature_readable,156,0.14926301,0.02063001,0.04415086656808853,0.02467377670109272
699,taxidersquirrel,high_maturity,False,CLIPese,0.0,True,mature,0.61285,False,,-1,0.1704644,-0.3165744,0.04415086656808853,0.02467377670109272
700,chiropracbead,high_maturity,False,CLIPese,0.0,True,mature,0.7696000000000001,True,mature_readable,190,0.08757028,0.13339543,0.04415086656808853,0.02467377670109272
701,marblemandala,high_maturity,False,CLIPese,0.0,True,mature,0.310125,False,,-1,-0.21139269,0.04725421,0.04415086656808853,0.02467377670109272
702,jovovich,high_maturity,True,English,1.94,True,mature,0.399225,False,,-1,0.16491377,0.054315887,0.04415086656808853,0.02467377670109272
703,revelorntaxiderhare,high_maturity,False,CLIPese,0.0,True,mature,0.160475,False,,-1,0.07777398,-0.22141255,0.04415086656808853,0.02467377670109272
704,bbcthismatrix,high_maturity,False,CLIPese,0.0,True,mature,0.5856,False,,-1,-0.1290578,-0.3616533,0.04415086656808853,0.02467377670109272
705,calibrrgb,high_maturity,False,CLIPese,0.0,True,mature,0.5826749999999999,False,,-1,0.18710323,0.17670524,0.04415086656808853,0.02467377670109272
706,autismaecstatic,high_maturity,False,CLIPese,0.0,True,mature,0.17717500000000003,False,,-1,-0.032549948,0.02017506,0.04415086656808853,0.02467377670109272
707,bbcfracstripe,high_maturity,False,CLIPese,0.0,True,mature,0.744075,False,,-1,-0.042683903,-0.030754564,0.04415086656808853,0.02467377670109272
708,arjunbijlani,high_maturity,False,CLIPese,0.0,True,mature,0.19822499999999998,False,,-1,-0.050660696,0.16860268,0.04415086656808853,0.02467377670109272
709,crab,high_maturity,True,English,3.76,True,mature,0.731675,False,,-1,0.2881835,0.019215295,0.04415086656808853,0.02467377670109272
710,algerantelope,high_maturity,False,CLIPese,0.0,True,mature,0.17117500000000002,False,,-1,-0.021822993,-0.05837787,0.04415086656808853,0.02467377670109272
711,mandelstencil,high_maturity,False,CLIPese,0.0,True,mature,0.20315,False,,-1,-0.103215784,-0.27548864,0.04415086656808853,0.02467377670109272
712,bbcgenerative,high_maturity,False,CLIPese,0.0,True,mature,0.6711,False,,-1,-0.077234976,0.20158124,0.04415086656808853,0.02467377670109272
713,catkatic,high_maturity,False,CLIPese,0.0,True,mature,0.202125,False,,-1,0.27302423,-0.019625438,0.04415086656808853,0.02467377670109272
714,bbcfractal,high_maturity,False,CLIPese,0.0,True,mature,0.416,False,,-1,-0.12038891,0.10602859,0.04415086656808853,0.02467377670109272
715,chickenwren,high_maturity,False,CLIPese,0.0,True,mature,0.88945,True,mature_readable,100,0.46239388,0.12391646,0.04415086656808853,0.02467377670109272
716,calibrglue,high_maturity,False,CLIPese,0.0,True,mature,0.41065,False,,-1,0.27199993,-0.049733616,0.04415086656808853,0.02467377670109272
717,artymosaic,high_maturity,False,CLIPese,0.0,True,mature,0.42572499999999996,False,,-1,-0.19510783,-0.18100064,0.04415086656808853,0.02467377670109272
718,blueribbon,high_maturity,False,CLIPese,0.0,True,mature,0.7769250000000001,True,mature_readable,212,0.13901295,0.15397441,0.04415086656808853,0.02467377670109272
719,banana,high_maturity,True,English,4.0,True,mature,0.36497499999999994,False,,-1,0.43950373,0.20077163,0.04415086656808853,0.02467377670109272
720,cybermaligncrystals,high_maturity,False,CLIPese,0.0,True,mature,0.42729999999999996,False,,-1,-0.067362525,-0.30802694,0.04415086656808853,0.02467377670109272
721,backthebirds,high_maturity,False,CLIPese,0.0,True,mature,0.6269750000000001,False,,-1,0.06712458,0.010105764,0.04415086656808853,0.02467377670109272
722,antenusaf,high_maturity,False,CLIPese,0.0,True,mature,0.44772500000000004,False,,-1,0.050444737,0.14029574,0.04415086656808853,0.02467377670109272
723,mandeloutfield,high_maturity,False,CLIPese,0.0,True,mature,0.7319249999999999,False,,-1,-0.06463334,0.1085675,0.04415086656808853,0.02467377670109272
724,hillarypixelart,high_maturity,False,CLIPese,0.0,True,mature,0.13635,False,,-1,-0.22895609,0.084746376,0.04415086656808853,0.02467377670109272
725,bokki,high_maturity,False,CLIPese,0.0,True,mature,0.330025,False,,-1,0.3109223,0.014999439,0.04415086656808853,0.02467377670109272
726,kaleidopollock,high_maturity,False,CLIPese,0.0,True,mature,0.29295000000000004,False,,-1,-0.15341565,0.08531499,0.04415086656808853,0.02467377670109272
727,dalmatikitten,high_maturity,False,CLIPese,0.0,True,mature,0.27885000000000004,False,,-1,-0.25007686,-0.040233586,0.04415086656808853,0.02467377670109272
728,abstrrendergopro,high_maturity,False,CLIPese,0.0,True,mature,0.20875000000000002,False,,-1,-0.21814139,-0.028611356,0.04415086656808853,0.02467377670109272
729,orangucuddle,high_maturity,False,CLIPese,0.0,True,mature,0.41475,False,,-1,0.14602941,0.3114861,0.04415086656808853,0.02467377670109272
730,bourgeocolorized,high_maturity,False,CLIPese,0.0,True,mature,0.35985,False,,-1,-0.0341881,-0.004701577,0.04415086656808853,0.02467377670109272
731,catlogo,high_maturity,False,CLIPese,0.0,True,mature,0.562075,False,,-1,0.17282097,0.0891853,0.04415086656808853,0.02467377670109272
732,birdwatch,high_maturity,True,English,1.57,True,mature,0.7527999999999999,False,,-1,0.3354471,0.100887135,0.04415086656808853,0.02467377670109272
733,foxtaxidersadness,high_maturity,False,CLIPese,0.0,True,mature,0.41325,False,,-1,-0.16255927,-0.2974714,0.04415086656808853,0.02467377670109272
734,bhutan,high_maturity,True,English,3.09,True,mature,0.736575,False,,-1,0.30775157,-0.026550042,0.04415086656808853,0.02467377670109272
735,brutalglitch,high_maturity,False,CLIPese,0.0,True,mature,0.551875,False,,-1,0.027029296,0.11117425,0.04415086656808853,0.02467377670109272
736,braziliamazon,high_maturity,False,CLIPese,0.0,True,mature,0.504275,False,,-1,-0.019432763,-0.14948258,0.04415086656808853,0.02467377670109272
737,labrapitbull,high_maturity,False,CLIPese,0.0,True,mature,0.72275,False,,-1,0.14900057,0.077460594,0.04415086656808853,0.02467377670109272
738,foxotters,high_maturity,False,CLIPese,0.0,True,mature,0.7921,True,mature_readable,163,-0.036203958,-0.12588501,0.04415086656808853,0.02467377670109272
739,feathertaxiderowls,high_maturity,False,CLIPese,0.0,True,mature,0.353475,False,,-1,-0.15234661,0.07378944,0.04415086656808853,0.02467377670109272
740,interoperchromoglitch,high_maturity,False,CLIPese,0.0,True,mature,0.22085000000000002,False,,-1,-0.19525395,-0.07931382,0.04415086656808853,0.02467377670109272
741,rohingsalmonmangrove,high_maturity,False,CLIPese,0.0,True,mature,0.47029999999999994,False,,-1,-0.20384233,0.112836055,0.04415086656808853,0.02467377670109272
742,exoplanmapmapimagery,high_maturity,False,CLIPese,0.0,True,mature,0.272625,False,,-1,-0.4000805,-0.12545624,0.04415086656808853,0.02467377670109272
743,glowmandelmustache,high_maturity,False,CLIPese,0.0,True,mature,0.538025,False,,-1,-0.12968598,-0.024900513,0.04415086656808853,0.02467377670109272
744,chromoultrasound,high_maturity,False,CLIPese,0.0,True,mature,0.7842,True,mature_readable,152,-0.31323078,-0.015546743,0.04415086656808853,0.02467377670109272
745,bubbfball,high_maturity,False,CLIPese,0.0,True,mature,0.42932499999999996,False,,-1,0.27464062,0.20227964,0.04415086656808853,0.02467377670109272
746,taxidergiraffe,high_maturity,False,CLIPese,0.0,True,mature,0.36445,False,,-1,0.041865,-0.24777856,0.04415086656808853,0.02467377670109272
747,zebrawildlifereflecting,high_maturity,False,CLIPese,0.0,True,mature,0.45105,False,,-1,-0.03307068,0.21716323,0.04415086656808853,0.02467377670109272
748,spherloaf,high_maturity,False,CLIPese,0.0,True,mature,0.645175,False,,-1,0.14255354,0.0056517283,0.04415086656808853,0.02467377670109272
749,bluepolariflybrowsing,high_maturity,False,CLIPese,0.0,True,mature,0.296675,False,,-1,-0.016491087,0.28947246,0.04415086656808853,0.02467377670109272
750,cryocryocandace,high_maturity,False,CLIPese,0.0,True,mature,0.193775,True,mature_weak,436,-0.15344897,0.10861766,0.04415086656808853,0.02467377670109272
751,chromogif,high_maturity,False,CLIPese,0.0,True,mature,0.38072500000000004,False,,-1,-0.16694961,-0.006470232,0.04415086656808853,0.02467377670109272
752,kaleidokoolgenerating,high_maturity,False,CLIPese,0.0,True,mature,0.1706,False,,-1,-0.18749584,0.230612,0.04415086656808853,0.02467377670109272
753,camouflaelephant,high_maturity,False,CLIPese,0.0,True,mature,0.27142499999999997,False,,-1,-0.13019848,-0.19771317,0.04415086656808853,0.02467377670109272
754,sphercalibrpaz,high_maturity,False,CLIPese,0.0,True,mature,0.28435,False,,-1,0.11760157,-0.014703746,0.04415086656808853,0.02467377670109272
755,appalachsimulation,high_maturity,False,CLIPese,0.0,True,mature,0.8188,True,mature_readable,103,-0.2480425,0.10434679,0.04415086656808853,0.02467377670109272
756,blindfold,high_maturity,True,English,2.8,True,mature,0.46675,False,,-1,0.3535274,-0.017418332,0.04415086656808853,0.02467377670109272
757,lymphfrog,high_maturity,False,CLIPese,0.0,True,mature,0.824075,True,mature_readable,116,-0.028248122,-0.32044655,0.04415086656808853,0.02467377670109272
758,kaleidofractal,high_maturity,False,CLIPese,0.0,True,mature,0.18595,False,,-1,-0.12939633,0.06993055,0.04415086656808853,0.02467377670109272
759,cardinalcloseup,high_maturity,False,CLIPese,0.0,True,mature,0.45635000000000003,False,,-1,-0.028370582,0.21542858,0.04415086656808853,0.02467377670109272
760,cornheap,high_maturity,False,CLIPese,0.0,True,mature,0.792775,True,mature_readable,132,-0.14533545,-0.022886548,0.04415086656808853,0.02467377670109272
761,citrotomato,high_maturity,False,CLIPese,0.0,True,mature,0.828375,True,mature_readable,125,-0.11926746,-0.12027777,0.04415086656808853,0.02467377670109272
762,birdclub,high_maturity,False,CLIPese,0.0,True,mature,0.8281750000000001,True,mature_readable,197,0.28702575,0.006173348,0.04415086656808853,0.02467377670109272
763,foxtaxiderstry,high_maturity,False,CLIPese,0.0,True,mature,0.14355,False,,-1,-0.2658756,-0.23535696,0.04415086656808853,0.02467377670109272
764,bloons,high_maturity,True,English,1.75,True,mature,0.7886500000000001,True,mature_readable,214,0.3244126,-0.07824941,0.04415086656808853,0.02467377670109272
765,chocolateday,high_maturity,False,CLIPese,0.0,True,mature,0.95285,True,mature_readable,54,0.06383729,-0.13148127,0.04415086656808853,0.02467377670109272
766,taxiderwerewolf,high_maturity,False,CLIPese,0.0,True,mature,0.39275,False,,-1,0.37912726,-0.09356308,0.04415086656808853,0.02467377670109272
767,bambi,high_maturity,True,English,2.96,True,mature,0.8610249999999999,True,mature_readable,118,0.09855619,-0.1494679,0.04415086656808853,0.02467377670109272
768,chocolat,high_maturity,True,English,2.5,True,mature,0.362275,False,,-1,0.36964524,-0.057541706,0.04415086656808853,0.02467377670109272
769,roboroborobot,high_maturity,False,CLIPese,0.0,True,mature,0.42905,False,,-1,-0.11259446,0.104783386,0.04415086656808853,0.02467377670109272
770,taxiderpiranportraits,high_maturity,False,CLIPese,0.0,True,mature,0.152325,False,,-1,-0.20782755,-0.24285783,0.04415086656808853,0.02467377670109272
771,locomospaniel,high_maturity,False,CLIPese,0.0,True,mature,0.2629,False,,-1,-0.2970498,0.036901627,0.04415086656808853,0.02467377670109272
772,chinesecropped,high_maturity,False,CLIPese,0.0,True,mature,0.56095,False,,-1,0.118266165,-0.03576667,0.04415086656808853,0.02467377670109272
773,bbcspecscrambled,high_maturity,False,CLIPese,0.0,True,mature,0.48792499999999994,False,,-1,-0.057799675,-0.17353524,0.04415086656808853,0.02467377670109272
774,sylvanian,high_maturity,True,English,1.39,True,mature,0.46157499999999996,False,,-1,-0.03264469,-0.05591804,0.04415086656808853,0.02467377670109272
775,zombispongebob,high_maturity,False,CLIPese,0.0,True,mature,0.45622500000000005,False,,-1,-0.1313371,0.20237315,0.04415086656808853,0.02467377670109272
776,utaware,high_maturity,False,CLIPese,0.0,True,mature,0.6053,False,,-1,0.2739737,0.2097957,0.04415086656808853,0.02467377670109272
777,longepsoristencil,high_maturity,False,CLIPese,0.0,True,mature,0.1222,True,mature_weak,390,-0.14772427,-0.053465266,0.04415086656808853,0.02467377670109272
778,clclips,high_maturity,False,CLIPese,0.0,True,mature,0.6602250000000001,False,,-1,0.06343703,0.14557576,0.04415086656808853,0.02467377670109272
779,anyscrambled,high_maturity,False,CLIPese,0.0,True,mature,0.8412250000000001,True,orthographic_hard,15,-0.031187922,-0.039250083,0.04415086656808853,0.02467377670109272
780,baskets,high_maturity,True,English,3.45,True,mature,0.37037499999999995,False,,-1,0.25993708,-0.18927167,0.04415086656808853,0.02467377670109272
781,akkuma,high_maturity,False,CLIPese,0.0,True,mature,0.516125,False,,-1,0.024762992,0.07545134,0.04415086656808853,0.02467377670109272
782,buccanemarine,high_maturity,False,CLIPese,0.0,True,mature,0.4554,False,,-1,-0.16654937,0.08114517,0.04415086656808853,0.02467377670109272
783,antiqubigfoot,high_maturity,False,CLIPese,0.0,True,mature,0.48387500000000006,False,,-1,-0.19482872,0.19803055,0.04415086656808853,0.02467377670109272
784,trumppgestures,high_maturity,False,CLIPese,0.0,True,mature,0.49472499999999997,False,,-1,-0.1736602,-0.055952396,0.04415086656808853,0.02467377670109272
785,minsmere,high_maturity,True,English,1.38,True,mature,0.5021,False,,-1,-0.09404351,-0.3613904,0.04415086656808853,0.02467377670109272
786,kaleidostacked,high_maturity,False,CLIPese,0.0,True,mature,0.291125,False,,-1,-0.2140056,0.07819285,0.04415086656808853,0.02467377670109272
787,quokitten,high_maturity,False,CLIPese,0.0,True,mature,0.40554999999999997,False,,-1,0.07594747,0.17324953,0.04415086656808853,0.02467377670109272
788,calibrbrightness,high_maturity,False,CLIPese,0.0,True,mature,0.388575,False,,-1,-0.14766839,-0.030675272,0.04415086656808853,0.02467377670109272
789,ctfletcher,high_maturity,False,CLIPese,0.0,True,mature,0.279375,False,,-1,-0.14606942,0.0019586186,0.04415086656808853,0.02467377670109272
790,baszler,high_maturity,True,English,1.53,True,mature,0.51045,False,,-1,0.24456504,-0.12195867,0.04415086656808853,0.02467377670109272
791,mitochondrikaleidosteampunk,high_maturity,False,CLIPese,0.0,True,mature,0.273225,False,,-1,-0.30473182,-0.0020128759,0.04415086656808853,0.02467377670109272
792,boxbrawl,high_maturity,False,CLIPese,0.0,True,mature,0.76675,True,mature_readable,210,0.033790253,0.01696132,0.04415086656808853,0.02467377670109272
793,bugatti,high_maturity,True,English,2.81,True,mature,0.8683000000000001,True,mature_readable,115,0.24007869,0.1005969,0.04415086656808853,0.02467377670109272
794,giantpixelart,high_maturity,False,CLIPese,0.0,True,mature,0.16485,False,,-1,-0.11763286,-0.101994045,0.04415086656808853,0.02467377670109272
795,goldengdistorcorruption,high_maturity,False,CLIPese,0.0,True,mature,0.415025,False,,-1,-0.22068909,0.04824298,0.04415086656808853,0.02467377670109272
796,kaleidozombiinfrared,high_maturity,False,CLIPese,0.0,True,mature,0.413675,False,,-1,-0.20223539,0.027182825,0.04415086656808853,0.02467377670109272
797,kefla,high_maturity,False,CLIPese,0.0,True,mature,0.499975,False,,-1,0.18899444,0.1309001,0.04415086656808853,0.02467377670109272
798,birdsparrow,high_maturity,False,CLIPese,0.0,True,mature,0.556625,False,,-1,0.07394734,0.055947434,0.04415086656808853,0.02467377670109272
799,jewelrypopart,high_maturity,False,CLIPese,0.0,True,mature,0.338575,False,,-1,-0.22385406,0.13300285,0.04415086656808853,0.02467377670109272
800,kaleidoresults,high_maturity,False,CLIPese,0.0,True,mature,0.23267500000000002,False,,-1,-0.027501723,-0.14285907,0.04415086656808853,0.02467377670109272
801,pheepcot,high_maturity,False,CLIPese,0.0,True,mature,0.1487,True,mature_weak,397,-0.051582117,0.107738174,0.04415086656808853,0.02467377670109272
802,copernicuav,high_maturity,False,CLIPese,0.0,True,mature,0.501425,False,,-1,0.025125766,0.2351797,0.04415086656808853,0.02467377670109272
803,creepkitty,high_maturity,False,CLIPese,0.0,True,mature,0.43875,False,,-1,0.054679103,0.01983371,0.04415086656808853,0.02467377670109272
804,reindemarkings,high_maturity,False,CLIPese,0.0,True,mature,0.22512500000000002,False,,-1,-0.22922029,-0.10251609,0.04415086656808853,0.02467377670109272
805,seagusculpture,high_maturity,False,CLIPese,0.0,True,mature,0.6970999999999999,True,fallback_fill,488,-0.04240327,0.24193732,0.04415086656808853,0.02467377670109272
806,vectorkendricklamar,high_maturity,False,CLIPese,0.0,True,mature,0.5181,False,,-1,0.13722248,-0.1939038,0.04415086656808853,0.02467377670109272
807,taxiderreindeer,high_maturity,False,CLIPese,0.0,True,mature,0.6656500000000001,False,,-1,-0.018788991,-0.27262244,0.04415086656808853,0.02467377670109272
808,shefftrees,high_maturity,False,CLIPese,0.0,True,mature,0.7371,True,mature_readable,268,0.226886,-0.20158616,0.04415086656808853,0.02467377670109272
809,hfxglitch,high_maturity,False,CLIPese,0.0,True,mature,0.19,False,,-1,-0.14459929,-0.21550982,0.04415086656808853,0.02467377670109272
810,backstreetcgi,high_maturity,False,CLIPese,0.0,True,mature,0.4917750000000001,False,,-1,0.099183306,-0.12666984,0.04415086656808853,0.02467377670109272
811,bathrobe,high_maturity,True,English,2.68,True,mature,0.502675,False,,-1,0.012522632,-0.09547778,0.04415086656808853,0.02467377670109272
812,coffeemaker,high_maturity,True,English,2.13,True,mature,0.8284250000000001,True,mature_readable,150,-0.09883198,-0.35680008,0.04415086656808853,0.02467377670109272
813,chrysanthe,high_maturity,False,CLIPese,0.0,True,mature,0.489275,False,,-1,-0.13090256,-0.13846959,0.04415086656808853,0.02467377670109272
814,halloweenwalnuts,high_maturity,False,CLIPese,0.0,True,mature,0.6126250000000001,False,,-1,0.047949426,0.3018212,0.04415086656808853,0.02467377670109272
815,gumnutcracker,high_maturity,False,CLIPese,0.0,True,mature,0.740075,True,mature_readable,273,0.2805949,-0.12712921,0.04415086656808853,0.02467377670109272
816,rottercranes,high_maturity,False,CLIPese,0.0,True,mature,0.568325,False,,-1,0.19308713,-0.006834689,0.04415086656808853,0.02467377670109272
817,lakshmirai,high_maturity,False,CLIPese,0.0,True,mature,0.20630000000000004,False,,-1,-0.0872579,-0.2539351,0.04415086656808853,0.02467377670109272
818,rashmika,high_maturity,False,CLIPese,0.0,True,mature,0.44157500000000005,False,,-1,-0.04756524,0.013252412,0.04415086656808853,0.02467377670109272
819,catumbrella,high_maturity,False,CLIPese,0.0,True,mature,0.20055,False,,-1,-0.04728886,-0.035028137,0.04415086656808853,0.02467377670109272
820,panoraustralianvhs,high_maturity,False,CLIPese,0.0,True,mature,0.5886,False,,-1,0.18437636,0.105437875,0.04415086656808853,0.02467377670109272
821,algermouse,high_maturity,False,CLIPese,0.0,True,mature,0.743175,True,mature_readable,276,-0.031133369,0.049964175,0.04415086656808853,0.02467377670109272
822,bsoazad,high_maturity,False,CLIPese,0.0,True,mature,0.368325,False,,-1,0.032969844,-0.10907458,0.04415086656808853,0.02467377670109272
823,bharattrippy,high_maturity,False,CLIPese,0.0,True,mature,0.761725,False,,-1,-0.18174028,-0.0943435,0.04415086656808853,0.02467377670109272
824,brettdalton,high_maturity,False,CLIPese,0.0,True,mature,0.4247000000000001,False,,-1,0.07635616,0.028371425,0.04415086656808853,0.02467377670109272
825,compumask,high_maturity,False,CLIPese,0.0,True,mature,0.876725,True,orthographic_hard,16,-0.090867765,-0.30574557,0.04415086656808853,0.02467377670109272
826,binoculars,high_maturity,True,English,3.1,True,mature,0.445975,False,,-1,0.06102553,0.17546828,0.04415086656808853,0.02467377670109272
827,shopkins,high_maturity,True,English,1.67,True,mature,0.49925,False,,-1,0.20916353,0.05792495,0.04415086656808853,0.02467377670109272
828,arunvijay,high_maturity,False,CLIPese,0.0,True,mature,0.42450000000000004,False,,-1,0.017988844,0.23102404,0.04415086656808853,0.02467377670109272
829,kaleidoptsd,high_maturity,False,CLIPese,0.0,True,mature,0.3194,False,,-1,-0.08169168,0.028869737,0.04415086656808853,0.02467377670109272
830,orangucolorized,high_maturity,False,CLIPese,0.0,True,mature,0.23167500000000002,False,,-1,-0.057804305,0.21980919,0.04415086656808853,0.02467377670109272
831,limergreenpeace,high_maturity,False,CLIPese,0.0,True,mature,0.6474,False,,-1,-0.24037598,-0.053843882,0.04415086656808853,0.02467377670109272
832,mandelcubes,high_maturity,False,CLIPese,0.0,True,mature,0.88155,True,orthographic_hard,4,0.08309655,-0.08605367,0.04415086656808853,0.02467377670109272
833,coralspectral,high_maturity,False,CLIPese,0.0,True,mature,0.5263,True,orthographic_hard,25,-0.017199097,0.051305037,0.04415086656808853,0.02467377670109272
834,bobcats,high_maturity,True,English,2.96,True,mature,0.784425,False,,-1,0.307642,-0.16358496,0.04415086656808853,0.02467377670109272
835,camouflasempercroissant,high_maturity,False,CLIPese,0.0,True,mature,0.236075,False,,-1,-0.2713848,0.090947025,0.04415086656808853,0.02467377670109272
836,chromorgb,high_maturity,False,CLIPese,0.0,True,mature,0.641225,False,,-1,-0.046673268,-0.3142629,0.04415086656808853,0.02467377670109272
837,pygdeer,high_maturity,False,CLIPese,0.0,True,mature,0.7384750000000001,True,mature_readable,277,0.07296315,-0.09695927,0.04415086656808853,0.02467377670109272
838,imagegilglitch,high_maturity,False,CLIPese,0.0,True,mature,0.20535,False,,-1,-0.19175406,0.061270427,0.04415086656808853,0.02467377670109272
839,servepiranfreddy,high_maturity,False,CLIPese,0.0,True,mature,0.424625,False,,-1,-0.23466249,0.02942885,0.04415086656808853,0.02467377670109272
840,augmenterepetimage,high_maturity,False,CLIPese,0.0,True,mature,0.2903,False,,-1,-0.38958305,-0.0077907727,0.04415086656808853,0.02467377670109272
841,popsicadirondchairs,high_maturity,False,CLIPese,0.0,True,mature,0.10505,False,,-1,-0.23494212,0.08598672,0.04415086656808853,0.02467377670109272
842,catcollage,high_maturity,False,CLIPese,0.0,True,mature,0.32885,False,,-1,0.031094907,-0.008570333,0.04415086656808853,0.02467377670109272
843,juddmonte,high_maturity,True,English,1.52,True,mature,0.6487999999999999,False,,-1,-0.1770936,-0.060666617,0.04415086656808853,0.02467377670109272
844,cushions,high_maturity,True,English,3.19,True,mature,0.8280000000000001,True,mature_readable,199,0.29767236,0.14503416,0.04415086656808853,0.02467377670109272
845,cyberpunks,high_maturity,False,CLIPese,0.0,True,mature,0.797275,False,,-1,-0.044049397,-0.1737319,0.04415086656808853,0.02467377670109272
846,bitscrambled,high_maturity,False,CLIPese,0.0,True,mature,0.23827499999999996,False,,-1,-0.14598887,-0.003320277,0.04415086656808853,0.02467377670109272
847,anarchiscissors,high_maturity,False,CLIPese,0.0,True,mature,0.689975,False,,-1,0.047248773,0.01768569,0.04415086656808853,0.02467377670109272
848,denosau,high_maturity,False,CLIPese,0.0,True,mature,0.7828249999999999,True,mature_readable,175,0.08126367,-0.28802156,0.04415086656808853,0.02467377670109272
849,runetaxidergallobunny,high_maturity,False,CLIPese,0.0,True,mature,0.30975,False,,-1,-0.18659286,-0.020432252,0.04415086656808853,0.02467377670109272
850,avengersendgame,high_maturity,False,CLIPese,0.0,True,mature,0.427675,False,,-1,-0.16941334,-0.0893473,0.04415086656808853,0.02467377670109272
851,andalioloisa,high_maturity,False,CLIPese,0.0,True,mature,0.4703,False,,-1,0.14924982,-0.06962605,0.04415086656808853,0.02467377670109272
852,leicemoji,high_maturity,False,CLIPese,0.0,True,mature,0.5364,False,,-1,-0.23266456,-0.040106423,0.04415086656808853,0.02467377670109272
853,katiecassidy,high_maturity,False,CLIPese,0.0,True,mature,0.29435,False,,-1,0.15743467,-0.060855094,0.04415086656808853,0.02467377670109272
854,orangusentinsentinbarista,high_maturity,False,CLIPese,0.0,True,mature,0.17872500000000002,False,,-1,0.05257173,0.0014990616,0.04415086656808853,0.02467377670109272
855,zarkorel,high_maturity,False,CLIPese,0.0,True,mature,0.33730000000000004,False,,-1,0.18600333,-0.22593908,0.04415086656808853,0.02467377670109272
856,catlabelled,high_maturity,False,CLIPese,0.0,True,mature,0.330475,False,,-1,0.30804816,0.20755358,0.04415086656808853,0.02467377670109272
857,adoplabrador,high_maturity,False,CLIPese,0.0,True,mature,0.59,False,,-1,-0.15790516,0.060129177,0.04415086656808853,0.02467377670109272
858,calibrselecting,high_maturity,False,CLIPese,0.0,True,mature,0.5602750000000001,False,,-1,0.08666383,0.048879877,0.04415086656808853,0.02467377670109272
859,crystpng,high_maturity,False,CLIPese,0.0,True,mature,0.720725,True,mature_readable,227,0.14975151,-0.14991298,0.04415086656808853,0.02467377670109272
860,kortajarena,high_maturity,False,CLIPese,0.0,True,mature,0.20205,True,mature_weak,443,-0.20322822,0.052782387,0.04415086656808853,0.02467377670109272
861,madhurigradepilsner,high_maturity,False,CLIPese,0.0,True,mature,0.509875,False,,-1,-0.22988753,0.12148637,0.04415086656808853,0.02467377670109272
862,blurmonochrome,high_maturity,False,CLIPese,0.0,True,mature,0.162525,True,mature_weak,426,-0.2931446,0.10193689,0.04415086656808853,0.02467377670109272
863,mariozaynmalik,high_maturity,False,CLIPese,0.0,True,mature,0.3878,False,,-1,0.20414624,-0.24669506,0.04415086656808853,0.02467377670109272
864,beckyg,high_maturity,False,CLIPese,0.0,True,mature,0.719325,False,,-1,0.0148758385,0.031130938,0.04415086656808853,0.02467377670109272
865,shkapoor,high_maturity,False,CLIPese,0.0,True,mature,0.5521,False,,-1,0.013693863,0.07052747,0.04415086656808853,0.02467377670109272
866,griffintaxiderphl,high_maturity,False,CLIPese,0.0,True,mature,0.087975,False,,-1,-0.15318522,-0.23206712,0.04415086656808853,0.02467377670109272
867,jonathanrhysme,high_maturity,False,CLIPese,0.0,True,mature,0.26780000000000004,False,,-1,-0.27953717,-0.07138563,0.04415086656808853,0.02467377670109272
868,africbigfoot,high_maturity,False,CLIPese,0.0,True,mature,0.6326499999999999,False,,-1,0.12187623,0.13906604,0.04415086656808853,0.02467377670109272
869,tuxwhischibi,high_maturity,False,CLIPese,0.0,True,mature,0.23832499999999998,False,,-1,0.08588569,0.091660626,0.04415086656808853,0.02467377670109272
870,chromoclouds,high_maturity,False,CLIPese,0.0,True,mature,0.41190000000000004,False,,-1,-0.23733842,-0.055369068,0.04415086656808853,0.02467377670109272
871,buteo,high_maturity,True,English,1.63,True,mature,0.829975,True,mature_readable,137,0.19536868,0.17009848,0.04415086656808853,0.02467377670109272
872,pizzmattel,high_maturity,False,CLIPese,0.0,True,mature,0.7029749999999999,False,,-1,0.22852384,-0.10716527,0.04415086656808853,0.02467377670109272
873,loafpurrmulticcube,high_maturity,False,CLIPese,0.0,True,mature,0.564075,False,,-1,-0.17346756,0.24688108,0.04415086656808853,0.02467377670109272
874,aviationgermany,high_maturity,False,CLIPese,0.0,True,mature,0.689175,False,,-1,-0.18647799,0.11702447,0.04415086656808853,0.02467377670109272
875,calibrarbitrfbi,high_maturity,False,CLIPese,0.0,True,mature,0.593775,False,,-1,-0.21608436,0.060905494,0.04415086656808853,0.02467377670109272
876,climbpaws,high_maturity,False,CLIPese,0.0,True,mature,0.751575,True,mature_readable,207,0.11513032,0.04610178,0.04415086656808853,0.02467377670109272
877,zubanski,high_maturity,False,CLIPese,0.0,True,mature,0.37905,False,,-1,0.05463967,0.055008788,0.04415086656808853,0.02467377670109272
878,crystalliknitting,high_maturity,False,CLIPese,0.0,True,mature,0.343925,False,,-1,-0.12235475,0.030348709,0.04415086656808853,0.02467377670109272
879,kaleidoportal,high_maturity,False,CLIPese,0.0,True,mature,0.20999999999999996,False,,-1,-0.063271984,0.15434568,0.04415086656808853,0.02467377670109272
880,catpillow,high_maturity,False,CLIPese,0.0,True,mature,0.7623000000000001,True,mature_readable,261,0.19082166,0.19146354,0.04415086656808853,0.02467377670109272
881,churcheshour,high_maturity,False,CLIPese,0.0,True,mature,0.73955,True,mature_readable,249,0.020955293,-0.10190378,0.04415086656808853,0.02467377670109272
882,tegu,high_maturity,True,English,1.5,True,mature,0.7462250000000001,False,,-1,0.16980164,0.05978319,0.04415086656808853,0.02467377670109272
883,bulbas,high_maturity,False,CLIPese,0.0,True,mature,0.87195,True,mature_readable,110,0.3157401,0.12360997,0.04415086656808853,0.02467377670109272
884,azadimarch,high_maturity,False,CLIPese,0.0,True,mature,0.625275,False,,-1,-0.09911202,5.7037556e-05,0.04415086656808853,0.02467377670109272
885,adventcalendar,high_maturity,False,CLIPese,0.0,True,mature,0.646575,False,,-1,0.20931579,-0.015509058,0.04415086656808853,0.02467377670109272
886,methylmathematrender,high_maturity,False,CLIPese,0.0,True,mature,0.34305,False,,-1,-0.28600746,-0.123803325,0.04415086656808853,0.02467377670109272
887,calibrspeaker,high_maturity,False,CLIPese,0.0,True,mature,0.49824999999999997,False,,-1,-0.1146269,0.12622918,0.04415086656808853,0.02467377670109272
888,interopergogh,high_maturity,False,CLIPese,0.0,True,mature,0.46,False,,-1,-0.08415837,-0.0110170655,0.04415086656808853,0.02467377670109272
889,nascarpixelart,high_maturity,False,CLIPese,0.0,True,mature,0.127925,False,,-1,-0.13915446,-0.112823464,0.04415086656808853,0.02467377670109272
890,kaleidochatbots,high_maturity,False,CLIPese,0.0,True,mature,0.4772,False,,-1,-0.08459644,0.0061237807,0.04415086656808853,0.02467377670109272
891,michelinguide,high_maturity,False,CLIPese,0.0,True,mature,0.27194999999999997,False,,-1,-0.10573125,-0.12767301,0.04415086656808853,0.02467377670109272
892,bitcrystplot,high_maturity,False,CLIPese,0.0,True,mature,0.32835000000000003,False,,-1,-0.13478176,-0.07680043,0.04415086656808853,0.02467377670109272
893,autiepilepsy,high_maturity,False,CLIPese,0.0,True,mature,0.3948,False,,-1,0.10331941,0.063467495,0.04415086656808853,0.02467377670109272
894,taxidersculptures,high_maturity,False,CLIPese,0.0,True,mature,0.1328,False,,-1,-0.1639751,-0.16148092,0.04415086656808853,0.02467377670109272
895,coffeehour,high_maturity,False,CLIPese,0.0,True,mature,0.7911250000000001,False,,-1,0.2132063,-0.11904329,0.04415086656808853,0.02467377670109272
896,sockdeteriorchimney,high_maturity,False,CLIPese,0.0,True,mature,0.411975,False,,-1,-0.013493325,-0.22447948,0.04415086656808853,0.02467377670109272
897,cartoonpolka,high_maturity,False,CLIPese,0.0,True,mature,0.424825,False,,-1,-0.06270201,-0.023307145,0.04415086656808853,0.02467377670109272
898,orangurooster,high_maturity,False,CLIPese,0.0,True,mature,0.28535,False,,-1,-0.17433885,0.26591113,0.04415086656808853,0.02467377670109272
899,britibatman,high_maturity,False,CLIPese,0.0,True,mature,0.5638,False,,-1,-0.13851,-0.040719464,0.04415086656808853,0.02467377670109272
900,canola,high_maturity,True,English,2.74,True,mature,0.87035,True,mature_readable,173,0.10639134,-0.15389138,0.04415086656808853,0.02467377670109272
901,sevelcollie,high_maturity,False,CLIPese,0.0,True,mature,0.37234999999999996,False,,-1,0.32842818,0.25592843,0.04415086656808853,0.02467377670109272
902,taxiderspinostare,high_maturity,False,CLIPese,0.0,True,mature,0.08157500000000001,False,,-1,-0.1660457,-0.18826273,0.04415086656808853,0.02467377670109272
903,adjuzebra,high_maturity,False,CLIPese,0.0,True,mature,0.264,False,,-1,0.05401324,0.083833985,0.04415086656808853,0.02467377670109272
904,aberdeencentri,high_maturity,False,CLIPese,0.0,True,mature,0.5557749999999999,False,,-1,0.16400716,-0.047212914,0.04415086656808853,0.02467377670109272
905,configurdonut,high_maturity,False,CLIPese,0.0,True,mature,0.8402000000000001,True,mature_readable,109,0.16615717,0.23554894,0.04415086656808853,0.02467377670109272
906,spookaleidoretarmicroscopy,high_maturity,False,CLIPese,0.0,True,mature,0.137875,False,,-1,-0.37138012,0.035968766,0.04415086656808853,0.02467377670109272
907,falkgregorwolfoscars,high_maturity,False,CLIPese,0.0,True,mature,0.45802499999999996,False,,-1,-0.26829368,0.12498055,0.04415086656808853,0.02467377670109272
908,crystalligenerative,high_maturity,False,CLIPese,0.0,True,mature,0.13757499999999998,False,,-1,-0.23953182,-0.03157125,0.04415086656808853,0.02467377670109272
909,bitimagespectral,high_maturity,False,CLIPese,0.0,True,mature,0.37177499999999997,False,,-1,-0.29466662,0.030565988,0.04415086656808853,0.02467377670109272
910,bloodywasher,high_maturity,False,CLIPese,0.0,True,mature,0.597425,False,,-1,-0.09487783,0.14341787,0.04415086656808853,0.02467377670109272
911,dinosawallpapers,high_maturity,False,CLIPese,0.0,True,mature,0.25117500000000004,False,,-1,-0.00081901177,0.22019042,0.04415086656808853,0.02467377670109272
912,bbcscanned,high_maturity,False,CLIPese,0.0,True,mature,0.506175,False,,-1,0.0073479936,0.033420764,0.04415086656808853,0.02467377670109272
913,turbulmosaic,high_maturity,False,CLIPese,0.0,True,mature,0.39787500000000003,False,,-1,-0.008620884,-0.17005977,0.04415086656808853,0.02467377670109272
914,trusttowbars,high_maturity,False,CLIPese,0.0,True,mature,0.14237499999999997,True,mature_weak,406,0.27394012,0.01670305,0.04415086656808853,0.02467377670109272
915,btsxfortnite,high_maturity,False,CLIPese,0.0,True,mature,0.5097499999999999,False,,-1,0.039574753,-0.15701033,0.04415086656808853,0.02467377670109272
916,anatomfingers,high_maturity,False,CLIPese,0.0,True,mature,0.8562250000000001,True,orthographic_hard,48,-0.16841638,-0.19469877,0.04415086656808853,0.02467377670109272
917,willydigitalart,high_maturity,False,CLIPese,0.0,True,mature,0.04925,True,mature_weak,434,-0.31452727,0.1271338,0.04415086656808853,0.02467377670109272
918,christmaglobe,high_maturity,False,CLIPese,0.0,True,mature,0.356675,False,,-1,-0.079235904,-0.24576825,0.04415086656808853,0.02467377670109272
919,bubbwarp,high_maturity,False,CLIPese,0.0,True,mature,0.67935,False,,-1,0.2569177,0.2757783,0.04415086656808853,0.02467377670109272
920,taxiderfigfoxy,high_maturity,False,CLIPese,0.0,True,mature,0.18164999999999998,False,,-1,-0.1963378,-0.24455784,0.04415086656808853,0.02467377670109272
921,brutalbeetle,high_maturity,False,CLIPese,0.0,True,mature,0.6455,False,,-1,0.12044144,-0.039666552,0.04415086656808853,0.02467377670109272
922,satellchihuahua,high_maturity,False,CLIPese,0.0,True,mature,0.599925,False,,-1,0.09656049,0.0025352158,0.04415086656808853,0.02467377670109272
923,bitmeasles,high_maturity,False,CLIPese,0.0,True,mature,0.6458499999999999,False,,-1,-0.06224858,-0.03879525,0.04415086656808853,0.02467377670109272
924,mandelwatercolor,high_maturity,False,CLIPese,0.0,True,mature,0.3654,False,,-1,-0.08299696,-0.123636946,0.04415086656808853,0.02467377670109272
925,anabhumidiadapter,high_maturity,False,CLIPese,0.0,True,mature,0.4609,False,,-1,-0.20199671,0.2472826,0.04415086656808853,0.02467377670109272
926,museodel,high_maturity,False,CLIPese,0.0,True,mature,0.4377,False,,-1,0.066696964,0.16423574,0.04415086656808853,0.02467377670109272
927,mandelpixels,high_maturity,False,CLIPese,0.0,True,mature,0.22975,False,,-1,-0.25998658,-0.028094009,0.04415086656808853,0.02467377670109272
928,iphonewarhol,high_maturity,False,CLIPese,0.0,True,mature,0.7511000000000001,True,mature_readable,252,0.28446415,0.24163292,0.04415086656808853,0.02467377670109272
929,albatgalveston,high_maturity,False,CLIPese,0.0,True,mature,0.442225,False,,-1,-0.0054287408,0.087491855,0.04415086656808853,0.02467377670109272
930,clawjug,high_maturity,False,CLIPese,0.0,True,mature,0.7409749999999999,True,mature_readable,225,0.088834085,0.16526149,0.04415086656808853,0.02467377670109272
931,basketof,high_maturity,False,CLIPese,0.0,True,mature,0.7664,False,,-1,0.3097159,0.04737164,0.04415086656808853,0.02467377670109272
932,christmamessi,high_maturity,False,CLIPese,0.0,True,mature,0.634975,False,,-1,-0.1394666,-0.15462625,0.04415086656808853,0.02467377670109272
933,ploughreservmagpie,high_maturity,False,CLIPese,0.0,True,mature,0.2367,False,,-1,-0.25248167,0.12318108,0.04415086656808853,0.02467377670109272
934,taxiderbat,high_maturity,False,CLIPese,0.0,True,mature,0.5332250000000001,False,,-1,0.09107717,-0.41257071,0.04415086656808853,0.02467377670109272
935,sityimagenoise,high_maturity,False,CLIPese,0.0,True,mature,0.062725,True,mature_weak,384,-0.20148298,-0.030038588,0.04415086656808853,0.02467377670109272
936,deancain,high_maturity,False,CLIPese,0.0,True,mature,0.8855,True,mature_readable,97,0.057927754,0.07782468,0.04415086656808853,0.02467377670109272
937,dumbwaiter,high_maturity,True,English,1.78,True,mature,0.47487500000000005,False,,-1,-0.00425259,0.091658965,0.04415086656808853,0.02467377670109272
938,duffdachshund,high_maturity,False,CLIPese,0.0,True,mature,0.32815000000000005,False,,-1,-0.12187097,0.19913189,0.04415086656808853,0.02467377670109272
939,braincircuits,high_maturity,False,CLIPese,0.0,True,mature,0.60585,False,,-1,-0.085178725,-0.14861555,0.04415086656808853,0.02467377670109272
940,bunplatz,high_maturity,False,CLIPese,0.0,True,mature,0.694725,False,,-1,0.2557962,-0.09707486,0.04415086656808853,0.02467377670109272
941,calibrtiff,high_maturity,False,CLIPese,0.0,True,mature,0.43365000000000004,False,,-1,0.057975195,0.08781886,0.04415086656808853,0.02467377670109272
942,pyggoat,high_maturity,False,CLIPese,0.0,True,mature,0.6359,False,,-1,-0.020183394,0.25228575,0.04415086656808853,0.02467377670109272
943,mandelpollock,high_maturity,False,CLIPese,0.0,True,mature,0.295675,False,,-1,-0.041786514,-0.12503216,0.04415086656808853,0.02467377670109272
944,backstreetgenerator,high_maturity,False,CLIPese,0.0,True,mature,0.561625,False,,-1,-0.20142329,0.010846362,0.04415086656808853,0.02467377670109272
945,kaleidozombimedusa,high_maturity,False,CLIPese,0.0,True,mature,0.232625,False,,-1,-0.3059547,0.106952906,0.04415086656808853,0.02467377670109272
946,thonknaubergkin,high_maturity,False,CLIPese,0.0,True,mature,0.154625,False,,-1,-0.1600731,0.27047008,0.04415086656808853,0.02467377670109272
947,crystplot,high_maturity,False,CLIPese,0.0,True,mature,0.50175,False,,-1,0.0517501,-0.052146714,0.04415086656808853,0.02467377670109272
948,louboutchicks,high_maturity,False,CLIPese,0.0,True,mature,0.512275,False,,-1,-0.152252,0.08166503,0.04415086656808853,0.02467377670109272
949,mandeldistormicroscopy,high_maturity,False,CLIPese,0.0,True,mature,0.225225,False,,-1,-0.19080089,-0.13924134,0.04415086656808853,0.02467377670109272
950,calliglitch,high_maturity,False,CLIPese,0.0,True,mature,0.48317499999999997,False,,-1,-0.055636697,0.2458328,0.04415086656808853,0.02467377670109272
951,manjaro,high_maturity,True,English,1.54,True,mature,0.60755,False,,-1,0.028855132,-0.16203766,0.04415086656808853,0.02467377670109272
952,bunnyhorse,high_maturity,False,CLIPese,0.0,True,mature,0.77345,True,mature_readable,221,0.22389726,-0.034909874,0.04415086656808853,0.02467377670109272
953,kaleidosprouts,high_maturity,False,CLIPese,0.0,True,mature,0.46172500000000005,False,,-1,-0.108740956,0.03810161,0.04415086656808853,0.02467377670109272
954,ophysafarilive,high_maturity,False,CLIPese,0.0,True,mature,0.13212500000000002,False,,-1,-0.09899708,0.008961095,0.04415086656808853,0.02467377670109272
955,eucalypautumnal,high_maturity,False,CLIPese,0.0,True,mature,0.355225,False,,-1,-0.18099609,0.25124234,0.04415086656808853,0.02467377670109272
956,bicondova,high_maturity,True,English,1.23,True,mature,0.48910000000000003,False,,-1,0.073514864,0.34305963,0.04415086656808853,0.02467377670109272
957,blurgopro,high_maturity,False,CLIPese,0.0,True,mature,0.51565,False,,-1,-0.09564706,0.123020455,0.04415086656808853,0.02467377670109272
958,pixelfracroblox,high_maturity,False,CLIPese,0.0,True,mature,0.278275,False,,-1,0.14699996,-0.17273426,0.04415086656808853,0.02467377670109272
959,webcamantigua,high_maturity,False,CLIPese,0.0,True,mature,0.273275,False,,-1,-0.16143972,0.31782386,0.04415086656808853,0.02467377670109272
960,visualaugmenteshark,high_maturity,False,CLIPese,0.0,True,mature,0.393675,False,,-1,-0.29501885,0.044755895,0.04415086656808853,0.02467377670109272
961,canadas,high_maturity,True,English,2.15,True,mature,0.512,False,,-1,0.15366702,-0.17221728,0.04415086656808853,0.02467377670109272
962,taxiderchievllama,high_maturity,False,CLIPese,0.0,True,mature,0.3474,False,,-1,-0.24252437,-0.17292796,0.04415086656808853,0.02467377670109272
963,pygboerformations,high_maturity,False,CLIPese,0.0,True,mature,0.32627500000000004,False,,-1,0.005220132,0.053102206,0.04415086656808853,0.02467377670109272
964,bonebombs,high_maturity,False,CLIPese,0.0,True,mature,0.8820749999999999,True,mature_readable,122,0.2313101,-0.41537404,0.04415086656808853,0.02467377670109272
965,haunnebula,high_maturity,False,CLIPese,0.0,True,mature,0.769275,True,mature_readable,216,0.028435124,0.2725959,0.04415086656808853,0.02467377670109272
966,kaleidodigitalart,high_maturity,False,CLIPese,0.0,True,mature,0.0242,True,mature_weak,368,-0.25956804,0.08529083,0.04415086656808853,0.02467377670109272
967,beckylynch,high_maturity,False,CLIPese,0.0,True,mature,0.416825,False,,-1,-0.03269937,-0.065422,0.04415086656808853,0.02467377670109272
968,louboutlatex,high_maturity,False,CLIPese,0.0,True,mature,0.11405000000000001,True,mature_weak,392,-0.12648556,0.030205542,0.04415086656808853,0.02467377670109272
969,nocchi,high_maturity,False,CLIPese,0.0,True,mature,0.22857500000000003,False,,-1,0.047013164,-0.032616027,0.04415086656808853,0.02467377670109272
970,colordisintegrmeasles,high_maturity,False,CLIPese,0.0,True,mature,0.40762499999999996,False,,-1,-0.21925612,0.019141607,0.04415086656808853,0.02467377670109272
971,slurcorn,high_maturity,False,CLIPese,0.0,True,mature,0.464225,False,,-1,0.08918848,0.22105876,0.04415086656808853,0.02467377670109272
972,montessgauge,high_maturity,False,CLIPese,0.0,True,mature,0.45375,False,,-1,-0.21717687,0.005642681,0.04415086656808853,0.02467377670109272
973,sagittsafarilive,high_maturity,False,CLIPese,0.0,True,mature,0.201775,False,,-1,0.04977715,-0.03094143,0.04415086656808853,0.02467377670109272
974,bunmotto,high_maturity,False,CLIPese,0.0,True,mature,0.6681,False,,-1,-0.10546156,0.069760606,0.04415086656808853,0.02467377670109272
975,canadaday,high_maturity,False,CLIPese,0.0,True,mature,0.49712500000000004,False,,-1,0.04376177,0.041616302,0.04415086656808853,0.02467377670109272
976,atosaurus,high_maturity,False,CLIPese,0.0,True,mature,0.5765750000000001,False,,-1,-0.028320532,0.087445624,0.04415086656808853,0.02467377670109272
977,bbcbratcompression,high_maturity,False,CLIPese,0.0,True,mature,0.455075,False,,-1,-0.26905486,-0.061802626,0.04415086656808853,0.02467377670109272
978,christmamural,high_maturity,False,CLIPese,0.0,True,mature,0.35555000000000003,False,,-1,-0.21014218,-0.15677164,0.04415086656808853,0.02467377670109272
979,panordigitalart,high_maturity,False,CLIPese,0.0,True,mature,0.122775,False,,-1,-0.2760464,0.11796901,0.04415086656808853,0.02467377670109272
980,cufflink,high_maturity,True,English,1.69,True,mature,0.66255,False,,-1,0.21069627,0.05651709,0.04415086656808853,0.02467377670109272
981,clipclip,high_maturity,False,CLIPese,0.0,True,mature,0.302825,False,,-1,-0.042207785,0.010758225,0.04415086656808853,0.02467377670109272
982,taxiderrabbits,high_maturity,False,CLIPese,0.0,True,mature,0.5099499999999999,False,,-1,-0.1643859,-0.14582892,0.04415086656808853,0.02467377670109272
983,fracroblopixels,high_maturity,False,CLIPese,0.0,True,mature,0.348025,False,,-1,-0.12621304,-0.089568175,0.04415086656808853,0.02467377670109272
984,birdhouse,high_maturity,True,English,2.32,True,mature,0.561175,False,,-1,0.164197,0.20850916,0.04415086656808853,0.02467377670109272
985,kaleidopete,high_maturity,False,CLIPese,0.0,True,mature,0.32839999999999997,False,,-1,-0.17833562,0.11350952,0.04415086656808853,0.02467377670109272
986,bubbleimage,high_maturity,False,CLIPese,0.0,True,mature,0.3638,False,,-1,0.0037156465,0.18380676,0.04415086656808853,0.02467377670109272
987,easternbridgseleccardigan,high_maturity,False,CLIPese,0.0,True,mature,0.44677500000000003,False,,-1,-0.123662055,0.14967564,0.04415086656808853,0.02467377670109272
988,imagenoise,high_maturity,False,CLIPese,0.0,True,mature,0.2626,False,,-1,-0.13425925,-0.10352354,0.04415086656808853,0.02467377670109272
989,puppmightywentworth,high_maturity,False,CLIPese,0.0,True,mature,0.31079999999999997,False,,-1,-0.1632346,0.3079766,0.04415086656808853,0.02467377670109272
990,mandelchromatic,high_maturity,False,CLIPese,0.0,True,mature,0.49004999999999993,False,,-1,-0.293446,-0.24167502,0.04415086656808853,0.02467377670109272
991,dalmatimammal,high_maturity,False,CLIPese,0.0,True,mature,0.2388,False,,-1,-0.3338133,-0.09832524,0.04415086656808853,0.02467377670109272
992,piecehall,high_maturity,False,CLIPese,0.0,True,mature,0.4222,False,,-1,0.20155413,0.093558505,0.04415086656808853,0.02467377670109272
993,chinesecommunist,high_maturity,False,CLIPese,0.0,True,mature,0.689125,False,,-1,-0.25894687,-0.11202091,0.04415086656808853,0.02467377670109272
994,artyalgorithm,high_maturity,False,CLIPese,0.0,True,mature,0.29925,False,,-1,-0.32603505,-0.06869185,0.04415086656808853,0.02467377670109272
995,lasagelengmicroscope,high_maturity,False,CLIPese,0.0,True,mature,0.49835,False,,-1,-0.29381916,0.22892113,0.04415086656808853,0.02467377670109272
996,bridgpixels,high_maturity,False,CLIPese,0.0,True,mature,0.40142500000000003,False,,-1,-0.045902487,-0.09343396,0.04415086656808853,0.02467377670109272
997,alyssdigitalart,high_maturity,False,CLIPese,0.0,True,mature,0.19565,False,,-1,-0.2343657,0.059833124,0.04415086656808853,0.02467377670109272
998,cilantro,high_maturity,True,English,2.89,True,mature,0.546925,False,,-1,0.22618395,0.022309953,0.04415086656808853,0.02467377670109272
999,kaleidopixels,high_maturity,False,CLIPese,0.0,True,mature,0.08775,False,,-1,-0.24294692,0.16435984,0.04415086656808853,0.02467377670109272
1000,coogs,high_maturity,True,English,1.11,True,mature,0.209125,False,,-1,0.30842003,0.15746611,0.04415086656808853,0.02467377670109272
1001,abstrexploexpirmonet,high_maturity,False,CLIPese,0.0,True,mature,0.30374999999999996,False,,-1,0.0054665953,-0.34546256,0.04415086656808853,0.02467377670109272
1002,runemaraulynx,high_maturity,False,CLIPese,0.0,True,mature,0.29335,False,,-1,-0.21566951,-0.12937166,0.04415086656808853,0.02467377670109272
1003,anatomveins,high_maturity,False,CLIPese,0.0,True,mature,0.708325,True,orthographic_hard,49,0.06374873,0.038684055,0.04415086656808853,0.02467377670109272
1004,cranes,high_maturity,True,English,3.33,True,mature,0.792325,True,orthographic_hard,26,0.12716527,-0.20859002,0.04415086656808853,0.02467377670109272
1005,acrobjump,high_maturity,False,CLIPese,0.0,True,mature,0.798775,True,mature_readable,193,-0.011781106,-0.3595219,0.04415086656808853,0.02467377670109272
1006,bestofrainbowrandom,high_maturity,False,CLIPese,0.0,True,mature,0.39202499999999996,False,,-1,-0.09480221,0.0633119,0.04415086656808853,0.02467377670109272
1007,nanopspherkeef,high_maturity,False,CLIPese,0.0,True,mature,0.5521750000000001,False,,-1,-0.09046992,-0.061609812,0.04415086656808853,0.02467377670109272
1008,rounbabymetal,high_maturity,False,CLIPese,0.0,True,mature,0.3719,False,,-1,-0.20248418,-0.06275372,0.04415086656808853,0.02467377670109272
1009,crystcrayon,high_maturity,False,CLIPese,0.0,True,mature,0.581175,False,,-1,0.17410989,-0.18556489,0.04415086656808853,0.02467377670109272
1010,bikelife,high_maturity,False,CLIPese,0.0,True,mature,0.33092499999999997,False,,-1,0.18649288,-0.01816622,0.04415086656808853,0.02467377670109272
1011,owlhyacinavian,high_maturity,False,CLIPese,0.0,True,mature,0.429525,False,,-1,0.1565908,0.19265875,0.04415086656808853,0.02467377670109272
1012,kaleidosurrealism,high_maturity,False,CLIPese,0.0,True,mature,0.24575000000000002,False,,-1,-0.17191063,0.11280873,0.04415086656808853,0.02467377670109272
1013,tuxbulldog,high_maturity,False,CLIPese,0.0,True,mature,0.64805,False,,-1,0.07178838,0.05076153,0.04415086656808853,0.02467377670109272
1014,spiderposing,high_maturity,False,CLIPese,0.0,True,mature,0.6655,False,,-1,-0.08518341,0.20971088,0.04415086656808853,0.02467377670109272
1015,calibrpixels,high_maturity,False,CLIPese,0.0,True,mature,0.284075,False,,-1,-0.19648933,-0.067880265,0.04415086656808853,0.02467377670109272
1016,blackcosplay,high_maturity,False,CLIPese,0.0,True,mature,0.49422499999999997,False,,-1,0.1695737,-0.08408613,0.04415086656808853,0.02467377670109272
1017,calibrpixel,high_maturity,False,CLIPese,0.0,True,mature,0.22435000000000002,False,,-1,-0.0520232,-0.10554768,0.04415086656808853,0.02467377670109272
1018,acycling,high_maturity,False,CLIPese,0.0,True,mature,0.808175,True,orthographic_hard,23,0.10813715,-0.16331385,0.04415086656808853,0.02467377670109272
1019,doortwickdoorghead,high_maturity,False,CLIPese,0.0,True,mature,0.452475,False,,-1,0.027056394,-0.016570833,0.04415086656808853,0.02467377670109272
1020,sonnybrushing,high_maturity,False,CLIPese,0.0,True,mature,0.8930750000000001,True,mature_readable,87,-0.19689535,0.008193767,0.04415086656808853,0.02467377670109272
1021,loafpersian,high_maturity,False,CLIPese,0.0,True,mature,0.677875,False,,-1,-0.056284342,-0.19039011,0.04415086656808853,0.02467377670109272
1022,imagefuzzpepe,high_maturity,False,CLIPese,0.0,True,mature,0.45772500000000005,False,,-1,-0.31570143,0.11257236,0.04415086656808853,0.02467377670109272
1023,chromobishue,high_maturity,False,CLIPese,0.0,True,mature,0.52435,False,,-1,-0.16678895,-0.0528441,0.04415086656808853,0.02467377670109272
1024,chiranjeevi,high_maturity,True,English,1.98,True,mature,0.518425,False,,-1,0.31455696,-0.13153276,0.04415086656808853,0.02467377670109272
1025,carriages,high_maturity,True,English,3.37,True,mature,0.841175,True,mature_readable,172,0.012310753,0.2046908,0.04415086656808853,0.02467377670109272
1026,bogota,high_maturity,True,English,2.9,True,mature,0.7501,False,,-1,0.042227,-0.002331881,0.04415086656808853,0.02467377670109272
1027,taxiderglufoxtele,high_maturity,False,CLIPese,0.0,True,mature,0.136725,False,,-1,-0.24063578,0.01702961,0.04415086656808853,0.02467377670109272
1028,codyseaworld,high_maturity,False,CLIPese,0.0,True,mature,0.8941,True,mature_readable,93,0.0967939,0.08353395,0.04415086656808853,0.02467377670109272
1029,bobcsharkweek,high_maturity,False,CLIPese,0.0,True,mature,0.823275,True,orthographic_hard,21,0.070640005,0.22502646,0.04415086656808853,0.02467377670109272
1030,mileypixar,high_maturity,False,CLIPese,0.0,True,mature,0.47435000000000005,False,,-1,-0.21455202,-0.25561258,0.04415086656808853,0.02467377670109272
1031,copernicuse,high_maturity,False,CLIPese,0.0,True,mature,0.520425,False,,-1,0.013820555,-0.029114302,0.04415086656808853,0.02467377670109272
1032,chromoradiation,high_maturity,False,CLIPese,0.0,True,mature,0.46549999999999997,False,,-1,-0.12028047,-0.24104457,0.04415086656808853,0.02467377670109272
1033,beverlogoraspberrymock,high_maturity,False,CLIPese,0.0,True,mature,0.85075,True,mature_readable,146,-0.18955451,-0.07326581,0.04415086656808853,0.02467377670109272
1034,colourestimgraph,high_maturity,False,CLIPese,0.0,True,mature,0.030725000000000002,True,mature_weak,381,-0.26936284,0.20271607,0.04415086656808853,0.02467377670109272
1035,puppyoreo,high_maturity,False,CLIPese,0.0,True,mature,0.7110000000000001,False,,-1,-0.014973763,0.06893095,0.04415086656808853,0.02467377670109272
1036,kaleidosimulation,high_maturity,False,CLIPese,0.0,True,mature,0.29279999999999995,False,,-1,-0.14525864,0.07264543,0.04415086656808853,0.02467377670109272
1037,duckchihuahua,high_maturity,False,CLIPese,0.0,True,mature,0.6330500000000001,False,,-1,0.025968982,0.35191128,0.04415086656808853,0.02467377670109272
1038,arthrelephant,high_maturity,False,CLIPese,0.0,True,mature,0.5776749999999999,False,,-1,-0.15151553,0.1847513,0.04415086656808853,0.02467377670109272
1039,kaleidosweetie,high_maturity,False,CLIPese,0.0,True,mature,0.4181,False,,-1,-0.035039887,0.09742761,0.04415086656808853,0.02467377670109272
1040,azerbai,high_maturity,False,CLIPese,0.0,True,mature,0.249,False,,-1,0.03752733,-0.05679245,0.04415086656808853,0.02467377670109272
1041,calamari,high_maturity,True,English,2.57,True,mature,0.29952500000000004,False,,-1,-0.10179848,-0.23897696,0.04415086656808853,0.02467377670109272
1042,louboutfertilicord,high_maturity,False,CLIPese,0.0,True,mature,0.443175,False,,-1,-0.11092514,0.20155327,0.04415086656808853,0.02467377670109272
1043,calibrcompression,high_maturity,False,CLIPese,0.0,True,mature,0.29055,False,,-1,-0.12511745,-0.07302378,0.04415086656808853,0.02467377670109272
1044,slimbridge,high_maturity,True,English,1.58,True,mature,0.552025,False,,-1,-0.13450819,0.0057870466,0.04415086656808853,0.02467377670109272
1045,kaleidoembroidefineartamerica,high_maturity,False,CLIPese,0.0,True,mature,0.026400000000000003,True,mature_weak,417,-0.30590007,-0.043478057,0.04415086656808853,0.02467377670109272
1046,crystcrystneural,high_maturity,False,CLIPese,0.0,True,mature,0.15952500000000003,False,,-1,-0.24706851,-0.07233022,0.04415086656808853,0.02467377670109272
1047,cornbread,high_maturity,True,English,2.72,True,mature,0.758775,False,,-1,0.029893486,-0.27924535,0.04415086656808853,0.02467377670109272
1048,dubaiprairiperched,high_maturity,False,CLIPese,0.0,True,mature,0.515275,False,,-1,-0.21956338,0.18876125,0.04415086656808853,0.02467377670109272
1049,penduballs,high_maturity,False,CLIPese,0.0,True,mature,0.7134,True,fallback_fill,489,0.11239955,0.16590278,0.04415086656808853,0.02467377670109272
1050,cannonfencing,high_maturity,False,CLIPese,0.0,True,mature,0.755725,True,mature_readable,170,0.02817454,0.005471804,0.04415086656808853,0.02467377670109272
1051,gorillapixelart,high_maturity,False,CLIPese,0.0,True,mature,0.39964999999999995,False,,-1,0.13775541,-0.17311646,0.04415086656808853,0.02467377670109272
1052,owlmoths,high_maturity,False,CLIPese,0.0,True,mature,0.8834249999999999,True,mature_readable,78,0.21224713,-0.070109405,0.04415086656808853,0.02467377670109272
1053,tibetdogsoftwitter,high_maturity,False,CLIPese,0.0,True,mature,0.25087499999999996,False,,-1,-0.19419293,0.04117354,0.04415086656808853,0.02467377670109272
1054,bunrights,high_maturity,False,CLIPese,0.0,True,mature,0.8954249999999999,True,mature_readable,189,0.092867404,0.06388307,0.04415086656808853,0.02467377670109272
1055,bandanna,high_maturity,True,English,2.32,True,mature,0.8601,True,mature_readable,233,0.2836246,-0.0075637856,0.04415086656808853,0.02467377670109272
1056,taxidercrowneagle,high_maturity,False,CLIPese,0.0,True,mature,0.23485,False,,-1,0.055415977,-0.115108065,0.04415086656808853,0.02467377670109272
1057,calibrscattered,high_maturity,False,CLIPese,0.0,True,mature,0.43300000000000005,False,,-1,-0.084608935,-0.015540524,0.04415086656808853,0.02467377670109272
1058,cssdatascience,high_maturity,False,CLIPese,0.0,True,mature,0.6828,True,fallback_fill,497,-0.13771845,-0.0928929,0.04415086656808853,0.02467377670109272
1059,darjegrizzlies,high_maturity,False,CLIPese,0.0,True,mature,0.5073000000000001,False,,-1,0.011795707,-0.18470943,0.04415086656808853,0.02467377670109272
1060,macedcoyote,high_maturity,False,CLIPese,0.0,True,mature,0.7028249999999998,False,,-1,-0.19216713,-0.13462159,0.04415086656808853,0.02467377670109272
1061,bestfrienddesignwallets,high_maturity,False,CLIPese,0.0,True,mature,0.589425,False,,-1,0.009055226,0.103306495,0.04415086656808853,0.02467377670109272
1062,rafideerhare,high_maturity,False,CLIPese,0.0,True,mature,0.546575,False,,-1,0.10194136,-0.26410848,0.04415086656808853,0.02467377670109272
1063,monstesneakers,high_maturity,False,CLIPese,0.0,True,mature,0.31744999999999995,False,,-1,-0.044302974,-0.11260376,0.04415086656808853,0.02467377670109272
1064,vonerich,high_maturity,False,CLIPese,0.0,True,mature,0.42810000000000004,False,,-1,-0.00026715946,-0.033307984,0.04415086656808853,0.02467377670109272
1065,cattmesmeritranquility,high_maturity,False,CLIPese,0.0,True,mature,0.2584,False,,-1,-0.22255282,-0.124603994,0.04415086656808853,0.02467377670109272
1066,bison,high_maturity,True,English,3.26,True,mature,0.8536499999999999,True,mature_readable,158,0.26501492,0.024303924,0.04415086656808853,0.02467377670109272
1067,acarhamburg,high_maturity,False,CLIPese,0.0,True,mature,0.8224499999999999,True,mature_readable,153,-0.19261341,-0.0021118235,0.04415086656808853,0.02467377670109272
1068,bodedog,high_maturity,False,CLIPese,0.0,True,mature,0.762275,False,,-1,0.30683622,0.07647596,0.04415086656808853,0.02467377670109272
1069,yugosafarilive,high_maturity,False,CLIPese,0.0,True,mature,0.209175,False,,-1,-0.04321349,0.17920348,0.04415086656808853,0.02467377670109272
1070,mayoretriever,high_maturity,False,CLIPese,0.0,True,mature,0.23175,False,,-1,-0.14142679,0.12734845,0.04415086656808853,0.02467377670109272
1071,acroncolours,high_maturity,False,CLIPese,0.0,True,mature,0.29875,False,,-1,-0.038378593,-0.06383293,0.04415086656808853,0.02467377670109272
1072,prairiegret,high_maturity,False,CLIPese,0.0,True,mature,0.23302499999999998,False,,-1,-0.068033665,-0.22448966,0.04415086656808853,0.02467377670109272
1073,algorimicroscope,high_maturity,False,CLIPese,0.0,True,mature,0.6882750000000001,False,,-1,-0.39073604,-0.0661493,0.04415086656808853,0.02467377670109272
1074,cyberpackers,high_maturity,False,CLIPese,0.0,True,mature,0.865925,True,mature_readable,155,-0.08436761,0.07222665,0.04415086656808853,0.02467377670109272
1075,dalmatipossum,high_maturity,False,CLIPese,0.0,True,mature,0.37985,False,,-1,-0.24861355,-0.14866397,0.04415086656808853,0.02467377670109272
1076,bulldogs,high_maturity,True,English,3.64,True,mature,0.6002,False,,-1,0.14853492,0.025685793,0.04415086656808853,0.02467377670109272
1077,calibrcorrupt,high_maturity,False,CLIPese,0.0,True,mature,0.2334,False,,-1,-0.013790247,0.13230976,0.04415086656808853,0.02467377670109272
1078,humidigrinder,high_maturity,False,CLIPese,0.0,True,mature,0.8339749999999999,False,,-1,-0.23335847,0.0009588285,0.04415086656808853,0.02467377670109272
1079,waratahs,high_maturity,True,English,2.32,True,mature,0.924775,True,mature_readable,58,0.31049094,0.0019154833,0.04415086656808853,0.02467377670109272
1080,bearcat,high_maturity,True,English,2.18,True,mature,0.5680999999999999,False,,-1,0.28759092,-0.1561503,0.04415086656808853,0.02467377670109272
1081,kaleidoimage,high_maturity,False,CLIPese,0.0,True,mature,0.0754,False,,-1,-0.17378959,0.028556785,0.04415086656808853,0.02467377670109272
1082,mathematzanziebony,high_maturity,False,CLIPese,0.0,True,mature,0.170225,True,mature_weak,421,-0.22573215,-0.15394357,0.04415086656808853,0.02467377670109272
1083,turtlebobcat,high_maturity,False,CLIPese,0.0,True,mature,0.39952499999999996,False,,-1,0.104467295,-0.017857993,0.04415086656808853,0.02467377670109272
1084,atarshark,high_maturity,False,CLIPese,0.0,True,mature,0.7997749999999999,True,mature_readable,236,0.08325413,-0.22244062,0.04415086656808853,0.02467377670109272
1085,spraggan,high_maturity,True,English,1.26,True,mature,0.709125,False,,-1,0.1302947,0.21422608,0.04415086656808853,0.02467377670109272
1086,kaleidotroops,high_maturity,False,CLIPese,0.0,True,mature,0.668075,False,,-1,0.021982215,-0.04417929,0.04415086656808853,0.02467377670109272
1087,benfica,high_maturity,True,English,2.97,True,mature,0.8503250000000002,True,mature_readable,159,0.19921818,-0.24428082,0.04415086656808853,0.02467377670109272
1088,boxingh,high_maturity,False,CLIPese,0.0,True,mature,0.7731,False,,-1,0.040177356,-0.022497306,0.04415086656808853,0.02467377670109272
1089,gumbpixels,high_maturity,False,CLIPese,0.0,True,mature,0.417525,False,,-1,0.024831481,-0.11226107,0.04415086656808853,0.02467377670109272
1090,datadigitalart,high_maturity,False,CLIPese,0.0,True,mature,0.145325,False,,-1,-0.27867383,-0.042766497,0.04415086656808853,0.02467377670109272
1091,taxiderbunny,high_maturity,False,CLIPese,0.0,True,mature,0.4672,False,,-1,0.05789603,-0.08680867,0.04415086656808853,0.02467377670109272
1092,containfrisbee,high_maturity,False,CLIPese,0.0,True,mature,0.42895,False,,-1,0.15716729,-0.011105419,0.04415086656808853,0.02467377670109272
1093,catwoman,high_maturity,True,English,2.81,True,mature,0.5534250000000001,False,,-1,0.2868288,-0.061198972,0.04415086656808853,0.02467377670109272
1094,fracsharkphotograph,high_maturity,False,CLIPese,0.0,True,mature,0.27415,False,,-1,-0.30070543,0.0068812296,0.04415086656808853,0.02467377670109272
1095,carsondoggie,high_maturity,False,CLIPese,0.0,True,mature,0.6833,False,,-1,-0.028925905,-0.08032734,0.04415086656808853,0.02467377670109272
1096,chromodensity,high_maturity,False,CLIPese,0.0,True,mature,0.5218,False,,-1,-0.27289647,-0.20707853,0.04415086656808853,0.02467377670109272
1097,centrihospitgraph,high_maturity,False,CLIPese,0.0,True,mature,0.33740000000000003,False,,-1,-0.335482,-0.034998726,0.04415086656808853,0.02467377670109272
1098,schwarzlabrador,high_maturity,False,CLIPese,0.0,True,mature,0.37815,False,,-1,0.049088445,0.012184846,0.04415086656808853,0.02467377670109272
1099,cycloclip,high_maturity,False,CLIPese,0.0,True,mature,0.594625,False,,-1,0.13793804,-0.103365526,0.04415086656808853,0.02467377670109272
1100,biksymbol,high_maturity,False,CLIPese,0.0,True,mature,0.4057,False,,-1,-0.021400793,-0.034626227,0.04415086656808853,0.02467377670109272
1101,birdowl,high_maturity,False,CLIPese,0.0,True,mature,0.516,False,,-1,0.3606306,0.20083947,0.04415086656808853,0.02467377670109272
1102,spectrocrystallistitchhare,high_maturity,False,CLIPese,0.0,True,mature,0.12497499999999997,True,mature_weak,409,-0.26497072,-0.057955287,0.04415086656808853,0.02467377670109272
1103,eritsyrianmarjmouse,high_maturity,False,CLIPese,0.0,True,mature,0.410925,False,,-1,-0.34938017,-0.07066695,0.04415086656808853,0.02467377670109272
1104,cloudbot,high_maturity,False,CLIPese,0.0,True,mature,0.8107000000000001,True,mature_readable,145,0.16485535,-0.0578868,0.04415086656808853,0.02467377670109272
1105,bubbooooooooooooooooglobrendered,high_maturity,False,CLIPese,0.0,True,mature,0.1616,False,,-1,0.080145665,0.16740058,0.04415086656808853,0.02467377670109272
1106,pygfrog,high_maturity,False,CLIPese,0.0,True,mature,0.45447499999999996,False,,-1,-0.13038377,0.15197541,0.04415086656808853,0.02467377670109272
1107,anarchitwenty,high_maturity,False,CLIPese,0.0,True,mature,0.33355,False,,-1,0.0039800103,-0.07949061,0.04415086656808853,0.02467377670109272
1108,approachladybug,high_maturity,False,CLIPese,0.0,True,mature,0.4466,False,,-1,-0.14058985,0.21567824,0.04415086656808853,0.02467377670109272
1109,orangupixelart,high_maturity,False,CLIPese,0.0,True,mature,0.054125,True,mature_weak,428,-0.17664272,0.13083486,0.04415086656808853,0.02467377670109272
1110,asburypark,high_maturity,False,CLIPese,0.0,True,mature,0.767525,True,mature_readable,246,-0.13542983,0.13906124,0.04415086656808853,0.02467377670109272
1111,hakkasan,high_maturity,True,English,1.68,True,mature,0.5940000000000001,False,,-1,-0.010322217,-0.2538126,0.04415086656808853,0.02467377670109272
1112,pugrobots,high_maturity,False,CLIPese,0.0,True,mature,0.908725,True,mature_readable,86,0.26479608,0.14471251,0.04415086656808853,0.02467377670109272
1113,kaleidotexture,high_maturity,False,CLIPese,0.0,True,mature,0.1143,False,,-1,-0.20353198,-0.108667366,0.04415086656808853,0.02467377670109272
1114,mandelbbcfrequency,high_maturity,False,CLIPese,0.0,True,mature,0.53735,False,,-1,-0.26848698,0.059413876,0.04415086656808853,0.02467377670109272
1115,croeagle,high_maturity,False,CLIPese,0.0,True,mature,0.67735,True,fallback_fill,503,-0.015321591,0.22715002,0.04415086656808853,0.02467377670109272
1116,dyncylinders,high_maturity,False,CLIPese,0.0,True,mature,0.4537,False,,-1,-0.16036278,-0.13515364,0.04415086656808853,0.02467377670109272
1117,ukedbundecarnaval,high_maturity,False,CLIPese,0.0,True,mature,0.462375,False,,-1,-0.013093178,0.27938882,0.04415086656808853,0.02467377670109272
1118,gigabzoimpressionist,high_maturity,False,CLIPese,0.0,True,mature,0.19847499999999998,False,,-1,-0.28696966,0.16213298,0.04415086656808853,0.02467377670109272
1119,humidiarduino,high_maturity,False,CLIPese,0.0,True,mature,0.8350250000000001,True,mature_readable,106,-0.20505726,0.072215095,0.04415086656808853,0.02467377670109272
1120,cotswpolice,high_maturity,False,CLIPese,0.0,True,mature,0.508175,False,,-1,0.013420073,0.12264528,0.04415086656808853,0.02467377670109272
1121,dendfractal,high_maturity,False,CLIPese,0.0,True,mature,0.363275,False,,-1,0.2300386,-0.113470145,0.04415086656808853,0.02467377670109272
1122,camels,high_maturity,True,English,3.3,True,mature,0.83075,True,mature_readable,205,0.13686359,-0.21258481,0.04415086656808853,0.02467377670109272
1123,louboutplatform,high_maturity,False,CLIPese,0.0,True,mature,0.1637,False,,-1,-0.28554308,0.16174527,0.04415086656808853,0.02467377670109272
1124,manipulkaleidopsychedelic,high_maturity,False,CLIPese,0.0,True,mature,0.02275,True,mature_weak,411,-0.27856818,0.11801037,0.04415086656808853,0.02467377670109272
1125,finitycuberender,high_maturity,False,CLIPese,0.0,True,mature,0.35207499999999997,False,,-1,-0.10555238,0.030665958,0.04415086656808853,0.02467377670109272
1126,antelope,high_maturity,True,English,3.08,True,mature,0.80735,True,mature_readable,165,0.03760982,0.10101399,0.04415086656808853,0.02467377670109272
1127,calibraltman,high_maturity,False,CLIPese,0.0,True,mature,0.26625,False,,-1,-0.17761593,-0.039115906,0.04415086656808853,0.02467377670109272
1128,chromato,high_maturity,False,CLIPese,0.0,True,mature,0.66025,False,,-1,-0.048817918,-0.3471899,0.04415086656808853,0.02467377670109272
1129,maddieroblox,high_maturity,False,CLIPese,0.0,True,mature,0.58005,False,,-1,-0.02184072,0.015374909,0.04415086656808853,0.02467377670109272
1130,huarnvidia,high_maturity,False,CLIPese,0.0,True,mature,0.24520000000000003,False,,-1,-0.012135519,0.14076054,0.04415086656808853,0.02467377670109272
1131,sphercamouflage,high_maturity,False,CLIPese,0.0,True,mature,0.166075,True,mature_weak,418,-0.14474094,0.1764789,0.04415086656808853,0.02467377670109272
1132,costabrava,high_maturity,False,CLIPese,0.0,True,mature,0.585475,False,,-1,0.05518635,-0.06695618,0.04415086656808853,0.02467377670109272
1133,bonemacht,high_maturity,False,CLIPese,0.0,True,mature,0.9113249999999999,True,mature_readable,83,-0.19543488,-0.1091717,0.04415086656808853,0.02467377670109272
1134,chromofilament,high_maturity,False,CLIPese,0.0,True,mature,0.30312500000000003,False,,-1,-0.224026,-0.32631138,0.04415086656808853,0.02467377670109272
1135,llandvineyard,high_maturity,False,CLIPese,0.0,True,mature,0.373725,False,,-1,-0.19715422,0.14612915,0.04415086656808853,0.02467377670109272
1136,kaleidobowl,high_maturity,False,CLIPese,0.0,True,mature,0.631575,False,,-1,0.22080947,0.25673336,0.04415086656808853,0.02467377670109272
1137,tikplush,high_maturity,False,CLIPese,0.0,True,mature,0.6307999999999999,False,,-1,-0.043855827,0.11608529,0.04415086656808853,0.02467377670109272
1138,quatcauliflower,high_maturity,False,CLIPese,0.0,True,mature,0.477825,False,,-1,0.11103964,0.18414137,0.04415086656808853,0.02467377670109272
1139,mandelopticvirus,high_maturity,False,CLIPese,0.0,True,mature,0.43929999999999997,False,,-1,-0.2593036,0.14347082,0.04415086656808853,0.02467377670109272
1140,cloukitties,high_maturity,False,CLIPese,0.0,True,mature,0.48729999999999996,False,,-1,0.124142915,0.07187921,0.04415086656808853,0.02467377670109272
1141,akkineni,high_maturity,True,English,1.37,True,mature,0.1009,True,mature_weak,401,0.2842122,0.1530194,0.04415086656808853,0.02467377670109272
1142,badrinath,high_maturity,True,English,2.11,True,mature,0.64035,False,,-1,-0.13132845,0.037993636,0.04415086656808853,0.02467377670109272
1143,miniaturepuppies,high_maturity,False,CLIPese,0.0,True,mature,0.58,False,,-1,-0.1522289,0.003041928,0.04415086656808853,0.02467377670109272
1144,wildwildcat,high_maturity,False,CLIPese,0.0,True,mature,0.37992499999999996,False,,-1,0.13068923,0.29616123,0.04415086656808853,0.02467377670109272
1145,brocpoodle,high_maturity,False,CLIPese,0.0,True,mature,0.8347,True,mature_readable,136,0.1835188,0.025461687,0.04415086656808853,0.02467377670109272
1146,chromocomb,high_maturity,False,CLIPese,0.0,True,mature,0.425675,False,,-1,-0.18573329,-0.33129042,0.04415086656808853,0.02467377670109272
1147,doppelgchihuahu,high_maturity,False,CLIPese,0.0,True,mature,0.4845999999999999,False,,-1,0.051442716,0.28559172,0.04415086656808853,0.02467377670109272
1148,dalmatimacedcow,high_maturity,False,CLIPese,0.0,True,mature,0.5897249999999999,False,,-1,-0.34667823,-0.06029644,0.04415086656808853,0.02467377670109272
1149,catcircle,high_maturity,False,CLIPese,0.0,True,mature,0.749225,False,,-1,0.30779117,-0.052278325,0.04415086656808853,0.02467377670109272
1150,paolopixelart,high_maturity,False,CLIPese,0.0,True,mature,0.25915,False,,-1,-0.25021517,0.17804219,0.04415086656808853,0.02467377670109272
1151,squidgroot,high_maturity,False,CLIPese,0.0,True,mature,0.5888,False,,-1,-0.09860198,0.12866475,0.04415086656808853,0.02467377670109272
1152,bbcfracaligned,high_maturity,False,CLIPese,0.0,True,mature,0.609,False,,-1,-0.2293388,0.08119902,0.04415086656808853,0.02467377670109272
1153,birdbacks,high_maturity,False,CLIPese,0.0,True,mature,0.399575,False,,-1,0.1819595,0.018127762,0.04415086656808853,0.02467377670109272
1154,nikuman,high_maturity,False,CLIPese,0.0,True,mature,0.671125,False,,-1,0.06471935,-0.16167493,0.04415086656808853,0.02467377670109272
1155,jennyfreud,high_maturity,False,CLIPese,0.0,True,mature,0.796925,True,mature_readable,169,-0.2258204,-0.003151874,0.04415086656808853,0.02467377670109272
1156,labrasenegal,high_maturity,False,CLIPese,0.0,True,mature,0.302975,False,,-1,-0.109389275,0.15935552,0.04415086656808853,0.02467377670109272
1157,windosorting,high_maturity,False,CLIPese,0.0,True,mature,0.620725,False,,-1,-0.032978993,0.18644942,0.04415086656808853,0.02467377670109272
1158,dalmatigoats,high_maturity,False,CLIPese,0.0,True,mature,0.522275,False,,-1,-0.18365487,0.030189464,0.04415086656808853,0.02467377670109272
1159,ergonloaf,high_maturity,False,CLIPese,0.0,True,mature,0.633525,False,,-1,0.09909527,0.033590917,0.04415086656808853,0.02467377670109272
1160,doglochewbacca,high_maturity,False,CLIPese,0.0,True,mature,0.610825,False,,-1,0.34102505,-0.0038076409,0.04415086656808853,0.02467377670109272
1161,afghanistan,high_maturity,True,English,4.23,True,mature,0.45780000000000004,False,,-1,-0.1563169,0.16359392,0.04415086656808853,0.02467377670109272
1162,jurassicmonitor,high_maturity,False,CLIPese,0.0,True,mature,0.885475,True,mature_readable,67,-0.2905999,-0.017052656,0.04415086656808853,0.02467377670109272
1163,mandelpanorama,high_maturity,False,CLIPese,0.0,True,mature,0.21275000000000002,False,,-1,-0.39727598,-0.03829706,0.04415086656808853,0.02467377670109272
1164,oscarpolaroid,high_maturity,False,CLIPese,0.0,True,mature,0.520875,False,,-1,0.074698865,-0.091951385,0.04415086656808853,0.02467377670109272
1165,seungcarpets,high_maturity,False,CLIPese,0.0,True,mature,0.7293750000000001,True,mature_readable,224,-0.07369811,0.24002029,0.04415086656808853,0.02467377670109272
1166,cocacola,high_maturity,True,English,1.62,True,mature,0.60225,False,,-1,0.18819425,0.093907885,0.04415086656808853,0.02467377670109272
1167,taxideryosemite,high_maturity,False,CLIPese,0.0,True,mature,0.387875,False,,-1,-0.29305542,-0.21529412,0.04415086656808853,0.02467377670109272
1168,taxiderdeer,high_maturity,False,CLIPese,0.0,True,mature,0.4062,False,,-1,-0.15792087,-0.0363867,0.04415086656808853,0.02467377670109272
1169,cessna,high_maturity,True,English,2.82,True,mature,0.5879,False,,-1,0.20397772,-0.26282603,0.04415086656808853,0.02467377670109272
1170,databvomit,high_maturity,False,CLIPese,0.0,True,mature,0.3972,False,,-1,-0.029121399,-0.13763963,0.04415086656808853,0.02467377670109272
1171,corbinwwe,high_maturity,False,CLIPese,0.0,True,mature,0.86685,True,mature_readable,131,0.22688115,0.22552551,0.04415086656808853,0.02467377670109272
1172,eritdoggo,high_maturity,False,CLIPese,0.0,True,mature,0.842675,True,mature_readable,208,0.23594402,-0.021679679,0.04415086656808853,0.02467377670109272
1173,avengersinfinity,high_maturity,False,CLIPese,0.0,True,mature,0.7846249999999999,True,mature_readable,157,-0.006183753,0.17875746,0.04415086656808853,0.02467377670109272
1174,quetball,high_maturity,False,CLIPese,0.0,True,mature,0.8251499999999999,True,mature_readable,138,0.29722258,0.030045085,0.04415086656808853,0.02467377670109272
1175,cartoondecomachinelearning,high_maturity,False,CLIPese,0.0,True,mature,0.28385,False,,-1,-0.20703016,-0.046064615,0.04415086656808853,0.02467377670109272
1176,wozniacki,high_maturity,True,English,2.44,True,mature,0.313775,False,,-1,0.2683109,-0.08816029,0.04415086656808853,0.02467377670109272
1177,sushmitasen,high_maturity,False,CLIPese,0.0,True,mature,0.269625,False,,-1,-0.09337557,-0.19320643,0.04415086656808853,0.02467377670109272
1178,chairs,high_maturity,True,English,4.02,True,mature,0.5867,False,,-1,0.30632913,-0.2099902,0.04415086656808853,0.02467377670109272
1179,crystscrambled,high_maturity,False,CLIPese,0.0,True,mature,0.394575,False,,-1,0.02991896,-0.23090285,0.04415086656808853,0.02467377670109272
1180,mannescp,high_maturity,False,CLIPese,0.0,True,mature,0.52675,False,,-1,-0.039731707,-0.112985484,0.04415086656808853,0.02467377670109272
1181,schwarzcoyote,high_maturity,False,CLIPese,0.0,True,mature,0.742925,True,mature_readable,275,-0.015383316,0.21477088,0.04415086656808853,0.02467377670109272
1182,calibrglitch,high_maturity,False,CLIPese,0.0,True,mature,0.159375,False,,-1,-0.1327589,0.15224363,0.04415086656808853,0.02467377670109272
1183,tankian,high_maturity,True,English,1.54,True,mature,0.6255750000000001,False,,-1,0.08008396,-0.25929612,0.04415086656808853,0.02467377670109272
1184,firstdogon,high_maturity,False,CLIPese,0.0,True,mature,0.8126249999999999,True,mature_readable,102,-0.030869376,-0.0031188838,0.04415086656808853,0.02467377670109272
1185,swoggle,high_maturity,False,CLIPese,0.0,True,mature,0.534825,False,,-1,0.3519893,0.21303779,0.04415086656808853,0.02467377670109272
1186,screamdoggo,high_maturity,False,CLIPese,0.0,True,mature,0.559075,False,,-1,-0.13200116,-0.091221705,0.04415086656808853,0.02467377670109272
1187,turisphinx,high_maturity,False,CLIPese,0.0,True,mature,0.4314,False,,-1,-0.12110043,0.055190977,0.04415086656808853,0.02467377670109272
1188,babyunsplash,high_maturity,False,CLIPese,0.0,True,mature,0.5675,False,,-1,-0.16459884,0.17356534,0.04415086656808853,0.02467377670109272
1189,capacitors,high_maturity,True,English,3.0,True,mature,0.926175,True,mature_readable,62,0.15194438,-0.0837853,0.04415086656808853,0.02467377670109272
1190,chromotrippy,high_maturity,False,CLIPese,0.0,True,mature,0.521825,False,,-1,-0.27248785,-0.14172728,0.04415086656808853,0.02467377670109272
1191,crates,high_maturity,True,English,3.28,True,mature,0.843225,True,orthographic_hard,27,0.34232855,0.10825497,0.04415086656808853,0.02467377670109272
1192,battlefrontii,high_maturity,False,CLIPese,0.0,True,mature,0.5640000000000001,False,,-1,-0.13865472,-0.086812586,0.04415086656808853,0.02467377670109272
1193,anarcherase,high_maturity,False,CLIPese,0.0,True,mature,0.590025,False,,-1,0.15558925,0.12147357,0.04415086656808853,0.02467377670109272
1194,flowermadhuridixit,high_maturity,False,CLIPese,0.0,True,mature,0.15725,True,mature_weak,432,-0.21580744,-0.18282764,0.04415086656808853,0.02467377670109272
1195,jerobo,high_maturity,False,CLIPese,0.0,True,mature,0.4289,False,,-1,-0.023189954,-0.038084343,0.04415086656808853,0.02467377670109272
1196,cilclip,high_maturity,False,CLIPese,0.0,True,mature,0.641625,False,,-1,0.070329115,0.024247672,0.04415086656808853,0.02467377670109272
1197,tajifireworks,high_maturity,False,CLIPese,0.0,True,mature,0.7711999999999999,True,mature_readable,142,-0.030682726,0.28117064,0.04415086656808853,0.02467377670109272
1198,androidspiders,high_maturity,False,CLIPese,0.0,True,mature,0.8314499999999999,True,mature_readable,141,-0.045336016,-0.081419304,0.04415086656808853,0.02467377670109272
1199,pygtoad,high_maturity,False,CLIPese,0.0,True,mature,0.294375,False,,-1,0.12623745,0.13611956,0.04415086656808853,0.02467377670109272
1200,fluoreelf,high_maturity,False,CLIPese,0.0,True,mature,0.37222500000000003,False,,-1,0.11502964,0.25396076,0.04415086656808853,0.02467377670109272
1201,dictatpixelart,high_maturity,False,CLIPese,0.0,True,mature,0.146875,False,,-1,-0.30440706,0.1281464,0.04415086656808853,0.02467377670109272
1202,autupixels,high_maturity,False,CLIPese,0.0,True,mature,0.400725,False,,-1,0.16087368,0.044104155,0.04415086656808853,0.02467377670109272
1203,ahmedabad,high_maturity,True,English,3.08,True,mature,0.7902750000000001,False,,-1,-0.13884239,-0.04131514,0.04415086656808853,0.02467377670109272
1204,sanitibuggy,high_maturity,False,CLIPese,0.0,True,mature,0.474925,False,,-1,-0.019681342,0.16260158,0.04415086656808853,0.02467377670109272
1205,bashtexture,high_maturity,False,CLIPese,0.0,True,mature,0.60465,True,orthographic_hard,13,-0.109478444,0.038843438,0.04415086656808853,0.02467377670109272
1206,crimea,high_maturity,True,English,3.45,True,mature,0.817275,True,mature_readable,204,0.039051674,-0.25039288,0.04415086656808853,0.02467377670109272
1207,luxembourdachshund,high_maturity,False,CLIPese,0.0,True,mature,0.549325,False,,-1,-0.047718167,-0.027275845,0.04415086656808853,0.02467377670109272
1208,boeing,high_maturity,True,English,3.8,True,mature,0.8814000000000001,True,mature_readable,96,0.34423238,-0.13293923,0.04415086656808853,0.02467377670109272
1209,centisphercircle,high_maturity,False,CLIPese,0.0,True,mature,0.1737,False,,-1,-0.0010338726,-0.069315836,0.04415086656808853,0.02467377670109272
1210,kaleidorollercoaster,high_maturity,False,CLIPese,0.0,True,mature,0.5788,False,,-1,-0.24705695,0.15109815,0.04415086656808853,0.02467377670109272
1211,bundedefence,high_maturity,False,CLIPese,0.0,True,mature,0.657825,False,,-1,0.07943831,0.009539798,0.04415086656808853,0.02467377670109272
1212,retarkaleidotexture,high_maturity,False,CLIPese,0.0,True,mature,0.194525,False,,-1,-0.16023053,-0.26466903,0.04415086656808853,0.02467377670109272
1213,loafcubes,high_maturity,False,CLIPese,0.0,True,mature,0.5978000000000001,False,,-1,0.104817644,0.02475733,0.04415086656808853,0.02467377670109272
1214,rottweiler,high_maturity,True,English,2.59,True,mature,0.35015,False,,-1,0.029652378,-0.035116598,0.04415086656808853,0.02467377670109272
1215,counterfealgorithm,high_maturity,False,CLIPese,0.0,True,mature,0.27497499999999997,False,,-1,-0.24005829,-0.06842585,0.04415086656808853,0.02467377670109272
1216,schnauhorrifying,high_maturity,False,CLIPese,0.0,True,mature,0.25655,False,,-1,-0.083164304,0.10860493,0.04415086656808853,0.02467377670109272
1217,beetles,high_maturity,True,English,3.34,True,mature,0.7897,True,mature_readable,280,0.25079417,0.0012731603,0.04415086656808853,0.02467377670109272
1218,mathematseizure,high_maturity,False,CLIPese,0.0,True,mature,0.24577499999999997,False,,-1,-0.17255013,-0.10428187,0.04415086656808853,0.02467377670109272
1219,kwiquizzclippuppet,high_maturity,False,CLIPese,0.0,True,mature,0.6238499999999999,False,,-1,0.016737824,0.2142903,0.04415086656808853,0.02467377670109272
1220,taxideriamsrk,high_maturity,False,CLIPese,0.0,True,mature,0.77295,True,mature_readable,168,-0.24285167,-0.32797801,0.04415086656808853,0.02467377670109272
1221,crabheidelberg,high_maturity,False,CLIPese,0.0,True,mature,0.610875,False,,-1,-0.18578927,0.16489854,0.04415086656808853,0.02467377670109272
1222,pomegranshadowhunters,high_maturity,False,CLIPese,0.0,True,mature,0.361,False,,-1,-0.16688736,-0.053796403,0.04415086656808853,0.02467377670109272
1223,nehakakkar,high_maturity,False,CLIPese,0.0,True,mature,0.42367499999999997,False,,-1,-0.1241262,0.0619451,0.04415086656808853,0.02467377670109272
1224,fumfum,high_maturity,False,CLIPese,0.0,True,mature,0.623375,False,,-1,-0.0066257184,-0.10552766,0.04415086656808853,0.02467377670109272
1225,cucumber,high_maturity,True,English,3.41,True,mature,0.78545,True,mature_readable,232,0.19574389,-0.10178709,0.04415086656808853,0.02467377670109272
1226,kaleidojellyfish,high_maturity,False,CLIPese,0.0,True,mature,0.253625,False,,-1,-0.15605004,0.05486133,0.04415086656808853,0.02467377670109272
1227,louboutpedagounicorn,high_maturity,False,CLIPese,0.0,True,mature,0.27899999999999997,False,,-1,-0.18684718,0.38043734,0.04415086656808853,0.02467377670109272
1228,purrzoomdimensions,high_maturity,False,CLIPese,0.0,True,mature,0.44089999999999996,False,,-1,-0.31605995,0.13980173,0.04415086656808853,0.02467377670109272
1229,brainsynthesizer,high_maturity,False,CLIPese,0.0,True,mature,0.524525,False,,-1,-0.0064286506,-0.4099828,0.04415086656808853,0.02467377670109272
1230,adjeclithuconverter,high_maturity,False,CLIPese,0.0,True,mature,0.177675,True,mature_weak,439,-0.085089654,0.07446683,0.04415086656808853,0.02467377670109272
1231,fluorblurred,high_maturity,False,CLIPese,0.0,True,mature,0.618625,False,,-1,0.27061155,-0.006267472,0.04415086656808853,0.02467377670109272
1232,beachhotties,high_maturity,False,CLIPese,0.0,True,mature,0.639775,False,,-1,0.19859958,0.0005046324,0.04415086656808853,0.02467377670109272
1233,dahlia,high_maturity,True,English,2.86,True,mature,0.40377500000000005,False,,-1,0.052558456,0.08614163,0.04415086656808853,0.02467377670109272
1234,contenttextures,high_maturity,False,CLIPese,0.0,True,mature,0.4093,False,,-1,-0.08227896,0.030501768,0.04415086656808853,0.02467377670109272
1235,cliphappyvalentinesday,high_maturity,False,CLIPese,0.0,True,mature,0.7061249999999999,False,,-1,-0.13689087,-0.023305828,0.04415086656808853,0.02467377670109272
1236,boostsneakers,high_maturity,False,CLIPese,0.0,True,mature,0.8323499999999999,True,mature_readable,126,-0.018929925,-0.112678684,0.04415086656808853,0.02467377670109272
1237,albanian,high_maturity,True,English,3.25,True,mature,0.417275,False,,-1,0.42103678,0.06583216,0.04415086656808853,0.02467377670109272
1238,textmandelpollock,high_maturity,False,CLIPese,0.0,True,mature,0.27795000000000003,False,,-1,-0.15262318,-0.16028713,0.04415086656808853,0.02467377670109272
1239,kaleidosonar,high_maturity,False,CLIPese,0.0,True,mature,0.40947500000000003,False,,-1,-0.26128924,-0.020212935,0.04415086656808853,0.02467377670109272
1240,wicke,high_maturity,True,English,1.69,True,mature,0.8473999999999999,True,mature_readable,123,0.34336326,0.17787664,0.04415086656808853,0.02467377670109272
1241,ascispaghetti,high_maturity,False,CLIPese,0.0,True,mature,0.642075,False,,-1,-0.16153094,0.11957403,0.04415086656808853,0.02467377670109272
1242,oranguchihuahua,high_maturity,False,CLIPese,0.0,True,mature,0.201575,False,,-1,-0.21615247,0.2776709,0.04415086656808853,0.02467377670109272
1243,shipyroblox,high_maturity,False,CLIPese,0.0,True,mature,0.746675,True,mature_readable,182,0.11397626,-0.011328285,0.04415086656808853,0.02467377670109272
1244,bunnic,high_maturity,False,CLIPese,0.0,True,mature,0.8348,False,,-1,0.2835217,0.110526405,0.04415086656808853,0.02467377670109272
1245,baahubali,high_maturity,True,English,2.26,True,mature,0.7811499999999998,False,,-1,0.27286533,0.024429068,0.04415086656808853,0.02467377670109272
1246,taxiderowl,high_maturity,False,CLIPese,0.0,True,mature,0.5009250000000001,False,,-1,0.31634992,-0.14259332,0.04415086656808853,0.02467377670109272
1247,cnblue,high_maturity,True,English,1.65,True,mature,0.750825,True,mature_readable,264,0.20476677,0.1542427,0.04415086656808853,0.02467377670109272
1248,puzziyaki,high_maturity,False,CLIPese,0.0,True,mature,0.4296,False,,-1,0.27251717,0.20161678,0.04415086656808853,0.02467377670109272
1249,orangumedusa,high_maturity,False,CLIPese,0.0,True,mature,0.20225,False,,-1,-0.17720819,0.10630311,0.04415086656808853,0.02467377670109272
1250,taxiderrendering,high_maturity,False,CLIPese,0.0,True,mature,0.35752500000000004,False,,-1,0.02944461,-0.2770984,0.04415086656808853,0.02467377670109272
1251,gyneraptor,high_maturity,False,CLIPese,0.0,True,mature,0.8139,True,mature_readable,186,-0.072081484,-0.025496604,0.04415086656808853,0.02467377670109272
1252,joshuatree,high_maturity,False,CLIPese,0.0,True,mature,0.23779999999999998,False,,-1,0.065049246,0.1156938,0.04415086656808853,0.02467377670109272
1253,baatar,high_maturity,True,English,1.26,True,mature,0.5953999999999999,False,,-1,0.31149843,-0.009343878,0.04415086656808853,0.02467377670109272
1254,snorkelsafarilive,high_maturity,False,CLIPese,0.0,True,mature,0.09947500000000001,True,mature_weak,388,-0.12669733,-0.0059879217,0.04415086656808853,0.02467377670109272
1255,calibrseed,high_maturity,False,CLIPese,0.0,True,mature,0.794225,False,,-1,-0.025572889,-0.023441372,0.04415086656808853,0.02467377670109272
1256,winemeatlessjovi,high_maturity,False,CLIPese,0.0,True,mature,0.770275,True,mature_readable,231,-0.10652743,0.17281172,0.04415086656808853,0.02467377670109272
1257,voxdigitalart,high_maturity,False,CLIPese,0.0,True,mature,0.137075,False,,-1,-0.23718862,0.016773932,0.04415086656808853,0.02467377670109272
1258,polyglo,high_maturity,False,CLIPese,0.0,True,mature,0.592175,False,,-1,0.09105507,0.012134031,0.04415086656808853,0.02467377670109272
1259,canadianvatican,high_maturity,False,CLIPese,0.0,True,mature,0.60275,False,,-1,-0.0019746483,0.21129785,0.04415086656808853,0.02467377670109272
1260,budapest,high_maturity,True,English,3.55,True,mature,0.62375,False,,-1,-0.060871948,0.19497451,0.04415086656808853,0.02467377670109272
1261,bunbund,high_maturity,False,CLIPese,0.0,True,mature,0.9156249999999999,True,mature_readable,80,0.34965006,0.20784429,0.04415086656808853,0.02467377670109272
1262,androidstreetart,high_maturity,False,CLIPese,0.0,True,mature,0.27940000000000004,False,,-1,0.10216555,-0.08770453,0.04415086656808853,0.02467377670109272
1263,kidnappdolphins,high_maturity,False,CLIPese,0.0,True,mature,0.605725,False,,-1,-0.12647584,0.028102927,0.04415086656808853,0.02467377670109272
1264,stpauli,high_maturity,False,CLIPese,0.0,True,mature,0.211875,False,,-1,0.059505716,0.009394971,0.04415086656808853,0.02467377670109272
1265,occupyazores,high_maturity,False,CLIPese,0.0,True,mature,0.6511250000000001,False,,-1,0.09818918,0.24959439,0.04415086656808853,0.02467377670109272
1266,crystfuzzy,high_maturity,False,CLIPese,0.0,True,mature,0.6853499999999999,False,,-1,0.038677137,-0.19271126,0.04415086656808853,0.02467377670109272
1267,kilotetris,high_maturity,False,CLIPese,0.0,True,mature,0.5525500000000001,False,,-1,-0.13814528,0.032686993,0.04415086656808853,0.02467377670109272
1268,mongochihuahua,high_maturity,False,CLIPese,0.0,True,mature,0.2996,False,,-1,-0.22456838,0.15275827,0.04415086656808853,0.02467377670109272
1269,cloudoj,high_maturity,False,CLIPese,0.0,True,mature,0.324075,False,,-1,0.2432668,0.1269136,0.04415086656808853,0.02467377670109272
1270,alkcatday,high_maturity,False,CLIPese,0.0,True,mature,0.7907499999999998,True,mature_readable,188,-0.10499437,-0.0017646617,0.04415086656808853,0.02467377670109272
1271,computurnpike,high_maturity,False,CLIPese,0.0,True,mature,0.46737500000000004,False,,-1,-0.2210381,-0.13693382,0.04415086656808853,0.02467377670109272
1272,corkgaa,high_maturity,False,CLIPese,0.0,True,mature,0.85065,True,mature_readable,161,0.2620249,-0.1756773,0.04415086656808853,0.02467377670109272
1273,starcruises,high_maturity,False,CLIPese,0.0,True,mature,0.7544,True,mature_readable,235,0.18429142,-0.10385359,0.04415086656808853,0.02467377670109272
1274,appalachrobotic,high_maturity,False,CLIPese,0.0,True,mature,0.504475,False,,-1,-0.18321627,0.15437841,0.04415086656808853,0.02467377670109272
1275,mandelcyberpng,high_maturity,False,CLIPese,0.0,True,mature,0.6016,False,,-1,-0.24702135,0.034127813,0.04415086656808853,0.02467377670109272
1276,chromoassorted,high_maturity,False,CLIPese,0.0,True,mature,0.228375,False,,-1,-0.14646485,-0.2744274,0.04415086656808853,0.02467377670109272
1277,chives,high_maturity,True,English,2.62,True,mature,0.731925,False,,-1,0.3276204,0.002306169,0.04415086656808853,0.02467377670109272
1278,kyrgydoggie,high_maturity,False,CLIPese,0.0,True,mature,0.37425,False,,-1,-0.10729474,0.10906214,0.04415086656808853,0.02467377670109272
1279,knuoctooctopus,high_maturity,False,CLIPese,0.0,True,mature,0.6259,False,,-1,-0.004543587,0.14575656,0.04415086656808853,0.02467377670109272
1280,pomercoyotes,high_maturity,False,CLIPese,0.0,True,mature,0.7437750000000001,False,,-1,-0.28572604,-0.07492808,0.04415086656808853,0.02467377670109272
1281,lewancollie,high_maturity,False,CLIPese,0.0,True,mature,0.203525,False,,-1,-0.053504784,0.37056473,0.04415086656808853,0.02467377670109272
1282,kookabur,high_maturity,False,CLIPese,0.0,True,mature,0.5448500000000001,False,,-1,0.29393494,0.1754411,0.04415086656808853,0.02467377670109272
1283,bumbleeface,high_maturity,False,CLIPese,0.0,True,mature,0.637525,False,,-1,0.07235004,0.055921823,0.04415086656808853,0.02467377670109272
1284,zoimagegogh,high_maturity,False,CLIPese,0.0,True,mature,0.24785000000000001,False,,-1,-0.3456682,0.02803112,0.04415086656808853,0.02467377670109272
1285,onedayat,high_maturity,False,CLIPese,0.0,True,mature,0.470625,False,,-1,-0.057835076,0.153191,0.04415086656808853,0.02467377670109272
1286,waverautodesk,high_maturity,False,CLIPese,0.0,True,mature,0.54945,False,,-1,-0.112423964,0.1937565,0.04415086656808853,0.02467377670109272
1287,barktasmanian,high_maturity,False,CLIPese,0.0,True,mature,0.758225,True,mature_readable,226,0.047705743,-0.16553007,0.04415086656808853,0.02467377670109272
1288,cbsfrequency,high_maturity,False,CLIPese,0.0,True,mature,0.79735,False,,-1,-0.07233353,0.08245111,0.04415086656808853,0.02467377670109272
1289,bbccursor,high_maturity,False,CLIPese,0.0,True,mature,0.719675,False,,-1,0.084547564,-0.07257781,0.04415086656808853,0.02467377670109272
1290,kittydispenser,high_maturity,False,CLIPese,0.0,True,mature,0.2801,False,,-1,-0.2680461,-0.038589146,0.04415086656808853,0.02467377670109272
1291,bathrofaucet,high_maturity,False,CLIPese,0.0,True,mature,0.37770000000000004,False,,-1,-0.0945408,0.055864803,0.04415086656808853,0.02467377670109272
1292,pumpkinmutations,high_maturity,False,CLIPese,0.0,True,mature,0.530725,False,,-1,-0.3064646,0.09328313,0.04415086656808853,0.02467377670109272
1293,mosasikturkeys,high_maturity,False,CLIPese,0.0,True,mature,0.6855500000000001,True,fallback_fill,487,0.15436624,-0.07576267,0.04415086656808853,0.02467377670109272
1294,louboutdiscarded,high_maturity,False,CLIPese,0.0,True,mature,0.191625,False,,-1,-0.13669382,0.20652017,0.04415086656808853,0.02467377670109272
1295,tamannaah,high_maturity,True,English,1.41,True,mature,0.308025,False,,-1,-0.0650996,-0.1884316,0.04415086656808853,0.02467377670109272
1296,gorillafractal,high_maturity,False,CLIPese,0.0,True,mature,0.48990000000000006,False,,-1,0.0649329,-0.15059641,0.04415086656808853,0.02467377670109272
1297,smolloaf,high_maturity,False,CLIPese,0.0,True,mature,0.7510499999999999,True,mature_readable,241,0.08057174,-0.08601895,0.04415086656808853,0.02467377670109272
1298,menstruskrillex,high_maturity,False,CLIPese,0.0,True,mature,0.6264000000000001,False,,-1,-0.2105383,-0.22884853,0.04415086656808853,0.02467377670109272
1299,ageofultron,high_maturity,False,CLIPese,0.0,True,mature,0.467325,False,,-1,0.085005455,0.07888145,0.04415086656808853,0.02467377670109272
1300,itercubecubes,high_maturity,False,CLIPese,0.0,True,mature,0.36892499999999995,False,,-1,0.0495335,0.1963215,0.04415086656808853,0.02467377670109272
1301,fertilioreo,high_maturity,False,CLIPese,0.0,True,mature,0.47114999999999996,False,,-1,0.055220723,0.007857317,0.04415086656808853,0.02467377670109272
1302,trishstratus,high_maturity,False,CLIPese,0.0,True,mature,0.401925,False,,-1,0.047938485,-0.00011745085,0.04415086656808853,0.02467377670109272
1303,loubouttoire,high_maturity,False,CLIPese,0.0,True,mature,0.350525,False,,-1,0.19434924,0.030802434,0.04415086656808853,0.02467377670109272
1304,algoripunctuation,high_maturity,False,CLIPese,0.0,True,mature,0.077075,True,mature_weak,378,-0.13035688,0.087939955,0.04415086656808853,0.02467377670109272
1305,kaleidotwister,high_maturity,False,CLIPese,0.0,True,mature,0.41207499999999997,False,,-1,-0.13557808,0.122347206,0.04415086656808853,0.02467377670109272
1306,loafblackbird,high_maturity,False,CLIPese,0.0,True,mature,0.5619,False,,-1,0.12756026,-0.03000661,0.04415086656808853,0.02467377670109272
1307,crystinterference,high_maturity,False,CLIPese,0.0,True,mature,0.2895,False,,-1,0.05806942,-0.035250176,0.04415086656808853,0.02467377670109272
1308,nascarinfrared,high_maturity,False,CLIPese,0.0,True,mature,0.360425,False,,-1,-0.14332153,-0.009960718,0.04415086656808853,0.02467377670109272
1309,eucalyp,high_maturity,False,CLIPese,0.0,True,mature,0.45345,False,,-1,-0.07421669,0.24917884,0.04415086656808853,0.02467377670109272
1310,usairthunderbirds,high_maturity,False,CLIPese,0.0,True,mature,0.207975,False,,-1,-0.062310416,0.08276122,0.04415086656808853,0.02467377670109272
1311,compresscoil,high_maturity,False,CLIPese,0.0,True,mature,0.578975,False,,-1,-0.07043492,-0.2820475,0.04415086656808853,0.02467377670109272
1312,cougars,high_maturity,True,English,3.2,True,mature,0.427075,False,,-1,0.38327333,0.07852459,0.04415086656808853,0.02467377670109272
1313,beanbag,high_maturity,True,English,2.36,True,mature,0.60715,False,,-1,0.20099524,0.21114226,0.04415086656808853,0.02467377670109272
1314,aviationairplane,high_maturity,False,CLIPese,0.0,True,mature,0.324525,False,,-1,-0.011365337,0.041415088,0.04415086656808853,0.02467377670109272
1315,clowdrawing,high_maturity,False,CLIPese,0.0,True,mature,0.47717500000000007,False,,-1,0.20508218,0.18180464,0.04415086656808853,0.02467377670109272
1316,beardbeige,high_maturity,False,CLIPese,0.0,True,mature,0.7467750000000001,True,mature_readable,265,0.109554954,0.18775469,0.04415086656808853,0.02467377670109272
1317,kyrgycollie,high_maturity,False,CLIPese,0.0,True,mature,0.3134,False,,-1,-0.038409714,0.26323026,0.04415086656808853,0.02467377670109272
1318,cumbrisheep,high_maturity,False,CLIPese,0.0,True,mature,0.893725,True,mature_readable,72,-0.06930166,0.1292279,0.04415086656808853,0.02467377670109272
1319,aubergepcot,high_maturity,False,CLIPese,0.0,True,mature,0.515475,False,,-1,0.036980424,0.26279014,0.04415086656808853,0.02467377670109272
1320,chromoimpressionist,high_maturity,False,CLIPese,0.0,True,mature,0.194475,False,,-1,-0.32156363,-0.1334731,0.04415086656808853,0.02467377670109272
1321,masamutilmicroscopy,high_maturity,False,CLIPese,0.0,True,mature,0.14769999999999997,False,,-1,-0.44053924,-0.1120378,0.04415086656808853,0.02467377670109272
1322,wolvecorgi,high_maturity,False,CLIPese,0.0,True,mature,0.2545,False,,-1,0.035286803,0.11756872,0.04415086656808853,0.02467377670109272
1323,louboutladybug,high_maturity,False,CLIPese,0.0,True,mature,0.18074999999999997,False,,-1,-0.2620438,0.20169419,0.04415086656808853,0.02467377670109272
1324,ondleopsafarilive,high_maturity,False,CLIPese,0.0,True,mature,0.22999999999999998,False,,-1,0.055634163,0.18903622,0.04415086656808853,0.02467377670109272
1325,chedattacked,high_maturity,False,CLIPese,0.0,True,mature,0.8774250000000001,True,mature_readable,201,-0.07133342,0.11596908,0.04415086656808853,0.02467377670109272
1326,jurassicsculpt,high_maturity,False,CLIPese,0.0,True,mature,0.7088749999999999,False,,-1,-0.11806313,-0.097970486,0.04415086656808853,0.02467377670109272
1327,femen,high_maturity,True,English,1.78,True,mature,0.600275,False,,-1,0.015153777,-0.19687223,0.04415086656808853,0.02467377670109272
1328,chromocapsules,high_maturity,False,CLIPese,0.0,True,mature,0.44129999999999997,False,,-1,-0.21054518,-0.24360631,0.04415086656808853,0.02467377670109272
1329,ularhino,high_maturity,False,CLIPese,0.0,True,mature,0.90235,True,mature_readable,68,0.14824186,-0.094756745,0.04415086656808853,0.02467377670109272
1330,belgimrt,high_maturity,False,CLIPese,0.0,True,mature,0.471525,False,,-1,0.004670279,-0.15552473,0.04415086656808853,0.02467377670109272
1331,metrnunavut,high_maturity,False,CLIPese,0.0,True,mature,0.6880749999999999,True,fallback_fill,494,0.16313511,-0.012713019,0.04415086656808853,0.02467377670109272
1332,mitochondri,high_maturity,False,CLIPese,0.0,True,mature,0.35785,False,,-1,-0.15302645,0.00624761,0.04415086656808853,0.02467377670109272
1333,rumbomile,high_maturity,False,CLIPese,0.0,True,mature,0.560975,False,,-1,0.018365843,-0.1671848,0.04415086656808853,0.02467377670109272
1334,bedpan,high_maturity,True,English,1.82,True,mature,0.860575,True,mature_readable,119,0.09734859,-0.01522748,0.04415086656808853,0.02467377670109272
1335,aeronballon,high_maturity,False,CLIPese,0.0,True,mature,0.517725,False,,-1,0.2333599,-0.15666698,0.04415086656808853,0.02467377670109272
1336,expandminecraft,high_maturity,False,CLIPese,0.0,True,mature,0.50305,False,,-1,-0.09507625,-0.21613139,0.04415086656808853,0.02467377670109272
1337,taxiderpaint,high_maturity,False,CLIPese,0.0,True,mature,0.28845,False,,-1,-0.0054083844,-0.2302869,0.04415086656808853,0.02467377670109272
1338,cryptojesus,high_maturity,False,CLIPese,0.0,True,mature,0.678775,False,,-1,0.2530529,-0.18375412,0.04415086656808853,0.02467377670109272
1339,baysox,high_maturity,False,CLIPese,0.0,True,mature,0.875875,True,mature_readable,129,0.18099107,-0.34654668,0.04415086656808853,0.02467377670109272
1340,banknomugshot,high_maturity,False,CLIPese,0.0,True,mature,0.754475,True,mature_readable,238,-0.2651069,0.0017147672,0.04415086656808853,0.02467377670109272
1341,compostnapkin,high_maturity,False,CLIPese,0.0,True,mature,0.63765,False,,-1,-0.27902913,-0.11041293,0.04415086656808853,0.02467377670109272
1342,roomloafzebraloaf,high_maturity,False,CLIPese,0.0,True,mature,0.350825,False,,-1,0.035624336,-0.17977552,0.04415086656808853,0.02467377670109272
1343,belgiboeing,high_maturity,False,CLIPese,0.0,True,mature,0.469325,False,,-1,0.21783699,0.09911781,0.04415086656808853,0.02467377670109272
1344,staffies,high_maturity,True,English,1.51,True,mature,0.799025,True,mature_readable,248,0.18030474,0.04133346,0.04415086656808853,0.02467377670109272
1345,pyramhangout,high_maturity,False,CLIPese,0.0,True,mature,0.788575,True,mature_readable,154,-0.22112203,-0.04698864,0.04415086656808853,0.02467377670109272
1346,ciscocat,high_maturity,False,CLIPese,0.0,True,mature,0.716925,False,,-1,0.06152964,-0.27803743,0.04415086656808853,0.02467377670109272
1347,corkboard,high_maturity,True,English,1.58,True,mature,0.762775,True,mature_readable,250,0.18662508,-0.13027869,0.04415086656808853,0.02467377670109272
1348,boyoung,high_maturity,False,CLIPese,0.0,True,mature,0.329275,False,,-1,0.3112484,-0.21651348,0.04415086656808853,0.02467377670109272
1349,dancingdevgn,high_maturity,False,CLIPese,0.0,True,mature,0.4159,False,,-1,0.05489011,0.14085928,0.04415086656808853,0.02467377670109272
1350,mesmeriviruses,high_maturity,False,CLIPese,0.0,True,mature,0.34420000000000006,False,,-1,-0.222217,0.0036445118,0.04415086656808853,0.02467377670109272
1351,bathtub,high_maturity,True,English,3.45,True,mature,0.65625,False,,-1,-0.020003865,-0.10232255,0.04415086656808853,0.02467377670109272
1352,owlbirds,high_maturity,False,CLIPese,0.0,True,mature,0.58755,False,,-1,0.32605064,0.09936554,0.04415086656808853,0.02467377670109272
1353,kaleidoexpanding,high_maturity,False,CLIPese,0.0,True,mature,0.432775,False,,-1,-0.10862993,-0.07773448,0.04415086656808853,0.02467377670109272
1354,woodenukeinstrument,high_maturity,False,CLIPese,0.0,True,mature,0.64615,True,fallback_fill,501,-0.1908343,0.04952837,0.04415086656808853,0.02467377670109272
1355,hewpunisher,high_maturity,False,CLIPese,0.0,True,mature,0.5884,False,,-1,-0.014184402,0.38139704,0.04415086656808853,0.02467377670109272
1356,aquaman,high_maturity,True,English,2.95,True,mature,0.81795,True,mature_readable,140,0.07554259,-0.1755988,0.04415086656808853,0.02467377670109272
1357,calibrcamera,high_maturity,False,CLIPese,0.0,True,mature,0.5738000000000001,False,,-1,-0.15521993,0.027018256,0.04415086656808853,0.02467377670109272
1358,kaleidorectanpatterned,high_maturity,False,CLIPese,0.0,True,mature,0.059175000000000005,False,,-1,-0.2760436,-0.039993487,0.04415086656808853,0.02467377670109272
1359,distorbartollenin,high_maturity,False,CLIPese,0.0,True,mature,0.27037500000000003,False,,-1,-0.18512358,-0.04409089,0.04415086656808853,0.02467377670109272
1360,danneel,high_maturity,True,English,1.07,True,mature,0.543525,False,,-1,0.10081223,0.025096208,0.04415086656808853,0.02467377670109272
1361,compudesk,high_maturity,False,CLIPese,0.0,True,mature,0.8337,True,orthographic_hard,17,-0.051345173,-0.17213286,0.04415086656808853,0.02467377670109272
1362,taxiderraccoon,high_maturity,False,CLIPese,0.0,True,mature,0.516525,False,,-1,0.012406341,-0.39386633,0.04415086656808853,0.02467377670109272
1363,secursriracha,high_maturity,False,CLIPese,0.0,True,mature,0.54365,False,,-1,-0.116678864,0.12331888,0.04415086656808853,0.02467377670109272
1364,beadmylittlepony,high_maturity,False,CLIPese,0.0,True,mature,0.5314,False,,-1,-0.17305988,0.06535694,0.04415086656808853,0.02467377670109272
1365,carlospena,high_maturity,False,CLIPese,0.0,True,mature,0.627825,False,,-1,0.1914603,0.22798981,0.04415086656808853,0.02467377670109272
1366,babyhiro,high_maturity,False,CLIPese,0.0,True,mature,0.8478,True,mature_readable,213,-0.21451344,0.036517896,0.04415086656808853,0.02467377670109272
1367,chooks,high_maturity,True,English,1.97,True,mature,0.697225,False,,-1,0.18496741,-0.19439617,0.04415086656808853,0.02467377670109272
1368,aldubkajthreads,high_maturity,False,CLIPese,0.0,True,mature,0.66725,False,,-1,-0.20467515,0.20688675,0.04415086656808853,0.02467377670109272
1369,shepsut,high_maturity,False,CLIPese,0.0,True,mature,0.4378999999999999,False,,-1,0.11081741,-0.06967214,0.04415086656808853,0.02467377670109272
1370,videophotograph,high_maturity,False,CLIPese,0.0,True,mature,0.08700000000000001,True,mature_weak,375,-0.19883999,-0.06320454,0.04415086656808853,0.02467377670109272
1371,photomdigitalart,high_maturity,False,CLIPese,0.0,True,mature,0.04160000000000001,False,,-1,-0.34016645,0.04697111,0.04415086656808853,0.02467377670109272
1372,multiimagenoise,high_maturity,False,CLIPese,0.0,True,mature,0.23547500000000002,False,,-1,-0.18013725,-0.022364091,0.04415086656808853,0.02467377670109272
1373,incrediwilshere,high_maturity,False,CLIPese,0.0,True,mature,0.27309999999999995,False,,-1,0.05842342,-0.03378026,0.04415086656808853,0.02467377670109272
1374,wormjuggcopernicdataviz,high_maturity,False,CLIPese,0.0,True,mature,0.304,False,,-1,-0.11169091,0.14693907,0.04415086656808853,0.02467377670109272
1375,zuckerfortnseizure,high_maturity,False,CLIPese,0.0,True,mature,0.2038,True,mature_weak,438,-0.13663456,0.06816208,0.04415086656808853,0.02467377670109272
1376,bluejays,high_maturity,True,English,2.18,True,mature,0.5297000000000001,False,,-1,0.22967757,-0.16165061,0.04415086656808853,0.02467377670109272
1377,blurzazzle,high_maturity,False,CLIPese,0.0,True,mature,0.51925,False,,-1,0.23212577,-0.11975723,0.04415086656808853,0.02467377670109272
1378,ninten,high_maturity,True,English,1.13,True,mature,0.785375,True,mature_readable,183,0.26341474,0.058673676,0.04415086656808853,0.02467377670109272
1379,catposter,high_maturity,False,CLIPese,0.0,True,mature,0.69685,False,,-1,0.20781349,-0.19772579,0.04415086656808853,0.02467377670109272
1380,compumonitor,high_maturity,False,CLIPese,0.0,True,mature,0.786025,False,,-1,-0.33176607,-0.248033,0.04415086656808853,0.02467377670109272
1381,coyodog,high_maturity,False,CLIPese,0.0,True,mature,0.751175,False,,-1,0.14328974,-0.18428224,0.04415086656808853,0.02467377670109272
1382,calibrturin,high_maturity,False,CLIPese,0.0,True,mature,0.5936,False,,-1,0.10707231,-0.1045564,0.04415086656808853,0.02467377670109272
1383,trombsaxophonbonnet,high_maturity,False,CLIPese,0.0,True,mature,0.7240000000000001,False,,-1,-0.21853173,-0.287972,0.04415086656808853,0.02467377670109272
1384,bbcfrequency,high_maturity,False,CLIPese,0.0,True,mature,0.5656500000000001,True,orthographic_hard,30,-0.045770526,0.04637741,0.04415086656808853,0.02467377670109272
1385,kaleidopaddleparticles,high_maturity,False,CLIPese,0.0,True,mature,0.382375,False,,-1,-0.16772187,-0.06176633,0.04415086656808853,0.02467377670109272
1386,unhdreamliner,high_maturity,False,CLIPese,0.0,True,mature,0.364325,False,,-1,-0.042726204,-0.23602004,0.04415086656808853,0.02467377670109272
1387,kaleimpressionist,high_maturity,False,CLIPese,0.0,True,mature,0.39652499999999996,False,,-1,-0.24846704,0.0006924385,0.04415086656808853,0.02467377670109272
1388,uterdoorway,high_maturity,False,CLIPese,0.0,True,mature,0.48092499999999994,False,,-1,-0.13772671,0.11954481,0.04415086656808853,0.02467377670109272
1389,syriacivil,high_maturity,False,CLIPese,0.0,True,mature,0.3996,False,,-1,0.11062609,0.043359548,0.04415086656808853,0.02467377670109272
1390,footbath,high_maturity,True,English,1.23,True,mature,0.772375,True,mature_readable,240,0.055719964,0.13408296,0.04415086656808853,0.02467377670109272
1391,taxiderpixels,high_maturity,False,CLIPese,0.0,True,mature,0.30837499999999995,False,,-1,0.098216325,-0.2328939,0.04415086656808853,0.02467377670109272
1392,doppleg,high_maturity,False,CLIPese,0.0,True,mature,0.38165,False,,-1,0.11715898,0.26821804,0.04415086656808853,0.02467377670109272
1393,lenaheadey,high_maturity,False,CLIPese,0.0,True,mature,0.57575,False,,-1,-0.033362795,0.07076469,0.04415086656808853,0.02467377670109272
1394,homohuskies,high_maturity,False,CLIPese,0.0,True,mature,0.9170499999999999,True,mature_readable,53,0.07579158,-0.03506468,0.04415086656808853,0.02467377670109272
1395,owlwristband,high_maturity,False,CLIPese,0.0,True,mature,0.6962250000000001,True,fallback_fill,502,0.19504866,0.123307206,0.04415086656808853,0.02467377670109272
1396,taxiderzaplakota,high_maturity,False,CLIPese,0.0,True,mature,0.218675,False,,-1,0.025604296,-0.21548785,0.04415086656808853,0.02467377670109272
1397,sphermascsurface,high_maturity,False,CLIPese,0.0,True,mature,0.25045,False,,-1,-0.35887578,-0.036679327,0.04415086656808853,0.02467377670109272
1398,belts,high_maturity,True,English,3.74,True,mature,0.87585,True,mature_readable,130,0.46885103,0.02360546,0.04415086656808853,0.02467377670109272
1399,airbus,high_maturity,True,English,3.33,True,mature,0.80305,True,mature_readable,198,0.33032966,0.22805245,0.04415086656808853,0.02467377670109272
1400,mobilegamecube,high_maturity,False,CLIPese,0.0,True,mature,0.4416,False,,-1,-0.24866435,0.100355975,0.04415086656808853,0.02467377670109272
1401,orangupsychedelic,high_maturity,False,CLIPese,0.0,True,mature,0.028025,True,mature_weak,369,-0.28608632,0.10129094,0.04415086656808853,0.02467377670109272
1402,shoebaseball,high_maturity,False,CLIPese,0.0,True,mature,0.883125,True,mature_readable,66,0.16766265,0.16885011,0.04415086656808853,0.02467377670109272
1403,taxiderwielding,high_maturity,False,CLIPese,0.0,True,mature,0.3094,False,,-1,0.07656748,-0.10256627,0.04415086656808853,0.02467377670109272
1404,halloweenemojis,high_maturity,False,CLIPese,0.0,True,mature,0.7537999999999999,False,,-1,0.2375281,-0.03139221,0.04415086656808853,0.02467377670109272
1405,backscratcher,high_maturity,True,English,1.18,True,mature,0.5578,False,,-1,-0.16096503,-0.14900494,0.04415086656808853,0.02467377670109272
1406,edgdilevinaigrette,high_maturity,False,CLIPese,0.0,True,mature,0.15994999999999998,True,mature_weak,427,0.14927897,0.08400133,0.04415086656808853,0.02467377670109272
1407,losswaldo,high_maturity,False,CLIPese,0.0,True,mature,0.6653500000000001,False,,-1,0.15517873,0.0921589,0.04415086656808853,0.02467377670109272
1408,burberry,high_maturity,True,English,3.11,True,mature,0.9184500000000001,True,mature_readable,120,0.31054777,-0.058513407,0.04415086656808853,0.02467377670109272
1409,handleclickoctopus,high_maturity,False,CLIPese,0.0,True,mature,0.68865,True,fallback_fill,492,-0.0817199,0.07333806,0.04415086656808853,0.02467377670109272
1410,labrada,high_maturity,True,English,1.24,True,mature,0.7328,True,mature_readable,254,-0.038098857,-0.073217414,0.04415086656808853,0.02467377670109272
1411,cytometry,high_maturity,True,English,2.25,True,mature,0.9178,True,mature_readable,94,-0.1371892,-0.17623758,0.04415086656808853,0.02467377670109272
1412,aerobteens,high_maturity,False,CLIPese,0.0,True,mature,0.8855000000000001,True,mature_readable,85,0.29005745,-0.10548265,0.04415086656808853,0.02467377670109272
1413,zakkwylde,high_maturity,False,CLIPese,0.0,True,mature,0.45245,False,,-1,0.41787344,0.094259925,0.04415086656808853,0.02467377670109272
1414,archancosmetics,high_maturity,False,CLIPese,0.0,True,mature,0.784975,True,mature_readable,219,0.018091734,-0.22622322,0.04415086656808853,0.02467377670109272
1415,taxiderbreastcancerhorribly,high_maturity,False,CLIPese,0.0,True,mature,0.202875,False,,-1,-0.1924368,-0.14985314,0.04415086656808853,0.02467377670109272
1416,chromovegetables,high_maturity,False,CLIPese,0.0,True,mature,0.60155,False,,-1,-0.12371787,-0.04193656,0.04415086656808853,0.02467377670109272
1417,horseastronaut,high_maturity,False,CLIPese,0.0,True,mature,0.603,False,,-1,-0.010925111,0.07940343,0.04415086656808853,0.02467377670109272
1418,chimpan,high_maturity,False,CLIPese,0.0,True,mature,0.8154250000000001,True,mature_readable,171,-0.01855953,-0.29660177,0.04415086656808853,0.02467377670109272
1419,biopcattle,high_maturity,False,CLIPese,0.0,True,mature,0.88685,True,mature_readable,74,0.06995838,-0.09633413,0.04415086656808853,0.02467377670109272
1420,chessvisualmultiplayer,high_maturity,False,CLIPese,0.0,True,mature,0.44862499999999994,False,,-1,-0.029925266,-0.035759524,0.04415086656808853,0.02467377670109272
1421,icelandpatches,high_maturity,False,CLIPese,0.0,True,mature,0.553575,False,,-1,-0.2188602,-0.071122915,0.04415086656808853,0.02467377670109272
1422,kaleidoepilepsy,high_maturity,False,CLIPese,0.0,True,mature,0.2159,False,,-1,-0.26133823,0.06867818,0.04415086656808853,0.02467377670109272
1423,candelabra,high_maturity,True,English,2.45,True,mature,0.532825,False,,-1,-0.0043984805,0.028604265,0.04415086656808853,0.02467377670109272
1424,alphonautograph,high_maturity,False,CLIPese,0.0,True,mature,0.3834,False,,-1,-0.284742,0.020035792,0.04415086656808853,0.02467377670109272
1425,cheetah,high_maturity,True,English,3.2,True,mature,0.6194,False,,-1,-0.017417459,-0.1949621,0.04415086656808853,0.02467377670109272
1426,sriracha,high_maturity,True,English,2.72,True,mature,0.9437750000000001,True,mature_readable,63,0.17355298,-0.23764214,0.04415086656808853,0.02467377670109272
1427,disintegrhfxpixels,high_maturity,False,CLIPese,0.0,True,mature,0.1486,False,,-1,-0.3017311,-0.086563505,0.04415086656808853,0.02467377670109272
1428,rhapikachu,high_maturity,False,CLIPese,0.0,True,mature,0.7497,False,,-1,-0.14584644,0.13406882,0.04415086656808853,0.02467377670109272
1429,dendmblesimulation,high_maturity,False,CLIPese,0.0,True,mature,0.790675,False,,-1,-0.2665867,-0.014179464,0.04415086656808853,0.02467377670109272
1430,loafsmol,high_maturity,False,CLIPese,0.0,True,mature,0.07139999999999999,False,,-1,-0.0846522,-0.22544038,0.04415086656808853,0.02467377670109272
1431,crystblurry,high_maturity,False,CLIPese,0.0,True,mature,0.26455,False,,-1,0.0051399106,0.011991608,0.04415086656808853,0.02467377670109272
1432,rainbowgarridesktop,high_maturity,False,CLIPese,0.0,True,mature,0.2748,False,,-1,-0.20166148,0.074717,0.04415086656808853,0.02467377670109272
1433,digitalpopart,high_maturity,False,CLIPese,0.0,True,mature,0.127875,False,,-1,-0.1437775,0.0057294997,0.04415086656808853,0.02467377670109272
1434,kaleidoprospects,high_maturity,False,CLIPese,0.0,True,mature,0.5064249999999999,False,,-1,-0.2686938,0.07863541,0.04415086656808853,0.02467377670109272
1435,acoyotes,high_maturity,False,CLIPese,0.0,True,mature,0.909225,True,mature_readable,70,0.22794354,0.026823038,0.04415086656808853,0.02467377670109272
1436,harampolite,high_maturity,False,CLIPese,0.0,True,mature,0.5764499999999999,False,,-1,-0.23629698,0.056505296,0.04415086656808853,0.02467377670109272
1437,goldenretridawson,high_maturity,False,CLIPese,0.0,True,mature,0.30622499999999997,False,,-1,-0.19050853,0.2289188,0.04415086656808853,0.02467377670109272
1438,grumpmedusa,high_maturity,False,CLIPese,0.0,True,mature,0.508325,False,,-1,-0.23604581,0.017031424,0.04415086656808853,0.02467377670109272
1439,predatdressage,high_maturity,False,CLIPese,0.0,True,mature,0.369025,False,,-1,-0.13283351,0.08443028,0.04415086656808853,0.02467377670109272
1440,schnautriplets,high_maturity,False,CLIPese,0.0,True,mature,0.388425,False,,-1,-0.13266398,0.16638328,0.04415086656808853,0.02467377670109272
1441,sphinozil,high_maturity,False,CLIPese,0.0,True,mature,0.5160250000000001,False,,-1,0.030577162,0.13205145,0.04415086656808853,0.02467377670109272
1442,spicejet,high_maturity,True,English,1.86,True,mature,0.530375,False,,-1,0.14282495,-0.15288098,0.04415086656808853,0.02467377670109272
1443,celery,high_maturity,True,English,3.32,True,mature,0.8980750000000001,True,mature_readable,73,0.19993518,0.048841167,0.04415086656808853,0.02467377670109272
1444,taxiderspectacportrait,high_maturity,False,CLIPese,0.0,True,mature,0.110125,False,,-1,-0.22551015,-0.09646849,0.04415086656808853,0.02467377670109272
1445,cybertrippy,high_maturity,False,CLIPese,0.0,True,mature,0.280025,False,,-1,0.06529862,0.014344027,0.04415086656808853,0.02467377670109272
1446,gigipikachu,high_maturity,False,CLIPese,0.0,True,mature,0.767725,True,mature_readable,174,-0.1135996,0.19862846,0.04415086656808853,0.02467377670109272
1447,loafcaturday,high_maturity,False,CLIPese,0.0,True,mature,0.52965,False,,-1,0.043029472,0.0784485,0.04415086656808853,0.02467377670109272
1448,kaleidobubbles,high_maturity,False,CLIPese,0.0,True,mature,0.310725,False,,-1,0.122035846,0.13611805,0.04415086656808853,0.02467377670109272
1449,adopttuxedo,high_maturity,False,CLIPese,0.0,True,mature,0.438575,False,,-1,0.10717329,0.04245888,0.04415086656808853,0.02467377670109272
1450,wefaq,high_maturity,True,English,1.61,True,mature,0.4167,False,,-1,0.3138539,0.026617458,0.04415086656808853,0.02467377670109272
1451,photombanerjee,high_maturity,False,CLIPese,0.0,True,mature,0.122125,False,,-1,-0.21214412,-0.009997171,0.04415086656808853,0.02467377670109272
1452,jpimpressionism,high_maturity,False,CLIPese,0.0,True,mature,0.4675250000000001,False,,-1,-0.32484227,-0.10383094,0.04415086656808853,0.02467377670109272
1453,shuffleboard,high_maturity,True,English,2.14,True,mature,0.749925,False,,-1,0.14895284,0.096175045,0.04415086656808853,0.02467377670109272
1454,corset,high_maturity,True,English,3.03,True,mature,0.5056,False,,-1,0.18724708,0.045954417,0.04415086656808853,0.02467377670109272
1455,distorgorillaemu,high_maturity,False,CLIPese,0.0,True,mature,0.329425,False,,-1,-0.2855937,0.11702603,0.04415086656808853,0.02467377670109272
1456,abstrmachinelearning,high_maturity,False,CLIPese,0.0,True,mature,0.19722499999999998,False,,-1,-0.22151034,0.0022246407,0.04415086656808853,0.02467377670109272
1457,babysbeaches,high_maturity,False,CLIPese,0.0,True,mature,0.760575,False,,-1,0.170686,-0.012827731,0.04415086656808853,0.02467377670109272
1458,pjparalysis,high_maturity,False,CLIPese,0.0,True,mature,0.3486250000000001,False,,-1,0.25624564,0.15276602,0.04415086656808853,0.02467377670109272
1459,pyramsquirrels,high_maturity,False,CLIPese,0.0,True,mature,0.7886,False,,-1,-0.24015394,-0.0024980663,0.04415086656808853,0.02467377670109272
1460,muchhal,high_maturity,False,CLIPese,0.0,True,mature,0.7386499999999999,False,,-1,0.044737738,-0.0299138,0.04415086656808853,0.02467377670109272
1461,chromia,high_maturity,True,English,1.17,True,mature,0.6676500000000001,False,,-1,-0.04955523,-0.06251445,0.04415086656808853,0.02467377670109272
1462,bombaztec,high_maturity,False,CLIPese,0.0,True,mature,0.8169750000000001,True,mature_readable,209,-0.13246714,-0.3389218,0.04415086656808853,0.02467377670109272
1463,appalachbhopal,high_maturity,False,CLIPese,0.0,True,mature,0.47819999999999996,False,,-1,-0.13795882,0.1146585,0.04415086656808853,0.02467377670109272
1464,yeahkernel,high_maturity,False,CLIPese,0.0,True,mature,0.77265,True,mature_readable,255,-0.19399582,0.086688206,0.04415086656808853,0.02467377670109272
1465,kaleidosymmetry,high_maturity,False,CLIPese,0.0,True,mature,0.279325,False,,-1,-0.4166663,-0.1496562,0.04415086656808853,0.02467377670109272
1466,reinforoaxcaribou,high_maturity,False,CLIPese,0.0,True,mature,0.2022,True,mature_weak,437,0.247005,-0.13983889,0.04415086656808853,0.02467377670109272
1467,aeronauturbulsimulation,high_maturity,False,CLIPese,0.0,True,mature,0.47695,False,,-1,-0.12629737,0.08725307,0.04415086656808853,0.02467377670109272
1468,kokoepilepsy,high_maturity,False,CLIPese,0.0,True,mature,0.69425,True,fallback_fill,495,0.10515348,-0.028226903,0.04415086656808853,0.02467377670109272
1469,loafmonday,high_maturity,False,CLIPese,0.0,True,mature,0.656075,False,,-1,0.17721882,-0.11576799,0.04415086656808853,0.02467377670109272
1470,expirabstrscrambled,high_maturity,False,CLIPese,0.0,True,mature,0.1515,False,,-1,-0.08269444,-0.09207597,0.04415086656808853,0.02467377670109272
1471,kaleidohue,high_maturity,False,CLIPese,0.0,True,mature,0.39899999999999997,False,,-1,0.028316624,0.08832882,0.04415086656808853,0.02467377670109272
1472,kaleidointerstellar,high_maturity,False,CLIPese,0.0,True,mature,0.23159999999999997,False,,-1,-0.12878385,0.03250789,0.04415086656808853,0.02467377670109272
1473,itsmeangelie,high_maturity,False,CLIPese,0.0,True,mature,0.110175,True,mature_weak,400,0.03652817,-0.0137613,0.04415086656808853,0.02467377670109272
1474,cartoonpuzzle,high_maturity,False,CLIPese,0.0,True,mature,0.7354,False,,-1,0.046455465,-0.010902608,0.04415086656808853,0.02467377670109272
1475,lucylawless,high_maturity,False,CLIPese,0.0,True,mature,0.427075,False,,-1,0.364262,0.34267968,0.04415086656808853,0.02467377670109272
1476,pomeresquirls,high_maturity,False,CLIPese,0.0,True,mature,0.34657499999999997,False,,-1,-0.3402895,0.09460602,0.04415086656808853,0.02467377670109272
1477,juggcthulhu,high_maturity,False,CLIPese,0.0,True,mature,0.620425,False,,-1,-0.047332708,0.12747514,0.04415086656808853,0.02467377670109272
1478,caruanagalizia,high_maturity,False,CLIPese,0.0,True,mature,0.2426,False,,-1,-0.20231162,0.30924314,0.04415086656808853,0.02467377670109272
1479,cycliokstate,high_maturity,False,CLIPese,0.0,True,mature,0.046024999999999996,True,mature_weak,404,-0.12782937,-0.21004157,0.04415086656808853,0.02467377670109272
1480,horseprius,high_maturity,False,CLIPese,0.0,True,mature,0.5065,False,,-1,-0.07862769,0.013993179,0.04415086656808853,0.02467377670109272
1481,screenshotcthulhu,high_maturity,False,CLIPese,0.0,True,mature,0.5054,False,,-1,-0.23461172,0.16695903,0.04415086656808853,0.02467377670109272
1482,vistara,high_maturity,True,English,1.37,True,mature,0.694625,True,fallback_fill,504,0.07691328,-0.2975053,0.04415086656808853,0.02467377670109272
1483,caracas,high_maturity,True,English,3.29,True,mature,0.80145,True,mature_readable,259,0.2250827,0.19462983,0.04415086656808853,0.02467377670109272
1484,cyberrender,high_maturity,False,CLIPese,0.0,True,mature,0.689125,False,,-1,0.1353399,-0.14359587,0.04415086656808853,0.02467377670109272
1485,binghamtrump,high_maturity,False,CLIPese,0.0,True,mature,0.6771750000000001,False,,-1,-0.30585998,-0.15401588,0.04415086656808853,0.02467377670109272
1486,mandelscans,high_maturity,False,CLIPese,0.0,True,mature,0.92205,True,orthographic_hard,5,-0.116470926,-0.095845506,0.04415086656808853,0.02467377670109272
1487,rohingboxer,high_maturity,False,CLIPese,0.0,True,mature,0.56445,False,,-1,0.13572626,-0.087662324,0.04415086656808853,0.02467377670109272
1488,cuador,high_maturity,False,CLIPese,0.0,True,mature,0.8563500000000001,True,mature_readable,127,0.22721115,0.070938066,0.04415086656808853,0.02467377670109272
1489,kaleidohorton,high_maturity,False,CLIPese,0.0,True,mature,0.278325,False,,-1,0.044317313,0.09189087,0.04415086656808853,0.02467377670109272
1490,madagasanirudhofficial,high_maturity,False,CLIPese,0.0,True,mature,0.19895000000000002,False,,-1,-0.22903444,0.042190626,0.04415086656808853,0.02467377670109272
1491,achaille,high_maturity,False,CLIPese,0.0,True,mature,0.6799,True,fallback_fill,491,0.06306684,0.120585606,0.04415086656808853,0.02467377670109272
1492,abstrimagetexture,high_maturity,False,CLIPese,0.0,True,mature,0.24757500000000002,False,,-1,-0.3370201,-0.100717306,0.04415086656808853,0.02467377670109272
1493,toucan,high_maturity,True,English,2.36,True,mature,0.655675,False,,-1,0.2222568,0.08620559,0.04415086656808853,0.02467377670109272
1494,mandelvapordeen,high_maturity,False,CLIPese,0.0,True,mature,0.49792500000000006,False,,-1,-0.014227054,0.023854917,0.04415086656808853,0.02467377670109272
1495,comikaze,high_maturity,True,English,1.04,True,mature,0.49124999999999996,False,,-1,0.14108293,-0.3263897,0.04415086656808853,0.02467377670109272
1496,taxideranimalrights,high_maturity,False,CLIPese,0.0,True,mature,0.15162499999999998,False,,-1,-0.20127064,-0.12846477,0.04415086656808853,0.02467377670109272
1497,knopfler,high_maturity,True,English,1.91,True,mature,0.646175,False,,-1,0.028276196,0.27262655,0.04415086656808853,0.02467377670109272
1498,mathematmathematcollagen,high_maturity,False,CLIPese,0.0,True,mature,0.44249999999999995,False,,-1,-0.30347723,-0.092422806,0.04415086656808853,0.02467377670109272
1499,lgbtqihriausa,high_maturity,False,CLIPese,0.0,True,mature,0.36107500000000003,False,,-1,0.40290153,0.06928548,0.04415086656808853,0.02467377670109272
1500,lagunitas,high_maturity,True,English,1.91,True,mature,0.8967499999999999,True,mature_readable,69,-0.16939516,0.029398266,0.04415086656808853,0.02467377670109272
1501,taxiderowls,high_maturity,False,CLIPese,0.0,True,mature,0.33872500000000005,False,,-1,0.41331473,-0.19258001,0.04415086656808853,0.02467377670109272
1502,floweremojis,high_maturity,False,CLIPese,0.0,True,mature,0.612125,False,,-1,-0.07494128,-0.13982275,0.04415086656808853,0.02467377670109272
1503,dilaik,high_maturity,False,CLIPese,0.0,True,mature,0.41215,False,,-1,0.048385505,0.012193374,0.04415086656808853,0.02467377670109272
1504,olantaxiderolancougar,high_maturity,False,CLIPese,0.0,True,mature,0.36785,False,,-1,-0.16382508,-0.117863506,0.04415086656808853,0.02467377670109272
1505,daffo,high_maturity,False,CLIPese,0.0,True,mature,0.801175,True,mature_readable,134,0.26648223,0.024770208,0.04415086656808853,0.02467377670109272
1506,daisyspider,high_maturity,False,CLIPese,0.0,True,mature,0.715275,False,,-1,0.06238515,-0.22958842,0.04415086656808853,0.02467377670109272
1507,chromorefrsteria,high_maturity,False,CLIPese,0.0,True,mature,0.6881499999999999,False,,-1,-0.2574062,-0.22840996,0.04415086656808853,0.02467377670109272
1508,rosetekken,high_maturity,False,CLIPese,0.0,True,mature,0.7141000000000001,False,,-1,-0.060898688,-0.07551277,0.04415086656808853,0.02467377670109272
1509,taxiderfoxes,high_maturity,False,CLIPese,0.0,True,mature,0.221225,False,,-1,0.030332329,-0.24285685,0.04415086656808853,0.02467377670109272
1510,wavefractal,high_maturity,False,CLIPese,0.0,True,mature,0.606225,False,,-1,0.30509642,0.16306534,0.04415086656808853,0.02467377670109272
1511,vikaskhanna,high_maturity,False,CLIPese,0.0,True,mature,0.2792,False,,-1,0.14763065,-0.019883553,0.04415086656808853,0.02467377670109272
1512,lawnleash,high_maturity,False,CLIPese,0.0,True,mature,0.6901499999999999,True,fallback_fill,490,0.20197211,0.101116955,0.04415086656808853,0.02467377670109272
1513,categorpixel,high_maturity,False,CLIPese,0.0,True,mature,0.5184500000000001,False,,-1,0.1764168,-0.115345724,0.04415086656808853,0.02467377670109272
1514,viaduckworth,high_maturity,False,CLIPese,0.0,True,mature,0.060275,True,mature_weak,379,0.34390524,0.06249496,0.04415086656808853,0.02467377670109272
1515,endocrpandas,high_maturity,False,CLIPese,0.0,True,mature,0.800875,True,mature_readable,128,0.022334697,-0.039390694,0.04415086656808853,0.02467377670109272
1516,bikers,high_maturity,True,English,3.25,True,mature,0.78325,False,,-1,0.45973003,0.006237765,0.04415086656808853,0.02467377670109272
1517,bassinet,high_maturity,True,English,2.27,True,mature,0.28255,False,,-1,0.0013857486,-0.0538374,0.04415086656808853,0.02467377670109272
1518,silhoufigurine,high_maturity,False,CLIPese,0.0,True,mature,0.1461,False,,-1,-0.21062374,0.1576255,0.04415086656808853,0.02467377670109272
1519,louboutshri,high_maturity,False,CLIPese,0.0,True,mature,0.164575,False,,-1,-0.08558552,0.3163835,0.04415086656808853,0.02467377670109272
1520,psychedmarshmallows,high_maturity,False,CLIPese,0.0,True,mature,0.457375,False,,-1,-0.20884748,-0.010913585,0.04415086656808853,0.02467377670109272
1521,sphersnowball,high_maturity,False,CLIPese,0.0,True,mature,0.708225,False,,-1,-0.054342743,0.031832494,0.04415086656808853,0.02467377670109272
1522,chondri,high_maturity,False,CLIPese,0.0,True,mature,0.1948,False,,-1,0.22967328,-0.079130895,0.04415086656808853,0.02467377670109272
1523,contracepcontainer,high_maturity,False,CLIPese,0.0,True,mature,0.332775,False,,-1,-0.2061263,0.004825872,0.04415086656808853,0.02467377670109272
1524,taxiderpoutine,high_maturity,False,CLIPese,0.0,True,mature,0.369975,False,,-1,-0.0251009,-0.16011906,0.04415086656808853,0.02467377670109272
1525,chromocells,high_maturity,False,CLIPese,0.0,True,mature,0.326275,False,,-1,-0.11217934,-0.20332658,0.04415086656808853,0.02467377670109272
1526,emiratesair,high_maturity,False,CLIPese,0.0,True,mature,0.7102,True,fallback_fill,496,0.11899761,-0.19550702,0.04415086656808853,0.02467377670109272
1527,ballybo,high_maturity,False,CLIPese,0.0,True,mature,0.693825,False,,-1,0.025232453,0.10642126,0.04415086656808853,0.02467377670109272
1528,rubiamiibo,high_maturity,False,CLIPese,0.0,True,mature,0.7528250000000001,True,mature_readable,234,0.04661502,-0.11799261,0.04415086656808853,0.02467377670109272
1529,cyclists,high_maturity,True,English,3.69,True,mature,0.7104500000000001,False,,-1,0.24191132,-0.10448507,0.04415086656808853,0.02467377670109272
1530,coastpath,high_maturity,False,CLIPese,0.0,True,mature,0.9041499999999999,True,mature_readable,77,0.06100702,-0.2735736,0.04415086656808853,0.02467377670109272
1531,coffeeday,high_maturity,False,CLIPese,0.0,True,mature,0.88205,True,mature_readable,206,0.31625584,-0.07958177,0.04415086656808853,0.02467377670109272
1532,cataugmenteclassification,high_maturity,False,CLIPese,0.0,True,mature,0.383675,False,,-1,-0.20819,0.067953944,0.04415086656808853,0.02467377670109272
1533,chennai,high_maturity,True,English,3.52,True,mature,0.8101250000000001,True,orthographic_hard,39,0.094681546,-0.1859763,0.04415086656808853,0.02467377670109272
1534,aberavon,high_maturity,True,English,1.74,True,mature,0.7603,False,,-1,0.29780316,-0.067972854,0.04415086656808853,0.02467377670109272
1535,mascarmissingwally,high_maturity,False,CLIPese,0.0,True,mature,0.21262500000000004,False,,-1,-0.16151536,0.019529477,0.04415086656808853,0.02467377670109272
1536,angrybirds,high_maturity,False,CLIPese,0.0,True,mature,0.7119500000000001,False,,-1,0.17008534,0.08234374,0.04415086656808853,0.02467377670109272
1537,mattypixelart,high_maturity,False,CLIPese,0.0,True,mature,0.1784,False,,-1,-0.28570548,-0.15480065,0.04415086656808853,0.02467377670109272
1538,zombitextglitch,high_maturity,False,CLIPese,0.0,True,mature,0.33410000000000006,False,,-1,-0.1573249,-0.13711356,0.04415086656808853,0.02467377670109272
1539,furnfurncomputriplets,high_maturity,False,CLIPese,0.0,True,mature,0.287475,False,,-1,-0.18757914,0.04042803,0.04415086656808853,0.02467377670109272
1540,aztemissingmeasles,high_maturity,False,CLIPese,0.0,True,mature,0.6009749999999999,False,,-1,-0.13447991,-0.09573991,0.04415086656808853,0.02467377670109272
1541,taxiderborder,high_maturity,False,CLIPese,0.0,True,mature,0.3434,False,,-1,-0.15633218,-0.16815384,0.04415086656808853,0.02467377670109272
1542,taxiderconceptart,high_maturity,False,CLIPese,0.0,True,mature,0.11912500000000001,False,,-1,0.12772796,-0.4005105,0.04415086656808853,0.02467377670109272
1543,macedpygwildsheep,high_maturity,False,CLIPese,0.0,True,mature,0.25470000000000004,False,,-1,-0.08708987,0.18262562,0.04415086656808853,0.02467377670109272
1544,orangupsychedenhanced,high_maturity,False,CLIPese,0.0,True,mature,0.11202500000000001,False,,-1,-0.15771385,0.036487456,0.04415086656808853,0.02467377670109272
1545,tornadgrowler,high_maturity,False,CLIPese,0.0,True,mature,0.67405,True,fallback_fill,508,-0.06569992,0.033806533,0.04415086656808853,0.02467377670109272
1546,pileduplicspades,high_maturity,False,CLIPese,0.0,True,mature,0.265475,False,,-1,-0.32775825,0.20912777,0.04415086656808853,0.02467377670109272
1547,taxiderfigurine,high_maturity,False,CLIPese,0.0,True,mature,0.3477,False,,-1,-0.17821054,-0.0656776,0.04415086656808853,0.02467377670109272
1548,labrabreed,high_maturity,False,CLIPese,0.0,True,mature,0.417725,False,,-1,-0.112732776,0.15867123,0.04415086656808853,0.02467377670109272
1549,abstrmri,high_maturity,False,CLIPese,0.0,True,mature,0.221175,False,,-1,0.2601876,-0.3107021,0.04415086656808853,0.02467377670109272
1550,extruorice,high_maturity,False,CLIPese,0.0,True,mature,0.44957499999999995,False,,-1,0.050331876,-0.033238202,0.04415086656808853,0.02467377670109272
1551,colourcarpet,high_maturity,False,CLIPese,0.0,True,mature,0.31689999999999996,False,,-1,-0.1398713,-0.21220964,0.04415086656808853,0.02467377670109272
1552,navyparachstunt,high_maturity,False,CLIPese,0.0,True,mature,0.535075,False,,-1,-0.2339584,0.14928013,0.04415086656808853,0.02467377670109272
1553,plovers,high_maturity,True,English,2.09,True,mature,0.765025,True,orthographic_hard,10,0.21560365,-0.035473976,0.04415086656808853,0.02467377670109272
1554,angelcake,high_maturity,False,CLIPese,0.0,True,mature,0.863925,True,mature_readable,114,-0.014863409,0.09604305,0.04415086656808853,0.02467377670109272
1555,militarypretzels,high_maturity,False,CLIPese,0.0,True,mature,0.7127749999999999,True,mature_readable,239,0.0078019197,-0.1465515,0.04415086656808853,0.02467377670109272
1556,hocane,high_maturity,False,CLIPese,0.0,True,mature,0.7531999999999999,True,mature_readable,247,0.15178387,0.0856091,0.04415086656808853,0.02467377670109272
1557,biker,high_maturity,True,English,3.37,True,mature,0.28695000000000004,False,,-1,0.23518379,-0.113091335,0.04415086656808853,0.02467377670109272
1558,kaleidobradford,high_maturity,False,CLIPese,0.0,True,mature,0.42650000000000005,False,,-1,-0.30067647,0.14727367,0.04415086656808853,0.02467377670109272
1559,jitmonet,high_maturity,False,CLIPese,0.0,True,mature,0.781175,True,mature_readable,166,-0.101768464,-0.29364288,0.04415086656808853,0.02467377670109272
1560,paoloinuit,high_maturity,False,CLIPese,0.0,True,mature,0.49805,False,,-1,0.086006984,-0.052510448,0.04415086656808853,0.02467377670109272
1561,psychedfuzzy,high_maturity,False,CLIPese,0.0,True,mature,0.303075,False,,-1,-0.08078197,0.31679615,0.04415086656808853,0.02467377670109272
1562,gymnaorienteering,high_maturity,False,CLIPese,0.0,True,mature,0.218875,False,,-1,-0.19131657,-0.018343374,0.04415086656808853,0.02467377670109272
1563,lapkus,high_maturity,True,English,1.19,True,mature,0.72155,True,fallback_fill,509,-0.006915082,0.12687092,0.04415086656808853,0.02467377670109272
1564,kaleidopixel,high_maturity,False,CLIPese,0.0,True,mature,0.1313,False,,-1,-0.36939526,-0.07582456,0.04415086656808853,0.02467377670109272
1565,christmatopper,high_maturity,False,CLIPese,0.0,True,mature,0.452075,False,,-1,-0.2127821,-0.13496058,0.04415086656808853,0.02467377670109272
1566,ozarwilddogs,high_maturity,False,CLIPese,0.0,True,mature,0.505975,False,,-1,-0.05616412,-0.03419559,0.04415086656808853,0.02467377670109272
1567,quicklibertystickers,high_maturity,False,CLIPese,0.0,True,mature,0.5718749999999999,False,,-1,-0.10158519,-0.010425366,0.04415086656808853,0.02467377670109272
1568,zeewavestacked,high_maturity,False,CLIPese,0.0,True,mature,0.5136000000000001,False,,-1,0.1234878,-0.06467618,0.04415086656808853,0.02467377670109272
1569,doughmacfarolulu,high_maturity,False,CLIPese,0.0,True,mature,0.15962500000000002,True,mature_weak,422,-0.19601355,0.024618408,0.04415086656808853,0.02467377670109272
1570,kaleidomicroscopy,high_maturity,False,CLIPese,0.0,True,mature,0.2611,False,,-1,-0.135646,-0.032759488,0.04415086656808853,0.02467377670109272
1571,puplovers,high_maturity,False,CLIPese,0.0,True,mature,0.736175,True,orthographic_hard,11,-0.089021236,0.11944223,0.04415086656808853,0.02467377670109272
1572,kaleidocraze,high_maturity,False,CLIPese,0.0,True,mature,0.26495,False,,-1,-0.102766626,0.17962274,0.04415086656808853,0.02467377670109272
1573,mathematretina,high_maturity,False,CLIPese,0.0,True,mature,0.46252499999999996,False,,-1,-0.10262929,-0.23257792,0.04415086656808853,0.02467377670109272
1574,smolnvidia,high_maturity,False,CLIPese,0.0,True,mature,0.487,False,,-1,0.022291945,-0.13095762,0.04415086656808853,0.02467377670109272
1575,saxophonairsoft,high_maturity,False,CLIPese,0.0,True,mature,0.6127,False,,-1,-0.17057298,0.08806378,0.04415086656808853,0.02467377670109272
1576,tballcircleboxes,high_maturity,False,CLIPese,0.0,True,mature,0.49779999999999996,False,,-1,-0.09445191,-0.15620285,0.04415086656808853,0.02467377670109272
1577,rattmitztrees,high_maturity,False,CLIPese,0.0,True,mature,0.764375,True,mature_readable,260,-0.25786138,-0.013162081,0.04415086656808853,0.02467377670109272
1578,panorsynthesizer,high_maturity,False,CLIPese,0.0,True,mature,0.21267499999999998,False,,-1,-0.008284991,-0.045656707,0.04415086656808853,0.02467377670109272
1579,pixelpsychedarray,high_maturity,False,CLIPese,0.0,True,mature,0.18450000000000003,False,,-1,-0.25009185,0.021115856,0.04415086656808853,0.02467377670109272
1580,sawhorse,high_maturity,True,English,1.49,True,mature,0.45357499999999995,False,,-1,0.10532969,0.2395435,0.04415086656808853,0.02467377670109272
1581,neatcauliflower,high_maturity,False,CLIPese,0.0,True,mature,0.5486249999999999,False,,-1,0.17634957,0.28934842,0.04415086656808853,0.02467377670109272
1582,swachhbswapping,high_maturity,False,CLIPese,0.0,True,mature,0.39467499999999994,False,,-1,-0.031893857,0.17772855,0.04415086656808853,0.02467377670109272
1583,counterfehdr,high_maturity,False,CLIPese,0.0,True,mature,0.20120000000000002,False,,-1,0.0533433,-0.2117958,0.04415086656808853,0.02467377670109272
1584,kaleidogenerative,high_maturity,False,CLIPese,0.0,True,mature,0.096525,False,,-1,-0.1220625,0.08429192,0.04415086656808853,0.02467377670109272
1585,orbminion,high_maturity,False,CLIPese,0.0,True,mature,0.758875,True,mature_readable,191,-0.08527217,0.045455065,0.04415086656808853,0.02467377670109272
1586,mansfaceswap,high_maturity,False,CLIPese,0.0,True,mature,0.5521999999999999,False,,-1,-0.117564134,0.016923496,0.04415086656808853,0.02467377670109272
1587,nanorender,high_maturity,False,CLIPese,0.0,True,mature,0.881575,True,orthographic_hard,42,0.089713946,0.01134097,0.04415086656808853,0.02467377670109272
1588,beachlife,high_maturity,False,CLIPese,0.0,True,mature,0.220375,False,,-1,0.21721129,0.19464189,0.04415086656808853,0.02467377670109272
1589,ivankat,high_maturity,False,CLIPese,0.0,True,mature,0.5274,False,,-1,0.25481912,-0.08232215,0.04415086656808853,0.02467377670109272
1590,jodhaakbar,high_maturity,False,CLIPese,0.0,True,mature,0.288375,False,,-1,-0.023410149,0.10416743,0.04415086656808853,0.02467377670109272
1591,eliesaab,high_maturity,False,CLIPese,0.0,True,mature,0.214325,False,,-1,0.10207782,0.29235244,0.04415086656808853,0.02467377670109272
1592,cupftp,high_maturity,False,CLIPese,0.0,True,mature,0.69865,False,,-1,0.032342136,0.0011229457,0.04415086656808853,0.02467377670109272
1593,portraitsilhouette,high_maturity,False,CLIPese,0.0,True,mature,0.10072500000000001,True,mature_weak,393,-0.16803734,0.09249321,0.04415086656808853,0.02467377670109272
1594,hobbyhorse,high_maturity,True,English,1.46,True,mature,0.6354000000000001,False,,-1,-0.0786863,0.11608463,0.04415086656808853,0.02467377670109272
1595,crayglitch,high_maturity,False,CLIPese,0.0,True,mature,0.25217500000000004,False,,-1,0.16873088,-0.22889572,0.04415086656808853,0.02467377670109272
1596,pillowraisethestick,high_maturity,False,CLIPese,0.0,True,mature,0.252925,False,,-1,-0.05906114,0.25031635,0.04415086656808853,0.02467377670109272
1597,englandrender,high_maturity,False,CLIPese,0.0,True,mature,0.667625,True,orthographic_hard,43,-0.22745372,0.13761249,0.04415086656808853,0.02467377670109272
1598,zombiemojis,high_maturity,False,CLIPese,0.0,True,mature,0.5797249999999999,False,,-1,-0.06833148,-0.2920841,0.04415086656808853,0.02467377670109272
1599,marblesofa,high_maturity,False,CLIPese,0.0,True,mature,0.6234,False,,-1,0.20345187,-0.032932788,0.04415086656808853,0.02467377670109272
1600,anderlecht,high_maturity,True,English,2.56,True,mature,0.550475,False,,-1,-0.0010610829,-0.0019166797,0.04415086656808853,0.02467377670109272
1601,bowli,high_maturity,False,CLIPese,0.0,True,mature,0.7319,False,,-1,0.47042507,0.37895283,0.04415086656808853,0.02467377670109272
1602,horserdressage,high_maturity,False,CLIPese,0.0,True,mature,0.673925,False,,-1,-0.20614982,-0.14363252,0.04415086656808853,0.02467377670109272
1603,dalmatisuke,high_maturity,False,CLIPese,0.0,True,mature,0.55645,False,,-1,-0.11277839,0.07634476,0.04415086656808853,0.02467377670109272
1604,seapconnie,high_maturity,False,CLIPese,0.0,True,mature,0.401525,False,,-1,0.14224632,0.07693859,0.04415086656808853,0.02467377670109272
1605,seapsimulcollage,high_maturity,False,CLIPese,0.0,True,mature,0.290375,False,,-1,-0.15103365,0.0010049286,0.04415086656808853,0.02467377670109272
1606,orangufrenpsychedelic,high_maturity,False,CLIPese,0.0,True,mature,0.250725,False,,-1,-0.2867243,0.047898404,0.04415086656808853,0.02467377670109272
1607,lamjarred,high_maturity,False,CLIPese,0.0,True,mature,0.2591,False,,-1,0.0564776,-0.22200972,0.04415086656808853,0.02467377670109272
1608,cliffventilation,high_maturity,False,CLIPese,0.0,True,mature,0.464375,False,,-1,0.1555844,-0.026239567,0.04415086656808853,0.02467377670109272
1609,stalaheminutephapears,high_maturity,False,CLIPese,0.0,True,mature,0.29055000000000003,False,,-1,-0.36435086,-0.057882376,0.04415086656808853,0.02467377670109272
1610,crystscanned,high_maturity,False,CLIPese,0.0,True,mature,0.48092500000000005,False,,-1,0.06954259,-0.2270818,0.04415086656808853,0.02467377670109272
1611,artochocolate,high_maturity,False,CLIPese,0.0,True,mature,0.700425,False,,-1,0.19370139,0.005052043,0.04415086656808853,0.02467377670109272
1612,loafbasking,high_maturity,False,CLIPese,0.0,True,mature,0.448825,False,,-1,-0.04930069,0.19707938,0.04415086656808853,0.02467377670109272
1613,configurloops,high_maturity,False,CLIPese,0.0,True,mature,0.66845,False,,-1,0.09722639,0.16975623,0.04415086656808853,0.02467377670109272
1614,wazwaldo,high_maturity,False,CLIPese,0.0,True,mature,0.8633,True,mature_readable,71,0.3702554,0.26521966,0.04415086656808853,0.02467377670109272
1615,ninjskell,high_maturity,False,CLIPese,0.0,True,mature,0.34875,False,,-1,0.015852634,-0.25042945,0.04415086656808853,0.02467377670109272
1616,canadaam,high_maturity,False,CLIPese,0.0,True,mature,0.6404249999999999,False,,-1,0.04232517,0.07009725,0.04415086656808853,0.02467377670109272
1617,kaleidoandolan,high_maturity,False,CLIPese,0.0,True,mature,0.17425,False,,-1,0.22368348,0.21089616,0.04415086656808853,0.02467377670109272
1618,tulear,high_maturity,True,English,1.18,True,mature,0.310025,False,,-1,0.2517491,0.1385256,0.04415086656808853,0.02467377670109272
1619,asserrotterdam,high_maturity,False,CLIPese,0.0,True,mature,0.734225,True,mature_readable,262,-0.15617906,-0.12355334,0.04415086656808853,0.02467377670109272
1620,onette,high_maturity,False,CLIPese,0.0,True,mature,0.78635,True,mature_readable,228,0.25625584,-0.10465676,0.04415086656808853,0.02467377670109272
1621,asants,high_maturity,False,CLIPese,0.0,True,mature,0.1832,False,,-1,0.09262245,-0.17355886,0.04415086656808853,0.02467377670109272
1622,cyberroblox,high_maturity,False,CLIPese,0.0,True,mature,0.53905,False,,-1,0.059444726,-0.14684623,0.04415086656808853,0.02467377670109272
1623,elengcopernictapegpu,high_maturity,False,CLIPese,0.0,True,mature,0.18869999999999998,False,,-1,-0.25363907,0.16758731,0.04415086656808853,0.02467377670109272
1624,bcbeer,high_maturity,False,CLIPese,0.0,True,mature,0.8613749999999999,True,mature_readable,196,0.27588883,0.10442633,0.04415086656808853,0.02467377670109272
1625,orangujissquirrel,high_maturity,False,CLIPese,0.0,True,mature,0.306775,False,,-1,0.01981149,0.21816416,0.04415086656808853,0.02467377670109272
1626,skelcrysttrippy,high_maturity,False,CLIPese,0.0,True,mature,0.376475,False,,-1,-0.24258596,0.06598626,0.04415086656808853,0.02467377670109272
1627,guangpandas,high_maturity,False,CLIPese,0.0,True,mature,0.698025,False,,-1,-0.1258403,0.054616846,0.04415086656808853,0.02467377670109272
1628,kaleidotranslucent,high_maturity,False,CLIPese,0.0,True,mature,0.1214,False,,-1,-0.21079592,0.19788261,0.04415086656808853,0.02467377670109272
1629,dalmatisika,high_maturity,False,CLIPese,0.0,True,mature,0.4244,False,,-1,-0.22686106,-0.12949751,0.04415086656808853,0.02467377670109272
1630,autuclutter,high_maturity,False,CLIPese,0.0,True,mature,0.5606000000000001,False,,-1,0.2209789,0.060624134,0.04415086656808853,0.02467377670109272
1631,cauliyuri,high_maturity,False,CLIPese,0.0,True,mature,0.210325,False,,-1,0.006035102,0.17029484,0.04415086656808853,0.02467377670109272
1632,evanhalen,high_maturity,False,CLIPese,0.0,True,mature,0.9553,True,mature_readable,57,0.09103758,-0.05027287,0.04415086656808853,0.02467377670109272
1633,colombiais,high_maturity,False,CLIPese,0.0,True,mature,0.8187499999999999,True,mature_readable,222,-0.02832915,-0.026440384,0.04415086656808853,0.02467377670109272
1634,krakat,high_maturity,False,CLIPese,0.0,True,mature,0.7599,False,,-1,0.10248573,-0.09776839,0.04415086656808853,0.02467377670109272
1635,renko,high_maturity,True,English,1.87,True,mature,0.936525,True,mature_readable,64,0.18857263,0.18670267,0.04415086656808853,0.02467377670109272
1636,catdog,high_maturity,True,English,1.9,True,mature,0.5923499999999999,True,orthographic_hard,2,0.27020133,-0.033616286,0.04415086656808853,0.02467377670109272
1637,trossachs,high_maturity,True,English,1.92,True,mature,0.934925,True,mature_readable,52,-0.14406349,0.01635579,0.04415086656808853,0.02467377670109272
1638,clippiday,high_maturity,False,CLIPese,0.0,True,mature,0.9418000000000001,True,mature_readable,107,0.02574911,-0.05787002,0.04415086656808853,0.02467377670109272
1639,mandelmicroscopy,high_maturity,False,CLIPese,0.0,True,mature,0.15115,False,,-1,-0.32912457,-0.14433321,0.04415086656808853,0.02467377670109272
1640,powderham,high_maturity,True,English,1.06,True,mature,0.732125,True,mature_readable,253,0.11883065,-0.025229497,0.04415086656808853,0.02467377670109272
1641,bestofrgb,high_maturity,False,CLIPese,0.0,True,mature,0.45547499999999996,False,,-1,0.1222973,0.1296418,0.04415086656808853,0.02467377670109272
1642,macedcheetah,high_maturity,False,CLIPese,0.0,True,mature,0.666525,True,orthographic_hard,29,-0.11106214,-0.06297051,0.04415086656808853,0.02467377670109272
1643,epiletapemicroscopy,high_maturity,False,CLIPese,0.0,True,mature,0.312525,False,,-1,-0.3094548,-0.09877357,0.04415086656808853,0.02467377670109272
1644,labraherd,high_maturity,False,CLIPese,0.0,True,mature,0.3746,False,,-1,-0.066499695,-0.0496129,0.04415086656808853,0.02467377670109272
1645,portraitstencil,high_maturity,False,CLIPese,0.0,True,mature,0.15305000000000002,False,,-1,0.04941357,-0.038228214,0.04415086656808853,0.02467377670109272
1646,mongoshirtless,high_maturity,False,CLIPese,0.0,True,mature,0.4518499999999999,False,,-1,-0.11266859,0.108121015,0.04415086656808853,0.02467377670109272
1647,clowalf,high_maturity,False,CLIPese,0.0,True,mature,0.41815,False,,-1,0.29019305,0.11590822,0.04415086656808853,0.02467377670109272
1648,pomegran,high_maturity,False,CLIPese,0.0,True,mature,0.26687500000000003,False,,-1,0.07912799,-0.2663322,0.04415086656808853,0.02467377670109272
1649,harampixelart,high_maturity,False,CLIPese,0.0,True,mature,0.32085,False,,-1,-0.29165894,-0.0979224,0.04415086656808853,0.02467377670109272
1650,barclaygrid,high_maturity,False,CLIPese,0.0,True,mature,0.62695,False,,-1,-0.078297764,0.0037246977,0.04415086656808853,0.02467377670109272
1651,louboutassets,high_maturity,False,CLIPese,0.0,True,mature,0.17607499999999998,False,,-1,-0.055866946,0.33472356,0.04415086656808853,0.02467377670109272
1652,britishfarming,high_maturity,False,CLIPese,0.0,True,mature,0.7682249999999999,True,mature_readable,215,-0.045060467,-0.02863962,0.04415086656808853,0.02467377670109272
1653,atriathlon,high_maturity,False,CLIPese,0.0,True,mature,0.798175,True,mature_readable,187,0.19417077,0.047979847,0.04415086656808853,0.02467377670109272
1654,brickchunks,high_maturity,False,CLIPese,0.0,True,mature,0.510475,False,,-1,0.06413329,-0.13586684,0.04415086656808853,0.02467377670109272
1655,distorkaleidostare,high_maturity,False,CLIPese,0.0,True,mature,0.1075,False,,-1,-0.3181736,0.1640187,0.04415086656808853,0.02467377670109272
1656,photomkaleidomedusa,high_maturity,False,CLIPese,0.0,True,mature,0.081925,True,mature_weak,395,-0.43106225,0.008555864,0.04415086656808853,0.02467377670109272
1657,kaleidosynthesis,high_maturity,False,CLIPese,0.0,True,mature,0.245475,False,,-1,-0.20820776,-0.024938462,0.04415086656808853,0.02467377670109272
1658,blondog,high_maturity,False,CLIPese,0.0,True,mature,0.7445,True,fallback_fill,505,-0.021386662,-0.047578987,0.04415086656808853,0.02467377670109272
1659,candel,high_maturity,True,English,1.24,True,mature,0.947175,True,mature_readable,65,0.20403141,0.149153,0.04415086656808853,0.02467377670109272
1660,aluminmathematdeeply,high_maturity,False,CLIPese,0.0,True,mature,0.265725,False,,-1,-0.35097834,-0.017356887,0.04415086656808853,0.02467377670109272
1661,mysterywaldo,high_maturity,False,CLIPese,0.0,True,mature,0.4638,False,,-1,0.24817741,-0.026687838,0.04415086656808853,0.02467377670109272
1662,rummiku,high_maturity,False,CLIPese,0.0,True,mature,0.76755,True,mature_readable,256,-0.013848456,-0.12933338,0.04415086656808853,0.02467377670109272
1663,artichorendering,high_maturity,False,CLIPese,0.0,True,mature,0.32257500000000006,False,,-1,-0.14117076,0.096653506,0.04415086656808853,0.02467377670109272
1664,attackdoors,high_maturity,False,CLIPese,0.0,True,mature,0.7646000000000001,True,mature_readable,278,0.32098553,-0.11412622,0.04415086656808853,0.02467377670109272
1665,gigabkraft,high_maturity,False,CLIPese,0.0,True,mature,0.289175,False,,-1,-0.122100405,0.015464901,0.04415086656808853,0.02467377670109272
1666,navyfractal,high_maturity,False,CLIPese,0.0,True,mature,0.51115,False,,-1,-0.161926,-0.010565779,0.04415086656808853,0.02467377670109272
1667,lawrenceearrings,high_maturity,False,CLIPese,0.0,True,mature,0.55205,False,,-1,-0.10311714,0.17005847,0.04415086656808853,0.02467377670109272
1668,stateoctagon,high_maturity,False,CLIPese,0.0,True,mature,0.8320749999999999,True,mature_readable,108,-0.09492727,0.049978558,0.04415086656808853,0.02467377670109272
1669,schwarzflurmugshot,high_maturity,False,CLIPese,0.0,True,mature,0.39005,False,,-1,-0.119525865,0.18449876,0.04415086656808853,0.02467377670109272
1670,brownies,high_maturity,True,English,3.19,True,mature,0.88315,True,mature_readable,111,0.307752,-0.14307445,0.04415086656808853,0.02467377670109272
1671,shilpashetty,high_maturity,False,CLIPese,0.0,True,mature,0.293925,False,,-1,-0.090056896,0.0622273,0.04415086656808853,0.02467377670109272
1672,catdoge,high_maturity,False,CLIPese,0.0,True,mature,0.8110749999999999,True,orthographic_hard,3,0.2983873,-0.06897283,0.04415086656808853,0.02467377670109272
1673,anglesey,high_maturity,True,English,2.9,True,mature,0.7096,False,,-1,0.23449136,0.022623926,0.04415086656808853,0.02467377670109272
1674,abasketball,high_maturity,False,CLIPese,0.0,True,mature,0.5949,False,,-1,-0.090608805,0.013404838,0.04415086656808853,0.02467377670109272
1675,matisse,high_maturity,True,English,2.88,True,mature,0.595,False,,-1,0.041744616,-0.3143116,0.04415086656808853,0.02467377670109272
1676,funkosnapchat,high_maturity,False,CLIPese,0.0,True,mature,0.5582,False,,-1,-0.010142667,0.19854005,0.04415086656808853,0.02467377670109272
1677,mboldo,high_maturity,False,CLIPese,0.0,True,mature,0.40764999999999996,False,,-1,0.053647984,-0.15510842,0.04415086656808853,0.02467377670109272
1678,chinasea,high_maturity,False,CLIPese,0.0,True,mature,0.7175750000000001,False,,-1,0.24643219,-0.12919635,0.04415086656808853,0.02467377670109272
1679,taxiderouf,high_maturity,False,CLIPese,0.0,True,mature,0.24457500000000001,False,,-1,0.13825905,-0.27512467,0.04415086656808853,0.02467377670109272
1680,braids,high_maturity,True,English,3.01,True,mature,0.750475,False,,-1,0.1774327,-0.3100427,0.04415086656808853,0.02467377670109272
1681,autisma,high_maturity,False,CLIPese,0.0,True,mature,0.5347,False,,-1,0.120637864,-0.28088856,0.04415086656808853,0.02467377670109272
1682,ducklookout,high_maturity,False,CLIPese,0.0,True,mature,0.6799750000000001,True,fallback_fill,486,-0.072140194,0.17714441,0.04415086656808853,0.02467377670109272
1683,cesaro,high_maturity,True,English,2.47,True,mature,0.7892499999999999,True,mature_readable,176,-0.035711408,0.09072052,0.04415086656808853,0.02467377670109272
1684,swordlockheed,high_maturity,False,CLIPese,0.0,True,mature,0.5566749999999999,False,,-1,0.15539582,0.06908988,0.04415086656808853,0.02467377670109272
1685,taxiderfox,high_maturity,False,CLIPese,0.0,True,mature,0.3209,False,,-1,-0.04613259,-0.124982454,0.04415086656808853,0.02467377670109272
1686,disintegrmonet,high_maturity,False,CLIPese,0.0,True,mature,0.31957500000000005,False,,-1,-0.36338666,-0.07992534,0.04415086656808853,0.02467377670109272
1687,kaleidophotographing,high_maturity,False,CLIPese,0.0,True,mature,0.051750000000000004,False,,-1,-0.3740191,0.13207021,0.04415086656808853,0.02467377670109272
1688,giovgeometric,high_maturity,False,CLIPese,0.0,True,mature,0.33630000000000004,False,,-1,-0.25687814,-0.14584652,0.04415086656808853,0.02467377670109272
1689,cliffcliff,high_maturity,False,CLIPese,0.0,True,mature,0.555,False,,-1,0.20204735,0.062429067,0.04415086656808853,0.02467377670109272
1690,pomegranate,high_maturity,True,English,2.93,True,mature,0.611425,False,,-1,-0.1281996,0.05766799,0.04415086656808853,0.02467377670109272
1691,squidpixelart,high_maturity,False,CLIPese,0.0,True,mature,0.23920000000000002,False,,-1,-0.0831241,0.08351281,0.04415086656808853,0.02467377670109272
1692,monkeyhdr,high_maturity,False,CLIPese,0.0,True,mature,0.47532499999999994,False,,-1,0.0032265356,-0.42097127,0.04415086656808853,0.02467377670109272
1693,buildtrooper,high_maturity,False,CLIPese,0.0,True,mature,0.764025,True,mature_readable,195,-0.15377675,0.072124206,0.04415086656808853,0.02467377670109272
1694,sheepfractal,high_maturity,False,CLIPese,0.0,True,mature,0.4317,False,,-1,0.22601363,0.047759287,0.04415086656808853,0.02467377670109272
1695,germinavocado,high_maturity,False,CLIPese,0.0,True,mature,0.59445,False,,-1,-0.1670507,-0.056353137,0.04415086656808853,0.02467377670109272
1696,outburger,high_maturity,False,CLIPese,0.0,True,mature,0.9305249999999998,True,mature_readable,56,0.38174945,0.10035856,0.04415086656808853,0.02467377670109272
1697,kaleidoshulpixel,high_maturity,False,CLIPese,0.0,True,mature,0.19140000000000001,False,,-1,-0.19928512,0.23180701,0.04415086656808853,0.02467377670109272
1698,adopttrees,high_maturity,False,CLIPese,0.0,True,mature,0.8054999999999999,True,mature_readable,160,0.020515226,-0.1913027,0.04415086656808853,0.02467377670109272
1699,breweries,high_maturity,True,English,3.27,True,mature,0.897,True,mature_readable,88,0.30094337,0.070220776,0.04415086656808853,0.02467377670109272
1700,katrantzou,high_maturity,True,English,1.37,True,mature,0.3053,False,,-1,0.21894115,0.121139295,0.04415086656808853,0.02467377670109272
1701,frantaxidercoyotes,high_maturity,False,CLIPese,0.0,True,mature,0.7462000000000001,False,,-1,-0.29756895,-0.19116473,0.04415086656808853,0.02467377670109272
1702,hypnopixelart,high_maturity,False,CLIPese,0.0,True,mature,0.25634999999999997,False,,-1,-0.13776605,-0.14863047,0.04415086656808853,0.02467377670109272
1703,colourpercentage,high_maturity,False,CLIPese,0.0,True,mature,0.57695,False,,-1,-0.124787435,0.047349427,0.04415086656808853,0.02467377670109272
1704,orangubrenda,high_maturity,False,CLIPese,0.0,True,mature,0.37085,False,,-1,-0.25439703,-0.00795672,0.04415086656808853,0.02467377670109272
1705,nycemojis,high_maturity,False,CLIPese,0.0,True,mature,0.8134,False,,-1,-0.082318716,-0.11311473,0.04415086656808853,0.02467377670109272
1706,photomfractal,high_maturity,False,CLIPese,0.0,True,mature,0.06627500000000001,True,mature_weak,370,0.008647844,-0.16885898,0.04415086656808853,0.02467377670109272
1707,sphermatrix,high_maturity,False,CLIPese,0.0,True,mature,0.18322499999999997,False,,-1,-0.25049353,-0.20124382,0.04415086656808853,0.02467377670109272
1708,democrsafarilive,high_maturity,False,CLIPese,0.0,True,mature,0.152675,False,,-1,-0.10625373,0.14792171,0.04415086656808853,0.02467377670109272
1709,sharkmathematgopro,high_maturity,False,CLIPese,0.0,True,mature,0.4861000000000001,False,,-1,-0.31638214,-0.09183605,0.04415086656808853,0.02467377670109272
1710,lufalfa,high_maturity,False,CLIPese,0.0,True,mature,0.50945,False,,-1,-0.09028267,0.05919409,0.04415086656808853,0.02467377670109272
1711,valuepixelart,high_maturity,False,CLIPese,0.0,True,mature,0.136475,False,,-1,-0.07962332,-0.2729365,0.04415086656808853,0.02467377670109272
1712,bbcbratfrequency,high_maturity,False,CLIPese,0.0,True,mature,0.669025,True,orthographic_hard,31,-0.044754323,-0.040277265,0.04415086656808853,0.02467377670109272
1713,medalcutout,high_maturity,False,CLIPese,0.0,True,mature,0.757725,True,mature_readable,203,-0.16149,-0.07148002,0.04415086656808853,0.02467377670109272
1714,kaleidoinfrared,high_maturity,False,CLIPese,0.0,True,mature,0.34902500000000003,False,,-1,-0.13886766,0.21378334,0.04415086656808853,0.02467377670109272
1715,pokladybug,high_maturity,False,CLIPese,0.0,True,mature,0.656475,True,fallback_fill,510,-0.12372269,0.08932364,0.04415086656808853,0.02467377670109272
1716,sunilgrover,high_maturity,False,CLIPese,0.0,True,mature,0.40122500000000005,False,,-1,-0.12809977,-0.068728544,0.04415086656808853,0.02467377670109272
1717,cannabismuenady,high_maturity,False,CLIPese,0.0,True,mature,0.9042250000000001,True,mature_readable,60,-0.12144841,0.07694007,0.04415086656808853,0.02467377670109272
1718,toga,high_maturity,True,English,2.73,True,mature,0.7922499999999999,True,mature_readable,180,0.17022212,-0.000539764,0.04415086656808853,0.02467377670109272
1719,bhopal,high_maturity,True,English,2.79,True,mature,0.84075,True,mature_readable,135,0.06739915,-0.086884476,0.04415086656808853,0.02467377670109272
1720,gringodawgs,high_maturity,False,CLIPese,0.0,True,mature,0.2131,False,,-1,-0.15060884,0.032940015,0.04415086656808853,0.02467377670109272
1721,blanchett,high_maturity,True,English,2.53,True,mature,0.53775,False,,-1,0.26220405,0.040509976,0.04415086656808853,0.02467377670109272
1722,khound,high_maturity,False,CLIPese,0.0,True,mature,0.46914999999999996,False,,-1,0.06079728,-0.07583276,0.04415086656808853,0.02467377670109272
1723,tuxfluffymeowalfie,high_maturity,False,CLIPese,0.0,True,mature,0.365425,False,,-1,-0.056036856,0.042972036,0.04415086656808853,0.02467377670109272
1724,marathdelavinpikachu,high_maturity,False,CLIPese,0.0,True,mature,0.5754000000000001,False,,-1,-0.019241642,0.05358402,0.04415086656808853,0.02467377670109272
1725,pyarkeaisebhi,high_maturity,False,CLIPese,0.0,True,mature,0.4793,False,,-1,-0.19347987,0.29207906,0.04415086656808853,0.02467377670109272
1726,morphorender,high_maturity,False,CLIPese,0.0,True,mature,0.45185000000000003,False,,-1,-0.2400783,-0.17093728,0.04415086656808853,0.02467377670109272
1727,okuwarhol,high_maturity,False,CLIPese,0.0,True,mature,0.591775,False,,-1,0.10436705,0.29519874,0.04415086656808853,0.02467377670109272
1728,austrboar,high_maturity,False,CLIPese,0.0,True,mature,0.45587500000000003,False,,-1,0.2245735,0.10782667,0.04415086656808853,0.02467377670109272
1729,psychedpepe,high_maturity,False,CLIPese,0.0,True,mature,0.5576,False,,-1,-0.2714926,-0.020438166,0.04415086656808853,0.02467377670109272
1730,alphabesymbol,high_maturity,False,CLIPese,0.0,True,mature,0.33594999999999997,False,,-1,-0.14463821,-0.14612208,0.04415086656808853,0.02467377670109272
1731,agates,high_maturity,True,English,1.73,True,mature,0.8217749999999999,True,mature_readable,151,0.32878935,-0.10958018,0.04415086656808853,0.02467377670109272
1732,dalmatitaurus,high_maturity,False,CLIPese,0.0,True,mature,0.59135,False,,-1,-0.17756513,-0.09380982,0.04415086656808853,0.02467377670109272
1733,imageimpressionist,high_maturity,False,CLIPese,0.0,True,mature,0.23535,False,,-1,-0.40378922,-0.03883027,0.04415086656808853,0.02467377670109272
1734,cabbage,high_maturity,True,English,3.55,True,mature,0.8018,True,mature_readable,217,0.14466861,-0.016913624,0.04415086656808853,0.02467377670109272
1735,taxiderwolf,high_maturity,False,CLIPese,0.0,True,mature,0.44194999999999995,False,,-1,0.091399655,-0.08109802,0.04415086656808853,0.02467377670109272
1736,ohioemu,high_maturity,False,CLIPese,0.0,True,mature,0.5724999999999999,False,,-1,0.050015472,0.21486415,0.04415086656808853,0.02467377670109272
1737,africanshep,high_maturity,False,CLIPese,0.0,True,mature,0.7432000000000001,True,mature_readable,257,-0.0060387906,0.047719814,0.04415086656808853,0.02467377670109272
1738,attackjar,high_maturity,False,CLIPese,0.0,True,mature,0.8111250000000001,True,mature_readable,148,0.16951282,-0.038927175,0.04415086656808853,0.02467377670109272
1739,coleslaw,high_maturity,True,English,2.64,True,mature,0.55995,False,,-1,0.07354888,-0.055241834,0.04415086656808853,0.02467377670109272
1740,compupopup,high_maturity,False,CLIPese,0.0,True,mature,0.6636500000000001,False,,-1,-0.2019995,0.075454004,0.04415086656808853,0.02467377670109272
1741,taxidercolorful,high_maturity,False,CLIPese,0.0,True,mature,0.05075,False,,-1,-0.15779306,0.05660721,0.04415086656808853,0.02467377670109272
1742,poinsettia,high_maturity,True,English,2.12,True,mature,0.35475,False,,-1,-0.037210885,0.07138562,0.04415086656808853,0.02467377670109272
1743,seacdispenser,high_maturity,False,CLIPese,0.0,True,mature,0.559425,False,,-1,-0.05515729,-0.03811975,0.04415086656808853,0.02467377670109272
1744,kalejigsaw,high_maturity,False,CLIPese,0.0,True,mature,0.401125,False,,-1,-0.074204646,0.34507233,0.04415086656808853,0.02467377670109272
1745,pallimodernilegopauls,high_maturity,False,CLIPese,0.0,True,mature,0.16820000000000002,True,mature_weak,412,-0.23752329,-0.002768368,0.04415086656808853,0.02467377670109272
1746,abstrshrek,high_maturity,False,CLIPese,0.0,True,mature,0.48692500000000005,False,,-1,0.35285643,-0.06512986,0.04415086656808853,0.02467377670109272
1747,gumblighthouse,high_maturity,False,CLIPese,0.0,True,mature,0.8882500000000001,True,mature_readable,59,-0.21046714,0.18198393,0.04415086656808853,0.02467377670109272
1748,japanesedodgeball,high_maturity,False,CLIPese,0.0,True,mature,0.7038249999999999,False,,-1,-0.11470873,0.09207488,0.04415086656808853,0.02467377670109272
1749,lautkorfighterjets,high_maturity,False,CLIPese,0.0,True,mature,0.53145,False,,-1,-0.10427005,0.25857705,0.04415086656808853,0.02467377670109272
1750,kaleidoeyenightmare,high_maturity,False,CLIPese,0.0,True,mature,0.310175,False,,-1,-0.3010178,0.14444788,0.04415086656808853,0.02467377670109272
1751,lagann,high_maturity,True,English,1.94,True,mature,0.633775,False,,-1,0.22881874,-0.09376682,0.04415086656808853,0.02467377670109272
1752,testicspectrum,high_maturity,False,CLIPese,0.0,True,mature,0.6956249999999999,False,,-1,-0.22592159,-0.015635988,0.04415086656808853,0.02467377670109272
1753,ihrioural,high_maturity,False,CLIPese,0.0,True,mature,0.151125,True,mature_weak,414,0.19109109,0.29325473,0.04415086656808853,0.02467377670109272
1754,orangutoddlers,high_maturity,False,CLIPese,0.0,True,mature,0.339025,False,,-1,-0.009016062,0.13440417,0.04415086656808853,0.02467377670109272
1755,blackdatabdistorpixelart,high_maturity,False,CLIPese,0.0,True,mature,0.12955000000000003,True,mature_weak,423,0.016563093,-0.23184057,0.04415086656808853,0.02467377670109272
1756,skimleakpaper,high_maturity,False,CLIPese,0.0,True,mature,0.6196750000000001,True,fallback_fill,500,-0.051631585,0.004619376,0.04415086656808853,0.02467377670109272
1757,chlorop,high_maturity,False,CLIPese,0.0,True,mature,0.821725,True,mature_readable,144,0.11580052,-0.22271973,0.04415086656808853,0.02467377670109272
1758,inducloafbowel,high_maturity,False,CLIPese,0.0,True,mature,0.40412499999999996,False,,-1,0.14038955,0.16829655,0.04415086656808853,0.02467377670109272
1759,haring,high_maturity,True,English,2.37,True,mature,0.58135,False,,-1,0.31400833,0.12696524,0.04415086656808853,0.02467377670109272
1760,chromofries,high_maturity,False,CLIPese,0.0,True,mature,0.48657500000000004,False,,-1,-0.21292593,-0.2531374,0.04415086656808853,0.02467377670109272
1761,pretztrombone,high_maturity,False,CLIPese,0.0,True,mature,0.58855,False,,-1,-0.124076925,-0.1272645,0.04415086656808853,0.02467377670109272
1762,drakebeagle,high_maturity,False,CLIPese,0.0,True,mature,0.8579249999999999,True,mature_readable,79,0.05831394,-0.04632231,0.04415086656808853,0.02467377670109272
1763,barista,high_maturity,True,English,3.02,True,mature,0.7157,False,,-1,0.27733132,9.733061e-05,0.04415086656808853,0.02467377670109272
1764,nashvilleliberalantenna,high_maturity,False,CLIPese,0.0,True,mature,0.592775,False,,-1,-0.010547876,0.14603817,0.04415086656808853,0.02467377670109272
1765,genealowebcam,high_maturity,False,CLIPese,0.0,True,mature,0.18219999999999997,False,,-1,-0.15616216,0.16715685,0.04415086656808853,0.02467377670109272
1766,taxiderlewanczech,high_maturity,False,CLIPese,0.0,True,mature,0.2474,False,,-1,0.10562062,-0.17131178,0.04415086656808853,0.02467377670109272
1767,wolftekken,high_maturity,False,CLIPese,0.0,True,mature,0.5542750000000001,False,,-1,0.13439763,0.13896103,0.04415086656808853,0.02467377670109272
1768,hydromtg,high_maturity,False,CLIPese,0.0,True,mature,0.377775,False,,-1,-0.036009505,-0.2230786,0.04415086656808853,0.02467377670109272
1769,calvins,high_maturity,True,English,1.53,True,mature,0.69745,False,,-1,0.32689098,-0.016527824,0.04415086656808853,0.02467377670109272
1770,pikachzombie,high_maturity,False,CLIPese,0.0,True,mature,0.64845,False,,-1,-0.02230851,0.023576034,0.04415086656808853,0.02467377670109272
1771,boxes,high_maturity,True,English,4.34,True,mature,0.593075,False,,-1,0.48299026,-0.09449119,0.04415086656808853,0.02467377670109272
1772,pixelwarhol,high_maturity,False,CLIPese,0.0,True,mature,0.49355000000000004,False,,-1,0.21254504,0.106728055,0.04415086656808853,0.02467377670109272
1773,duncanjames,high_maturity,False,CLIPese,0.0,True,mature,0.38262500000000005,False,,-1,-0.185926,0.027202426,0.04415086656808853,0.02467377670109272
1774,edmongreyhound,high_maturity,False,CLIPese,0.0,True,mature,0.43584999999999996,False,,-1,-0.14302163,-0.01570076,0.04415086656808853,0.02467377670109272
1775,maersk,high_maturity,True,English,2.42,True,mature,0.7215750000000001,True,orthographic_hard,46,0.09775494,-0.2462129,0.04415086656808853,0.02467377670109272
1776,mandelcgi,high_maturity,False,CLIPese,0.0,True,mature,0.20195000000000002,False,,-1,-0.18990196,0.0056271926,0.04415086656808853,0.02467377670109272
1777,elisicki,high_maturity,False,CLIPese,0.0,True,mature,0.42767499999999997,False,,-1,0.009605888,-0.024033379,0.04415086656808853,0.02467377670109272
1778,kaleidoclouds,high_maturity,False,CLIPese,0.0,True,mature,0.427775,False,,-1,-0.13363037,-0.046903666,0.04415086656808853,0.02467377670109272
1779,bulgarian,high_maturity,True,English,3.81,True,mature,0.5870500000000001,True,orthographic_hard,35,0.18215427,0.28790802,0.04415086656808853,0.02467377670109272
1780,raygrunge,high_maturity,False,CLIPese,0.0,True,mature,0.43989999999999996,False,,-1,0.1899214,-0.10154796,0.04415086656808853,0.02467377670109272
1781,albatros,high_maturity,True,English,1.84,True,mature,0.5986750000000001,False,,-1,0.18346702,0.18504614,0.04415086656808853,0.02467377670109272
1782,specwarhol,high_maturity,False,CLIPese,0.0,True,mature,0.667225,False,,-1,0.19376698,0.2513325,0.04415086656808853,0.02467377670109272
1783,eleloom,high_maturity,False,CLIPese,0.0,True,mature,0.8748499999999999,True,mature_readable,98,0.12575603,-0.13312341,0.04415086656808853,0.02467377670109272
1784,pugbeethoven,high_maturity,False,CLIPese,0.0,True,mature,0.7948000000000001,False,,-1,-0.03923013,0.20313434,0.04415086656808853,0.02467377670109272
1785,paella,high_maturity,True,English,2.63,True,mature,0.38880000000000003,False,,-1,0.13657054,0.056066453,0.04415086656808853,0.02467377670109272
1786,ozarrolltide,high_maturity,False,CLIPese,0.0,True,mature,0.44402500000000006,False,,-1,0.020689283,-0.1920776,0.04415086656808853,0.02467377670109272
1787,preityzinta,high_maturity,False,CLIPese,0.0,True,mature,0.1857,False,,-1,-0.12202094,0.18244243,0.04415086656808853,0.02467377670109272
1788,extrupopcorn,high_maturity,False,CLIPese,0.0,True,mature,0.711625,True,fallback_fill,511,-0.14407846,0.018022591,0.04415086656808853,0.02467377670109272
1789,balochi,high_maturity,True,English,1.84,True,mature,0.863775,True,mature_readable,185,0.16955365,0.057743583,0.04415086656808853,0.02467377670109272
1790,fcthulhu,high_maturity,False,CLIPese,0.0,True,mature,0.6223,False,,-1,0.2507373,0.2239998,0.04415086656808853,0.02467377670109272
1791,assaulharrier,high_maturity,False,CLIPese,0.0,True,mature,0.564325,False,,-1,-0.08629401,-0.016168175,0.04415086656808853,0.02467377670109272
1792,mandelcloseup,high_maturity,False,CLIPese,0.0,True,mature,0.64505,False,,-1,-0.11007858,0.124185234,0.04415086656808853,0.02467377670109272
1793,lufalfarraptors,high_maturity,False,CLIPese,0.0,True,mature,0.665625,False,,-1,-0.1380639,0.041501313,0.04415086656808853,0.02467377670109272
1794,bears,high_maturity,True,English,4.34,True,mature,0.765775,False,,-1,0.54151756,0.08930759,0.04415086656808853,0.02467377670109272
1795,kachneko,high_maturity,False,CLIPese,0.0,True,mature,0.46919999999999995,False,,-1,-0.16144083,-0.07749754,0.04415086656808853,0.02467377670109272
1796,makarsankranti,high_maturity,False,CLIPese,0.0,True,mature,0.3395,False,,-1,-0.0028433194,-0.04596016,0.04415086656808853,0.02467377670109272
1797,imagefuzzrainbow,high_maturity,False,CLIPese,0.0,True,mature,0.3392,False,,-1,0.051540606,0.13597977,0.04415086656808853,0.02467377670109272
1798,axstv,high_maturity,False,CLIPese,0.0,True,mature,0.88885,True,mature_readable,90,0.3246635,-0.05788528,0.04415086656808853,0.02467377670109272
1799,crystalli,high_maturity,False,CLIPese,0.0,True,mature,0.4644499999999999,False,,-1,0.1892625,-0.06976511,0.04415086656808853,0.02467377670109272
1800,affiliated,low_maturity_control,True,English,3.96,False,immature,0.5197,False,,-1,0.20513238,0.09123692,0.04415086656808853,0.02467377670109272
1801,alized,low_maturity_control,False,CLIPese,0.0,False,immature,0.3729,True,low_both,484,0.42694226,0.07138818,0.04415086656808853,0.02467377670109272
1802,enters,low_maturity_control,True,English,4.01,False,immature,0.88875,True,immature_readable,295,0.4004401,-0.19479597,0.04415086656808853,0.02467377670109272
1803,transmitted,low_maturity_control,True,English,3.87,False,immature,0.396125,False,,-1,-0.030633068,-0.26592728,0.04415086656808853,0.02467377670109272
1804,followthe,low_maturity_control,False,CLIPese,0.0,False,immature,0.47135,False,,-1,0.2163351,0.072977304,0.04415086656808853,0.02467377670109272
1805,brang,low_maturity_control,True,English,1.42,False,immature,0.6526,True,immature_readable,337,0.024664698,-0.090184666,0.04415086656808853,0.02467377670109272
1806,conoce,low_maturity_control,True,English,1.17,False,immature,0.6886000000000001,True,immature_readable,343,0.076813,-0.24510351,0.04415086656808853,0.02467377670109272
1807,claiming,low_maturity_control,True,English,4.33,False,immature,0.9076,True,immature_readable,286,0.12783569,-0.12497389,0.04415086656808853,0.02467377670109272
1808,givin,low_maturity_control,True,English,2.86,False,immature,0.330975,True,low_both,472,0.36010468,0.0052539576,0.04415086656808853,0.02467377670109272
1809,contains,low_maturity_control,True,English,4.68,False,immature,0.28725,True,low_both,465,0.20401026,-0.15838502,0.04415086656808853,0.02467377670109272
1810,beforeand,low_maturity_control,False,CLIPese,0.0,False,immature,0.39215,False,,-1,0.28562796,-0.28270227,0.04415086656808853,0.02467377670109272
1811,defines,low_maturity_control,True,English,3.86,False,immature,0.8923,True,immature_readable,287,0.25226775,-0.12887728,0.04415086656808853,0.02467377670109272
1812,hosted,low_maturity_control,True,English,4.25,False,immature,0.8680749999999999,True,immature_readable,297,0.2912447,-0.059102017,0.04415086656808853,0.02467377670109272
1813,happens,low_maturity_control,True,English,4.96,False,immature,0.676875,True,immature_readable,351,0.3159238,0.13132869,0.04415086656808853,0.02467377670109272
1814,requires,low_maturity_control,True,English,4.67,False,immature,0.32205,True,low_both,474,0.36507544,-0.16430877,0.04415086656808853,0.02467377670109272
1815,bothering,low_maturity_control,True,English,3.63,False,immature,0.832975,True,immature_readable,305,0.2564549,-0.20798458,0.04415086656808853,0.02467377670109272
1816,acknowle,low_maturity_control,False,CLIPese,0.0,False,immature,0.20140000000000002,True,low_both,450,0.399366,0.035181955,0.04415086656808853,0.02467377670109272
1817,mustsee,low_maturity_control,False,CLIPese,0.0,False,immature,0.281725,True,low_both,466,0.31938985,0.07106483,0.04415086656808853,0.02467377670109272
1818,artistsontwitter,low_maturity_control,False,CLIPese,0.0,False,immature,0.07805000000000001,True,low_both,445,-0.2340293,0.1370898,0.04415086656808853,0.02467377670109272
1819,passed,low_maturity_control,True,English,4.92,False,immature,0.82475,True,immature_readable,311,0.24313292,-0.088172846,0.04415086656808853,0.02467377670109272
1820,visuals,low_maturity_control,True,English,3.57,False,immature,0.48985000000000006,False,,-1,0.16103223,-0.14663984,0.04415086656808853,0.02467377670109272
1821,while,low_maturity_control,True,English,5.86,False,immature,0.096,True,low_both,447,0.50678355,0.10334849,0.04415086656808853,0.02467377670109272
1822,denies,low_maturity_control,True,English,3.73,False,immature,0.7124499999999999,True,immature_readable,342,0.36105606,0.059042536,0.04415086656808853,0.02467377670109272
1823,unfor,low_maturity_control,True,English,1.24,False,immature,0.810275,True,immature_readable,308,0.18387641,-0.0587198,0.04415086656808853,0.02467377670109272
1824,art,low_maturity_control,True,English,5.29,False,immature,0.29315,True,low_both,461,0.13358112,-0.2407611,0.04415086656808853,0.02467377670109272
1825,activated,low_maturity_control,True,English,4.01,False,immature,0.914675,True,immature_readable,288,0.39122382,0.1446761,0.04415086656808853,0.02467377670109272
1826,version,low_maturity_control,True,English,5.07,False,immature,0.31725000000000003,True,low_both,468,0.2557806,0.2882784,0.04415086656808853,0.02467377670109272
1827,agains,low_maturity_control,True,English,2.31,False,immature,0.604525,False,,-1,0.38341922,0.0189329,0.04415086656808853,0.02467377670109272
1828,gonna,low_maturity_control,True,English,5.29,False,immature,0.7001749999999999,True,immature_readable,335,0.18871818,-0.066791914,0.04415086656808853,0.02467377670109272
1829,considers,low_maturity_control,True,English,4.03,False,immature,0.348475,True,low_both,476,0.19170375,0.05580499,0.04415086656808853,0.02467377670109272
1830,thekk,low_maturity_control,False,CLIPese,0.0,False,immature,0.51505,False,,-1,0.14833012,0.104619905,0.04415086656808853,0.02467377670109272
1831,alltimel,low_maturity_control,False,CLIPese,0.0,False,immature,0.65,True,immature_readable,346,0.058044855,-0.02742547,0.04415086656808853,0.02467377670109272
1832,looked,low_maturity_control,True,English,5.11,False,immature,0.4109,False,,-1,0.17085424,-0.2538161,0.04415086656808853,0.02467377670109272
1833,lingly,low_maturity_control,False,CLIPese,0.0,False,immature,0.716975,True,immature_readable,347,0.009226217,-0.022881065,0.04415086656808853,0.02467377670109272
1834,violated,low_maturity_control,True,English,3.91,False,immature,0.5985,False,,-1,0.27123034,-0.075306796,0.04415086656808853,0.02467377670109272
1835,replied,low_maturity_control,True,English,4.28,False,immature,0.353225,True,low_both,477,0.258427,-0.07108737,0.04415086656808853,0.02467377670109272
1836,searly,low_maturity_control,False,CLIPese,0.0,False,immature,0.59705,False,,-1,0.22533719,0.032899305,0.04415086656808853,0.02467377670109272
1837,realizes,low_maturity_control,True,English,3.75,False,immature,0.24245,True,low_both,464,0.22643813,0.18426062,0.04415086656808853,0.02467377670109272
1838,ruled,low_maturity_control,True,English,4.3,False,immature,0.653875,True,immature_readable,353,0.26780826,0.1631485,0.04415086656808853,0.02467377670109272
1839,commi,low_maturity_control,True,English,1.78,False,immature,0.7231750000000001,True,immature_readable,324,-0.124471754,-0.3869362,0.04415086656808853,0.02467377670109272
1840,allows,low_maturity_control,True,English,4.67,False,immature,0.4162,False,,-1,0.5120663,0.17873804,0.04415086656808853,0.02467377670109272
1841,publishes,low_maturity_control,True,English,3.55,False,immature,0.6141000000000001,False,,-1,0.24288309,0.039451938,0.04415086656808853,0.02467377670109272
1842,informing,low_maturity_control,True,English,3.58,False,immature,0.7253499999999999,True,immature_readable,338,-0.08841964,-0.08829495,0.04415086656808853,0.02467377670109272
1843,asked,low_maturity_control,True,English,5.3,False,immature,0.6729,True,immature_readable,356,0.32042748,-0.11651966,0.04415086656808853,0.02467377670109272
1844,folks,low_maturity_control,True,English,4.59,False,immature,0.36807500000000004,True,low_both,482,0.3051864,0.104133,0.04415086656808853,0.02467377670109272
1845,mised,low_maturity_control,False,CLIPese,0.0,False,immature,0.7801250000000001,True,immature_readable,317,0.17354959,-0.17554711,0.04415086656808853,0.02467377670109272
1846,gathere,low_maturity_control,False,CLIPese,0.0,False,immature,0.7907750000000001,True,immature_readable,312,0.19335116,0.02216079,0.04415086656808853,0.02467377670109272
1847,concepts,low_maturity_control,True,English,4.26,False,immature,0.8061,True,immature_readable,301,-0.012584572,-0.18826136,0.04415086656808853,0.02467377670109272
1848,weren,low_maturity_control,True,English,2.21,False,immature,0.34245000000000003,True,low_both,480,0.34238034,-0.055791862,0.04415086656808853,0.02467377670109272
1849,onlined,low_maturity_control,False,CLIPese,0.0,False,immature,0.3161,True,low_both,470,-0.038333084,-0.1025436,0.04415086656808853,0.02467377670109272
1850,diffu,low_maturity_control,False,CLIPese,0.0,False,immature,0.29102500000000003,True,low_both,463,0.23165394,0.40707985,0.04415086656808853,0.02467377670109272
1851,tifully,low_maturity_control,False,CLIPese,0.0,False,immature,0.59795,False,,-1,0.06051322,0.055454854,0.04415086656808853,0.02467377670109272
1852,matters,low_maturity_control,True,English,4.72,False,immature,0.888575,True,orthographic_hard,47,0.22796153,-0.179195,0.04415086656808853,0.02467377670109272
1853,approx,low_maturity_control,True,English,3.51,False,immature,0.1475,True,low_both,446,0.23668925,-0.17592128,0.04415086656808853,0.02467377670109272
1854,required,low_maturity_control,True,English,5.02,False,immature,0.7177250000000001,True,immature_readable,345,0.07370869,0.020271448,0.04415086656808853,0.02467377670109272
1855,vnthis,low_maturity_control,False,CLIPese,0.0,False,immature,0.44909999999999994,False,,-1,0.30046865,-0.16351962,0.04415086656808853,0.02467377670109272
1856,befri,low_maturity_control,False,CLIPese,0.0,False,immature,0.42807500000000004,False,,-1,0.29776594,-0.10476088,0.04415086656808853,0.02467377670109272
1857,outcome,low_maturity_control,True,English,4.35,False,immature,0.8109500000000001,True,immature_readable,307,0.18921827,-0.17533562,0.04415086656808853,0.02467377670109272
1858,acreative,low_maturity_control,False,CLIPese,0.0,False,immature,0.6878250000000001,True,immature_readable,339,0.3368034,0.18083297,0.04415086656808853,0.02467377670109272
1859,defining,low_maturity_control,True,English,3.96,False,immature,0.7112,True,immature_readable,352,0.15048078,0.07952891,0.04415086656808853,0.02467377670109272
1860,thing,low_maturity_control,True,English,5.72,False,immature,0.54135,False,,-1,0.28987548,-0.03536264,0.04415086656808853,0.02467377670109272
1861,regards,low_maturity_control,True,English,4.2,False,immature,0.5489499999999999,False,,-1,0.15027295,0.012553436,0.04415086656808853,0.02467377670109272
1862,entitled,low_maturity_control,True,English,4.51,False,immature,0.763225,True,immature_readable,320,0.3502949,-0.029535348,0.04415086656808853,0.02467377670109272
1863,ening,low_maturity_control,True,English,1.17,False,immature,0.549775,False,,-1,0.16678229,0.009149183,0.04415086656808853,0.02467377670109272
1864,atment,low_maturity_control,False,CLIPese,0.0,False,immature,0.553775,False,,-1,0.057471655,-0.4113206,0.04415086656808853,0.02467377670109272
1865,atured,low_maturity_control,False,CLIPese,0.0,False,immature,0.42867500000000003,False,,-1,0.22757125,0.2953995,0.04415086656808853,0.02467377670109272
1866,referred,low_maturity_control,True,English,4.61,False,immature,0.5433500000000001,False,,-1,0.22278655,-0.18638976,0.04415086656808853,0.02467377670109272
1867,clause,low_maturity_control,True,English,3.99,False,immature,0.918275,True,immature_readable,281,0.40471572,0.013380471,0.04415086656808853,0.02467377670109272
1868,aided,low_maturity_control,True,English,3.74,False,immature,0.629,True,immature_readable,355,0.12681314,0.17585754,0.04415086656808853,0.02467377670109272
1869,comingof,low_maturity_control,False,CLIPese,0.0,False,immature,0.458875,False,,-1,0.03612723,0.035881538,0.04415086656808853,0.02467377670109272
1870,consists,low_maturity_control,True,English,4.39,False,immature,0.621125,True,immature_readable,366,0.12087936,-0.27011666,0.04415086656808853,0.02467377670109272
1871,owned,low_maturity_control,True,English,4.76,False,immature,0.6436249999999999,True,immature_readable,365,0.28607956,0.109935306,0.04415086656808853,0.02467377670109272
1872,banned,low_maturity_control,True,English,4.41,False,immature,0.842675,True,immature_readable,298,0.31737816,-0.11751991,0.04415086656808853,0.02467377670109272
1873,ously,low_maturity_control,True,English,1.23,False,immature,0.400675,False,,-1,0.1657647,-0.13410395,0.04415086656808853,0.02467377670109272
1874,madeby,low_maturity_control,False,CLIPese,0.0,False,immature,0.666525,True,immature_readable,349,0.13063644,-0.23071359,0.04415086656808853,0.02467377670109272
1875,asings,low_maturity_control,False,CLIPese,0.0,False,immature,0.914525,True,immature_readable,282,0.3454868,-0.06603446,0.04415086656808853,0.02467377670109272
1876,dunno,low_maturity_control,True,English,3.76,False,immature,0.4959,False,,-1,0.27129284,0.2387415,0.04415086656808853,0.02467377670109272
1877,coded,low_maturity_control,True,English,3.58,False,immature,0.5091000000000001,False,,-1,0.28285795,0.031256616,0.04415086656808853,0.02467377670109272
1878,fromthe,low_maturity_control,True,English,1.82,False,immature,0.31595,True,low_both,467,0.12683313,-0.18869494,0.04415086656808853,0.02467377670109272
1879,association,low_maturity_control,True,English,5.01,False,immature,0.6993499999999999,True,immature_readable,331,0.27992764,-0.107433766,0.04415086656808853,0.02467377670109272
1880,consisted,low_maturity_control,True,English,3.91,False,immature,0.2024,True,low_both,457,0.28138426,-0.016107194,0.04415086656808853,0.02467377670109272
1881,authent,low_maturity_control,False,CLIPese,0.0,False,immature,0.56365,False,,-1,0.39807385,-0.04246067,0.04415086656808853,0.02467377670109272
1882,assures,low_maturity_control,True,English,3.23,False,immature,0.23435000000000003,True,low_both,460,0.27413726,0.0092895515,0.04415086656808853,0.02467377670109272
1883,term,low_maturity_control,True,English,5.23,False,immature,0.8531,True,immature_readable,291,0.13535523,-0.2737683,0.04415086656808853,0.02467377670109272
1884,tured,low_maturity_control,True,English,1.08,False,immature,0.38605,False,,-1,0.25857523,-0.12072153,0.04415086656808853,0.02467377670109272
1885,couldbe,low_maturity_control,True,English,1.1,False,immature,0.497975,False,,-1,0.32098737,0.041974287,0.04415086656808853,0.02467377670109272
1886,ailed,low_maturity_control,True,English,1.64,False,immature,0.26085,True,low_both,462,0.25294355,0.11059777,0.04415086656808853,0.02467377670109272
1887,utilized,low_maturity_control,True,English,3.83,False,immature,0.406575,False,,-1,0.2815576,0.10947764,0.04415086656808853,0.02467377670109272
1888,doesn,low_maturity_control,True,English,3.22,False,immature,0.35855,True,low_both,483,0.39912772,0.0789362,0.04415086656808853,0.02467377670109272
1889,undul,low_maturity_control,False,CLIPese,0.0,False,immature,0.7875249999999999,True,immature_readable,306,0.19242194,0.18013407,0.04415086656808853,0.02467377670109272
1890,alwayss,low_maturity_control,False,CLIPese,0.0,False,immature,0.5811999999999999,False,,-1,0.43787125,0.18201162,0.04415086656808853,0.02467377670109272
1891,dedicated,low_maturity_control,True,English,4.58,False,immature,0.8239,True,immature_readable,315,0.21782613,-0.0022685353,0.04415086656808853,0.02467377670109272
1892,itated,low_maturity_control,False,CLIPese,0.0,False,immature,0.488675,False,,-1,0.179893,-0.011819808,0.04415086656808853,0.02467377670109272
1893,reads,low_maturity_control,True,English,4.25,False,immature,0.564025,False,,-1,0.34990856,-0.2768107,0.04415086656808853,0.02467377670109272
1894,aforever,low_maturity_control,False,CLIPese,0.0,False,immature,0.43535000000000007,False,,-1,0.36844724,0.108511046,0.04415086656808853,0.02467377670109272
1895,attending,low_maturity_control,True,English,4.31,False,immature,0.7588,True,immature_readable,329,0.19390441,-0.037599478,0.04415086656808853,0.02467377670109272
1896,became,low_maturity_control,True,English,5.15,False,immature,0.6121000000000001,False,,-1,0.02972385,0.063126564,0.04415086656808853,0.02467377670109272
1897,test,low_maturity_control,True,English,5.19,False,immature,0.366875,True,low_both,481,0.2667217,-0.2409857,0.04415086656808853,0.02467377670109272
1898,accompanied,low_maturity_control,True,English,4.25,False,immature,0.347675,True,low_both,475,0.09266327,-0.09755267,0.04415086656808853,0.02467377670109272
1899,uploaded,low_maturity_control,True,English,3.92,False,immature,0.196075,True,low_both,456,-0.053119637,-0.037728246,0.04415086656808853,0.02467377670109272
1900,mbles,low_maturity_control,False,CLIPese,0.0,False,immature,0.528575,False,,-1,0.21525118,-0.18543018,0.04415086656808853,0.02467377670109272
1901,sends,low_maturity_control,True,English,4.15,False,immature,0.5222,False,,-1,0.4217037,-0.15111332,0.04415086656808853,0.02467377670109272
1902,deptof,low_maturity_control,False,CLIPese,0.0,False,immature,0.405875,False,,-1,0.11094721,0.053800195,0.04415086656808853,0.02467377670109272
1903,anote,low_maturity_control,True,English,1.25,False,immature,0.479425,False,,-1,0.16028912,-0.056774165,0.04415086656808853,0.02467377670109272
1904,helped,low_maturity_control,True,English,4.88,False,immature,0.89225,True,immature_readable,299,0.3511031,0.04456988,0.04415086656808853,0.02467377670109272
1905,sibly,low_maturity_control,True,English,1.13,False,immature,0.6541250000000001,True,immature_readable,330,0.26196513,0.041115418,0.04415086656808853,0.02467377670109272
1906,withit,low_maturity_control,True,English,1.14,False,immature,0.48927500000000007,False,,-1,0.41682705,0.11114648,0.04415086656808853,0.02467377670109272
1907,fying,low_maturity_control,True,English,1.43,False,immature,0.348325,True,low_both,473,0.272654,0.07569783,0.04415086656808853,0.02467377670109272
1908,copy,low_maturity_control,True,English,4.77,False,immature,0.468275,False,,-1,0.29163206,-0.13291089,0.04415086656808853,0.02467377670109272
1909,pleasee,low_maturity_control,True,English,1.02,False,immature,0.682,True,immature_readable,362,0.306034,-0.092392385,0.04415086656808853,0.02467377670109272
1910,fication,low_maturity_control,True,English,1.31,False,immature,0.6236,True,immature_readable,360,0.16230328,0.11775499,0.04415086656808853,0.02467377670109272
1911,situation,low_maturity_control,True,English,5.09,False,immature,0.85275,True,immature_readable,302,0.34204528,0.00092646125,0.04415086656808853,0.02467377670109272
1912,clashed,low_maturity_control,True,English,3.12,False,immature,0.91245,True,immature_readable,289,0.22600846,-0.034528878,0.04415086656808853,0.02467377670109272
1913,week,low_maturity_control,True,English,5.56,False,immature,0.92755,True,immature_readable,283,0.38639265,-0.01903465,0.04415086656808853,0.02467377670109272
1914,frommy,low_maturity_control,False,CLIPese,0.0,False,immature,0.21755,True,low_both,458,-0.004922676,-0.49057245,0.04415086656808853,0.02467377670109272
1915,enjoys,low_maturity_control,True,English,3.93,False,immature,0.5604,False,,-1,-0.00019712573,-0.22591703,0.04415086656808853,0.02467377670109272
1916,wouldn,low_maturity_control,True,English,2.8,False,immature,0.644725,True,immature_readable,363,0.3228688,0.31362963,0.04415086656808853,0.02467377670109272
1917,getin,low_maturity_control,True,English,1.44,False,immature,0.7698,True,immature_readable,309,0.15576123,0.034425575,0.04415086656808853,0.02467377670109272
1918,interpreted,low_maturity_control,True,English,3.92,False,immature,0.53585,False,,-1,0.12538138,-0.080840394,0.04415086656808853,0.02467377670109272
1919,everythin,low_maturity_control,True,English,1.96,False,immature,0.6574,True,immature_readable,348,0.059867177,-0.044908762,0.04415086656808853,0.02467377670109272
1920,illating,low_maturity_control,False,CLIPese,0.0,False,immature,0.50055,False,,-1,0.19308878,0.07892032,0.04415086656808853,0.02467377670109272
1921,appreciated,low_maturity_control,True,English,4.16,False,immature,0.360575,True,low_both,479,0.14084964,0.008369377,0.04415086656808853,0.02467377670109272
1922,appreciates,low_maturity_control,True,English,3.38,False,immature,0.43095,False,,-1,-0.007193254,0.059247524,0.04415086656808853,0.02467377670109272
1923,compromised,low_maturity_control,True,English,3.78,False,immature,0.53145,False,,-1,-0.008826658,-0.2109347,0.04415086656808853,0.02467377670109272
1924,enjoyed,low_maturity_control,True,English,4.59,False,immature,0.6109999999999999,False,,-1,0.10287371,-0.09514102,0.04415086656808853,0.02467377670109272
1925,announcing,low_maturity_control,True,English,3.87,False,immature,0.7798999999999999,True,immature_readable,321,0.4090438,-0.016050972,0.04415086656808853,0.02467377670109272
1926,probz,low_maturity_control,True,English,1.44,False,immature,0.21592500000000003,True,low_both,451,0.18046871,0.1063767,0.04415086656808853,0.02467377670109272
1927,caused,low_maturity_control,True,English,4.88,False,immature,0.825225,True,immature_readable,313,0.3079255,0.26683235,0.04415086656808853,0.02467377670109272
1928,murdered,low_maturity_control,True,English,4.32,False,immature,0.4455,False,,-1,0.09070929,0.09382333,0.04415086656808853,0.02467377670109272
1929,bringing,low_maturity_control,True,English,4.71,False,immature,0.813675,True,immature_readable,323,0.35383296,-0.026754655,0.04415086656808853,0.02467377670109272
1930,allowing,low_maturity_control,True,English,4.62,False,immature,0.7120499999999998,True,immature_readable,341,0.41632813,0.09347496,0.04415086656808853,0.02467377670109272
1931,outs,low_maturity_control,True,English,3.86,False,immature,0.73735,True,immature_readable,328,0.43167984,0.09296682,0.04415086656808853,0.02467377670109272
1932,stateof,low_maturity_control,True,English,1.36,False,immature,0.824825,True,immature_readable,300,0.21266893,-0.17145085,0.04415086656808853,0.02467377670109272
1933,alecoscino,low_maturity_control,False,CLIPese,0.0,False,immature,0.18025,True,low_both,448,0.14717114,-0.13694693,0.04415086656808853,0.02467377670109272
1934,argued,low_maturity_control,True,English,4.36,False,immature,0.7263749999999999,True,immature_readable,336,0.30437654,-0.082858056,0.04415086656808853,0.02467377670109272
1935,succeeded,low_maturity_control,True,English,4.14,False,immature,0.950175,True,immature_readable,290,0.10463332,0.24883224,0.04415086656808853,0.02467377670109272
1936,suggested,low_maturity_control,True,English,4.68,False,immature,0.77015,True,immature_readable,327,0.23580813,0.024875721,0.04415086656808853,0.02467377670109272
1937,mizes,low_maturity_control,False,CLIPese,0.0,False,immature,0.7742999999999999,True,immature_readable,310,0.10754224,-0.17424616,0.04415086656808853,0.02467377670109272
1938,ftheday,low_maturity_control,False,CLIPese,0.0,False,immature,0.6134499999999999,False,,-1,0.02578881,-0.015658356,0.04415086656808853,0.02467377670109272
1939,itation,low_maturity_control,False,CLIPese,0.0,False,immature,0.47117499999999995,False,,-1,0.09359246,-0.19012502,0.04415086656808853,0.02467377670109272
1940,contr,low_maturity_control,True,English,2.21,False,immature,0.684175,True,immature_readable,344,0.28059423,-0.1993134,0.04415086656808853,0.02467377670109272
1941,athers,low_maturity_control,True,English,1.04,False,immature,0.39280000000000004,False,,-1,0.15681727,-0.10237101,0.04415086656808853,0.02467377670109272
1942,avond,low_maturity_control,False,CLIPese,0.0,False,immature,0.523425,False,,-1,0.34636536,-0.14707975,0.04415086656808853,0.02467377670109272
1943,isure,low_maturity_control,False,CLIPese,0.0,False,immature,0.45972500000000005,False,,-1,0.16517445,0.049557596,0.04415086656808853,0.02467377670109272
1944,nough,low_maturity_control,True,English,1.75,False,immature,0.6231,True,immature_readable,358,0.1847361,0.1628962,0.04415086656808853,0.02467377670109272
1945,picoftheday,low_maturity_control,True,English,1.18,False,immature,0.21982500000000002,True,low_both,455,-0.08977656,0.0588131,0.04415086656808853,0.02467377670109272
1946,reveals,low_maturity_control,True,English,4.34,False,immature,0.5625249999999999,False,,-1,0.35380992,-0.073988706,0.04415086656808853,0.02467377670109272
1947,accomod,low_maturity_control,False,CLIPese,0.0,False,immature,0.665375,True,immature_readable,354,0.009057189,-0.29889014,0.04415086656808853,0.02467377670109272
1948,abetter,low_maturity_control,True,English,1.19,False,immature,0.9072,True,immature_readable,285,0.19699778,0.01936154,0.04415086656808853,0.02467377670109272
1949,agood,low_maturity_control,True,English,1.69,False,immature,0.47227499999999994,False,,-1,0.286498,-0.067440055,0.04415086656808853,0.02467377670109272
1950,attributed,low_maturity_control,True,English,4.05,False,immature,0.15235,True,low_both,449,0.21133938,-0.012263089,0.04415086656808853,0.02467377670109272
1951,callsthe,low_maturity_control,False,CLIPese,0.0,False,immature,0.5814,False,,-1,0.29534265,-0.104981326,0.04415086656808853,0.02467377670109272
1952,extends,low_maturity_control,True,English,3.99,False,immature,0.5699000000000001,False,,-1,0.213055,-0.083937444,0.04415086656808853,0.02467377670109272
1953,notbe,low_maturity_control,True,English,1.1,False,immature,0.5502,False,,-1,0.26409787,0.023860335,0.04415086656808853,0.02467377670109272
1954,acquis,low_maturity_control,True,English,1.72,False,immature,0.5463250000000001,False,,-1,0.26630643,0.13470447,0.04415086656808853,0.02467377670109272
1955,madewith,low_maturity_control,False,CLIPese,0.0,False,immature,0.288775,True,low_both,469,0.07620341,0.18362585,0.04415086656808853,0.02467377670109272
1956,bestofthe,low_maturity_control,False,CLIPese,0.0,False,immature,0.6331,True,immature_readable,357,0.053438418,0.10287165,0.04415086656808853,0.02467377670109272
1957,shared,low_maturity_control,True,English,4.68,False,immature,0.813525,True,immature_readable,314,0.34467837,-0.07705599,0.04415086656808853,0.02467377670109272
1958,assisted,low_maturity_control,True,English,4.1,False,immature,0.91465,True,immature_readable,284,0.16180818,-0.09572583,0.04415086656808853,0.02467377670109272
1959,acqui,low_maturity_control,True,English,1.63,False,immature,0.5221750000000001,False,,-1,0.32846388,0.24872902,0.04415086656808853,0.02467377670109272
1960,joined,low_maturity_control,True,English,4.73,False,immature,0.8063750000000001,True,immature_readable,319,0.29313582,0.068067215,0.04415086656808853,0.02467377670109272
1961,siest,low_maturity_control,False,CLIPese,0.0,False,immature,0.216625,True,low_both,452,0.2618299,-0.012697563,0.04415086656808853,0.02467377670109272
1962,achem,low_maturity_control,False,CLIPese,0.0,False,immature,0.6791,True,immature_readable,332,0.09453236,-0.23593329,0.04415086656808853,0.02467377670109272
1963,exists,low_maturity_control,True,English,4.48,False,immature,0.73055,True,immature_readable,333,0.22912213,-0.29311442,0.04415086656808853,0.02467377670109272
1964,chered,low_maturity_control,False,CLIPese,0.0,False,immature,0.84315,True,immature_readable,303,0.04671963,-0.032311987,0.04415086656808853,0.02467377670109272
1965,atten,low_maturity_control,True,English,2.25,False,immature,0.8291249999999999,True,immature_readable,316,0.3661391,-0.039970394,0.04415086656808853,0.02467377670109272
1966,couldnt,low_maturity_control,True,English,3.43,False,immature,0.65615,True,immature_readable,359,0.3492434,-0.0033298023,0.04415086656808853,0.02467377670109272
1967,gives,low_maturity_control,True,English,5.03,False,immature,0.754275,True,immature_readable,326,0.43693644,-0.0053867274,0.04415086656808853,0.02467377670109272
1968,aphoto,low_maturity_control,False,CLIPese,0.0,False,immature,0.23685,True,low_both,459,0.33398575,0.11091316,0.04415086656808853,0.02467377670109272
1969,volved,low_maturity_control,False,CLIPese,0.0,False,immature,0.37422500000000003,True,low_both,471,0.28685644,0.027316798,0.04415086656808853,0.02467377670109272
1970,observed,low_maturity_control,True,English,4.39,False,immature,0.8356,True,orthographic_hard,18,0.3016604,0.017857425,0.04415086656808853,0.02467377670109272
1971,referring,low_maturity_control,True,English,4.35,False,immature,0.765225,True,immature_readable,322,0.30650356,-0.08217894,0.04415086656808853,0.02467377670109272
1972,alizes,low_maturity_control,False,CLIPese,0.0,False,immature,0.609225,False,,-1,0.32604685,-0.046475485,0.04415086656808853,0.02467377670109272
1973,blog,low_maturity_control,True,English,4.73,False,immature,0.6045,False,,-1,0.30544063,-0.010686075,0.04415086656808853,0.02467377670109272
1974,introduced,low_maturity_control,True,English,4.72,False,immature,0.54125,False,,-1,0.2180155,-0.20371851,0.04415086656808853,0.02467377670109272
1975,overlooked,low_maturity_control,True,English,3.82,False,immature,0.656375,True,immature_readable,364,0.12942317,0.0043389834,0.04415086656808853,0.02467377670109272
1976,areyou,low_maturity_control,True,English,1.29,False,immature,0.35045,True,low_both,478,0.3547298,-0.1750389,0.04415086656808853,0.02467377670109272
1977,asserted,low_maturity_control,True,English,3.59,False,immature,0.923275,True,immature_readable,296,0.14195949,0.022265727,0.04415086656808853,0.02467377670109272
1978,endif,low_maturity_control,True,English,1.67,False,immature,0.396625,False,,-1,0.21522114,-0.066492155,0.04415086656808853,0.02467377670109272
1979,second,low_maturity_control,True,English,5.63,False,immature,0.7282,True,immature_readable,340,0.25179642,0.16085866,0.04415086656808853,0.02467377670109272
1980,authored,low_maturity_control,True,English,3.49,False,immature,0.21015,True,low_both,454,0.19988292,0.18320607,0.04415086656808853,0.02467377670109272
1981,lives,low_maturity_control,True,English,5.14,False,immature,0.871775,True,immature_readable,294,0.45375592,-0.04998107,0.04415086656808853,0.02467377670109272
1982,thenew,low_maturity_control,True,English,1.49,False,immature,0.670675,True,immature_readable,350,0.29538372,0.032858264,0.04415086656808853,0.02467377670109272
1983,agrees,low_maturity_control,True,English,4.08,False,immature,0.62585,True,immature_readable,367,0.26904428,0.06294457,0.04415086656808853,0.02467377670109272
1984,todays,low_maturity_control,True,English,3.1,False,immature,0.511225,False,,-1,0.40364388,-0.23374848,0.04415086656808853,0.02467377670109272
1985,graced,low_maturity_control,True,English,2.99,False,immature,0.6677500000000001,True,immature_readable,361,0.22174136,-0.098299146,0.04415086656808853,0.02467377670109272
1986,proves,low_maturity_control,True,English,4.06,False,immature,0.7840750000000001,True,immature_readable,318,0.2240487,-0.28642216,0.04415086656808853,0.02467377670109272
1987,imagined,low_maturity_control,True,English,4.07,False,immature,0.7951250000000001,True,immature_readable,304,0.09455307,-0.07110269,0.04415086656808853,0.02467377670109272
1988,sumed,low_maturity_control,True,English,1.02,False,immature,0.7352000000000001,True,immature_readable,325,0.05661801,0.004291746,0.04415086656808853,0.02467377670109272
1989,toknow,low_maturity_control,True,English,1.11,False,immature,0.387575,False,,-1,0.26482725,0.2536465,0.04415086656808853,0.02467377670109272
1990,example,low_maturity_control,True,English,5.27,False,immature,0.2152,True,low_both,453,-0.0861727,-0.09133321,0.04415086656808853,0.02467377670109272
1991,alleged,low_maturity_control,True,English,4.37,False,immature,0.469025,False,,-1,0.28155407,-0.013920446,0.04415086656808853,0.02467377670109272
1992,madeto,low_maturity_control,False,CLIPese,0.0,False,immature,0.86255,True,immature_readable,293,0.0782295,0.0037154895,0.04415086656808853,0.02467377670109272
1993,andthe,low_maturity_control,True,English,2.12,False,immature,0.37079999999999996,True,low_both,485,0.3398685,-0.07299983,0.04415086656808853,0.02467377670109272
1994,constituted,low_maturity_control,True,English,3.58,False,immature,0.7048749999999999,True,immature_readable,334,0.20171359,0.08626656,0.04415086656808853,0.02467377670109272
1995,terday,low_maturity_control,False,CLIPese,0.0,False,immature,0.8778,True,immature_readable,292,0.07598765,-0.0058667036,0.04415086656808853,0.02467377670109272
1996,served,low_maturity_control,True,English,4.81,False,immature,0.887575,True,orthographic_hard,19,0.19281378,0.16907914,0.04415086656808853,0.02467377670109272
1997,viewed,low_maturity_control,True,English,4.31,False,immature,0.504875,False,,-1,0.3824222,-0.019875092,0.04415086656808853,0.02467377670109272
1998,ative,low_maturity_control,True,English,1.22,False,immature,0.43865000000000004,False,,-1,0.32771048,-0.13277952,0.04415086656808853,0.02467377670109272
1999,named,low_maturity_control,True,English,4.95,False,immature,0.450325,False,,-1,0.19190145,-0.26263347,0.04415086656808853,0.02467377670109272
