word_id,word,selection_group,is_english,language_class,english_zipf,is_mature,maturity_class,readability_score,selected_for_overlay,overlay_stratum,selection_order,pc1,pc2,pc1_explained_variance,pc2_explained_variance
0,colorimagemicroscope,high_maturity,False,CLIPese,0.0,True,mature,0.21830000000000002,False,,-1,0.16731586,-0.08359751,0.07501503080129623,0.03555861860513687
1,chihuahuhooded,high_maturity,False,CLIPese,0.0,True,mature,0.34255,False,,-1,0.3119986,0.20169637,0.07501503080129623,0.03555861860513687
2,chihuahunvidia,high_maturity,False,CLIPese,0.0,True,mature,0.569525,False,,-1,0.20924608,0.23544961,0.07501503080129623,0.03555861860513687
3,binochihuahu,high_maturity,False,CLIPese,0.0,True,mature,0.65185,False,,-1,0.27876174,0.24074568,0.07501503080129623,0.03555861860513687
4,chihuahu,high_maturity,False,CLIPese,0.0,True,mature,0.49107500000000004,False,,-1,0.21687129,0.24784489,0.07501503080129623,0.03555861860513687
5,chihuahuframed,high_maturity,False,CLIPese,0.0,True,mature,0.6575249999999999,False,,-1,0.27073213,0.2002014,0.07501503080129623,0.03555861860513687
6,bharatmicroscopy,high_maturity,False,CLIPese,0.0,True,mature,0.6784,False,,-1,0.09390621,-0.10381463,0.07501503080129623,0.03555861860513687
7,alfremicroscopy,high_maturity,False,CLIPese,0.0,True,mature,0.53045,True,orthographic_hard,36,0.08420809,-0.13091524,0.07501503080129623,0.03555861860513687
8,chihuahuas,high_maturity,True,English,2.39,True,mature,0.389225,False,,-1,0.118653685,0.24525662,0.07501503080129623,0.03555861860513687
9,buscchihuahua,high_maturity,False,CLIPese,0.0,True,mature,0.65285,False,,-1,0.18163477,0.26015198,0.07501503080129623,0.03555861860513687
10,anarchisemicsymbol,high_maturity,False,CLIPese,0.0,True,mature,0.58435,False,,-1,0.05762967,-0.00869479,0.07501503080129623,0.03555861860513687
11,chihuahuportrait,high_maturity,False,CLIPese,0.0,True,mature,0.32735000000000003,False,,-1,0.14640012,0.17194602,0.07501503080129623,0.03555861860513687
12,anarchideadpool,high_maturity,False,CLIPese,0.0,True,mature,0.6019749999999999,False,,-1,-0.0055233426,0.06088152,0.07501503080129623,0.03555861860513687
13,autismasolardepicted,high_maturity,False,CLIPese,0.0,True,mature,0.33494999999999997,False,,-1,0.10904595,-0.14380059,0.07501503080129623,0.03555861860513687
14,balochihuahua,high_maturity,False,CLIPese,0.0,True,mature,0.3169,False,,-1,0.22759905,0.25474343,0.07501503080129623,0.03555861860513687
15,chihuahuyogurt,high_maturity,False,CLIPese,0.0,True,mature,0.671225,False,,-1,0.23157272,0.24873994,0.07501503080129623,0.03555861860513687
16,cubempy,high_maturity,False,CLIPese,0.0,True,mature,0.598,False,,-1,0.0891867,-0.09210545,0.07501503080129623,0.03555861860513687
17,amermicroscopy,high_maturity,False,CLIPese,0.0,True,mature,0.697725,True,orthographic_hard,37,-0.038375743,-0.14788666,0.07501503080129623,0.03555861860513687
18,chukchihuahua,high_maturity,False,CLIPese,0.0,True,mature,0.599325,False,,-1,0.12898287,0.21801719,0.07501503080129623,0.03555861860513687
19,anarchidrawing,high_maturity,False,CLIPese,0.0,True,mature,0.7293749999999999,True,orthographic_hard,6,-0.055908885,-0.025138378,0.07501503080129623,0.03555861860513687
20,cybermicroscopy,high_maturity,False,CLIPese,0.0,True,mature,0.291375,False,,-1,-0.0331819,-0.191207,0.07501503080129623,0.03555861860513687
21,bernadetransimicroscopy,high_maturity,False,CLIPese,0.0,True,mature,0.39724999999999994,False,,-1,0.22358346,-0.17602406,0.07501503080129623,0.03555861860513687
22,anarchidrawings,high_maturity,False,CLIPese,0.0,True,mature,0.5539499999999999,True,orthographic_hard,7,0.037418455,0.011509129,0.07501503080129623,0.03555861860513687
23,cartoonfortniteemojis,high_maturity,False,CLIPese,0.0,True,mature,0.39827499999999993,False,,-1,0.050692722,-0.037702106,0.07501503080129623,0.03555861860513687
24,chihuahua,high_maturity,True,English,3.21,True,mature,0.369475,False,,-1,0.022504425,0.22144362,0.07501503080129623,0.03555861860513687
25,abaschihuahua,high_maturity,False,CLIPese,0.0,True,mature,0.627275,False,,-1,0.28382155,0.26741973,0.07501503080129623,0.03555861860513687
26,augmentejaws,high_maturity,False,CLIPese,0.0,True,mature,0.3913,False,,-1,0.04221242,0.0061391457,0.07501503080129623,0.03555861860513687
27,cubecube,high_maturity,False,CLIPese,0.0,True,mature,0.550625,False,,-1,-0.090090945,-0.116582245,0.07501503080129623,0.03555861860513687
28,accentmicroscopy,high_maturity,False,CLIPese,0.0,True,mature,0.347375,False,,-1,0.051305182,-0.14830782,0.07501503080129623,0.03555861860513687
29,backstreetspaghetti,high_maturity,False,CLIPese,0.0,True,mature,0.5650499999999999,False,,-1,-0.017333105,0.033414803,0.07501503080129623,0.03555861860513687
30,clintonhallucinpixelart,high_maturity,False,CLIPese,0.0,True,mature,0.1217,False,,-1,0.20974146,-0.17796949,0.07501503080129623,0.03555861860513687
31,cytoscrambled,high_maturity,False,CLIPese,0.0,True,mature,0.64025,False,,-1,0.18300797,-0.2200281,0.07501503080129623,0.03555861860513687
32,daimscrambled,high_maturity,False,CLIPese,0.0,True,mature,0.7094250000000001,False,,-1,0.13461404,-0.28953138,0.07501503080129623,0.03555861860513687
33,catpixelart,high_maturity,False,CLIPese,0.0,True,mature,0.11347499999999999,False,,-1,0.12248983,-0.08263611,0.07501503080129623,0.03555861860513687
34,chipmunfracking,high_maturity,False,CLIPese,0.0,True,mature,0.183825,False,,-1,-0.02256417,0.2041298,0.07501503080129623,0.03555861860513687
35,augmenteshark,high_maturity,False,CLIPese,0.0,True,mature,0.533525,False,,-1,0.10180249,0.0015335388,0.07501503080129623,0.03555861860513687
36,chipmunnursing,high_maturity,False,CLIPese,0.0,True,mature,0.16620000000000001,False,,-1,0.22169346,0.27606478,0.07501503080129623,0.03555861860513687
37,anarchialvin,high_maturity,False,CLIPese,0.0,True,mature,0.616825,False,,-1,0.042447086,0.14999323,0.07501503080129623,0.03555861860513687
38,choriliquimicroscopy,high_maturity,False,CLIPese,0.0,True,mature,0.23345000000000002,False,,-1,0.18364526,-0.17146952,0.07501503080129623,0.03555861860513687
39,bananbananheadphone,high_maturity,False,CLIPese,0.0,True,mature,0.64635,False,,-1,-0.129785,0.082537025,0.07501503080129623,0.03555861860513687
40,calibrhumidivolcano,high_maturity,False,CLIPese,0.0,True,mature,0.34359999999999996,False,,-1,0.20215759,0.10965155,0.07501503080129623,0.03555861860513687
41,chihuahucolorized,high_maturity,False,CLIPese,0.0,True,mature,0.348475,False,,-1,0.23518515,0.0645765,0.07501503080129623,0.03555861860513687
42,chipmunchipmunstraw,high_maturity,False,CLIPese,0.0,True,mature,0.035824999999999996,True,mature_weak,385,-0.050426062,0.19835985,0.07501503080129623,0.03555861860513687
43,containemoji,high_maturity,False,CLIPese,0.0,True,mature,0.333,False,,-1,0.15817314,0.009086868,0.07501503080129623,0.03555861860513687
44,anarchidoodles,high_maturity,False,CLIPese,0.0,True,mature,0.9022000000000001,False,,-1,0.013040776,0.008015827,0.07501503080129623,0.03555861860513687
45,brainmicroscopy,high_maturity,False,CLIPese,0.0,True,mature,0.30505,False,,-1,-0.021713473,-0.17094971,0.07501503080129623,0.03555861860513687
46,catalypixelart,high_maturity,False,CLIPese,0.0,True,mature,0.1604,False,,-1,0.02651347,-0.19337402,0.07501503080129623,0.03555861860513687
47,cubeproposing,high_maturity,False,CLIPese,0.0,True,mature,0.8755000000000002,True,mature_readable,95,0.0090135075,-0.08687916,0.07501503080129623,0.03555861860513687
48,counterfemicroscopy,high_maturity,False,CLIPese,0.0,True,mature,0.34255,False,,-1,-0.0042074504,-0.18758601,0.07501503080129623,0.03555861860513687
49,crystfracpixelart,high_maturity,False,CLIPese,0.0,True,mature,0.071325,True,mature_weak,420,0.17185745,-0.34944358,0.07501503080129623,0.03555861860513687
50,copernicpanoramic,high_maturity,False,CLIPese,0.0,True,mature,0.21165,False,,-1,0.13277142,-0.03428476,0.07501503080129623,0.03555861860513687
51,autuscrambled,high_maturity,False,CLIPese,0.0,True,mature,0.7933749999999999,False,,-1,0.09690607,-0.13995935,0.07501503080129623,0.03555861860513687
52,banandeeplearning,high_maturity,False,CLIPese,0.0,True,mature,0.36867500000000003,False,,-1,0.049686726,-0.00915455,0.07501503080129623,0.03555861860513687
53,adjaccube,high_maturity,False,CLIPese,0.0,True,mature,0.5077750000000001,False,,-1,0.021510752,-0.1137068,0.07501503080129623,0.03555861860513687
54,autismabear,high_maturity,False,CLIPese,0.0,True,mature,0.6863999999999999,False,,-1,-0.044752713,0.025314672,0.07501503080129623,0.03555861860513687
55,augmentedisneyland,high_maturity,False,CLIPese,0.0,True,mature,0.64475,False,,-1,0.13150224,-0.067185946,0.07501503080129623,0.03555861860513687
56,chipmunreferendum,high_maturity,False,CLIPese,0.0,True,mature,0.629,False,,-1,0.007653813,0.18706004,0.07501503080129623,0.03555861860513687
57,beachbhafc,high_maturity,False,CLIPese,0.0,True,mature,0.7847,False,,-1,0.036249544,0.097154066,0.07501503080129623,0.03555861860513687
58,backstreetpanorama,high_maturity,False,CLIPese,0.0,True,mature,0.33965,False,,-1,0.048501503,-0.0035569805,0.07501503080129623,0.03555861860513687
59,calibrhumidiadapter,high_maturity,False,CLIPese,0.0,True,mature,0.48485,False,,-1,0.15743023,0.032551106,0.07501503080129623,0.03555861860513687
60,cougarcougar,high_maturity,False,CLIPese,0.0,True,mature,0.41762499999999997,False,,-1,0.1471258,0.19292884,0.07501503080129623,0.03555861860513687
61,coralmicroscope,high_maturity,False,CLIPese,0.0,True,mature,0.30610000000000004,False,,-1,0.06038392,-0.12653227,0.07501503080129623,0.03555861860513687
62,castellpixelart,high_maturity,False,CLIPese,0.0,True,mature,0.14547500000000002,False,,-1,-0.028054722,-0.20497572,0.07501503080129623,0.03555861860513687
63,allanpixelart,high_maturity,False,CLIPese,0.0,True,mature,0.09507500000000002,False,,-1,0.10412103,-0.16060786,0.07501503080129623,0.03555861860513687
64,chocoljoachim,high_maturity,False,CLIPese,0.0,True,mature,0.501775,False,,-1,-0.0128559405,0.11051595,0.07501503080129623,0.03555861860513687
65,autuglitch,high_maturity,False,CLIPese,0.0,True,mature,0.580375,False,,-1,0.10088818,-0.28283045,0.07501503080129623,0.03555861860513687
66,barbescrambled,high_maturity,False,CLIPese,0.0,True,mature,0.683225,False,,-1,-0.08817703,0.0063546845,0.07501503080129623,0.03555861860513687
67,chipmunpbr,high_maturity,False,CLIPese,0.0,True,mature,0.313425,False,,-1,0.06856238,0.23304734,0.07501503080129623,0.03555861860513687
68,cyberpixelart,high_maturity,False,CLIPese,0.0,True,mature,0.10195000000000001,False,,-1,0.023047099,-0.2196491,0.07501503080129623,0.03555861860513687
69,cybermicroscope,high_maturity,False,CLIPese,0.0,True,mature,0.5769500000000001,False,,-1,0.048365653,-0.13039808,0.07501503080129623,0.03555861860513687
70,bogtexture,high_maturity,False,CLIPese,0.0,True,mature,0.5715250000000001,False,,-1,-0.11754148,-0.14220461,0.07501503080129623,0.03555861860513687
71,camouflaunvebeds,high_maturity,False,CLIPese,0.0,True,mature,0.45285000000000003,False,,-1,0.0495717,-0.08014727,0.07501503080129623,0.03555861860513687
72,augmentemackerel,high_maturity,False,CLIPese,0.0,True,mature,0.48345,False,,-1,0.07538835,0.058982324,0.07501503080129623,0.03555861860513687
73,bananeggplant,high_maturity,False,CLIPese,0.0,True,mature,0.52855,False,,-1,-0.044083904,0.14796801,0.07501503080129623,0.03555861860513687
74,blacchihuahueyedubois,high_maturity,False,CLIPese,0.0,True,mature,0.20675,False,,-1,0.32759574,0.21358547,0.07501503080129623,0.03555861860513687
75,anarchialtar,high_maturity,False,CLIPese,0.0,True,mature,0.7786250000000001,False,,-1,0.017310077,0.002347039,0.07501503080129623,0.03555861860513687
76,beachdeforestation,high_maturity,False,CLIPese,0.0,True,mature,0.25049999999999994,False,,-1,0.0674066,0.08485603,0.07501503080129623,0.03555861860513687
77,contentmicroscopy,high_maturity,False,CLIPese,0.0,True,mature,0.3742,False,,-1,-0.18110003,-0.14959073,0.07501503080129623,0.03555861860513687
78,convicemoji,high_maturity,False,CLIPese,0.0,True,mature,0.42015,False,,-1,0.030121036,-0.06623051,0.07501503080129623,0.03555861860513687
79,chipmunrabbit,high_maturity,False,CLIPese,0.0,True,mature,0.33482499999999993,False,,-1,-0.16184974,0.19880836,0.07501503080129623,0.03555861860513687
80,ayanmicroscope,high_maturity,False,CLIPese,0.0,True,mature,0.5851,False,,-1,0.09405927,-0.041414935,0.07501503080129623,0.03555861860513687
81,alphabeapple,high_maturity,False,CLIPese,0.0,True,mature,0.6282249999999999,False,,-1,-0.043234333,0.05852291,0.07501503080129623,0.03555861860513687
82,aubergchunks,high_maturity,False,CLIPese,0.0,True,mature,0.42205000000000004,False,,-1,0.15041979,0.14655927,0.07501503080129623,0.03555861860513687
83,bbcglitch,high_maturity,False,CLIPese,0.0,True,mature,0.60495,False,,-1,0.040164024,-0.31269902,0.07501503080129623,0.03555861860513687
84,autismamasterpieces,high_maturity,False,CLIPese,0.0,True,mature,0.5163499999999999,False,,-1,-0.03885859,-0.1793248,0.07501503080129623,0.03555861860513687
85,bullterrier,high_maturity,False,CLIPese,0.0,True,mature,0.35487500000000005,False,,-1,0.09442759,0.2507275,0.07501503080129623,0.03555861860513687
86,coffemugshot,high_maturity,False,CLIPese,0.0,True,mature,0.6890749999999999,False,,-1,-0.18385097,0.009853161,0.07501503080129623,0.03555861860513687
87,creamscrambled,high_maturity,False,CLIPese,0.0,True,mature,0.78055,False,,-1,-0.1699798,-0.06804578,0.07501503080129623,0.03555861860513687
88,beachsurfers,high_maturity,False,CLIPese,0.0,True,mature,0.6040749999999999,False,,-1,-0.051053524,0.06745613,0.07501503080129623,0.03555861860513687
89,coralpixelart,high_maturity,False,CLIPese,0.0,True,mature,0.2081,False,,-1,0.009671425,-0.20400812,0.07501503080129623,0.03555861860513687
90,alienpixelart,high_maturity,False,CLIPese,0.0,True,mature,0.18494999999999998,False,,-1,-0.0039043857,-0.18188654,0.07501503080129623,0.03555861860513687
91,cheeselo,high_maturity,False,CLIPese,0.0,True,mature,0.777,False,,-1,-0.1177611,0.015563404,0.07501503080129623,0.03555861860513687
92,cipemoji,high_maturity,False,CLIPese,0.0,True,mature,0.542475,True,orthographic_hard,8,0.027988346,-0.06275735,0.07501503080129623,0.03555861860513687
93,colormicroscope,high_maturity,False,CLIPese,0.0,True,mature,0.40950000000000003,False,,-1,0.084926926,-0.18290953,0.07501503080129623,0.03555861860513687
94,banknodigitalart,high_maturity,False,CLIPese,0.0,True,mature,0.2257,False,,-1,0.27368894,-0.18222493,0.07501503080129623,0.03555861860513687
95,bundejets,high_maturity,False,CLIPese,0.0,True,mature,0.4329,False,,-1,-0.024797915,0.13525514,0.07501503080129623,0.03555861860513687
96,beachpools,high_maturity,False,CLIPese,0.0,True,mature,0.7632749999999999,False,,-1,-0.15769053,0.009115897,0.07501503080129623,0.03555861860513687
97,brutalframskeletons,high_maturity,False,CLIPese,0.0,True,mature,0.498325,False,,-1,0.15710536,-0.0063967174,0.07501503080129623,0.03555861860513687
98,calibrcalibrgrinder,high_maturity,False,CLIPese,0.0,True,mature,0.297,False,,-1,0.1000741,-0.00989569,0.07501503080129623,0.03555861860513687
99,cbsmachinelearning,high_maturity,False,CLIPese,0.0,True,mature,0.449925,False,,-1,-0.10419163,-0.124156564,0.07501503080129623,0.03555861860513687
100,chinesepresidents,high_maturity,False,CLIPese,0.0,True,mature,0.5212,False,,-1,-0.17326075,0.035226297,0.07501503080129623,0.03555861860513687
101,aubergchevron,high_maturity,False,CLIPese,0.0,True,mature,0.131275,True,mature_weak,398,0.25996768,0.055667374,0.07501503080129623,0.03555861860513687
102,autumachinelearning,high_maturity,False,CLIPese,0.0,True,mature,0.44942499999999996,False,,-1,-0.01860731,-0.16116452,0.07501503080129623,0.03555861860513687
103,clipemoji,high_maturity,False,CLIPese,0.0,True,mature,0.537275,True,orthographic_hard,9,-0.06546408,-0.058861293,0.07501503080129623,0.03555861860513687
104,cougarundant,high_maturity,False,CLIPese,0.0,True,mature,0.523575,False,,-1,-0.032381665,0.11279226,0.07501503080129623,0.03555861860513687
105,buremachinelearning,high_maturity,False,CLIPese,0.0,True,mature,0.47002499999999997,False,,-1,-0.080151685,-0.13272868,0.07501503080129623,0.03555861860513687
106,buccaneplanes,high_maturity,False,CLIPese,0.0,True,mature,0.43084999999999996,False,,-1,0.16349404,0.24019097,0.07501503080129623,0.03555861860513687
107,chipmunk,high_maturity,True,English,2.74,True,mature,0.35365,False,,-1,-0.20830898,0.1880789,0.07501503080129623,0.03555861860513687
108,calibrvolcano,high_maturity,False,CLIPese,0.0,True,mature,0.34857499999999997,False,,-1,0.31571165,0.034439612,0.07501503080129623,0.03555861860513687
109,cycloemojis,high_maturity,False,CLIPese,0.0,True,mature,0.496275,False,,-1,-0.07533114,-0.083989196,0.07501503080129623,0.03555861860513687
110,augmentemask,high_maturity,False,CLIPese,0.0,True,mature,0.751775,True,mature_readable,243,-0.0111043295,-0.05975923,0.07501503080129623,0.03555861860513687
111,banknopassport,high_maturity,False,CLIPese,0.0,True,mature,0.648,False,,-1,-0.0067300126,-0.015344155,0.07501503080129623,0.03555861860513687
112,bestofscrambled,high_maturity,False,CLIPese,0.0,True,mature,0.44015000000000004,False,,-1,0.009561002,-0.29320827,0.07501503080129623,0.03555861860513687
113,bernese,high_maturity,True,English,2.23,True,mature,0.56565,False,,-1,0.11715397,0.23354894,0.07501503080129623,0.03555861860513687
114,aubergbronte,high_maturity,False,CLIPese,0.0,True,mature,0.195075,False,,-1,0.15490977,0.13877206,0.07501503080129623,0.03555861860513687
115,cubemodules,high_maturity,False,CLIPese,0.0,True,mature,0.89235,True,mature_readable,167,-0.00030734832,-0.12174005,0.07501503080129623,0.03555861860513687
116,copernicspaghetti,high_maturity,False,CLIPese,0.0,True,mature,0.5315,False,,-1,0.13247135,0.0009954062,0.07501503080129623,0.03555861860513687
117,aegefighter,high_maturity,False,CLIPese,0.0,True,mature,0.23885,False,,-1,0.10222726,0.16697316,0.07501503080129623,0.03555861860513687
118,boxerpitbull,high_maturity,False,CLIPese,0.0,True,mature,0.419875,False,,-1,0.07433349,0.26117784,0.07501503080129623,0.03555861860513687
119,configurloaf,high_maturity,False,CLIPese,0.0,True,mature,0.400825,False,,-1,0.24842866,0.06737048,0.07501503080129623,0.03555861860513687
120,backstreetminecraft,high_maturity,False,CLIPese,0.0,True,mature,0.36519999999999997,False,,-1,-0.05196497,-0.075115025,0.07501503080129623,0.03555861860513687
121,autismazebra,high_maturity,False,CLIPese,0.0,True,mature,0.45339999999999997,False,,-1,-0.032157734,-0.0049023973,0.07501503080129623,0.03555861860513687
122,calibrimagepixelart,high_maturity,False,CLIPese,0.0,True,mature,0.12369999999999999,False,,-1,-0.049620356,-0.19399957,0.07501503080129623,0.03555861860513687
123,artypixelart,high_maturity,False,CLIPese,0.0,True,mature,0.0802,True,mature_weak,372,-0.029793372,-0.2325162,0.07501503080129623,0.03555861860513687
124,bbcimagemachinelearning,high_maturity,False,CLIPese,0.0,True,mature,0.44815,False,,-1,-0.21402551,-0.15715703,0.07501503080129623,0.03555861860513687
125,cyberskeletons,high_maturity,False,CLIPese,0.0,True,mature,0.5938249999999999,False,,-1,-0.07216049,-0.010975158,0.07501503080129623,0.03555861860513687
126,chipmunbollywood,high_maturity,False,CLIPese,0.0,True,mature,0.47530000000000006,False,,-1,0.053834446,0.18469149,0.07501503080129623,0.03555861860513687
127,aubergfuzzy,high_maturity,False,CLIPese,0.0,True,mature,0.28605,False,,-1,0.08355895,0.119067386,0.07501503080129623,0.03555861860513687
128,carrauntoo,high_maturity,False,CLIPese,0.0,True,mature,0.38125,False,,-1,0.17573407,0.1539942,0.07501503080129623,0.03555861860513687
129,chickpheasant,high_maturity,False,CLIPese,0.0,True,mature,0.4534,False,,-1,0.029809527,0.18385743,0.07501503080129623,0.03555861860513687
130,coralbinary,high_maturity,False,CLIPese,0.0,True,mature,0.824275,True,mature_readable,229,0.019719219,-0.14849472,0.07501503080129623,0.03555861860513687
131,aubergblob,high_maturity,False,CLIPese,0.0,True,mature,0.36105,False,,-1,0.023249751,0.081253655,0.07501503080129623,0.03555861860513687
132,anarchnoseoutlines,high_maturity,False,CLIPese,0.0,True,mature,0.60885,False,,-1,0.12944981,0.019664178,0.07501503080129623,0.03555861860513687
133,cyclingsymmetry,high_maturity,False,CLIPese,0.0,True,mature,0.736475,False,,-1,-0.023618562,-0.1379159,0.07501503080129623,0.03555861860513687
134,abstrimagescrambled,high_maturity,False,CLIPese,0.0,True,mature,0.3473,False,,-1,-0.046453558,-0.15361868,0.07501503080129623,0.03555861860513687
135,boxoctagon,high_maturity,False,CLIPese,0.0,True,mature,0.750375,False,,-1,-0.17506327,-0.010570267,0.07501503080129623,0.03555861860513687
136,beachclean,high_maturity,False,CLIPese,0.0,True,mature,0.5321,False,,-1,-0.21680179,0.036869477,0.07501503080129623,0.03555861860513687
137,calibrbitimageinterference,high_maturity,False,CLIPese,0.0,True,mature,0.28659999999999997,False,,-1,0.15691088,-0.1233137,0.07501503080129623,0.03555861860513687
138,appalachcamo,high_maturity,False,CLIPese,0.0,True,mature,0.5405249999999999,False,,-1,0.078774385,-0.093180835,0.07501503080129623,0.03555861860513687
139,canadapost,high_maturity,False,CLIPese,0.0,True,mature,0.5156499999999999,False,,-1,-0.25602257,0.043617535,0.07501503080129623,0.03555861860513687
140,aglecam,high_maturity,False,CLIPese,0.0,True,mature,0.53045,False,,-1,0.20817651,0.1680581,0.07501503080129623,0.03555861860513687
141,appalachminecraft,high_maturity,False,CLIPese,0.0,True,mature,0.47739999999999994,False,,-1,-0.04177106,-0.12657206,0.07501503080129623,0.03555861860513687
142,calibrlentvolcano,high_maturity,False,CLIPese,0.0,True,mature,0.36234999999999995,False,,-1,0.28119484,0.028172119,0.07501503080129623,0.03555861860513687
143,bitimagescrambled,high_maturity,False,CLIPese,0.0,True,mature,0.38437499999999997,False,,-1,-0.046064567,-0.21711332,0.07501503080129623,0.03555861860513687
144,bicytree,high_maturity,False,CLIPese,0.0,True,mature,0.529825,False,,-1,-0.115976095,0.029623082,0.07501503080129623,0.03555861860513687
145,chopemoji,high_maturity,False,CLIPese,0.0,True,mature,0.803925,False,,-1,-0.03737037,-0.03134381,0.07501503080129623,0.03555861860513687
146,camouflahairstyles,high_maturity,False,CLIPese,0.0,True,mature,0.28235,False,,-1,-0.106145084,-0.09318639,0.07501503080129623,0.03555861860513687
147,breastcancercrayon,high_maturity,False,CLIPese,0.0,True,mature,0.7217250000000001,False,,-1,0.12612371,0.037926875,0.07501503080129623,0.03555861860513687
148,appalachpaddling,high_maturity,False,CLIPese,0.0,True,mature,0.418725,False,,-1,0.0402498,0.054902267,0.07501503080129623,0.03555861860513687
149,bellahusky,high_maturity,False,CLIPese,0.0,True,mature,0.563475,False,,-1,0.32688978,0.26404166,0.07501503080129623,0.03555861860513687
150,backstreetshrek,high_maturity,False,CLIPese,0.0,True,mature,0.370075,False,,-1,0.077895895,0.059174046,0.07501503080129623,0.03555861860513687
151,christmasjigsaw,high_maturity,False,CLIPese,0.0,True,mature,0.43865,False,,-1,0.027382636,-0.124424,0.07501503080129623,0.03555861860513687
152,boxerdog,high_maturity,False,CLIPese,0.0,True,mature,0.234425,False,,-1,0.032418843,0.23847553,0.07501503080129623,0.03555861860513687
153,boerterrier,high_maturity,False,CLIPese,0.0,True,mature,0.45587500000000003,False,,-1,0.15931353,0.2905958,0.07501503080129623,0.03555861860513687
154,colormachinelearning,high_maturity,False,CLIPese,0.0,True,mature,0.31917499999999993,False,,-1,-0.09958273,-0.24585256,0.07501503080129623,0.03555861860513687
155,calibrnanoptoro,high_maturity,False,CLIPese,0.0,True,mature,0.6716,False,,-1,0.16373092,-0.021965204,0.07501503080129623,0.03555861860513687
156,copernicantenna,high_maturity,False,CLIPese,0.0,True,mature,0.45445,False,,-1,0.06294754,0.0067317607,0.07501503080129623,0.03555861860513687
157,burgerjuggpanorpixelart,high_maturity,False,CLIPese,0.0,True,mature,0.140625,True,mature_weak,415,0.22598256,-0.08878842,0.07501503080129623,0.03555861860513687
158,calibrmaize,high_maturity,False,CLIPese,0.0,True,mature,0.665875,True,orthographic_hard,40,0.1527466,0.009473386,0.07501503080129623,0.03555861860513687
159,banankin,high_maturity,False,CLIPese,0.0,True,mature,0.894825,True,orthographic_hard,32,-0.17597102,0.11914079,0.07501503080129623,0.03555861860513687
160,autismawarenessday,high_maturity,False,CLIPese,0.0,True,mature,0.5604,False,,-1,-0.26138946,-0.061242737,0.07501503080129623,0.03555861860513687
161,configurmandelcircle,high_maturity,False,CLIPese,0.0,True,mature,0.25455,False,,-1,0.32558295,-0.2250815,0.07501503080129623,0.03555861860513687
162,bharatwebcamtoy,high_maturity,False,CLIPese,0.0,True,mature,0.057850000000000006,True,mature_weak,386,0.23379953,-0.030550325,0.07501503080129623,0.03555861860513687
163,airballon,high_maturity,False,CLIPese,0.0,True,mature,0.442125,False,,-1,-0.22474544,0.052398153,0.07501503080129623,0.03555861860513687
164,banknopancake,high_maturity,False,CLIPese,0.0,True,mature,0.6693,False,,-1,0.1860831,0.08164143,0.07501503080129623,0.03555861860513687
165,catglitch,high_maturity,False,CLIPese,0.0,True,mature,0.53905,False,,-1,0.061309732,-0.16285132,0.07501503080129623,0.03555861860513687
166,coralcrystmicroscope,high_maturity,False,CLIPese,0.0,True,mature,0.335775,False,,-1,0.18728395,-0.266489,0.07501503080129623,0.03555861860513687
167,beardmachinelearning,high_maturity,False,CLIPese,0.0,True,mature,0.463125,False,,-1,-0.17337826,-0.10630432,0.07501503080129623,0.03555861860513687
168,cougarspelled,high_maturity,False,CLIPese,0.0,True,mature,0.7398250000000001,False,,-1,0.096815534,0.12649967,0.07501503080129623,0.03555861860513687
169,carncollie,high_maturity,False,CLIPese,0.0,True,mature,0.09597499999999999,True,mature_weak,380,0.15673068,0.22748122,0.07501503080129623,0.03555861860513687
170,clipclips,high_maturity,False,CLIPese,0.0,True,mature,0.461175,False,,-1,-0.09080913,0.041581552,0.07501503080129623,0.03555861860513687
171,cytofractal,high_maturity,False,CLIPese,0.0,True,mature,0.4667,False,,-1,0.12909015,-0.27391908,0.07501503080129623,0.03555861860513687
172,bundehelicopters,high_maturity,False,CLIPese,0.0,True,mature,0.8515249999999999,True,mature_readable,105,0.08257044,0.104819976,0.07501503080129623,0.03555861860513687
173,augmenteapple,high_maturity,False,CLIPese,0.0,True,mature,0.610025,False,,-1,-0.008858084,0.008772871,0.07501503080129623,0.03555861860513687
174,breadtexture,high_maturity,False,CLIPese,0.0,True,mature,0.67285,False,,-1,-0.21673119,-0.092855334,0.07501503080129623,0.03555861860513687
175,christmapuzzles,high_maturity,False,CLIPese,0.0,True,mature,0.5942999999999999,False,,-1,-0.09835248,-0.14479613,0.07501503080129623,0.03555861860513687
176,blackandwhitepropeller,high_maturity,False,CLIPese,0.0,True,mature,0.19837500000000002,False,,-1,0.175349,0.04951837,0.07501503080129623,0.03555861860513687
177,chromodisintegrscrambled,high_maturity,False,CLIPese,0.0,True,mature,0.35359999999999997,False,,-1,0.14710754,-0.33828405,0.07501503080129623,0.03555861860513687
178,broccoli,high_maturity,True,English,3.5,True,mature,0.5514,False,,-1,-0.21168664,0.017935049,0.07501503080129623,0.03555861860513687
179,azerbaimetabolaceae,high_maturity,False,CLIPese,0.0,True,mature,0.51825,False,,-1,0.00655294,0.050853252,0.07501503080129623,0.03555861860513687
180,anarchitottenham,high_maturity,False,CLIPese,0.0,True,mature,0.5146999999999999,False,,-1,-0.011512054,0.07480349,0.07501503080129623,0.03555861860513687
181,anarchiaubrey,high_maturity,False,CLIPese,0.0,True,mature,0.59895,False,,-1,-0.15464088,0.023073616,0.07501503080129623,0.03555861860513687
182,cuttemojis,high_maturity,False,CLIPese,0.0,True,mature,0.7487999999999999,False,,-1,-0.10209102,-0.006961438,0.07501503080129623,0.03555861860513687
183,choccroissant,high_maturity,False,CLIPese,0.0,True,mature,0.5928,False,,-1,-0.072580285,0.019140773,0.07501503080129623,0.03555861860513687
184,chromomosaic,high_maturity,False,CLIPese,0.0,True,mature,0.5669249999999999,False,,-1,0.24111421,-0.28485805,0.07501503080129623,0.03555861860513687
185,absccrystscrambled,high_maturity,False,CLIPese,0.0,True,mature,0.30837499999999995,False,,-1,0.05690048,-0.28630543,0.07501503080129623,0.03555861860513687
186,buccanebombers,high_maturity,False,CLIPese,0.0,True,mature,0.27754999999999996,False,,-1,0.19581133,0.23309463,0.07501503080129623,0.03555861860513687
187,chinesemongolia,high_maturity,False,CLIPese,0.0,True,mature,0.5855999999999999,False,,-1,-0.10852412,0.073982775,0.07501503080129623,0.03555861860513687
188,crabsurfers,high_maturity,False,CLIPese,0.0,True,mature,0.63245,False,,-1,-0.054392263,0.03961961,0.07501503080129623,0.03555861860513687
189,buccanesubmarine,high_maturity,False,CLIPese,0.0,True,mature,0.274175,False,,-1,0.13626756,0.24263519,0.07501503080129623,0.03555861860513687
190,crystshook,high_maturity,False,CLIPese,0.0,True,mature,0.5805,False,,-1,-0.07873582,-0.22673519,0.07501503080129623,0.03555861860513687
191,bureblurred,high_maturity,False,CLIPese,0.0,True,mature,0.681675,False,,-1,-0.046143383,-0.110823564,0.07501503080129623,0.03555861860513687
192,blurmonet,high_maturity,False,CLIPese,0.0,True,mature,0.5874499999999999,False,,-1,0.022037005,-0.14280942,0.07501503080129623,0.03555861860513687
193,catsphercircle,high_maturity,False,CLIPese,0.0,True,mature,0.16112500000000002,True,mature_weak,399,0.34943599,0.04773993,0.07501503080129623,0.03555861860513687
194,anarchibicyalchemist,high_maturity,False,CLIPese,0.0,True,mature,0.18525000000000003,False,,-1,-0.09880179,-0.0033089384,0.07501503080129623,0.03555861860513687
195,biomeddecal,high_maturity,False,CLIPese,0.0,True,mature,0.616825,False,,-1,0.14586222,0.05319141,0.07501503080129623,0.03555861860513687
196,chromoglitch,high_maturity,False,CLIPese,0.0,True,mature,0.1481,True,mature_weak,396,0.10733232,-0.41079637,0.07501503080129623,0.03555861860513687
197,circumerecbanana,high_maturity,False,CLIPese,0.0,True,mature,0.6273249999999999,False,,-1,0.00013725614,0.09881751,0.07501503080129623,0.03555861860513687
198,coralsnowstorm,high_maturity,False,CLIPese,0.0,True,mature,0.38897499999999996,False,,-1,-0.090618804,-0.023385111,0.07501503080129623,0.03555861860513687
199,bbcbbcseizure,high_maturity,False,CLIPese,0.0,True,mature,0.37415000000000004,False,,-1,0.21399531,-0.27213088,0.07501503080129623,0.03555861860513687
200,bbcmicroscope,high_maturity,False,CLIPese,0.0,True,mature,0.6156,False,,-1,-0.029481528,-0.10402704,0.07501503080129623,0.03555861860513687
201,copernicmap,high_maturity,False,CLIPese,0.0,True,mature,0.6641,False,,-1,-0.006473898,-0.04383644,0.07501503080129623,0.03555861860513687
202,cubeblob,high_maturity,False,CLIPese,0.0,True,mature,0.6398249999999999,False,,-1,-0.11097128,-0.09334703,0.07501503080129623,0.03555861860513687
203,cauliflower,high_maturity,True,English,3.2,True,mature,0.37184999999999996,False,,-1,-0.17066944,0.055368934,0.07501503080129623,0.03555861860513687
204,camouflaloaf,high_maturity,False,CLIPese,0.0,True,mature,0.42457500000000004,False,,-1,0.19049305,-0.022536544,0.07501503080129623,0.03555861860513687
205,bulldogpitt,high_maturity,False,CLIPese,0.0,True,mature,0.4526,False,,-1,0.21374682,0.26240733,0.07501503080129623,0.03555861860513687
206,blackandwhitenationaldogday,high_maturity,False,CLIPese,0.0,True,mature,0.791575,True,mature_readable,242,0.15868391,0.19228125,0.07501503080129623,0.03555861860513687
207,cyclingmath,high_maturity,False,CLIPese,0.0,True,mature,0.815125,True,orthographic_hard,22,-0.1155223,-0.079966865,0.07501503080129623,0.03555861860513687
208,bunprotest,high_maturity,False,CLIPese,0.0,True,mature,0.8777250000000001,True,mature_readable,121,-0.06986821,0.18693306,0.07501503080129623,0.03555861860513687
209,artymachinelearning,high_maturity,False,CLIPese,0.0,True,mature,0.23865,False,,-1,-0.13761759,-0.20290485,0.07501503080129623,0.03555861860513687
210,bggrumpug,high_maturity,False,CLIPese,0.0,True,mature,0.516925,False,,-1,0.15811743,0.2397631,0.07501503080129623,0.03555861860513687
211,avoncollie,high_maturity,False,CLIPese,0.0,True,mature,0.3297,False,,-1,0.1531042,0.18626258,0.07501503080129623,0.03555861860513687
212,cubefuncshadimplemented,high_maturity,False,CLIPese,0.0,True,mature,0.2551,False,,-1,-0.1355068,-0.112352856,0.07501503080129623,0.03555861860513687
213,catmandala,high_maturity,False,CLIPese,0.0,True,mature,0.42362500000000003,False,,-1,0.3307033,-0.1440084,0.07501503080129623,0.03555861860513687
214,credentibobcat,high_maturity,False,CLIPese,0.0,True,mature,0.37144999999999995,False,,-1,0.21821262,0.25660214,0.07501503080129623,0.03555861860513687
215,camouflaloafbread,high_maturity,False,CLIPese,0.0,True,mature,0.203075,False,,-1,0.21532564,-0.058752447,0.07501503080129623,0.03555861860513687
216,anarchioccult,high_maturity,False,CLIPese,0.0,True,mature,0.676025,False,,-1,-0.18250102,-0.071150236,0.07501503080129623,0.03555861860513687
217,anarchisuperbowl,high_maturity,False,CLIPese,0.0,True,mature,0.8039499999999999,False,,-1,-0.1285283,-0.02392616,0.07501503080129623,0.03555861860513687
218,britishsheepcumbria,high_maturity,False,CLIPese,0.0,True,mature,0.3965249999999999,False,,-1,0.17496768,0.2078938,0.07501503080129623,0.03555861860513687
219,bubbslab,high_maturity,False,CLIPese,0.0,True,mature,0.6561,False,,-1,-0.17621955,-0.08476786,0.07501503080129623,0.03555861860513687
220,bloodsculptures,high_maturity,False,CLIPese,0.0,True,mature,0.640575,False,,-1,-0.045878876,0.010780435,0.07501503080129623,0.03555861860513687
221,chromomeasles,high_maturity,False,CLIPese,0.0,True,mature,0.54585,False,,-1,-0.06855284,-0.05600109,0.07501503080129623,0.03555861860513687
222,chromoasparagus,high_maturity,False,CLIPese,0.0,True,mature,0.11985,False,,-1,0.09987088,0.13397214,0.07501503080129623,0.03555861860513687
223,cybercube,high_maturity,False,CLIPese,0.0,True,mature,0.7735000000000001,False,,-1,-0.013761475,-0.09535742,0.07501503080129623,0.03555861860513687
224,aubergbuttthinking,high_maturity,False,CLIPese,0.0,True,mature,0.342075,False,,-1,0.0447622,0.15326527,0.07501503080129623,0.03555861860513687
225,abudhadoggo,high_maturity,False,CLIPese,0.0,True,mature,0.332375,False,,-1,0.1820698,0.17484394,0.07501503080129623,0.03555861860513687
226,biketomorrowspaperreturning,high_maturity,False,CLIPese,0.0,True,mature,0.27897500000000003,False,,-1,0.06855707,0.06506216,0.07501503080129623,0.03555861860513687
227,coralmosaic,high_maturity,False,CLIPese,0.0,True,mature,0.541425,False,,-1,0.02367937,-0.23330803,0.07501503080129623,0.03555861860513687
228,bananfeline,high_maturity,False,CLIPese,0.0,True,mature,0.570975,False,,-1,0.08067703,0.18941532,0.07501503080129623,0.03555861860513687
229,appalachsoap,high_maturity,False,CLIPese,0.0,True,mature,0.749225,False,,-1,0.00823496,0.012287038,0.07501503080129623,0.03555861860513687
230,beachtourists,high_maturity,False,CLIPese,0.0,True,mature,0.574425,False,,-1,-0.15983248,0.03002431,0.07501503080129623,0.03555861860513687
231,chromomonet,high_maturity,False,CLIPese,0.0,True,mature,0.366325,False,,-1,-0.115649134,-0.10018341,0.07501503080129623,0.03555861860513687
232,coyopups,high_maturity,False,CLIPese,0.0,True,mature,0.8172,True,mature_readable,258,0.21070774,0.24692306,0.07501503080129623,0.03555861860513687
233,authenticmachinelearning,high_maturity,False,CLIPese,0.0,True,mature,0.489425,False,,-1,-0.2938743,-0.112358816,0.07501503080129623,0.03555861860513687
234,compupixelart,high_maturity,False,CLIPese,0.0,True,mature,0.08555,True,mature_weak,435,0.040935483,-0.24412717,0.07501503080129623,0.03555861860513687
235,chineseterracotta,high_maturity,False,CLIPese,0.0,True,mature,0.105175,True,mature_weak,403,-0.045822803,0.06633304,0.07501503080129623,0.03555861860513687
236,crystfracdigitalart,high_maturity,False,CLIPese,0.0,True,mature,0.117575,False,,-1,0.22005619,-0.44961828,0.07501503080129623,0.03555861860513687
237,copernicsquare,high_maturity,False,CLIPese,0.0,True,mature,0.20835000000000004,False,,-1,0.00437017,-0.03463741,0.07501503080129623,0.03555861860513687
238,crystpaintbruise,high_maturity,False,CLIPese,0.0,True,mature,0.60805,False,,-1,-0.026215782,-0.1863601,0.07501503080129623,0.03555861860513687
239,allypally,high_maturity,False,CLIPese,0.0,True,mature,0.21875,False,,-1,-0.08528939,0.00043709335,0.07501503080129623,0.03555861860513687
240,coralradiation,high_maturity,False,CLIPese,0.0,True,mature,0.669825,False,,-1,-0.18410362,-0.11038495,0.07501503080129623,0.03555861860513687
241,biketransportation,high_maturity,False,CLIPese,0.0,True,mature,0.273275,False,,-1,-0.2322489,0.010756648,0.07501503080129623,0.03555861860513687
242,configurcircle,high_maturity,False,CLIPese,0.0,True,mature,0.2791,False,,-1,0.04813029,-0.1232034,0.07501503080129623,0.03555861860513687
243,colorkaleidostatistical,high_maturity,False,CLIPese,0.0,True,mature,0.34275,False,,-1,0.36372524,-0.43808526,0.07501503080129623,0.03555861860513687
244,calibrlotoptimize,high_maturity,False,CLIPese,0.0,True,mature,0.414725,False,,-1,0.21417747,-0.09518747,0.07501503080129623,0.03555861860513687
245,aerialjump,high_maturity,False,CLIPese,0.0,True,mature,0.62495,False,,-1,-0.04555649,0.03979057,0.07501503080129623,0.03555861860513687
246,bananviewer,high_maturity,False,CLIPese,0.0,True,mature,0.714575,False,,-1,-0.06382848,0.06318016,0.07501503080129623,0.03555861860513687
247,athiyashetty,high_maturity,False,CLIPese,0.0,True,mature,0.29237500000000005,False,,-1,0.20045482,0.18863866,0.07501503080129623,0.03555861860513687
248,banknorectangular,high_maturity,False,CLIPese,0.0,True,mature,0.117525,True,mature_weak,424,0.055328224,-0.0826719,0.07501503080129623,0.03555861860513687
249,afghcoworking,high_maturity,False,CLIPese,0.0,True,mature,0.7312999999999998,True,mature_readable,245,-0.0060683754,0.03785025,0.07501503080129623,0.03555861860513687
250,australianjaws,high_maturity,False,CLIPese,0.0,True,mature,0.613075,False,,-1,-0.08710229,0.1125542,0.07501503080129623,0.03555861860513687
251,autismacrocodile,high_maturity,False,CLIPese,0.0,True,mature,0.36405000000000004,False,,-1,0.00090957124,0.055679537,0.07501503080129623,0.03555861860513687
252,assemblyaapl,high_maturity,False,CLIPese,0.0,True,mature,0.79675,True,mature_readable,202,-0.037964784,0.06255866,0.07501503080129623,0.03555861860513687
253,ajcorgi,high_maturity,False,CLIPese,0.0,True,mature,0.52635,False,,-1,0.25375944,0.27170557,0.07501503080129623,0.03555861860513687
254,appalachsafarilive,high_maturity,False,CLIPese,0.0,True,mature,0.075175,True,mature_weak,419,0.098883696,0.10462259,0.07501503080129623,0.03555861860513687
255,copernicgridgraffiti,high_maturity,False,CLIPese,0.0,True,mature,0.19625,False,,-1,0.10483624,-0.07062403,0.07501503080129623,0.03555861860513687
256,configurduvet,high_maturity,False,CLIPese,0.0,True,mature,0.44894999999999996,False,,-1,0.120052285,-0.054572463,0.07501503080129623,0.03555861860513687
257,crystcorrupt,high_maturity,False,CLIPese,0.0,True,mature,0.246875,False,,-1,0.023869978,-0.35923746,0.07501503080129623,0.03555861860513687
258,chromoscrambled,high_maturity,False,CLIPese,0.0,True,mature,0.33825000000000005,False,,-1,0.07814051,-0.21650422,0.07501503080129623,0.03555861860513687
259,bbcprogrambitringing,high_maturity,False,CLIPese,0.0,True,mature,0.63545,False,,-1,0.048556924,-0.17198981,0.07501503080129623,0.03555861860513687
260,camouflacosy,high_maturity,False,CLIPese,0.0,True,mature,0.2126,False,,-1,0.14947198,-0.0911936,0.07501503080129623,0.03555861860513687
261,ckerfuzzchromobit,high_maturity,False,CLIPese,0.0,True,mature,0.387125,False,,-1,0.09012699,-0.0723352,0.07501503080129623,0.03555861860513687
262,calibrmeasles,high_maturity,False,CLIPese,0.0,True,mature,0.7097,True,orthographic_hard,41,0.015396099,-0.08538155,0.07501503080129623,0.03555861860513687
263,cuberender,high_maturity,False,CLIPese,0.0,True,mature,0.4925,False,,-1,0.111949496,-0.19146475,0.07501503080129623,0.03555861860513687
264,coughcougar,high_maturity,False,CLIPese,0.0,True,mature,0.8779,True,mature_readable,92,0.022749618,0.1683197,0.07501503080129623,0.03555861860513687
265,tyrecatsoftwitter,high_maturity,False,CLIPese,0.0,True,mature,0.1688,False,,-1,0.38031536,0.2389745,0.07501503080129623,0.03555861860513687
266,azerbaichonlargest,high_maturity,False,CLIPese,0.0,True,mature,0.6718,False,,-1,0.02876622,0.050065394,0.07501503080129623,0.03555861860513687
267,appenhummingpikachu,high_maturity,False,CLIPese,0.0,True,mature,0.587075,False,,-1,0.3287986,0.24861354,0.07501503080129623,0.03555861860513687
268,arugula,high_maturity,True,English,2.46,True,mature,0.34305,False,,-1,-0.032814324,0.10613299,0.07501503080129623,0.03555861860513687
269,beachspelling,high_maturity,False,CLIPese,0.0,True,mature,0.7914749999999999,True,mature_readable,270,-0.06448564,0.025338057,0.07501503080129623,0.03555861860513687
270,aardvark,high_maturity,True,English,2.39,True,mature,0.7492000000000001,True,mature_readable,251,0.043837253,0.19683085,0.07501503080129623,0.03555861860513687
271,bharatdigits,high_maturity,False,CLIPese,0.0,True,mature,0.494275,False,,-1,0.12364336,0.03924849,0.07501503080129623,0.03555861860513687
272,autismacaffeine,high_maturity,False,CLIPese,0.0,True,mature,0.864475,True,mature_readable,84,-0.13660802,-0.02400001,0.07501503080129623,0.03555861860513687
273,batmancaptainmarvel,high_maturity,False,CLIPese,0.0,True,mature,0.27165,False,,-1,-0.06703636,0.032434605,0.07501503080129623,0.03555861860513687
274,azzscrambled,high_maturity,False,CLIPese,0.0,True,mature,0.8438749999999999,True,orthographic_hard,14,-0.11093042,-0.22633764,0.07501503080129623,0.03555861860513687
275,amyjackson,high_maturity,False,CLIPese,0.0,True,mature,0.19547499999999998,False,,-1,0.053640675,0.1367199,0.07501503080129623,0.03555861860513687
276,crvenazvezda,high_maturity,False,CLIPese,0.0,True,mature,0.189225,True,mature_weak,440,0.10873021,0.13194682,0.07501503080129623,0.03555861860513687
277,birchcalligraphy,high_maturity,False,CLIPese,0.0,True,mature,0.23767500000000003,False,,-1,0.08809514,0.057598636,0.07501503080129623,0.03555861860513687
278,calibrbbcbitgradient,high_maturity,False,CLIPese,0.0,True,mature,0.1503,False,,-1,0.22771908,-0.15030652,0.07501503080129623,0.03555861860513687
279,bullrnli,high_maturity,False,CLIPese,0.0,True,mature,0.19647499999999998,False,,-1,0.14888681,0.14663695,0.07501503080129623,0.03555861860513687
280,candigoldendoggo,high_maturity,False,CLIPese,0.0,True,mature,0.39199999999999996,False,,-1,0.0446625,0.1701656,0.07501503080129623,0.03555861860513687
281,breitjets,high_maturity,False,CLIPese,0.0,True,mature,0.58635,False,,-1,-0.17460011,0.064760685,0.07501503080129623,0.03555861860513687
282,babymachinelearning,high_maturity,False,CLIPese,0.0,True,mature,0.6897500000000001,False,,-1,-0.23949409,-0.088024944,0.07501503080129623,0.03555861860513687
283,adrenballoon,high_maturity,False,CLIPese,0.0,True,mature,0.749825,True,mature_readable,164,-0.10249481,0.025715971,0.07501503080129623,0.03555861860513687
284,beachfamilytime,high_maturity,False,CLIPese,0.0,True,mature,0.40647500000000003,False,,-1,-0.33089823,-0.027934117,0.07501503080129623,0.03555861860513687
285,mandelpopart,high_maturity,False,CLIPese,0.0,True,mature,0.26975000000000005,False,,-1,0.45327517,-0.28688467,0.07501503080129623,0.03555861860513687
286,biltnatucollie,high_maturity,False,CLIPese,0.0,True,mature,0.13142500000000001,False,,-1,0.24827522,0.19286795,0.07501503080129623,0.03555861860513687
287,bubblefractal,high_maturity,False,CLIPese,0.0,True,mature,0.32455,False,,-1,0.15264472,-0.32970092,0.07501503080129623,0.03555861860513687
288,cogemoji,high_maturity,False,CLIPese,0.0,True,mature,0.8396,False,,-1,-0.12224277,-0.071050875,0.07501503080129623,0.03555861860513687
289,bookfairies,high_maturity,False,CLIPese,0.0,True,mature,0.3211,False,,-1,-0.018980764,0.032964963,0.07501503080129623,0.03555861860513687
290,blackandwhitesignature,high_maturity,False,CLIPese,0.0,True,mature,0.113025,True,mature_weak,410,-0.096303806,0.012359086,0.07501503080129623,0.03555861860513687
291,amhervito,high_maturity,False,CLIPese,0.0,True,mature,0.3255,False,,-1,0.18147491,0.1424673,0.07501503080129623,0.03555861860513687
292,anarchidangerously,high_maturity,False,CLIPese,0.0,True,mature,0.43737500000000007,False,,-1,-0.29854783,-0.013024601,0.07501503080129623,0.03555861860513687
293,choreobleedstripe,high_maturity,False,CLIPese,0.0,True,mature,0.6601,False,,-1,0.07204925,0.008746721,0.07501503080129623,0.03555861860513687
294,alpaca,high_maturity,True,English,2.8,True,mature,0.7210000000000001,True,fallback_fill,507,0.055248454,0.13598393,0.07501503080129623,0.03555861860513687
295,camouflaquadrucaturday,high_maturity,False,CLIPese,0.0,True,mature,0.3771,False,,-1,0.040633786,-0.06634681,0.07501503080129623,0.03555861860513687
296,pawloafkaleidotyres,high_maturity,False,CLIPese,0.0,True,mature,0.102275,True,mature_weak,429,0.47796804,-0.23547724,0.07501503080129623,0.03555861860513687
297,beardbitstpatricksday,high_maturity,False,CLIPese,0.0,True,mature,0.7736250000000001,True,mature_readable,192,0.051731396,-0.0096466625,0.07501503080129623,0.03555861860513687
298,pygdog,high_maturity,False,CLIPese,0.0,True,mature,0.15802499999999997,False,,-1,0.37923947,0.24330346,0.07501503080129623,0.03555861860513687
299,aruban,high_maturity,True,English,1.47,True,mature,0.8221499999999998,True,orthographic_hard,0,-0.14720531,0.075207666,0.07501503080129623,0.03555861860513687
300,bbcprogramsorted,high_maturity,False,CLIPese,0.0,True,mature,0.6919250000000001,False,,-1,-0.13845928,-0.138787,0.07501503080129623,0.03555861860513687
301,cubegenerating,high_maturity,False,CLIPese,0.0,True,mature,0.5518,False,,-1,-0.055209786,-0.24456295,0.07501503080129623,0.03555861860513687
302,cybermosaic,high_maturity,False,CLIPese,0.0,True,mature,0.40245000000000003,False,,-1,-0.02302762,-0.30376545,0.07501503080129623,0.03555861860513687
303,orangupoliticalkaleidofried,high_maturity,False,CLIPese,0.0,True,mature,0.295575,False,,-1,0.4220255,-0.20555018,0.07501503080129623,0.03555861860513687
304,adrenparachute,high_maturity,False,CLIPese,0.0,True,mature,0.6093500000000001,False,,-1,0.025474869,-0.006524028,0.07501503080129623,0.03555861860513687
305,embelliphotomdigitalart,high_maturity,False,CLIPese,0.0,True,mature,0.02735,True,mature_weak,377,0.3901659,-0.16247496,0.07501503080129623,0.03555861860513687
306,aerialair,high_maturity,False,CLIPese,0.0,True,mature,0.6941499999999998,False,,-1,-0.077340774,0.03703903,0.07501503080129623,0.03555861860513687
307,bryanblurred,high_maturity,False,CLIPese,0.0,True,mature,0.45697499999999996,False,,-1,0.016843686,-0.11631216,0.07501503080129623,0.03555861860513687
308,crabs,high_maturity,True,English,3.4,True,mature,0.7509,False,,-1,-0.3035306,0.044879287,0.07501503080129623,0.03555861860513687
309,lewanospreowltotem,high_maturity,False,CLIPese,0.0,True,mature,0.157,True,mature_weak,433,0.34607595,0.19935088,0.07501503080129623,0.03555861860513687
310,birdsstack,high_maturity,False,CLIPese,0.0,True,mature,0.6880000000000001,False,,-1,0.026561305,0.08891884,0.07501503080129623,0.03555861860513687
311,mandelmandelpixelart,high_maturity,False,CLIPese,0.0,True,mature,0.0693,False,,-1,0.44202924,-0.3295785,0.07501503080129623,0.03555861860513687
312,ballachu,high_maturity,False,CLIPese,0.0,True,mature,0.53095,False,,-1,0.09271777,0.17338322,0.07501503080129623,0.03555861860513687
313,chinesesimulation,high_maturity,False,CLIPese,0.0,True,mature,0.736375,False,,-1,-0.18410565,-0.039101046,0.07501503080129623,0.03555861860513687
314,acrobplane,high_maturity,False,CLIPese,0.0,True,mature,0.6931499999999999,False,,-1,-0.12347793,0.05970711,0.07501503080129623,0.03555861860513687
315,catsuperbowl,high_maturity,False,CLIPese,0.0,True,mature,0.45355,False,,-1,0.16873088,0.23869675,0.07501503080129623,0.03555861860513687
316,boneterrorists,high_maturity,False,CLIPese,0.0,True,mature,0.497125,False,,-1,-0.18732639,0.008747502,0.07501503080129623,0.03555861860513687
317,brutalorb,high_maturity,False,CLIPese,0.0,True,mature,0.644675,False,,-1,0.121513724,-0.018472241,0.07501503080129623,0.03555861860513687
318,hoymeasles,high_maturity,False,CLIPese,0.0,True,mature,0.596,False,,-1,0.38005635,-0.099470526,0.07501503080129623,0.03555861860513687
319,appalachalaya,high_maturity,False,CLIPese,0.0,True,mature,0.527825,False,,-1,-0.104302876,0.017654972,0.07501503080129623,0.03555861860513687
320,anarchiartistsontwitter,high_maturity,False,CLIPese,0.0,True,mature,0.099,False,,-1,-0.29069513,-0.012383324,0.07501503080129623,0.03555861860513687
321,bittextures,high_maturity,False,CLIPese,0.0,True,mature,0.40385,False,,-1,-0.12891415,-0.22696139,0.07501503080129623,0.03555861860513687
322,afrisomaliland,high_maturity,False,CLIPese,0.0,True,mature,0.571575,False,,-1,0.0097886985,0.04273191,0.07501503080129623,0.03555861860513687
323,adirondchairs,high_maturity,False,CLIPese,0.0,True,mature,0.06024999999999999,True,mature_weak,376,-0.05278253,0.04240383,0.07501503080129623,0.03555861860513687
324,coralprogram,high_maturity,False,CLIPese,0.0,True,mature,0.668625,False,,-1,-0.18097538,-0.1380938,0.07501503080129623,0.03555861860513687
325,bicycles,high_maturity,True,English,3.4,True,mature,0.44715,False,,-1,-0.2139802,0.017491251,0.07501503080129623,0.03555861860513687
326,champadvocberry,high_maturity,False,CLIPese,0.0,True,mature,0.7054,False,,-1,0.006070783,0.06261666,0.07501503080129623,0.03555861860513687
327,beachbike,high_maturity,False,CLIPese,0.0,True,mature,0.764275,False,,-1,-0.11024753,0.04598722,0.07501503080129623,0.03555861860513687
328,breitdefendesserts,high_maturity,False,CLIPese,0.0,True,mature,0.56135,False,,-1,-0.14052783,0.024830827,0.07501503080129623,0.03555861860513687
329,cskeleton,high_maturity,False,CLIPese,0.0,True,mature,0.405275,False,,-1,-0.07573522,-0.011783143,0.07501503080129623,0.03555861860513687
330,taxiderpikachu,high_maturity,False,CLIPese,0.0,True,mature,0.6491750000000001,False,,-1,0.36850595,0.29250246,0.07501503080129623,0.03555861860513687
331,blackandwhitelogo,high_maturity,False,CLIPese,0.0,True,mature,0.18662500000000004,False,,-1,0.00024567975,-0.007972269,0.07501503080129623,0.03555861860513687
332,colourglitch,high_maturity,False,CLIPese,0.0,True,mature,0.1318,False,,-1,-0.0016038608,-0.35860634,0.07501503080129623,0.03555861860513687
333,anarchiwriterslife,high_maturity,False,CLIPese,0.0,True,mature,0.45555,False,,-1,-0.21849468,-0.0150314905,0.07501503080129623,0.03555861860513687
334,corsage,high_maturity,True,English,2.18,True,mature,0.6524000000000001,False,,-1,-0.15919787,0.06449872,0.07501503080129623,0.03555861860513687
335,applesauce,high_maturity,True,English,2.63,True,mature,0.828175,True,mature_readable,177,-0.28101614,0.006766485,0.07501503080129623,0.03555861860513687
336,autistormtrooper,high_maturity,False,CLIPese,0.0,True,mature,0.572025,False,,-1,0.042817425,0.068554655,0.07501503080129623,0.03555861860513687
337,mandelvapor,high_maturity,False,CLIPese,0.0,True,mature,0.197025,False,,-1,0.38849625,-0.27669382,0.07501503080129623,0.03555861860513687
338,chapeldancing,high_maturity,False,CLIPese,0.0,True,mature,0.71905,True,fallback_fill,493,-0.047164176,0.024157679,0.07501503080129623,0.03555861860513687
339,alfreskeletons,high_maturity,False,CLIPese,0.0,True,mature,0.623975,False,,-1,0.025561336,0.012136854,0.07501503080129623,0.03555861860513687
340,clipchiclip,high_maturity,False,CLIPese,0.0,True,mature,0.4497,False,,-1,-0.09705794,0.033055622,0.07501503080129623,0.03555861860513687
341,vampirehumidixiumin,high_maturity,False,CLIPese,0.0,True,mature,0.5432750000000001,False,,-1,0.29201573,0.16122699,0.07501503080129623,0.03555861860513687
342,bbcinteroperfrequency,high_maturity,False,CLIPese,0.0,True,mature,0.4098,False,,-1,0.16980499,-0.088216275,0.07501503080129623,0.03555861860513687
343,croco,high_maturity,True,English,1.64,True,mature,0.8108000000000001,True,mature_readable,211,-0.2437148,0.096940875,0.07501503080129623,0.03555861860513687
344,chromonanobroccoli,high_maturity,False,CLIPese,0.0,True,mature,0.5014249999999999,False,,-1,0.11401078,0.07219476,0.07501503080129623,0.03555861860513687
345,banknocybervhs,high_maturity,False,CLIPese,0.0,True,mature,0.28397500000000003,False,,-1,0.1977192,-0.12670258,0.07501503080129623,0.03555861860513687
346,autismavibration,high_maturity,False,CLIPese,0.0,True,mature,0.5478999999999999,False,,-1,-0.24469158,-0.11627614,0.07501503080129623,0.03555861860513687
347,babyhungryasian,high_maturity,False,CLIPese,0.0,True,mature,0.7243999999999999,False,,-1,-0.101443104,0.070858404,0.07501503080129623,0.03555861860513687
348,calibrbitchevron,high_maturity,False,CLIPese,0.0,True,mature,0.37994999999999995,False,,-1,0.098428585,0.020532686,0.07501503080129623,0.03555861860513687
349,dairways,high_maturity,False,CLIPese,0.0,True,mature,0.44672500000000004,False,,-1,-0.11490297,0.087233774,0.07501503080129623,0.03555861860513687
350,crohnscolitis,high_maturity,False,CLIPese,0.0,True,mature,0.76425,True,mature_readable,269,-0.15512697,0.04049831,0.07501503080129623,0.03555861860513687
351,bikemanhattan,high_maturity,False,CLIPese,0.0,True,mature,0.63085,False,,-1,-0.14766692,0.013597107,0.07501503080129623,0.03555861860513687
352,autismadimensional,high_maturity,False,CLIPese,0.0,True,mature,0.344775,False,,-1,-0.14807065,-0.2016484,0.07501503080129623,0.03555861860513687
353,confronhuskies,high_maturity,False,CLIPese,0.0,True,mature,0.278175,False,,-1,0.032374892,0.18250994,0.07501503080129623,0.03555861860513687
354,findac,high_maturity,False,CLIPese,0.0,True,mature,0.48957500000000004,False,,-1,0.33875048,0.18300465,0.07501503080129623,0.03555861860513687
355,amhernocchi,high_maturity,False,CLIPese,0.0,True,mature,0.21860000000000002,False,,-1,0.18147379,0.14612584,0.07501503080129623,0.03555861860513687
356,asparagus,high_maturity,True,English,3.25,True,mature,0.825675,True,orthographic_hard,44,-0.11863648,0.10305151,0.07501503080129623,0.03555861860513687
357,azerbaiiheartbit,high_maturity,False,CLIPese,0.0,True,mature,0.8382999999999999,True,mature_readable,194,-0.18529615,0.008312646,0.07501503080129623,0.03555861860513687
358,bexhill,high_maturity,True,English,2.28,True,mature,0.7769250000000001,True,mature_readable,230,0.002456168,0.08296285,0.07501503080129623,0.03555861860513687
359,birdstudie,high_maturity,False,CLIPese,0.0,True,mature,0.60375,False,,-1,-0.20813994,0.07369121,0.07501503080129623,0.03555861860513687
360,chinchilla,high_maturity,True,English,2.57,True,mature,0.759875,True,mature_readable,237,-0.052717056,0.20778738,0.07501503080129623,0.03555861860513687
361,cubes,high_maturity,True,English,3.43,True,mature,0.45357500000000006,False,,-1,-0.23070855,-0.13604537,0.07501503080129623,0.03555861860513687
362,orangukingfisher,high_maturity,False,CLIPese,0.0,True,mature,0.18777499999999997,False,,-1,0.23609614,0.28862414,0.07501503080129623,0.03555861860513687
363,cartoonsimpbun,high_maturity,False,CLIPese,0.0,True,mature,0.739325,True,fallback_fill,499,0.07840047,0.10253319,0.07501503080129623,0.03555861860513687
364,camouflamocked,high_maturity,False,CLIPese,0.0,True,mature,0.2343,False,,-1,0.11588573,-0.12582555,0.07501503080129623,0.03555861860513687
365,coralstacked,high_maturity,False,CLIPese,0.0,True,mature,0.8057,False,,-1,-0.08157802,-0.14390583,0.07501503080129623,0.03555861860513687
366,chromoalgorithm,high_maturity,False,CLIPese,0.0,True,mature,0.12350000000000001,False,,-1,0.15625301,-0.21175472,0.07501503080129623,0.03555861860513687
367,creepwight,high_maturity,False,CLIPese,0.0,True,mature,0.5592250000000001,False,,-1,-0.001062249,0.12874953,0.07501503080129623,0.03555861860513687
368,beachequestrian,high_maturity,False,CLIPese,0.0,True,mature,0.792475,True,mature_readable,143,-0.074085556,0.11715505,0.07501503080129623,0.03555861860513687
369,banknoedison,high_maturity,False,CLIPese,0.0,True,mature,0.5543750000000001,False,,-1,0.12272354,0.036556024,0.07501503080129623,0.03555861860513687
370,cuthcupcake,high_maturity,False,CLIPese,0.0,True,mature,0.68855,False,,-1,-0.106130674,0.014039048,0.07501503080129623,0.03555861860513687
371,barnabskeletal,high_maturity,False,CLIPese,0.0,True,mature,0.6769000000000001,False,,-1,-0.08645091,0.02700095,0.07501503080129623,0.03555861860513687
372,bosnia,high_maturity,True,English,3.57,True,mature,0.519225,False,,-1,-0.15532716,0.038072087,0.07501503080129623,0.03555861860513687
373,bundeiaf,high_maturity,False,CLIPese,0.0,True,mature,0.12557500000000002,False,,-1,0.011617537,0.055046998,0.07501503080129623,0.03555861860513687
374,bathmat,high_maturity,True,English,1.55,True,mature,0.900375,True,mature_readable,75,-0.12487895,-0.0095917005,0.07501503080129623,0.03555861860513687
375,australieskcroissant,high_maturity,False,CLIPese,0.0,True,mature,0.39682500000000004,False,,-1,0.0857908,0.052933555,0.07501503080129623,0.03555861860513687
376,coralrandom,high_maturity,False,CLIPese,0.0,True,mature,0.642425,False,,-1,-0.01928971,-0.19593926,0.07501503080129623,0.03555861860513687
377,woodenkuma,high_maturity,False,CLIPese,0.0,True,mature,0.523325,False,,-1,0.20772637,0.15555371,0.07501503080129623,0.03555861860513687
378,coral,high_maturity,True,English,3.86,True,mature,0.4819,False,,-1,-0.17866465,-0.04432281,0.07501503080129623,0.03555861860513687
379,calibrspectrorandom,high_maturity,False,CLIPese,0.0,True,mature,0.42164999999999997,False,,-1,0.07416995,-0.13214304,0.07501503080129623,0.03555861860513687
380,aruba,high_maturity,True,English,2.93,True,mature,0.831825,True,orthographic_hard,1,-0.066001244,0.081272654,0.07501503080129623,0.03555861860513687
381,mandelsynthesizer,high_maturity,False,CLIPese,0.0,True,mature,0.323825,False,,-1,0.3787276,-0.14605397,0.07501503080129623,0.03555861860513687
382,bhaibanana,high_maturity,False,CLIPese,0.0,True,mature,0.793325,True,mature_readable,263,0.03490416,0.08447899,0.07501503080129623,0.03555861860513687
383,canvasscrambled,high_maturity,False,CLIPese,0.0,True,mature,0.816325,False,,-1,-0.022650372,-0.16280359,0.07501503080129623,0.03555861860513687
384,rainbowmandala,high_maturity,False,CLIPese,0.0,True,mature,0.15232500000000002,True,mature_weak,442,0.41077724,-0.20811264,0.07501503080129623,0.03555861860513687
385,artycubes,high_maturity,False,CLIPese,0.0,True,mature,0.656175,False,,-1,-0.032590326,-0.22928652,0.07501503080129623,0.03555861860513687
386,bhubaneswar,high_maturity,True,English,2.52,True,mature,0.5598000000000001,False,,-1,-0.047406193,0.063562214,0.07501503080129623,0.03555861860513687
387,calibrtexture,high_maturity,False,CLIPese,0.0,True,mature,0.527875,False,,-1,-0.0136574255,-0.1064973,0.07501503080129623,0.03555861860513687
388,sanjaykaleidocereal,high_maturity,False,CLIPese,0.0,True,mature,0.200325,False,,-1,0.4518384,-0.1927048,0.07501503080129623,0.03555861860513687
389,camo,high_maturity,True,English,3.16,True,mature,0.6063500000000001,False,,-1,-0.17398983,-0.13098101,0.07501503080129623,0.03555861860513687
390,africanmap,high_maturity,False,CLIPese,0.0,True,mature,0.8497,True,mature_readable,112,-0.15360261,-0.051043864,0.07501503080129623,0.03555861860513687
391,artemchigvin,high_maturity,False,CLIPese,0.0,True,mature,0.10825,True,mature_weak,394,0.24897309,0.13108438,0.07501503080129623,0.03555861860513687
392,artichoke,high_maturity,True,English,2.73,True,mature,0.532575,False,,-1,-0.1837861,0.06729018,0.07501503080129623,0.03555861860513687
393,californifreeway,high_maturity,False,CLIPese,0.0,True,mature,0.44399999999999995,False,,-1,-0.15011051,0.030474039,0.07501503080129623,0.03555861860513687
394,ajlee,high_maturity,False,CLIPese,0.0,True,mature,0.38744999999999996,False,,-1,0.2066711,0.122265294,0.07501503080129623,0.03555861860513687
395,databkaleidosimulation,high_maturity,False,CLIPese,0.0,True,mature,0.30522499999999997,False,,-1,0.46185562,-0.46898332,0.07501503080129623,0.03555861860513687
396,chestercheesesalesman,high_maturity,False,CLIPese,0.0,True,mature,0.75195,False,,-1,0.046927977,0.1115042,0.07501503080129623,0.03555861860513687
397,bluecsneakers,high_maturity,False,CLIPese,0.0,True,mature,0.66535,False,,-1,0.008731222,0.051413815,0.07501503080129623,0.03555861860513687
398,artyscrambled,high_maturity,False,CLIPese,0.0,True,mature,0.38194999999999996,False,,-1,0.015187384,-0.26712567,0.07501503080129623,0.03555861860513687
399,himalayhusky,high_maturity,False,CLIPese,0.0,True,mature,0.60185,False,,-1,0.35694256,0.29848072,0.07501503080129623,0.03555861860513687
400,cockatoo,high_maturity,True,English,2.52,True,mature,0.289275,False,,-1,0.119878724,0.21409756,0.07501503080129623,0.03555861860513687
401,broccrayon,high_maturity,False,CLIPese,0.0,True,mature,0.95375,True,mature_readable,61,-0.06635977,-0.027642881,0.07501503080129623,0.03555861860513687
402,cyclichandrasig,high_maturity,False,CLIPese,0.0,True,mature,0.3821,False,,-1,-0.15493146,0.010804123,0.07501503080129623,0.03555861860513687
403,fursuitsteakorphegoliath,high_maturity,False,CLIPese,0.0,True,mature,0.22485000000000002,False,,-1,0.34915912,0.25629023,0.07501503080129623,0.03555861860513687
404,crystmonet,high_maturity,False,CLIPese,0.0,True,mature,0.674025,False,,-1,-0.10676433,-0.14647384,0.07501503080129623,0.03555861860513687
405,bullhorizon,high_maturity,False,CLIPese,0.0,True,mature,0.70375,False,,-1,0.14452872,0.0069057494,0.07501503080129623,0.03555861860513687
406,bluecutout,high_maturity,False,CLIPese,0.0,True,mature,0.742225,False,,-1,0.056189492,-0.121771164,0.07501503080129623,0.03555861860513687
407,authenthumidihumidimagnet,high_maturity,False,CLIPese,0.0,True,mature,0.21639999999999995,False,,-1,0.2559115,0.12131823,0.07501503080129623,0.03555861860513687
408,camouflacuddle,high_maturity,False,CLIPese,0.0,True,mature,0.396725,False,,-1,0.14270392,-0.020511953,0.07501503080129623,0.03555861860513687
409,cougar,high_maturity,True,English,3.38,True,mature,0.37840000000000007,False,,-1,-0.16626997,0.15789488,0.07501503080129623,0.03555861860513687
410,leafmandala,high_maturity,False,CLIPese,0.0,True,mature,0.37925000000000003,False,,-1,0.38822132,-0.17020072,0.07501503080129623,0.03555861860513687
411,affirroblox,high_maturity,False,CLIPese,0.0,True,mature,0.73905,False,,-1,-0.029427331,-0.1095102,0.07501503080129623,0.03555861860513687
412,copernicwhistleblower,high_maturity,False,CLIPese,0.0,True,mature,0.21452500000000002,True,mature_weak,431,0.14104004,0.01318253,0.07501503080129623,0.03555861860513687
413,lebores,high_maturity,False,CLIPese,0.0,True,mature,0.6663,False,,-1,0.24555477,0.19699378,0.07501503080129623,0.03555861860513687
414,chromomatrix,high_maturity,False,CLIPese,0.0,True,mature,0.7312000000000001,False,,-1,-0.028011577,-0.10308958,0.07501503080129623,0.03555861860513687
415,autismaimage,high_maturity,False,CLIPese,0.0,True,mature,0.48785,False,,-1,-0.21642855,-0.1314495,0.07501503080129623,0.03555861860513687
416,adjecalgorimeme,high_maturity,False,CLIPese,0.0,True,mature,0.0608,True,mature_weak,405,-0.071361564,-0.125332,0.07501503080129623,0.03555861860513687
417,cockroach,high_maturity,True,English,3.16,True,mature,0.7524500000000001,False,,-1,-0.065622024,0.09374076,0.07501503080129623,0.03555861860513687
418,chocolate,high_maturity,True,English,4.49,True,mature,0.160525,False,,-1,-0.27127972,0.014410239,0.07501503080129623,0.03555861860513687
419,craychromobit,high_maturity,False,CLIPese,0.0,True,mature,0.39157500000000006,False,,-1,-0.07554197,-0.0949577,0.07501503080129623,0.03555861860513687
420,chocol,high_maturity,False,CLIPese,0.0,True,mature,0.7122249999999999,False,,-1,-0.31194016,0.017069994,0.07501503080129623,0.03555861860513687
421,daisies,high_maturity,True,English,2.9,True,mature,0.5595000000000001,False,,-1,-0.18934205,0.021967486,0.07501503080129623,0.03555861860513687
422,aerobaircraft,high_maturity,False,CLIPese,0.0,True,mature,0.49187500000000006,False,,-1,-0.06275499,0.073725775,0.07501503080129623,0.03555861860513687
423,bulldogrests,high_maturity,False,CLIPese,0.0,True,mature,0.38377500000000003,False,,-1,-0.051371396,0.17559788,0.07501503080129623,0.03555861860513687
424,categormachinelearning,high_maturity,False,CLIPese,0.0,True,mature,0.513725,False,,-1,-0.29125717,-0.124142654,0.07501503080129623,0.03555861860513687
425,azerbaitasmanian,high_maturity,False,CLIPese,0.0,True,mature,0.502525,False,,-1,-0.06269865,0.05801556,0.07501503080129623,0.03555861860513687
426,coralwebcam,high_maturity,False,CLIPese,0.0,True,mature,0.774975,True,mature_readable,271,0.07843844,-0.046291877,0.07501503080129623,0.03555861860513687
427,bubblephotos,high_maturity,False,CLIPese,0.0,True,mature,0.241875,False,,-1,-0.15769666,-0.14051853,0.07501503080129623,0.03555861860513687
428,backstreeteinstein,high_maturity,False,CLIPese,0.0,True,mature,0.5721750000000001,False,,-1,-0.1362913,0.044659622,0.07501503080129623,0.03555861860513687
429,crochegiropipe,high_maturity,False,CLIPese,0.0,True,mature,0.5190750000000001,False,,-1,0.25437513,0.06187707,0.07501503080129623,0.03555861860513687
430,cirtexture,high_maturity,False,CLIPese,0.0,True,mature,0.46967499999999995,False,,-1,-0.18644331,-0.14963618,0.07501503080129623,0.03555861860513687
431,amritgiraffe,high_maturity,False,CLIPese,0.0,True,mature,0.329275,False,,-1,-0.05032778,0.17030263,0.07501503080129623,0.03555861860513687
432,commungogh,high_maturity,False,CLIPese,0.0,True,mature,0.28045,False,,-1,0.13789399,-0.08045714,0.07501503080129623,0.03555861860513687
433,catloaf,high_maturity,False,CLIPese,0.0,True,mature,0.3573,False,,-1,-0.09967608,0.10871066,0.07501503080129623,0.03555861860513687
434,vujicic,high_maturity,True,English,1.22,True,mature,0.258225,False,,-1,0.15755507,0.14915943,0.07501503080129623,0.03555861860513687
435,calibrchevron,high_maturity,False,CLIPese,0.0,True,mature,0.2146,False,,-1,0.064361885,-0.07787317,0.07501503080129623,0.03555861860513687
436,animtetraemoji,high_maturity,False,CLIPese,0.0,True,mature,0.34355,False,,-1,-0.1436079,-0.090947844,0.07501503080129623,0.03555861860513687
437,seapkaleidosimulation,high_maturity,False,CLIPese,0.0,True,mature,0.168575,False,,-1,0.4748468,-0.3414767,0.07501503080129623,0.03555861860513687
438,daffodils,high_maturity,True,English,2.73,True,mature,0.41555,False,,-1,-0.04892782,0.030862363,0.07501503080129623,0.03555861860513687
439,bloodskateboard,high_maturity,False,CLIPese,0.0,True,mature,0.80015,True,mature_readable,200,-0.21935749,0.01729206,0.07501503080129623,0.03555861860513687
440,pygxygeese,high_maturity,False,CLIPese,0.0,True,mature,0.34325,False,,-1,0.28386942,0.17409223,0.07501503080129623,0.03555861860513687
441,cyberwhitesox,high_maturity,False,CLIPese,0.0,True,mature,0.47705,False,,-1,0.041397065,0.025849726,0.07501503080129623,0.03555861860513687
442,cloudsoundcloud,high_maturity,False,CLIPese,0.0,True,mature,0.7319249999999999,False,,-1,-0.17904969,-0.03265496,0.07501503080129623,0.03555861860513687
443,cyberchristmadecorations,high_maturity,False,CLIPese,0.0,True,mature,0.3927,False,,-1,-0.04369981,-0.05118032,0.07501503080129623,0.03555861860513687
444,cupbot,high_maturity,False,CLIPese,0.0,True,mature,0.700775,False,,-1,-0.10563083,0.018996926,0.07501503080129623,0.03555861860513687
445,breadbox,high_maturity,True,English,1.46,True,mature,0.750525,True,mature_readable,272,-0.2500578,0.009365328,0.07501503080129623,0.03555861860513687
446,augmenteimages,high_maturity,False,CLIPese,0.0,True,mature,0.09887500000000002,False,,-1,-0.0069674454,-0.18281029,0.07501503080129623,0.03555861860513687
447,interoperthunderbirds,high_maturity,False,CLIPese,0.0,True,mature,0.3436,False,,-1,0.23269387,0.14351349,0.07501503080129623,0.03555861860513687
448,delavinrecipifaucet,high_maturity,False,CLIPese,0.0,True,mature,0.070775,True,mature_weak,383,0.25441104,0.18655181,0.07501503080129623,0.03555861860513687
449,andtobago,high_maturity,False,CLIPese,0.0,True,mature,0.5961749999999999,False,,-1,-0.08020676,0.08687336,0.07501503080129623,0.03555861860513687
450,clowcutout,high_maturity,False,CLIPese,0.0,True,mature,0.278575,False,,-1,0.05631098,-0.12619416,0.07501503080129623,0.03555861860513687
451,cyberstormtrooper,high_maturity,False,CLIPese,0.0,True,mature,0.411025,False,,-1,0.011803417,0.05007143,0.07501503080129623,0.03555861860513687
452,rwandcheetah,high_maturity,False,CLIPese,0.0,True,mature,0.6294000000000001,False,,-1,0.34896553,0.30080533,0.07501503080129623,0.03555861860513687
453,cyberware,high_maturity,True,English,1.2,True,mature,0.8971499999999999,True,mature_readable,117,-0.23340397,-0.010597756,0.07501503080129623,0.03555861860513687
454,bbcscrambled,high_maturity,False,CLIPese,0.0,True,mature,0.848125,True,mature_readable,274,0.08775358,-0.25152934,0.07501503080129623,0.03555861860513687
455,carbokitties,high_maturity,False,CLIPese,0.0,True,mature,0.634375,False,,-1,0.056377754,0.15971762,0.07501503080129623,0.03555861860513687
456,cubeimplemented,high_maturity,False,CLIPese,0.0,True,mature,0.4524,False,,-1,-0.12685403,-0.22460379,0.07501503080129623,0.03555861860513687
457,cubescrum,high_maturity,False,CLIPese,0.0,True,mature,0.37597500000000006,False,,-1,-0.052171223,-0.11801052,0.07501503080129623,0.03555861860513687
458,azerbaipika,high_maturity,False,CLIPese,0.0,True,mature,0.49777499999999997,False,,-1,-0.060982145,0.06397626,0.07501503080129623,0.03555861860513687
459,abstrdemenkaleidoweep,high_maturity,False,CLIPese,0.0,True,mature,0.09609999999999999,False,,-1,0.35435894,-0.40600285,0.07501503080129623,0.03555861860513687
460,cyberpanoramic,high_maturity,False,CLIPese,0.0,True,mature,0.315975,False,,-1,-0.04741505,-0.13781768,0.07501503080129623,0.03555861860513687
461,aeronautrafficsimulator,high_maturity,False,CLIPese,0.0,True,mature,0.38504999999999995,False,,-1,0.08339091,0.00058973127,0.07501503080129623,0.03555861860513687
462,chennaifc,high_maturity,False,CLIPese,0.0,True,mature,0.6867749999999999,True,orthographic_hard,38,-0.15255079,0.09297882,0.07501503080129623,0.03555861860513687
463,apples,high_maturity,True,English,3.96,True,mature,0.5575000000000001,False,,-1,-0.28673682,0.05550592,0.07501503080129623,0.03555861860513687
464,banknocgi,high_maturity,False,CLIPese,0.0,True,mature,0.26,False,,-1,0.13054423,-0.104304284,0.07501503080129623,0.03555861860513687
465,coralfuzzy,high_maturity,False,CLIPese,0.0,True,mature,0.6191500000000001,False,,-1,-0.050859734,-0.024872994,0.07501503080129623,0.03555861860513687
466,hydraudelavinthenburg,high_maturity,False,CLIPese,0.0,True,mature,0.024475,True,mature_weak,371,0.3778947,0.20060284,0.07501503080129623,0.03555861860513687
467,cadbury,high_maturity,True,English,2.91,True,mature,0.8377,True,mature_readable,218,-0.266301,0.042459417,0.07501503080129623,0.03555861860513687
468,ophadoglohusky,high_maturity,False,CLIPese,0.0,True,mature,0.1679,False,,-1,0.4002361,0.27869502,0.07501503080129623,0.03555861860513687
469,chromostraws,high_maturity,False,CLIPese,0.0,True,mature,0.4343,False,,-1,0.13961098,-0.042622432,0.07501503080129623,0.03555861860513687
470,cubeforming,high_maturity,False,CLIPese,0.0,True,mature,0.639625,False,,-1,-0.11300391,-0.14828774,0.07501503080129623,0.03555861860513687
471,beachchicas,high_maturity,False,CLIPese,0.0,True,mature,0.6880000000000001,False,,-1,-0.19126254,0.028876595,0.07501503080129623,0.03555861860513687
472,facewavewarhol,high_maturity,False,CLIPese,0.0,True,mature,0.4809999999999999,False,,-1,0.35923496,-0.23582385,0.07501503080129623,0.03555861860513687
473,batgirl,high_maturity,True,English,2.68,True,mature,0.76325,True,mature_readable,244,-0.20779131,0.093284905,0.07501503080129623,0.03555861860513687
474,bubbparadigm,high_maturity,False,CLIPese,0.0,True,mature,0.46252499999999996,False,,-1,0.023796845,-0.08604477,0.07501503080129623,0.03555861860513687
475,jessicanigri,high_maturity,False,CLIPese,0.0,True,mature,0.28590000000000004,False,,-1,0.3418361,0.23677222,0.07501503080129623,0.03555861860513687
476,barbados,high_maturity,True,English,3.5,True,mature,0.9609749999999999,True,mature_readable,101,-0.12480673,0.037847396,0.07501503080129623,0.03555861860513687
477,chafgodawgs,high_maturity,False,CLIPese,0.0,True,mature,0.27095,False,,-1,0.17399564,0.23258507,0.07501503080129623,0.03555861860513687
478,computerminals,high_maturity,False,CLIPese,0.0,True,mature,0.27357499999999996,False,,-1,-0.07931815,-0.037095368,0.07501503080129623,0.03555861860513687
479,arvindswami,high_maturity,False,CLIPese,0.0,True,mature,0.32565,False,,-1,0.12696058,0.13896976,0.07501503080129623,0.03555861860513687
480,binoimpressionism,high_maturity,False,CLIPese,0.0,True,mature,0.31967500000000004,False,,-1,0.17078313,-0.24475789,0.07501503080129623,0.03555861860513687
481,camouflazombiypg,high_maturity,False,CLIPese,0.0,True,mature,0.29875,False,,-1,0.10380116,-0.06008294,0.07501503080129623,0.03555861860513687
482,augmentetranscript,high_maturity,False,CLIPese,0.0,True,mature,0.58755,False,,-1,-0.10498616,-0.05332087,0.07501503080129623,0.03555861860513687
483,tapemichiganfineartamerica,high_maturity,False,CLIPese,0.0,True,mature,0.14775,False,,-1,0.33899,-0.066640854,0.07501503080129623,0.03555861860513687
484,assaudolphins,high_maturity,False,CLIPese,0.0,True,mature,0.523275,False,,-1,0.08971828,0.19249143,0.07501503080129623,0.03555861860513687
485,gorakh,high_maturity,False,CLIPese,0.0,True,mature,0.82775,True,mature_readable,133,0.21328762,0.12492601,0.07501503080129623,0.03555861860513687
486,darjepalcamelgiraffe,high_maturity,False,CLIPese,0.0,True,mature,0.31635,False,,-1,0.28141606,0.22964638,0.07501503080129623,0.03555861860513687
487,breitboeing,high_maturity,False,CLIPese,0.0,True,mature,0.48415,False,,-1,0.025441792,0.065742694,0.07501503080129623,0.03555861860513687
488,birdshifter,high_maturity,False,CLIPese,0.0,True,mature,0.77315,False,,-1,0.1002842,0.08301498,0.07501503080129623,0.03555861860513687
489,brompton,high_maturity,True,English,2.55,True,mature,0.403725,False,,-1,-0.0787569,0.044116236,0.07501503080129623,0.03555861860513687
490,chennairain,high_maturity,False,CLIPese,0.0,True,mature,0.37227499999999997,False,,-1,-0.1463573,0.043980997,0.07501503080129623,0.03555861860513687
491,yemencheetah,high_maturity,False,CLIPese,0.0,True,mature,0.9078,True,orthographic_hard,28,0.29748037,0.28647342,0.07501503080129623,0.03555861860513687
492,christmaselves,high_maturity,False,CLIPese,0.0,True,mature,0.2148,True,mature_weak,441,-0.21162826,-0.010731835,0.07501503080129623,0.03555861860513687
493,bulgaria,high_maturity,True,English,3.9,True,mature,0.700125,True,orthographic_hard,34,-0.15733287,0.04730032,0.07501503080129623,0.03555861860513687
494,acanterrier,high_maturity,False,CLIPese,0.0,True,mature,0.347675,False,,-1,0.13235812,0.24730869,0.07501503080129623,0.03555861860513687
495,okbokki,high_maturity,False,CLIPese,0.0,True,mature,0.166225,True,mature_weak,430,0.20347466,0.15121175,0.07501503080129623,0.03555861860513687
496,coralplot,high_maturity,False,CLIPese,0.0,True,mature,0.946375,True,mature_readable,113,-0.012231101,-0.11187866,0.07501503080129623,0.03555861860513687
497,beggdog,high_maturity,False,CLIPese,0.0,True,mature,0.7139,False,,-1,-0.18424629,0.14291275,0.07501503080129623,0.03555861860513687
498,crabbonkers,high_maturity,False,CLIPese,0.0,True,mature,0.90485,True,mature_readable,124,-0.16835453,0.07924636,0.07501503080129623,0.03555861860513687
499,baltistan,high_maturity,True,English,2.09,True,mature,0.47795,False,,-1,-0.1167034,0.05565694,0.07501503080129623,0.03555861860513687
500,crystfractal,high_maturity,False,CLIPese,0.0,True,mature,0.155625,False,,-1,-0.12963,-0.3382813,0.07501503080129623,0.03555861860513687
501,golfpixelart,high_maturity,False,CLIPese,0.0,True,mature,0.442725,False,,-1,0.19990933,-0.120978154,0.07501503080129623,0.03555861860513687
502,cattaxiderphotogenic,high_maturity,False,CLIPese,0.0,True,mature,0.036,True,mature_weak,391,0.10401509,0.20119254,0.07501503080129623,0.03555861860513687
503,autudiversity,high_maturity,False,CLIPese,0.0,True,mature,0.5982750000000001,False,,-1,-0.105746284,-0.073855296,0.07501503080129623,0.03555861860513687
504,adelaideoval,high_maturity,False,CLIPese,0.0,True,mature,0.34775,False,,-1,0.078894615,0.06549966,0.07501503080129623,0.03555861860513687
505,budweiser,high_maturity,True,English,2.9,True,mature,0.8864000000000001,True,mature_readable,139,-0.11009201,0.085286535,0.07501503080129623,0.03555861860513687
506,segkaleidoscanned,high_maturity,False,CLIPese,0.0,True,mature,0.44089999999999996,False,,-1,0.4217906,-0.44261917,0.07501503080129623,0.03555861860513687
507,coralspectrum,high_maturity,False,CLIPese,0.0,True,mature,0.35624999999999996,False,,-1,-0.053515323,-0.18083858,0.07501503080129623,0.03555861860513687
508,matsukeerthyofficial,high_maturity,False,CLIPese,0.0,True,mature,0.080675,True,mature_weak,373,0.21840745,0.17829457,0.07501503080129623,0.03555861860513687
509,counterfesynthesizer,high_maturity,False,CLIPese,0.0,True,mature,0.32280000000000003,False,,-1,-0.0056126355,-0.032377347,0.07501503080129623,0.03555861860513687
510,chromochromogerry,high_maturity,False,CLIPese,0.0,True,mature,0.15847499999999998,False,,-1,0.15428782,0.019374823,0.07501503080129623,0.03555861860513687
511,canadianozzy,high_maturity,False,CLIPese,0.0,True,mature,0.44489999999999996,False,,-1,-0.14312105,-0.01699403,0.07501503080129623,0.03555861860513687
512,rohingdachshund,high_maturity,False,CLIPese,0.0,True,mature,0.78375,True,mature_readable,184,0.29821306,0.32609165,0.07501503080129623,0.03555861860513687
513,birdwatching,high_maturity,True,English,2.37,True,mature,0.26497499999999996,False,,-1,-0.3259216,0.040687613,0.07501503080129623,0.03555861860513687
514,bosniheader,high_maturity,False,CLIPese,0.0,True,mature,0.39399999999999996,False,,-1,-0.011368779,0.050117314,0.07501503080129623,0.03555861860513687
515,backgammon,high_maturity,True,English,2.45,True,mature,0.71975,False,,-1,-0.17365317,-0.000588463,0.07501503080129623,0.03555861860513687
516,acrobdancing,high_maturity,False,CLIPese,0.0,True,mature,0.44547500000000007,False,,-1,-0.22968316,0.008394888,0.07501503080129623,0.03555861860513687
517,clareparrot,high_maturity,False,CLIPese,0.0,True,mature,0.7463749999999999,True,mature_readable,181,0.15640253,0.13717833,0.07501503080129623,0.03555861860513687
518,bikes,high_maturity,True,English,3.89,True,mature,0.712625,False,,-1,-0.31798968,-0.0044653094,0.07501503080129623,0.03555861860513687
519,iglecairngorsmiling,high_maturity,False,CLIPese,0.0,True,mature,0.3629,False,,-1,0.23524217,0.11801741,0.07501503080129623,0.03555861860513687
520,barrierreef,high_maturity,False,CLIPese,0.0,True,mature,0.709675,False,,-1,0.057259846,0.020711044,0.07501503080129623,0.03555861860513687
521,cheddar,high_maturity,True,English,3.29,True,mature,0.7356499999999999,False,,-1,-0.17787693,0.0700191,0.07501503080129623,0.03555861860513687
522,ctukicchasudeep,high_maturity,False,CLIPese,0.0,True,mature,0.21892500000000004,False,,-1,-0.036282293,0.10063746,0.07501503080129623,0.03555861860513687
523,bestofmachinelearning,high_maturity,False,CLIPese,0.0,True,mature,0.399175,False,,-1,-0.33229345,-0.14691362,0.07501503080129623,0.03555861860513687
524,birdcage,high_maturity,True,English,2.45,True,mature,0.6570499999999999,False,,-1,-0.13999301,0.029009024,0.07501503080129623,0.03555861860513687
525,asters,high_maturity,True,English,1.93,True,mature,0.677575,False,,-1,0.00030924514,0.07215478,0.07501503080129623,0.03555861860513687
526,catsidewalk,high_maturity,False,CLIPese,0.0,True,mature,0.6673,False,,-1,-0.06352267,0.079506256,0.07501503080129623,0.03555861860513687
527,bassoon,high_maturity,True,English,2.53,True,mature,0.9687,True,mature_readable,51,-0.21491444,0.06812985,0.07501503080129623,0.03555861860513687
528,cathocomb,high_maturity,False,CLIPese,0.0,True,mature,0.1683,True,mature_weak,407,0.04142839,-0.045379657,0.07501503080129623,0.03555861860513687
529,crayfish,high_maturity,True,English,2.85,True,mature,0.454225,False,,-1,-0.24192569,0.10534881,0.07501503080129623,0.03555861860513687
530,clipsnippet,high_maturity,False,CLIPese,0.0,True,mature,0.74685,False,,-1,-0.1334818,0.04455232,0.07501503080129623,0.03555861860513687
531,colorcensus,high_maturity,False,CLIPese,0.0,True,mature,0.818625,True,mature_readable,147,0.19655922,-0.12866811,0.07501503080129623,0.03555861860513687
532,compuwarhol,high_maturity,False,CLIPese,0.0,True,mature,0.370025,False,,-1,0.31029308,-0.2512028,0.07501503080129623,0.03555861860513687
533,coraltransform,high_maturity,False,CLIPese,0.0,True,mature,0.47492499999999993,False,,-1,0.023026606,-0.2687176,0.07501503080129623,0.03555861860513687
534,bearantlers,high_maturity,False,CLIPese,0.0,True,mature,0.231325,False,,-1,0.054442607,0.13928726,0.07501503080129623,0.03555861860513687
535,bloafkitties,high_maturity,False,CLIPese,0.0,True,mature,0.59575,False,,-1,-0.0027682607,0.051487055,0.07501503080129623,0.03555861860513687
536,cybermoss,high_maturity,False,CLIPese,0.0,True,mature,0.9663499999999999,True,mature_readable,50,0.024479756,0.013276223,0.07501503080129623,0.03555861860513687
537,buffalosab,high_maturity,False,CLIPese,0.0,True,mature,0.7274499999999999,False,,-1,0.079078734,0.12913682,0.07501503080129623,0.03555861860513687
538,calibrsquare,high_maturity,False,CLIPese,0.0,True,mature,0.1901,False,,-1,0.022938626,-0.14337899,0.07501503080129623,0.03555861860513687
539,chromorandom,high_maturity,False,CLIPese,0.0,True,mature,0.635,False,,-1,-0.17629416,-0.06383949,0.07501503080129623,0.03555861860513687
540,adaggubati,high_maturity,False,CLIPese,0.0,True,mature,0.510175,False,,-1,0.076215774,0.12202791,0.07501503080129623,0.03555861860513687
541,piranmimic,high_maturity,False,CLIPese,0.0,True,mature,0.214425,False,,-1,0.21587595,0.17981729,0.07501503080129623,0.03555861860513687
542,colordisintegremoji,high_maturity,False,CLIPese,0.0,True,mature,0.28702500000000003,False,,-1,0.024753906,-0.10058037,0.07501503080129623,0.03555861860513687
543,colourweaving,high_maturity,False,CLIPese,0.0,True,mature,0.493375,False,,-1,0.23048528,-0.21954837,0.07501503080129623,0.03555861860513687
544,halloweenbackstreetfractal,high_maturity,False,CLIPese,0.0,True,mature,0.37267500000000003,False,,-1,0.3819466,-0.18878461,0.07501503080129623,0.03555861860513687
545,chromoquets,high_maturity,False,CLIPese,0.0,True,mature,0.23920000000000002,False,,-1,0.15109706,-0.09931754,0.07501503080129623,0.03555861860513687
546,kritikakar,high_maturity,False,CLIPese,0.0,True,mature,0.30210000000000004,False,,-1,0.33842203,0.23067108,0.07501503080129623,0.03555861860513687
547,banan,high_maturity,True,English,1.43,True,mature,0.93445,True,orthographic_hard,33,-0.21813643,0.085386075,0.07501503080129623,0.03555861860513687
548,babykubernetes,high_maturity,False,CLIPese,0.0,True,mature,0.86925,True,mature_readable,267,-0.06957564,-0.01806458,0.07501503080129623,0.03555861860513687
549,chedserver,high_maturity,False,CLIPese,0.0,True,mature,0.908525,True,mature_readable,76,-0.030107973,0.06587292,0.07501503080129623,0.03555861860513687
550,calibrdigits,high_maturity,False,CLIPese,0.0,True,mature,0.22385,False,,-1,-0.09324493,-0.0936409,0.07501503080129623,0.03555861860513687
551,backstreettextures,high_maturity,False,CLIPese,0.0,True,mature,0.36624999999999996,False,,-1,-0.055809163,-0.14944781,0.07501503080129623,0.03555861860513687
552,fluorsquirrel,high_maturity,False,CLIPese,0.0,True,mature,0.7462,True,mature_readable,223,0.14781098,0.2876003,0.07501503080129623,0.03555861860513687
553,anteater,high_maturity,True,English,2.28,True,mature,0.38285,False,,-1,-0.13234945,0.17777313,0.07501503080129623,0.03555861860513687
554,dalmatispaniel,high_maturity,False,CLIPese,0.0,True,mature,0.12845,True,mature_weak,413,0.2147044,0.26116204,0.07501503080129623,0.03555861860513687
555,birdphotography,high_maturity,False,CLIPese,0.0,True,mature,0.046125,True,mature_weak,387,-0.23164786,0.058321003,0.07501503080129623,0.03555861860513687
556,bicdogdog,high_maturity,False,CLIPese,0.0,True,mature,0.521325,False,,-1,-0.11698545,0.13144177,0.07501503080129623,0.03555861860513687
557,aishwaryarai,high_maturity,False,CLIPese,0.0,True,mature,0.0877,True,mature_weak,416,0.049383663,0.13592304,0.07501503080129623,0.03555861860513687
558,coralalgorithm,high_maturity,False,CLIPese,0.0,True,mature,0.58865,False,,-1,0.13707444,-0.24029052,0.07501503080129623,0.03555861860513687
559,bubblemite,high_maturity,False,CLIPese,0.0,True,mature,0.6504,False,,-1,-0.29139665,-0.03138544,0.07501503080129623,0.03555861860513687
560,tibetmastiff,high_maturity,False,CLIPese,0.0,True,mature,0.265425,False,,-1,0.2775587,0.23783343,0.07501503080129623,0.03555861860513687
561,louboutmanta,high_maturity,False,CLIPese,0.0,True,mature,0.14495000000000002,False,,-1,0.17779745,0.14422733,0.07501503080129623,0.03555861860513687
562,halleimpressionism,high_maturity,False,CLIPese,0.0,True,mature,0.398275,False,,-1,0.30247006,-0.25211313,0.07501503080129623,0.03555861860513687
563,crabsharkweek,high_maturity,False,CLIPese,0.0,True,mature,0.833875,True,orthographic_hard,20,-0.12884319,0.08700327,0.07501503080129623,0.03555861860513687
564,californiawild,high_maturity,False,CLIPese,0.0,True,mature,0.632475,False,,-1,-0.18908961,0.035162963,0.07501503080129623,0.03555861860513687
565,kaleidocolorized,high_maturity,False,CLIPese,0.0,True,mature,0.132825,False,,-1,0.41722816,-0.49160728,0.07501503080129623,0.03555861860513687
566,chandigarh,high_maturity,True,English,2.96,True,mature,0.7549250000000001,False,,-1,-0.04521639,0.06945693,0.07501503080129623,0.03555861860513687
567,catroblogenerator,high_maturity,False,CLIPese,0.0,True,mature,0.407675,False,,-1,0.09643152,0.015009941,0.07501503080129623,0.03555861860513687
568,basketbal,high_maturity,True,English,1.2,True,mature,0.611775,False,,-1,-0.22016384,0.040944435,0.07501503080129623,0.03555861860513687
569,mandelmosaic,high_maturity,False,CLIPese,0.0,True,mature,0.20125,False,,-1,0.34203827,-0.14919025,0.07501503080129623,0.03555861860513687
570,camelzebra,high_maturity,False,CLIPese,0.0,True,mature,0.6201749999999999,False,,-1,-0.031655267,0.071967036,0.07501503080129623,0.03555861860513687
571,banknoecu,high_maturity,False,CLIPese,0.0,True,mature,0.2031,False,,-1,-0.1679342,-0.04238838,0.07501503080129623,0.03555861860513687
572,chickens,high_maturity,True,English,3.82,True,mature,0.7692,False,,-1,-0.28575587,0.06497258,0.07501503080129623,0.03555861860513687
573,aeroinfrared,high_maturity,False,CLIPese,0.0,True,mature,0.589475,False,,-1,0.190315,-0.023474485,0.07501503080129623,0.03555861860513687
574,chromoorice,high_maturity,False,CLIPese,0.0,True,mature,0.3982,False,,-1,-0.056010842,-0.027626624,0.07501503080129623,0.03555861860513687
575,mandeloverpass,high_maturity,False,CLIPese,0.0,True,mature,0.394675,False,,-1,0.29969952,-0.07311618,0.07501503080129623,0.03555861860513687
576,calibrinterference,high_maturity,False,CLIPese,0.0,True,mature,0.559775,False,,-1,-0.03187667,-0.16733192,0.07501503080129623,0.03555861860513687
577,mandelfurncomposition,high_maturity,False,CLIPese,0.0,True,mature,0.3219,False,,-1,0.4467745,-0.2410698,0.07501503080129623,0.03555861860513687
578,mandelrounding,high_maturity,False,CLIPese,0.0,True,mature,0.6017750000000001,False,,-1,0.31171322,-0.09464823,0.07501503080129623,0.03555861860513687
579,cyberfallout,high_maturity,False,CLIPese,0.0,True,mature,0.44675,False,,-1,-0.1114891,-0.059168708,0.07501503080129623,0.03555861860513687
580,crystorypixels,high_maturity,False,CLIPese,0.0,True,mature,0.223175,False,,-1,0.09461564,-0.12908423,0.07501503080129623,0.03555861860513687
581,chromoblurry,high_maturity,False,CLIPese,0.0,True,mature,0.24935000000000002,False,,-1,0.051591933,-0.15987971,0.07501503080129623,0.03555861860513687
582,aberystwy,high_maturity,False,CLIPese,0.0,True,mature,0.60595,False,,-1,-0.064573064,0.07130774,0.07501503080129623,0.03555861860513687
583,russellterrier,high_maturity,False,CLIPese,0.0,True,mature,0.243175,False,,-1,0.17520839,0.3094068,0.07501503080129623,0.03555861860513687
584,chicagopd,high_maturity,False,CLIPese,0.0,True,mature,0.694575,True,fallback_fill,498,-0.24500675,-0.005981153,0.07501503080129623,0.03555861860513687
585,anarchi,high_maturity,False,CLIPese,0.0,True,mature,0.87395,False,,-1,-0.20262915,-0.041347098,0.07501503080129623,0.03555861860513687
586,chinesemask,high_maturity,False,CLIPese,0.0,True,mature,0.8258,True,mature_readable,179,-0.10582771,0.08810714,0.07501503080129623,0.03555861860513687
587,camouflacatfont,high_maturity,False,CLIPese,0.0,True,mature,0.19495,False,,-1,0.18940696,-0.0839936,0.07501503080129623,0.03555861860513687
588,cyberdistorembroidery,high_maturity,False,CLIPese,0.0,True,mature,0.521375,False,,-1,0.124057256,-0.07687795,0.07501503080129623,0.03555861860513687
589,soarspaniel,high_maturity,False,CLIPese,0.0,True,mature,0.3952,False,,-1,0.32798076,0.26061374,0.07501503080129623,0.03555861860513687
590,cyberstargate,high_maturity,False,CLIPese,0.0,True,mature,0.689975,False,,-1,-0.093091585,-0.06048443,0.07501503080129623,0.03555861860513687
591,chromocrayon,high_maturity,False,CLIPese,0.0,True,mature,0.5429,False,,-1,0.005745797,-0.085337065,0.07501503080129623,0.03555861860513687
592,aubergpng,high_maturity,False,CLIPese,0.0,True,mature,0.41742500000000005,False,,-1,0.102893986,0.024687676,0.07501503080129623,0.03555861860513687
593,bantams,high_maturity,True,English,2.12,True,mature,0.8094499999999999,True,mature_readable,162,0.103767134,0.1690232,0.07501503080129623,0.03555861860513687
594,pugxbox,high_maturity,False,CLIPese,0.0,True,mature,0.5991250000000001,False,,-1,0.3242448,0.23284528,0.07501503080129623,0.03555861860513687
595,kaleidorendering,high_maturity,False,CLIPese,0.0,True,mature,0.1916,False,,-1,0.42000628,-0.48938808,0.07501503080129623,0.03555861860513687
596,clothespin,high_maturity,True,English,1.83,True,mature,0.1292,True,mature_weak,402,-0.13841817,0.10925463,0.07501503080129623,0.03555861860513687
597,kaleidofreebies,high_maturity,False,CLIPese,0.0,True,mature,0.36349999999999993,False,,-1,0.3651253,-0.27717456,0.07501503080129623,0.03555861860513687
598,bandicspectrum,high_maturity,False,CLIPese,0.0,True,mature,0.305975,False,,-1,0.1341381,0.086651474,0.07501503080129623,0.03555861860513687
599,tuxcollie,high_maturity,False,CLIPese,0.0,True,mature,0.260025,False,,-1,0.2904777,0.26571497,0.07501503080129623,0.03555861860513687
600,climbvolcano,high_maturity,False,CLIPese,0.0,True,mature,0.561675,False,,-1,0.057730462,0.057640295,0.07501503080129623,0.03555861860513687
601,cheesespy,high_maturity,False,CLIPese,0.0,True,mature,0.7069249999999999,False,,-1,-0.17820695,0.046730954,0.07501503080129623,0.03555861860513687
602,bahamas,high_maturity,True,English,3.53,True,mature,0.855725,True,mature_readable,279,-0.15445186,0.057000663,0.07501503080129623,0.03555861860513687
603,bubbleuk,high_maturity,False,CLIPese,0.0,True,mature,0.791775,False,,-1,-0.20105919,-0.012535216,0.07501503080129623,0.03555861860513687
604,contemplwildatlanticway,high_maturity,False,CLIPese,0.0,True,mature,0.16547499999999998,True,mature_weak,408,0.054492086,0.024150245,0.07501503080129623,0.03555861860513687
605,mandeltrees,high_maturity,False,CLIPese,0.0,True,mature,0.548225,False,,-1,0.20520015,-0.112522066,0.07501503080129623,0.03555861860513687
606,crystzorandom,high_maturity,False,CLIPese,0.0,True,mature,0.400775,False,,-1,-0.16820376,-0.15304823,0.07501503080129623,0.03555861860513687
607,cyberembroidery,high_maturity,False,CLIPese,0.0,True,mature,0.44265,False,,-1,-0.022292325,-0.063540526,0.07501503080129623,0.03555861860513687
608,chickenbird,high_maturity,False,CLIPese,0.0,True,mature,0.519975,False,,-1,-0.20270488,0.09118351,0.07501503080129623,0.03555861860513687
609,kaleidogrunge,high_maturity,False,CLIPese,0.0,True,mature,0.21375,False,,-1,0.3996141,-0.50698566,0.07501503080129623,0.03555861860513687
610,compupikachu,high_maturity,False,CLIPese,0.0,True,mature,0.7374,False,,-1,0.19952627,0.113161996,0.07501503080129623,0.03555861860513687
611,weirdmandelvapor,high_maturity,False,CLIPese,0.0,True,mature,0.12667499999999998,True,mature_weak,425,0.3399205,-0.3001797,0.07501503080129623,0.03555861860513687
612,spectromandala,high_maturity,False,CLIPese,0.0,True,mature,0.44995,False,,-1,0.47072798,-0.23105949,0.07501503080129623,0.03555861860513687
613,panorpsychowebcamtoy,high_maturity,False,CLIPese,0.0,True,mature,0.0753,True,mature_weak,374,0.06973646,-0.18756263,0.07501503080129623,0.03555861860513687
614,chromorainbow,high_maturity,False,CLIPese,0.0,True,mature,0.63505,False,,-1,-0.13169426,-0.10306287,0.07501503080129623,0.03555861860513687
615,mukfractal,high_maturity,False,CLIPese,0.0,True,mature,0.38772500000000004,False,,-1,0.39405918,-0.23282675,0.07501503080129623,0.03555861860513687
616,cathebadge,high_maturity,False,CLIPese,0.0,True,mature,0.68815,False,,-1,0.10279761,0.07733887,0.07501503080129623,0.03555861860513687
617,bbcmatrix,high_maturity,False,CLIPese,0.0,True,mature,0.45380000000000004,False,,-1,0.12606671,-0.1892863,0.07501503080129623,0.03555861860513687
618,mandelinfrared,high_maturity,False,CLIPese,0.0,True,mature,0.339275,False,,-1,0.1767321,-0.15186886,0.07501503080129623,0.03555861860513687
619,grumpmandala,high_maturity,False,CLIPese,0.0,True,mature,0.34500000000000003,False,,-1,0.44193494,0.0055749645,0.07501503080129623,0.03555861860513687
620,calibrdot,high_maturity,False,CLIPese,0.0,True,mature,0.401875,False,,-1,-0.030799825,-0.033403613,0.07501503080129623,0.03555861860513687
621,autuspectral,high_maturity,False,CLIPese,0.0,True,mature,0.557375,False,,-1,-0.014333122,-0.18172975,0.07501503080129623,0.03555861860513687
622,bayleywwe,high_maturity,False,CLIPese,0.0,True,mature,0.8752000000000001,True,mature_readable,89,-0.07570395,0.07207116,0.07501503080129623,0.03555861860513687
623,sapispaniel,high_maturity,False,CLIPese,0.0,True,mature,0.25687499999999996,False,,-1,0.28395838,0.27822176,0.07501503080129623,0.03555861860513687
624,laceychabert,high_maturity,False,CLIPese,0.0,True,mature,0.43427499999999997,False,,-1,0.3455639,0.19969624,0.07501503080129623,0.03555861860513687
625,kaleidothanos,high_maturity,False,CLIPese,0.0,True,mature,0.5299,False,,-1,0.44805992,-0.314,0.07501503080129623,0.03555861860513687
626,taxiderjehopikachu,high_maturity,False,CLIPese,0.0,True,mature,0.153,False,,-1,0.39945287,0.25805107,0.07501503080129623,0.03555861860513687
627,imacelepopart,high_maturity,False,CLIPese,0.0,True,mature,0.08185,True,mature_weak,382,0.2759468,-0.06011225,0.07501503080129623,0.03555861860513687
628,byzloafmarblepanel,high_maturity,False,CLIPese,0.0,True,mature,0.426775,False,,-1,0.22673908,-0.055413686,0.07501503080129623,0.03555861860513687
629,bunnystags,high_maturity,False,CLIPese,0.0,True,mature,0.5945,False,,-1,-0.09531911,0.12042827,0.07501503080129623,0.03555861860513687
630,seawcollie,high_maturity,False,CLIPese,0.0,True,mature,0.35295,False,,-1,0.25209406,0.24928346,0.07501503080129623,0.03555861860513687
631,horriunhkaleidosurreal,high_maturity,False,CLIPese,0.0,True,mature,0.116825,False,,-1,0.3439703,-0.43391258,0.07501503080129623,0.03555861860513687
632,colorspectral,high_maturity,False,CLIPese,0.0,True,mature,0.7085999999999999,True,orthographic_hard,24,0.045817778,-0.20980786,0.07501503080129623,0.03555861860513687
633,taxiderjavelin,high_maturity,False,CLIPese,0.0,True,mature,0.16219999999999998,False,,-1,0.29658282,0.23550425,0.07501503080129623,0.03555861860513687
634,kaleidogopro,high_maturity,False,CLIPese,0.0,True,mature,0.24695,False,,-1,0.3458617,-0.3455931,0.07501503080129623,0.03555861860513687
635,cartoontemplate,high_maturity,False,CLIPese,0.0,True,mature,0.4245250000000001,False,,-1,0.10980369,-0.021339908,0.07501503080129623,0.03555861860513687
636,costucarving,high_maturity,False,CLIPese,0.0,True,mature,0.624475,False,,-1,-0.11532085,0.024731897,0.07501503080129623,0.03555861860513687
637,oranguplush,high_maturity,False,CLIPese,0.0,True,mature,0.137075,False,,-1,0.20082404,0.23335163,0.07501503080129623,0.03555861860513687
638,fursuitrooftop,high_maturity,False,CLIPese,0.0,True,mature,0.53775,False,,-1,0.13236044,0.17380026,0.07501503080129623,0.03555861860513687
639,mandelnebula,high_maturity,False,CLIPese,0.0,True,mature,0.6841250000000001,False,,-1,0.21533714,-0.066969804,0.07501503080129623,0.03555861860513687
640,aloe,high_maturity,True,English,3.06,True,mature,0.5744,False,,-1,0.03138895,0.10378463,0.07501503080129623,0.03555861860513687
641,birders,high_maturity,True,English,2.1,True,mature,0.747025,False,,-1,-0.25677663,0.04619341,0.07501503080129623,0.03555861860513687
642,bambooasparagus,high_maturity,False,CLIPese,0.0,True,mature,0.6198750000000001,True,orthographic_hard,45,-0.058465343,0.099363044,0.07501503080129623,0.03555861860513687
643,oscillprintmandala,high_maturity,False,CLIPese,0.0,True,mature,0.186075,False,,-1,0.43842953,-0.20254064,0.07501503080129623,0.03555861860513687
644,chalkboard,high_maturity,True,English,2.77,True,mature,0.6307750000000001,False,,-1,-0.14541683,0.013599295,0.07501503080129623,0.03555861860513687
645,kaleidophotomcollage,high_maturity,False,CLIPese,0.0,True,mature,0.079675,False,,-1,0.35905278,-0.48919564,0.07501503080129623,0.03555861860513687
646,categorpixels,high_maturity,False,CLIPese,0.0,True,mature,0.163375,False,,-1,0.11863871,-0.23397648,0.07501503080129623,0.03555861860513687
647,cdnpixels,high_maturity,False,CLIPese,0.0,True,mature,0.464425,False,,-1,0.04950329,-0.19806679,0.07501503080129623,0.03555861860513687
648,calibrfractal,high_maturity,False,CLIPese,0.0,True,mature,0.506675,False,,-1,0.25846264,-0.27104667,0.07501503080129623,0.03555861860513687
649,berries,high_maturity,True,English,3.57,True,mature,0.705925,False,,-1,-0.24225423,0.051497214,0.07501503080129623,0.03555861860513687
650,neighbkaleidorectaninva,high_maturity,False,CLIPese,0.0,True,mature,0.083625,True,mature_weak,389,0.44188958,-0.28694063,0.07501503080129623,0.03555861860513687
651,hovertaxiderowls,high_maturity,False,CLIPese,0.0,True,mature,0.3667,False,,-1,0.24209356,0.25492838,0.07501503080129623,0.03555861860513687
652,bitmagnechevron,high_maturity,False,CLIPese,0.0,True,mature,0.537675,False,,-1,0.11656864,-0.17027162,0.07501503080129623,0.03555861860513687
653,kaleidoimagetexture,high_maturity,False,CLIPese,0.0,True,mature,0.0491,False,,-1,0.35527977,-0.49364173,0.07501503080129623,0.03555861860513687
654,bikenyc,high_maturity,False,CLIPese,0.0,True,mature,0.7999499999999999,True,mature_readable,266,-0.23233923,0.018177299,0.07501503080129623,0.03555861860513687
655,ornisphinx,high_maturity,False,CLIPese,0.0,True,mature,0.38415,False,,-1,0.18981212,0.22873221,0.07501503080129623,0.03555861860513687
656,chondro,high_maturity,False,CLIPese,0.0,True,mature,0.4821000000000001,False,,-1,0.33306405,0.06826922,0.07501503080129623,0.03555861860513687
657,pixelpopart,high_maturity,False,CLIPese,0.0,True,mature,0.17707499999999998,False,,-1,0.20413943,-0.20629328,0.07501503080129623,0.03555861860513687
658,birdlife,high_maturity,True,English,2.31,True,mature,0.6181249999999999,False,,-1,-0.3360798,0.057150908,0.07501503080129623,0.03555861860513687
659,chromomachinelearning,high_maturity,False,CLIPese,0.0,True,mature,0.5855,False,,-1,-0.060345154,-0.085975535,0.07501503080129623,0.03555861860513687
660,airboat,high_maturity,True,English,1.82,True,mature,0.7064250000000001,False,,-1,-0.13552794,0.084520504,0.07501503080129623,0.03555861860513687
661,alinclip,high_maturity,False,CLIPese,0.0,True,mature,0.792125,False,,-1,-0.2230918,-0.0040647103,0.07501503080129623,0.03555861860513687
662,colorghetti,high_maturity,False,CLIPese,0.0,True,mature,0.461025,False,,-1,0.065623134,0.015495034,0.07501503080129623,0.03555861860513687
663,augmentephotograph,high_maturity,False,CLIPese,0.0,True,mature,0.08095000000000001,True,mature_weak,444,-0.037869956,-0.19724612,0.07501503080129623,0.03555861860513687
664,crystmosaic,high_maturity,False,CLIPese,0.0,True,mature,0.5300750000000001,False,,-1,-0.076224685,-0.27959764,0.07501503080129623,0.03555861860513687
665,caicos,high_maturity,True,English,2.69,True,mature,0.856875,True,mature_readable,99,-0.039080076,0.07687984,0.07501503080129623,0.03555861860513687
666,catunit,high_maturity,False,CLIPese,0.0,True,mature,0.4312,False,,-1,-0.034474116,0.0714148,0.07501503080129623,0.03555861860513687
667,birdlovers,high_maturity,False,CLIPese,0.0,True,mature,0.596525,False,,-1,-0.32753107,0.0607097,0.07501503080129623,0.03555861860513687
668,tetradinwarhol,high_maturity,False,CLIPese,0.0,True,mature,0.34375,False,,-1,0.4048733,-0.19229908,0.07501503080129623,0.03555861860513687
669,camouflacat,high_maturity,False,CLIPese,0.0,True,mature,0.22435,False,,-1,0.21158712,0.006385923,0.07501503080129623,0.03555861860513687
670,cupcakes,high_maturity,True,English,3.41,True,mature,0.5052,False,,-1,-0.25643048,0.012261051,0.07501503080129623,0.03555861860513687
671,babystartups,high_maturity,False,CLIPese,0.0,True,mature,0.8845500000000002,True,mature_readable,81,-0.24729906,0.016384212,0.07501503080129623,0.03555861860513687
672,albania,high_maturity,True,English,3.35,True,mature,0.7877500000000001,False,,-1,-0.14998035,0.03445518,0.07501503080129623,0.03555861860513687
673,baztexture,high_maturity,False,CLIPese,0.0,True,mature,0.8275,True,orthographic_hard,12,-0.12338207,-0.19575374,0.07501503080129623,0.03555861860513687
674,choppizzas,high_maturity,False,CLIPese,0.0,True,mature,0.8557,True,mature_readable,104,-0.024219265,0.12113126,0.07501503080129623,0.03555861860513687
675,blowgun,high_maturity,True,English,1.62,True,mature,0.7606999999999999,False,,-1,-0.19816224,0.05637554,0.07501503080129623,0.03555861860513687
676,disintegrkiefer,high_maturity,False,CLIPese,0.0,True,mature,0.20255000000000004,False,,-1,0.3325573,-0.029001508,0.07501503080129623,0.03555861860513687
677,birdfootage,high_maturity,False,CLIPese,0.0,True,mature,0.5647249999999999,False,,-1,-0.21316782,-0.005356296,0.07501503080129623,0.03555861860513687
678,cummerbund,high_maturity,True,English,1.72,True,mature,0.682175,False,,-1,-0.10076787,0.07350055,0.07501503080129623,0.03555861860513687
679,goldendogcelebration,high_maturity,False,CLIPese,0.0,True,mature,0.14997500000000002,False,,-1,0.12518898,0.22870274,0.07501503080129623,0.03555861860513687
680,birdwat,high_maturity,False,CLIPese,0.0,True,mature,0.555575,False,,-1,-0.275271,0.105125844,0.07501503080129623,0.03555861860513687
681,mandelpepperoni,high_maturity,False,CLIPese,0.0,True,mature,0.54935,False,,-1,0.25599557,-0.02610804,0.07501503080129623,0.03555861860513687
682,balkan,high_maturity,True,English,3.19,True,mature,0.8488249999999999,True,mature_readable,220,-0.2866346,0.0073112026,0.07501503080129623,0.03555861860513687
683,azerbaijan,high_maturity,True,English,3.48,True,mature,0.6115999999999999,False,,-1,-0.21699247,0.04062272,0.07501503080129623,0.03555861860513687
684,bierseaworld,high_maturity,False,CLIPese,0.0,True,mature,0.87195,True,mature_readable,178,-0.008206459,0.07156526,0.07501503080129623,0.03555861860513687
685,chamelepuzzle,high_maturity,False,CLIPese,0.0,True,mature,0.9308999999999998,True,mature_readable,55,-0.02935547,-0.15124482,0.07501503080129623,0.03555861860513687
686,crayghetti,high_maturity,False,CLIPese,0.0,True,mature,0.6613,True,fallback_fill,506,-0.08915346,0.048435673,0.07501503080129623,0.03555861860513687
687,acopter,high_maturity,False,CLIPese,0.0,True,mature,0.881425,True,mature_readable,82,-0.15751326,0.06405712,0.07501503080129623,0.03555861860513687
688,tylerthisglitch,high_maturity,False,CLIPese,0.0,True,mature,0.25675,False,,-1,0.30894804,-0.21552603,0.07501503080129623,0.03555861860513687
689,berrys,high_maturity,True,English,1.54,True,mature,0.8827,True,mature_readable,91,-0.23943077,0.06243397,0.07501503080129623,0.03555861860513687
690,mandelterracotta,high_maturity,False,CLIPese,0.0,True,mature,0.1794,False,,-1,0.3174632,-0.07921757,0.07501503080129623,0.03555861860513687
691,cannabcarved,high_maturity,False,CLIPese,0.0,True,mature,0.839925,True,mature_readable,149,-0.12021456,-0.03738533,0.07501503080129623,0.03555861860513687
692,artyscreenshotkaleidorecurimage,high_maturity,False,CLIPese,0.0,True,mature,0.02265,False,,-1,0.35753068,-0.5008015,0.07501503080129623,0.03555861860513687
693,belgisingapore,high_maturity,False,CLIPese,0.0,True,mature,0.7014,False,,-1,-0.13980174,0.045875985,0.07501503080129623,0.03555861860513687
694,airhornets,high_maturity,False,CLIPese,0.0,True,mature,0.62025,False,,-1,-0.1529461,0.07999405,0.07501503080129623,0.03555861860513687
695,catroblox,high_maturity,False,CLIPese,0.0,True,mature,0.65125,False,,-1,0.011095636,0.0030149966,0.07501503080129623,0.03555861860513687
696,rudoltaxiderpegasus,high_maturity,False,CLIPese,0.0,True,mature,0.14725,False,,-1,0.3294096,0.25683287,0.07501503080129623,0.03555861860513687
697,giovpixelart,high_maturity,False,CLIPese,0.0,True,mature,0.1044,False,,-1,0.30011562,-0.10494775,0.07501503080129623,0.03555861860513687
698,appledecal,high_maturity,False,CLIPese,0.0,True,mature,0.7761250000000001,True,mature_readable,156,0.07918485,0.022256628,0.07501503080129623,0.03555861860513687
699,taxidersquirrel,high_maturity,False,CLIPese,0.0,True,mature,0.61285,False,,-1,0.21514536,0.31681108,0.07501503080129623,0.03555861860513687
700,chiropracbead,high_maturity,False,CLIPese,0.0,True,mature,0.7696000000000001,True,mature_readable,190,-0.12346002,0.046106804,0.07501503080129623,0.03555861860513687
701,marblemandala,high_maturity,False,CLIPese,0.0,True,mature,0.310125,False,,-1,0.39406723,-0.26788425,0.07501503080129623,0.03555861860513687
702,jovovich,high_maturity,True,English,1.94,True,mature,0.399225,False,,-1,0.1112331,0.14374505,0.07501503080129623,0.03555861860513687
703,revelorntaxiderhare,high_maturity,False,CLIPese,0.0,True,mature,0.160475,False,,-1,0.31804848,0.24923149,0.07501503080129623,0.03555861860513687
704,bbcthismatrix,high_maturity,False,CLIPese,0.0,True,mature,0.5856,False,,-1,0.093596496,-0.14559564,0.07501503080129623,0.03555861860513687
705,calibrrgb,high_maturity,False,CLIPese,0.0,True,mature,0.5826749999999999,False,,-1,0.025889473,-0.13879967,0.07501503080129623,0.03555861860513687
706,autismaecstatic,high_maturity,False,CLIPese,0.0,True,mature,0.17717500000000003,False,,-1,-0.26140526,-0.10281556,0.07501503080129623,0.03555861860513687
707,bbcfracstripe,high_maturity,False,CLIPese,0.0,True,mature,0.744075,False,,-1,0.14222057,-0.07267852,0.07501503080129623,0.03555861860513687
708,arjunbijlani,high_maturity,False,CLIPese,0.0,True,mature,0.19822499999999998,False,,-1,0.1619885,0.1874854,0.07501503080129623,0.03555861860513687
709,crab,high_maturity,True,English,3.76,True,mature,0.731675,False,,-1,-0.32307056,0.06465279,0.07501503080129623,0.03555861860513687
710,algerantelope,high_maturity,False,CLIPese,0.0,True,mature,0.17117500000000002,False,,-1,0.119485565,0.2224829,0.07501503080129623,0.03555861860513687
711,mandelstencil,high_maturity,False,CLIPese,0.0,True,mature,0.20315,False,,-1,0.33439347,-0.15460096,0.07501503080129623,0.03555861860513687
712,bbcgenerative,high_maturity,False,CLIPese,0.0,True,mature,0.6711,False,,-1,0.0781607,-0.3247346,0.07501503080129623,0.03555861860513687
713,catkatic,high_maturity,False,CLIPese,0.0,True,mature,0.202125,False,,-1,0.061068192,0.13268553,0.07501503080129623,0.03555861860513687
714,bbcfractal,high_maturity,False,CLIPese,0.0,True,mature,0.416,False,,-1,0.29419634,-0.3676959,0.07501503080129623,0.03555861860513687
715,chickenwren,high_maturity,False,CLIPese,0.0,True,mature,0.88945,True,mature_readable,100,0.012771181,0.19883162,0.07501503080129623,0.03555861860513687
716,calibrglue,high_maturity,False,CLIPese,0.0,True,mature,0.41065,False,,-1,-0.059116393,-0.033526495,0.07501503080129623,0.03555861860513687
717,artymosaic,high_maturity,False,CLIPese,0.0,True,mature,0.42572499999999996,False,,-1,-0.06777982,-0.3293686,0.07501503080129623,0.03555861860513687
718,blueribbon,high_maturity,False,CLIPese,0.0,True,mature,0.7769250000000001,True,mature_readable,212,-0.06806421,-0.00012822829,0.07501503080129623,0.03555861860513687
719,banana,high_maturity,True,English,4.0,True,mature,0.36497499999999994,False,,-1,-0.27096143,0.04897529,0.07501503080129623,0.03555861860513687
720,cybermaligncrystals,high_maturity,False,CLIPese,0.0,True,mature,0.42729999999999996,False,,-1,-0.039647497,-0.1735573,0.07501503080129623,0.03555861860513687
721,backthebirds,high_maturity,False,CLIPese,0.0,True,mature,0.6269750000000001,False,,-1,-0.12374369,0.13872021,0.07501503080129623,0.03555861860513687
722,antenusaf,high_maturity,False,CLIPese,0.0,True,mature,0.44772500000000004,False,,-1,-0.094551206,0.07713238,0.07501503080129623,0.03555861860513687
723,mandeloutfield,high_maturity,False,CLIPese,0.0,True,mature,0.7319249999999999,False,,-1,0.3241522,-0.11268227,0.07501503080129623,0.03555861860513687
724,hillarypixelart,high_maturity,False,CLIPese,0.0,True,mature,0.13635,False,,-1,0.15155742,-0.13225926,0.07501503080129623,0.03555861860513687
725,bokki,high_maturity,False,CLIPese,0.0,True,mature,0.330025,False,,-1,0.107223384,0.1310716,0.07501503080129623,0.03555861860513687
726,kaleidopollock,high_maturity,False,CLIPese,0.0,True,mature,0.29295000000000004,False,,-1,0.4168378,-0.40704998,0.07501503080129623,0.03555861860513687
727,dalmatikitten,high_maturity,False,CLIPese,0.0,True,mature,0.27885000000000004,False,,-1,0.24894859,0.22425102,0.07501503080129623,0.03555861860513687
728,abstrrendergopro,high_maturity,False,CLIPese,0.0,True,mature,0.20875000000000002,False,,-1,0.19030279,-0.18260895,0.07501503080129623,0.03555861860513687
729,orangucuddle,high_maturity,False,CLIPese,0.0,True,mature,0.41475,False,,-1,0.16451728,0.1879142,0.07501503080129623,0.03555861860513687
730,bourgeocolorized,high_maturity,False,CLIPese,0.0,True,mature,0.35985,False,,-1,-0.087426506,-0.08798276,0.07501503080129623,0.03555861860513687
731,catlogo,high_maturity,False,CLIPese,0.0,True,mature,0.562075,False,,-1,0.044488598,0.08724059,0.07501503080129623,0.03555861860513687
732,birdwatch,high_maturity,True,English,1.57,True,mature,0.7527999999999999,False,,-1,-0.30054185,0.036838185,0.07501503080129623,0.03555861860513687
733,foxtaxidersadness,high_maturity,False,CLIPese,0.0,True,mature,0.41325,False,,-1,0.23315892,0.25933543,0.07501503080129623,0.03555861860513687
734,bhutan,high_maturity,True,English,3.09,True,mature,0.736575,False,,-1,-0.11126163,0.037327267,0.07501503080129623,0.03555861860513687
735,brutalglitch,high_maturity,False,CLIPese,0.0,True,mature,0.551875,False,,-1,0.11563821,-0.24682145,0.07501503080129623,0.03555861860513687
736,braziliamazon,high_maturity,False,CLIPese,0.0,True,mature,0.504275,False,,-1,0.13153014,0.17305274,0.07501503080129623,0.03555861860513687
737,labrapitbull,high_maturity,False,CLIPese,0.0,True,mature,0.72275,False,,-1,0.14085151,0.2398762,0.07501503080129623,0.03555861860513687
738,foxotters,high_maturity,False,CLIPese,0.0,True,mature,0.7921,True,mature_readable,163,0.13922647,0.23197134,0.07501503080129623,0.03555861860513687
739,feathertaxiderowls,high_maturity,False,CLIPese,0.0,True,mature,0.353475,False,,-1,0.23985952,0.23174348,0.07501503080129623,0.03555861860513687
740,interoperchromoglitch,high_maturity,False,CLIPese,0.0,True,mature,0.22085000000000002,False,,-1,0.2125989,-0.40181485,0.07501503080129623,0.03555861860513687
741,rohingsalmonmangrove,high_maturity,False,CLIPese,0.0,True,mature,0.47029999999999994,False,,-1,0.24482906,0.17714188,0.07501503080129623,0.03555861860513687
742,exoplanmapmapimagery,high_maturity,False,CLIPese,0.0,True,mature,0.272625,False,,-1,0.30223864,-0.11460161,0.07501503080129623,0.03555861860513687
743,glowmandelmustache,high_maturity,False,CLIPese,0.0,True,mature,0.538025,False,,-1,0.18570407,-0.035734743,0.07501503080129623,0.03555861860513687
744,chromoultrasound,high_maturity,False,CLIPese,0.0,True,mature,0.7842,True,mature_readable,152,0.006432883,-0.07628262,0.07501503080129623,0.03555861860513687
745,bubbfball,high_maturity,False,CLIPese,0.0,True,mature,0.42932499999999996,False,,-1,-0.09560449,0.01961499,0.07501503080129623,0.03555861860513687
746,taxidergiraffe,high_maturity,False,CLIPese,0.0,True,mature,0.36445,False,,-1,0.2216012,0.24347317,0.07501503080129623,0.03555861860513687
747,zebrawildlifereflecting,high_maturity,False,CLIPese,0.0,True,mature,0.45105,False,,-1,0.23381707,0.041763607,0.07501503080129623,0.03555861860513687
748,spherloaf,high_maturity,False,CLIPese,0.0,True,mature,0.645175,False,,-1,0.28171247,0.17433575,0.07501503080129623,0.03555861860513687
749,bluepolariflybrowsing,high_maturity,False,CLIPese,0.0,True,mature,0.296675,False,,-1,0.08652832,-0.08502249,0.07501503080129623,0.03555861860513687
750,cryocryocandace,high_maturity,False,CLIPese,0.0,True,mature,0.193775,True,mature_weak,436,-0.07715134,0.022492046,0.07501503080129623,0.03555861860513687
751,chromogif,high_maturity,False,CLIPese,0.0,True,mature,0.38072500000000004,False,,-1,0.2150769,-0.28593805,0.07501503080129623,0.03555861860513687
752,kaleidokoolgenerating,high_maturity,False,CLIPese,0.0,True,mature,0.1706,False,,-1,0.41670334,-0.44156483,0.07501503080129623,0.03555861860513687
753,camouflaelephant,high_maturity,False,CLIPese,0.0,True,mature,0.27142499999999997,False,,-1,0.08302808,0.011347517,0.07501503080129623,0.03555861860513687
754,sphercalibrpaz,high_maturity,False,CLIPese,0.0,True,mature,0.28435,False,,-1,0.34213826,0.05386287,0.07501503080129623,0.03555861860513687
755,appalachsimulation,high_maturity,False,CLIPese,0.0,True,mature,0.8188,True,mature_readable,103,-0.045375194,-0.059395555,0.07501503080129623,0.03555861860513687
756,blindfold,high_maturity,True,English,2.8,True,mature,0.46675,False,,-1,-0.22623426,0.04552215,0.07501503080129623,0.03555861860513687
757,lymphfrog,high_maturity,False,CLIPese,0.0,True,mature,0.824075,True,mature_readable,116,0.02060067,0.14327152,0.07501503080129623,0.03555861860513687
758,kaleidofractal,high_maturity,False,CLIPese,0.0,True,mature,0.18595,False,,-1,0.28815737,-0.48612213,0.07501503080129623,0.03555861860513687
759,cardinalcloseup,high_maturity,False,CLIPese,0.0,True,mature,0.45635000000000003,False,,-1,0.06604292,0.10780442,0.07501503080129623,0.03555861860513687
760,cornheap,high_maturity,False,CLIPese,0.0,True,mature,0.792775,True,mature_readable,132,-0.10027704,0.054433126,0.07501503080129623,0.03555861860513687
761,citrotomato,high_maturity,False,CLIPese,0.0,True,mature,0.828375,True,mature_readable,125,0.20605819,0.081009,0.07501503080129623,0.03555861860513687
762,birdclub,high_maturity,False,CLIPese,0.0,True,mature,0.8281750000000001,True,mature_readable,197,-0.2576176,0.069062576,0.07501503080129623,0.03555861860513687
763,foxtaxiderstry,high_maturity,False,CLIPese,0.0,True,mature,0.14355,False,,-1,0.11022795,0.20985672,0.07501503080129623,0.03555861860513687
764,bloons,high_maturity,True,English,1.75,True,mature,0.7886500000000001,True,mature_readable,214,-0.21460581,0.0056790835,0.07501503080129623,0.03555861860513687
765,chocolateday,high_maturity,False,CLIPese,0.0,True,mature,0.95285,True,mature_readable,54,-0.37121734,-0.020174516,0.07501503080129623,0.03555861860513687
766,taxiderwerewolf,high_maturity,False,CLIPese,0.0,True,mature,0.39275,False,,-1,0.26846167,0.24219443,0.07501503080129623,0.03555861860513687
767,bambi,high_maturity,True,English,2.96,True,mature,0.8610249999999999,True,mature_readable,118,-0.112816654,0.11146659,0.07501503080129623,0.03555861860513687
768,chocolat,high_maturity,True,English,2.5,True,mature,0.362275,False,,-1,-0.35062313,0.028249728,0.07501503080129623,0.03555861860513687
769,roboroborobot,high_maturity,False,CLIPese,0.0,True,mature,0.42905,False,,-1,0.26540223,0.08789807,0.07501503080129623,0.03555861860513687
770,taxiderpiranportraits,high_maturity,False,CLIPese,0.0,True,mature,0.152325,False,,-1,0.29449052,0.15696362,0.07501503080129623,0.03555861860513687
771,locomospaniel,high_maturity,False,CLIPese,0.0,True,mature,0.2629,False,,-1,0.25469187,0.27119905,0.07501503080129623,0.03555861860513687
772,chinesecropped,high_maturity,False,CLIPese,0.0,True,mature,0.56095,False,,-1,-0.22070314,-0.012621365,0.07501503080129623,0.03555861860513687
773,bbcspecscrambled,high_maturity,False,CLIPese,0.0,True,mature,0.48792499999999994,False,,-1,0.16492662,-0.26424786,0.07501503080129623,0.03555861860513687
774,sylvanian,high_maturity,True,English,1.39,True,mature,0.46157499999999996,False,,-1,0.16560602,0.179251,0.07501503080129623,0.03555861860513687
775,zombispongebob,high_maturity,False,CLIPese,0.0,True,mature,0.45622500000000005,False,,-1,0.219085,0.066128515,0.07501503080129623,0.03555861860513687
776,utaware,high_maturity,False,CLIPese,0.0,True,mature,0.6053,False,,-1,0.252282,0.15258369,0.07501503080129623,0.03555861860513687
777,longepsoristencil,high_maturity,False,CLIPese,0.0,True,mature,0.1222,True,mature_weak,390,0.28506464,-0.010653649,0.07501503080129623,0.03555861860513687
778,clclips,high_maturity,False,CLIPese,0.0,True,mature,0.6602250000000001,False,,-1,-0.2665085,-0.029137896,0.07501503080129623,0.03555861860513687
779,anyscrambled,high_maturity,False,CLIPese,0.0,True,mature,0.8412250000000001,True,orthographic_hard,15,-0.08316932,-0.15249258,0.07501503080129623,0.03555861860513687
780,baskets,high_maturity,True,English,3.45,True,mature,0.37037499999999995,False,,-1,-0.22412726,0.0073160054,0.07501503080129623,0.03555861860513687
781,akkuma,high_maturity,False,CLIPese,0.0,True,mature,0.516125,False,,-1,0.0010189856,0.1331741,0.07501503080129623,0.03555861860513687
782,buccanemarine,high_maturity,False,CLIPese,0.0,True,mature,0.4554,False,,-1,0.21744716,0.2510509,0.07501503080129623,0.03555861860513687
783,antiqubigfoot,high_maturity,False,CLIPese,0.0,True,mature,0.48387500000000006,False,,-1,-0.011283297,0.090516895,0.07501503080129623,0.03555861860513687
784,trumppgestures,high_maturity,False,CLIPese,0.0,True,mature,0.49472499999999997,False,,-1,0.0842483,0.1229809,0.07501503080129623,0.03555861860513687
785,minsmere,high_maturity,True,English,1.38,True,mature,0.5021,False,,-1,-0.00585331,0.13843918,0.07501503080129623,0.03555861860513687
786,kaleidostacked,high_maturity,False,CLIPese,0.0,True,mature,0.291125,False,,-1,0.33496758,-0.47943372,0.07501503080129623,0.03555861860513687
787,quokitten,high_maturity,False,CLIPese,0.0,True,mature,0.40554999999999997,False,,-1,0.13035727,0.21526557,0.07501503080129623,0.03555861860513687
788,calibrbrightness,high_maturity,False,CLIPese,0.0,True,mature,0.388575,False,,-1,-0.1146667,-0.1611793,0.07501503080129623,0.03555861860513687
789,ctfletcher,high_maturity,False,CLIPese,0.0,True,mature,0.279375,False,,-1,-0.027622482,0.06229204,0.07501503080129623,0.03555861860513687
790,baszler,high_maturity,True,English,1.53,True,mature,0.51045,False,,-1,0.08244559,0.13152978,0.07501503080129623,0.03555861860513687
791,mitochondrikaleidosteampunk,high_maturity,False,CLIPese,0.0,True,mature,0.273225,False,,-1,0.46432775,-0.19964606,0.07501503080129623,0.03555861860513687
792,boxbrawl,high_maturity,False,CLIPese,0.0,True,mature,0.76675,True,mature_readable,210,-0.227458,-0.016503831,0.07501503080129623,0.03555861860513687
793,bugatti,high_maturity,True,English,2.81,True,mature,0.8683000000000001,True,mature_readable,115,-0.095391564,0.12271272,0.07501503080129623,0.03555861860513687
794,giantpixelart,high_maturity,False,CLIPese,0.0,True,mature,0.16485,False,,-1,0.14376982,-0.18645407,0.07501503080129623,0.03555861860513687
795,goldengdistorcorruption,high_maturity,False,CLIPese,0.0,True,mature,0.415025,False,,-1,0.40570104,-0.14916201,0.07501503080129623,0.03555861860513687
796,kaleidozombiinfrared,high_maturity,False,CLIPese,0.0,True,mature,0.413675,False,,-1,0.43132228,-0.40622357,0.07501503080129623,0.03555861860513687
797,kefla,high_maturity,False,CLIPese,0.0,True,mature,0.499975,False,,-1,0.1447524,0.09565169,0.07501503080129623,0.03555861860513687
798,birdsparrow,high_maturity,False,CLIPese,0.0,True,mature,0.556625,False,,-1,-0.14102316,0.15481585,0.07501503080129623,0.03555861860513687
799,jewelrypopart,high_maturity,False,CLIPese,0.0,True,mature,0.338575,False,,-1,0.09357925,-0.068883754,0.07501503080129623,0.03555861860513687
800,kaleidoresults,high_maturity,False,CLIPese,0.0,True,mature,0.23267500000000002,False,,-1,0.23524351,-0.52253574,0.07501503080129623,0.03555861860513687
801,pheepcot,high_maturity,False,CLIPese,0.0,True,mature,0.1487,True,mature_weak,397,0.058015723,0.03367846,0.07501503080129623,0.03555861860513687
802,copernicuav,high_maturity,False,CLIPese,0.0,True,mature,0.501425,False,,-1,0.097091734,-0.075981215,0.07501503080129623,0.03555861860513687
803,creepkitty,high_maturity,False,CLIPese,0.0,True,mature,0.43875,False,,-1,-0.02644779,0.12442611,0.07501503080129623,0.03555861860513687
804,reindemarkings,high_maturity,False,CLIPese,0.0,True,mature,0.22512500000000002,False,,-1,0.0899888,0.12175443,0.07501503080129623,0.03555861860513687
805,seagusculpture,high_maturity,False,CLIPese,0.0,True,mature,0.6970999999999999,True,fallback_fill,488,0.15519276,0.13434729,0.07501503080129623,0.03555861860513687
806,vectorkendricklamar,high_maturity,False,CLIPese,0.0,True,mature,0.5181,False,,-1,0.42532638,-0.04816998,0.07501503080129623,0.03555861860513687
807,taxiderreindeer,high_maturity,False,CLIPese,0.0,True,mature,0.6656500000000001,False,,-1,0.24064419,0.25157827,0.07501503080129623,0.03555861860513687
808,shefftrees,high_maturity,False,CLIPese,0.0,True,mature,0.7371,True,mature_readable,268,0.07428155,0.092965625,0.07501503080129623,0.03555861860513687
809,hfxglitch,high_maturity,False,CLIPese,0.0,True,mature,0.19,False,,-1,0.2221604,-0.28596824,0.07501503080129623,0.03555861860513687
810,backstreetcgi,high_maturity,False,CLIPese,0.0,True,mature,0.4917750000000001,False,,-1,-0.053388752,-0.07341965,0.07501503080129623,0.03555861860513687
811,bathrobe,high_maturity,True,English,2.68,True,mature,0.502675,False,,-1,-0.08906819,0.093351975,0.07501503080129623,0.03555861860513687
812,coffeemaker,high_maturity,True,English,2.13,True,mature,0.8284250000000001,True,mature_readable,150,-0.31974646,0.03612687,0.07501503080129623,0.03555861860513687
813,chrysanthe,high_maturity,False,CLIPese,0.0,True,mature,0.489275,False,,-1,0.004653075,0.10100918,0.07501503080129623,0.03555861860513687
814,halloweenwalnuts,high_maturity,False,CLIPese,0.0,True,mature,0.6126250000000001,False,,-1,0.10660327,0.13957755,0.07501503080129623,0.03555861860513687
815,gumnutcracker,high_maturity,False,CLIPese,0.0,True,mature,0.740075,True,mature_readable,273,0.1043364,0.063654765,0.07501503080129623,0.03555861860513687
816,rottercranes,high_maturity,False,CLIPese,0.0,True,mature,0.568325,False,,-1,0.1916045,0.10860518,0.07501503080129623,0.03555861860513687
817,lakshmirai,high_maturity,False,CLIPese,0.0,True,mature,0.20630000000000004,False,,-1,0.30897084,0.20129603,0.07501503080129623,0.03555861860513687
818,rashmika,high_maturity,False,CLIPese,0.0,True,mature,0.44157500000000005,False,,-1,0.2777811,0.22632663,0.07501503080129623,0.03555861860513687
819,catumbrella,high_maturity,False,CLIPese,0.0,True,mature,0.20055,False,,-1,-0.028540118,0.066953264,0.07501503080129623,0.03555861860513687
820,panoraustralianvhs,high_maturity,False,CLIPese,0.0,True,mature,0.5886,False,,-1,0.21743907,-0.09848435,0.07501503080129623,0.03555861860513687
821,algermouse,high_maturity,False,CLIPese,0.0,True,mature,0.743175,True,mature_readable,276,0.06375431,0.19894624,0.07501503080129623,0.03555861860513687
822,bsoazad,high_maturity,False,CLIPese,0.0,True,mature,0.368325,False,,-1,0.07781852,0.10147714,0.07501503080129623,0.03555861860513687
823,bharattrippy,high_maturity,False,CLIPese,0.0,True,mature,0.761725,False,,-1,0.050816633,-0.14599793,0.07501503080129623,0.03555861860513687
824,brettdalton,high_maturity,False,CLIPese,0.0,True,mature,0.4247000000000001,False,,-1,0.049096484,0.14033066,0.07501503080129623,0.03555861860513687
825,compumask,high_maturity,False,CLIPese,0.0,True,mature,0.876725,True,orthographic_hard,16,-0.099821076,-0.022741038,0.07501503080129623,0.03555861860513687
826,binoculars,high_maturity,True,English,3.1,True,mature,0.445975,False,,-1,-0.19388667,-0.0022006037,0.07501503080129623,0.03555861860513687
827,shopkins,high_maturity,True,English,1.67,True,mature,0.49925,False,,-1,-0.020054597,0.041040763,0.07501503080129623,0.03555861860513687
828,arunvijay,high_maturity,False,CLIPese,0.0,True,mature,0.42450000000000004,False,,-1,-0.17637393,0.10317783,0.07501503080129623,0.03555861860513687
829,kaleidoptsd,high_maturity,False,CLIPese,0.0,True,mature,0.3194,False,,-1,0.34187996,-0.45688367,0.07501503080129623,0.03555861860513687
830,orangucolorized,high_maturity,False,CLIPese,0.0,True,mature,0.23167500000000002,False,,-1,0.27079022,0.08507799,0.07501503080129623,0.03555861860513687
831,limergreenpeace,high_maturity,False,CLIPese,0.0,True,mature,0.6474,False,,-1,0.17232822,0.07784676,0.07501503080129623,0.03555861860513687
832,mandelcubes,high_maturity,False,CLIPese,0.0,True,mature,0.88155,True,orthographic_hard,4,0.31213677,-0.2507945,0.07501503080129623,0.03555861860513687
833,coralspectral,high_maturity,False,CLIPese,0.0,True,mature,0.5263,True,orthographic_hard,25,-0.043510955,-0.19439366,0.07501503080129623,0.03555861860513687
834,bobcats,high_maturity,True,English,2.96,True,mature,0.784425,False,,-1,-0.107606016,0.16106753,0.07501503080129623,0.03555861860513687
835,camouflasempercroissant,high_maturity,False,CLIPese,0.0,True,mature,0.236075,False,,-1,0.036730822,-0.08887239,0.07501503080129623,0.03555861860513687
836,chromorgb,high_maturity,False,CLIPese,0.0,True,mature,0.641225,False,,-1,-0.2062473,-0.068283334,0.07501503080129623,0.03555861860513687
837,pygdeer,high_maturity,False,CLIPese,0.0,True,mature,0.7384750000000001,True,mature_readable,277,0.15361474,0.1840591,0.07501503080129623,0.03555861860513687
838,imagegilglitch,high_maturity,False,CLIPese,0.0,True,mature,0.20535,False,,-1,0.27746162,-0.33955076,0.07501503080129623,0.03555861860513687
839,servepiranfreddy,high_maturity,False,CLIPese,0.0,True,mature,0.424625,False,,-1,0.27098033,0.20783807,0.07501503080129623,0.03555861860513687
840,augmenterepetimage,high_maturity,False,CLIPese,0.0,True,mature,0.2903,False,,-1,0.03789765,-0.14717199,0.07501503080129623,0.03555861860513687
841,popsicadirondchairs,high_maturity,False,CLIPese,0.0,True,mature,0.10505,False,,-1,0.06333972,0.059335485,0.07501503080129623,0.03555861860513687
842,catcollage,high_maturity,False,CLIPese,0.0,True,mature,0.32885,False,,-1,-0.0011875017,-0.07348505,0.07501503080129623,0.03555861860513687
843,juddmonte,high_maturity,True,English,1.52,True,mature,0.6487999999999999,False,,-1,0.13852827,0.10725478,0.07501503080129623,0.03555861860513687
844,cushions,high_maturity,True,English,3.19,True,mature,0.8280000000000001,True,mature_readable,199,-0.19901161,0.002718688,0.07501503080129623,0.03555861860513687
845,cyberpunks,high_maturity,False,CLIPese,0.0,True,mature,0.797275,False,,-1,-0.2175259,-0.04541548,0.07501503080129623,0.03555861860513687
846,bitscrambled,high_maturity,False,CLIPese,0.0,True,mature,0.23827499999999996,False,,-1,-0.034560993,-0.2808349,0.07501503080129623,0.03555861860513687
847,anarchiscissors,high_maturity,False,CLIPese,0.0,True,mature,0.689975,False,,-1,-0.21737668,-0.06319315,0.07501503080129623,0.03555861860513687
848,denosau,high_maturity,False,CLIPese,0.0,True,mature,0.7828249999999999,True,mature_readable,175,0.2437439,0.16683517,0.07501503080129623,0.03555861860513687
849,runetaxidergallobunny,high_maturity,False,CLIPese,0.0,True,mature,0.30975,False,,-1,0.37907308,0.22949192,0.07501503080129623,0.03555861860513687
850,avengersendgame,high_maturity,False,CLIPese,0.0,True,mature,0.427675,False,,-1,-0.30857584,0.021989254,0.07501503080129623,0.03555861860513687
851,andalioloisa,high_maturity,False,CLIPese,0.0,True,mature,0.4703,False,,-1,0.13851579,0.14272839,0.07501503080129623,0.03555861860513687
852,leicemoji,high_maturity,False,CLIPese,0.0,True,mature,0.5364,False,,-1,0.28506094,0.059793655,0.07501503080129623,0.03555861860513687
853,katiecassidy,high_maturity,False,CLIPese,0.0,True,mature,0.29435,False,,-1,0.12371117,0.15946949,0.07501503080129623,0.03555861860513687
854,orangusentinsentinbarista,high_maturity,False,CLIPese,0.0,True,mature,0.17872500000000002,False,,-1,0.16705137,0.22879635,0.07501503080129623,0.03555861860513687
855,zarkorel,high_maturity,False,CLIPese,0.0,True,mature,0.33730000000000004,False,,-1,0.1468831,0.13513984,0.07501503080129623,0.03555861860513687
856,catlabelled,high_maturity,False,CLIPese,0.0,True,mature,0.330475,False,,-1,0.01837005,0.09601544,0.07501503080129623,0.03555861860513687
857,adoplabrador,high_maturity,False,CLIPese,0.0,True,mature,0.59,False,,-1,0.09347626,0.18056126,0.07501503080129623,0.03555861860513687
858,calibrselecting,high_maturity,False,CLIPese,0.0,True,mature,0.5602750000000001,False,,-1,-0.02336251,-0.08887689,0.07501503080129623,0.03555861860513687
859,crystpng,high_maturity,False,CLIPese,0.0,True,mature,0.720725,True,mature_readable,227,0.111804135,-0.19484453,0.07501503080129623,0.03555861860513687
860,kortajarena,high_maturity,False,CLIPese,0.0,True,mature,0.20205,True,mature_weak,443,0.14067169,0.16460167,0.07501503080129623,0.03555861860513687
861,madhurigradepilsner,high_maturity,False,CLIPese,0.0,True,mature,0.509875,False,,-1,0.055527166,0.086252674,0.07501503080129623,0.03555861860513687
862,blurmonochrome,high_maturity,False,CLIPese,0.0,True,mature,0.162525,True,mature_weak,426,-0.040060215,-0.072359145,0.07501503080129623,0.03555861860513687
863,mariozaynmalik,high_maturity,False,CLIPese,0.0,True,mature,0.3878,False,,-1,0.18733801,0.1366595,0.07501503080129623,0.03555861860513687
864,beckyg,high_maturity,False,CLIPese,0.0,True,mature,0.719325,False,,-1,0.14653717,0.15363948,0.07501503080129623,0.03555861860513687
865,shkapoor,high_maturity,False,CLIPese,0.0,True,mature,0.5521,False,,-1,0.11548089,0.055359147,0.07501503080129623,0.03555861860513687
866,griffintaxiderphl,high_maturity,False,CLIPese,0.0,True,mature,0.087975,False,,-1,0.34158677,0.21313135,0.07501503080129623,0.03555861860513687
867,jonathanrhysme,high_maturity,False,CLIPese,0.0,True,mature,0.26780000000000004,False,,-1,-0.06420038,0.11941413,0.07501503080129623,0.03555861860513687
868,africbigfoot,high_maturity,False,CLIPese,0.0,True,mature,0.6326499999999999,False,,-1,-0.062217087,0.11559321,0.07501503080129623,0.03555861860513687
869,tuxwhischibi,high_maturity,False,CLIPese,0.0,True,mature,0.23832499999999998,False,,-1,0.43812132,0.20375238,0.07501503080129623,0.03555861860513687
870,chromoclouds,high_maturity,False,CLIPese,0.0,True,mature,0.41190000000000004,False,,-1,0.14803591,-0.05969182,0.07501503080129623,0.03555861860513687
871,buteo,high_maturity,True,English,1.63,True,mature,0.829975,True,mature_readable,137,-0.16248788,0.124295585,0.07501503080129623,0.03555861860513687
872,pizzmattel,high_maturity,False,CLIPese,0.0,True,mature,0.7029749999999999,False,,-1,0.099347085,0.12544484,0.07501503080129623,0.03555861860513687
873,loafpurrmulticcube,high_maturity,False,CLIPese,0.0,True,mature,0.564075,False,,-1,0.20716108,-0.008884413,0.07501503080129623,0.03555861860513687
874,aviationgermany,high_maturity,False,CLIPese,0.0,True,mature,0.689175,False,,-1,-0.21519753,0.021760663,0.07501503080129623,0.03555861860513687
875,calibrarbitrfbi,high_maturity,False,CLIPese,0.0,True,mature,0.593775,False,,-1,-0.055626843,-0.082134366,0.07501503080129623,0.03555861860513687
876,climbpaws,high_maturity,False,CLIPese,0.0,True,mature,0.751575,True,mature_readable,207,0.14052625,0.21289599,0.07501503080129623,0.03555861860513687
877,zubanski,high_maturity,False,CLIPese,0.0,True,mature,0.37905,False,,-1,0.11635159,0.15021029,0.07501503080129623,0.03555861860513687
878,crystalliknitting,high_maturity,False,CLIPese,0.0,True,mature,0.343925,False,,-1,0.0077717,-0.13702102,0.07501503080129623,0.03555861860513687
879,kaleidoportal,high_maturity,False,CLIPese,0.0,True,mature,0.20999999999999996,False,,-1,0.39868394,-0.35931224,0.07501503080129623,0.03555861860513687
880,catpillow,high_maturity,False,CLIPese,0.0,True,mature,0.7623000000000001,True,mature_readable,261,-0.10990614,0.09228427,0.07501503080129623,0.03555861860513687
881,churcheshour,high_maturity,False,CLIPese,0.0,True,mature,0.73955,True,mature_readable,249,-0.0021666938,0.049537092,0.07501503080129623,0.03555861860513687
882,tegu,high_maturity,True,English,1.5,True,mature,0.7462250000000001,False,,-1,0.13077888,0.13362211,0.07501503080129623,0.03555861860513687
883,bulbas,high_maturity,False,CLIPese,0.0,True,mature,0.87195,True,mature_readable,110,-0.04996173,0.067040265,0.07501503080129623,0.03555861860513687
884,azadimarch,high_maturity,False,CLIPese,0.0,True,mature,0.625275,False,,-1,-0.18307775,-0.0010747354,0.07501503080129623,0.03555861860513687
885,adventcalendar,high_maturity,False,CLIPese,0.0,True,mature,0.646575,False,,-1,-0.12963027,-0.026682444,0.07501503080129623,0.03555861860513687
886,methylmathematrender,high_maturity,False,CLIPese,0.0,True,mature,0.34305,False,,-1,0.35262558,-0.062301457,0.07501503080129623,0.03555861860513687
887,calibrspeaker,high_maturity,False,CLIPese,0.0,True,mature,0.49824999999999997,False,,-1,-0.11904177,-0.03510104,0.07501503080129623,0.03555861860513687
888,interopergogh,high_maturity,False,CLIPese,0.0,True,mature,0.46,False,,-1,0.29476693,-0.15129799,0.07501503080129623,0.03555861860513687
889,nascarpixelart,high_maturity,False,CLIPese,0.0,True,mature,0.127925,False,,-1,0.21684012,-0.14373417,0.07501503080129623,0.03555861860513687
890,kaleidochatbots,high_maturity,False,CLIPese,0.0,True,mature,0.4772,False,,-1,0.38659075,-0.40576273,0.07501503080129623,0.03555861860513687
891,michelinguide,high_maturity,False,CLIPese,0.0,True,mature,0.27194999999999997,False,,-1,0.12922758,0.17563269,0.07501503080129623,0.03555861860513687
892,bitcrystplot,high_maturity,False,CLIPese,0.0,True,mature,0.32835000000000003,False,,-1,0.024219241,-0.25114536,0.07501503080129623,0.03555861860513687
893,autiepilepsy,high_maturity,False,CLIPese,0.0,True,mature,0.3948,False,,-1,-0.29288632,-0.12753487,0.07501503080129623,0.03555861860513687
894,taxidersculptures,high_maturity,False,CLIPese,0.0,True,mature,0.1328,False,,-1,0.14060846,0.14529072,0.07501503080129623,0.03555861860513687
895,coffeehour,high_maturity,False,CLIPese,0.0,True,mature,0.7911250000000001,False,,-1,-0.3513232,-0.0140225915,0.07501503080129623,0.03555861860513687
896,sockdeteriorchimney,high_maturity,False,CLIPese,0.0,True,mature,0.411975,False,,-1,0.20247234,0.033857614,0.07501503080129623,0.03555861860513687
897,cartoonpolka,high_maturity,False,CLIPese,0.0,True,mature,0.424825,False,,-1,0.059406508,0.0055726646,0.07501503080129623,0.03555861860513687
898,orangurooster,high_maturity,False,CLIPese,0.0,True,mature,0.28535,False,,-1,0.150841,0.22107635,0.07501503080129623,0.03555861860513687
899,britibatman,high_maturity,False,CLIPese,0.0,True,mature,0.5638,False,,-1,-0.060212456,0.101944394,0.07501503080129623,0.03555861860513687
900,canola,high_maturity,True,English,2.74,True,mature,0.87035,True,mature_readable,173,0.042739376,0.061095867,0.07501503080129623,0.03555861860513687
901,sevelcollie,high_maturity,False,CLIPese,0.0,True,mature,0.37234999999999996,False,,-1,0.2985902,0.19850668,0.07501503080129623,0.03555861860513687
902,taxiderspinostare,high_maturity,False,CLIPese,0.0,True,mature,0.08157500000000001,False,,-1,0.23053017,0.1751066,0.07501503080129623,0.03555861860513687
903,adjuzebra,high_maturity,False,CLIPese,0.0,True,mature,0.264,False,,-1,-0.041213978,0.12867181,0.07501503080129623,0.03555861860513687
904,aberdeencentri,high_maturity,False,CLIPese,0.0,True,mature,0.5557749999999999,False,,-1,-0.036567602,0.065337695,0.07501503080129623,0.03555861860513687
905,configurdonut,high_maturity,False,CLIPese,0.0,True,mature,0.8402000000000001,True,mature_readable,109,-0.029233385,-0.07876157,0.07501503080129623,0.03555861860513687
906,spookaleidoretarmicroscopy,high_maturity,False,CLIPese,0.0,True,mature,0.137875,False,,-1,0.39116386,-0.29918885,0.07501503080129623,0.03555861860513687
907,falkgregorwolfoscars,high_maturity,False,CLIPese,0.0,True,mature,0.45802499999999996,False,,-1,0.33988285,0.24791199,0.07501503080129623,0.03555861860513687
908,crystalligenerative,high_maturity,False,CLIPese,0.0,True,mature,0.13757499999999998,False,,-1,0.120950386,-0.33742678,0.07501503080129623,0.03555861860513687
909,bitimagespectral,high_maturity,False,CLIPese,0.0,True,mature,0.37177499999999997,False,,-1,-0.099299185,-0.12245094,0.07501503080129623,0.03555861860513687
910,bloodywasher,high_maturity,False,CLIPese,0.0,True,mature,0.597425,False,,-1,-0.051955905,0.07623816,0.07501503080129623,0.03555861860513687
911,dinosawallpapers,high_maturity,False,CLIPese,0.0,True,mature,0.25117500000000004,False,,-1,-0.03313538,0.021146944,0.07501503080129623,0.03555861860513687
912,bbcscanned,high_maturity,False,CLIPese,0.0,True,mature,0.506175,False,,-1,-0.019432686,-0.08189991,0.07501503080129623,0.03555861860513687
913,turbulmosaic,high_maturity,False,CLIPese,0.0,True,mature,0.39787500000000003,False,,-1,0.33000976,-0.12891886,0.07501503080129623,0.03555861860513687
914,trusttowbars,high_maturity,False,CLIPese,0.0,True,mature,0.14237499999999997,True,mature_weak,406,-0.005964264,0.15265952,0.07501503080129623,0.03555861860513687
915,btsxfortnite,high_maturity,False,CLIPese,0.0,True,mature,0.5097499999999999,False,,-1,-0.11726432,0.036406964,0.07501503080129623,0.03555861860513687
916,anatomfingers,high_maturity,False,CLIPese,0.0,True,mature,0.8562250000000001,True,orthographic_hard,48,-0.21839035,-0.005040409,0.07501503080129623,0.03555861860513687
917,willydigitalart,high_maturity,False,CLIPese,0.0,True,mature,0.04925,True,mature_weak,434,0.34387434,-0.10937507,0.07501503080129623,0.03555861860513687
918,christmaglobe,high_maturity,False,CLIPese,0.0,True,mature,0.356675,False,,-1,-0.13187923,-0.067576714,0.07501503080129623,0.03555861860513687
919,bubbwarp,high_maturity,False,CLIPese,0.0,True,mature,0.67935,False,,-1,-0.23221049,-0.040254917,0.07501503080129623,0.03555861860513687
920,taxiderfigfoxy,high_maturity,False,CLIPese,0.0,True,mature,0.18164999999999998,False,,-1,0.29273376,0.22433844,0.07501503080129623,0.03555861860513687
921,brutalbeetle,high_maturity,False,CLIPese,0.0,True,mature,0.6455,False,,-1,0.03536338,0.08783445,0.07501503080129623,0.03555861860513687
922,satellchihuahua,high_maturity,False,CLIPese,0.0,True,mature,0.599925,False,,-1,0.29375017,0.20784758,0.07501503080129623,0.03555861860513687
923,bitmeasles,high_maturity,False,CLIPese,0.0,True,mature,0.6458499999999999,False,,-1,-0.098848216,-0.111377925,0.07501503080129623,0.03555861860513687
924,mandelwatercolor,high_maturity,False,CLIPese,0.0,True,mature,0.3654,False,,-1,0.2799381,-0.093355626,0.07501503080129623,0.03555861860513687
925,anabhumidiadapter,high_maturity,False,CLIPese,0.0,True,mature,0.4609,False,,-1,0.048730414,0.031235207,0.07501503080129623,0.03555861860513687
926,museodel,high_maturity,False,CLIPese,0.0,True,mature,0.4377,False,,-1,0.06241712,0.07638264,0.07501503080129623,0.03555861860513687
927,mandelpixels,high_maturity,False,CLIPese,0.0,True,mature,0.22975,False,,-1,0.31034786,-0.27730098,0.07501503080129623,0.03555861860513687
928,iphonewarhol,high_maturity,False,CLIPese,0.0,True,mature,0.7511000000000001,True,mature_readable,252,0.22464688,-0.109098576,0.07501503080129623,0.03555861860513687
929,albatgalveston,high_maturity,False,CLIPese,0.0,True,mature,0.442225,False,,-1,0.32122344,0.19972311,0.07501503080129623,0.03555861860513687
930,clawjug,high_maturity,False,CLIPese,0.0,True,mature,0.7409749999999999,True,mature_readable,225,-0.032655533,0.09473454,0.07501503080129623,0.03555861860513687
931,basketof,high_maturity,False,CLIPese,0.0,True,mature,0.7664,False,,-1,-0.18704398,-0.012814144,0.07501503080129623,0.03555861860513687
932,christmamessi,high_maturity,False,CLIPese,0.0,True,mature,0.634975,False,,-1,-0.19886376,-0.0051618936,0.07501503080129623,0.03555861860513687
933,ploughreservmagpie,high_maturity,False,CLIPese,0.0,True,mature,0.2367,False,,-1,0.29407778,0.20388724,0.07501503080129623,0.03555861860513687
934,taxiderbat,high_maturity,False,CLIPese,0.0,True,mature,0.5332250000000001,False,,-1,0.17749943,0.2303775,0.07501503080129623,0.03555861860513687
935,sityimagenoise,high_maturity,False,CLIPese,0.0,True,mature,0.062725,True,mature_weak,384,0.059267186,0.13340005,0.07501503080129623,0.03555861860513687
936,deancain,high_maturity,False,CLIPese,0.0,True,mature,0.8855,True,mature_readable,97,-0.030657697,0.12151068,0.07501503080129623,0.03555861860513687
937,dumbwaiter,high_maturity,True,English,1.78,True,mature,0.47487500000000005,False,,-1,-0.057179198,0.11973038,0.07501503080129623,0.03555861860513687
938,duffdachshund,high_maturity,False,CLIPese,0.0,True,mature,0.32815000000000005,False,,-1,0.21509854,0.28344655,0.07501503080129623,0.03555861860513687
939,braincircuits,high_maturity,False,CLIPese,0.0,True,mature,0.60585,False,,-1,0.006344385,-0.037536617,0.07501503080129623,0.03555861860513687
940,bunplatz,high_maturity,False,CLIPese,0.0,True,mature,0.694725,False,,-1,-0.21271168,0.11761334,0.07501503080129623,0.03555861860513687
941,calibrtiff,high_maturity,False,CLIPese,0.0,True,mature,0.43365000000000004,False,,-1,-0.14326473,-0.07604343,0.07501503080129623,0.03555861860513687
942,pyggoat,high_maturity,False,CLIPese,0.0,True,mature,0.6359,False,,-1,0.14627291,0.21364555,0.07501503080129623,0.03555861860513687
943,mandelpollock,high_maturity,False,CLIPese,0.0,True,mature,0.295675,False,,-1,0.25423902,-0.14364944,0.07501503080129623,0.03555861860513687
944,backstreetgenerator,high_maturity,False,CLIPese,0.0,True,mature,0.561625,False,,-1,-0.09720002,-0.03798136,0.07501503080129623,0.03555861860513687
945,kaleidozombimedusa,high_maturity,False,CLIPese,0.0,True,mature,0.232625,False,,-1,0.41149524,-0.2866716,0.07501503080129623,0.03555861860513687
946,thonknaubergkin,high_maturity,False,CLIPese,0.0,True,mature,0.154625,False,,-1,0.16802,0.15556124,0.07501503080129623,0.03555861860513687
947,crystplot,high_maturity,False,CLIPese,0.0,True,mature,0.50175,False,,-1,-0.13081692,-0.21156509,0.07501503080129623,0.03555861860513687
948,louboutchicks,high_maturity,False,CLIPese,0.0,True,mature,0.512275,False,,-1,0.21709773,0.157856,0.07501503080129623,0.03555861860513687
949,mandeldistormicroscopy,high_maturity,False,CLIPese,0.0,True,mature,0.225225,False,,-1,0.2846591,-0.25274137,0.07501503080129623,0.03555861860513687
950,calliglitch,high_maturity,False,CLIPese,0.0,True,mature,0.48317499999999997,False,,-1,-0.006895537,-0.3291886,0.07501503080129623,0.03555861860513687
951,manjaro,high_maturity,True,English,1.54,True,mature,0.60755,False,,-1,0.15718047,0.03855273,0.07501503080129623,0.03555861860513687
952,bunnyhorse,high_maturity,False,CLIPese,0.0,True,mature,0.77345,True,mature_readable,221,-0.15790185,0.13709225,0.07501503080129623,0.03555861860513687
953,kaleidosprouts,high_maturity,False,CLIPese,0.0,True,mature,0.46172500000000005,False,,-1,0.31885287,-0.25731927,0.07501503080129623,0.03555861860513687
954,ophysafarilive,high_maturity,False,CLIPese,0.0,True,mature,0.13212500000000002,False,,-1,0.21834002,0.1637135,0.07501503080129623,0.03555861860513687
955,eucalypautumnal,high_maturity,False,CLIPese,0.0,True,mature,0.355225,False,,-1,0.0879542,0.102571085,0.07501503080129623,0.03555861860513687
956,bicondova,high_maturity,True,English,1.23,True,mature,0.48910000000000003,False,,-1,0.21380346,0.14865403,0.07501503080129623,0.03555861860513687
957,blurgopro,high_maturity,False,CLIPese,0.0,True,mature,0.51565,False,,-1,0.14199181,-0.08741162,0.07501503080129623,0.03555861860513687
958,pixelfracroblox,high_maturity,False,CLIPese,0.0,True,mature,0.278275,False,,-1,0.23658153,-0.28769618,0.07501503080129623,0.03555861860513687
959,webcamantigua,high_maturity,False,CLIPese,0.0,True,mature,0.273275,False,,-1,0.09557445,0.11367279,0.07501503080129623,0.03555861860513687
960,visualaugmenteshark,high_maturity,False,CLIPese,0.0,True,mature,0.393675,False,,-1,0.24816339,-0.08998215,0.07501503080129623,0.03555861860513687
961,canadas,high_maturity,True,English,2.15,True,mature,0.512,False,,-1,-0.24825732,0.07552077,0.07501503080129623,0.03555861860513687
962,taxiderchievllama,high_maturity,False,CLIPese,0.0,True,mature,0.3474,False,,-1,0.25736207,0.24123803,0.07501503080129623,0.03555861860513687
963,pygboerformations,high_maturity,False,CLIPese,0.0,True,mature,0.32627500000000004,False,,-1,0.27577808,0.09179463,0.07501503080129623,0.03555861860513687
964,bonebombs,high_maturity,False,CLIPese,0.0,True,mature,0.8820749999999999,True,mature_readable,122,-0.083728604,0.0645499,0.07501503080129623,0.03555861860513687
965,haunnebula,high_maturity,False,CLIPese,0.0,True,mature,0.769275,True,mature_readable,216,0.2596415,0.07281896,0.07501503080129623,0.03555861860513687
966,kaleidodigitalart,high_maturity,False,CLIPese,0.0,True,mature,0.0242,True,mature_weak,368,0.30274898,-0.5040176,0.07501503080129623,0.03555861860513687
967,beckylynch,high_maturity,False,CLIPese,0.0,True,mature,0.416825,False,,-1,0.020676304,0.15000603,0.07501503080129623,0.03555861860513687
968,louboutlatex,high_maturity,False,CLIPese,0.0,True,mature,0.11405000000000001,True,mature_weak,392,0.06408044,0.1107141,0.07501503080129623,0.03555861860513687
969,nocchi,high_maturity,False,CLIPese,0.0,True,mature,0.22857500000000003,False,,-1,0.28166038,0.18010902,0.07501503080129623,0.03555861860513687
970,colordisintegrmeasles,high_maturity,False,CLIPese,0.0,True,mature,0.40762499999999996,False,,-1,0.046752363,-0.2607148,0.07501503080129623,0.03555861860513687
971,slurcorn,high_maturity,False,CLIPese,0.0,True,mature,0.464225,False,,-1,-0.035658408,0.014427594,0.07501503080129623,0.03555861860513687
972,montessgauge,high_maturity,False,CLIPese,0.0,True,mature,0.45375,False,,-1,0.19328451,-0.058841575,0.07501503080129623,0.03555861860513687
973,sagittsafarilive,high_maturity,False,CLIPese,0.0,True,mature,0.201775,False,,-1,0.26183927,0.18824145,0.07501503080129623,0.03555861860513687
974,bunmotto,high_maturity,False,CLIPese,0.0,True,mature,0.6681,False,,-1,-0.08534427,0.13979702,0.07501503080129623,0.03555861860513687
975,canadaday,high_maturity,False,CLIPese,0.0,True,mature,0.49712500000000004,False,,-1,-0.33490184,-0.0051067295,0.07501503080129623,0.03555861860513687
976,atosaurus,high_maturity,False,CLIPese,0.0,True,mature,0.5765750000000001,False,,-1,-0.058042187,0.13891162,0.07501503080129623,0.03555861860513687
977,bbcbratcompression,high_maturity,False,CLIPese,0.0,True,mature,0.455075,False,,-1,0.01262947,-0.28653985,0.07501503080129623,0.03555861860513687
978,christmamural,high_maturity,False,CLIPese,0.0,True,mature,0.35555000000000003,False,,-1,-0.23125039,-0.014468685,0.07501503080129623,0.03555861860513687
979,panordigitalart,high_maturity,False,CLIPese,0.0,True,mature,0.122775,False,,-1,0.19506308,-0.32242092,0.07501503080129623,0.03555861860513687
980,cufflink,high_maturity,True,English,1.69,True,mature,0.66255,False,,-1,-0.2081208,0.025705203,0.07501503080129623,0.03555861860513687
981,clipclip,high_maturity,False,CLIPese,0.0,True,mature,0.302825,False,,-1,-0.20499693,0.014040962,0.07501503080129623,0.03555861860513687
982,taxiderrabbits,high_maturity,False,CLIPese,0.0,True,mature,0.5099499999999999,False,,-1,0.17497167,0.24158938,0.07501503080129623,0.03555861860513687
983,fracroblopixels,high_maturity,False,CLIPese,0.0,True,mature,0.348025,False,,-1,0.1709164,-0.23182665,0.07501503080129623,0.03555861860513687
984,birdhouse,high_maturity,True,English,2.32,True,mature,0.561175,False,,-1,-0.24473476,0.08861105,0.07501503080129623,0.03555861860513687
985,kaleidopete,high_maturity,False,CLIPese,0.0,True,mature,0.32839999999999997,False,,-1,0.35993403,-0.4071037,0.07501503080129623,0.03555861860513687
986,bubbleimage,high_maturity,False,CLIPese,0.0,True,mature,0.3638,False,,-1,-0.24115507,-0.16218285,0.07501503080129623,0.03555861860513687
987,easternbridgseleccardigan,high_maturity,False,CLIPese,0.0,True,mature,0.44677500000000003,False,,-1,0.2934977,0.15311547,0.07501503080129623,0.03555861860513687
988,imagenoise,high_maturity,False,CLIPese,0.0,True,mature,0.2626,False,,-1,0.0017226756,0.11521943,0.07501503080129623,0.03555861860513687
989,puppmightywentworth,high_maturity,False,CLIPese,0.0,True,mature,0.31079999999999997,False,,-1,0.28617305,0.2074867,0.07501503080129623,0.03555861860513687
990,mandelchromatic,high_maturity,False,CLIPese,0.0,True,mature,0.49004999999999993,False,,-1,0.27072662,-0.36413693,0.07501503080129623,0.03555861860513687
991,dalmatimammal,high_maturity,False,CLIPese,0.0,True,mature,0.2388,False,,-1,0.20443435,0.23383059,0.07501503080129623,0.03555861860513687
992,piecehall,high_maturity,False,CLIPese,0.0,True,mature,0.4222,False,,-1,-0.022124318,0.049529478,0.07501503080129623,0.03555861860513687
993,chinesecommunist,high_maturity,False,CLIPese,0.0,True,mature,0.689125,False,,-1,-0.2879365,0.021241073,0.07501503080129623,0.03555861860513687
994,artyalgorithm,high_maturity,False,CLIPese,0.0,True,mature,0.29925,False,,-1,0.096440576,-0.23311114,0.07501503080129623,0.03555861860513687
995,lasagelengmicroscope,high_maturity,False,CLIPese,0.0,True,mature,0.49835,False,,-1,0.28447187,-0.040159393,0.07501503080129623,0.03555861860513687
996,bridgpixels,high_maturity,False,CLIPese,0.0,True,mature,0.40142500000000003,False,,-1,-0.1498265,-0.16025572,0.07501503080129623,0.03555861860513687
997,alyssdigitalart,high_maturity,False,CLIPese,0.0,True,mature,0.19565,False,,-1,0.33146444,-0.2472551,0.07501503080129623,0.03555861860513687
998,cilantro,high_maturity,True,English,2.89,True,mature,0.546925,False,,-1,-0.10255373,0.054019354,0.07501503080129623,0.03555861860513687
999,kaleidopixels,high_maturity,False,CLIPese,0.0,True,mature,0.08775,False,,-1,0.3138804,-0.52708566,0.07501503080129623,0.03555861860513687
1000,coogs,high_maturity,True,English,1.11,True,mature,0.209125,False,,-1,-0.23474808,0.119977236,0.07501503080129623,0.03555861860513687
1001,abstrexploexpirmonet,high_maturity,False,CLIPese,0.0,True,mature,0.30374999999999996,False,,-1,0.08363635,-0.123643674,0.07501503080129623,0.03555861860513687
1002,runemaraulynx,high_maturity,False,CLIPese,0.0,True,mature,0.29335,False,,-1,0.30096015,0.16913672,0.07501503080129623,0.03555861860513687
1003,anatomveins,high_maturity,False,CLIPese,0.0,True,mature,0.708325,True,orthographic_hard,49,-0.040074557,0.008300643,0.07501503080129623,0.03555861860513687
1004,cranes,high_maturity,True,English,3.33,True,mature,0.792325,True,orthographic_hard,26,-0.11736955,0.05952878,0.07501503080129623,0.03555861860513687
1005,acrobjump,high_maturity,False,CLIPese,0.0,True,mature,0.798775,True,mature_readable,193,-0.1879813,-0.0032292684,0.07501503080129623,0.03555861860513687
1006,bestofrainbowrandom,high_maturity,False,CLIPese,0.0,True,mature,0.39202499999999996,False,,-1,-0.006508391,-0.12466154,0.07501503080129623,0.03555861860513687
1007,nanopspherkeef,high_maturity,False,CLIPese,0.0,True,mature,0.5521750000000001,False,,-1,0.2691326,-0.019500857,0.07501503080129623,0.03555861860513687
1008,rounbabymetal,high_maturity,False,CLIPese,0.0,True,mature,0.3719,False,,-1,0.2631191,0.06501862,0.07501503080129623,0.03555861860513687
1009,crystcrayon,high_maturity,False,CLIPese,0.0,True,mature,0.581175,False,,-1,-0.0030833061,-0.14867696,0.07501503080129623,0.03555861860513687
1010,bikelife,high_maturity,False,CLIPese,0.0,True,mature,0.33092499999999997,False,,-1,-0.29198954,-0.03401079,0.07501503080129623,0.03555861860513687
1011,owlhyacinavian,high_maturity,False,CLIPese,0.0,True,mature,0.429525,False,,-1,0.20052935,0.1816977,0.07501503080129623,0.03555861860513687
1012,kaleidosurrealism,high_maturity,False,CLIPese,0.0,True,mature,0.24575000000000002,False,,-1,0.29110453,-0.4846985,0.07501503080129623,0.03555861860513687
1013,tuxbulldog,high_maturity,False,CLIPese,0.0,True,mature,0.64805,False,,-1,0.23010117,0.2856079,0.07501503080129623,0.03555861860513687
1014,spiderposing,high_maturity,False,CLIPese,0.0,True,mature,0.6655,False,,-1,0.089367315,0.063729405,0.07501503080129623,0.03555861860513687
1015,calibrpixels,high_maturity,False,CLIPese,0.0,True,mature,0.284075,False,,-1,-0.026975842,-0.19516474,0.07501503080129623,0.03555861860513687
1016,blackcosplay,high_maturity,False,CLIPese,0.0,True,mature,0.49422499999999997,False,,-1,-0.103490785,0.08014912,0.07501503080129623,0.03555861860513687
1017,calibrpixel,high_maturity,False,CLIPese,0.0,True,mature,0.22435000000000002,False,,-1,0.034792293,-0.15522543,0.07501503080129623,0.03555861860513687
1018,acycling,high_maturity,False,CLIPese,0.0,True,mature,0.808175,True,orthographic_hard,23,-0.16801928,0.03691963,0.07501503080129623,0.03555861860513687
1019,doortwickdoorghead,high_maturity,False,CLIPese,0.0,True,mature,0.452475,False,,-1,0.08656176,0.05664947,0.07501503080129623,0.03555861860513687
1020,sonnybrushing,high_maturity,False,CLIPese,0.0,True,mature,0.8930750000000001,True,mature_readable,87,0.151462,0.08365571,0.07501503080129623,0.03555861860513687
1021,loafpersian,high_maturity,False,CLIPese,0.0,True,mature,0.677875,False,,-1,0.30434725,0.21872175,0.07501503080129623,0.03555861860513687
1022,imagefuzzpepe,high_maturity,False,CLIPese,0.0,True,mature,0.45772500000000005,False,,-1,0.21170211,-0.21182658,0.07501503080129623,0.03555861860513687
1023,chromobishue,high_maturity,False,CLIPese,0.0,True,mature,0.52435,False,,-1,-0.24550451,-0.091446884,0.07501503080129623,0.03555861860513687
1024,chiranjeevi,high_maturity,True,English,1.98,True,mature,0.518425,False,,-1,0.0032366717,0.117655694,0.07501503080129623,0.03555861860513687
1025,carriages,high_maturity,True,English,3.37,True,mature,0.841175,True,mature_readable,172,-0.1650339,0.04357202,0.07501503080129623,0.03555861860513687
1026,bogota,high_maturity,True,English,2.9,True,mature,0.7501,False,,-1,-0.08688713,0.056730427,0.07501503080129623,0.03555861860513687
1027,taxiderglufoxtele,high_maturity,False,CLIPese,0.0,True,mature,0.136725,False,,-1,0.2718852,0.16955334,0.07501503080129623,0.03555861860513687
1028,codyseaworld,high_maturity,False,CLIPese,0.0,True,mature,0.8941,True,mature_readable,93,0.009491378,0.11727962,0.07501503080129623,0.03555861860513687
1029,bobcsharkweek,high_maturity,False,CLIPese,0.0,True,mature,0.823275,True,orthographic_hard,21,0.014494229,0.12277592,0.07501503080129623,0.03555861860513687
1030,mileypixar,high_maturity,False,CLIPese,0.0,True,mature,0.47435000000000005,False,,-1,0.13125463,0.12300796,0.07501503080129623,0.03555861860513687
1031,copernicuse,high_maturity,False,CLIPese,0.0,True,mature,0.520425,False,,-1,-0.06817124,0.008449675,0.07501503080129623,0.03555861860513687
1032,chromoradiation,high_maturity,False,CLIPese,0.0,True,mature,0.46549999999999997,False,,-1,-0.26269287,-0.089935064,0.07501503080129623,0.03555861860513687
1033,beverlogoraspberrymock,high_maturity,False,CLIPese,0.0,True,mature,0.85075,True,mature_readable,146,0.06770583,0.0802463,0.07501503080129623,0.03555861860513687
1034,colourestimgraph,high_maturity,False,CLIPese,0.0,True,mature,0.030725000000000002,True,mature_weak,381,-0.020175736,-0.11740167,0.07501503080129623,0.03555861860513687
1035,puppyoreo,high_maturity,False,CLIPese,0.0,True,mature,0.7110000000000001,False,,-1,0.2168655,0.20233749,0.07501503080129623,0.03555861860513687
1036,kaleidosimulation,high_maturity,False,CLIPese,0.0,True,mature,0.29279999999999995,False,,-1,0.3071141,-0.49145663,0.07501503080129623,0.03555861860513687
1037,duckchihuahua,high_maturity,False,CLIPese,0.0,True,mature,0.6330500000000001,False,,-1,0.28608087,0.29453284,0.07501503080129623,0.03555861860513687
1038,arthrelephant,high_maturity,False,CLIPese,0.0,True,mature,0.5776749999999999,False,,-1,-0.14304785,0.12745166,0.07501503080129623,0.03555861860513687
1039,kaleidosweetie,high_maturity,False,CLIPese,0.0,True,mature,0.4181,False,,-1,0.33806854,-0.29793757,0.07501503080129623,0.03555861860513687
1040,azerbai,high_maturity,False,CLIPese,0.0,True,mature,0.249,False,,-1,-0.18319722,0.015624073,0.07501503080129623,0.03555861860513687
1041,calamari,high_maturity,True,English,2.57,True,mature,0.29952500000000004,False,,-1,-0.0088589685,0.093356624,0.07501503080129623,0.03555861860513687
1042,louboutfertilicord,high_maturity,False,CLIPese,0.0,True,mature,0.443175,False,,-1,0.11933611,0.026852239,0.07501503080129623,0.03555861860513687
1043,calibrcompression,high_maturity,False,CLIPese,0.0,True,mature,0.29055,False,,-1,-0.099120855,-0.12960373,0.07501503080129623,0.03555861860513687
1044,slimbridge,high_maturity,True,English,1.58,True,mature,0.552025,False,,-1,0.0026812537,0.080778465,0.07501503080129623,0.03555861860513687
1045,kaleidoembroidefineartamerica,high_maturity,False,CLIPese,0.0,True,mature,0.026400000000000003,True,mature_weak,417,0.33647805,-0.37991855,0.07501503080129623,0.03555861860513687
1046,crystcrystneural,high_maturity,False,CLIPese,0.0,True,mature,0.15952500000000003,False,,-1,-0.14985678,-0.26614016,0.07501503080129623,0.03555861860513687
1047,cornbread,high_maturity,True,English,2.72,True,mature,0.758775,False,,-1,-0.29661396,0.027654644,0.07501503080129623,0.03555861860513687
1048,dubaiprairiperched,high_maturity,False,CLIPese,0.0,True,mature,0.515275,False,,-1,0.2457003,0.18472008,0.07501503080129623,0.03555861860513687
1049,penduballs,high_maturity,False,CLIPese,0.0,True,mature,0.7134,True,fallback_fill,489,0.18599378,0.053886503,0.07501503080129623,0.03555861860513687
1050,cannonfencing,high_maturity,False,CLIPese,0.0,True,mature,0.755725,True,mature_readable,170,0.017346568,0.09815021,0.07501503080129623,0.03555861860513687
1051,gorillapixelart,high_maturity,False,CLIPese,0.0,True,mature,0.39964999999999995,False,,-1,0.21528888,-0.07899758,0.07501503080129623,0.03555861860513687
1052,owlmoths,high_maturity,False,CLIPese,0.0,True,mature,0.8834249999999999,True,mature_readable,78,0.061688688,0.15296775,0.07501503080129623,0.03555861860513687
1053,tibetdogsoftwitter,high_maturity,False,CLIPese,0.0,True,mature,0.25087499999999996,False,,-1,0.23872459,0.23433867,0.07501503080129623,0.03555861860513687
1054,bunrights,high_maturity,False,CLIPese,0.0,True,mature,0.8954249999999999,True,mature_readable,189,-0.2346209,0.090278454,0.07501503080129623,0.03555861860513687
1055,bandanna,high_maturity,True,English,2.32,True,mature,0.8601,True,mature_readable,233,-0.16421203,0.010856391,0.07501503080129623,0.03555861860513687
1056,taxidercrowneagle,high_maturity,False,CLIPese,0.0,True,mature,0.23485,False,,-1,0.26008037,0.20869133,0.07501503080129623,0.03555861860513687
1057,calibrscattered,high_maturity,False,CLIPese,0.0,True,mature,0.43300000000000005,False,,-1,0.030302601,-0.16064194,0.07501503080129623,0.03555861860513687
1058,cssdatascience,high_maturity,False,CLIPese,0.0,True,mature,0.6828,True,fallback_fill,497,-0.21416508,-0.08931036,0.07501503080129623,0.03555861860513687
1059,darjegrizzlies,high_maturity,False,CLIPese,0.0,True,mature,0.5073000000000001,False,,-1,0.1844123,0.19845305,0.07501503080129623,0.03555861860513687
1060,macedcoyote,high_maturity,False,CLIPese,0.0,True,mature,0.7028249999999998,False,,-1,0.21621059,0.24092619,0.07501503080129623,0.03555861860513687
1061,bestfrienddesignwallets,high_maturity,False,CLIPese,0.0,True,mature,0.589425,False,,-1,-0.0697485,-0.009229437,0.07501503080129623,0.03555861860513687
1062,rafideerhare,high_maturity,False,CLIPese,0.0,True,mature,0.546575,False,,-1,0.14601952,0.21959919,0.07501503080129623,0.03555861860513687
1063,monstesneakers,high_maturity,False,CLIPese,0.0,True,mature,0.31744999999999995,False,,-1,0.15616024,0.1316698,0.07501503080129623,0.03555861860513687
1064,vonerich,high_maturity,False,CLIPese,0.0,True,mature,0.42810000000000004,False,,-1,0.17320171,0.14768223,0.07501503080129623,0.03555861860513687
1065,cattmesmeritranquility,high_maturity,False,CLIPese,0.0,True,mature,0.2584,False,,-1,-0.02809037,0.07203161,0.07501503080129623,0.03555861860513687
1066,bison,high_maturity,True,English,3.26,True,mature,0.8536499999999999,True,mature_readable,158,-0.09100669,0.116878405,0.07501503080129623,0.03555861860513687
1067,acarhamburg,high_maturity,False,CLIPese,0.0,True,mature,0.8224499999999999,True,mature_readable,153,0.11592301,0.13701536,0.07501503080129623,0.03555861860513687
1068,bodedog,high_maturity,False,CLIPese,0.0,True,mature,0.762275,False,,-1,-0.15444487,0.16566402,0.07501503080129623,0.03555861860513687
1069,yugosafarilive,high_maturity,False,CLIPese,0.0,True,mature,0.209175,False,,-1,0.13533957,0.11768537,0.07501503080129623,0.03555861860513687
1070,mayoretriever,high_maturity,False,CLIPese,0.0,True,mature,0.23175,False,,-1,0.22817148,0.24407059,0.07501503080129623,0.03555861860513687
1071,acroncolours,high_maturity,False,CLIPese,0.0,True,mature,0.29875,False,,-1,-0.07395774,-0.059811726,0.07501503080129623,0.03555861860513687
1072,prairiegret,high_maturity,False,CLIPese,0.0,True,mature,0.23302499999999998,False,,-1,0.03517676,0.18081932,0.07501503080129623,0.03555861860513687
1073,algorimicroscope,high_maturity,False,CLIPese,0.0,True,mature,0.6882750000000001,False,,-1,0.23312622,-0.20839424,0.07501503080129623,0.03555861860513687
1074,cyberpackers,high_maturity,False,CLIPese,0.0,True,mature,0.865925,True,mature_readable,155,-0.111377686,0.027955096,0.07501503080129623,0.03555861860513687
1075,dalmatipossum,high_maturity,False,CLIPese,0.0,True,mature,0.37985,False,,-1,0.1331791,0.24482927,0.07501503080129623,0.03555861860513687
1076,bulldogs,high_maturity,True,English,3.64,True,mature,0.6002,False,,-1,-0.14141388,0.16436431,0.07501503080129623,0.03555861860513687
1077,calibrcorrupt,high_maturity,False,CLIPese,0.0,True,mature,0.2334,False,,-1,0.06334842,-0.16497731,0.07501503080129623,0.03555861860513687
1078,humidigrinder,high_maturity,False,CLIPese,0.0,True,mature,0.8339749999999999,False,,-1,0.023609214,0.06553282,0.07501503080129623,0.03555861860513687
1079,waratahs,high_maturity,True,English,2.32,True,mature,0.924775,True,mature_readable,58,0.08621063,0.12777232,0.07501503080129623,0.03555861860513687
1080,bearcat,high_maturity,True,English,2.18,True,mature,0.5680999999999999,False,,-1,-0.16118094,0.14522195,0.07501503080129623,0.03555861860513687
1081,kaleidoimage,high_maturity,False,CLIPese,0.0,True,mature,0.0754,False,,-1,0.23951125,-0.46408254,0.07501503080129623,0.03555861860513687
1082,mathematzanziebony,high_maturity,False,CLIPese,0.0,True,mature,0.170225,True,mature_weak,421,0.22237042,0.0045467205,0.07501503080129623,0.03555861860513687
1083,turtlebobcat,high_maturity,False,CLIPese,0.0,True,mature,0.39952499999999996,False,,-1,0.20512366,0.21537372,0.07501503080129623,0.03555861860513687
1084,atarshark,high_maturity,False,CLIPese,0.0,True,mature,0.7997749999999999,True,mature_readable,236,-0.13454707,0.09558046,0.07501503080129623,0.03555861860513687
1085,spraggan,high_maturity,True,English,1.26,True,mature,0.709125,False,,-1,0.08054397,0.17770763,0.07501503080129623,0.03555861860513687
1086,kaleidotroops,high_maturity,False,CLIPese,0.0,True,mature,0.668075,False,,-1,0.30619186,-0.38532868,0.07501503080129623,0.03555861860513687
1087,benfica,high_maturity,True,English,2.97,True,mature,0.8503250000000002,True,mature_readable,159,-0.10038188,0.0813973,0.07501503080129623,0.03555861860513687
1088,boxingh,high_maturity,False,CLIPese,0.0,True,mature,0.7731,False,,-1,-0.27304468,0.030887935,0.07501503080129623,0.03555861860513687
1089,gumbpixels,high_maturity,False,CLIPese,0.0,True,mature,0.417525,False,,-1,0.2980294,-0.099451214,0.07501503080129623,0.03555861860513687
1090,datadigitalart,high_maturity,False,CLIPese,0.0,True,mature,0.145325,False,,-1,0.22098853,-0.30333838,0.07501503080129623,0.03555861860513687
1091,taxiderbunny,high_maturity,False,CLIPese,0.0,True,mature,0.4672,False,,-1,0.17759594,0.26344633,0.07501503080129623,0.03555861860513687
1092,containfrisbee,high_maturity,False,CLIPese,0.0,True,mature,0.42895,False,,-1,0.024642901,0.050507974,0.07501503080129623,0.03555861860513687
1093,catwoman,high_maturity,True,English,2.81,True,mature,0.5534250000000001,False,,-1,-0.20670101,0.10010579,0.07501503080129623,0.03555861860513687
1094,fracsharkphotograph,high_maturity,False,CLIPese,0.0,True,mature,0.27415,False,,-1,0.26792634,-0.13592541,0.07501503080129623,0.03555861860513687
1095,carsondoggie,high_maturity,False,CLIPese,0.0,True,mature,0.6833,False,,-1,-0.05495267,0.14534196,0.07501503080129623,0.03555861860513687
1096,chromodensity,high_maturity,False,CLIPese,0.0,True,mature,0.5218,False,,-1,0.10025158,-0.14365485,0.07501503080129623,0.03555861860513687
1097,centrihospitgraph,high_maturity,False,CLIPese,0.0,True,mature,0.33740000000000003,False,,-1,0.18455197,0.036245294,0.07501503080129623,0.03555861860513687
1098,schwarzlabrador,high_maturity,False,CLIPese,0.0,True,mature,0.37815,False,,-1,0.24454135,0.19961716,0.07501503080129623,0.03555861860513687
1099,cycloclip,high_maturity,False,CLIPese,0.0,True,mature,0.594625,False,,-1,-0.1528237,0.018563347,0.07501503080129623,0.03555861860513687
1100,biksymbol,high_maturity,False,CLIPese,0.0,True,mature,0.4057,False,,-1,-0.009649874,0.0019692036,0.07501503080129623,0.03555861860513687
1101,birdowl,high_maturity,False,CLIPese,0.0,True,mature,0.516,False,,-1,-0.1793357,0.12762015,0.07501503080129623,0.03555861860513687
1102,spectrocrystallistitchhare,high_maturity,False,CLIPese,0.0,True,mature,0.12497499999999997,True,mature_weak,409,0.3061034,-0.07719984,0.07501503080129623,0.03555861860513687
1103,eritsyrianmarjmouse,high_maturity,False,CLIPese,0.0,True,mature,0.410925,False,,-1,0.2338536,0.26005685,0.07501503080129623,0.03555861860513687
1104,cloudbot,high_maturity,False,CLIPese,0.0,True,mature,0.8107000000000001,True,mature_readable,145,-0.15518016,0.025761904,0.07501503080129623,0.03555861860513687
1105,bubbooooooooooooooooglobrendered,high_maturity,False,CLIPese,0.0,True,mature,0.1616,False,,-1,-0.16701752,0.038428638,0.07501503080129623,0.03555861860513687
1106,pygfrog,high_maturity,False,CLIPese,0.0,True,mature,0.45447499999999996,False,,-1,0.09527306,0.15892312,0.07501503080129623,0.03555861860513687
1107,anarchitwenty,high_maturity,False,CLIPese,0.0,True,mature,0.33355,False,,-1,-0.27256745,-0.056205288,0.07501503080129623,0.03555861860513687
1108,approachladybug,high_maturity,False,CLIPese,0.0,True,mature,0.4466,False,,-1,-0.05296237,0.13456033,0.07501503080129623,0.03555861860513687
1109,orangupixelart,high_maturity,False,CLIPese,0.0,True,mature,0.054125,True,mature_weak,428,0.26892614,0.019972254,0.07501503080129623,0.03555861860513687
1110,asburypark,high_maturity,False,CLIPese,0.0,True,mature,0.767525,True,mature_readable,246,-0.22697064,0.016654095,0.07501503080129623,0.03555861860513687
1111,hakkasan,high_maturity,True,English,1.68,True,mature,0.5940000000000001,False,,-1,0.1374049,0.08906106,0.07501503080129623,0.03555861860513687
1112,pugrobots,high_maturity,False,CLIPese,0.0,True,mature,0.908725,True,mature_readable,86,0.15712138,0.22016671,0.07501503080129623,0.03555861860513687
1113,kaleidotexture,high_maturity,False,CLIPese,0.0,True,mature,0.1143,False,,-1,0.22791295,-0.50210124,0.07501503080129623,0.03555861860513687
1114,mandelbbcfrequency,high_maturity,False,CLIPese,0.0,True,mature,0.53735,False,,-1,0.323934,-0.30516672,0.07501503080129623,0.03555861860513687
1115,croeagle,high_maturity,False,CLIPese,0.0,True,mature,0.67735,True,fallback_fill,503,-0.05135601,0.103011124,0.07501503080129623,0.03555861860513687
1116,dyncylinders,high_maturity,False,CLIPese,0.0,True,mature,0.4537,False,,-1,0.1470618,-0.0061429525,0.07501503080129623,0.03555861860513687
1117,ukedbundecarnaval,high_maturity,False,CLIPese,0.0,True,mature,0.462375,False,,-1,0.19814195,0.020236181,0.07501503080129623,0.03555861860513687
1118,gigabzoimpressionist,high_maturity,False,CLIPese,0.0,True,mature,0.19847499999999998,False,,-1,0.23212048,-0.22026226,0.07501503080129623,0.03555861860513687
1119,humidiarduino,high_maturity,False,CLIPese,0.0,True,mature,0.8350250000000001,True,mature_readable,106,0.15212208,0.051816817,0.07501503080129623,0.03555861860513687
1120,cotswpolice,high_maturity,False,CLIPese,0.0,True,mature,0.508175,False,,-1,-0.09583088,0.084022634,0.07501503080129623,0.03555861860513687
1121,dendfractal,high_maturity,False,CLIPese,0.0,True,mature,0.363275,False,,-1,0.25821,-0.2221591,0.07501503080129623,0.03555861860513687
1122,camels,high_maturity,True,English,3.3,True,mature,0.83075,True,mature_readable,205,-0.18246588,0.058248226,0.07501503080129623,0.03555861860513687
1123,louboutplatform,high_maturity,False,CLIPese,0.0,True,mature,0.1637,False,,-1,0.07295236,0.14368208,0.07501503080129623,0.03555861860513687
1124,manipulkaleidopsychedelic,high_maturity,False,CLIPese,0.0,True,mature,0.02275,True,mature_weak,411,0.30379367,-0.5047656,0.07501503080129623,0.03555861860513687
1125,finitycuberender,high_maturity,False,CLIPese,0.0,True,mature,0.35207499999999997,False,,-1,0.3278945,-0.15608837,0.07501503080129623,0.03555861860513687
1126,antelope,high_maturity,True,English,3.08,True,mature,0.80735,True,mature_readable,165,-0.19016932,0.13274679,0.07501503080129623,0.03555861860513687
1127,calibraltman,high_maturity,False,CLIPese,0.0,True,mature,0.26625,False,,-1,0.10009209,-0.14427799,0.07501503080129623,0.03555861860513687
1128,chromato,high_maturity,False,CLIPese,0.0,True,mature,0.66025,False,,-1,-0.19386297,-0.09771945,0.07501503080129623,0.03555861860513687
1129,maddieroblox,high_maturity,False,CLIPese,0.0,True,mature,0.58005,False,,-1,0.1772332,-0.00023014238,0.07501503080129623,0.03555861860513687
1130,huarnvidia,high_maturity,False,CLIPese,0.0,True,mature,0.24520000000000003,False,,-1,0.1305305,0.15443942,0.07501503080129623,0.03555861860513687
1131,sphercamouflage,high_maturity,False,CLIPese,0.0,True,mature,0.166075,True,mature_weak,418,0.3449453,-0.25541213,0.07501503080129623,0.03555861860513687
1132,costabrava,high_maturity,False,CLIPese,0.0,True,mature,0.585475,False,,-1,-0.06739543,0.05432333,0.07501503080129623,0.03555861860513687
1133,bonemacht,high_maturity,False,CLIPese,0.0,True,mature,0.9113249999999999,True,mature_readable,83,-0.17887905,0.046290074,0.07501503080129623,0.03555861860513687
1134,chromofilament,high_maturity,False,CLIPese,0.0,True,mature,0.30312500000000003,False,,-1,0.031000733,-0.04783743,0.07501503080129623,0.03555861860513687
1135,llandvineyard,high_maturity,False,CLIPese,0.0,True,mature,0.373725,False,,-1,0.07788894,0.086384736,0.07501503080129623,0.03555861860513687
1136,kaleidobowl,high_maturity,False,CLIPese,0.0,True,mature,0.631575,False,,-1,0.24175875,-0.21266389,0.07501503080129623,0.03555861860513687
1137,tikplush,high_maturity,False,CLIPese,0.0,True,mature,0.6307999999999999,False,,-1,0.14442271,0.11487874,0.07501503080129623,0.03555861860513687
1138,quatcauliflower,high_maturity,False,CLIPese,0.0,True,mature,0.477825,False,,-1,0.058206797,0.06688931,0.07501503080129623,0.03555861860513687
1139,mandelopticvirus,high_maturity,False,CLIPese,0.0,True,mature,0.43929999999999997,False,,-1,0.379792,-0.2749456,0.07501503080129623,0.03555861860513687
1140,cloukitties,high_maturity,False,CLIPese,0.0,True,mature,0.48729999999999996,False,,-1,0.02639069,0.15018833,0.07501503080129623,0.03555861860513687
1141,akkineni,high_maturity,True,English,1.37,True,mature,0.1009,True,mature_weak,401,-0.051168896,0.07066767,0.07501503080129623,0.03555861860513687
1142,badrinath,high_maturity,True,English,2.11,True,mature,0.64035,False,,-1,0.043031044,0.12954815,0.07501503080129623,0.03555861860513687
1143,miniaturepuppies,high_maturity,False,CLIPese,0.0,True,mature,0.58,False,,-1,0.13094032,0.18959898,0.07501503080129623,0.03555861860513687
1144,wildwildcat,high_maturity,False,CLIPese,0.0,True,mature,0.37992499999999996,False,,-1,0.09395195,0.16083461,0.07501503080129623,0.03555861860513687
1145,brocpoodle,high_maturity,False,CLIPese,0.0,True,mature,0.8347,True,mature_readable,136,-0.049817428,0.1276707,0.07501503080129623,0.03555861860513687
1146,chromocomb,high_maturity,False,CLIPese,0.0,True,mature,0.425675,False,,-1,0.023982164,-0.13389482,0.07501503080129623,0.03555861860513687
1147,doppelgchihuahu,high_maturity,False,CLIPese,0.0,True,mature,0.4845999999999999,False,,-1,0.2866575,0.15741318,0.07501503080129623,0.03555861860513687
1148,dalmatimacedcow,high_maturity,False,CLIPese,0.0,True,mature,0.5897249999999999,False,,-1,0.16843137,0.17380811,0.07501503080129623,0.03555861860513687
1149,catcircle,high_maturity,False,CLIPese,0.0,True,mature,0.749225,False,,-1,0.08876378,0.021748465,0.07501503080129623,0.03555861860513687
1150,paolopixelart,high_maturity,False,CLIPese,0.0,True,mature,0.25915,False,,-1,0.20008549,-0.22777644,0.07501503080129623,0.03555861860513687
1151,squidgroot,high_maturity,False,CLIPese,0.0,True,mature,0.5888,False,,-1,0.17822944,0.16811779,0.07501503080129623,0.03555861860513687
1152,bbcfracaligned,high_maturity,False,CLIPese,0.0,True,mature,0.609,False,,-1,0.11079231,-0.27806234,0.07501503080129623,0.03555861860513687
1153,birdbacks,high_maturity,False,CLIPese,0.0,True,mature,0.399575,False,,-1,-0.08056691,0.15058537,0.07501503080129623,0.03555861860513687
1154,nikuman,high_maturity,False,CLIPese,0.0,True,mature,0.671125,False,,-1,0.093354695,0.12368135,0.07501503080129623,0.03555861860513687
1155,jennyfreud,high_maturity,False,CLIPese,0.0,True,mature,0.796925,True,mature_readable,169,0.30643386,0.15136753,0.07501503080129623,0.03555861860513687
1156,labrasenegal,high_maturity,False,CLIPese,0.0,True,mature,0.302975,False,,-1,0.34690535,0.21637313,0.07501503080129623,0.03555861860513687
1157,windosorting,high_maturity,False,CLIPese,0.0,True,mature,0.620725,False,,-1,0.08488282,-0.12775064,0.07501503080129623,0.03555861860513687
1158,dalmatigoats,high_maturity,False,CLIPese,0.0,True,mature,0.522275,False,,-1,0.21615252,0.20343041,0.07501503080129623,0.03555861860513687
1159,ergonloaf,high_maturity,False,CLIPese,0.0,True,mature,0.633525,False,,-1,0.099067576,0.13935247,0.07501503080129623,0.03555861860513687
1160,doglochewbacca,high_maturity,False,CLIPese,0.0,True,mature,0.610825,False,,-1,0.19778627,0.28073937,0.07501503080129623,0.03555861860513687
1161,afghanistan,high_maturity,True,English,4.23,True,mature,0.45780000000000004,False,,-1,-0.19769709,0.027007544,0.07501503080129623,0.03555861860513687
1162,jurassicmonitor,high_maturity,False,CLIPese,0.0,True,mature,0.885475,True,mature_readable,67,0.17108697,0.15793769,0.07501503080129623,0.03555861860513687
1163,mandelpanorama,high_maturity,False,CLIPese,0.0,True,mature,0.21275000000000002,False,,-1,0.19152918,-0.07984539,0.07501503080129623,0.03555861860513687
1164,oscarpolaroid,high_maturity,False,CLIPese,0.0,True,mature,0.520875,False,,-1,0.1108315,-0.0033654687,0.07501503080129623,0.03555861860513687
1165,seungcarpets,high_maturity,False,CLIPese,0.0,True,mature,0.7293750000000001,True,mature_readable,224,0.2617032,-0.07563229,0.07501503080129623,0.03555861860513687
1166,cocacola,high_maturity,True,English,1.62,True,mature,0.60225,False,,-1,-0.18626966,0.038306803,0.07501503080129623,0.03555861860513687
1167,taxideryosemite,high_maturity,False,CLIPese,0.0,True,mature,0.387875,False,,-1,0.26469937,0.18816267,0.07501503080129623,0.03555861860513687
1168,taxiderdeer,high_maturity,False,CLIPese,0.0,True,mature,0.4062,False,,-1,0.12623446,0.22087273,0.07501503080129623,0.03555861860513687
1169,cessna,high_maturity,True,English,2.82,True,mature,0.5879,False,,-1,-0.12278955,0.11614913,0.07501503080129623,0.03555861860513687
1170,databvomit,high_maturity,False,CLIPese,0.0,True,mature,0.3972,False,,-1,0.32347378,-0.27945757,0.07501503080129623,0.03555861860513687
1171,corbinwwe,high_maturity,False,CLIPese,0.0,True,mature,0.86685,True,mature_readable,131,0.09749886,0.14093734,0.07501503080129623,0.03555861860513687
1172,eritdoggo,high_maturity,False,CLIPese,0.0,True,mature,0.842675,True,mature_readable,208,0.09842609,0.18299146,0.07501503080129623,0.03555861860513687
1173,avengersinfinity,high_maturity,False,CLIPese,0.0,True,mature,0.7846249999999999,True,mature_readable,157,-0.26886907,-0.02526816,0.07501503080129623,0.03555861860513687
1174,quetball,high_maturity,False,CLIPese,0.0,True,mature,0.8251499999999999,True,mature_readable,138,0.12922403,0.12734202,0.07501503080129623,0.03555861860513687
1175,cartoondecomachinelearning,high_maturity,False,CLIPese,0.0,True,mature,0.28385,False,,-1,-0.0033412378,-0.08910985,0.07501503080129623,0.03555861860513687
1176,wozniacki,high_maturity,True,English,2.44,True,mature,0.313775,False,,-1,0.17352602,0.09839977,0.07501503080129623,0.03555861860513687
1177,sushmitasen,high_maturity,False,CLIPese,0.0,True,mature,0.269625,False,,-1,0.1569672,0.19219826,0.07501503080129623,0.03555861860513687
1178,chairs,high_maturity,True,English,4.02,True,mature,0.5867,False,,-1,-0.1837067,-0.0102956565,0.07501503080129623,0.03555861860513687
1179,crystscrambled,high_maturity,False,CLIPese,0.0,True,mature,0.394575,False,,-1,-0.10276992,-0.27001333,0.07501503080129623,0.03555861860513687
1180,mannescp,high_maturity,False,CLIPese,0.0,True,mature,0.52675,False,,-1,0.07898466,0.09236608,0.07501503080129623,0.03555861860513687
1181,schwarzcoyote,high_maturity,False,CLIPese,0.0,True,mature,0.742925,True,mature_readable,275,0.16312473,0.20378287,0.07501503080129623,0.03555861860513687
1182,calibrglitch,high_maturity,False,CLIPese,0.0,True,mature,0.159375,False,,-1,-0.08106803,-0.23131543,0.07501503080129623,0.03555861860513687
1183,tankian,high_maturity,True,English,1.54,True,mature,0.6255750000000001,False,,-1,0.20063092,0.17011844,0.07501503080129623,0.03555861860513687
1184,firstdogon,high_maturity,False,CLIPese,0.0,True,mature,0.8126249999999999,True,mature_readable,102,0.101312585,0.13853817,0.07501503080129623,0.03555861860513687
1185,swoggle,high_maturity,False,CLIPese,0.0,True,mature,0.534825,False,,-1,-0.05671464,0.15040907,0.07501503080129623,0.03555861860513687
1186,screamdoggo,high_maturity,False,CLIPese,0.0,True,mature,0.559075,False,,-1,0.36054784,0.18721731,0.07501503080129623,0.03555861860513687
1187,turisphinx,high_maturity,False,CLIPese,0.0,True,mature,0.4314,False,,-1,0.20444322,0.24731083,0.07501503080129623,0.03555861860513687
1188,babyunsplash,high_maturity,False,CLIPese,0.0,True,mature,0.5675,False,,-1,-0.22480682,-0.041802093,0.07501503080129623,0.03555861860513687
1189,capacitors,high_maturity,True,English,3.0,True,mature,0.926175,True,mature_readable,62,-0.07847765,0.024998847,0.07501503080129623,0.03555861860513687
1190,chromotrippy,high_maturity,False,CLIPese,0.0,True,mature,0.521825,False,,-1,0.09141724,-0.37043414,0.07501503080129623,0.03555861860513687
1191,crates,high_maturity,True,English,3.28,True,mature,0.843225,True,orthographic_hard,27,-0.22591299,-0.0014994013,0.07501503080129623,0.03555861860513687
1192,battlefrontii,high_maturity,False,CLIPese,0.0,True,mature,0.5640000000000001,False,,-1,-0.20025073,-0.0058394554,0.07501503080129623,0.03555861860513687
1193,anarcherase,high_maturity,False,CLIPese,0.0,True,mature,0.590025,False,,-1,-0.25001445,-0.09204721,0.07501503080129623,0.03555861860513687
1194,flowermadhuridixit,high_maturity,False,CLIPese,0.0,True,mature,0.15725,True,mature_weak,432,0.037707523,0.062567845,0.07501503080129623,0.03555861860513687
1195,jerobo,high_maturity,False,CLIPese,0.0,True,mature,0.4289,False,,-1,0.09355984,0.16836935,0.07501503080129623,0.03555861860513687
1196,cilclip,high_maturity,False,CLIPese,0.0,True,mature,0.641625,False,,-1,-0.29775238,-0.024426686,0.07501503080129623,0.03555861860513687
1197,tajifireworks,high_maturity,False,CLIPese,0.0,True,mature,0.7711999999999999,True,mature_readable,142,0.06525729,0.04001076,0.07501503080129623,0.03555861860513687
1198,androidspiders,high_maturity,False,CLIPese,0.0,True,mature,0.8314499999999999,True,mature_readable,141,-0.10574947,0.0019394994,0.07501503080129623,0.03555861860513687
1199,pygtoad,high_maturity,False,CLIPese,0.0,True,mature,0.294375,False,,-1,0.08792378,0.1758758,0.07501503080129623,0.03555861860513687
1200,fluoreelf,high_maturity,False,CLIPese,0.0,True,mature,0.37222500000000003,False,,-1,0.04101477,0.050202698,0.07501503080129623,0.03555861860513687
1201,dictatpixelart,high_maturity,False,CLIPese,0.0,True,mature,0.146875,False,,-1,0.19923045,-0.18266857,0.07501503080129623,0.03555861860513687
1202,autupixels,high_maturity,False,CLIPese,0.0,True,mature,0.400725,False,,-1,0.04991519,-0.07431808,0.07501503080129623,0.03555861860513687
1203,ahmedabad,high_maturity,True,English,3.08,True,mature,0.7902750000000001,False,,-1,-0.125264,0.01952796,0.07501503080129623,0.03555861860513687
1204,sanitibuggy,high_maturity,False,CLIPese,0.0,True,mature,0.474925,False,,-1,0.073904045,0.06117111,0.07501503080129623,0.03555861860513687
1205,bashtexture,high_maturity,False,CLIPese,0.0,True,mature,0.60465,True,orthographic_hard,13,-0.19286264,-0.16849035,0.07501503080129623,0.03555861860513687
1206,crimea,high_maturity,True,English,3.45,True,mature,0.817275,True,mature_readable,204,-0.19843867,0.027121838,0.07501503080129623,0.03555861860513687
1207,luxembourdachshund,high_maturity,False,CLIPese,0.0,True,mature,0.549325,False,,-1,0.20973326,0.2782132,0.07501503080129623,0.03555861860513687
1208,boeing,high_maturity,True,English,3.8,True,mature,0.8814000000000001,True,mature_readable,96,-0.21152325,0.06536065,0.07501503080129623,0.03555861860513687
1209,centisphercircle,high_maturity,False,CLIPese,0.0,True,mature,0.1737,False,,-1,0.09144872,-0.10746532,0.07501503080129623,0.03555861860513687
1210,kaleidorollercoaster,high_maturity,False,CLIPese,0.0,True,mature,0.5788,False,,-1,0.1850362,-0.09320555,0.07501503080129623,0.03555861860513687
1211,bundedefence,high_maturity,False,CLIPese,0.0,True,mature,0.657825,False,,-1,-0.20999674,0.03975356,0.07501503080129623,0.03555861860513687
1212,retarkaleidotexture,high_maturity,False,CLIPese,0.0,True,mature,0.194525,False,,-1,0.30693352,-0.46032882,0.07501503080129623,0.03555861860513687
1213,loafcubes,high_maturity,False,CLIPese,0.0,True,mature,0.5978000000000001,False,,-1,0.0288944,-0.015010633,0.07501503080129623,0.03555861860513687
1214,rottweiler,high_maturity,True,English,2.59,True,mature,0.35015,False,,-1,0.08348994,0.19927438,0.07501503080129623,0.03555861860513687
1215,counterfealgorithm,high_maturity,False,CLIPese,0.0,True,mature,0.27497499999999997,False,,-1,-0.14383832,-0.06592746,0.07501503080129623,0.03555861860513687
1216,schnauhorrifying,high_maturity,False,CLIPese,0.0,True,mature,0.25655,False,,-1,0.25722784,0.13336968,0.07501503080129623,0.03555861860513687
1217,beetles,high_maturity,True,English,3.34,True,mature,0.7897,True,mature_readable,280,-0.23034416,0.03375863,0.07501503080129623,0.03555861860513687
1218,mathematseizure,high_maturity,False,CLIPese,0.0,True,mature,0.24577499999999997,False,,-1,0.112697326,-0.33005404,0.07501503080129623,0.03555861860513687
1219,kwiquizzclippuppet,high_maturity,False,CLIPese,0.0,True,mature,0.6238499999999999,False,,-1,0.16947603,0.14579242,0.07501503080129623,0.03555861860513687
1220,taxideriamsrk,high_maturity,False,CLIPese,0.0,True,mature,0.77295,True,mature_readable,168,0.24910083,0.20524736,0.07501503080129623,0.03555861860513687
1221,crabheidelberg,high_maturity,False,CLIPese,0.0,True,mature,0.610875,False,,-1,-0.03552041,0.02964298,0.07501503080129623,0.03555861860513687
1222,pomegranshadowhunters,high_maturity,False,CLIPese,0.0,True,mature,0.361,False,,-1,0.10378178,0.13807356,0.07501503080129623,0.03555861860513687
1223,nehakakkar,high_maturity,False,CLIPese,0.0,True,mature,0.42367499999999997,False,,-1,0.2207809,0.15497984,0.07501503080129623,0.03555861860513687
1224,fumfum,high_maturity,False,CLIPese,0.0,True,mature,0.623375,False,,-1,0.07166338,0.092807636,0.07501503080129623,0.03555861860513687
1225,cucumber,high_maturity,True,English,3.41,True,mature,0.78545,True,mature_readable,232,-0.2037312,0.030105675,0.07501503080129623,0.03555861860513687
1226,kaleidojellyfish,high_maturity,False,CLIPese,0.0,True,mature,0.253625,False,,-1,0.31933787,-0.28576323,0.07501503080129623,0.03555861860513687
1227,louboutpedagounicorn,high_maturity,False,CLIPese,0.0,True,mature,0.27899999999999997,False,,-1,0.2328093,0.092001975,0.07501503080129623,0.03555861860513687
1228,purrzoomdimensions,high_maturity,False,CLIPese,0.0,True,mature,0.44089999999999996,False,,-1,0.17808384,-0.027581163,0.07501503080129623,0.03555861860513687
1229,brainsynthesizer,high_maturity,False,CLIPese,0.0,True,mature,0.524525,False,,-1,-0.11229724,-0.09324062,0.07501503080129623,0.03555861860513687
1230,adjeclithuconverter,high_maturity,False,CLIPese,0.0,True,mature,0.177675,True,mature_weak,439,-0.08564996,-0.031497482,0.07501503080129623,0.03555861860513687
1231,fluorblurred,high_maturity,False,CLIPese,0.0,True,mature,0.618625,False,,-1,0.095350765,-0.15709561,0.07501503080129623,0.03555861860513687
1232,beachhotties,high_maturity,False,CLIPese,0.0,True,mature,0.639775,False,,-1,-0.1786008,0.026918998,0.07501503080129623,0.03555861860513687
1233,dahlia,high_maturity,True,English,2.86,True,mature,0.40377500000000005,False,,-1,0.018148422,0.06735792,0.07501503080129623,0.03555861860513687
1234,contenttextures,high_maturity,False,CLIPese,0.0,True,mature,0.4093,False,,-1,-0.30497792,-0.128829,0.07501503080129623,0.03555861860513687
1235,cliphappyvalentinesday,high_maturity,False,CLIPese,0.0,True,mature,0.7061249999999999,False,,-1,-0.16390263,-0.020080067,0.07501503080129623,0.03555861860513687
1236,boostsneakers,high_maturity,False,CLIPese,0.0,True,mature,0.8323499999999999,True,mature_readable,126,-0.18038426,0.0021697164,0.07501503080129623,0.03555861860513687
1237,albanian,high_maturity,True,English,3.25,True,mature,0.417275,False,,-1,-0.17821921,0.03157779,0.07501503080129623,0.03555861860513687
1238,textmandelpollock,high_maturity,False,CLIPese,0.0,True,mature,0.27795000000000003,False,,-1,0.28924468,-0.21749702,0.07501503080129623,0.03555861860513687
1239,kaleidosonar,high_maturity,False,CLIPese,0.0,True,mature,0.40947500000000003,False,,-1,0.32606262,-0.3553328,0.07501503080129623,0.03555861860513687
1240,wicke,high_maturity,True,English,1.69,True,mature,0.8473999999999999,True,mature_readable,123,0.022339791,0.14701338,0.07501503080129623,0.03555861860513687
1241,ascispaghetti,high_maturity,False,CLIPese,0.0,True,mature,0.642075,False,,-1,-0.0695226,-0.02127523,0.07501503080129623,0.03555861860513687
1242,oranguchihuahua,high_maturity,False,CLIPese,0.0,True,mature,0.201575,False,,-1,0.24202591,0.31197932,0.07501503080129623,0.03555861860513687
1243,shipyroblox,high_maturity,False,CLIPese,0.0,True,mature,0.746675,True,mature_readable,182,0.1165504,-0.06771399,0.07501503080129623,0.03555861860513687
1244,bunnic,high_maturity,False,CLIPese,0.0,True,mature,0.8348,False,,-1,-0.26172554,0.100491986,0.07501503080129623,0.03555861860513687
1245,baahubali,high_maturity,True,English,2.26,True,mature,0.7811499999999998,False,,-1,-0.22349244,0.059216976,0.07501503080129623,0.03555861860513687
1246,taxiderowl,high_maturity,False,CLIPese,0.0,True,mature,0.5009250000000001,False,,-1,0.19713552,0.28747568,0.07501503080129623,0.03555861860513687
1247,cnblue,high_maturity,True,English,1.65,True,mature,0.750825,True,mature_readable,264,-0.21498057,0.031377565,0.07501503080129623,0.03555861860513687
1248,puzziyaki,high_maturity,False,CLIPese,0.0,True,mature,0.4296,False,,-1,0.029439352,-0.014342919,0.07501503080129623,0.03555861860513687
1249,orangumedusa,high_maturity,False,CLIPese,0.0,True,mature,0.20225,False,,-1,0.1335998,0.16195191,0.07501503080129623,0.03555861860513687
1250,taxiderrendering,high_maturity,False,CLIPese,0.0,True,mature,0.35752500000000004,False,,-1,0.34269062,0.09644866,0.07501503080129623,0.03555861860513687
1251,gyneraptor,high_maturity,False,CLIPese,0.0,True,mature,0.8139,True,mature_readable,186,0.04156397,0.2002721,0.07501503080129623,0.03555861860513687
1252,joshuatree,high_maturity,False,CLIPese,0.0,True,mature,0.23779999999999998,False,,-1,0.04976495,0.08021067,0.07501503080129623,0.03555861860513687
1253,baatar,high_maturity,True,English,1.26,True,mature,0.5953999999999999,False,,-1,-0.16870128,0.05113434,0.07501503080129623,0.03555861860513687
1254,snorkelsafarilive,high_maturity,False,CLIPese,0.0,True,mature,0.09947500000000001,True,mature_weak,388,0.15160835,0.10771619,0.07501503080129623,0.03555861860513687
1255,calibrseed,high_maturity,False,CLIPese,0.0,True,mature,0.794225,False,,-1,-0.09729815,-0.050452754,0.07501503080129623,0.03555861860513687
1256,winemeatlessjovi,high_maturity,False,CLIPese,0.0,True,mature,0.770275,True,mature_readable,231,0.11336539,0.12834553,0.07501503080129623,0.03555861860513687
1257,voxdigitalart,high_maturity,False,CLIPese,0.0,True,mature,0.137075,False,,-1,0.0869254,-0.29167148,0.07501503080129623,0.03555861860513687
1258,polyglo,high_maturity,False,CLIPese,0.0,True,mature,0.592175,False,,-1,0.07129826,-0.02963706,0.07501503080129623,0.03555861860513687
1259,canadianvatican,high_maturity,False,CLIPese,0.0,True,mature,0.60275,False,,-1,-0.044878095,0.0063176905,0.07501503080129623,0.03555861860513687
1260,budapest,high_maturity,True,English,3.55,True,mature,0.62375,False,,-1,-0.10003005,0.020245843,0.07501503080129623,0.03555861860513687
1261,bunbund,high_maturity,False,CLIPese,0.0,True,mature,0.9156249999999999,True,mature_readable,80,-0.23430988,0.0704908,0.07501503080129623,0.03555861860513687
1262,androidstreetart,high_maturity,False,CLIPese,0.0,True,mature,0.27940000000000004,False,,-1,0.024726266,-0.05819825,0.07501503080129623,0.03555861860513687
1263,kidnappdolphins,high_maturity,False,CLIPese,0.0,True,mature,0.605725,False,,-1,0.090623185,0.12340998,0.07501503080129623,0.03555861860513687
1264,stpauli,high_maturity,False,CLIPese,0.0,True,mature,0.211875,False,,-1,-0.011346233,0.06533311,0.07501503080129623,0.03555861860513687
1265,occupyazores,high_maturity,False,CLIPese,0.0,True,mature,0.6511250000000001,False,,-1,0.028058412,0.054645937,0.07501503080129623,0.03555861860513687
1266,crystfuzzy,high_maturity,False,CLIPese,0.0,True,mature,0.6853499999999999,False,,-1,-0.13705733,-0.18132176,0.07501503080129623,0.03555861860513687
1267,kilotetris,high_maturity,False,CLIPese,0.0,True,mature,0.5525500000000001,False,,-1,0.20745417,-0.12648156,0.07501503080129623,0.03555861860513687
1268,mongochihuahua,high_maturity,False,CLIPese,0.0,True,mature,0.2996,False,,-1,0.21264079,0.26197797,0.07501503080129623,0.03555861860513687
1269,cloudoj,high_maturity,False,CLIPese,0.0,True,mature,0.324075,False,,-1,-0.056538887,0.092133276,0.07501503080129623,0.03555861860513687
1270,alkcatday,high_maturity,False,CLIPese,0.0,True,mature,0.7907499999999998,True,mature_readable,188,-0.15355399,0.09370451,0.07501503080129623,0.03555861860513687
1271,computurnpike,high_maturity,False,CLIPese,0.0,True,mature,0.46737500000000004,False,,-1,-0.017385518,-0.022325674,0.07501503080129623,0.03555861860513687
1272,corkgaa,high_maturity,False,CLIPese,0.0,True,mature,0.85065,True,mature_readable,161,-0.075111665,0.05658752,0.07501503080129623,0.03555861860513687
1273,starcruises,high_maturity,False,CLIPese,0.0,True,mature,0.7544,True,mature_readable,235,-0.04921258,0.050276287,0.07501503080129623,0.03555861860513687
1274,appalachrobotic,high_maturity,False,CLIPese,0.0,True,mature,0.504475,False,,-1,-0.1326518,0.046856217,0.07501503080129623,0.03555861860513687
1275,mandelcyberpng,high_maturity,False,CLIPese,0.0,True,mature,0.6016,False,,-1,0.35140198,-0.20902169,0.07501503080129623,0.03555861860513687
1276,chromoassorted,high_maturity,False,CLIPese,0.0,True,mature,0.228375,False,,-1,0.3029424,-0.039351333,0.07501503080129623,0.03555861860513687
1277,chives,high_maturity,True,English,2.62,True,mature,0.731925,False,,-1,-0.16526708,0.0444429,0.07501503080129623,0.03555861860513687
1278,kyrgydoggie,high_maturity,False,CLIPese,0.0,True,mature,0.37425,False,,-1,0.113528855,0.23205872,0.07501503080129623,0.03555861860513687
1279,knuoctooctopus,high_maturity,False,CLIPese,0.0,True,mature,0.6259,False,,-1,0.18055764,0.09388891,0.07501503080129623,0.03555861860513687
1280,pomercoyotes,high_maturity,False,CLIPese,0.0,True,mature,0.7437750000000001,False,,-1,0.2341356,0.17162615,0.07501503080129623,0.03555861860513687
1281,lewancollie,high_maturity,False,CLIPese,0.0,True,mature,0.203525,False,,-1,0.16675353,0.19713077,0.07501503080129623,0.03555861860513687
1282,kookabur,high_maturity,False,CLIPese,0.0,True,mature,0.5448500000000001,False,,-1,0.017798152,0.2200137,0.07501503080129623,0.03555861860513687
1283,bumbleeface,high_maturity,False,CLIPese,0.0,True,mature,0.637525,False,,-1,-0.027626013,0.06981718,0.07501503080129623,0.03555861860513687
1284,zoimagegogh,high_maturity,False,CLIPese,0.0,True,mature,0.24785000000000001,False,,-1,0.15784226,-0.25618756,0.07501503080129623,0.03555861860513687
1285,onedayat,high_maturity,False,CLIPese,0.0,True,mature,0.470625,False,,-1,0.27080446,-0.05489793,0.07501503080129623,0.03555861860513687
1286,waverautodesk,high_maturity,False,CLIPese,0.0,True,mature,0.54945,False,,-1,0.11611362,0.007763703,0.07501503080129623,0.03555861860513687
1287,barktasmanian,high_maturity,False,CLIPese,0.0,True,mature,0.758225,True,mature_readable,226,0.13847622,0.18393722,0.07501503080129623,0.03555861860513687
1288,cbsfrequency,high_maturity,False,CLIPese,0.0,True,mature,0.79735,False,,-1,0.036053043,-0.04369757,0.07501503080129623,0.03555861860513687
1289,bbccursor,high_maturity,False,CLIPese,0.0,True,mature,0.719675,False,,-1,-0.047411263,-0.112068824,0.07501503080129623,0.03555861860513687
1290,kittydispenser,high_maturity,False,CLIPese,0.0,True,mature,0.2801,False,,-1,0.09446096,0.14854935,0.07501503080129623,0.03555861860513687
1291,bathrofaucet,high_maturity,False,CLIPese,0.0,True,mature,0.37770000000000004,False,,-1,-0.108467035,0.07505958,0.07501503080129623,0.03555861860513687
1292,pumpkinmutations,high_maturity,False,CLIPese,0.0,True,mature,0.530725,False,,-1,0.08897578,0.03796859,0.07501503080129623,0.03555861860513687
1293,mosasikturkeys,high_maturity,False,CLIPese,0.0,True,mature,0.6855500000000001,True,fallback_fill,487,0.25496882,-0.08878441,0.07501503080129623,0.03555861860513687
1294,louboutdiscarded,high_maturity,False,CLIPese,0.0,True,mature,0.191625,False,,-1,0.27489007,0.11036498,0.07501503080129623,0.03555861860513687
1295,tamannaah,high_maturity,True,English,1.41,True,mature,0.308025,False,,-1,0.15078099,0.19026443,0.07501503080129623,0.03555861860513687
1296,gorillafractal,high_maturity,False,CLIPese,0.0,True,mature,0.48990000000000006,False,,-1,0.1877129,-0.1722421,0.07501503080129623,0.03555861860513687
1297,smolloaf,high_maturity,False,CLIPese,0.0,True,mature,0.7510499999999999,True,mature_readable,241,0.07074086,0.10150626,0.07501503080129623,0.03555861860513687
1298,menstruskrillex,high_maturity,False,CLIPese,0.0,True,mature,0.6264000000000001,False,,-1,0.102235705,0.059513625,0.07501503080129623,0.03555861860513687
1299,ageofultron,high_maturity,False,CLIPese,0.0,True,mature,0.467325,False,,-1,-0.16361535,0.04249043,0.07501503080129623,0.03555861860513687
1300,itercubecubes,high_maturity,False,CLIPese,0.0,True,mature,0.36892499999999995,False,,-1,0.17917924,-0.17522708,0.07501503080129623,0.03555861860513687
1301,fertilioreo,high_maturity,False,CLIPese,0.0,True,mature,0.47114999999999996,False,,-1,0.15626597,0.07681597,0.07501503080129623,0.03555861860513687
1302,trishstratus,high_maturity,False,CLIPese,0.0,True,mature,0.401925,False,,-1,0.09776278,0.12947705,0.07501503080129623,0.03555861860513687
1303,loubouttoire,high_maturity,False,CLIPese,0.0,True,mature,0.350525,False,,-1,0.15934202,0.11009869,0.07501503080129623,0.03555861860513687
1304,algoripunctuation,high_maturity,False,CLIPese,0.0,True,mature,0.077075,True,mature_weak,378,-0.10258661,-0.1704106,0.07501503080129623,0.03555861860513687
1305,kaleidotwister,high_maturity,False,CLIPese,0.0,True,mature,0.41207499999999997,False,,-1,0.21653163,-0.32424733,0.07501503080129623,0.03555861860513687
1306,loafblackbird,high_maturity,False,CLIPese,0.0,True,mature,0.5619,False,,-1,-0.05581848,0.13673526,0.07501503080129623,0.03555861860513687
1307,crystinterference,high_maturity,False,CLIPese,0.0,True,mature,0.2895,False,,-1,-0.12545082,-0.32981256,0.07501503080129623,0.03555861860513687
1308,nascarinfrared,high_maturity,False,CLIPese,0.0,True,mature,0.360425,False,,-1,0.2887888,-0.12712705,0.07501503080129623,0.03555861860513687
1309,eucalyp,high_maturity,False,CLIPese,0.0,True,mature,0.45345,False,,-1,-0.010709176,0.08764465,0.07501503080129623,0.03555861860513687
1310,usairthunderbirds,high_maturity,False,CLIPese,0.0,True,mature,0.207975,False,,-1,0.07788444,0.13957232,0.07501503080129623,0.03555861860513687
1311,compresscoil,high_maturity,False,CLIPese,0.0,True,mature,0.578975,False,,-1,-0.10309052,0.021969922,0.07501503080129623,0.03555861860513687
1312,cougars,high_maturity,True,English,3.2,True,mature,0.427075,False,,-1,-0.23297586,0.11088761,0.07501503080129623,0.03555861860513687
1313,beanbag,high_maturity,True,English,2.36,True,mature,0.60715,False,,-1,-0.21600407,0.034395732,0.07501503080129623,0.03555861860513687
1314,aviationairplane,high_maturity,False,CLIPese,0.0,True,mature,0.324525,False,,-1,-0.25327435,0.032390464,0.07501503080129623,0.03555861860513687
1315,clowdrawing,high_maturity,False,CLIPese,0.0,True,mature,0.47717500000000007,False,,-1,-0.21519184,-0.04458203,0.07501503080129623,0.03555861860513687
1316,beardbeige,high_maturity,False,CLIPese,0.0,True,mature,0.7467750000000001,True,mature_readable,265,0.007929373,0.054435905,0.07501503080129623,0.03555861860513687
1317,kyrgycollie,high_maturity,False,CLIPese,0.0,True,mature,0.3134,False,,-1,0.23713815,0.23337622,0.07501503080129623,0.03555861860513687
1318,cumbrisheep,high_maturity,False,CLIPese,0.0,True,mature,0.893725,True,mature_readable,72,-0.053500693,0.15451565,0.07501503080129623,0.03555861860513687
1319,aubergepcot,high_maturity,False,CLIPese,0.0,True,mature,0.515475,False,,-1,-0.042784575,0.054435626,0.07501503080129623,0.03555861860513687
1320,chromoimpressionist,high_maturity,False,CLIPese,0.0,True,mature,0.194475,False,,-1,-0.11947372,-0.22435218,0.07501503080129623,0.03555861860513687
1321,masamutilmicroscopy,high_maturity,False,CLIPese,0.0,True,mature,0.14769999999999997,False,,-1,0.12448861,-0.14430985,0.07501503080129623,0.03555861860513687
1322,wolvecorgi,high_maturity,False,CLIPese,0.0,True,mature,0.2545,False,,-1,0.23873353,0.28215846,0.07501503080129623,0.03555861860513687
1323,louboutladybug,high_maturity,False,CLIPese,0.0,True,mature,0.18074999999999997,False,,-1,0.09587646,0.16509062,0.07501503080129623,0.03555861860513687
1324,ondleopsafarilive,high_maturity,False,CLIPese,0.0,True,mature,0.22999999999999998,False,,-1,0.11836364,0.15993097,0.07501503080129623,0.03555861860513687
1325,chedattacked,high_maturity,False,CLIPese,0.0,True,mature,0.8774250000000001,True,mature_readable,201,-0.12950633,0.031262156,0.07501503080129623,0.03555861860513687
1326,jurassicsculpt,high_maturity,False,CLIPese,0.0,True,mature,0.7088749999999999,False,,-1,0.13310258,0.071156316,0.07501503080129623,0.03555861860513687
1327,femen,high_maturity,True,English,1.78,True,mature,0.600275,False,,-1,0.009316081,0.09357901,0.07501503080129623,0.03555861860513687
1328,chromocapsules,high_maturity,False,CLIPese,0.0,True,mature,0.44129999999999997,False,,-1,0.14623766,0.028424237,0.07501503080129623,0.03555861860513687
1329,ularhino,high_maturity,False,CLIPese,0.0,True,mature,0.90235,True,mature_readable,68,0.08163264,0.112009525,0.07501503080129623,0.03555861860513687
1330,belgimrt,high_maturity,False,CLIPese,0.0,True,mature,0.471525,False,,-1,-0.06502767,0.0639105,0.07501503080129623,0.03555861860513687
1331,metrnunavut,high_maturity,False,CLIPese,0.0,True,mature,0.6880749999999999,True,fallback_fill,494,0.19302252,0.09466789,0.07501503080129623,0.03555861860513687
1332,mitochondri,high_maturity,False,CLIPese,0.0,True,mature,0.35785,False,,-1,0.17850664,0.18668841,0.07501503080129623,0.03555861860513687
1333,rumbomile,high_maturity,False,CLIPese,0.0,True,mature,0.560975,False,,-1,0.062356096,0.14754039,0.07501503080129623,0.03555861860513687
1334,bedpan,high_maturity,True,English,1.82,True,mature,0.860575,True,mature_readable,119,-0.15254478,0.09415132,0.07501503080129623,0.03555861860513687
1335,aeronballon,high_maturity,False,CLIPese,0.0,True,mature,0.517725,False,,-1,-0.09848393,0.08318721,0.07501503080129623,0.03555861860513687
1336,expandminecraft,high_maturity,False,CLIPese,0.0,True,mature,0.50305,False,,-1,0.19774896,-0.09362988,0.07501503080129623,0.03555861860513687
1337,taxiderpaint,high_maturity,False,CLIPese,0.0,True,mature,0.28845,False,,-1,0.14711338,0.10294607,0.07501503080129623,0.03555861860513687
1338,cryptojesus,high_maturity,False,CLIPese,0.0,True,mature,0.678775,False,,-1,-0.08753706,-0.028068813,0.07501503080129623,0.03555861860513687
1339,baysox,high_maturity,False,CLIPese,0.0,True,mature,0.875875,True,mature_readable,129,-0.12683271,0.040785305,0.07501503080129623,0.03555861860513687
1340,banknomugshot,high_maturity,False,CLIPese,0.0,True,mature,0.754475,True,mature_readable,238,-0.18011513,0.0061138174,0.07501503080129623,0.03555861860513687
1341,compostnapkin,high_maturity,False,CLIPese,0.0,True,mature,0.63765,False,,-1,-0.032896362,0.07968396,0.07501503080129623,0.03555861860513687
1342,roomloafzebraloaf,high_maturity,False,CLIPese,0.0,True,mature,0.350825,False,,-1,0.17052875,0.09734806,0.07501503080129623,0.03555861860513687
1343,belgiboeing,high_maturity,False,CLIPese,0.0,True,mature,0.469325,False,,-1,0.068454884,0.095973834,0.07501503080129623,0.03555861860513687
1344,staffies,high_maturity,True,English,1.51,True,mature,0.799025,True,mature_readable,248,0.009466331,0.16776735,0.07501503080129623,0.03555861860513687
1345,pyramhangout,high_maturity,False,CLIPese,0.0,True,mature,0.788575,True,mature_readable,154,0.19151141,0.001286985,0.07501503080129623,0.03555861860513687
1346,ciscocat,high_maturity,False,CLIPese,0.0,True,mature,0.716925,False,,-1,0.09518309,0.14049727,0.07501503080129623,0.03555861860513687
1347,corkboard,high_maturity,True,English,1.58,True,mature,0.762775,True,mature_readable,250,-0.15337962,0.012984492,0.07501503080129623,0.03555861860513687
1348,boyoung,high_maturity,False,CLIPese,0.0,True,mature,0.329275,False,,-1,-0.079644665,0.13860731,0.07501503080129623,0.03555861860513687
1349,dancingdevgn,high_maturity,False,CLIPese,0.0,True,mature,0.4159,False,,-1,0.1327384,0.0766021,0.07501503080129623,0.03555861860513687
1350,mesmeriviruses,high_maturity,False,CLIPese,0.0,True,mature,0.34420000000000006,False,,-1,0.28826153,-0.15015593,0.07501503080129623,0.03555861860513687
1351,bathtub,high_maturity,True,English,3.45,True,mature,0.65625,False,,-1,-0.13780373,0.038404584,0.07501503080129623,0.03555861860513687
1352,owlbirds,high_maturity,False,CLIPese,0.0,True,mature,0.58755,False,,-1,0.008188312,0.16771409,0.07501503080129623,0.03555861860513687
1353,kaleidoexpanding,high_maturity,False,CLIPese,0.0,True,mature,0.432775,False,,-1,0.2806928,-0.4975062,0.07501503080129623,0.03555861860513687
1354,woodenukeinstrument,high_maturity,False,CLIPese,0.0,True,mature,0.64615,True,fallback_fill,501,0.114538126,0.08467554,0.07501503080129623,0.03555861860513687
1355,hewpunisher,high_maturity,False,CLIPese,0.0,True,mature,0.5884,False,,-1,0.22869238,0.16940054,0.07501503080129623,0.03555861860513687
1356,aquaman,high_maturity,True,English,2.95,True,mature,0.81795,True,mature_readable,140,-0.15997829,0.023097496,0.07501503080129623,0.03555861860513687
1357,calibrcamera,high_maturity,False,CLIPese,0.0,True,mature,0.5738000000000001,False,,-1,-0.0384142,-0.11071352,0.07501503080129623,0.03555861860513687
1358,kaleidorectanpatterned,high_maturity,False,CLIPese,0.0,True,mature,0.059175000000000005,False,,-1,0.21472354,-0.46732566,0.07501503080129623,0.03555861860513687
1359,distorbartollenin,high_maturity,False,CLIPese,0.0,True,mature,0.27037500000000003,False,,-1,0.29262418,-0.037691247,0.07501503080129623,0.03555861860513687
1360,danneel,high_maturity,True,English,1.07,True,mature,0.543525,False,,-1,0.056903914,0.15536907,0.07501503080129623,0.03555861860513687
1361,compudesk,high_maturity,False,CLIPese,0.0,True,mature,0.8337,True,orthographic_hard,17,-0.17513146,0.015208354,0.07501503080129623,0.03555861860513687
1362,taxiderraccoon,high_maturity,False,CLIPese,0.0,True,mature,0.516525,False,,-1,0.1624566,0.2815983,0.07501503080129623,0.03555861860513687
1363,secursriracha,high_maturity,False,CLIPese,0.0,True,mature,0.54365,False,,-1,0.16500507,0.091221154,0.07501503080129623,0.03555861860513687
1364,beadmylittlepony,high_maturity,False,CLIPese,0.0,True,mature,0.5314,False,,-1,0.030634904,0.00036093354,0.07501503080129623,0.03555861860513687
1365,carlospena,high_maturity,False,CLIPese,0.0,True,mature,0.627825,False,,-1,-0.108255014,0.10378139,0.07501503080129623,0.03555861860513687
1366,babyhiro,high_maturity,False,CLIPese,0.0,True,mature,0.8478,True,mature_readable,213,-0.16008134,0.03989479,0.07501503080129623,0.03555861860513687
1367,chooks,high_maturity,True,English,1.97,True,mature,0.697225,False,,-1,-0.28469396,0.06403377,0.07501503080129623,0.03555861860513687
1368,aldubkajthreads,high_maturity,False,CLIPese,0.0,True,mature,0.66725,False,,-1,-0.272126,-0.0019825783,0.07501503080129623,0.03555861860513687
1369,shepsut,high_maturity,False,CLIPese,0.0,True,mature,0.4378999999999999,False,,-1,0.049760446,0.14139599,0.07501503080129623,0.03555861860513687
1370,videophotograph,high_maturity,False,CLIPese,0.0,True,mature,0.08700000000000001,True,mature_weak,375,0.088905685,0.06579888,0.07501503080129623,0.03555861860513687
1371,photomdigitalart,high_maturity,False,CLIPese,0.0,True,mature,0.04160000000000001,False,,-1,0.14119998,-0.17729439,0.07501503080129623,0.03555861860513687
1372,multiimagenoise,high_maturity,False,CLIPese,0.0,True,mature,0.23547500000000002,False,,-1,0.03721031,0.081508,0.07501503080129623,0.03555861860513687
1373,incrediwilshere,high_maturity,False,CLIPese,0.0,True,mature,0.27309999999999995,False,,-1,0.109280616,0.1502164,0.07501503080129623,0.03555861860513687
1374,wormjuggcopernicdataviz,high_maturity,False,CLIPese,0.0,True,mature,0.304,False,,-1,0.23719662,0.0019477259,0.07501503080129623,0.03555861860513687
1375,zuckerfortnseizure,high_maturity,False,CLIPese,0.0,True,mature,0.2038,True,mature_weak,438,0.19672805,-0.019018756,0.07501503080129623,0.03555861860513687
1376,bluejays,high_maturity,True,English,2.18,True,mature,0.5297000000000001,False,,-1,-0.1506986,0.12815636,0.07501503080129623,0.03555861860513687
1377,blurzazzle,high_maturity,False,CLIPese,0.0,True,mature,0.51925,False,,-1,-0.015887909,-0.073911615,0.07501503080129623,0.03555861860513687
1378,ninten,high_maturity,True,English,1.13,True,mature,0.785375,True,mature_readable,183,-0.020661693,0.05658208,0.07501503080129623,0.03555861860513687
1379,catposter,high_maturity,False,CLIPese,0.0,True,mature,0.69685,False,,-1,-0.056157816,0.07386309,0.07501503080129623,0.03555861860513687
1380,compumonitor,high_maturity,False,CLIPese,0.0,True,mature,0.786025,False,,-1,-0.049038094,-0.048600648,0.07501503080129623,0.03555861860513687
1381,coyodog,high_maturity,False,CLIPese,0.0,True,mature,0.751175,False,,-1,-0.07934101,0.2021248,0.07501503080129623,0.03555861860513687
1382,calibrturin,high_maturity,False,CLIPese,0.0,True,mature,0.5936,False,,-1,-0.085891835,-0.02167152,0.07501503080129623,0.03555861860513687
1383,trombsaxophonbonnet,high_maturity,False,CLIPese,0.0,True,mature,0.7240000000000001,False,,-1,0.17816693,0.1684122,0.07501503080129623,0.03555861860513687
1384,bbcfrequency,high_maturity,False,CLIPese,0.0,True,mature,0.5656500000000001,True,orthographic_hard,30,-0.16142493,-0.09511783,0.07501503080129623,0.03555861860513687
1385,kaleidopaddleparticles,high_maturity,False,CLIPese,0.0,True,mature,0.382375,False,,-1,0.27546507,-0.37437385,0.07501503080129623,0.03555861860513687
1386,unhdreamliner,high_maturity,False,CLIPese,0.0,True,mature,0.364325,False,,-1,0.28968206,0.14943722,0.07501503080129623,0.03555861860513687
1387,kaleimpressionist,high_maturity,False,CLIPese,0.0,True,mature,0.39652499999999996,False,,-1,0.20182139,-0.24119689,0.07501503080129623,0.03555861860513687
1388,uterdoorway,high_maturity,False,CLIPese,0.0,True,mature,0.48092499999999994,False,,-1,-0.0058344603,0.027780317,0.07501503080129623,0.03555861860513687
1389,syriacivil,high_maturity,False,CLIPese,0.0,True,mature,0.3996,False,,-1,-0.06574465,0.11148964,0.07501503080129623,0.03555861860513687
1390,footbath,high_maturity,True,English,1.23,True,mature,0.772375,True,mature_readable,240,-0.11361628,0.08148301,0.07501503080129623,0.03555861860513687
1391,taxiderpixels,high_maturity,False,CLIPese,0.0,True,mature,0.30837499999999995,False,,-1,0.25570893,-0.09621538,0.07501503080129623,0.03555861860513687
1392,doppleg,high_maturity,False,CLIPese,0.0,True,mature,0.38165,False,,-1,0.27600646,0.08559788,0.07501503080129623,0.03555861860513687
1393,lenaheadey,high_maturity,False,CLIPese,0.0,True,mature,0.57575,False,,-1,-0.050684158,0.08641349,0.07501503080129623,0.03555861860513687
1394,homohuskies,high_maturity,False,CLIPese,0.0,True,mature,0.9170499999999999,True,mature_readable,53,0.15517657,0.21422835,0.07501503080129623,0.03555861860513687
1395,owlwristband,high_maturity,False,CLIPese,0.0,True,mature,0.6962250000000001,True,fallback_fill,502,-0.014528383,0.13669032,0.07501503080129623,0.03555861860513687
1396,taxiderzaplakota,high_maturity,False,CLIPese,0.0,True,mature,0.218675,False,,-1,0.2886373,0.18906604,0.07501503080129623,0.03555861860513687
1397,sphermascsurface,high_maturity,False,CLIPese,0.0,True,mature,0.25045,False,,-1,0.385341,-0.13121757,0.07501503080129623,0.03555861860513687
1398,belts,high_maturity,True,English,3.74,True,mature,0.87585,True,mature_readable,130,-0.21752296,0.03258584,0.07501503080129623,0.03555861860513687
1399,airbus,high_maturity,True,English,3.33,True,mature,0.80305,True,mature_readable,198,-0.28938034,0.05676298,0.07501503080129623,0.03555861860513687
1400,mobilegamecube,high_maturity,False,CLIPese,0.0,True,mature,0.4416,False,,-1,0.10368533,0.04857752,0.07501503080129623,0.03555861860513687
1401,orangupsychedelic,high_maturity,False,CLIPese,0.0,True,mature,0.028025,True,mature_weak,369,0.14297771,0.1222448,0.07501503080129623,0.03555861860513687
1402,shoebaseball,high_maturity,False,CLIPese,0.0,True,mature,0.883125,True,mature_readable,66,-0.08612483,0.07948909,0.07501503080129623,0.03555861860513687
1403,taxiderwielding,high_maturity,False,CLIPese,0.0,True,mature,0.3094,False,,-1,0.1321041,0.16783504,0.07501503080129623,0.03555861860513687
1404,halloweenemojis,high_maturity,False,CLIPese,0.0,True,mature,0.7537999999999999,False,,-1,-0.041274242,-0.006755887,0.07501503080129623,0.03555861860513687
1405,backscratcher,high_maturity,True,English,1.18,True,mature,0.5578,False,,-1,-0.21981807,0.09997438,0.07501503080129623,0.03555861860513687
1406,edgdilevinaigrette,high_maturity,False,CLIPese,0.0,True,mature,0.15994999999999998,True,mature_weak,427,0.090367235,0.0400647,0.07501503080129623,0.03555861860513687
1407,losswaldo,high_maturity,False,CLIPese,0.0,True,mature,0.6653500000000001,False,,-1,0.15956299,-0.0129055595,0.07501503080129623,0.03555861860513687
1408,burberry,high_maturity,True,English,3.11,True,mature,0.9184500000000001,True,mature_readable,120,-0.1437558,0.019479888,0.07501503080129623,0.03555861860513687
1409,handleclickoctopus,high_maturity,False,CLIPese,0.0,True,mature,0.68865,True,fallback_fill,492,0.060672373,0.099768534,0.07501503080129623,0.03555861860513687
1410,labrada,high_maturity,True,English,1.24,True,mature,0.7328,True,mature_readable,254,0.31231627,0.16981037,0.07501503080129623,0.03555861860513687
1411,cytometry,high_maturity,True,English,2.25,True,mature,0.9178,True,mature_readable,94,-0.13820663,-0.102220945,0.07501503080129623,0.03555861860513687
1412,aerobteens,high_maturity,False,CLIPese,0.0,True,mature,0.8855000000000001,True,mature_readable,85,-0.009538192,0.00989847,0.07501503080129623,0.03555861860513687
1413,zakkwylde,high_maturity,False,CLIPese,0.0,True,mature,0.45245,False,,-1,0.13537325,0.117211126,0.07501503080129623,0.03555861860513687
1414,archancosmetics,high_maturity,False,CLIPese,0.0,True,mature,0.784975,True,mature_readable,219,-0.19815981,0.030410223,0.07501503080129623,0.03555861860513687
1415,taxiderbreastcancerhorribly,high_maturity,False,CLIPese,0.0,True,mature,0.202875,False,,-1,0.20861779,0.13934697,0.07501503080129623,0.03555861860513687
1416,chromovegetables,high_maturity,False,CLIPese,0.0,True,mature,0.60155,False,,-1,0.0244926,0.00012636387,0.07501503080129623,0.03555861860513687
1417,horseastronaut,high_maturity,False,CLIPese,0.0,True,mature,0.603,False,,-1,0.11352003,0.1358305,0.07501503080129623,0.03555861860513687
1418,chimpan,high_maturity,False,CLIPese,0.0,True,mature,0.8154250000000001,True,mature_readable,171,-0.23809096,0.11440845,0.07501503080129623,0.03555861860513687
1419,biopcattle,high_maturity,False,CLIPese,0.0,True,mature,0.88685,True,mature_readable,74,-0.15912321,0.07724994,0.07501503080129623,0.03555861860513687
1420,chessvisualmultiplayer,high_maturity,False,CLIPese,0.0,True,mature,0.44862499999999994,False,,-1,-0.015871814,-0.12506612,0.07501503080129623,0.03555861860513687
1421,icelandpatches,high_maturity,False,CLIPese,0.0,True,mature,0.553575,False,,-1,0.11754559,0.021991186,0.07501503080129623,0.03555861860513687
1422,kaleidoepilepsy,high_maturity,False,CLIPese,0.0,True,mature,0.2159,False,,-1,0.22375587,-0.45535997,0.07501503080129623,0.03555861860513687
1423,candelabra,high_maturity,True,English,2.45,True,mature,0.532825,False,,-1,-0.1535625,0.023619054,0.07501503080129623,0.03555861860513687
1424,alphonautograph,high_maturity,False,CLIPese,0.0,True,mature,0.3834,False,,-1,-0.06957255,0.05059989,0.07501503080129623,0.03555861860513687
1425,cheetah,high_maturity,True,English,3.2,True,mature,0.6194,False,,-1,-0.07234457,0.1648294,0.07501503080129623,0.03555861860513687
1426,sriracha,high_maturity,True,English,2.72,True,mature,0.9437750000000001,True,mature_readable,63,0.028252512,0.110646494,0.07501503080129623,0.03555861860513687
1427,disintegrhfxpixels,high_maturity,False,CLIPese,0.0,True,mature,0.1486,False,,-1,0.2342397,-0.2951256,0.07501503080129623,0.03555861860513687
1428,rhapikachu,high_maturity,False,CLIPese,0.0,True,mature,0.7497,False,,-1,0.30215633,0.16864425,0.07501503080129623,0.03555861860513687
1429,dendmblesimulation,high_maturity,False,CLIPese,0.0,True,mature,0.790675,False,,-1,0.21897939,-0.13211916,0.07501503080129623,0.03555861860513687
1430,loafsmol,high_maturity,False,CLIPese,0.0,True,mature,0.07139999999999999,False,,-1,-0.10080432,0.07387411,0.07501503080129623,0.03555861860513687
1431,crystblurry,high_maturity,False,CLIPese,0.0,True,mature,0.26455,False,,-1,-0.10698041,-0.22029166,0.07501503080129623,0.03555861860513687
1432,rainbowgarridesktop,high_maturity,False,CLIPese,0.0,True,mature,0.2748,False,,-1,0.061433356,-0.13972582,0.07501503080129623,0.03555861860513687
1433,digitalpopart,high_maturity,False,CLIPese,0.0,True,mature,0.127875,False,,-1,0.14064664,-0.3297368,0.07501503080129623,0.03555861860513687
1434,kaleidoprospects,high_maturity,False,CLIPese,0.0,True,mature,0.5064249999999999,False,,-1,0.42302364,-0.36686903,0.07501503080129623,0.03555861860513687
1435,acoyotes,high_maturity,False,CLIPese,0.0,True,mature,0.909225,True,mature_readable,70,-0.097255655,0.14814794,0.07501503080129623,0.03555861860513687
1436,harampolite,high_maturity,False,CLIPese,0.0,True,mature,0.5764499999999999,False,,-1,0.08068028,0.08641727,0.07501503080129623,0.03555861860513687
1437,goldenretridawson,high_maturity,False,CLIPese,0.0,True,mature,0.30622499999999997,False,,-1,0.107365586,0.24448192,0.07501503080129623,0.03555861860513687
1438,grumpmedusa,high_maturity,False,CLIPese,0.0,True,mature,0.508325,False,,-1,0.26440924,0.11429895,0.07501503080129623,0.03555861860513687
1439,predatdressage,high_maturity,False,CLIPese,0.0,True,mature,0.369025,False,,-1,0.1693085,0.17944458,0.07501503080129623,0.03555861860513687
1440,schnautriplets,high_maturity,False,CLIPese,0.0,True,mature,0.388425,False,,-1,0.3331526,0.16818435,0.07501503080129623,0.03555861860513687
1441,sphinozil,high_maturity,False,CLIPese,0.0,True,mature,0.5160250000000001,False,,-1,0.038532317,0.14622156,0.07501503080129623,0.03555861860513687
1442,spicejet,high_maturity,True,English,1.86,True,mature,0.530375,False,,-1,-0.094400115,0.10727829,0.07501503080129623,0.03555861860513687
1443,celery,high_maturity,True,English,3.32,True,mature,0.8980750000000001,True,mature_readable,73,-0.26473817,0.028265428,0.07501503080129623,0.03555861860513687
1444,taxiderspectacportrait,high_maturity,False,CLIPese,0.0,True,mature,0.110125,False,,-1,0.13071592,0.11038275,0.07501503080129623,0.03555861860513687
1445,cybertrippy,high_maturity,False,CLIPese,0.0,True,mature,0.280025,False,,-1,-0.0023485401,-0.3197721,0.07501503080129623,0.03555861860513687
1446,gigipikachu,high_maturity,False,CLIPese,0.0,True,mature,0.767725,True,mature_readable,174,0.14948198,0.16082244,0.07501503080129623,0.03555861860513687
1447,loafcaturday,high_maturity,False,CLIPese,0.0,True,mature,0.52965,False,,-1,-0.02889238,0.10126101,0.07501503080129623,0.03555861860513687
1448,kaleidobubbles,high_maturity,False,CLIPese,0.0,True,mature,0.310725,False,,-1,0.29177707,-0.37656093,0.07501503080129623,0.03555861860513687
1449,adopttuxedo,high_maturity,False,CLIPese,0.0,True,mature,0.438575,False,,-1,0.08771094,0.15505739,0.07501503080129623,0.03555861860513687
1450,wefaq,high_maturity,True,English,1.61,True,mature,0.4167,False,,-1,-0.0800388,0.14189516,0.07501503080129623,0.03555861860513687
1451,photombanerjee,high_maturity,False,CLIPese,0.0,True,mature,0.122125,False,,-1,0.24538562,-0.24119706,0.07501503080129623,0.03555861860513687
1452,jpimpressionism,high_maturity,False,CLIPese,0.0,True,mature,0.4675250000000001,False,,-1,0.04269088,-0.21341157,0.07501503080129623,0.03555861860513687
1453,shuffleboard,high_maturity,True,English,2.14,True,mature,0.749925,False,,-1,-0.15894213,0.095823325,0.07501503080129623,0.03555861860513687
1454,corset,high_maturity,True,English,3.03,True,mature,0.5056,False,,-1,-0.14732577,0.04943254,0.07501503080129623,0.03555861860513687
1455,distorgorillaemu,high_maturity,False,CLIPese,0.0,True,mature,0.329425,False,,-1,0.22963262,0.07481287,0.07501503080129623,0.03555861860513687
1456,abstrmachinelearning,high_maturity,False,CLIPese,0.0,True,mature,0.19722499999999998,False,,-1,-0.25855437,-0.22737126,0.07501503080129623,0.03555861860513687
1457,babysbeaches,high_maturity,False,CLIPese,0.0,True,mature,0.760575,False,,-1,-0.23919164,0.0059375246,0.07501503080129623,0.03555861860513687
1458,pjparalysis,high_maturity,False,CLIPese,0.0,True,mature,0.3486250000000001,False,,-1,0.026280235,0.06426271,0.07501503080129623,0.03555861860513687
1459,pyramsquirrels,high_maturity,False,CLIPese,0.0,True,mature,0.7886,False,,-1,0.0664346,0.18664229,0.07501503080129623,0.03555861860513687
1460,muchhal,high_maturity,False,CLIPese,0.0,True,mature,0.7386499999999999,False,,-1,-0.06943567,0.0959956,0.07501503080129623,0.03555861860513687
1461,chromia,high_maturity,True,English,1.17,True,mature,0.6676500000000001,False,,-1,-0.16120754,0.009824782,0.07501503080129623,0.03555861860513687
1462,bombaztec,high_maturity,False,CLIPese,0.0,True,mature,0.8169750000000001,True,mature_readable,209,-0.025367456,0.07578922,0.07501503080129623,0.03555861860513687
1463,appalachbhopal,high_maturity,False,CLIPese,0.0,True,mature,0.47819999999999996,False,,-1,0.06904984,0.05572039,0.07501503080129623,0.03555861860513687
1464,yeahkernel,high_maturity,False,CLIPese,0.0,True,mature,0.77265,True,mature_readable,255,0.16286196,-0.03163121,0.07501503080129623,0.03555861860513687
1465,kaleidosymmetry,high_maturity,False,CLIPese,0.0,True,mature,0.279325,False,,-1,0.17801511,-0.43536472,0.07501503080129623,0.03555861860513687
1466,reinforoaxcaribou,high_maturity,False,CLIPese,0.0,True,mature,0.2022,True,mature_weak,437,0.17210673,0.1952001,0.07501503080129623,0.03555861860513687
1467,aeronauturbulsimulation,high_maturity,False,CLIPese,0.0,True,mature,0.47695,False,,-1,0.22507535,-0.09708329,0.07501503080129623,0.03555861860513687
1468,kokoepilepsy,high_maturity,False,CLIPese,0.0,True,mature,0.69425,True,fallback_fill,495,0.21384399,-0.036265153,0.07501503080129623,0.03555861860513687
1469,loafmonday,high_maturity,False,CLIPese,0.0,True,mature,0.656075,False,,-1,-0.045862306,0.062015712,0.07501503080129623,0.03555861860513687
1470,expirabstrscrambled,high_maturity,False,CLIPese,0.0,True,mature,0.1515,False,,-1,0.14378051,-0.06608841,0.07501503080129623,0.03555861860513687
1471,kaleidohue,high_maturity,False,CLIPese,0.0,True,mature,0.39899999999999997,False,,-1,0.22913344,-0.44058633,0.07501503080129623,0.03555861860513687
1472,kaleidointerstellar,high_maturity,False,CLIPese,0.0,True,mature,0.23159999999999997,False,,-1,0.28527683,-0.40978667,0.07501503080129623,0.03555861860513687
1473,itsmeangelie,high_maturity,False,CLIPese,0.0,True,mature,0.110175,True,mature_weak,400,0.25371975,0.14223672,0.07501503080129623,0.03555861860513687
1474,cartoonpuzzle,high_maturity,False,CLIPese,0.0,True,mature,0.7354,False,,-1,-0.05008634,-0.20485139,0.07501503080129623,0.03555861860513687
1475,lucylawless,high_maturity,False,CLIPese,0.0,True,mature,0.427075,False,,-1,-0.042497545,0.117651135,0.07501503080129623,0.03555861860513687
1476,pomeresquirls,high_maturity,False,CLIPese,0.0,True,mature,0.34657499999999997,False,,-1,0.12252387,0.1758097,0.07501503080129623,0.03555861860513687
1477,juggcthulhu,high_maturity,False,CLIPese,0.0,True,mature,0.620425,False,,-1,0.13856035,0.08671331,0.07501503080129623,0.03555861860513687
1478,caruanagalizia,high_maturity,False,CLIPese,0.0,True,mature,0.2426,False,,-1,0.026725948,0.057921384,0.07501503080129623,0.03555861860513687
1479,cycliokstate,high_maturity,False,CLIPese,0.0,True,mature,0.046024999999999996,True,mature_weak,404,-0.17539349,-0.012633442,0.07501503080129623,0.03555861860513687
1480,horseprius,high_maturity,False,CLIPese,0.0,True,mature,0.5065,False,,-1,0.08856712,0.14299543,0.07501503080129623,0.03555861860513687
1481,screenshotcthulhu,high_maturity,False,CLIPese,0.0,True,mature,0.5054,False,,-1,0.27047685,-0.0066320994,0.07501503080129623,0.03555861860513687
1482,vistara,high_maturity,True,English,1.37,True,mature,0.694625,True,fallback_fill,504,0.07248784,0.10214349,0.07501503080129623,0.03555861860513687
1483,caracas,high_maturity,True,English,3.29,True,mature,0.80145,True,mature_readable,259,-0.11047783,0.052342743,0.07501503080129623,0.03555861860513687
1484,cyberrender,high_maturity,False,CLIPese,0.0,True,mature,0.689125,False,,-1,0.030284446,-0.14546108,0.07501503080129623,0.03555861860513687
1485,binghamtrump,high_maturity,False,CLIPese,0.0,True,mature,0.6771750000000001,False,,-1,0.040131986,0.08941978,0.07501503080129623,0.03555861860513687
1486,mandelscans,high_maturity,False,CLIPese,0.0,True,mature,0.92205,True,orthographic_hard,5,0.33795422,-0.26400074,0.07501503080129623,0.03555861860513687
1487,rohingboxer,high_maturity,False,CLIPese,0.0,True,mature,0.56445,False,,-1,0.078324504,0.17770047,0.07501503080129623,0.03555861860513687
1488,cuador,high_maturity,False,CLIPese,0.0,True,mature,0.8563500000000001,True,mature_readable,127,-0.093784235,0.04864054,0.07501503080129623,0.03555861860513687
1489,kaleidohorton,high_maturity,False,CLIPese,0.0,True,mature,0.278325,False,,-1,0.30174637,-0.33527586,0.07501503080129623,0.03555861860513687
1490,madagasanirudhofficial,high_maturity,False,CLIPese,0.0,True,mature,0.19895000000000002,False,,-1,0.2095166,0.11879777,0.07501503080129623,0.03555861860513687
1491,achaille,high_maturity,False,CLIPese,0.0,True,mature,0.6799,True,fallback_fill,491,0.10366728,0.085967384,0.07501503080129623,0.03555861860513687
1492,abstrimagetexture,high_maturity,False,CLIPese,0.0,True,mature,0.24757500000000002,False,,-1,-0.16238055,-0.15298423,0.07501503080129623,0.03555861860513687
1493,toucan,high_maturity,True,English,2.36,True,mature,0.655675,False,,-1,-0.10891223,0.12596132,0.07501503080129623,0.03555861860513687
1494,mandelvapordeen,high_maturity,False,CLIPese,0.0,True,mature,0.49792500000000006,False,,-1,0.26480392,-0.2305286,0.07501503080129623,0.03555861860513687
1495,comikaze,high_maturity,True,English,1.04,True,mature,0.49124999999999996,False,,-1,-0.08055913,0.078317344,0.07501503080129623,0.03555861860513687
1496,taxideranimalrights,high_maturity,False,CLIPese,0.0,True,mature,0.15162499999999998,False,,-1,0.12062901,0.15358628,0.07501503080129623,0.03555861860513687
1497,knopfler,high_maturity,True,English,1.91,True,mature,0.646175,False,,-1,-0.05703501,0.06516604,0.07501503080129623,0.03555861860513687
1498,mathematmathematcollagen,high_maturity,False,CLIPese,0.0,True,mature,0.44249999999999995,False,,-1,0.22759913,-0.1389151,0.07501503080129623,0.03555861860513687
1499,lgbtqihriausa,high_maturity,False,CLIPese,0.0,True,mature,0.36107500000000003,False,,-1,0.0685219,0.016113805,0.07501503080129623,0.03555861860513687
1500,lagunitas,high_maturity,True,English,1.91,True,mature,0.8967499999999999,True,mature_readable,69,0.07461765,0.07784103,0.07501503080129623,0.03555861860513687
1501,taxiderowls,high_maturity,False,CLIPese,0.0,True,mature,0.33872500000000005,False,,-1,0.1457836,0.22579916,0.07501503080129623,0.03555861860513687
1502,floweremojis,high_maturity,False,CLIPese,0.0,True,mature,0.612125,False,,-1,0.021306407,-0.009657547,0.07501503080129623,0.03555861860513687
1503,dilaik,high_maturity,False,CLIPese,0.0,True,mature,0.41215,False,,-1,0.27672106,0.20570697,0.07501503080129623,0.03555861860513687
1504,olantaxiderolancougar,high_maturity,False,CLIPese,0.0,True,mature,0.36785,False,,-1,0.2577864,0.13499948,0.07501503080129623,0.03555861860513687
1505,daffo,high_maturity,False,CLIPese,0.0,True,mature,0.801175,True,mature_readable,134,-0.09048846,0.032924086,0.07501503080129623,0.03555861860513687
1506,daisyspider,high_maturity,False,CLIPese,0.0,True,mature,0.715275,False,,-1,-0.062081266,0.0064041344,0.07501503080129623,0.03555861860513687
1507,chromorefrsteria,high_maturity,False,CLIPese,0.0,True,mature,0.6881499999999999,False,,-1,-0.13416784,-0.015251104,0.07501503080129623,0.03555861860513687
1508,rosetekken,high_maturity,False,CLIPese,0.0,True,mature,0.7141000000000001,False,,-1,0.18326275,0.07475829,0.07501503080129623,0.03555861860513687
1509,taxiderfoxes,high_maturity,False,CLIPese,0.0,True,mature,0.221225,False,,-1,0.18871626,0.2596901,0.07501503080129623,0.03555861860513687
1510,wavefractal,high_maturity,False,CLIPese,0.0,True,mature,0.606225,False,,-1,0.16381308,-0.29893985,0.07501503080129623,0.03555861860513687
1511,vikaskhanna,high_maturity,False,CLIPese,0.0,True,mature,0.2792,False,,-1,0.034122948,0.13063242,0.07501503080129623,0.03555861860513687
1512,lawnleash,high_maturity,False,CLIPese,0.0,True,mature,0.6901499999999999,True,fallback_fill,490,0.12384611,0.11630326,0.07501503080129623,0.03555861860513687
1513,categorpixel,high_maturity,False,CLIPese,0.0,True,mature,0.5184500000000001,False,,-1,0.02764825,-0.17466311,0.07501503080129623,0.03555861860513687
1514,viaduckworth,high_maturity,False,CLIPese,0.0,True,mature,0.060275,True,mature_weak,379,0.17068993,0.0124799665,0.07501503080129623,0.03555861860513687
1515,endocrpandas,high_maturity,False,CLIPese,0.0,True,mature,0.800875,True,mature_readable,128,0.008114057,0.08625619,0.07501503080129623,0.03555861860513687
1516,bikers,high_maturity,True,English,3.25,True,mature,0.78325,False,,-1,-0.31060418,0.031512577,0.07501503080129623,0.03555861860513687
1517,bassinet,high_maturity,True,English,2.27,True,mature,0.28255,False,,-1,-0.17190903,0.09557021,0.07501503080129623,0.03555861860513687
1518,silhoufigurine,high_maturity,False,CLIPese,0.0,True,mature,0.1461,False,,-1,0.019638479,0.04338034,0.07501503080129623,0.03555861860513687
1519,louboutshri,high_maturity,False,CLIPese,0.0,True,mature,0.164575,False,,-1,0.016555939,0.094358444,0.07501503080129623,0.03555861860513687
1520,psychedmarshmallows,high_maturity,False,CLIPese,0.0,True,mature,0.457375,False,,-1,0.17688246,-0.06622927,0.07501503080129623,0.03555861860513687
1521,sphersnowball,high_maturity,False,CLIPese,0.0,True,mature,0.708225,False,,-1,0.27882394,0.118657045,0.07501503080129623,0.03555861860513687
1522,chondri,high_maturity,False,CLIPese,0.0,True,mature,0.1948,False,,-1,-0.08207341,0.12102195,0.07501503080129623,0.03555861860513687
1523,contracepcontainer,high_maturity,False,CLIPese,0.0,True,mature,0.332775,False,,-1,-0.10807073,0.064153306,0.07501503080129623,0.03555861860513687
1524,taxiderpoutine,high_maturity,False,CLIPese,0.0,True,mature,0.369975,False,,-1,0.26624697,0.14326866,0.07501503080129623,0.03555861860513687
1525,chromocells,high_maturity,False,CLIPese,0.0,True,mature,0.326275,False,,-1,-0.1975778,-0.088670254,0.07501503080129623,0.03555861860513687
1526,emiratesair,high_maturity,False,CLIPese,0.0,True,mature,0.7102,True,fallback_fill,496,0.1562362,0.111580096,0.07501503080129623,0.03555861860513687
1527,ballybo,high_maturity,False,CLIPese,0.0,True,mature,0.693825,False,,-1,-0.09439669,0.052329917,0.07501503080129623,0.03555861860513687
1528,rubiamiibo,high_maturity,False,CLIPese,0.0,True,mature,0.7528250000000001,True,mature_readable,234,0.25937763,0.06731191,0.07501503080129623,0.03555861860513687
1529,cyclists,high_maturity,True,English,3.69,True,mature,0.7104500000000001,False,,-1,-0.24406324,0.034174334,0.07501503080129623,0.03555861860513687
1530,coastpath,high_maturity,False,CLIPese,0.0,True,mature,0.9041499999999999,True,mature_readable,77,-0.2402495,-0.0007425125,0.07501503080129623,0.03555861860513687
1531,coffeeday,high_maturity,False,CLIPese,0.0,True,mature,0.88205,True,mature_readable,206,-0.33499724,-0.012440128,0.07501503080129623,0.03555861860513687
1532,cataugmenteclassification,high_maturity,False,CLIPese,0.0,True,mature,0.383675,False,,-1,0.07397766,0.0037620093,0.07501503080129623,0.03555861860513687
1533,chennai,high_maturity,True,English,3.52,True,mature,0.8101250000000001,True,orthographic_hard,39,-0.18271402,0.038548518,0.07501503080129623,0.03555861860513687
1534,aberavon,high_maturity,True,English,1.74,True,mature,0.7603,False,,-1,-0.005428634,0.08276367,0.07501503080129623,0.03555861860513687
1535,mascarmissingwally,high_maturity,False,CLIPese,0.0,True,mature,0.21262500000000004,False,,-1,0.18372963,0.015800599,0.07501503080129623,0.03555861860513687
1536,angrybirds,high_maturity,False,CLIPese,0.0,True,mature,0.7119500000000001,False,,-1,-0.30762067,0.07114395,0.07501503080129623,0.03555861860513687
1537,mattypixelart,high_maturity,False,CLIPese,0.0,True,mature,0.1784,False,,-1,0.15228957,-0.16278717,0.07501503080129623,0.03555861860513687
1538,zombitextglitch,high_maturity,False,CLIPese,0.0,True,mature,0.33410000000000006,False,,-1,0.066745244,-0.27179086,0.07501503080129623,0.03555861860513687
1539,furnfurncomputriplets,high_maturity,False,CLIPese,0.0,True,mature,0.287475,False,,-1,0.2437863,-0.04748255,0.07501503080129623,0.03555861860513687
1540,aztemissingmeasles,high_maturity,False,CLIPese,0.0,True,mature,0.6009749999999999,False,,-1,-0.02838375,-0.027039453,0.07501503080129623,0.03555861860513687
1541,taxiderborder,high_maturity,False,CLIPese,0.0,True,mature,0.3434,False,,-1,0.17795259,0.14361343,0.07501503080129623,0.03555861860513687
1542,taxiderconceptart,high_maturity,False,CLIPese,0.0,True,mature,0.11912500000000001,False,,-1,0.1485689,0.16793819,0.07501503080129623,0.03555861860513687
1543,macedpygwildsheep,high_maturity,False,CLIPese,0.0,True,mature,0.25470000000000004,False,,-1,0.1908363,0.19111627,0.07501503080129623,0.03555861860513687
1544,orangupsychedenhanced,high_maturity,False,CLIPese,0.0,True,mature,0.11202500000000001,False,,-1,0.25242722,-0.02733433,0.07501503080129623,0.03555861860513687
1545,tornadgrowler,high_maturity,False,CLIPese,0.0,True,mature,0.67405,True,fallback_fill,508,0.09222227,0.16525784,0.07501503080129623,0.03555861860513687
1546,pileduplicspades,high_maturity,False,CLIPese,0.0,True,mature,0.265475,False,,-1,0.1436364,-0.008627934,0.07501503080129623,0.03555861860513687
1547,taxiderfigurine,high_maturity,False,CLIPese,0.0,True,mature,0.3477,False,,-1,0.07826505,0.17819224,0.07501503080129623,0.03555861860513687
1548,labrabreed,high_maturity,False,CLIPese,0.0,True,mature,0.417725,False,,-1,-0.0058823456,0.16624376,0.07501503080129623,0.03555861860513687
1549,abstrmri,high_maturity,False,CLIPese,0.0,True,mature,0.221175,False,,-1,0.23355182,-0.32558882,0.07501503080129623,0.03555861860513687
1550,extruorice,high_maturity,False,CLIPese,0.0,True,mature,0.44957499999999995,False,,-1,-0.021146778,0.009051403,0.07501503080129623,0.03555861860513687
1551,colourcarpet,high_maturity,False,CLIPese,0.0,True,mature,0.31689999999999996,False,,-1,-0.03748199,-0.26507768,0.07501503080129623,0.03555861860513687
1552,navyparachstunt,high_maturity,False,CLIPese,0.0,True,mature,0.535075,False,,-1,0.15756918,0.1318262,0.07501503080129623,0.03555861860513687
1553,plovers,high_maturity,True,English,2.09,True,mature,0.765025,True,orthographic_hard,10,-0.05539679,0.16721791,0.07501503080129623,0.03555861860513687
1554,angelcake,high_maturity,False,CLIPese,0.0,True,mature,0.863925,True,mature_readable,114,-0.14798616,0.089066535,0.07501503080129623,0.03555861860513687
1555,militarypretzels,high_maturity,False,CLIPese,0.0,True,mature,0.7127749999999999,True,mature_readable,239,-0.012546398,0.05184924,0.07501503080129623,0.03555861860513687
1556,hocane,high_maturity,False,CLIPese,0.0,True,mature,0.7531999999999999,True,mature_readable,247,0.096284546,0.18464959,0.07501503080129623,0.03555861860513687
1557,biker,high_maturity,True,English,3.37,True,mature,0.28695000000000004,False,,-1,-0.34412423,0.04329295,0.07501503080129623,0.03555861860513687
1558,kaleidobradford,high_maturity,False,CLIPese,0.0,True,mature,0.42650000000000005,False,,-1,0.38995248,-0.36439255,0.07501503080129623,0.03555861860513687
1559,jitmonet,high_maturity,False,CLIPese,0.0,True,mature,0.781175,True,mature_readable,166,0.057938527,-0.118376076,0.07501503080129623,0.03555861860513687
1560,paoloinuit,high_maturity,False,CLIPese,0.0,True,mature,0.49805,False,,-1,0.22389308,0.122951366,0.07501503080129623,0.03555861860513687
1561,psychedfuzzy,high_maturity,False,CLIPese,0.0,True,mature,0.303075,False,,-1,0.19561502,-0.254351,0.07501503080129623,0.03555861860513687
1562,gymnaorienteering,high_maturity,False,CLIPese,0.0,True,mature,0.218875,False,,-1,0.06980643,0.020930758,0.07501503080129623,0.03555861860513687
1563,lapkus,high_maturity,True,English,1.19,True,mature,0.72155,True,fallback_fill,509,0.21815394,0.18523562,0.07501503080129623,0.03555861860513687
1564,kaleidopixel,high_maturity,False,CLIPese,0.0,True,mature,0.1313,False,,-1,0.36141324,-0.49720997,0.07501503080129623,0.03555861860513687
1565,christmatopper,high_maturity,False,CLIPese,0.0,True,mature,0.452075,False,,-1,-0.040479124,0.048593435,0.07501503080129623,0.03555861860513687
1566,ozarwilddogs,high_maturity,False,CLIPese,0.0,True,mature,0.505975,False,,-1,0.21911985,0.26899156,0.07501503080129623,0.03555861860513687
1567,quicklibertystickers,high_maturity,False,CLIPese,0.0,True,mature,0.5718749999999999,False,,-1,0.09070238,-0.041724663,0.07501503080129623,0.03555861860513687
1568,zeewavestacked,high_maturity,False,CLIPese,0.0,True,mature,0.5136000000000001,False,,-1,0.10694268,-0.11273413,0.07501503080129623,0.03555861860513687
1569,doughmacfarolulu,high_maturity,False,CLIPese,0.0,True,mature,0.15962500000000002,True,mature_weak,422,0.17237017,0.1272949,0.07501503080129623,0.03555861860513687
1570,kaleidomicroscopy,high_maturity,False,CLIPese,0.0,True,mature,0.2611,False,,-1,0.2998123,-0.26141605,0.07501503080129623,0.03555861860513687
1571,puplovers,high_maturity,False,CLIPese,0.0,True,mature,0.736175,True,orthographic_hard,11,0.13793206,0.19013773,0.07501503080129623,0.03555861860513687
1572,kaleidocraze,high_maturity,False,CLIPese,0.0,True,mature,0.26495,False,,-1,0.23669587,-0.46846995,0.07501503080129623,0.03555861860513687
1573,mathematretina,high_maturity,False,CLIPese,0.0,True,mature,0.46252499999999996,False,,-1,0.25349322,-0.09529701,0.07501503080129623,0.03555861860513687
1574,smolnvidia,high_maturity,False,CLIPese,0.0,True,mature,0.487,False,,-1,0.34660432,0.14718485,0.07501503080129623,0.03555861860513687
1575,saxophonairsoft,high_maturity,False,CLIPese,0.0,True,mature,0.6127,False,,-1,0.059968118,0.07851866,0.07501503080129623,0.03555861860513687
1576,tballcircleboxes,high_maturity,False,CLIPese,0.0,True,mature,0.49779999999999996,False,,-1,0.197134,-0.0038877286,0.07501503080129623,0.03555861860513687
1577,rattmitztrees,high_maturity,False,CLIPese,0.0,True,mature,0.764375,True,mature_readable,260,0.051680963,0.102049775,0.07501503080129623,0.03555861860513687
1578,panorsynthesizer,high_maturity,False,CLIPese,0.0,True,mature,0.21267499999999998,False,,-1,0.22701609,-0.09194012,0.07501503080129623,0.03555861860513687
1579,pixelpsychedarray,high_maturity,False,CLIPese,0.0,True,mature,0.18450000000000003,False,,-1,0.1567885,-0.37120354,0.07501503080129623,0.03555861860513687
1580,sawhorse,high_maturity,True,English,1.49,True,mature,0.45357499999999995,False,,-1,-0.07763537,0.11011225,0.07501503080129623,0.03555861860513687
1581,neatcauliflower,high_maturity,False,CLIPese,0.0,True,mature,0.5486249999999999,False,,-1,0.015386249,0.04653638,0.07501503080129623,0.03555861860513687
1582,swachhbswapping,high_maturity,False,CLIPese,0.0,True,mature,0.39467499999999994,False,,-1,0.108195506,-0.040516082,0.07501503080129623,0.03555861860513687
1583,counterfehdr,high_maturity,False,CLIPese,0.0,True,mature,0.20120000000000002,False,,-1,-0.11417044,-0.1593133,0.07501503080129623,0.03555861860513687
1584,kaleidogenerative,high_maturity,False,CLIPese,0.0,True,mature,0.096525,False,,-1,0.2119264,-0.50639325,0.07501503080129623,0.03555861860513687
1585,orbminion,high_maturity,False,CLIPese,0.0,True,mature,0.758875,True,mature_readable,191,0.046074376,0.1075474,0.07501503080129623,0.03555861860513687
1586,mansfaceswap,high_maturity,False,CLIPese,0.0,True,mature,0.5521999999999999,False,,-1,0.041646495,-0.065047115,0.07501503080129623,0.03555861860513687
1587,nanorender,high_maturity,False,CLIPese,0.0,True,mature,0.881575,True,orthographic_hard,42,0.16630262,-0.13200936,0.07501503080129623,0.03555861860513687
1588,beachlife,high_maturity,False,CLIPese,0.0,True,mature,0.220375,False,,-1,-0.36840943,-0.015650012,0.07501503080129623,0.03555861860513687
1589,ivankat,high_maturity,False,CLIPese,0.0,True,mature,0.5274,False,,-1,0.046105973,0.08206371,0.07501503080129623,0.03555861860513687
1590,jodhaakbar,high_maturity,False,CLIPese,0.0,True,mature,0.288375,False,,-1,-0.031023987,0.038290344,0.07501503080129623,0.03555861860513687
1591,eliesaab,high_maturity,False,CLIPese,0.0,True,mature,0.214325,False,,-1,0.070149355,0.06416575,0.07501503080129623,0.03555861860513687
1592,cupftp,high_maturity,False,CLIPese,0.0,True,mature,0.69865,False,,-1,-0.16997144,-0.02275291,0.07501503080129623,0.03555861860513687
1593,portraitsilhouette,high_maturity,False,CLIPese,0.0,True,mature,0.10072500000000001,True,mature_weak,393,-0.016251907,-0.030442778,0.07501503080129623,0.03555861860513687
1594,hobbyhorse,high_maturity,True,English,1.46,True,mature,0.6354000000000001,False,,-1,-0.047581844,0.13907303,0.07501503080129623,0.03555861860513687
1595,crayglitch,high_maturity,False,CLIPese,0.0,True,mature,0.25217500000000004,False,,-1,-0.15424022,-0.28602022,0.07501503080129623,0.03555861860513687
1596,pillowraisethestick,high_maturity,False,CLIPese,0.0,True,mature,0.252925,False,,-1,0.063923344,0.06662753,0.07501503080129623,0.03555861860513687
1597,englandrender,high_maturity,False,CLIPese,0.0,True,mature,0.667625,True,orthographic_hard,43,0.10978105,-0.073882125,0.07501503080129623,0.03555861860513687
1598,zombiemojis,high_maturity,False,CLIPese,0.0,True,mature,0.5797249999999999,False,,-1,0.023380157,-0.051044747,0.07501503080129623,0.03555861860513687
1599,marblesofa,high_maturity,False,CLIPese,0.0,True,mature,0.6234,False,,-1,0.06515308,-0.022867072,0.07501503080129623,0.03555861860513687
1600,anderlecht,high_maturity,True,English,2.56,True,mature,0.550475,False,,-1,-0.21950835,0.04510902,0.07501503080129623,0.03555861860513687
1601,bowli,high_maturity,False,CLIPese,0.0,True,mature,0.7319,False,,-1,-0.022467155,0.11144985,0.07501503080129623,0.03555861860513687
1602,horserdressage,high_maturity,False,CLIPese,0.0,True,mature,0.673925,False,,-1,0.12681638,0.13953349,0.07501503080129623,0.03555861860513687
1603,dalmatisuke,high_maturity,False,CLIPese,0.0,True,mature,0.55645,False,,-1,0.133171,0.18350239,0.07501503080129623,0.03555861860513687
1604,seapconnie,high_maturity,False,CLIPese,0.0,True,mature,0.401525,False,,-1,0.1338168,0.13991286,0.07501503080129623,0.03555861860513687
1605,seapsimulcollage,high_maturity,False,CLIPese,0.0,True,mature,0.290375,False,,-1,0.1579535,-0.10277741,0.07501503080129623,0.03555861860513687
1606,orangufrenpsychedelic,high_maturity,False,CLIPese,0.0,True,mature,0.250725,False,,-1,0.19648372,-0.005621257,0.07501503080129623,0.03555861860513687
1607,lamjarred,high_maturity,False,CLIPese,0.0,True,mature,0.2591,False,,-1,0.015487213,0.052134495,0.07501503080129623,0.03555861860513687
1608,cliffventilation,high_maturity,False,CLIPese,0.0,True,mature,0.464375,False,,-1,-0.07245782,0.061898254,0.07501503080129623,0.03555861860513687
1609,stalaheminutephapears,high_maturity,False,CLIPese,0.0,True,mature,0.29055000000000003,False,,-1,0.07028771,0.05814305,0.07501503080129623,0.03555861860513687
1610,crystscanned,high_maturity,False,CLIPese,0.0,True,mature,0.48092500000000005,False,,-1,-0.08988152,-0.3081851,0.07501503080129623,0.03555861860513687
1611,artochocolate,high_maturity,False,CLIPese,0.0,True,mature,0.700425,False,,-1,-0.22980575,-0.00028772547,0.07501503080129623,0.03555861860513687
1612,loafbasking,high_maturity,False,CLIPese,0.0,True,mature,0.448825,False,,-1,-0.05478464,0.05884458,0.07501503080129623,0.03555861860513687
1613,configurloops,high_maturity,False,CLIPese,0.0,True,mature,0.66845,False,,-1,-0.05428975,-0.12659821,0.07501503080129623,0.03555861860513687
1614,wazwaldo,high_maturity,False,CLIPese,0.0,True,mature,0.8633,True,mature_readable,71,0.017302228,-0.02689927,0.07501503080129623,0.03555861860513687
1615,ninjskell,high_maturity,False,CLIPese,0.0,True,mature,0.34875,False,,-1,0.061486546,0.06549386,0.07501503080129623,0.03555861860513687
1616,canadaam,high_maturity,False,CLIPese,0.0,True,mature,0.6404249999999999,False,,-1,-0.23131725,0.03912274,0.07501503080129623,0.03555861860513687
1617,kaleidoandolan,high_maturity,False,CLIPese,0.0,True,mature,0.17425,False,,-1,0.35463205,-0.31736004,0.07501503080129623,0.03555861860513687
1618,tulear,high_maturity,True,English,1.18,True,mature,0.310025,False,,-1,0.16996622,0.25976884,0.07501503080129623,0.03555861860513687
1619,asserrotterdam,high_maturity,False,CLIPese,0.0,True,mature,0.734225,True,mature_readable,262,-0.029408192,0.058791783,0.07501503080129623,0.03555861860513687
1620,onette,high_maturity,False,CLIPese,0.0,True,mature,0.78635,True,mature_readable,228,0.1931901,0.15169552,0.07501503080129623,0.03555861860513687
1621,asants,high_maturity,False,CLIPese,0.0,True,mature,0.1832,False,,-1,-0.17456165,0.11783319,0.07501503080129623,0.03555861860513687
1622,cyberroblox,high_maturity,False,CLIPese,0.0,True,mature,0.53905,False,,-1,-0.1895537,-0.10951167,0.07501503080129623,0.03555861860513687
1623,elengcopernictapegpu,high_maturity,False,CLIPese,0.0,True,mature,0.18869999999999998,False,,-1,0.3498081,-0.06189791,0.07501503080129623,0.03555861860513687
1624,bcbeer,high_maturity,False,CLIPese,0.0,True,mature,0.8613749999999999,True,mature_readable,196,-0.28064746,-0.0073980237,0.07501503080129623,0.03555861860513687
1625,orangujissquirrel,high_maturity,False,CLIPese,0.0,True,mature,0.306775,False,,-1,0.08284071,0.23006082,0.07501503080129623,0.03555861860513687
1626,skelcrysttrippy,high_maturity,False,CLIPese,0.0,True,mature,0.376475,False,,-1,0.2584775,-0.21666259,0.07501503080129623,0.03555861860513687
1627,guangpandas,high_maturity,False,CLIPese,0.0,True,mature,0.698025,False,,-1,0.17171924,0.1846836,0.07501503080129623,0.03555861860513687
1628,kaleidotranslucent,high_maturity,False,CLIPese,0.0,True,mature,0.1214,False,,-1,0.3183333,-0.3841374,0.07501503080129623,0.03555861860513687
1629,dalmatisika,high_maturity,False,CLIPese,0.0,True,mature,0.4244,False,,-1,0.15981989,0.17821515,0.07501503080129623,0.03555861860513687
1630,autuclutter,high_maturity,False,CLIPese,0.0,True,mature,0.5606000000000001,False,,-1,-0.18239179,-0.06856523,0.07501503080129623,0.03555861860513687
1631,cauliyuri,high_maturity,False,CLIPese,0.0,True,mature,0.210325,False,,-1,0.16189653,0.05976521,0.07501503080129623,0.03555861860513687
1632,evanhalen,high_maturity,False,CLIPese,0.0,True,mature,0.9553,True,mature_readable,57,0.015521568,0.067730226,0.07501503080129623,0.03555861860513687
1633,colombiais,high_maturity,False,CLIPese,0.0,True,mature,0.8187499999999999,True,mature_readable,222,-0.1880763,0.033384413,0.07501503080129623,0.03555861860513687
1634,krakat,high_maturity,False,CLIPese,0.0,True,mature,0.7599,False,,-1,0.115073234,0.10694165,0.07501503080129623,0.03555861860513687
1635,renko,high_maturity,True,English,1.87,True,mature,0.936525,True,mature_readable,64,0.16474149,0.15684672,0.07501503080129623,0.03555861860513687
1636,catdog,high_maturity,True,English,1.9,True,mature,0.5923499999999999,True,orthographic_hard,2,-0.18387464,0.12536977,0.07501503080129623,0.03555861860513687
1637,trossachs,high_maturity,True,English,1.92,True,mature,0.934925,True,mature_readable,52,-0.11589155,0.06821261,0.07501503080129623,0.03555861860513687
1638,clippiday,high_maturity,False,CLIPese,0.0,True,mature,0.9418000000000001,True,mature_readable,107,-0.3251685,-0.0018070928,0.07501503080129623,0.03555861860513687
1639,mandelmicroscopy,high_maturity,False,CLIPese,0.0,True,mature,0.15115,False,,-1,0.10361172,-0.19363454,0.07501503080129623,0.03555861860513687
1640,powderham,high_maturity,True,English,1.06,True,mature,0.732125,True,mature_readable,253,-0.02244268,0.12080049,0.07501503080129623,0.03555861860513687
1641,bestofrgb,high_maturity,False,CLIPese,0.0,True,mature,0.45547499999999996,False,,-1,0.19624849,-0.093732014,0.07501503080129623,0.03555861860513687
1642,macedcheetah,high_maturity,False,CLIPese,0.0,True,mature,0.666525,True,orthographic_hard,29,0.15855555,0.22900905,0.07501503080129623,0.03555861860513687
1643,epiletapemicroscopy,high_maturity,False,CLIPese,0.0,True,mature,0.312525,False,,-1,0.18379228,-0.22893439,0.07501503080129623,0.03555861860513687
1644,labraherd,high_maturity,False,CLIPese,0.0,True,mature,0.3746,False,,-1,0.23651893,0.18694468,0.07501503080129623,0.03555861860513687
1645,portraitstencil,high_maturity,False,CLIPese,0.0,True,mature,0.15305000000000002,False,,-1,0.20735657,-0.12844957,0.07501503080129623,0.03555861860513687
1646,mongoshirtless,high_maturity,False,CLIPese,0.0,True,mature,0.4518499999999999,False,,-1,0.117034934,0.07482158,0.07501503080129623,0.03555861860513687
1647,clowalf,high_maturity,False,CLIPese,0.0,True,mature,0.41815,False,,-1,-0.13438089,0.04391191,0.07501503080129623,0.03555861860513687
1648,pomegran,high_maturity,False,CLIPese,0.0,True,mature,0.26687500000000003,False,,-1,0.18617897,0.114240505,0.07501503080129623,0.03555861860513687
1649,harampixelart,high_maturity,False,CLIPese,0.0,True,mature,0.32085,False,,-1,0.19559237,-0.1440538,0.07501503080129623,0.03555861860513687
1650,barclaygrid,high_maturity,False,CLIPese,0.0,True,mature,0.62695,False,,-1,-0.08921056,-0.08798539,0.07501503080129623,0.03555861860513687
1651,louboutassets,high_maturity,False,CLIPese,0.0,True,mature,0.17607499999999998,False,,-1,-0.030279264,0.088568516,0.07501503080129623,0.03555861860513687
1652,britishfarming,high_maturity,False,CLIPese,0.0,True,mature,0.7682249999999999,True,mature_readable,215,-0.2807705,0.04209281,0.07501503080129623,0.03555861860513687
1653,atriathlon,high_maturity,False,CLIPese,0.0,True,mature,0.798175,True,mature_readable,187,-0.17723155,0.009949207,0.07501503080129623,0.03555861860513687
1654,brickchunks,high_maturity,False,CLIPese,0.0,True,mature,0.510475,False,,-1,-0.20549521,-0.119535565,0.07501503080129623,0.03555861860513687
1655,distorkaleidostare,high_maturity,False,CLIPese,0.0,True,mature,0.1075,False,,-1,0.36907172,-0.35157698,0.07501503080129623,0.03555861860513687
1656,photomkaleidomedusa,high_maturity,False,CLIPese,0.0,True,mature,0.081925,True,mature_weak,395,0.30663353,-0.18942767,0.07501503080129623,0.03555861860513687
1657,kaleidosynthesis,high_maturity,False,CLIPese,0.0,True,mature,0.245475,False,,-1,0.27034244,-0.46195814,0.07501503080129623,0.03555861860513687
1658,blondog,high_maturity,False,CLIPese,0.0,True,mature,0.7445,True,fallback_fill,505,-0.08173988,0.15721816,0.07501503080129623,0.03555861860513687
1659,candel,high_maturity,True,English,1.24,True,mature,0.947175,True,mature_readable,65,-0.27773473,-0.023124589,0.07501503080129623,0.03555861860513687
1660,aluminmathematdeeply,high_maturity,False,CLIPese,0.0,True,mature,0.265725,False,,-1,0.076675825,-0.2055051,0.07501503080129623,0.03555861860513687
1661,mysterywaldo,high_maturity,False,CLIPese,0.0,True,mature,0.4638,False,,-1,-0.0008352579,0.028402442,0.07501503080129623,0.03555861860513687
1662,rummiku,high_maturity,False,CLIPese,0.0,True,mature,0.76755,True,mature_readable,256,0.15840407,0.12031904,0.07501503080129623,0.03555861860513687
1663,artichorendering,high_maturity,False,CLIPese,0.0,True,mature,0.32257500000000006,False,,-1,0.29411763,0.058487438,0.07501503080129623,0.03555861860513687
1664,attackdoors,high_maturity,False,CLIPese,0.0,True,mature,0.7646000000000001,True,mature_readable,278,-0.25518554,0.013154775,0.07501503080129623,0.03555861860513687
1665,gigabkraft,high_maturity,False,CLIPese,0.0,True,mature,0.289175,False,,-1,0.11557726,0.039868254,0.07501503080129623,0.03555861860513687
1666,navyfractal,high_maturity,False,CLIPese,0.0,True,mature,0.51115,False,,-1,0.23359126,-0.33331534,0.07501503080129623,0.03555861860513687
1667,lawrenceearrings,high_maturity,False,CLIPese,0.0,True,mature,0.55205,False,,-1,0.008149051,0.067223154,0.07501503080129623,0.03555861860513687
1668,stateoctagon,high_maturity,False,CLIPese,0.0,True,mature,0.8320749999999999,True,mature_readable,108,0.087181106,0.014392746,0.07501503080129623,0.03555861860513687
1669,schwarzflurmugshot,high_maturity,False,CLIPese,0.0,True,mature,0.39005,False,,-1,0.25847587,0.028799204,0.07501503080129623,0.03555861860513687
1670,brownies,high_maturity,True,English,3.19,True,mature,0.88315,True,mature_readable,111,-0.26235774,0.052186176,0.07501503080129623,0.03555861860513687
1671,shilpashetty,high_maturity,False,CLIPese,0.0,True,mature,0.293925,False,,-1,0.025714174,0.17605251,0.07501503080129623,0.03555861860513687
1672,catdoge,high_maturity,False,CLIPese,0.0,True,mature,0.8110749999999999,True,orthographic_hard,3,-0.21186833,0.09903416,0.07501503080129623,0.03555861860513687
1673,anglesey,high_maturity,True,English,2.9,True,mature,0.7096,False,,-1,-0.240411,0.021744402,0.07501503080129623,0.03555861860513687
1674,abasketball,high_maturity,False,CLIPese,0.0,True,mature,0.5949,False,,-1,-0.21705398,0.036201227,0.07501503080129623,0.03555861860513687
1675,matisse,high_maturity,True,English,2.88,True,mature,0.595,False,,-1,-0.043125596,-0.009347667,0.07501503080129623,0.03555861860513687
1676,funkosnapchat,high_maturity,False,CLIPese,0.0,True,mature,0.5582,False,,-1,0.15415838,0.05067582,0.07501503080129623,0.03555861860513687
1677,mboldo,high_maturity,False,CLIPese,0.0,True,mature,0.40764999999999996,False,,-1,0.19513601,0.07456649,0.07501503080129623,0.03555861860513687
1678,chinasea,high_maturity,False,CLIPese,0.0,True,mature,0.7175750000000001,False,,-1,-0.15342191,0.042858396,0.07501503080129623,0.03555861860513687
1679,taxiderouf,high_maturity,False,CLIPese,0.0,True,mature,0.24457500000000001,False,,-1,0.14255793,0.20366809,0.07501503080129623,0.03555861860513687
1680,braids,high_maturity,True,English,3.01,True,mature,0.750475,False,,-1,-0.1636923,-0.010725512,0.07501503080129623,0.03555861860513687
1681,autisma,high_maturity,False,CLIPese,0.0,True,mature,0.5347,False,,-1,-0.20049527,-0.0346789,0.07501503080129623,0.03555861860513687
1682,ducklookout,high_maturity,False,CLIPese,0.0,True,mature,0.6799750000000001,True,fallback_fill,486,-0.017948063,0.13255985,0.07501503080129623,0.03555861860513687
1683,cesaro,high_maturity,True,English,2.47,True,mature,0.7892499999999999,True,mature_readable,176,0.021955889,0.12949717,0.07501503080129623,0.03555861860513687
1684,swordlockheed,high_maturity,False,CLIPese,0.0,True,mature,0.5566749999999999,False,,-1,0.29026562,0.15111902,0.07501503080129623,0.03555861860513687
1685,taxiderfox,high_maturity,False,CLIPese,0.0,True,mature,0.3209,False,,-1,0.22210309,0.30968067,0.07501503080129623,0.03555861860513687
1686,disintegrmonet,high_maturity,False,CLIPese,0.0,True,mature,0.31957500000000005,False,,-1,0.21301216,-0.20479287,0.07501503080129623,0.03555861860513687
1687,kaleidophotographing,high_maturity,False,CLIPese,0.0,True,mature,0.051750000000000004,False,,-1,0.25636587,-0.45294458,0.07501503080129623,0.03555861860513687
1688,giovgeometric,high_maturity,False,CLIPese,0.0,True,mature,0.33630000000000004,False,,-1,0.33308893,-0.042426117,0.07501503080129623,0.03555861860513687
1689,cliffcliff,high_maturity,False,CLIPese,0.0,True,mature,0.555,False,,-1,-0.23805214,0.039206203,0.07501503080129623,0.03555861860513687
1690,pomegranate,high_maturity,True,English,2.93,True,mature,0.611425,False,,-1,0.02569153,0.1242328,0.07501503080129623,0.03555861860513687
1691,squidpixelart,high_maturity,False,CLIPese,0.0,True,mature,0.23920000000000002,False,,-1,0.11209947,-0.07957815,0.07501503080129623,0.03555861860513687
1692,monkeyhdr,high_maturity,False,CLIPese,0.0,True,mature,0.47532499999999994,False,,-1,0.016299639,-0.018452076,0.07501503080129623,0.03555861860513687
1693,buildtrooper,high_maturity,False,CLIPese,0.0,True,mature,0.764025,True,mature_readable,195,0.023718985,0.065238565,0.07501503080129623,0.03555861860513687
1694,sheepfractal,high_maturity,False,CLIPese,0.0,True,mature,0.4317,False,,-1,0.26339647,-0.24155283,0.07501503080129623,0.03555861860513687
1695,germinavocado,high_maturity,False,CLIPese,0.0,True,mature,0.59445,False,,-1,0.08100064,0.13688888,0.07501503080129623,0.03555861860513687
1696,outburger,high_maturity,False,CLIPese,0.0,True,mature,0.9305249999999998,True,mature_readable,56,-0.116799556,0.10836818,0.07501503080129623,0.03555861860513687
1697,kaleidoshulpixel,high_maturity,False,CLIPese,0.0,True,mature,0.19140000000000001,False,,-1,0.32269606,-0.46609002,0.07501503080129623,0.03555861860513687
1698,adopttrees,high_maturity,False,CLIPese,0.0,True,mature,0.8054999999999999,True,mature_readable,160,-0.12762313,0.044262387,0.07501503080129623,0.03555861860513687
1699,breweries,high_maturity,True,English,3.27,True,mature,0.897,True,mature_readable,88,-0.2976447,0.032008693,0.07501503080129623,0.03555861860513687
1700,katrantzou,high_maturity,True,English,1.37,True,mature,0.3053,False,,-1,0.122391745,-0.102433965,0.07501503080129623,0.03555861860513687
1701,frantaxidercoyotes,high_maturity,False,CLIPese,0.0,True,mature,0.7462000000000001,False,,-1,0.18612368,0.18412079,0.07501503080129623,0.03555861860513687
1702,hypnopixelart,high_maturity,False,CLIPese,0.0,True,mature,0.25634999999999997,False,,-1,0.111095786,-0.24242184,0.07501503080129623,0.03555861860513687
1703,colourpercentage,high_maturity,False,CLIPese,0.0,True,mature,0.57695,False,,-1,-0.0022651223,-0.14252532,0.07501503080129623,0.03555861860513687
1704,orangubrenda,high_maturity,False,CLIPese,0.0,True,mature,0.37085,False,,-1,0.05339835,0.18907349,0.07501503080129623,0.03555861860513687
1705,nycemojis,high_maturity,False,CLIPese,0.0,True,mature,0.8134,False,,-1,0.040880546,-0.026395205,0.07501503080129623,0.03555861860513687
1706,photomfractal,high_maturity,False,CLIPese,0.0,True,mature,0.06627500000000001,True,mature_weak,370,0.06900832,-0.37066323,0.07501503080129623,0.03555861860513687
1707,sphermatrix,high_maturity,False,CLIPese,0.0,True,mature,0.18322499999999997,False,,-1,0.19950855,-0.107310064,0.07501503080129623,0.03555861860513687
1708,democrsafarilive,high_maturity,False,CLIPese,0.0,True,mature,0.152675,False,,-1,0.014401866,0.07946429,0.07501503080129623,0.03555861860513687
1709,sharkmathematgopro,high_maturity,False,CLIPese,0.0,True,mature,0.4861000000000001,False,,-1,0.27128637,0.020933969,0.07501503080129623,0.03555861860513687
1710,lufalfa,high_maturity,False,CLIPese,0.0,True,mature,0.50945,False,,-1,0.000366706,0.11885447,0.07501503080129623,0.03555861860513687
1711,valuepixelart,high_maturity,False,CLIPese,0.0,True,mature,0.136475,False,,-1,-0.017141383,-0.21263209,0.07501503080129623,0.03555861860513687
1712,bbcbratfrequency,high_maturity,False,CLIPese,0.0,True,mature,0.669025,True,orthographic_hard,31,-0.022271054,-0.12015902,0.07501503080129623,0.03555861860513687
1713,medalcutout,high_maturity,False,CLIPese,0.0,True,mature,0.757725,True,mature_readable,203,0.09957938,-0.09487203,0.07501503080129623,0.03555861860513687
1714,kaleidoinfrared,high_maturity,False,CLIPese,0.0,True,mature,0.34902500000000003,False,,-1,0.27611747,-0.46680853,0.07501503080129623,0.03555861860513687
1715,pokladybug,high_maturity,False,CLIPese,0.0,True,mature,0.656475,True,fallback_fill,510,0.021753319,0.13826944,0.07501503080129623,0.03555861860513687
1716,sunilgrover,high_maturity,False,CLIPese,0.0,True,mature,0.40122500000000005,False,,-1,-0.04526402,0.13165708,0.07501503080129623,0.03555861860513687
1717,cannabismuenady,high_maturity,False,CLIPese,0.0,True,mature,0.9042250000000001,True,mature_readable,60,-0.02626081,-0.009399097,0.07501503080129623,0.03555861860513687
1718,toga,high_maturity,True,English,2.73,True,mature,0.7922499999999999,True,mature_readable,180,0.06260977,0.15101486,0.07501503080129623,0.03555861860513687
1719,bhopal,high_maturity,True,English,2.79,True,mature,0.84075,True,mature_readable,135,-0.010246989,0.03346896,0.07501503080129623,0.03555861860513687
1720,gringodawgs,high_maturity,False,CLIPese,0.0,True,mature,0.2131,False,,-1,0.07888684,0.23366511,0.07501503080129623,0.03555861860513687
1721,blanchett,high_maturity,True,English,2.53,True,mature,0.53775,False,,-1,-0.09323395,0.10313544,0.07501503080129623,0.03555861860513687
1722,khound,high_maturity,False,CLIPese,0.0,True,mature,0.46914999999999996,False,,-1,0.19598383,0.26396766,0.07501503080129623,0.03555861860513687
1723,tuxfluffymeowalfie,high_maturity,False,CLIPese,0.0,True,mature,0.365425,False,,-1,0.2736269,0.17934927,0.07501503080129623,0.03555861860513687
1724,marathdelavinpikachu,high_maturity,False,CLIPese,0.0,True,mature,0.5754000000000001,False,,-1,0.019389689,0.11723083,0.07501503080129623,0.03555861860513687
1725,pyarkeaisebhi,high_maturity,False,CLIPese,0.0,True,mature,0.4793,False,,-1,0.04642852,0.034040436,0.07501503080129623,0.03555861860513687
1726,morphorender,high_maturity,False,CLIPese,0.0,True,mature,0.45185000000000003,False,,-1,0.1489303,-0.10257609,0.07501503080129623,0.03555861860513687
1727,okuwarhol,high_maturity,False,CLIPese,0.0,True,mature,0.591775,False,,-1,0.15374024,-0.15250476,0.07501503080129623,0.03555861860513687
1728,austrboar,high_maturity,False,CLIPese,0.0,True,mature,0.45587500000000003,False,,-1,0.06991989,0.15923207,0.07501503080129623,0.03555861860513687
1729,psychedpepe,high_maturity,False,CLIPese,0.0,True,mature,0.5576,False,,-1,0.11222911,-0.15854684,0.07501503080129623,0.03555861860513687
1730,alphabesymbol,high_maturity,False,CLIPese,0.0,True,mature,0.33594999999999997,False,,-1,-0.1046947,0.009194339,0.07501503080129623,0.03555861860513687
1731,agates,high_maturity,True,English,1.73,True,mature,0.8217749999999999,True,mature_readable,151,-0.07535806,-0.02681315,0.07501503080129623,0.03555861860513687
1732,dalmatitaurus,high_maturity,False,CLIPese,0.0,True,mature,0.59135,False,,-1,0.11925664,0.16397846,0.07501503080129623,0.03555861860513687
1733,imageimpressionist,high_maturity,False,CLIPese,0.0,True,mature,0.23535,False,,-1,0.14461851,-0.34308073,0.07501503080129623,0.03555861860513687
1734,cabbage,high_maturity,True,English,3.55,True,mature,0.8018,True,mature_readable,217,-0.35561064,-0.024574773,0.07501503080129623,0.03555861860513687
1735,taxiderwolf,high_maturity,False,CLIPese,0.0,True,mature,0.44194999999999995,False,,-1,0.16669978,0.2339693,0.07501503080129623,0.03555861860513687
1736,ohioemu,high_maturity,False,CLIPese,0.0,True,mature,0.5724999999999999,False,,-1,0.19107552,0.23589207,0.07501503080129623,0.03555861860513687
1737,africanshep,high_maturity,False,CLIPese,0.0,True,mature,0.7432000000000001,True,mature_readable,257,0.13319401,0.19387905,0.07501503080129623,0.03555861860513687
1738,attackjar,high_maturity,False,CLIPese,0.0,True,mature,0.8111250000000001,True,mature_readable,148,-0.19308802,0.026549174,0.07501503080129623,0.03555861860513687
1739,coleslaw,high_maturity,True,English,2.64,True,mature,0.55995,False,,-1,-0.15757962,-0.01297393,0.07501503080129623,0.03555861860513687
1740,compupopup,high_maturity,False,CLIPese,0.0,True,mature,0.6636500000000001,False,,-1,-0.17468344,-0.053667206,0.07501503080129623,0.03555861860513687
1741,taxidercolorful,high_maturity,False,CLIPese,0.0,True,mature,0.05075,False,,-1,0.08875846,0.11755899,0.07501503080129623,0.03555861860513687
1742,poinsettia,high_maturity,True,English,2.12,True,mature,0.35475,False,,-1,-0.119520694,0.06276946,0.07501503080129623,0.03555861860513687
1743,seacdispenser,high_maturity,False,CLIPese,0.0,True,mature,0.559425,False,,-1,0.020027416,0.055498414,0.07501503080129623,0.03555861860513687
1744,kalejigsaw,high_maturity,False,CLIPese,0.0,True,mature,0.401125,False,,-1,0.2052125,-0.33026195,0.07501503080129623,0.03555861860513687
1745,pallimodernilegopauls,high_maturity,False,CLIPese,0.0,True,mature,0.16820000000000002,True,mature_weak,412,0.2520193,0.0042606527,0.07501503080129623,0.03555861860513687
1746,abstrshrek,high_maturity,False,CLIPese,0.0,True,mature,0.48692500000000005,False,,-1,0.20127273,-0.122313246,0.07501503080129623,0.03555861860513687
1747,gumblighthouse,high_maturity,False,CLIPese,0.0,True,mature,0.8882500000000001,True,mature_readable,59,0.15285176,0.08000148,0.07501503080129623,0.03555861860513687
1748,japanesedodgeball,high_maturity,False,CLIPese,0.0,True,mature,0.7038249999999999,False,,-1,0.007451755,0.112310454,0.07501503080129623,0.03555861860513687
1749,lautkorfighterjets,high_maturity,False,CLIPese,0.0,True,mature,0.53145,False,,-1,0.14194474,0.117033675,0.07501503080129623,0.03555861860513687
1750,kaleidoeyenightmare,high_maturity,False,CLIPese,0.0,True,mature,0.310175,False,,-1,0.29131904,-0.39170876,0.07501503080129623,0.03555861860513687
1751,lagann,high_maturity,True,English,1.94,True,mature,0.633775,False,,-1,0.09739777,0.045974184,0.07501503080129623,0.03555861860513687
1752,testicspectrum,high_maturity,False,CLIPese,0.0,True,mature,0.6956249999999999,False,,-1,0.047989156,-0.08262644,0.07501503080129623,0.03555861860513687
1753,ihrioural,high_maturity,False,CLIPese,0.0,True,mature,0.151125,True,mature_weak,414,0.3091817,0.039361272,0.07501503080129623,0.03555861860513687
1754,orangutoddlers,high_maturity,False,CLIPese,0.0,True,mature,0.339025,False,,-1,0.1366619,0.17992975,0.07501503080129623,0.03555861860513687
1755,blackdatabdistorpixelart,high_maturity,False,CLIPese,0.0,True,mature,0.12955000000000003,True,mature_weak,423,0.09773331,-0.33172184,0.07501503080129623,0.03555861860513687
1756,skimleakpaper,high_maturity,False,CLIPese,0.0,True,mature,0.6196750000000001,True,fallback_fill,500,0.08594284,-0.004416312,0.07501503080129623,0.03555861860513687
1757,chlorop,high_maturity,False,CLIPese,0.0,True,mature,0.821725,True,mature_readable,144,-0.081046455,0.015076999,0.07501503080129623,0.03555861860513687
1758,inducloafbowel,high_maturity,False,CLIPese,0.0,True,mature,0.40412499999999996,False,,-1,0.07166784,0.07806857,0.07501503080129623,0.03555861860513687
1759,haring,high_maturity,True,English,2.37,True,mature,0.58135,False,,-1,0.05462647,0.07583459,0.07501503080129623,0.03555861860513687
1760,chromofries,high_maturity,False,CLIPese,0.0,True,mature,0.48657500000000004,False,,-1,0.029168587,-0.019546034,0.07501503080129623,0.03555861860513687
1761,pretztrombone,high_maturity,False,CLIPese,0.0,True,mature,0.58855,False,,-1,0.01806328,0.06334536,0.07501503080129623,0.03555861860513687
1762,drakebeagle,high_maturity,False,CLIPese,0.0,True,mature,0.8579249999999999,True,mature_readable,79,0.10334664,0.24919733,0.07501503080129623,0.03555861860513687
1763,barista,high_maturity,True,English,3.02,True,mature,0.7157,False,,-1,-0.20552482,0.049343247,0.07501503080129623,0.03555861860513687
1764,nashvilleliberalantenna,high_maturity,False,CLIPese,0.0,True,mature,0.592775,False,,-1,0.19070372,0.058577195,0.07501503080129623,0.03555861860513687
1765,genealowebcam,high_maturity,False,CLIPese,0.0,True,mature,0.18219999999999997,False,,-1,0.11669856,-0.015190173,0.07501503080129623,0.03555861860513687
1766,taxiderlewanczech,high_maturity,False,CLIPese,0.0,True,mature,0.2474,False,,-1,0.18962166,0.13860746,0.07501503080129623,0.03555861860513687
1767,wolftekken,high_maturity,False,CLIPese,0.0,True,mature,0.5542750000000001,False,,-1,0.09930149,0.1326914,0.07501503080129623,0.03555861860513687
1768,hydromtg,high_maturity,False,CLIPese,0.0,True,mature,0.377775,False,,-1,0.016041663,0.055904627,0.07501503080129623,0.03555861860513687
1769,calvins,high_maturity,True,English,1.53,True,mature,0.69745,False,,-1,-0.07670642,0.042323906,0.07501503080129623,0.03555861860513687
1770,pikachzombie,high_maturity,False,CLIPese,0.0,True,mature,0.64845,False,,-1,0.16465333,0.08769178,0.07501503080129623,0.03555861860513687
1771,boxes,high_maturity,True,English,4.34,True,mature,0.593075,False,,-1,-0.30137244,-0.053038146,0.07501503080129623,0.03555861860513687
1772,pixelwarhol,high_maturity,False,CLIPese,0.0,True,mature,0.49355000000000004,False,,-1,0.24780807,-0.29880157,0.07501503080129623,0.03555861860513687
1773,duncanjames,high_maturity,False,CLIPese,0.0,True,mature,0.38262500000000005,False,,-1,-0.061651688,0.15048699,0.07501503080129623,0.03555861860513687
1774,edmongreyhound,high_maturity,False,CLIPese,0.0,True,mature,0.43584999999999996,False,,-1,0.16938937,0.27322772,0.07501503080129623,0.03555861860513687
1775,maersk,high_maturity,True,English,2.42,True,mature,0.7215750000000001,True,orthographic_hard,46,-0.021353962,0.08663822,0.07501503080129623,0.03555861860513687
1776,mandelcgi,high_maturity,False,CLIPese,0.0,True,mature,0.20195000000000002,False,,-1,0.26479757,-0.22525743,0.07501503080129623,0.03555861860513687
1777,elisicki,high_maturity,False,CLIPese,0.0,True,mature,0.42767499999999997,False,,-1,0.3193994,0.21998896,0.07501503080129623,0.03555861860513687
1778,kaleidoclouds,high_maturity,False,CLIPese,0.0,True,mature,0.427775,False,,-1,0.19700256,-0.37361836,0.07501503080129623,0.03555861860513687
1779,bulgarian,high_maturity,True,English,3.81,True,mature,0.5870500000000001,True,orthographic_hard,35,-0.21857624,0.067325115,0.07501503080129623,0.03555861860513687
1780,raygrunge,high_maturity,False,CLIPese,0.0,True,mature,0.43989999999999996,False,,-1,-0.021210175,-0.22111697,0.07501503080129623,0.03555861860513687
1781,albatros,high_maturity,True,English,1.84,True,mature,0.5986750000000001,False,,-1,0.021500748,0.081686385,0.07501503080129623,0.03555861860513687
1782,specwarhol,high_maturity,False,CLIPese,0.0,True,mature,0.667225,False,,-1,0.2803582,-0.16473952,0.07501503080129623,0.03555861860513687
1783,eleloom,high_maturity,False,CLIPese,0.0,True,mature,0.8748499999999999,True,mature_readable,98,-0.033327736,-0.01236504,0.07501503080129623,0.03555861860513687
1784,pugbeethoven,high_maturity,False,CLIPese,0.0,True,mature,0.7948000000000001,False,,-1,0.21160485,0.24002239,0.07501503080129623,0.03555861860513687
1785,paella,high_maturity,True,English,2.63,True,mature,0.38880000000000003,False,,-1,0.033567395,0.03270749,0.07501503080129623,0.03555861860513687
1786,ozarrolltide,high_maturity,False,CLIPese,0.0,True,mature,0.44402500000000006,False,,-1,0.18877657,-0.0063734925,0.07501503080129623,0.03555861860513687
1787,preityzinta,high_maturity,False,CLIPese,0.0,True,mature,0.1857,False,,-1,0.033375043,0.117503665,0.07501503080129623,0.03555861860513687
1788,extrupopcorn,high_maturity,False,CLIPese,0.0,True,mature,0.711625,True,fallback_fill,511,-0.016023122,0.035726484,0.07501503080129623,0.03555861860513687
1789,balochi,high_maturity,True,English,1.84,True,mature,0.863775,True,mature_readable,185,-0.20831698,0.048983965,0.07501503080129623,0.03555861860513687
1790,fcthulhu,high_maturity,False,CLIPese,0.0,True,mature,0.6223,False,,-1,0.23526958,0.015137174,0.07501503080129623,0.03555861860513687
1791,assaulharrier,high_maturity,False,CLIPese,0.0,True,mature,0.564325,False,,-1,-0.041289188,0.14687553,0.07501503080129623,0.03555861860513687
1792,mandelcloseup,high_maturity,False,CLIPese,0.0,True,mature,0.64505,False,,-1,0.21721797,-0.099661596,0.07501503080129623,0.03555861860513687
1793,lufalfarraptors,high_maturity,False,CLIPese,0.0,True,mature,0.665625,False,,-1,-0.00828556,0.129102,0.07501503080129623,0.03555861860513687
1794,bears,high_maturity,True,English,4.34,True,mature,0.765775,False,,-1,-0.27068928,0.047378194,0.07501503080129623,0.03555861860513687
1795,kachneko,high_maturity,False,CLIPese,0.0,True,mature,0.46919999999999995,False,,-1,0.098379225,0.19016783,0.07501503080129623,0.03555861860513687
1796,makarsankranti,high_maturity,False,CLIPese,0.0,True,mature,0.3395,False,,-1,0.09850837,0.047814254,0.07501503080129623,0.03555861860513687
1797,imagefuzzrainbow,high_maturity,False,CLIPese,0.0,True,mature,0.3392,False,,-1,0.17722897,-0.29839298,0.07501503080129623,0.03555861860513687
1798,axstv,high_maturity,False,CLIPese,0.0,True,mature,0.88885,True,mature_readable,90,-0.3185279,-0.019200973,0.07501503080129623,0.03555861860513687
1799,crystalli,high_maturity,False,CLIPese,0.0,True,mature,0.4644499999999999,False,,-1,-0.20236406,-0.1193694,0.07501503080129623,0.03555861860513687
1800,affiliated,low_maturity_control,True,English,3.96,False,immature,0.5197,False,,-1,-0.46228537,-0.053791113,0.07501503080129623,0.03555861860513687
1801,alized,low_maturity_control,False,CLIPese,0.0,False,immature,0.3729,True,low_both,484,-0.36707357,-0.0729356,0.07501503080129623,0.03555861860513687
1802,enters,low_maturity_control,True,English,4.01,False,immature,0.88875,True,immature_readable,295,-0.36984113,-0.015588844,0.07501503080129623,0.03555861860513687
1803,transmitted,low_maturity_control,True,English,3.87,False,immature,0.396125,False,,-1,-0.42876568,-0.11142056,0.07501503080129623,0.03555861860513687
1804,followthe,low_maturity_control,False,CLIPese,0.0,False,immature,0.47135,False,,-1,-0.51320064,-0.041449405,0.07501503080129623,0.03555861860513687
1805,brang,low_maturity_control,True,English,1.42,False,immature,0.6526,True,immature_readable,337,-0.5078587,-0.060640506,0.07501503080129623,0.03555861860513687
1806,conoce,low_maturity_control,True,English,1.17,False,immature,0.6886000000000001,True,immature_readable,343,-0.4740791,-0.054784857,0.07501503080129623,0.03555861860513687
1807,claiming,low_maturity_control,True,English,4.33,False,immature,0.9076,True,immature_readable,286,-0.44882596,-0.03162094,0.07501503080129623,0.03555861860513687
1808,givin,low_maturity_control,True,English,2.86,False,immature,0.330975,True,low_both,472,-0.46395978,-0.032077063,0.07501503080129623,0.03555861860513687
1809,contains,low_maturity_control,True,English,4.68,False,immature,0.28725,True,low_both,465,-0.35393184,-0.048862826,0.07501503080129623,0.03555861860513687
1810,beforeand,low_maturity_control,False,CLIPese,0.0,False,immature,0.39215,False,,-1,-0.4363091,-0.015259621,0.07501503080129623,0.03555861860513687
1811,defines,low_maturity_control,True,English,3.86,False,immature,0.8923,True,immature_readable,287,-0.45256287,-0.030547827,0.07501503080129623,0.03555861860513687
1812,hosted,low_maturity_control,True,English,4.25,False,immature,0.8680749999999999,True,immature_readable,297,-0.4260767,-0.02418386,0.07501503080129623,0.03555861860513687
1813,happens,low_maturity_control,True,English,4.96,False,immature,0.676875,True,immature_readable,351,-0.50752527,-0.061195012,0.07501503080129623,0.03555861860513687
1814,requires,low_maturity_control,True,English,4.67,False,immature,0.32205,True,low_both,474,-0.44617888,-0.053168554,0.07501503080129623,0.03555861860513687
1815,bothering,low_maturity_control,True,English,3.63,False,immature,0.832975,True,immature_readable,305,-0.43723235,-0.0299893,0.07501503080129623,0.03555861860513687
1816,acknowle,low_maturity_control,False,CLIPese,0.0,False,immature,0.20140000000000002,True,low_both,450,-0.4631287,-0.04650862,0.07501503080129623,0.03555861860513687
1817,mustsee,low_maturity_control,False,CLIPese,0.0,False,immature,0.281725,True,low_both,466,-0.520202,-0.050165124,0.07501503080129623,0.03555861860513687
1818,artistsontwitter,low_maturity_control,False,CLIPese,0.0,False,immature,0.07805000000000001,True,low_both,445,-0.40639925,-0.048902925,0.07501503080129623,0.03555861860513687
1819,passed,low_maturity_control,True,English,4.92,False,immature,0.82475,True,immature_readable,311,-0.4360083,-0.03293853,0.07501503080129623,0.03555861860513687
1820,visuals,low_maturity_control,True,English,3.57,False,immature,0.48985000000000006,False,,-1,-0.45285434,-0.113898896,0.07501503080129623,0.03555861860513687
1821,while,low_maturity_control,True,English,5.86,False,immature,0.096,True,low_both,447,-0.53558576,-0.040480617,0.07501503080129623,0.03555861860513687
1822,denies,low_maturity_control,True,English,3.73,False,immature,0.7124499999999999,True,immature_readable,342,-0.41875222,-0.04273343,0.07501503080129623,0.03555861860513687
1823,unfor,low_maturity_control,True,English,1.24,False,immature,0.810275,True,immature_readable,308,-0.50242287,-0.05825808,0.07501503080129623,0.03555861860513687
1824,art,low_maturity_control,True,English,5.29,False,immature,0.29315,True,low_both,461,-0.38387102,-0.105910085,0.07501503080129623,0.03555861860513687
1825,activated,low_maturity_control,True,English,4.01,False,immature,0.914675,True,immature_readable,288,-0.4634001,-0.07863199,0.07501503080129623,0.03555861860513687
1826,version,low_maturity_control,True,English,5.07,False,immature,0.31725000000000003,True,low_both,468,-0.404322,-0.0881074,0.07501503080129623,0.03555861860513687
1827,agains,low_maturity_control,True,English,2.31,False,immature,0.604525,False,,-1,-0.38599032,-0.0044590887,0.07501503080129623,0.03555861860513687
1828,gonna,low_maturity_control,True,English,5.29,False,immature,0.7001749999999999,True,immature_readable,335,-0.42993662,-0.031016866,0.07501503080129623,0.03555861860513687
1829,considers,low_maturity_control,True,English,4.03,False,immature,0.348475,True,low_both,476,-0.4157157,-0.028588686,0.07501503080129623,0.03555861860513687
1830,thekk,low_maturity_control,False,CLIPese,0.0,False,immature,0.51505,False,,-1,-0.48862356,-0.041399524,0.07501503080129623,0.03555861860513687
1831,alltimel,low_maturity_control,False,CLIPese,0.0,False,immature,0.65,True,immature_readable,346,-0.51255757,-0.06646905,0.07501503080129623,0.03555861860513687
1832,looked,low_maturity_control,True,English,5.11,False,immature,0.4109,False,,-1,-0.46534815,-0.050624676,0.07501503080129623,0.03555861860513687
1833,lingly,low_maturity_control,False,CLIPese,0.0,False,immature,0.716975,True,immature_readable,347,-0.50243556,-0.03616062,0.07501503080129623,0.03555861860513687
1834,violated,low_maturity_control,True,English,3.91,False,immature,0.5985,False,,-1,-0.50598335,-0.05247264,0.07501503080129623,0.03555861860513687
1835,replied,low_maturity_control,True,English,4.28,False,immature,0.353225,True,low_both,477,-0.51313525,-0.0412325,0.07501503080129623,0.03555861860513687
1836,searly,low_maturity_control,False,CLIPese,0.0,False,immature,0.59705,False,,-1,-0.40737802,-0.03193852,0.07501503080129623,0.03555861860513687
1837,realizes,low_maturity_control,True,English,3.75,False,immature,0.24245,True,low_both,464,-0.49663067,-0.060556702,0.07501503080129623,0.03555861860513687
1838,ruled,low_maturity_control,True,English,4.3,False,immature,0.653875,True,immature_readable,353,-0.42557508,-0.08944922,0.07501503080129623,0.03555861860513687
1839,commi,low_maturity_control,True,English,1.78,False,immature,0.7231750000000001,True,immature_readable,324,-0.43187687,-0.055525966,0.07501503080129623,0.03555861860513687
1840,allows,low_maturity_control,True,English,4.67,False,immature,0.4162,False,,-1,-0.3957553,-0.048209317,0.07501503080129623,0.03555861860513687
1841,publishes,low_maturity_control,True,English,3.55,False,immature,0.6141000000000001,False,,-1,-0.47602576,-0.05218516,0.07501503080129623,0.03555861860513687
1842,informing,low_maturity_control,True,English,3.58,False,immature,0.7253499999999999,True,immature_readable,338,-0.4400514,-0.04713422,0.07501503080129623,0.03555861860513687
1843,asked,low_maturity_control,True,English,5.3,False,immature,0.6729,True,immature_readable,356,-0.45576048,-0.03084766,0.07501503080129623,0.03555861860513687
1844,folks,low_maturity_control,True,English,4.59,False,immature,0.36807500000000004,True,low_both,482,-0.5214287,-0.05273805,0.07501503080129623,0.03555861860513687
1845,mised,low_maturity_control,False,CLIPese,0.0,False,immature,0.7801250000000001,True,immature_readable,317,-0.49800438,-0.052561484,0.07501503080129623,0.03555861860513687
1846,gathere,low_maturity_control,False,CLIPese,0.0,False,immature,0.7907750000000001,True,immature_readable,312,-0.4608277,-0.037559696,0.07501503080129623,0.03555861860513687
1847,concepts,low_maturity_control,True,English,4.26,False,immature,0.8061,True,immature_readable,301,-0.45414808,-0.05653068,0.07501503080129623,0.03555861860513687
1848,weren,low_maturity_control,True,English,2.21,False,immature,0.34245000000000003,True,low_both,480,-0.49793136,-0.034875367,0.07501503080129623,0.03555861860513687
1849,onlined,low_maturity_control,False,CLIPese,0.0,False,immature,0.3161,True,low_both,470,-0.46954092,-0.059723776,0.07501503080129623,0.03555861860513687
1850,diffu,low_maturity_control,False,CLIPese,0.0,False,immature,0.29102500000000003,True,low_both,463,-0.39908493,-0.053656075,0.07501503080129623,0.03555861860513687
1851,tifully,low_maturity_control,False,CLIPese,0.0,False,immature,0.59795,False,,-1,-0.492357,-0.035763696,0.07501503080129623,0.03555861860513687
1852,matters,low_maturity_control,True,English,4.72,False,immature,0.888575,True,orthographic_hard,47,-0.4662306,-0.04135511,0.07501503080129623,0.03555861860513687
1853,approx,low_maturity_control,True,English,3.51,False,immature,0.1475,True,low_both,446,-0.41439533,-0.0663149,0.07501503080129623,0.03555861860513687
1854,required,low_maturity_control,True,English,5.02,False,immature,0.7177250000000001,True,immature_readable,345,-0.4276391,-0.039542112,0.07501503080129623,0.03555861860513687
1855,vnthis,low_maturity_control,False,CLIPese,0.0,False,immature,0.44909999999999994,False,,-1,-0.52576774,-0.07212291,0.07501503080129623,0.03555861860513687
1856,befri,low_maturity_control,False,CLIPese,0.0,False,immature,0.42807500000000004,False,,-1,-0.450594,-0.02876249,0.07501503080129623,0.03555861860513687
1857,outcome,low_maturity_control,True,English,4.35,False,immature,0.8109500000000001,True,immature_readable,307,-0.49180293,-0.058820054,0.07501503080129623,0.03555861860513687
1858,acreative,low_maturity_control,False,CLIPese,0.0,False,immature,0.6878250000000001,True,immature_readable,339,-0.4325503,-0.06153752,0.07501503080129623,0.03555861860513687
1859,defining,low_maturity_control,True,English,3.96,False,immature,0.7112,True,immature_readable,352,-0.49344718,-0.041678444,0.07501503080129623,0.03555861860513687
1860,thing,low_maturity_control,True,English,5.72,False,immature,0.54135,False,,-1,-0.48843512,-0.05628314,0.07501503080129623,0.03555861860513687
1861,regards,low_maturity_control,True,English,4.2,False,immature,0.5489499999999999,False,,-1,-0.4604915,-0.021454679,0.07501503080129623,0.03555861860513687
1862,entitled,low_maturity_control,True,English,4.51,False,immature,0.763225,True,immature_readable,320,-0.45164728,-0.03903198,0.07501503080129623,0.03555861860513687
1863,ening,low_maturity_control,True,English,1.17,False,immature,0.549775,False,,-1,-0.5246355,-0.038435224,0.07501503080129623,0.03555861860513687
1864,atment,low_maturity_control,False,CLIPese,0.0,False,immature,0.553775,False,,-1,-0.5040766,-0.03166085,0.07501503080129623,0.03555861860513687
1865,atured,low_maturity_control,False,CLIPese,0.0,False,immature,0.42867500000000003,False,,-1,-0.45618626,-0.04202175,0.07501503080129623,0.03555861860513687
1866,referred,low_maturity_control,True,English,4.61,False,immature,0.5433500000000001,False,,-1,-0.3440351,-0.04280397,0.07501503080129623,0.03555861860513687
1867,clause,low_maturity_control,True,English,3.99,False,immature,0.918275,True,immature_readable,281,-0.40629527,-0.0031930418,0.07501503080129623,0.03555861860513687
1868,aided,low_maturity_control,True,English,3.74,False,immature,0.629,True,immature_readable,355,-0.37026808,-0.0067702113,0.07501503080129623,0.03555861860513687
1869,comingof,low_maturity_control,False,CLIPese,0.0,False,immature,0.458875,False,,-1,-0.4423682,-0.045766413,0.07501503080129623,0.03555861860513687
1870,consists,low_maturity_control,True,English,4.39,False,immature,0.621125,True,immature_readable,366,-0.4690946,-0.036562756,0.07501503080129623,0.03555861860513687
1871,owned,low_maturity_control,True,English,4.76,False,immature,0.6436249999999999,True,immature_readable,365,-0.51602656,-0.04075759,0.07501503080129623,0.03555861860513687
1872,banned,low_maturity_control,True,English,4.41,False,immature,0.842675,True,immature_readable,298,-0.47159934,-0.049380418,0.07501503080129623,0.03555861860513687
1873,ously,low_maturity_control,True,English,1.23,False,immature,0.400675,False,,-1,-0.45312488,-0.057387248,0.07501503080129623,0.03555861860513687
1874,madeby,low_maturity_control,False,CLIPese,0.0,False,immature,0.666525,True,immature_readable,349,-0.45206693,-0.063803785,0.07501503080129623,0.03555861860513687
1875,asings,low_maturity_control,False,CLIPese,0.0,False,immature,0.914525,True,immature_readable,282,-0.4361169,-0.024303671,0.07501503080129623,0.03555861860513687
1876,dunno,low_maturity_control,True,English,3.76,False,immature,0.4959,False,,-1,-0.49922934,-0.043414067,0.07501503080129623,0.03555861860513687
1877,coded,low_maturity_control,True,English,3.58,False,immature,0.5091000000000001,False,,-1,-0.43935475,-0.1502685,0.07501503080129623,0.03555861860513687
1878,fromthe,low_maturity_control,True,English,1.82,False,immature,0.31595,True,low_both,467,-0.5017779,-0.042537417,0.07501503080129623,0.03555861860513687
1879,association,low_maturity_control,True,English,5.01,False,immature,0.6993499999999999,True,immature_readable,331,-0.43487304,-0.013276223,0.07501503080129623,0.03555861860513687
1880,consisted,low_maturity_control,True,English,3.91,False,immature,0.2024,True,low_both,457,-0.33776486,-0.038964767,0.07501503080129623,0.03555861860513687
1881,authent,low_maturity_control,False,CLIPese,0.0,False,immature,0.56365,False,,-1,-0.41570476,-0.013545972,0.07501503080129623,0.03555861860513687
1882,assures,low_maturity_control,True,English,3.23,False,immature,0.23435000000000003,True,low_both,460,-0.49967897,-0.039867476,0.07501503080129623,0.03555861860513687
1883,term,low_maturity_control,True,English,5.23,False,immature,0.8531,True,immature_readable,291,-0.37441692,-0.04613971,0.07501503080129623,0.03555861860513687
1884,tured,low_maturity_control,True,English,1.08,False,immature,0.38605,False,,-1,-0.38356498,-0.09524032,0.07501503080129623,0.03555861860513687
1885,couldbe,low_maturity_control,True,English,1.1,False,immature,0.497975,False,,-1,-0.40601626,-0.03722197,0.07501503080129623,0.03555861860513687
1886,ailed,low_maturity_control,True,English,1.64,False,immature,0.26085,True,low_both,462,-0.40062338,-0.0557183,0.07501503080129623,0.03555861860513687
1887,utilized,low_maturity_control,True,English,3.83,False,immature,0.406575,False,,-1,-0.38171542,-0.02216287,0.07501503080129623,0.03555861860513687
1888,doesn,low_maturity_control,True,English,3.22,False,immature,0.35855,True,low_both,483,-0.51635474,-0.02518779,0.07501503080129623,0.03555861860513687
1889,undul,low_maturity_control,False,CLIPese,0.0,False,immature,0.7875249999999999,True,immature_readable,306,-0.46681255,-0.051983837,0.07501503080129623,0.03555861860513687
1890,alwayss,low_maturity_control,False,CLIPese,0.0,False,immature,0.5811999999999999,False,,-1,-0.50840443,-0.038352255,0.07501503080129623,0.03555861860513687
1891,dedicated,low_maturity_control,True,English,4.58,False,immature,0.8239,True,immature_readable,315,-0.48670444,-0.05520778,0.07501503080129623,0.03555861860513687
1892,itated,low_maturity_control,False,CLIPese,0.0,False,immature,0.488675,False,,-1,-0.4226573,-0.082452506,0.07501503080129623,0.03555861860513687
1893,reads,low_maturity_control,True,English,4.25,False,immature,0.564025,False,,-1,-0.4884314,-0.04114277,0.07501503080129623,0.03555861860513687
1894,aforever,low_maturity_control,False,CLIPese,0.0,False,immature,0.43535000000000007,False,,-1,-0.4072714,-0.032555275,0.07501503080129623,0.03555861860513687
1895,attending,low_maturity_control,True,English,4.31,False,immature,0.7588,True,immature_readable,329,-0.41522866,-0.022401182,0.07501503080129623,0.03555861860513687
1896,became,low_maturity_control,True,English,5.15,False,immature,0.6121000000000001,False,,-1,-0.3936433,-0.049826503,0.07501503080129623,0.03555861860513687
1897,test,low_maturity_control,True,English,5.19,False,immature,0.366875,True,low_both,481,-0.4867097,-0.09519568,0.07501503080129623,0.03555861860513687
1898,accompanied,low_maturity_control,True,English,4.25,False,immature,0.347675,True,low_both,475,-0.40764046,-0.011699533,0.07501503080129623,0.03555861860513687
1899,uploaded,low_maturity_control,True,English,3.92,False,immature,0.196075,True,low_both,456,-0.5021367,-0.055180144,0.07501503080129623,0.03555861860513687
1900,mbles,low_maturity_control,False,CLIPese,0.0,False,immature,0.528575,False,,-1,-0.51221997,-0.06532449,0.07501503080129623,0.03555861860513687
1901,sends,low_maturity_control,True,English,4.15,False,immature,0.5222,False,,-1,-0.52412015,-0.038058642,0.07501503080129623,0.03555861860513687
1902,deptof,low_maturity_control,False,CLIPese,0.0,False,immature,0.405875,False,,-1,-0.45013237,-0.04812473,0.07501503080129623,0.03555861860513687
1903,anote,low_maturity_control,True,English,1.25,False,immature,0.479425,False,,-1,-0.45231992,-0.024954513,0.07501503080129623,0.03555861860513687
1904,helped,low_maturity_control,True,English,4.88,False,immature,0.89225,True,immature_readable,299,-0.47018573,-0.056831986,0.07501503080129623,0.03555861860513687
1905,sibly,low_maturity_control,True,English,1.13,False,immature,0.6541250000000001,True,immature_readable,330,-0.45436835,-0.04653675,0.07501503080129623,0.03555861860513687
1906,withit,low_maturity_control,True,English,1.14,False,immature,0.48927500000000007,False,,-1,-0.50874406,-0.04181139,0.07501503080129623,0.03555861860513687
1907,fying,low_maturity_control,True,English,1.43,False,immature,0.348325,True,low_both,473,-0.4868832,-0.07267085,0.07501503080129623,0.03555861860513687
1908,copy,low_maturity_control,True,English,4.77,False,immature,0.468275,False,,-1,-0.47640294,-0.0764652,0.07501503080129623,0.03555861860513687
1909,pleasee,low_maturity_control,True,English,1.02,False,immature,0.682,True,immature_readable,362,-0.47263238,-0.06509708,0.07501503080129623,0.03555861860513687
1910,fication,low_maturity_control,True,English,1.31,False,immature,0.6236,True,immature_readable,360,-0.34788746,-0.062211383,0.07501503080129623,0.03555861860513687
1911,situation,low_maturity_control,True,English,5.09,False,immature,0.85275,True,immature_readable,302,-0.46138275,-0.026899539,0.07501503080129623,0.03555861860513687
1912,clashed,low_maturity_control,True,English,3.12,False,immature,0.91245,True,immature_readable,289,-0.42169753,-0.055024467,0.07501503080129623,0.03555861860513687
1913,week,low_maturity_control,True,English,5.56,False,immature,0.92755,True,immature_readable,283,-0.47925165,-0.038379837,0.07501503080129623,0.03555861860513687
1914,frommy,low_maturity_control,False,CLIPese,0.0,False,immature,0.21755,True,low_both,458,-0.5070934,-0.019917503,0.07501503080129623,0.03555861860513687
1915,enjoys,low_maturity_control,True,English,3.93,False,immature,0.5604,False,,-1,-0.46156853,-0.04347622,0.07501503080129623,0.03555861860513687
1916,wouldn,low_maturity_control,True,English,2.8,False,immature,0.644725,True,immature_readable,363,-0.39322287,-0.0423977,0.07501503080129623,0.03555861860513687
1917,getin,low_maturity_control,True,English,1.44,False,immature,0.7698,True,immature_readable,309,-0.48261294,-0.03196887,0.07501503080129623,0.03555861860513687
1918,interpreted,low_maturity_control,True,English,3.92,False,immature,0.53585,False,,-1,-0.46159932,-0.07700742,0.07501503080129623,0.03555861860513687
1919,everythin,low_maturity_control,True,English,1.96,False,immature,0.6574,True,immature_readable,348,-0.48926783,-0.05282976,0.07501503080129623,0.03555861860513687
1920,illating,low_maturity_control,False,CLIPese,0.0,False,immature,0.50055,False,,-1,-0.48278603,-0.061364513,0.07501503080129623,0.03555861860513687
1921,appreciated,low_maturity_control,True,English,4.16,False,immature,0.360575,True,low_both,479,-0.50219095,-0.059533384,0.07501503080129623,0.03555861860513687
1922,appreciates,low_maturity_control,True,English,3.38,False,immature,0.43095,False,,-1,-0.4196383,-0.055409018,0.07501503080129623,0.03555861860513687
1923,compromised,low_maturity_control,True,English,3.78,False,immature,0.53145,False,,-1,-0.43559167,-0.06562198,0.07501503080129623,0.03555861860513687
1924,enjoyed,low_maturity_control,True,English,4.59,False,immature,0.6109999999999999,False,,-1,-0.5126291,-0.04903053,0.07501503080129623,0.03555861860513687
1925,announcing,low_maturity_control,True,English,3.87,False,immature,0.7798999999999999,True,immature_readable,321,-0.4617996,-0.04309516,0.07501503080129623,0.03555861860513687
1926,probz,low_maturity_control,True,English,1.44,False,immature,0.21592500000000003,True,low_both,451,-0.5308587,-0.041884713,0.07501503080129623,0.03555861860513687
1927,caused,low_maturity_control,True,English,4.88,False,immature,0.825225,True,immature_readable,313,-0.4691811,-0.061151244,0.07501503080129623,0.03555861860513687
1928,murdered,low_maturity_control,True,English,4.32,False,immature,0.4455,False,,-1,-0.373695,-0.005269327,0.07501503080129623,0.03555861860513687
1929,bringing,low_maturity_control,True,English,4.71,False,immature,0.813675,True,immature_readable,323,-0.4781076,-0.04015242,0.07501503080129623,0.03555861860513687
1930,allowing,low_maturity_control,True,English,4.62,False,immature,0.7120499999999998,True,immature_readable,341,-0.36629674,-0.02910705,0.07501503080129623,0.03555861860513687
1931,outs,low_maturity_control,True,English,3.86,False,immature,0.73735,True,immature_readable,328,-0.49235076,-0.035495214,0.07501503080129623,0.03555861860513687
1932,stateof,low_maturity_control,True,English,1.36,False,immature,0.824825,True,immature_readable,300,-0.48016533,-0.05037665,0.07501503080129623,0.03555861860513687
1933,alecoscino,low_maturity_control,False,CLIPese,0.0,False,immature,0.18025,True,low_both,448,-0.41265213,-0.049339812,0.07501503080129623,0.03555861860513687
1934,argued,low_maturity_control,True,English,4.36,False,immature,0.7263749999999999,True,immature_readable,336,-0.45109448,-0.035043757,0.07501503080129623,0.03555861860513687
1935,succeeded,low_maturity_control,True,English,4.14,False,immature,0.950175,True,immature_readable,290,-0.41708502,-0.07774103,0.07501503080129623,0.03555861860513687
1936,suggested,low_maturity_control,True,English,4.68,False,immature,0.77015,True,immature_readable,327,-0.47115487,-0.036636926,0.07501503080129623,0.03555861860513687
1937,mizes,low_maturity_control,False,CLIPese,0.0,False,immature,0.7742999999999999,True,immature_readable,310,-0.522303,-0.03914089,0.07501503080129623,0.03555861860513687
1938,ftheday,low_maturity_control,False,CLIPese,0.0,False,immature,0.6134499999999999,False,,-1,-0.29063886,-0.0128043275,0.07501503080129623,0.03555861860513687
1939,itation,low_maturity_control,False,CLIPese,0.0,False,immature,0.47117499999999995,False,,-1,-0.44739538,-0.03105581,0.07501503080129623,0.03555861860513687
1940,contr,low_maturity_control,True,English,2.21,False,immature,0.684175,True,immature_readable,344,-0.46597087,-0.056109067,0.07501503080129623,0.03555861860513687
1941,athers,low_maturity_control,True,English,1.04,False,immature,0.39280000000000004,False,,-1,-0.3791617,-0.0020438822,0.07501503080129623,0.03555861860513687
1942,avond,low_maturity_control,False,CLIPese,0.0,False,immature,0.523425,False,,-1,-0.3483237,-0.020602329,0.07501503080129623,0.03555861860513687
1943,isure,low_maturity_control,False,CLIPese,0.0,False,immature,0.45972500000000005,False,,-1,-0.48753843,-0.030384008,0.07501503080129623,0.03555861860513687
1944,nough,low_maturity_control,True,English,1.75,False,immature,0.6231,True,immature_readable,358,-0.50593257,-0.025222357,0.07501503080129623,0.03555861860513687
1945,picoftheday,low_maturity_control,True,English,1.18,False,immature,0.21982500000000002,True,low_both,455,-0.4710939,-0.06659148,0.07501503080129623,0.03555861860513687
1946,reveals,low_maturity_control,True,English,4.34,False,immature,0.5625249999999999,False,,-1,-0.37254792,-0.08280234,0.07501503080129623,0.03555861860513687
1947,accomod,low_maturity_control,False,CLIPese,0.0,False,immature,0.665375,True,immature_readable,354,-0.45591798,-0.034367718,0.07501503080129623,0.03555861860513687
1948,abetter,low_maturity_control,True,English,1.19,False,immature,0.9072,True,immature_readable,285,-0.46179706,-0.036420118,0.07501503080129623,0.03555861860513687
1949,agood,low_maturity_control,True,English,1.69,False,immature,0.47227499999999994,False,,-1,-0.50985634,-0.031582225,0.07501503080129623,0.03555861860513687
1950,attributed,low_maturity_control,True,English,4.05,False,immature,0.15235,True,low_both,449,-0.41706264,-0.036394108,0.07501503080129623,0.03555861860513687
1951,callsthe,low_maturity_control,False,CLIPese,0.0,False,immature,0.5814,False,,-1,-0.45481026,-0.039685145,0.07501503080129623,0.03555861860513687
1952,extends,low_maturity_control,True,English,3.99,False,immature,0.5699000000000001,False,,-1,-0.36483076,-0.027011422,0.07501503080129623,0.03555861860513687
1953,notbe,low_maturity_control,True,English,1.1,False,immature,0.5502,False,,-1,-0.5027189,-0.0421996,0.07501503080129623,0.03555861860513687
1954,acquis,low_maturity_control,True,English,1.72,False,immature,0.5463250000000001,False,,-1,-0.4536255,-0.054679252,0.07501503080129623,0.03555861860513687
1955,madewith,low_maturity_control,False,CLIPese,0.0,False,immature,0.288775,True,low_both,469,-0.38373822,-0.11032268,0.07501503080129623,0.03555861860513687
1956,bestofthe,low_maturity_control,False,CLIPese,0.0,False,immature,0.6331,True,immature_readable,357,-0.50756663,-0.053625114,0.07501503080129623,0.03555861860513687
1957,shared,low_maturity_control,True,English,4.68,False,immature,0.813525,True,immature_readable,314,-0.46098268,-0.034926426,0.07501503080129623,0.03555861860513687
1958,assisted,low_maturity_control,True,English,4.1,False,immature,0.91465,True,immature_readable,284,-0.4090542,-0.058262464,0.07501503080129623,0.03555861860513687
1959,acqui,low_maturity_control,True,English,1.63,False,immature,0.5221750000000001,False,,-1,-0.34942144,-0.024172666,0.07501503080129623,0.03555861860513687
1960,joined,low_maturity_control,True,English,4.73,False,immature,0.8063750000000001,True,immature_readable,319,-0.39692274,-0.03842359,0.07501503080129623,0.03555861860513687
1961,siest,low_maturity_control,False,CLIPese,0.0,False,immature,0.216625,True,low_both,452,-0.47774005,-0.03363214,0.07501503080129623,0.03555861860513687
1962,achem,low_maturity_control,False,CLIPese,0.0,False,immature,0.6791,True,immature_readable,332,-0.50049174,-0.052619383,0.07501503080129623,0.03555861860513687
1963,exists,low_maturity_control,True,English,4.48,False,immature,0.73055,True,immature_readable,333,-0.41934896,-0.068889156,0.07501503080129623,0.03555861860513687
1964,chered,low_maturity_control,False,CLIPese,0.0,False,immature,0.84315,True,immature_readable,303,-0.4477976,-0.044159185,0.07501503080129623,0.03555861860513687
1965,atten,low_maturity_control,True,English,2.25,False,immature,0.8291249999999999,True,immature_readable,316,-0.4628698,-0.03562606,0.07501503080129623,0.03555861860513687
1966,couldnt,low_maturity_control,True,English,3.43,False,immature,0.65615,True,immature_readable,359,-0.4638931,-0.028238395,0.07501503080129623,0.03555861860513687
1967,gives,low_maturity_control,True,English,5.03,False,immature,0.754275,True,immature_readable,326,-0.47667453,-0.065208845,0.07501503080129623,0.03555861860513687
1968,aphoto,low_maturity_control,False,CLIPese,0.0,False,immature,0.23685,True,low_both,459,-0.44578412,-0.029647484,0.07501503080129623,0.03555861860513687
1969,volved,low_maturity_control,False,CLIPese,0.0,False,immature,0.37422500000000003,True,low_both,471,-0.31683362,-0.011657719,0.07501503080129623,0.03555861860513687
1970,observed,low_maturity_control,True,English,4.39,False,immature,0.8356,True,orthographic_hard,18,-0.41164136,-0.050846603,0.07501503080129623,0.03555861860513687
1971,referring,low_maturity_control,True,English,4.35,False,immature,0.765225,True,immature_readable,322,-0.37318766,-0.029236348,0.07501503080129623,0.03555861860513687
1972,alizes,low_maturity_control,False,CLIPese,0.0,False,immature,0.609225,False,,-1,-0.422634,-0.04726329,0.07501503080129623,0.03555861860513687
1973,blog,low_maturity_control,True,English,4.73,False,immature,0.6045,False,,-1,-0.4924669,-0.010662786,0.07501503080129623,0.03555861860513687
1974,introduced,low_maturity_control,True,English,4.72,False,immature,0.54125,False,,-1,-0.36132884,-0.03671446,0.07501503080129623,0.03555861860513687
1975,overlooked,low_maturity_control,True,English,3.82,False,immature,0.656375,True,immature_readable,364,-0.465514,-0.023984205,0.07501503080129623,0.03555861860513687
1976,areyou,low_maturity_control,True,English,1.29,False,immature,0.35045,True,low_both,478,-0.49702695,-0.022515064,0.07501503080129623,0.03555861860513687
1977,asserted,low_maturity_control,True,English,3.59,False,immature,0.923275,True,immature_readable,296,-0.46428862,-0.072924405,0.07501503080129623,0.03555861860513687
1978,endif,low_maturity_control,True,English,1.67,False,immature,0.396625,False,,-1,-0.49655533,-0.06712182,0.07501503080129623,0.03555861860513687
1979,second,low_maturity_control,True,English,5.63,False,immature,0.7282,True,immature_readable,340,-0.4957407,-0.042290416,0.07501503080129623,0.03555861860513687
1980,authored,low_maturity_control,True,English,3.49,False,immature,0.21015,True,low_both,454,-0.29350647,-0.07649777,0.07501503080129623,0.03555861860513687
1981,lives,low_maturity_control,True,English,5.14,False,immature,0.871775,True,immature_readable,294,-0.4004421,-0.023790367,0.07501503080129623,0.03555861860513687
1982,thenew,low_maturity_control,True,English,1.49,False,immature,0.670675,True,immature_readable,350,-0.501135,-0.046392635,0.07501503080129623,0.03555861860513687
1983,agrees,low_maturity_control,True,English,4.08,False,immature,0.62585,True,immature_readable,367,-0.5019334,-0.044151966,0.07501503080129623,0.03555861860513687
1984,todays,low_maturity_control,True,English,3.1,False,immature,0.511225,False,,-1,-0.49928963,-0.045475267,0.07501503080129623,0.03555861860513687
1985,graced,low_maturity_control,True,English,2.99,False,immature,0.6677500000000001,True,immature_readable,361,-0.40279958,-0.042555142,0.07501503080129623,0.03555861860513687
1986,proves,low_maturity_control,True,English,4.06,False,immature,0.7840750000000001,True,immature_readable,318,-0.4257746,-0.04644138,0.07501503080129623,0.03555861860513687
1987,imagined,low_maturity_control,True,English,4.07,False,immature,0.7951250000000001,True,immature_readable,304,-0.44414556,-0.08905041,0.07501503080129623,0.03555861860513687
1988,sumed,low_maturity_control,True,English,1.02,False,immature,0.7352000000000001,True,immature_readable,325,-0.49570712,-0.041321106,0.07501503080129623,0.03555861860513687
1989,toknow,low_maturity_control,True,English,1.11,False,immature,0.387575,False,,-1,-0.5379948,-0.032128014,0.07501503080129623,0.03555861860513687
1990,example,low_maturity_control,True,English,5.27,False,immature,0.2152,True,low_both,453,-0.4585347,-0.06699873,0.07501503080129623,0.03555861860513687
1991,alleged,low_maturity_control,True,English,4.37,False,immature,0.469025,False,,-1,-0.4593643,-0.0619687,0.07501503080129623,0.03555861860513687
1992,madeto,low_maturity_control,False,CLIPese,0.0,False,immature,0.86255,True,immature_readable,293,-0.41580513,-0.045761373,0.07501503080129623,0.03555861860513687
1993,andthe,low_maturity_control,True,English,2.12,False,immature,0.37079999999999996,True,low_both,485,-0.5191269,-0.035341732,0.07501503080129623,0.03555861860513687
1994,constituted,low_maturity_control,True,English,3.58,False,immature,0.7048749999999999,True,immature_readable,334,-0.4703533,-0.037108026,0.07501503080129623,0.03555861860513687
1995,terday,low_maturity_control,False,CLIPese,0.0,False,immature,0.8778,True,immature_readable,292,-0.49322915,-0.047755364,0.07501503080129623,0.03555861860513687
1996,served,low_maturity_control,True,English,4.81,False,immature,0.887575,True,orthographic_hard,19,-0.37889194,-0.028763369,0.07501503080129623,0.03555861860513687
1997,viewed,low_maturity_control,True,English,4.31,False,immature,0.504875,False,,-1,-0.3870031,-0.06873253,0.07501503080129623,0.03555861860513687
1998,ative,low_maturity_control,True,English,1.22,False,immature,0.43865000000000004,False,,-1,-0.4660905,-0.03736776,0.07501503080129623,0.03555861860513687
1999,named,low_maturity_control,True,English,4.95,False,immature,0.450325,False,,-1,-0.41849452,-0.01772747,0.07501503080129623,0.03555861860513687
