word_id,word,selection_group,is_english,language_class,english_zipf,is_mature,maturity_class,readability_score,selected_for_overlay,overlay_stratum,selection_order,pc1,pc2,pc1_explained_variance,pc2_explained_variance
0,colorimagemicroscope,high_maturity,False,CLIPese,0.0,True,mature,0.21830000000000002,False,,-1,-0.38925868,-0.03504753,0.05002307891845703,0.025177057832479477
1,chihuahuhooded,high_maturity,False,CLIPese,0.0,True,mature,0.34255,False,,-1,-0.15696621,0.082970835,0.05002307891845703,0.025177057832479477
2,chihuahunvidia,high_maturity,False,CLIPese,0.0,True,mature,0.569525,False,,-1,-0.0804973,0.23735698,0.05002307891845703,0.025177057832479477
3,binochihuahu,high_maturity,False,CLIPese,0.0,True,mature,0.65185,False,,-1,0.18542092,0.13601583,0.05002307891845703,0.025177057832479477
4,chihuahu,high_maturity,False,CLIPese,0.0,True,mature,0.49107500000000004,False,,-1,0.32770768,-0.0581127,0.05002307891845703,0.025177057832479477
5,chihuahuframed,high_maturity,False,CLIPese,0.0,True,mature,0.6575249999999999,False,,-1,-0.19414563,0.03679926,0.05002307891845703,0.025177057832479477
6,bharatmicroscopy,high_maturity,False,CLIPese,0.0,True,mature,0.6784,False,,-1,-0.26140124,-0.14744925,0.05002307891845703,0.025177057832479477
7,alfremicroscopy,high_maturity,False,CLIPese,0.0,True,mature,0.53045,True,orthographic_hard,36,-0.3347685,-0.0329618,0.05002307891845703,0.025177057832479477
8,chihuahuas,high_maturity,True,English,2.39,True,mature,0.389225,False,,-1,0.36158156,0.12216792,0.05002307891845703,0.025177057832479477
9,buscchihuahua,high_maturity,False,CLIPese,0.0,True,mature,0.65285,False,,-1,0.03254872,0.110413924,0.05002307891845703,0.025177057832479477
10,anarchisemicsymbol,high_maturity,False,CLIPese,0.0,True,mature,0.58435,False,,-1,-0.17327084,-0.13560008,0.05002307891845703,0.025177057832479477
11,chihuahuportrait,high_maturity,False,CLIPese,0.0,True,mature,0.32735000000000003,False,,-1,-0.23236881,0.11710313,0.05002307891845703,0.025177057832479477
12,anarchideadpool,high_maturity,False,CLIPese,0.0,True,mature,0.6019749999999999,False,,-1,-0.16697155,0.10759162,0.05002307891845703,0.025177057832479477
13,autismasolardepicted,high_maturity,False,CLIPese,0.0,True,mature,0.33494999999999997,False,,-1,-0.12282426,0.073370725,0.05002307891845703,0.025177057832479477
14,balochihuahua,high_maturity,False,CLIPese,0.0,True,mature,0.3169,False,,-1,0.012717275,0.26821518,0.05002307891845703,0.025177057832479477
15,chihuahuyogurt,high_maturity,False,CLIPese,0.0,True,mature,0.671225,False,,-1,-0.21946241,0.1944024,0.05002307891845703,0.025177057832479477
16,cubempy,high_maturity,False,CLIPese,0.0,True,mature,0.598,False,,-1,-0.21301626,-0.07555414,0.05002307891845703,0.025177057832479477
17,amermicroscopy,high_maturity,False,CLIPese,0.0,True,mature,0.697725,True,orthographic_hard,37,-0.17518975,-0.055019632,0.05002307891845703,0.025177057832479477
18,chukchihuahua,high_maturity,False,CLIPese,0.0,True,mature,0.599325,False,,-1,-0.1290432,0.11534796,0.05002307891845703,0.025177057832479477
19,anarchidrawing,high_maturity,False,CLIPese,0.0,True,mature,0.7293749999999999,True,orthographic_hard,6,0.039507926,0.23026128,0.05002307891845703,0.025177057832479477
20,cybermicroscopy,high_maturity,False,CLIPese,0.0,True,mature,0.291375,False,,-1,-0.39720574,0.01654822,0.05002307891845703,0.025177057832479477
21,bernadetransimicroscopy,high_maturity,False,CLIPese,0.0,True,mature,0.39724999999999994,False,,-1,-0.25977966,-0.20085616,0.05002307891845703,0.025177057832479477
22,anarchidrawings,high_maturity,False,CLIPese,0.0,True,mature,0.5539499999999999,True,orthographic_hard,7,-0.010929069,0.22694315,0.05002307891845703,0.025177057832479477
23,cartoonfortniteemojis,high_maturity,False,CLIPese,0.0,True,mature,0.39827499999999993,False,,-1,-0.12855694,-0.03146197,0.05002307891845703,0.025177057832479477
24,chihuahua,high_maturity,True,English,3.21,True,mature,0.369475,False,,-1,-0.047687143,0.0908232,0.05002307891845703,0.025177057832479477
25,abaschihuahua,high_maturity,False,CLIPese,0.0,True,mature,0.627275,False,,-1,0.038638424,0.038769986,0.05002307891845703,0.025177057832479477
26,augmentejaws,high_maturity,False,CLIPese,0.0,True,mature,0.3913,False,,-1,-0.017880015,0.046365425,0.05002307891845703,0.025177057832479477
27,cubecube,high_maturity,False,CLIPese,0.0,True,mature,0.550625,False,,-1,0.28627184,-0.15325546,0.05002307891845703,0.025177057832479477
28,accentmicroscopy,high_maturity,False,CLIPese,0.0,True,mature,0.347375,False,,-1,-0.3512402,-0.023012511,0.05002307891845703,0.025177057832479477
29,backstreetspaghetti,high_maturity,False,CLIPese,0.0,True,mature,0.5650499999999999,False,,-1,-0.13264626,0.10208306,0.05002307891845703,0.025177057832479477
30,clintonhallucinpixelart,high_maturity,False,CLIPese,0.0,True,mature,0.1217,False,,-1,-0.16383617,-0.08882519,0.05002307891845703,0.025177057832479477
31,cytoscrambled,high_maturity,False,CLIPese,0.0,True,mature,0.64025,False,,-1,-0.11531088,-0.06349976,0.05002307891845703,0.025177057832479477
32,daimscrambled,high_maturity,False,CLIPese,0.0,True,mature,0.7094250000000001,False,,-1,-0.2449856,0.05437755,0.05002307891845703,0.025177057832479477
33,catpixelart,high_maturity,False,CLIPese,0.0,True,mature,0.11347499999999999,False,,-1,-0.14273676,0.08963743,0.05002307891845703,0.025177057832479477
34,chipmunfracking,high_maturity,False,CLIPese,0.0,True,mature,0.183825,False,,-1,-0.20688553,-0.12371617,0.05002307891845703,0.025177057832479477
35,augmenteshark,high_maturity,False,CLIPese,0.0,True,mature,0.533525,False,,-1,-0.2356862,0.029140005,0.05002307891845703,0.025177057832479477
36,chipmunnursing,high_maturity,False,CLIPese,0.0,True,mature,0.16620000000000001,False,,-1,-0.21843848,0.15348509,0.05002307891845703,0.025177057832479477
37,anarchialvin,high_maturity,False,CLIPese,0.0,True,mature,0.616825,False,,-1,0.18664971,-0.09033002,0.05002307891845703,0.025177057832479477
38,choriliquimicroscopy,high_maturity,False,CLIPese,0.0,True,mature,0.23345000000000002,False,,-1,-0.3222093,-0.07823161,0.05002307891845703,0.025177057832479477
39,bananbananheadphone,high_maturity,False,CLIPese,0.0,True,mature,0.64635,False,,-1,-0.041089382,0.109922335,0.05002307891845703,0.025177057832479477
40,calibrhumidivolcano,high_maturity,False,CLIPese,0.0,True,mature,0.34359999999999996,False,,-1,-0.05251511,-0.17291258,0.05002307891845703,0.025177057832479477
41,chihuahucolorized,high_maturity,False,CLIPese,0.0,True,mature,0.348475,False,,-1,-0.09870839,0.1500183,0.05002307891845703,0.025177057832479477
42,chipmunchipmunstraw,high_maturity,False,CLIPese,0.0,True,mature,0.035824999999999996,True,mature_weak,385,-0.25513232,0.1402476,0.05002307891845703,0.025177057832479477
43,containemoji,high_maturity,False,CLIPese,0.0,True,mature,0.333,False,,-1,0.15387976,-0.25936884,0.05002307891845703,0.025177057832479477
44,anarchidoodles,high_maturity,False,CLIPese,0.0,True,mature,0.9022000000000001,False,,-1,0.26632327,0.13319018,0.05002307891845703,0.025177057832479477
45,brainmicroscopy,high_maturity,False,CLIPese,0.0,True,mature,0.30505,False,,-1,-0.24501503,-0.0011327827,0.05002307891845703,0.025177057832479477
46,catalypixelart,high_maturity,False,CLIPese,0.0,True,mature,0.1604,False,,-1,-0.3598172,0.12829271,0.05002307891845703,0.025177057832479477
47,cubeproposing,high_maturity,False,CLIPese,0.0,True,mature,0.8755000000000002,True,mature_readable,95,-0.09909699,0.11349905,0.05002307891845703,0.025177057832479477
48,counterfemicroscopy,high_maturity,False,CLIPese,0.0,True,mature,0.34255,False,,-1,-0.33525997,-0.06968852,0.05002307891845703,0.025177057832479477
49,crystfracpixelart,high_maturity,False,CLIPese,0.0,True,mature,0.071325,True,mature_weak,420,-0.26466313,-0.04378842,0.05002307891845703,0.025177057832479477
50,copernicpanoramic,high_maturity,False,CLIPese,0.0,True,mature,0.21165,False,,-1,-0.41086674,0.013498363,0.05002307891845703,0.025177057832479477
51,autuscrambled,high_maturity,False,CLIPese,0.0,True,mature,0.7933749999999999,False,,-1,0.14323269,-0.11420171,0.05002307891845703,0.025177057832479477
52,banandeeplearning,high_maturity,False,CLIPese,0.0,True,mature,0.36867500000000003,False,,-1,-0.00042118056,0.07964354,0.05002307891845703,0.025177057832479477
53,adjaccube,high_maturity,False,CLIPese,0.0,True,mature,0.5077750000000001,False,,-1,-0.1040996,-0.108219095,0.05002307891845703,0.025177057832479477
54,autismabear,high_maturity,False,CLIPese,0.0,True,mature,0.6863999999999999,False,,-1,-0.107201055,-0.060547587,0.05002307891845703,0.025177057832479477
55,augmentedisneyland,high_maturity,False,CLIPese,0.0,True,mature,0.64475,False,,-1,-0.09694826,0.07511299,0.05002307891845703,0.025177057832479477
56,chipmunreferendum,high_maturity,False,CLIPese,0.0,True,mature,0.629,False,,-1,-0.017411454,-0.140124,0.05002307891845703,0.025177057832479477
57,beachbhafc,high_maturity,False,CLIPese,0.0,True,mature,0.7847,False,,-1,0.13805063,0.015770331,0.05002307891845703,0.025177057832479477
58,backstreetpanorama,high_maturity,False,CLIPese,0.0,True,mature,0.33965,False,,-1,-0.2323401,-0.05854601,0.05002307891845703,0.025177057832479477
59,calibrhumidiadapter,high_maturity,False,CLIPese,0.0,True,mature,0.48485,False,,-1,0.07895273,-0.12519631,0.05002307891845703,0.025177057832479477
60,cougarcougar,high_maturity,False,CLIPese,0.0,True,mature,0.41762499999999997,False,,-1,0.024957348,-0.13401589,0.05002307891845703,0.025177057832479477
61,coralmicroscope,high_maturity,False,CLIPese,0.0,True,mature,0.30610000000000004,False,,-1,-0.3352953,-0.06352829,0.05002307891845703,0.025177057832479477
62,castellpixelart,high_maturity,False,CLIPese,0.0,True,mature,0.14547500000000002,False,,-1,-0.32402366,0.18675108,0.05002307891845703,0.025177057832479477
63,allanpixelart,high_maturity,False,CLIPese,0.0,True,mature,0.09507500000000002,False,,-1,-0.21454957,0.0097599905,0.05002307891845703,0.025177057832479477
64,chocoljoachim,high_maturity,False,CLIPese,0.0,True,mature,0.501775,False,,-1,-0.16335736,-0.04163792,0.05002307891845703,0.025177057832479477
65,autuglitch,high_maturity,False,CLIPese,0.0,True,mature,0.580375,False,,-1,0.32151854,0.019528905,0.05002307891845703,0.025177057832479477
66,barbescrambled,high_maturity,False,CLIPese,0.0,True,mature,0.683225,False,,-1,-0.026356203,-0.15382476,0.05002307891845703,0.025177057832479477
67,chipmunpbr,high_maturity,False,CLIPese,0.0,True,mature,0.313425,False,,-1,0.019078685,-0.24286129,0.05002307891845703,0.025177057832479477
68,cyberpixelart,high_maturity,False,CLIPese,0.0,True,mature,0.10195000000000001,False,,-1,-0.13648413,0.054018494,0.05002307891845703,0.025177057832479477
69,cybermicroscope,high_maturity,False,CLIPese,0.0,True,mature,0.5769500000000001,False,,-1,-0.288589,-0.16170621,0.05002307891845703,0.025177057832479477
70,bogtexture,high_maturity,False,CLIPese,0.0,True,mature,0.5715250000000001,False,,-1,0.10362337,0.050641976,0.05002307891845703,0.025177057832479477
71,camouflaunvebeds,high_maturity,False,CLIPese,0.0,True,mature,0.45285000000000003,False,,-1,-0.1720211,0.06443046,0.05002307891845703,0.025177057832479477
72,augmentemackerel,high_maturity,False,CLIPese,0.0,True,mature,0.48345,False,,-1,-0.24997105,-0.04580712,0.05002307891845703,0.025177057832479477
73,bananeggplant,high_maturity,False,CLIPese,0.0,True,mature,0.52855,False,,-1,-0.057640884,0.07377465,0.05002307891845703,0.025177057832479477
74,blacchihuahueyedubois,high_maturity,False,CLIPese,0.0,True,mature,0.20675,False,,-1,-0.25883287,0.17721255,0.05002307891845703,0.025177057832479477
75,anarchialtar,high_maturity,False,CLIPese,0.0,True,mature,0.7786250000000001,False,,-1,-0.007338468,-0.006071497,0.05002307891845703,0.025177057832479477
76,beachdeforestation,high_maturity,False,CLIPese,0.0,True,mature,0.25049999999999994,False,,-1,-0.15042698,-0.023525016,0.05002307891845703,0.025177057832479477
77,contentmicroscopy,high_maturity,False,CLIPese,0.0,True,mature,0.3742,False,,-1,-0.23674558,-0.019266745,0.05002307891845703,0.025177057832479477
78,convicemoji,high_maturity,False,CLIPese,0.0,True,mature,0.42015,False,,-1,-0.16157903,-0.14662772,0.05002307891845703,0.025177057832479477
79,chipmunrabbit,high_maturity,False,CLIPese,0.0,True,mature,0.33482499999999993,False,,-1,-0.2699835,-0.03825192,0.05002307891845703,0.025177057832479477
80,ayanmicroscope,high_maturity,False,CLIPese,0.0,True,mature,0.5851,False,,-1,-0.259367,-0.089148656,0.05002307891845703,0.025177057832479477
81,alphabeapple,high_maturity,False,CLIPese,0.0,True,mature,0.6282249999999999,False,,-1,-0.1320399,0.18009084,0.05002307891845703,0.025177057832479477
82,aubergchunks,high_maturity,False,CLIPese,0.0,True,mature,0.42205000000000004,False,,-1,0.22185631,0.17669207,0.05002307891845703,0.025177057832479477
83,bbcglitch,high_maturity,False,CLIPese,0.0,True,mature,0.60495,False,,-1,0.21299429,0.08500168,0.05002307891845703,0.025177057832479477
84,autismamasterpieces,high_maturity,False,CLIPese,0.0,True,mature,0.5163499999999999,False,,-1,-0.07851625,-0.10344773,0.05002307891845703,0.025177057832479477
85,bullterrier,high_maturity,False,CLIPese,0.0,True,mature,0.35487500000000005,False,,-1,-0.060794923,0.16000623,0.05002307891845703,0.025177057832479477
86,coffemugshot,high_maturity,False,CLIPese,0.0,True,mature,0.6890749999999999,False,,-1,-0.10860923,-0.044151276,0.05002307891845703,0.025177057832479477
87,creamscrambled,high_maturity,False,CLIPese,0.0,True,mature,0.78055,False,,-1,-0.22583315,-0.06787411,0.05002307891845703,0.025177057832479477
88,beachsurfers,high_maturity,False,CLIPese,0.0,True,mature,0.6040749999999999,False,,-1,0.061927274,-0.030810334,0.05002307891845703,0.025177057832479477
89,coralpixelart,high_maturity,False,CLIPese,0.0,True,mature,0.2081,False,,-1,-0.023195175,-0.30086634,0.05002307891845703,0.025177057832479477
90,alienpixelart,high_maturity,False,CLIPese,0.0,True,mature,0.18494999999999998,False,,-1,-0.18398279,0.032815255,0.05002307891845703,0.025177057832479477
91,cheeselo,high_maturity,False,CLIPese,0.0,True,mature,0.777,False,,-1,0.35211244,-0.04695459,0.05002307891845703,0.025177057832479477
92,cipemoji,high_maturity,False,CLIPese,0.0,True,mature,0.542475,True,orthographic_hard,8,-0.19666784,-0.17438819,0.05002307891845703,0.025177057832479477
93,colormicroscope,high_maturity,False,CLIPese,0.0,True,mature,0.40950000000000003,False,,-1,-0.23234199,-0.24383488,0.05002307891845703,0.025177057832479477
94,banknodigitalart,high_maturity,False,CLIPese,0.0,True,mature,0.2257,False,,-1,-0.24274836,0.07067896,0.05002307891845703,0.025177057832479477
95,bundejets,high_maturity,False,CLIPese,0.0,True,mature,0.4329,False,,-1,-0.00787683,-0.06336322,0.05002307891845703,0.025177057832479477
96,beachpools,high_maturity,False,CLIPese,0.0,True,mature,0.7632749999999999,False,,-1,-0.011104846,0.095694594,0.05002307891845703,0.025177057832479477
97,brutalframskeletons,high_maturity,False,CLIPese,0.0,True,mature,0.498325,False,,-1,0.20140469,-0.105295695,0.05002307891845703,0.025177057832479477
98,calibrcalibrgrinder,high_maturity,False,CLIPese,0.0,True,mature,0.297,False,,-1,0.1244124,-0.11607726,0.05002307891845703,0.025177057832479477
99,cbsmachinelearning,high_maturity,False,CLIPese,0.0,True,mature,0.449925,False,,-1,-0.14782716,-0.09785593,0.05002307891845703,0.025177057832479477
100,chinesepresidents,high_maturity,False,CLIPese,0.0,True,mature,0.5212,False,,-1,-0.1414656,0.08610232,0.05002307891845703,0.025177057832479477
101,aubergchevron,high_maturity,False,CLIPese,0.0,True,mature,0.131275,True,mature_weak,398,-0.11557844,0.23397349,0.05002307891845703,0.025177057832479477
102,autumachinelearning,high_maturity,False,CLIPese,0.0,True,mature,0.44942499999999996,False,,-1,-0.10130621,-0.077982195,0.05002307891845703,0.025177057832479477
103,clipemoji,high_maturity,False,CLIPese,0.0,True,mature,0.537275,True,orthographic_hard,9,-0.1975975,-0.053896673,0.05002307891845703,0.025177057832479477
104,cougarundant,high_maturity,False,CLIPese,0.0,True,mature,0.523575,False,,-1,-0.11723334,-0.07392036,0.05002307891845703,0.025177057832479477
105,buremachinelearning,high_maturity,False,CLIPese,0.0,True,mature,0.47002499999999997,False,,-1,-0.04538309,-0.11837645,0.05002307891845703,0.025177057832479477
106,buccaneplanes,high_maturity,False,CLIPese,0.0,True,mature,0.43084999999999996,False,,-1,0.09060601,0.066675864,0.05002307891845703,0.025177057832479477
107,chipmunk,high_maturity,True,English,2.74,True,mature,0.35365,False,,-1,-0.22564451,0.00023700832,0.05002307891845703,0.025177057832479477
108,calibrvolcano,high_maturity,False,CLIPese,0.0,True,mature,0.34857499999999997,False,,-1,0.22367266,-0.063192,0.05002307891845703,0.025177057832479477
109,cycloemojis,high_maturity,False,CLIPese,0.0,True,mature,0.496275,False,,-1,-0.21467017,0.13403623,0.05002307891845703,0.025177057832479477
110,augmentemask,high_maturity,False,CLIPese,0.0,True,mature,0.751775,True,mature_readable,243,0.13470142,-0.27483252,0.05002307891845703,0.025177057832479477
111,banknopassport,high_maturity,False,CLIPese,0.0,True,mature,0.648,False,,-1,-0.12891078,-0.12956093,0.05002307891845703,0.025177057832479477
112,bestofscrambled,high_maturity,False,CLIPese,0.0,True,mature,0.44015000000000004,False,,-1,-0.15865587,-0.22971535,0.05002307891845703,0.025177057832479477
113,bernese,high_maturity,True,English,2.23,True,mature,0.56565,False,,-1,0.40253484,0.14808425,0.05002307891845703,0.025177057832479477
114,aubergbronte,high_maturity,False,CLIPese,0.0,True,mature,0.195075,False,,-1,0.02514491,0.08781285,0.05002307891845703,0.025177057832479477
115,cubemodules,high_maturity,False,CLIPese,0.0,True,mature,0.89235,True,mature_readable,167,0.09135483,-0.048688065,0.05002307891845703,0.025177057832479477
116,copernicspaghetti,high_maturity,False,CLIPese,0.0,True,mature,0.5315,False,,-1,-0.10194351,0.07634148,0.05002307891845703,0.025177057832479477
117,aegefighter,high_maturity,False,CLIPese,0.0,True,mature,0.23885,False,,-1,-0.079652786,0.063107274,0.05002307891845703,0.025177057832479477
118,boxerpitbull,high_maturity,False,CLIPese,0.0,True,mature,0.419875,False,,-1,-0.05720348,-0.17289354,0.05002307891845703,0.025177057832479477
119,configurloaf,high_maturity,False,CLIPese,0.0,True,mature,0.400825,False,,-1,-0.1753848,0.11695937,0.05002307891845703,0.025177057832479477
120,backstreetminecraft,high_maturity,False,CLIPese,0.0,True,mature,0.36519999999999997,False,,-1,-0.15741113,-0.14307758,0.05002307891845703,0.025177057832479477
121,autismazebra,high_maturity,False,CLIPese,0.0,True,mature,0.45339999999999997,False,,-1,0.0060815727,-0.16212182,0.05002307891845703,0.025177057832479477
122,calibrimagepixelart,high_maturity,False,CLIPese,0.0,True,mature,0.12369999999999999,False,,-1,-0.24094898,-0.10998571,0.05002307891845703,0.025177057832479477
123,artypixelart,high_maturity,False,CLIPese,0.0,True,mature,0.0802,True,mature_weak,372,-0.19026683,0.21373558,0.05002307891845703,0.025177057832479477
124,bbcimagemachinelearning,high_maturity,False,CLIPese,0.0,True,mature,0.44815,False,,-1,-0.15926678,-0.024835855,0.05002307891845703,0.025177057832479477
125,cyberskeletons,high_maturity,False,CLIPese,0.0,True,mature,0.5938249999999999,False,,-1,-0.048806023,-0.10692649,0.05002307891845703,0.025177057832479477
126,chipmunbollywood,high_maturity,False,CLIPese,0.0,True,mature,0.47530000000000006,False,,-1,-0.06253243,-0.02434948,0.05002307891845703,0.025177057832479477
127,aubergfuzzy,high_maturity,False,CLIPese,0.0,True,mature,0.28605,False,,-1,-0.17275386,-0.04098922,0.05002307891845703,0.025177057832479477
128,carrauntoo,high_maturity,False,CLIPese,0.0,True,mature,0.38125,False,,-1,-0.17772795,-0.18882112,0.05002307891845703,0.025177057832479477
129,chickpheasant,high_maturity,False,CLIPese,0.0,True,mature,0.4534,False,,-1,0.1348061,0.10834229,0.05002307891845703,0.025177057832479477
130,coralbinary,high_maturity,False,CLIPese,0.0,True,mature,0.824275,True,mature_readable,229,0.11643391,-0.1440729,0.05002307891845703,0.025177057832479477
131,aubergblob,high_maturity,False,CLIPese,0.0,True,mature,0.36105,False,,-1,-0.035533156,0.18992469,0.05002307891845703,0.025177057832479477
132,anarchnoseoutlines,high_maturity,False,CLIPese,0.0,True,mature,0.60885,False,,-1,0.06645953,0.11676673,0.05002307891845703,0.025177057832479477
133,cyclingsymmetry,high_maturity,False,CLIPese,0.0,True,mature,0.736475,False,,-1,-0.26505336,-0.0051913406,0.05002307891845703,0.025177057832479477
134,abstrimagescrambled,high_maturity,False,CLIPese,0.0,True,mature,0.3473,False,,-1,-0.24874754,0.032212164,0.05002307891845703,0.025177057832479477
135,boxoctagon,high_maturity,False,CLIPese,0.0,True,mature,0.750375,False,,-1,0.3502057,-0.065273,0.05002307891845703,0.025177057832479477
136,beachclean,high_maturity,False,CLIPese,0.0,True,mature,0.5321,False,,-1,0.19456705,-0.22271499,0.05002307891845703,0.025177057832479477
137,calibrbitimageinterference,high_maturity,False,CLIPese,0.0,True,mature,0.28659999999999997,False,,-1,-0.16594261,-0.028538983,0.05002307891845703,0.025177057832479477
138,appalachcamo,high_maturity,False,CLIPese,0.0,True,mature,0.5405249999999999,False,,-1,-0.082282126,-0.17154726,0.05002307891845703,0.025177057832479477
139,canadapost,high_maturity,False,CLIPese,0.0,True,mature,0.5156499999999999,False,,-1,-0.13338128,-0.05815721,0.05002307891845703,0.025177057832479477
140,aglecam,high_maturity,False,CLIPese,0.0,True,mature,0.53045,False,,-1,-0.1786608,-0.12901989,0.05002307891845703,0.025177057832479477
141,appalachminecraft,high_maturity,False,CLIPese,0.0,True,mature,0.47739999999999994,False,,-1,-0.12569413,0.029845828,0.05002307891845703,0.025177057832479477
142,calibrlentvolcano,high_maturity,False,CLIPese,0.0,True,mature,0.36234999999999995,False,,-1,-0.10014913,-0.055329744,0.05002307891845703,0.025177057832479477
143,bitimagescrambled,high_maturity,False,CLIPese,0.0,True,mature,0.38437499999999997,False,,-1,-0.26877868,-0.006911241,0.05002307891845703,0.025177057832479477
144,bicytree,high_maturity,False,CLIPese,0.0,True,mature,0.529825,False,,-1,-0.20099525,-0.022041386,0.05002307891845703,0.025177057832479477
145,chopemoji,high_maturity,False,CLIPese,0.0,True,mature,0.803925,False,,-1,0.244308,-0.26251146,0.05002307891845703,0.025177057832479477
146,camouflahairstyles,high_maturity,False,CLIPese,0.0,True,mature,0.28235,False,,-1,-0.19641697,-0.020035079,0.05002307891845703,0.025177057832479477
147,breastcancercrayon,high_maturity,False,CLIPese,0.0,True,mature,0.7217250000000001,False,,-1,-0.090689145,-0.18029362,0.05002307891845703,0.025177057832479477
148,appalachpaddling,high_maturity,False,CLIPese,0.0,True,mature,0.418725,False,,-1,-0.1899837,0.2113402,0.05002307891845703,0.025177057832479477
149,bellahusky,high_maturity,False,CLIPese,0.0,True,mature,0.563475,False,,-1,-0.23148054,0.13128012,0.05002307891845703,0.025177057832479477
150,backstreetshrek,high_maturity,False,CLIPese,0.0,True,mature,0.370075,False,,-1,-0.21570547,-0.018056266,0.05002307891845703,0.025177057832479477
151,christmasjigsaw,high_maturity,False,CLIPese,0.0,True,mature,0.43865,False,,-1,0.038991563,-0.13355757,0.05002307891845703,0.025177057832479477
152,boxerdog,high_maturity,False,CLIPese,0.0,True,mature,0.234425,False,,-1,-0.0769618,0.04734503,0.05002307891845703,0.025177057832479477
153,boerterrier,high_maturity,False,CLIPese,0.0,True,mature,0.45587500000000003,False,,-1,0.19002295,0.27704147,0.05002307891845703,0.025177057832479477
154,colormachinelearning,high_maturity,False,CLIPese,0.0,True,mature,0.31917499999999993,False,,-1,-0.08640748,-0.13238862,0.05002307891845703,0.025177057832479477
155,calibrnanoptoro,high_maturity,False,CLIPese,0.0,True,mature,0.6716,False,,-1,-0.14482799,0.17364079,0.05002307891845703,0.025177057832479477
156,copernicantenna,high_maturity,False,CLIPese,0.0,True,mature,0.45445,False,,-1,-0.08895738,0.051075272,0.05002307891845703,0.025177057832479477
157,burgerjuggpanorpixelart,high_maturity,False,CLIPese,0.0,True,mature,0.140625,True,mature_weak,415,-0.13466443,0.10450352,0.05002307891845703,0.025177057832479477
158,calibrmaize,high_maturity,False,CLIPese,0.0,True,mature,0.665875,True,orthographic_hard,40,0.22739291,-0.35901645,0.05002307891845703,0.025177057832479477
159,banankin,high_maturity,False,CLIPese,0.0,True,mature,0.894825,True,orthographic_hard,32,0.3764492,-0.06709238,0.05002307891845703,0.025177057832479477
160,autismawarenessday,high_maturity,False,CLIPese,0.0,True,mature,0.5604,False,,-1,-0.10625083,0.1666953,0.05002307891845703,0.025177057832479477
161,configurmandelcircle,high_maturity,False,CLIPese,0.0,True,mature,0.25455,False,,-1,-0.07780597,0.007950083,0.05002307891845703,0.025177057832479477
162,bharatwebcamtoy,high_maturity,False,CLIPese,0.0,True,mature,0.057850000000000006,True,mature_weak,386,-0.3075787,0.08215202,0.05002307891845703,0.025177057832479477
163,airballon,high_maturity,False,CLIPese,0.0,True,mature,0.442125,False,,-1,0.24286442,0.16214745,0.05002307891845703,0.025177057832479477
164,banknopancake,high_maturity,False,CLIPese,0.0,True,mature,0.6693,False,,-1,-0.10263852,-0.08405855,0.05002307891845703,0.025177057832479477
165,catglitch,high_maturity,False,CLIPese,0.0,True,mature,0.53905,False,,-1,0.17081016,0.11185166,0.05002307891845703,0.025177057832479477
166,coralcrystmicroscope,high_maturity,False,CLIPese,0.0,True,mature,0.335775,False,,-1,-0.33957115,0.022037946,0.05002307891845703,0.025177057832479477
167,beardmachinelearning,high_maturity,False,CLIPese,0.0,True,mature,0.463125,False,,-1,-0.100078344,-0.0566917,0.05002307891845703,0.025177057832479477
168,cougarspelled,high_maturity,False,CLIPese,0.0,True,mature,0.7398250000000001,False,,-1,0.19297092,0.05185797,0.05002307891845703,0.025177057832479477
169,carncollie,high_maturity,False,CLIPese,0.0,True,mature,0.09597499999999999,True,mature_weak,380,0.23203881,0.26299396,0.05002307891845703,0.025177057832479477
170,clipclips,high_maturity,False,CLIPese,0.0,True,mature,0.461175,False,,-1,0.22922334,-0.011674965,0.05002307891845703,0.025177057832479477
171,cytofractal,high_maturity,False,CLIPese,0.0,True,mature,0.4667,False,,-1,0.22929257,-0.07443727,0.05002307891845703,0.025177057832479477
172,bundehelicopters,high_maturity,False,CLIPese,0.0,True,mature,0.8515249999999999,True,mature_readable,105,0.0903707,0.07776353,0.05002307891845703,0.025177057832479477
173,augmenteapple,high_maturity,False,CLIPese,0.0,True,mature,0.610025,False,,-1,-0.15938976,0.13447435,0.05002307891845703,0.025177057832479477
174,breadtexture,high_maturity,False,CLIPese,0.0,True,mature,0.67285,False,,-1,0.25243503,-0.30736426,0.05002307891845703,0.025177057832479477
175,christmapuzzles,high_maturity,False,CLIPese,0.0,True,mature,0.5942999999999999,False,,-1,0.14899592,-0.22716527,0.05002307891845703,0.025177057832479477
176,blackandwhitepropeller,high_maturity,False,CLIPese,0.0,True,mature,0.19837500000000002,False,,-1,-0.21635532,0.12021985,0.05002307891845703,0.025177057832479477
177,chromodisintegrscrambled,high_maturity,False,CLIPese,0.0,True,mature,0.35359999999999997,False,,-1,-0.1357117,-0.081738785,0.05002307891845703,0.025177057832479477
178,broccoli,high_maturity,True,English,3.5,True,mature,0.5514,False,,-1,0.2757227,0.07540912,0.05002307891845703,0.025177057832479477
179,azerbaimetabolaceae,high_maturity,False,CLIPese,0.0,True,mature,0.51825,False,,-1,0.01351111,-0.06499112,0.05002307891845703,0.025177057832479477
180,anarchitottenham,high_maturity,False,CLIPese,0.0,True,mature,0.5146999999999999,False,,-1,-0.18411379,-0.076446384,0.05002307891845703,0.025177057832479477
181,anarchiaubrey,high_maturity,False,CLIPese,0.0,True,mature,0.59895,False,,-1,-0.015995132,0.21405819,0.05002307891845703,0.025177057832479477
182,cuttemojis,high_maturity,False,CLIPese,0.0,True,mature,0.7487999999999999,False,,-1,-0.056869037,-0.061444767,0.05002307891845703,0.025177057832479477
183,choccroissant,high_maturity,False,CLIPese,0.0,True,mature,0.5928,False,,-1,-0.027603475,-0.269871,0.05002307891845703,0.025177057832479477
184,chromomosaic,high_maturity,False,CLIPese,0.0,True,mature,0.5669249999999999,False,,-1,-0.28689808,-0.19088481,0.05002307891845703,0.025177057832479477
185,absccrystscrambled,high_maturity,False,CLIPese,0.0,True,mature,0.30837499999999995,False,,-1,-0.051758695,0.0124398,0.05002307891845703,0.025177057832479477
186,buccanebombers,high_maturity,False,CLIPese,0.0,True,mature,0.27754999999999996,False,,-1,0.026723992,-0.19640896,0.05002307891845703,0.025177057832479477
187,chinesemongolia,high_maturity,False,CLIPese,0.0,True,mature,0.5855999999999999,False,,-1,0.109577395,-0.22713698,0.05002307891845703,0.025177057832479477
188,crabsurfers,high_maturity,False,CLIPese,0.0,True,mature,0.63245,False,,-1,-0.065205306,0.12989585,0.05002307891845703,0.025177057832479477
189,buccanesubmarine,high_maturity,False,CLIPese,0.0,True,mature,0.274175,False,,-1,-0.016509684,-0.03285393,0.05002307891845703,0.025177057832479477
190,crystshook,high_maturity,False,CLIPese,0.0,True,mature,0.5805,False,,-1,0.09101765,-0.15100047,0.05002307891845703,0.025177057832479477
191,bureblurred,high_maturity,False,CLIPese,0.0,True,mature,0.681675,False,,-1,-0.0061187968,0.083488055,0.05002307891845703,0.025177057832479477
192,blurmonet,high_maturity,False,CLIPese,0.0,True,mature,0.5874499999999999,False,,-1,0.055503596,-0.17199072,0.05002307891845703,0.025177057832479477
193,catsphercircle,high_maturity,False,CLIPese,0.0,True,mature,0.16112500000000002,True,mature_weak,399,-0.12672293,-0.09548618,0.05002307891845703,0.025177057832479477
194,anarchibicyalchemist,high_maturity,False,CLIPese,0.0,True,mature,0.18525000000000003,False,,-1,-0.16031203,0.026839597,0.05002307891845703,0.025177057832479477
195,biomeddecal,high_maturity,False,CLIPese,0.0,True,mature,0.616825,False,,-1,-0.12383448,-0.18141389,0.05002307891845703,0.025177057832479477
196,chromoglitch,high_maturity,False,CLIPese,0.0,True,mature,0.1481,True,mature_weak,396,0.023195386,-0.16588189,0.05002307891845703,0.025177057832479477
197,circumerecbanana,high_maturity,False,CLIPese,0.0,True,mature,0.6273249999999999,False,,-1,-0.13581319,0.11165818,0.05002307891845703,0.025177057832479477
198,coralsnowstorm,high_maturity,False,CLIPese,0.0,True,mature,0.38897499999999996,False,,-1,-0.1436113,-0.13641955,0.05002307891845703,0.025177057832479477
199,bbcbbcseizure,high_maturity,False,CLIPese,0.0,True,mature,0.37415000000000004,False,,-1,0.46047404,0.06826774,0.05002307891845703,0.025177057832479477
200,bbcmicroscope,high_maturity,False,CLIPese,0.0,True,mature,0.6156,False,,-1,-0.19360033,-0.03041727,0.05002307891845703,0.025177057832479477
201,copernicmap,high_maturity,False,CLIPese,0.0,True,mature,0.6641,False,,-1,-0.17138955,-0.19612789,0.05002307891845703,0.025177057832479477
202,cubeblob,high_maturity,False,CLIPese,0.0,True,mature,0.6398249999999999,False,,-1,0.042383973,0.08377118,0.05002307891845703,0.025177057832479477
203,cauliflower,high_maturity,True,English,3.2,True,mature,0.37184999999999996,False,,-1,0.1640102,0.08014425,0.05002307891845703,0.025177057832479477
204,camouflaloaf,high_maturity,False,CLIPese,0.0,True,mature,0.42457500000000004,False,,-1,-0.006830579,0.047494765,0.05002307891845703,0.025177057832479477
205,bulldogpitt,high_maturity,False,CLIPese,0.0,True,mature,0.4526,False,,-1,-0.20947103,0.11496042,0.05002307891845703,0.025177057832479477
206,blackandwhitenationaldogday,high_maturity,False,CLIPese,0.0,True,mature,0.791575,True,mature_readable,242,-0.044975944,0.10782387,0.05002307891845703,0.025177057832479477
207,cyclingmath,high_maturity,False,CLIPese,0.0,True,mature,0.815125,True,orthographic_hard,22,0.0130694695,-0.12931645,0.05002307891845703,0.025177057832479477
208,bunprotest,high_maturity,False,CLIPese,0.0,True,mature,0.8777250000000001,True,mature_readable,121,0.007179035,-0.09014303,0.05002307891845703,0.025177057832479477
209,artymachinelearning,high_maturity,False,CLIPese,0.0,True,mature,0.23865,False,,-1,-0.2451393,-0.047053427,0.05002307891845703,0.025177057832479477
210,bggrumpug,high_maturity,False,CLIPese,0.0,True,mature,0.516925,False,,-1,-0.06823323,-0.12175616,0.05002307891845703,0.025177057832479477
211,avoncollie,high_maturity,False,CLIPese,0.0,True,mature,0.3297,False,,-1,0.24198043,-0.031307526,0.05002307891845703,0.025177057832479477
212,cubefuncshadimplemented,high_maturity,False,CLIPese,0.0,True,mature,0.2551,False,,-1,-0.25442576,0.12185,0.05002307891845703,0.025177057832479477
213,catmandala,high_maturity,False,CLIPese,0.0,True,mature,0.42362500000000003,False,,-1,-0.18739465,-0.039430108,0.05002307891845703,0.025177057832479477
214,credentibobcat,high_maturity,False,CLIPese,0.0,True,mature,0.37144999999999995,False,,-1,-0.22604384,-0.0246325,0.05002307891845703,0.025177057832479477
215,camouflaloafbread,high_maturity,False,CLIPese,0.0,True,mature,0.203075,False,,-1,-0.1842453,0.07519088,0.05002307891845703,0.025177057832479477
216,anarchioccult,high_maturity,False,CLIPese,0.0,True,mature,0.676025,False,,-1,0.3127953,0.02412436,0.05002307891845703,0.025177057832479477
217,anarchisuperbowl,high_maturity,False,CLIPese,0.0,True,mature,0.8039499999999999,False,,-1,-0.034546953,0.037901543,0.05002307891845703,0.025177057832479477
218,britishsheepcumbria,high_maturity,False,CLIPese,0.0,True,mature,0.3965249999999999,False,,-1,-0.18962786,0.11852861,0.05002307891845703,0.025177057832479477
219,bubbslab,high_maturity,False,CLIPese,0.0,True,mature,0.6561,False,,-1,0.18635155,0.17551044,0.05002307891845703,0.025177057832479477
220,bloodsculptures,high_maturity,False,CLIPese,0.0,True,mature,0.640575,False,,-1,0.0074710026,-0.25619954,0.05002307891845703,0.025177057832479477
221,chromomeasles,high_maturity,False,CLIPese,0.0,True,mature,0.54585,False,,-1,-0.10230335,-0.2739291,0.05002307891845703,0.025177057832479477
222,chromoasparagus,high_maturity,False,CLIPese,0.0,True,mature,0.11985,False,,-1,-0.13490336,-0.31646526,0.05002307891845703,0.025177057832479477
223,cybercube,high_maturity,False,CLIPese,0.0,True,mature,0.7735000000000001,False,,-1,0.02935869,0.03539861,0.05002307891845703,0.025177057832479477
224,aubergbuttthinking,high_maturity,False,CLIPese,0.0,True,mature,0.342075,False,,-1,-0.13394062,0.15120944,0.05002307891845703,0.025177057832479477
225,abudhadoggo,high_maturity,False,CLIPese,0.0,True,mature,0.332375,False,,-1,-0.038983848,0.16575216,0.05002307891845703,0.025177057832479477
226,biketomorrowspaperreturning,high_maturity,False,CLIPese,0.0,True,mature,0.27897500000000003,False,,-1,-0.114310734,-0.009138108,0.05002307891845703,0.025177057832479477
227,coralmosaic,high_maturity,False,CLIPese,0.0,True,mature,0.541425,False,,-1,-0.23050705,-0.14909698,0.05002307891845703,0.025177057832479477
228,bananfeline,high_maturity,False,CLIPese,0.0,True,mature,0.570975,False,,-1,-0.11108469,0.13930334,0.05002307891845703,0.025177057832479477
229,appalachsoap,high_maturity,False,CLIPese,0.0,True,mature,0.749225,False,,-1,0.10242538,-0.08709749,0.05002307891845703,0.025177057832479477
230,beachtourists,high_maturity,False,CLIPese,0.0,True,mature,0.574425,False,,-1,0.06052607,-0.012648029,0.05002307891845703,0.025177057832479477
231,chromomonet,high_maturity,False,CLIPese,0.0,True,mature,0.366325,False,,-1,0.11023974,-0.299716,0.05002307891845703,0.025177057832479477
232,coyopups,high_maturity,False,CLIPese,0.0,True,mature,0.8172,True,mature_readable,258,-0.007814838,0.10747499,0.05002307891845703,0.025177057832479477
233,authenticmachinelearning,high_maturity,False,CLIPese,0.0,True,mature,0.489425,False,,-1,-0.18794411,0.10134752,0.05002307891845703,0.025177057832479477
234,compupixelart,high_maturity,False,CLIPese,0.0,True,mature,0.08555,True,mature_weak,435,-0.14040989,-0.15823522,0.05002307891845703,0.025177057832479477
235,chineseterracotta,high_maturity,False,CLIPese,0.0,True,mature,0.105175,True,mature_weak,403,-0.21273303,0.09671924,0.05002307891845703,0.025177057832479477
236,crystfracdigitalart,high_maturity,False,CLIPese,0.0,True,mature,0.117575,False,,-1,-0.27925146,0.12161168,0.05002307891845703,0.025177057832479477
237,copernicsquare,high_maturity,False,CLIPese,0.0,True,mature,0.20835000000000004,False,,-1,-0.15165974,-0.10234658,0.05002307891845703,0.025177057832479477
238,crystpaintbruise,high_maturity,False,CLIPese,0.0,True,mature,0.60805,False,,-1,-0.19124109,0.037248164,0.05002307891845703,0.025177057832479477
239,allypally,high_maturity,False,CLIPese,0.0,True,mature,0.21875,False,,-1,0.08687253,0.25378674,0.05002307891845703,0.025177057832479477
240,coralradiation,high_maturity,False,CLIPese,0.0,True,mature,0.669825,False,,-1,-0.12678868,0.16809897,0.05002307891845703,0.025177057832479477
241,biketransportation,high_maturity,False,CLIPese,0.0,True,mature,0.273275,False,,-1,-0.24141443,0.060936727,0.05002307891845703,0.025177057832479477
242,configurcircle,high_maturity,False,CLIPese,0.0,True,mature,0.2791,False,,-1,0.025312055,0.13687779,0.05002307891845703,0.025177057832479477
243,colorkaleidostatistical,high_maturity,False,CLIPese,0.0,True,mature,0.34275,False,,-1,-0.29850814,0.14064884,0.05002307891845703,0.025177057832479477
244,calibrlotoptimize,high_maturity,False,CLIPese,0.0,True,mature,0.414725,False,,-1,-0.26413205,0.06257624,0.05002307891845703,0.025177057832479477
245,aerialjump,high_maturity,False,CLIPese,0.0,True,mature,0.62495,False,,-1,0.046495683,-0.13058947,0.05002307891845703,0.025177057832479477
246,bananviewer,high_maturity,False,CLIPese,0.0,True,mature,0.714575,False,,-1,0.25465298,-0.14556433,0.05002307891845703,0.025177057832479477
247,athiyashetty,high_maturity,False,CLIPese,0.0,True,mature,0.29237500000000005,False,,-1,-0.1393038,0.18677638,0.05002307891845703,0.025177057832479477
248,banknorectangular,high_maturity,False,CLIPese,0.0,True,mature,0.117525,True,mature_weak,424,-0.17034936,-0.015802294,0.05002307891845703,0.025177057832479477
249,afghcoworking,high_maturity,False,CLIPese,0.0,True,mature,0.7312999999999998,True,mature_readable,245,0.012816182,0.11610249,0.05002307891845703,0.025177057832479477
250,australianjaws,high_maturity,False,CLIPese,0.0,True,mature,0.613075,False,,-1,0.18068522,0.12776254,0.05002307891845703,0.025177057832479477
251,autismacrocodile,high_maturity,False,CLIPese,0.0,True,mature,0.36405000000000004,False,,-1,-0.21079624,0.13258141,0.05002307891845703,0.025177057832479477
252,assemblyaapl,high_maturity,False,CLIPese,0.0,True,mature,0.79675,True,mature_readable,202,-0.19533171,0.033746466,0.05002307891845703,0.025177057832479477
253,ajcorgi,high_maturity,False,CLIPese,0.0,True,mature,0.52635,False,,-1,0.011646571,0.19332828,0.05002307891845703,0.025177057832479477
254,appalachsafarilive,high_maturity,False,CLIPese,0.0,True,mature,0.075175,True,mature_weak,419,-0.10893517,-0.00037138356,0.05002307891845703,0.025177057832479477
255,copernicgridgraffiti,high_maturity,False,CLIPese,0.0,True,mature,0.19625,False,,-1,-0.32932803,-0.028092295,0.05002307891845703,0.025177057832479477
256,configurduvet,high_maturity,False,CLIPese,0.0,True,mature,0.44894999999999996,False,,-1,-0.04506299,0.062427104,0.05002307891845703,0.025177057832479477
257,crystcorrupt,high_maturity,False,CLIPese,0.0,True,mature,0.246875,False,,-1,-0.021241372,-0.23221442,0.05002307891845703,0.025177057832479477
258,chromoscrambled,high_maturity,False,CLIPese,0.0,True,mature,0.33825000000000005,False,,-1,-0.12882435,-0.19702485,0.05002307891845703,0.025177057832479477
259,bbcprogrambitringing,high_maturity,False,CLIPese,0.0,True,mature,0.63545,False,,-1,-0.17271818,-0.070846476,0.05002307891845703,0.025177057832479477
260,camouflacosy,high_maturity,False,CLIPese,0.0,True,mature,0.2126,False,,-1,0.025470993,-0.37011394,0.05002307891845703,0.025177057832479477
261,ckerfuzzchromobit,high_maturity,False,CLIPese,0.0,True,mature,0.387125,False,,-1,0.0013766191,0.13102983,0.05002307891845703,0.025177057832479477
262,calibrmeasles,high_maturity,False,CLIPese,0.0,True,mature,0.7097,True,orthographic_hard,41,0.017736511,-0.07532621,0.05002307891845703,0.025177057832479477
263,cuberender,high_maturity,False,CLIPese,0.0,True,mature,0.4925,False,,-1,0.12449899,-0.11992251,0.05002307891845703,0.025177057832479477
264,coughcougar,high_maturity,False,CLIPese,0.0,True,mature,0.8779,True,mature_readable,92,-0.066037096,0.13525394,0.05002307891845703,0.025177057832479477
265,tyrecatsoftwitter,high_maturity,False,CLIPese,0.0,True,mature,0.1688,False,,-1,-0.25176212,0.00072403706,0.05002307891845703,0.025177057832479477
266,azerbaichonlargest,high_maturity,False,CLIPese,0.0,True,mature,0.6718,False,,-1,-0.12953855,0.14803968,0.05002307891845703,0.025177057832479477
267,appenhummingpikachu,high_maturity,False,CLIPese,0.0,True,mature,0.587075,False,,-1,-0.13046224,0.03859966,0.05002307891845703,0.025177057832479477
268,arugula,high_maturity,True,English,2.46,True,mature,0.34305,False,,-1,0.37899423,0.22920582,0.05002307891845703,0.025177057832479477
269,beachspelling,high_maturity,False,CLIPese,0.0,True,mature,0.7914749999999999,True,mature_readable,270,0.0112705715,0.2735031,0.05002307891845703,0.025177057832479477
270,aardvark,high_maturity,True,English,2.39,True,mature,0.7492000000000001,True,mature_readable,251,0.38322166,0.09477446,0.05002307891845703,0.025177057832479477
271,bharatdigits,high_maturity,False,CLIPese,0.0,True,mature,0.494275,False,,-1,-0.21973377,-0.019299744,0.05002307891845703,0.025177057832479477
272,autismacaffeine,high_maturity,False,CLIPese,0.0,True,mature,0.864475,True,mature_readable,84,-0.040122032,0.09398797,0.05002307891845703,0.025177057832479477
273,batmancaptainmarvel,high_maturity,False,CLIPese,0.0,True,mature,0.27165,False,,-1,-0.21487126,-0.097650684,0.05002307891845703,0.025177057832479477
274,azzscrambled,high_maturity,False,CLIPese,0.0,True,mature,0.8438749999999999,True,orthographic_hard,14,0.046467487,-0.010666655,0.05002307891845703,0.025177057832479477
275,amyjackson,high_maturity,False,CLIPese,0.0,True,mature,0.19547499999999998,False,,-1,-0.15484858,-0.10965032,0.05002307891845703,0.025177057832479477
276,crvenazvezda,high_maturity,False,CLIPese,0.0,True,mature,0.189225,True,mature_weak,440,-0.09226609,-0.13335834,0.05002307891845703,0.025177057832479477
277,birchcalligraphy,high_maturity,False,CLIPese,0.0,True,mature,0.23767500000000003,False,,-1,-0.2056997,0.13523749,0.05002307891845703,0.025177057832479477
278,calibrbbcbitgradient,high_maturity,False,CLIPese,0.0,True,mature,0.1503,False,,-1,-0.07325601,-0.046040867,0.05002307891845703,0.025177057832479477
279,bullrnli,high_maturity,False,CLIPese,0.0,True,mature,0.19647499999999998,False,,-1,0.42604893,0.08634473,0.05002307891845703,0.025177057832479477
280,candigoldendoggo,high_maturity,False,CLIPese,0.0,True,mature,0.39199999999999996,False,,-1,-0.29720643,-0.03864381,0.05002307891845703,0.025177057832479477
281,breitjets,high_maturity,False,CLIPese,0.0,True,mature,0.58635,False,,-1,0.082063794,0.005611463,0.05002307891845703,0.025177057832479477
282,babymachinelearning,high_maturity,False,CLIPese,0.0,True,mature,0.6897500000000001,False,,-1,-0.16652131,-0.039012827,0.05002307891845703,0.025177057832479477
283,adrenballoon,high_maturity,False,CLIPese,0.0,True,mature,0.749825,True,mature_readable,164,-0.16771159,0.08539439,0.05002307891845703,0.025177057832479477
284,beachfamilytime,high_maturity,False,CLIPese,0.0,True,mature,0.40647500000000003,False,,-1,-0.22523583,-0.12910032,0.05002307891845703,0.025177057832479477
285,mandelpopart,high_maturity,False,CLIPese,0.0,True,mature,0.26975000000000005,False,,-1,-0.29568326,-0.12930116,0.05002307891845703,0.025177057832479477
286,biltnatucollie,high_maturity,False,CLIPese,0.0,True,mature,0.13142500000000001,False,,-1,0.2189892,0.19511744,0.05002307891845703,0.025177057832479477
287,bubblefractal,high_maturity,False,CLIPese,0.0,True,mature,0.32455,False,,-1,0.046079528,0.12763344,0.05002307891845703,0.025177057832479477
288,cogemoji,high_maturity,False,CLIPese,0.0,True,mature,0.8396,False,,-1,-0.18871978,0.028328657,0.05002307891845703,0.025177057832479477
289,bookfairies,high_maturity,False,CLIPese,0.0,True,mature,0.3211,False,,-1,0.17300515,0.11893814,0.05002307891845703,0.025177057832479477
290,blackandwhitesignature,high_maturity,False,CLIPese,0.0,True,mature,0.113025,True,mature_weak,410,0.099050716,0.15333106,0.05002307891845703,0.025177057832479477
291,amhervito,high_maturity,False,CLIPese,0.0,True,mature,0.3255,False,,-1,-0.089831896,-0.043120984,0.05002307891845703,0.025177057832479477
292,anarchidangerously,high_maturity,False,CLIPese,0.0,True,mature,0.43737500000000007,False,,-1,-0.029252475,0.16054931,0.05002307891845703,0.025177057832479477
293,choreobleedstripe,high_maturity,False,CLIPese,0.0,True,mature,0.6601,False,,-1,-0.17732246,0.13986312,0.05002307891845703,0.025177057832479477
294,alpaca,high_maturity,True,English,2.8,True,mature,0.7210000000000001,True,fallback_fill,507,0.056961894,0.074327976,0.05002307891845703,0.025177057832479477
295,camouflaquadrucaturday,high_maturity,False,CLIPese,0.0,True,mature,0.3771,False,,-1,-0.057138056,0.07288716,0.05002307891845703,0.025177057832479477
296,pawloafkaleidotyres,high_maturity,False,CLIPese,0.0,True,mature,0.102275,True,mature_weak,429,-0.10977349,0.114705205,0.05002307891845703,0.025177057832479477
297,beardbitstpatricksday,high_maturity,False,CLIPese,0.0,True,mature,0.7736250000000001,True,mature_readable,192,-0.01736865,-0.009351367,0.05002307891845703,0.025177057832479477
298,pygdog,high_maturity,False,CLIPese,0.0,True,mature,0.15802499999999997,False,,-1,0.18982843,-0.010587979,0.05002307891845703,0.025177057832479477
299,aruban,high_maturity,True,English,1.47,True,mature,0.8221499999999998,True,orthographic_hard,0,0.073307514,0.1822057,0.05002307891845703,0.025177057832479477
300,bbcprogramsorted,high_maturity,False,CLIPese,0.0,True,mature,0.6919250000000001,False,,-1,-0.04511791,-0.09496399,0.05002307891845703,0.025177057832479477
301,cubegenerating,high_maturity,False,CLIPese,0.0,True,mature,0.5518,False,,-1,-0.11316885,-0.033572678,0.05002307891845703,0.025177057832479477
302,cybermosaic,high_maturity,False,CLIPese,0.0,True,mature,0.40245000000000003,False,,-1,-0.08023067,-0.028946688,0.05002307891845703,0.025177057832479477
303,orangupoliticalkaleidofried,high_maturity,False,CLIPese,0.0,True,mature,0.295575,False,,-1,-0.16815975,0.16597843,0.05002307891845703,0.025177057832479477
304,adrenparachute,high_maturity,False,CLIPese,0.0,True,mature,0.6093500000000001,False,,-1,-0.2457518,-0.042285644,0.05002307891845703,0.025177057832479477
305,embelliphotomdigitalart,high_maturity,False,CLIPese,0.0,True,mature,0.02735,True,mature_weak,377,-0.23645726,0.0038759485,0.05002307891845703,0.025177057832479477
306,aerialair,high_maturity,False,CLIPese,0.0,True,mature,0.6941499999999998,False,,-1,0.39148346,0.13997295,0.05002307891845703,0.025177057832479477
307,bryanblurred,high_maturity,False,CLIPese,0.0,True,mature,0.45697499999999996,False,,-1,0.13086456,0.0051999018,0.05002307891845703,0.025177057832479477
308,crabs,high_maturity,True,English,3.4,True,mature,0.7509,False,,-1,0.33303216,-0.08159241,0.05002307891845703,0.025177057832479477
309,lewanospreowltotem,high_maturity,False,CLIPese,0.0,True,mature,0.157,True,mature_weak,433,-0.20020768,0.12896009,0.05002307891845703,0.025177057832479477
310,birdsstack,high_maturity,False,CLIPese,0.0,True,mature,0.6880000000000001,False,,-1,0.20252132,-0.23620011,0.05002307891845703,0.025177057832479477
311,mandelmandelpixelart,high_maturity,False,CLIPese,0.0,True,mature,0.0693,False,,-1,-0.06338629,-0.23871066,0.05002307891845703,0.025177057832479477
312,ballachu,high_maturity,False,CLIPese,0.0,True,mature,0.53095,False,,-1,-0.011441044,0.13282984,0.05002307891845703,0.025177057832479477
313,chinesesimulation,high_maturity,False,CLIPese,0.0,True,mature,0.736375,False,,-1,0.054702446,-0.17140512,0.05002307891845703,0.025177057832479477
314,acrobplane,high_maturity,False,CLIPese,0.0,True,mature,0.6931499999999999,False,,-1,-0.028953657,0.03854133,0.05002307891845703,0.025177057832479477
315,catsuperbowl,high_maturity,False,CLIPese,0.0,True,mature,0.45355,False,,-1,-0.07763125,-0.17110993,0.05002307891845703,0.025177057832479477
316,boneterrorists,high_maturity,False,CLIPese,0.0,True,mature,0.497125,False,,-1,-0.095616385,0.15959904,0.05002307891845703,0.025177057832479477
317,brutalorb,high_maturity,False,CLIPese,0.0,True,mature,0.644675,False,,-1,0.20307086,0.08102064,0.05002307891845703,0.025177057832479477
318,hoymeasles,high_maturity,False,CLIPese,0.0,True,mature,0.596,False,,-1,0.031850353,-0.21561417,0.05002307891845703,0.025177057832479477
319,appalachalaya,high_maturity,False,CLIPese,0.0,True,mature,0.527825,False,,-1,-0.16970257,0.0048199566,0.05002307891845703,0.025177057832479477
320,anarchiartistsontwitter,high_maturity,False,CLIPese,0.0,True,mature,0.099,False,,-1,-0.23245977,0.031901605,0.05002307891845703,0.025177057832479477
321,bittextures,high_maturity,False,CLIPese,0.0,True,mature,0.40385,False,,-1,-0.136782,-0.0046116584,0.05002307891845703,0.025177057832479477
322,afrisomaliland,high_maturity,False,CLIPese,0.0,True,mature,0.571575,False,,-1,0.012972514,-0.07818013,0.05002307891845703,0.025177057832479477
323,adirondchairs,high_maturity,False,CLIPese,0.0,True,mature,0.06024999999999999,True,mature_weak,376,-0.092588186,-0.0523158,0.05002307891845703,0.025177057832479477
324,coralprogram,high_maturity,False,CLIPese,0.0,True,mature,0.668625,False,,-1,-0.123262115,-0.0007921557,0.05002307891845703,0.025177057832479477
325,bicycles,high_maturity,True,English,3.4,True,mature,0.44715,False,,-1,0.32636958,-0.09000173,0.05002307891845703,0.025177057832479477
326,champadvocberry,high_maturity,False,CLIPese,0.0,True,mature,0.7054,False,,-1,-0.25945428,-0.09905005,0.05002307891845703,0.025177057832479477
327,beachbike,high_maturity,False,CLIPese,0.0,True,mature,0.764275,False,,-1,0.023303341,0.11298506,0.05002307891845703,0.025177057832479477
328,breitdefendesserts,high_maturity,False,CLIPese,0.0,True,mature,0.56135,False,,-1,0.007899081,0.04657881,0.05002307891845703,0.025177057832479477
329,cskeleton,high_maturity,False,CLIPese,0.0,True,mature,0.405275,False,,-1,0.21783811,-0.10127702,0.05002307891845703,0.025177057832479477
330,taxiderpikachu,high_maturity,False,CLIPese,0.0,True,mature,0.6491750000000001,False,,-1,-0.10160227,-0.07652397,0.05002307891845703,0.025177057832479477
331,blackandwhitelogo,high_maturity,False,CLIPese,0.0,True,mature,0.18662500000000004,False,,-1,-0.044169888,0.03180234,0.05002307891845703,0.025177057832479477
332,colourglitch,high_maturity,False,CLIPese,0.0,True,mature,0.1318,False,,-1,-0.11648192,-0.09951736,0.05002307891845703,0.025177057832479477
333,anarchiwriterslife,high_maturity,False,CLIPese,0.0,True,mature,0.45555,False,,-1,-0.028099125,0.3212737,0.05002307891845703,0.025177057832479477
334,corsage,high_maturity,True,English,2.18,True,mature,0.6524000000000001,False,,-1,0.376059,-0.14480586,0.05002307891845703,0.025177057832479477
335,applesauce,high_maturity,True,English,2.63,True,mature,0.828175,True,mature_readable,177,0.28723586,-0.042295054,0.05002307891845703,0.025177057832479477
336,autistormtrooper,high_maturity,False,CLIPese,0.0,True,mature,0.572025,False,,-1,-0.18029757,0.02891552,0.05002307891845703,0.025177057832479477
337,mandelvapor,high_maturity,False,CLIPese,0.0,True,mature,0.197025,False,,-1,0.21528351,-0.13513152,0.05002307891845703,0.025177057832479477
338,chapeldancing,high_maturity,False,CLIPese,0.0,True,mature,0.71905,True,fallback_fill,493,-0.12951466,0.07007771,0.05002307891845703,0.025177057832479477
339,alfreskeletons,high_maturity,False,CLIPese,0.0,True,mature,0.623975,False,,-1,-0.12260009,-0.026373742,0.05002307891845703,0.025177057832479477
340,clipchiclip,high_maturity,False,CLIPese,0.0,True,mature,0.4497,False,,-1,0.20888217,-0.01789364,0.05002307891845703,0.025177057832479477
341,vampirehumidixiumin,high_maturity,False,CLIPese,0.0,True,mature,0.5432750000000001,False,,-1,-0.25733387,-0.08199122,0.05002307891845703,0.025177057832479477
342,bbcinteroperfrequency,high_maturity,False,CLIPese,0.0,True,mature,0.4098,False,,-1,-0.1313291,-0.06872332,0.05002307891845703,0.025177057832479477
343,croco,high_maturity,True,English,1.64,True,mature,0.8108000000000001,True,mature_readable,211,0.30366194,-0.17830816,0.05002307891845703,0.025177057832479477
344,chromonanobroccoli,high_maturity,False,CLIPese,0.0,True,mature,0.5014249999999999,False,,-1,-0.1387424,-0.032042645,0.05002307891845703,0.025177057832479477
345,banknocybervhs,high_maturity,False,CLIPese,0.0,True,mature,0.28397500000000003,False,,-1,-0.20968907,0.0678506,0.05002307891845703,0.025177057832479477
346,autismavibration,high_maturity,False,CLIPese,0.0,True,mature,0.5478999999999999,False,,-1,0.1464862,0.036095295,0.05002307891845703,0.025177057832479477
347,babyhungryasian,high_maturity,False,CLIPese,0.0,True,mature,0.7243999999999999,False,,-1,-0.28562927,0.09843287,0.05002307891845703,0.025177057832479477
348,calibrbitchevron,high_maturity,False,CLIPese,0.0,True,mature,0.37994999999999995,False,,-1,-0.28245303,0.015565679,0.05002307891845703,0.025177057832479477
349,dairways,high_maturity,False,CLIPese,0.0,True,mature,0.44672500000000004,False,,-1,0.37690526,0.05073665,0.05002307891845703,0.025177057832479477
350,crohnscolitis,high_maturity,False,CLIPese,0.0,True,mature,0.76425,True,mature_readable,269,0.07336284,-0.035267983,0.05002307891845703,0.025177057832479477
351,bikemanhattan,high_maturity,False,CLIPese,0.0,True,mature,0.63085,False,,-1,-0.16590685,0.06100309,0.05002307891845703,0.025177057832479477
352,autismadimensional,high_maturity,False,CLIPese,0.0,True,mature,0.344775,False,,-1,-0.15532885,0.10123816,0.05002307891845703,0.025177057832479477
353,confronhuskies,high_maturity,False,CLIPese,0.0,True,mature,0.278175,False,,-1,-0.2792881,0.041704435,0.05002307891845703,0.025177057832479477
354,findac,high_maturity,False,CLIPese,0.0,True,mature,0.48957500000000004,False,,-1,0.31870443,-0.030774498,0.05002307891845703,0.025177057832479477
355,amhernocchi,high_maturity,False,CLIPese,0.0,True,mature,0.21860000000000002,False,,-1,-0.21517992,0.056115784,0.05002307891845703,0.025177057832479477
356,asparagus,high_maturity,True,English,3.25,True,mature,0.825675,True,orthographic_hard,44,0.13145651,-0.13367245,0.05002307891845703,0.025177057832479477
357,azerbaiiheartbit,high_maturity,False,CLIPese,0.0,True,mature,0.8382999999999999,True,mature_readable,194,-0.14592381,0.03790822,0.05002307891845703,0.025177057832479477
358,bexhill,high_maturity,True,English,2.28,True,mature,0.7769250000000001,True,mature_readable,230,0.2811964,-0.022279691,0.05002307891845703,0.025177057832479477
359,birdstudie,high_maturity,False,CLIPese,0.0,True,mature,0.60375,False,,-1,0.066243745,-0.048237693,0.05002307891845703,0.025177057832479477
360,chinchilla,high_maturity,True,English,2.57,True,mature,0.759875,True,mature_readable,237,0.18235612,-0.0018966751,0.05002307891845703,0.025177057832479477
361,cubes,high_maturity,True,English,3.43,True,mature,0.45357500000000006,False,,-1,0.44152686,0.0031541628,0.05002307891845703,0.025177057832479477
362,orangukingfisher,high_maturity,False,CLIPese,0.0,True,mature,0.18777499999999997,False,,-1,-0.14420463,0.16978604,0.05002307891845703,0.025177057832479477
363,cartoonsimpbun,high_maturity,False,CLIPese,0.0,True,mature,0.739325,True,fallback_fill,499,0.10077114,-0.24519247,0.05002307891845703,0.025177057832479477
364,camouflamocked,high_maturity,False,CLIPese,0.0,True,mature,0.2343,False,,-1,-0.17699425,-0.24882922,0.05002307891845703,0.025177057832479477
365,coralstacked,high_maturity,False,CLIPese,0.0,True,mature,0.8057,False,,-1,0.06834888,-0.10943796,0.05002307891845703,0.025177057832479477
366,chromoalgorithm,high_maturity,False,CLIPese,0.0,True,mature,0.12350000000000001,False,,-1,-0.24340054,-0.08500285,0.05002307891845703,0.025177057832479477
367,creepwight,high_maturity,False,CLIPese,0.0,True,mature,0.5592250000000001,False,,-1,0.15132041,0.36157504,0.05002307891845703,0.025177057832479477
368,beachequestrian,high_maturity,False,CLIPese,0.0,True,mature,0.792475,True,mature_readable,143,-0.07019874,0.0064604054,0.05002307891845703,0.025177057832479477
369,banknoedison,high_maturity,False,CLIPese,0.0,True,mature,0.5543750000000001,False,,-1,-0.14823021,0.10390566,0.05002307891845703,0.025177057832479477
370,cuthcupcake,high_maturity,False,CLIPese,0.0,True,mature,0.68855,False,,-1,0.04897235,-0.00407057,0.05002307891845703,0.025177057832479477
371,barnabskeletal,high_maturity,False,CLIPese,0.0,True,mature,0.6769000000000001,False,,-1,0.3575881,-0.013713156,0.05002307891845703,0.025177057832479477
372,bosnia,high_maturity,True,English,3.57,True,mature,0.519225,False,,-1,0.36642274,0.033189293,0.05002307891845703,0.025177057832479477
373,bundeiaf,high_maturity,False,CLIPese,0.0,True,mature,0.12557500000000002,False,,-1,0.24840273,0.050847553,0.05002307891845703,0.025177057832479477
374,bathmat,high_maturity,True,English,1.55,True,mature,0.900375,True,mature_readable,75,0.15538625,-0.2525952,0.05002307891845703,0.025177057832479477
375,australieskcroissant,high_maturity,False,CLIPese,0.0,True,mature,0.39682500000000004,False,,-1,0.0025070244,0.015876142,0.05002307891845703,0.025177057832479477
376,coralrandom,high_maturity,False,CLIPese,0.0,True,mature,0.642425,False,,-1,-0.2596536,-0.06462128,0.05002307891845703,0.025177057832479477
377,woodenkuma,high_maturity,False,CLIPese,0.0,True,mature,0.523325,False,,-1,-0.0339087,0.10843006,0.05002307891845703,0.025177057832479477
378,coral,high_maturity,True,English,3.86,True,mature,0.4819,False,,-1,0.099732615,-0.3513442,0.05002307891845703,0.025177057832479477
379,calibrspectrorandom,high_maturity,False,CLIPese,0.0,True,mature,0.42164999999999997,False,,-1,-0.17883344,-0.044831138,0.05002307891845703,0.025177057832479477
380,aruba,high_maturity,True,English,2.93,True,mature,0.831825,True,orthographic_hard,1,0.40612018,-0.06266086,0.05002307891845703,0.025177057832479477
381,mandelsynthesizer,high_maturity,False,CLIPese,0.0,True,mature,0.323825,False,,-1,-0.07328433,-0.09144416,0.05002307891845703,0.025177057832479477
382,bhaibanana,high_maturity,False,CLIPese,0.0,True,mature,0.793325,True,mature_readable,263,-0.048731513,0.07104429,0.05002307891845703,0.025177057832479477
383,canvasscrambled,high_maturity,False,CLIPese,0.0,True,mature,0.816325,False,,-1,-0.14066969,-0.008627569,0.05002307891845703,0.025177057832479477
384,rainbowmandala,high_maturity,False,CLIPese,0.0,True,mature,0.15232500000000002,True,mature_weak,442,-0.08756782,-0.10830324,0.05002307891845703,0.025177057832479477
385,artycubes,high_maturity,False,CLIPese,0.0,True,mature,0.656175,False,,-1,-0.10726112,0.0462456,0.05002307891845703,0.025177057832479477
386,bhubaneswar,high_maturity,True,English,2.52,True,mature,0.5598000000000001,False,,-1,-0.2078806,0.034258384,0.05002307891845703,0.025177057832479477
387,calibrtexture,high_maturity,False,CLIPese,0.0,True,mature,0.527875,False,,-1,-0.017092975,-0.061271906,0.05002307891845703,0.025177057832479477
388,sanjaykaleidocereal,high_maturity,False,CLIPese,0.0,True,mature,0.200325,False,,-1,-0.25144786,-0.032280803,0.05002307891845703,0.025177057832479477
389,camo,high_maturity,True,English,3.16,True,mature,0.6063500000000001,False,,-1,0.23985219,-0.15774262,0.05002307891845703,0.025177057832479477
390,africanmap,high_maturity,False,CLIPese,0.0,True,mature,0.8497,True,mature_readable,112,-0.10677394,0.01972866,0.05002307891845703,0.025177057832479477
391,artemchigvin,high_maturity,False,CLIPese,0.0,True,mature,0.10825,True,mature_weak,394,0.029469702,-0.013467811,0.05002307891845703,0.025177057832479477
392,artichoke,high_maturity,True,English,2.73,True,mature,0.532575,False,,-1,-0.0007988325,-0.066816986,0.05002307891845703,0.025177057832479477
393,californifreeway,high_maturity,False,CLIPese,0.0,True,mature,0.44399999999999995,False,,-1,-0.1851217,0.08443818,0.05002307891845703,0.025177057832479477
394,ajlee,high_maturity,False,CLIPese,0.0,True,mature,0.38744999999999996,False,,-1,0.3601424,0.21563101,0.05002307891845703,0.025177057832479477
395,databkaleidosimulation,high_maturity,False,CLIPese,0.0,True,mature,0.30522499999999997,False,,-1,-0.18205135,-0.057974778,0.05002307891845703,0.025177057832479477
396,chestercheesesalesman,high_maturity,False,CLIPese,0.0,True,mature,0.75195,False,,-1,-0.18460883,0.023328943,0.05002307891845703,0.025177057832479477
397,bluecsneakers,high_maturity,False,CLIPese,0.0,True,mature,0.66535,False,,-1,-0.1771806,-6.570782e-05,0.05002307891845703,0.025177057832479477
398,artyscrambled,high_maturity,False,CLIPese,0.0,True,mature,0.38194999999999996,False,,-1,-0.17556338,-0.15988299,0.05002307891845703,0.025177057832479477
399,himalayhusky,high_maturity,False,CLIPese,0.0,True,mature,0.60185,False,,-1,-0.18088903,0.039855823,0.05002307891845703,0.025177057832479477
400,cockatoo,high_maturity,True,English,2.52,True,mature,0.289275,False,,-1,0.33266193,0.017143311,0.05002307891845703,0.025177057832479477
401,broccrayon,high_maturity,False,CLIPese,0.0,True,mature,0.95375,True,mature_readable,61,0.1961727,-0.36974856,0.05002307891845703,0.025177057832479477
402,cyclichandrasig,high_maturity,False,CLIPese,0.0,True,mature,0.3821,False,,-1,-0.38350698,0.14889899,0.05002307891845703,0.025177057832479477
403,fursuitsteakorphegoliath,high_maturity,False,CLIPese,0.0,True,mature,0.22485000000000002,False,,-1,-0.16409394,0.18996572,0.05002307891845703,0.025177057832479477
404,crystmonet,high_maturity,False,CLIPese,0.0,True,mature,0.674025,False,,-1,-0.13474517,-0.3244467,0.05002307891845703,0.025177057832479477
405,bullhorizon,high_maturity,False,CLIPese,0.0,True,mature,0.70375,False,,-1,-0.056443937,-0.006193561,0.05002307891845703,0.025177057832479477
406,bluecutout,high_maturity,False,CLIPese,0.0,True,mature,0.742225,False,,-1,0.2935381,0.024039248,0.05002307891845703,0.025177057832479477
407,authenthumidihumidimagnet,high_maturity,False,CLIPese,0.0,True,mature,0.21639999999999995,False,,-1,-0.22169475,0.009837909,0.05002307891845703,0.025177057832479477
408,camouflacuddle,high_maturity,False,CLIPese,0.0,True,mature,0.396725,False,,-1,0.11468051,-0.21065477,0.05002307891845703,0.025177057832479477
409,cougar,high_maturity,True,English,3.38,True,mature,0.37840000000000007,False,,-1,0.36701956,0.109273,0.05002307891845703,0.025177057832479477
410,leafmandala,high_maturity,False,CLIPese,0.0,True,mature,0.37925000000000003,False,,-1,-0.013136465,-0.2954063,0.05002307891845703,0.025177057832479477
411,affirroblox,high_maturity,False,CLIPese,0.0,True,mature,0.73905,False,,-1,0.099767104,0.10023833,0.05002307891845703,0.025177057832479477
412,copernicwhistleblower,high_maturity,False,CLIPese,0.0,True,mature,0.21452500000000002,True,mature_weak,431,-0.078185946,0.2558661,0.05002307891845703,0.025177057832479477
413,lebores,high_maturity,False,CLIPese,0.0,True,mature,0.6663,False,,-1,0.2749127,-0.17703985,0.05002307891845703,0.025177057832479477
414,chromomatrix,high_maturity,False,CLIPese,0.0,True,mature,0.7312000000000001,False,,-1,0.051093664,-0.35701907,0.05002307891845703,0.025177057832479477
415,autismaimage,high_maturity,False,CLIPese,0.0,True,mature,0.48785,False,,-1,-0.23893836,0.10345153,0.05002307891845703,0.025177057832479477
416,adjecalgorimeme,high_maturity,False,CLIPese,0.0,True,mature,0.0608,True,mature_weak,405,-0.1019907,-0.13681744,0.05002307891845703,0.025177057832479477
417,cockroach,high_maturity,True,English,3.16,True,mature,0.7524500000000001,False,,-1,0.044938534,-0.1853083,0.05002307891845703,0.025177057832479477
418,chocolate,high_maturity,True,English,4.49,True,mature,0.160525,False,,-1,-0.016955964,0.23064762,0.05002307891845703,0.025177057832479477
419,craychromobit,high_maturity,False,CLIPese,0.0,True,mature,0.39157500000000006,False,,-1,-0.29061937,-0.13845673,0.05002307891845703,0.025177057832479477
420,chocol,high_maturity,False,CLIPese,0.0,True,mature,0.7122249999999999,False,,-1,0.43673316,0.0035645717,0.05002307891845703,0.025177057832479477
421,daisies,high_maturity,True,English,2.9,True,mature,0.5595000000000001,False,,-1,0.13090065,0.081076816,0.05002307891845703,0.025177057832479477
422,aerobaircraft,high_maturity,False,CLIPese,0.0,True,mature,0.49187500000000006,False,,-1,-0.02232819,0.065493725,0.05002307891845703,0.025177057832479477
423,bulldogrests,high_maturity,False,CLIPese,0.0,True,mature,0.38377500000000003,False,,-1,0.23344795,-0.06223558,0.05002307891845703,0.025177057832479477
424,categormachinelearning,high_maturity,False,CLIPese,0.0,True,mature,0.513725,False,,-1,-0.22242543,0.055378545,0.05002307891845703,0.025177057832479477
425,azerbaitasmanian,high_maturity,False,CLIPese,0.0,True,mature,0.502525,False,,-1,-0.14592236,0.18139485,0.05002307891845703,0.025177057832479477
426,coralwebcam,high_maturity,False,CLIPese,0.0,True,mature,0.774975,True,mature_readable,271,-0.13635224,0.22388916,0.05002307891845703,0.025177057832479477
427,bubblephotos,high_maturity,False,CLIPese,0.0,True,mature,0.241875,False,,-1,0.042746715,-0.06966458,0.05002307891845703,0.025177057832479477
428,backstreeteinstein,high_maturity,False,CLIPese,0.0,True,mature,0.5721750000000001,False,,-1,-0.17814118,0.06273072,0.05002307891845703,0.025177057832479477
429,crochegiropipe,high_maturity,False,CLIPese,0.0,True,mature,0.5190750000000001,False,,-1,-0.23789126,0.009102559,0.05002307891845703,0.025177057832479477
430,cirtexture,high_maturity,False,CLIPese,0.0,True,mature,0.46967499999999995,False,,-1,0.33342367,-0.1165525,0.05002307891845703,0.025177057832479477
431,amritgiraffe,high_maturity,False,CLIPese,0.0,True,mature,0.329275,False,,-1,-0.23526356,0.2135416,0.05002307891845703,0.025177057832479477
432,commungogh,high_maturity,False,CLIPese,0.0,True,mature,0.28045,False,,-1,-0.21945342,-0.30829045,0.05002307891845703,0.025177057832479477
433,catloaf,high_maturity,False,CLIPese,0.0,True,mature,0.3573,False,,-1,0.25983736,-0.23666641,0.05002307891845703,0.025177057832479477
434,vujicic,high_maturity,True,English,1.22,True,mature,0.258225,False,,-1,0.12316635,-0.07249386,0.05002307891845703,0.025177057832479477
435,calibrchevron,high_maturity,False,CLIPese,0.0,True,mature,0.2146,False,,-1,-0.29781616,0.09176123,0.05002307891845703,0.025177057832479477
436,animtetraemoji,high_maturity,False,CLIPese,0.0,True,mature,0.34355,False,,-1,-0.03034809,-0.10464635,0.05002307891845703,0.025177057832479477
437,seapkaleidosimulation,high_maturity,False,CLIPese,0.0,True,mature,0.168575,False,,-1,-0.21556556,-0.059696402,0.05002307891845703,0.025177057832479477
438,daffodils,high_maturity,True,English,2.73,True,mature,0.41555,False,,-1,0.28141862,-0.027261151,0.05002307891845703,0.025177057832479477
439,bloodskateboard,high_maturity,False,CLIPese,0.0,True,mature,0.80015,True,mature_readable,200,-0.0022285786,-0.12447269,0.05002307891845703,0.025177057832479477
440,pygxygeese,high_maturity,False,CLIPese,0.0,True,mature,0.34325,False,,-1,-0.061696734,0.19744453,0.05002307891845703,0.025177057832479477
441,cyberwhitesox,high_maturity,False,CLIPese,0.0,True,mature,0.47705,False,,-1,0.10314399,-0.020306055,0.05002307891845703,0.025177057832479477
442,cloudsoundcloud,high_maturity,False,CLIPese,0.0,True,mature,0.7319249999999999,False,,-1,0.13032712,-0.108490236,0.05002307891845703,0.025177057832479477
443,cyberchristmadecorations,high_maturity,False,CLIPese,0.0,True,mature,0.3927,False,,-1,-0.19446187,-0.057005093,0.05002307891845703,0.025177057832479477
444,cupbot,high_maturity,False,CLIPese,0.0,True,mature,0.700775,False,,-1,0.13111737,-0.031041628,0.05002307891845703,0.025177057832479477
445,breadbox,high_maturity,True,English,1.46,True,mature,0.750525,True,mature_readable,272,0.068931796,-0.224601,0.05002307891845703,0.025177057832479477
446,augmenteimages,high_maturity,False,CLIPese,0.0,True,mature,0.09887500000000002,False,,-1,-0.22138487,0.022256793,0.05002307891845703,0.025177057832479477
447,interoperthunderbirds,high_maturity,False,CLIPese,0.0,True,mature,0.3436,False,,-1,-0.26576746,0.11832304,0.05002307891845703,0.025177057832479477
448,delavinrecipifaucet,high_maturity,False,CLIPese,0.0,True,mature,0.070775,True,mature_weak,383,-0.088250905,0.01569341,0.05002307891845703,0.025177057832479477
449,andtobago,high_maturity,False,CLIPese,0.0,True,mature,0.5961749999999999,False,,-1,-0.108124256,0.0166729,0.05002307891845703,0.025177057832479477
450,clowcutout,high_maturity,False,CLIPese,0.0,True,mature,0.278575,False,,-1,-0.010294567,0.19864729,0.05002307891845703,0.025177057832479477
451,cyberstormtrooper,high_maturity,False,CLIPese,0.0,True,mature,0.411025,False,,-1,-0.08158373,-0.09783885,0.05002307891845703,0.025177057832479477
452,rwandcheetah,high_maturity,False,CLIPese,0.0,True,mature,0.6294000000000001,False,,-1,0.19757132,0.049240336,0.05002307891845703,0.025177057832479477
453,cyberware,high_maturity,True,English,1.2,True,mature,0.8971499999999999,True,mature_readable,117,0.39500096,0.141357,0.05002307891845703,0.025177057832479477
454,bbcscrambled,high_maturity,False,CLIPese,0.0,True,mature,0.848125,True,mature_readable,274,0.41153035,-0.15622431,0.05002307891845703,0.025177057832479477
455,carbokitties,high_maturity,False,CLIPese,0.0,True,mature,0.634375,False,,-1,-0.04364338,0.16670077,0.05002307891845703,0.025177057832479477
456,cubeimplemented,high_maturity,False,CLIPese,0.0,True,mature,0.4524,False,,-1,-0.23941776,0.0039619743,0.05002307891845703,0.025177057832479477
457,cubescrum,high_maturity,False,CLIPese,0.0,True,mature,0.37597500000000006,False,,-1,-0.16162628,-0.031864706,0.05002307891845703,0.025177057832479477
458,azerbaipika,high_maturity,False,CLIPese,0.0,True,mature,0.49777499999999997,False,,-1,-0.053897876,0.12794682,0.05002307891845703,0.025177057832479477
459,abstrdemenkaleidoweep,high_maturity,False,CLIPese,0.0,True,mature,0.09609999999999999,False,,-1,-0.23936453,0.24909283,0.05002307891845703,0.025177057832479477
460,cyberpanoramic,high_maturity,False,CLIPese,0.0,True,mature,0.315975,False,,-1,-0.14364721,-0.024085395,0.05002307891845703,0.025177057832479477
461,aeronautrafficsimulator,high_maturity,False,CLIPese,0.0,True,mature,0.38504999999999995,False,,-1,-0.1035067,0.041921414,0.05002307891845703,0.025177057832479477
462,chennaifc,high_maturity,False,CLIPese,0.0,True,mature,0.6867749999999999,True,orthographic_hard,38,0.09293788,-0.17087366,0.05002307891845703,0.025177057832479477
463,apples,high_maturity,True,English,3.96,True,mature,0.5575000000000001,False,,-1,0.35662103,-0.06233306,0.05002307891845703,0.025177057832479477
464,banknocgi,high_maturity,False,CLIPese,0.0,True,mature,0.26,False,,-1,-0.04666042,-0.016149968,0.05002307891845703,0.025177057832479477
465,coralfuzzy,high_maturity,False,CLIPese,0.0,True,mature,0.6191500000000001,False,,-1,-0.2555717,0.15401928,0.05002307891845703,0.025177057832479477
466,hydraudelavinthenburg,high_maturity,False,CLIPese,0.0,True,mature,0.024475,True,mature_weak,371,-0.09135461,0.11988622,0.05002307891845703,0.025177057832479477
467,cadbury,high_maturity,True,English,2.91,True,mature,0.8377,True,mature_readable,218,0.269361,-0.116103545,0.05002307891845703,0.025177057832479477
468,ophadoglohusky,high_maturity,False,CLIPese,0.0,True,mature,0.1679,False,,-1,-0.11580794,0.23077787,0.05002307891845703,0.025177057832479477
469,chromostraws,high_maturity,False,CLIPese,0.0,True,mature,0.4343,False,,-1,0.11400394,-0.08986019,0.05002307891845703,0.025177057832479477
470,cubeforming,high_maturity,False,CLIPese,0.0,True,mature,0.639625,False,,-1,-0.12698263,0.085188754,0.05002307891845703,0.025177057832479477
471,beachchicas,high_maturity,False,CLIPese,0.0,True,mature,0.6880000000000001,False,,-1,0.100957744,-0.15034859,0.05002307891845703,0.025177057832479477
472,facewavewarhol,high_maturity,False,CLIPese,0.0,True,mature,0.4809999999999999,False,,-1,-0.00801425,0.16455662,0.05002307891845703,0.025177057832479477
473,batgirl,high_maturity,True,English,2.68,True,mature,0.76325,True,mature_readable,244,0.30713907,0.102815606,0.05002307891845703,0.025177057832479477
474,bubbparadigm,high_maturity,False,CLIPese,0.0,True,mature,0.46252499999999996,False,,-1,-0.31696466,0.07679023,0.05002307891845703,0.025177057832479477
475,jessicanigri,high_maturity,False,CLIPese,0.0,True,mature,0.28590000000000004,False,,-1,0.2620667,-0.051163837,0.05002307891845703,0.025177057832479477
476,barbados,high_maturity,True,English,3.5,True,mature,0.9609749999999999,True,mature_readable,101,0.1730302,0.0043848315,0.05002307891845703,0.025177057832479477
477,chafgodawgs,high_maturity,False,CLIPese,0.0,True,mature,0.27095,False,,-1,-0.061055016,0.13849404,0.05002307891845703,0.025177057832479477
478,computerminals,high_maturity,False,CLIPese,0.0,True,mature,0.27357499999999996,False,,-1,-0.12704226,-0.24389628,0.05002307891845703,0.025177057832479477
479,arvindswami,high_maturity,False,CLIPese,0.0,True,mature,0.32565,False,,-1,0.26049215,-0.054670643,0.05002307891845703,0.025177057832479477
480,binoimpressionism,high_maturity,False,CLIPese,0.0,True,mature,0.31967500000000004,False,,-1,-0.3147939,0.09179404,0.05002307891845703,0.025177057832479477
481,camouflazombiypg,high_maturity,False,CLIPese,0.0,True,mature,0.29875,False,,-1,-0.16031457,-0.076755285,0.05002307891845703,0.025177057832479477
482,augmentetranscript,high_maturity,False,CLIPese,0.0,True,mature,0.58755,False,,-1,-0.18479241,0.09629865,0.05002307891845703,0.025177057832479477
483,tapemichiganfineartamerica,high_maturity,False,CLIPese,0.0,True,mature,0.14775,False,,-1,-0.31036288,-0.012185266,0.05002307891845703,0.025177057832479477
484,assaudolphins,high_maturity,False,CLIPese,0.0,True,mature,0.523275,False,,-1,-0.15661843,0.15839627,0.05002307891845703,0.025177057832479477
485,gorakh,high_maturity,False,CLIPese,0.0,True,mature,0.82775,True,mature_readable,133,0.087759465,-0.05977792,0.05002307891845703,0.025177057832479477
486,darjepalcamelgiraffe,high_maturity,False,CLIPese,0.0,True,mature,0.31635,False,,-1,-0.33460817,0.03428181,0.05002307891845703,0.025177057832479477
487,breitboeing,high_maturity,False,CLIPese,0.0,True,mature,0.48415,False,,-1,-0.01461988,-0.07763665,0.05002307891845703,0.025177057832479477
488,birdshifter,high_maturity,False,CLIPese,0.0,True,mature,0.77315,False,,-1,0.12611173,-0.030083343,0.05002307891845703,0.025177057832479477
489,brompton,high_maturity,True,English,2.55,True,mature,0.403725,False,,-1,-0.15933627,-0.0614595,0.05002307891845703,0.025177057832479477
490,chennairain,high_maturity,False,CLIPese,0.0,True,mature,0.37227499999999997,False,,-1,0.059745587,-0.023867313,0.05002307891845703,0.025177057832479477
491,yemencheetah,high_maturity,False,CLIPese,0.0,True,mature,0.9078,True,orthographic_hard,28,-0.10699406,-0.1486022,0.05002307891845703,0.025177057832479477
492,christmaselves,high_maturity,False,CLIPese,0.0,True,mature,0.2148,True,mature_weak,441,-0.054849334,0.04200534,0.05002307891845703,0.025177057832479477
493,bulgaria,high_maturity,True,English,3.9,True,mature,0.700125,True,orthographic_hard,34,0.13335055,0.19322507,0.05002307891845703,0.025177057832479477
494,acanterrier,high_maturity,False,CLIPese,0.0,True,mature,0.347675,False,,-1,0.10519975,0.024517246,0.05002307891845703,0.025177057832479477
495,okbokki,high_maturity,False,CLIPese,0.0,True,mature,0.166225,True,mature_weak,430,0.262978,-0.08712508,0.05002307891845703,0.025177057832479477
496,coralplot,high_maturity,False,CLIPese,0.0,True,mature,0.946375,True,mature_readable,113,0.2918804,0.051166356,0.05002307891845703,0.025177057832479477
497,beggdog,high_maturity,False,CLIPese,0.0,True,mature,0.7139,False,,-1,-0.07954785,0.19830458,0.05002307891845703,0.025177057832479477
498,crabbonkers,high_maturity,False,CLIPese,0.0,True,mature,0.90485,True,mature_readable,124,0.18382439,-0.061701383,0.05002307891845703,0.025177057832479477
499,baltistan,high_maturity,True,English,2.09,True,mature,0.47795,False,,-1,-0.09416575,-0.10578722,0.05002307891845703,0.025177057832479477
500,crystfractal,high_maturity,False,CLIPese,0.0,True,mature,0.155625,False,,-1,0.08912679,-0.08634079,0.05002307891845703,0.025177057832479477
501,golfpixelart,high_maturity,False,CLIPese,0.0,True,mature,0.442725,False,,-1,-0.17970394,0.06420867,0.05002307891845703,0.025177057832479477
502,cattaxiderphotogenic,high_maturity,False,CLIPese,0.0,True,mature,0.036,True,mature_weak,391,-0.2906463,-0.12061582,0.05002307891845703,0.025177057832479477
503,autudiversity,high_maturity,False,CLIPese,0.0,True,mature,0.5982750000000001,False,,-1,-0.21355586,0.26323622,0.05002307891845703,0.025177057832479477
504,adelaideoval,high_maturity,False,CLIPese,0.0,True,mature,0.34775,False,,-1,0.05027052,0.14918147,0.05002307891845703,0.025177057832479477
505,budweiser,high_maturity,True,English,2.9,True,mature,0.8864000000000001,True,mature_readable,139,0.38211665,0.21826187,0.05002307891845703,0.025177057832479477
506,segkaleidoscanned,high_maturity,False,CLIPese,0.0,True,mature,0.44089999999999996,False,,-1,-0.15284832,0.010684131,0.05002307891845703,0.025177057832479477
507,coralspectrum,high_maturity,False,CLIPese,0.0,True,mature,0.35624999999999996,False,,-1,-0.32132152,-0.030195283,0.05002307891845703,0.025177057832479477
508,matsukeerthyofficial,high_maturity,False,CLIPese,0.0,True,mature,0.080675,True,mature_weak,373,-0.20041926,-0.03420053,0.05002307891845703,0.025177057832479477
509,counterfesynthesizer,high_maturity,False,CLIPese,0.0,True,mature,0.32280000000000003,False,,-1,-0.2329181,-0.06896641,0.05002307891845703,0.025177057832479477
510,chromochromogerry,high_maturity,False,CLIPese,0.0,True,mature,0.15847499999999998,False,,-1,-0.22950861,-0.17380713,0.05002307891845703,0.025177057832479477
511,canadianozzy,high_maturity,False,CLIPese,0.0,True,mature,0.44489999999999996,False,,-1,-0.033799835,-0.022213979,0.05002307891845703,0.025177057832479477
512,rohingdachshund,high_maturity,False,CLIPese,0.0,True,mature,0.78375,True,mature_readable,184,-0.22319284,0.16383016,0.05002307891845703,0.025177057832479477
513,birdwatching,high_maturity,True,English,2.37,True,mature,0.26497499999999996,False,,-1,-0.055162758,0.29403463,0.05002307891845703,0.025177057832479477
514,bosniheader,high_maturity,False,CLIPese,0.0,True,mature,0.39399999999999996,False,,-1,-0.0608679,0.042741954,0.05002307891845703,0.025177057832479477
515,backgammon,high_maturity,True,English,2.45,True,mature,0.71975,False,,-1,-0.062478792,-0.19658571,0.05002307891845703,0.025177057832479477
516,acrobdancing,high_maturity,False,CLIPese,0.0,True,mature,0.44547500000000007,False,,-1,0.13027282,0.021304265,0.05002307891845703,0.025177057832479477
517,clareparrot,high_maturity,False,CLIPese,0.0,True,mature,0.7463749999999999,True,mature_readable,181,-0.032696705,0.03160205,0.05002307891845703,0.025177057832479477
518,bikes,high_maturity,True,English,3.89,True,mature,0.712625,False,,-1,0.4132137,0.054764204,0.05002307891845703,0.025177057832479477
519,iglecairngorsmiling,high_maturity,False,CLIPese,0.0,True,mature,0.3629,False,,-1,-0.18654887,0.035911582,0.05002307891845703,0.025177057832479477
520,barrierreef,high_maturity,False,CLIPese,0.0,True,mature,0.709675,False,,-1,0.022675438,0.3278673,0.05002307891845703,0.025177057832479477
521,cheddar,high_maturity,True,English,3.29,True,mature,0.7356499999999999,False,,-1,0.19695625,0.15562752,0.05002307891845703,0.025177057832479477
522,ctukicchasudeep,high_maturity,False,CLIPese,0.0,True,mature,0.21892500000000004,False,,-1,-0.2475889,0.032419905,0.05002307891845703,0.025177057832479477
523,bestofmachinelearning,high_maturity,False,CLIPese,0.0,True,mature,0.399175,False,,-1,-0.14060016,-0.037668012,0.05002307891845703,0.025177057832479477
524,birdcage,high_maturity,True,English,2.45,True,mature,0.6570499999999999,False,,-1,0.06765556,0.005769923,0.05002307891845703,0.025177057832479477
525,asters,high_maturity,True,English,1.93,True,mature,0.677575,False,,-1,0.3413336,-0.04859211,0.05002307891845703,0.025177057832479477
526,catsidewalk,high_maturity,False,CLIPese,0.0,True,mature,0.6673,False,,-1,0.27985844,0.234462,0.05002307891845703,0.025177057832479477
527,bassoon,high_maturity,True,English,2.53,True,mature,0.9687,True,mature_readable,51,0.11480418,-0.2242061,0.05002307891845703,0.025177057832479477
528,cathocomb,high_maturity,False,CLIPese,0.0,True,mature,0.1683,True,mature_weak,407,-0.19894773,-0.15825337,0.05002307891845703,0.025177057832479477
529,crayfish,high_maturity,True,English,2.85,True,mature,0.454225,False,,-1,0.032558925,0.15219975,0.05002307891845703,0.025177057832479477
530,clipsnippet,high_maturity,False,CLIPese,0.0,True,mature,0.74685,False,,-1,-0.17710082,0.25388944,0.05002307891845703,0.025177057832479477
531,colorcensus,high_maturity,False,CLIPese,0.0,True,mature,0.818625,True,mature_readable,147,-0.15069717,-0.24064547,0.05002307891845703,0.025177057832479477
532,compuwarhol,high_maturity,False,CLIPese,0.0,True,mature,0.370025,False,,-1,-0.13627441,0.07090055,0.05002307891845703,0.025177057832479477
533,coraltransform,high_maturity,False,CLIPese,0.0,True,mature,0.47492499999999993,False,,-1,-0.21223718,-0.06905847,0.05002307891845703,0.025177057832479477
534,bearantlers,high_maturity,False,CLIPese,0.0,True,mature,0.231325,False,,-1,-0.11098032,0.12120547,0.05002307891845703,0.025177057832479477
535,bloafkitties,high_maturity,False,CLIPese,0.0,True,mature,0.59575,False,,-1,0.044820946,0.20893127,0.05002307891845703,0.025177057832479477
536,cybermoss,high_maturity,False,CLIPese,0.0,True,mature,0.9663499999999999,True,mature_readable,50,-0.17818151,-0.27422696,0.05002307891845703,0.025177057832479477
537,buffalosab,high_maturity,False,CLIPese,0.0,True,mature,0.7274499999999999,False,,-1,0.21374956,0.040982082,0.05002307891845703,0.025177057832479477
538,calibrsquare,high_maturity,False,CLIPese,0.0,True,mature,0.1901,False,,-1,-0.104921766,-0.09351025,0.05002307891845703,0.025177057832479477
539,chromorandom,high_maturity,False,CLIPese,0.0,True,mature,0.635,False,,-1,-0.04056427,-0.43643582,0.05002307891845703,0.025177057832479477
540,adaggubati,high_maturity,False,CLIPese,0.0,True,mature,0.510175,False,,-1,-0.076349184,0.3266501,0.05002307891845703,0.025177057832479477
541,piranmimic,high_maturity,False,CLIPese,0.0,True,mature,0.214425,False,,-1,-0.22932841,-0.16480196,0.05002307891845703,0.025177057832479477
542,colordisintegremoji,high_maturity,False,CLIPese,0.0,True,mature,0.28702500000000003,False,,-1,-0.08080334,-0.015559128,0.05002307891845703,0.025177057832479477
543,colourweaving,high_maturity,False,CLIPese,0.0,True,mature,0.493375,False,,-1,0.20963983,0.06540608,0.05002307891845703,0.025177057832479477
544,halloweenbackstreetfractal,high_maturity,False,CLIPese,0.0,True,mature,0.37267500000000003,False,,-1,0.009860102,0.12602557,0.05002307891845703,0.025177057832479477
545,chromoquets,high_maturity,False,CLIPese,0.0,True,mature,0.23920000000000002,False,,-1,-0.25033885,-0.15561059,0.05002307891845703,0.025177057832479477
546,kritikakar,high_maturity,False,CLIPese,0.0,True,mature,0.30210000000000004,False,,-1,0.039340906,0.051756114,0.05002307891845703,0.025177057832479477
547,banan,high_maturity,True,English,1.43,True,mature,0.93445,True,orthographic_hard,33,0.3146015,-0.1919753,0.05002307891845703,0.025177057832479477
548,babykubernetes,high_maturity,False,CLIPese,0.0,True,mature,0.86925,True,mature_readable,267,0.00077445246,0.015200203,0.05002307891845703,0.025177057832479477
549,chedserver,high_maturity,False,CLIPese,0.0,True,mature,0.908525,True,mature_readable,76,0.317651,-0.0050208326,0.05002307891845703,0.025177057832479477
550,calibrdigits,high_maturity,False,CLIPese,0.0,True,mature,0.22385,False,,-1,-0.043655124,0.061356466,0.05002307891845703,0.025177057832479477
551,backstreettextures,high_maturity,False,CLIPese,0.0,True,mature,0.36624999999999996,False,,-1,-0.21039164,-0.20784217,0.05002307891845703,0.025177057832479477
552,fluorsquirrel,high_maturity,False,CLIPese,0.0,True,mature,0.7462,True,mature_readable,223,-0.1930117,0.27261487,0.05002307891845703,0.025177057832479477
553,anteater,high_maturity,True,English,2.28,True,mature,0.38285,False,,-1,0.06748922,0.16928704,0.05002307891845703,0.025177057832479477
554,dalmatispaniel,high_maturity,False,CLIPese,0.0,True,mature,0.12845,True,mature_weak,413,-0.4076337,0.066527516,0.05002307891845703,0.025177057832479477
555,birdphotography,high_maturity,False,CLIPese,0.0,True,mature,0.046125,True,mature_weak,387,-0.34152457,-0.021327771,0.05002307891845703,0.025177057832479477
556,bicdogdog,high_maturity,False,CLIPese,0.0,True,mature,0.521325,False,,-1,0.10122107,0.053797144,0.05002307891845703,0.025177057832479477
557,aishwaryarai,high_maturity,False,CLIPese,0.0,True,mature,0.0877,True,mature_weak,416,-0.056195952,0.13488574,0.05002307891845703,0.025177057832479477
558,coralalgorithm,high_maturity,False,CLIPese,0.0,True,mature,0.58865,False,,-1,-0.24151613,0.03865078,0.05002307891845703,0.025177057832479477
559,bubblemite,high_maturity,False,CLIPese,0.0,True,mature,0.6504,False,,-1,-0.15852335,-0.035352778,0.05002307891845703,0.025177057832479477
560,tibetmastiff,high_maturity,False,CLIPese,0.0,True,mature,0.265425,False,,-1,-0.2898891,0.09459054,0.05002307891845703,0.025177057832479477
561,louboutmanta,high_maturity,False,CLIPese,0.0,True,mature,0.14495000000000002,False,,-1,-0.24835037,-0.0045493455,0.05002307891845703,0.025177057832479477
562,halleimpressionism,high_maturity,False,CLIPese,0.0,True,mature,0.398275,False,,-1,-0.20772652,-0.08289267,0.05002307891845703,0.025177057832479477
563,crabsharkweek,high_maturity,False,CLIPese,0.0,True,mature,0.833875,True,orthographic_hard,20,-0.09232926,0.061941866,0.05002307891845703,0.025177057832479477
564,californiawild,high_maturity,False,CLIPese,0.0,True,mature,0.632475,False,,-1,-0.0470601,0.1740266,0.05002307891845703,0.025177057832479477
565,kaleidocolorized,high_maturity,False,CLIPese,0.0,True,mature,0.132825,False,,-1,-0.18621191,0.04783576,0.05002307891845703,0.025177057832479477
566,chandigarh,high_maturity,True,English,2.96,True,mature,0.7549250000000001,False,,-1,-0.01569534,-0.018005423,0.05002307891845703,0.025177057832479477
567,catroblogenerator,high_maturity,False,CLIPese,0.0,True,mature,0.407675,False,,-1,-0.058318183,0.05373188,0.05002307891845703,0.025177057832479477
568,basketbal,high_maturity,True,English,1.2,True,mature,0.611775,False,,-1,0.21272507,0.03361855,0.05002307891845703,0.025177057832479477
569,mandelmosaic,high_maturity,False,CLIPese,0.0,True,mature,0.20125,False,,-1,-0.17678341,-0.15902264,0.05002307891845703,0.025177057832479477
570,camelzebra,high_maturity,False,CLIPese,0.0,True,mature,0.6201749999999999,False,,-1,0.07550515,-0.2412495,0.05002307891845703,0.025177057832479477
571,banknoecu,high_maturity,False,CLIPese,0.0,True,mature,0.2031,False,,-1,0.14533137,0.028507376,0.05002307891845703,0.025177057832479477
572,chickens,high_maturity,True,English,3.82,True,mature,0.7692,False,,-1,0.43701777,0.005543631,0.05002307891845703,0.025177057832479477
573,aeroinfrared,high_maturity,False,CLIPese,0.0,True,mature,0.589475,False,,-1,0.07404954,-0.018784847,0.05002307891845703,0.025177057832479477
574,chromoorice,high_maturity,False,CLIPese,0.0,True,mature,0.3982,False,,-1,-0.10225683,-0.24357215,0.05002307891845703,0.025177057832479477
575,mandeloverpass,high_maturity,False,CLIPese,0.0,True,mature,0.394675,False,,-1,-0.17487657,-0.014232064,0.05002307891845703,0.025177057832479477
576,calibrinterference,high_maturity,False,CLIPese,0.0,True,mature,0.559775,False,,-1,-0.15739778,0.09805463,0.05002307891845703,0.025177057832479477
577,mandelfurncomposition,high_maturity,False,CLIPese,0.0,True,mature,0.3219,False,,-1,-0.12032819,-0.112585455,0.05002307891845703,0.025177057832479477
578,mandelrounding,high_maturity,False,CLIPese,0.0,True,mature,0.6017750000000001,False,,-1,-0.018401891,0.022058342,0.05002307891845703,0.025177057832479477
579,cyberfallout,high_maturity,False,CLIPese,0.0,True,mature,0.44675,False,,-1,-0.1117808,0.19690913,0.05002307891845703,0.025177057832479477
580,crystorypixels,high_maturity,False,CLIPese,0.0,True,mature,0.223175,False,,-1,-0.34715635,0.06618072,0.05002307891845703,0.025177057832479477
581,chromoblurry,high_maturity,False,CLIPese,0.0,True,mature,0.24935000000000002,False,,-1,-0.12336074,-0.18082216,0.05002307891845703,0.025177057832479477
582,aberystwy,high_maturity,False,CLIPese,0.0,True,mature,0.60595,False,,-1,0.11799232,0.19415548,0.05002307891845703,0.025177057832479477
583,russellterrier,high_maturity,False,CLIPese,0.0,True,mature,0.243175,False,,-1,-0.12939762,0.2579141,0.05002307891845703,0.025177057832479477
584,chicagopd,high_maturity,False,CLIPese,0.0,True,mature,0.694575,True,fallback_fill,498,-0.050558526,-0.042123593,0.05002307891845703,0.025177057832479477
585,anarchi,high_maturity,False,CLIPese,0.0,True,mature,0.87395,False,,-1,0.39141238,0.14832638,0.05002307891845703,0.025177057832479477
586,chinesemask,high_maturity,False,CLIPese,0.0,True,mature,0.8258,True,mature_readable,179,-0.15437959,-0.07681296,0.05002307891845703,0.025177057832479477
587,camouflacatfont,high_maturity,False,CLIPese,0.0,True,mature,0.19495,False,,-1,-0.078621075,-0.066641405,0.05002307891845703,0.025177057832479477
588,cyberdistorembroidery,high_maturity,False,CLIPese,0.0,True,mature,0.521375,False,,-1,-0.26282468,-0.113550045,0.05002307891845703,0.025177057832479477
589,soarspaniel,high_maturity,False,CLIPese,0.0,True,mature,0.3952,False,,-1,0.20867068,-0.08055088,0.05002307891845703,0.025177057832479477
590,cyberstargate,high_maturity,False,CLIPese,0.0,True,mature,0.689975,False,,-1,0.044634957,-0.026118424,0.05002307891845703,0.025177057832479477
591,chromocrayon,high_maturity,False,CLIPese,0.0,True,mature,0.5429,False,,-1,-0.22898418,-0.09232447,0.05002307891845703,0.025177057832479477
592,aubergpng,high_maturity,False,CLIPese,0.0,True,mature,0.41742500000000005,False,,-1,0.13216612,-0.012829519,0.05002307891845703,0.025177057832479477
593,bantams,high_maturity,True,English,2.12,True,mature,0.8094499999999999,True,mature_readable,162,-0.01740587,-0.28462476,0.05002307891845703,0.025177057832479477
594,pugxbox,high_maturity,False,CLIPese,0.0,True,mature,0.5991250000000001,False,,-1,-0.19394808,-0.046107866,0.05002307891845703,0.025177057832479477
595,kaleidorendering,high_maturity,False,CLIPese,0.0,True,mature,0.1916,False,,-1,-0.2408719,0.24811545,0.05002307891845703,0.025177057832479477
596,clothespin,high_maturity,True,English,1.83,True,mature,0.1292,True,mature_weak,402,-0.00422122,0.148529,0.05002307891845703,0.025177057832479477
597,kaleidofreebies,high_maturity,False,CLIPese,0.0,True,mature,0.36349999999999993,False,,-1,-0.02208399,-0.050552197,0.05002307891845703,0.025177057832479477
598,bandicspectrum,high_maturity,False,CLIPese,0.0,True,mature,0.305975,False,,-1,-0.11965479,-0.064675644,0.05002307891845703,0.025177057832479477
599,tuxcollie,high_maturity,False,CLIPese,0.0,True,mature,0.260025,False,,-1,0.03821554,0.11304002,0.05002307891845703,0.025177057832479477
600,climbvolcano,high_maturity,False,CLIPese,0.0,True,mature,0.561675,False,,-1,0.13486642,-0.12236099,0.05002307891845703,0.025177057832479477
601,cheesespy,high_maturity,False,CLIPese,0.0,True,mature,0.7069249999999999,False,,-1,0.059628997,0.09692094,0.05002307891845703,0.025177057832479477
602,bahamas,high_maturity,True,English,3.53,True,mature,0.855725,True,mature_readable,279,0.014856236,-0.19209558,0.05002307891845703,0.025177057832479477
603,bubbleuk,high_maturity,False,CLIPese,0.0,True,mature,0.791775,False,,-1,0.37598062,-0.027534986,0.05002307891845703,0.025177057832479477
604,contemplwildatlanticway,high_maturity,False,CLIPese,0.0,True,mature,0.16547499999999998,True,mature_weak,408,-0.016198935,0.18832946,0.05002307891845703,0.025177057832479477
605,mandeltrees,high_maturity,False,CLIPese,0.0,True,mature,0.548225,False,,-1,0.15552425,-0.24146494,0.05002307891845703,0.025177057832479477
606,crystzorandom,high_maturity,False,CLIPese,0.0,True,mature,0.400775,False,,-1,-0.30933577,-0.13862807,0.05002307891845703,0.025177057832479477
607,cyberembroidery,high_maturity,False,CLIPese,0.0,True,mature,0.44265,False,,-1,-0.13854943,-0.25401407,0.05002307891845703,0.025177057832479477
608,chickenbird,high_maturity,False,CLIPese,0.0,True,mature,0.519975,False,,-1,-0.061703652,0.026373396,0.05002307891845703,0.025177057832479477
609,kaleidogrunge,high_maturity,False,CLIPese,0.0,True,mature,0.21375,False,,-1,-0.28095958,-0.005606238,0.05002307891845703,0.025177057832479477
610,compupikachu,high_maturity,False,CLIPese,0.0,True,mature,0.7374,False,,-1,-0.2232831,0.020252047,0.05002307891845703,0.025177057832479477
611,weirdmandelvapor,high_maturity,False,CLIPese,0.0,True,mature,0.12667499999999998,True,mature_weak,425,-0.20075858,0.042859435,0.05002307891845703,0.025177057832479477
612,spectromandala,high_maturity,False,CLIPese,0.0,True,mature,0.44995,False,,-1,-0.1892731,-0.13455862,0.05002307891845703,0.025177057832479477
613,panorpsychowebcamtoy,high_maturity,False,CLIPese,0.0,True,mature,0.0753,True,mature_weak,374,0.023717094,-0.08734414,0.05002307891845703,0.025177057832479477
614,chromorainbow,high_maturity,False,CLIPese,0.0,True,mature,0.63505,False,,-1,-0.29769742,0.08649876,0.05002307891845703,0.025177057832479477
615,mukfractal,high_maturity,False,CLIPese,0.0,True,mature,0.38772500000000004,False,,-1,0.27828962,-0.17226991,0.05002307891845703,0.025177057832479477
616,cathebadge,high_maturity,False,CLIPese,0.0,True,mature,0.68815,False,,-1,-0.27681395,-0.09558065,0.05002307891845703,0.025177057832479477
617,bbcmatrix,high_maturity,False,CLIPese,0.0,True,mature,0.45380000000000004,False,,-1,-0.12864776,-0.28875673,0.05002307891845703,0.025177057832479477
618,mandelinfrared,high_maturity,False,CLIPese,0.0,True,mature,0.339275,False,,-1,-0.12768716,0.04019035,0.05002307891845703,0.025177057832479477
619,grumpmandala,high_maturity,False,CLIPese,0.0,True,mature,0.34500000000000003,False,,-1,-0.18560699,-0.1326602,0.05002307891845703,0.025177057832479477
620,calibrdot,high_maturity,False,CLIPese,0.0,True,mature,0.401875,False,,-1,0.064874634,-0.12660325,0.05002307891845703,0.025177057832479477
621,autuspectral,high_maturity,False,CLIPese,0.0,True,mature,0.557375,False,,-1,-0.17858337,0.19983864,0.05002307891845703,0.025177057832479477
622,bayleywwe,high_maturity,False,CLIPese,0.0,True,mature,0.8752000000000001,True,mature_readable,89,0.046072803,0.30652097,0.05002307891845703,0.025177057832479477
623,sapispaniel,high_maturity,False,CLIPese,0.0,True,mature,0.25687499999999996,False,,-1,-0.24321571,0.11421832,0.05002307891845703,0.025177057832479477
624,laceychabert,high_maturity,False,CLIPese,0.0,True,mature,0.43427499999999997,False,,-1,-0.056674317,-0.29042536,0.05002307891845703,0.025177057832479477
625,kaleidothanos,high_maturity,False,CLIPese,0.0,True,mature,0.5299,False,,-1,-0.12029351,-0.049980506,0.05002307891845703,0.025177057832479477
626,taxiderjehopikachu,high_maturity,False,CLIPese,0.0,True,mature,0.153,False,,-1,-0.20693101,0.09291907,0.05002307891845703,0.025177057832479477
627,imacelepopart,high_maturity,False,CLIPese,0.0,True,mature,0.08185,True,mature_weak,382,-0.37022966,0.04701032,0.05002307891845703,0.025177057832479477
628,byzloafmarblepanel,high_maturity,False,CLIPese,0.0,True,mature,0.426775,False,,-1,-0.20941299,0.1769163,0.05002307891845703,0.025177057832479477
629,bunnystags,high_maturity,False,CLIPese,0.0,True,mature,0.5945,False,,-1,-0.27996078,-0.031434804,0.05002307891845703,0.025177057832479477
630,seawcollie,high_maturity,False,CLIPese,0.0,True,mature,0.35295,False,,-1,0.11742846,0.2528757,0.05002307891845703,0.025177057832479477
631,horriunhkaleidosurreal,high_maturity,False,CLIPese,0.0,True,mature,0.116825,False,,-1,-0.2755105,0.21448494,0.05002307891845703,0.025177057832479477
632,colorspectral,high_maturity,False,CLIPese,0.0,True,mature,0.7085999999999999,True,orthographic_hard,24,0.089648075,-0.054389507,0.05002307891845703,0.025177057832479477
633,taxiderjavelin,high_maturity,False,CLIPese,0.0,True,mature,0.16219999999999998,False,,-1,-0.1379074,-0.23955736,0.05002307891845703,0.025177057832479477
634,kaleidogopro,high_maturity,False,CLIPese,0.0,True,mature,0.24695,False,,-1,-0.25290146,0.17927217,0.05002307891845703,0.025177057832479477
635,cartoontemplate,high_maturity,False,CLIPese,0.0,True,mature,0.4245250000000001,False,,-1,-0.20930767,-0.04649816,0.05002307891845703,0.025177057832479477
636,costucarving,high_maturity,False,CLIPese,0.0,True,mature,0.624475,False,,-1,-0.109676026,0.06329685,0.05002307891845703,0.025177057832479477
637,oranguplush,high_maturity,False,CLIPese,0.0,True,mature,0.137075,False,,-1,0.13742135,-0.18016241,0.05002307891845703,0.025177057832479477
638,fursuitrooftop,high_maturity,False,CLIPese,0.0,True,mature,0.53775,False,,-1,-0.12677541,0.051039174,0.05002307891845703,0.025177057832479477
639,mandelnebula,high_maturity,False,CLIPese,0.0,True,mature,0.6841250000000001,False,,-1,-0.031689245,0.0658635,0.05002307891845703,0.025177057832479477
640,aloe,high_maturity,True,English,3.06,True,mature,0.5744,False,,-1,0.31439364,0.02632882,0.05002307891845703,0.025177057832479477
641,birders,high_maturity,True,English,2.1,True,mature,0.747025,False,,-1,0.29718298,0.13556404,0.05002307891845703,0.025177057832479477
642,bambooasparagus,high_maturity,False,CLIPese,0.0,True,mature,0.6198750000000001,True,orthographic_hard,45,-0.30695528,0.004875402,0.05002307891845703,0.025177057832479477
643,oscillprintmandala,high_maturity,False,CLIPese,0.0,True,mature,0.186075,False,,-1,0.0680321,0.0079823965,0.05002307891845703,0.025177057832479477
644,chalkboard,high_maturity,True,English,2.77,True,mature,0.6307750000000001,False,,-1,-0.03103394,0.107483484,0.05002307891845703,0.025177057832479477
645,kaleidophotomcollage,high_maturity,False,CLIPese,0.0,True,mature,0.079675,False,,-1,-0.32808644,-0.039244488,0.05002307891845703,0.025177057832479477
646,categorpixels,high_maturity,False,CLIPese,0.0,True,mature,0.163375,False,,-1,-0.29246983,0.058791187,0.05002307891845703,0.025177057832479477
647,cdnpixels,high_maturity,False,CLIPese,0.0,True,mature,0.464425,False,,-1,0.066018865,-0.1664941,0.05002307891845703,0.025177057832479477
648,calibrfractal,high_maturity,False,CLIPese,0.0,True,mature,0.506675,False,,-1,0.1298431,-0.043540176,0.05002307891845703,0.025177057832479477
649,berries,high_maturity,True,English,3.57,True,mature,0.705925,False,,-1,0.33071458,0.22652417,0.05002307891845703,0.025177057832479477
650,neighbkaleidorectaninva,high_maturity,False,CLIPese,0.0,True,mature,0.083625,True,mature_weak,389,-0.08541748,0.099066794,0.05002307891845703,0.025177057832479477
651,hovertaxiderowls,high_maturity,False,CLIPese,0.0,True,mature,0.3667,False,,-1,0.097695075,-0.028659556,0.05002307891845703,0.025177057832479477
652,bitmagnechevron,high_maturity,False,CLIPese,0.0,True,mature,0.537675,False,,-1,-0.17768899,-0.13123931,0.05002307891845703,0.025177057832479477
653,kaleidoimagetexture,high_maturity,False,CLIPese,0.0,True,mature,0.0491,False,,-1,-0.37069097,0.03847921,0.05002307891845703,0.025177057832479477
654,bikenyc,high_maturity,False,CLIPese,0.0,True,mature,0.7999499999999999,True,mature_readable,266,0.30153206,-0.23605967,0.05002307891845703,0.025177057832479477
655,ornisphinx,high_maturity,False,CLIPese,0.0,True,mature,0.38415,False,,-1,-0.017080752,-0.17167862,0.05002307891845703,0.025177057832479477
656,chondro,high_maturity,False,CLIPese,0.0,True,mature,0.4821000000000001,False,,-1,0.16900039,-0.0479035,0.05002307891845703,0.025177057832479477
657,pixelpopart,high_maturity,False,CLIPese,0.0,True,mature,0.17707499999999998,False,,-1,-0.042236235,0.0870487,0.05002307891845703,0.025177057832479477
658,birdlife,high_maturity,True,English,2.31,True,mature,0.6181249999999999,False,,-1,0.21467292,0.0044454355,0.05002307891845703,0.025177057832479477
659,chromomachinelearning,high_maturity,False,CLIPese,0.0,True,mature,0.5855,False,,-1,-0.27734223,-0.14453003,0.05002307891845703,0.025177057832479477
660,airboat,high_maturity,True,English,1.82,True,mature,0.7064250000000001,False,,-1,0.10759586,0.07766383,0.05002307891845703,0.025177057832479477
661,alinclip,high_maturity,False,CLIPese,0.0,True,mature,0.792125,False,,-1,0.36249286,-0.06172213,0.05002307891845703,0.025177057832479477
662,colorghetti,high_maturity,False,CLIPese,0.0,True,mature,0.461025,False,,-1,0.00830956,0.060509898,0.05002307891845703,0.025177057832479477
663,augmentephotograph,high_maturity,False,CLIPese,0.0,True,mature,0.08095000000000001,True,mature_weak,444,-0.26479325,-0.02381901,0.05002307891845703,0.025177057832479477
664,crystmosaic,high_maturity,False,CLIPese,0.0,True,mature,0.5300750000000001,False,,-1,0.1246169,-0.27237013,0.05002307891845703,0.025177057832479477
665,caicos,high_maturity,True,English,2.69,True,mature,0.856875,True,mature_readable,99,0.12542194,-0.18405817,0.05002307891845703,0.025177057832479477
666,catunit,high_maturity,False,CLIPese,0.0,True,mature,0.4312,False,,-1,0.23244378,0.037499722,0.05002307891845703,0.025177057832479477
667,birdlovers,high_maturity,False,CLIPese,0.0,True,mature,0.596525,False,,-1,0.070316955,0.20544843,0.05002307891845703,0.025177057832479477
668,tetradinwarhol,high_maturity,False,CLIPese,0.0,True,mature,0.34375,False,,-1,-0.2831398,0.21618769,0.05002307891845703,0.025177057832479477
669,camouflacat,high_maturity,False,CLIPese,0.0,True,mature,0.22435,False,,-1,-0.1342182,-0.06748259,0.05002307891845703,0.025177057832479477
670,cupcakes,high_maturity,True,English,3.41,True,mature,0.5052,False,,-1,0.3070707,0.10820498,0.05002307891845703,0.025177057832479477
671,babystartups,high_maturity,False,CLIPese,0.0,True,mature,0.8845500000000002,True,mature_readable,81,-0.10577823,-0.05689077,0.05002307891845703,0.025177057832479477
672,albania,high_maturity,True,English,3.35,True,mature,0.7877500000000001,False,,-1,0.3896232,0.06194936,0.05002307891845703,0.025177057832479477
673,baztexture,high_maturity,False,CLIPese,0.0,True,mature,0.8275,True,orthographic_hard,12,0.2739244,-0.082358286,0.05002307891845703,0.025177057832479477
674,choppizzas,high_maturity,False,CLIPese,0.0,True,mature,0.8557,True,mature_readable,104,-0.0785099,0.06869969,0.05002307891845703,0.025177057832479477
675,blowgun,high_maturity,True,English,1.62,True,mature,0.7606999999999999,False,,-1,0.07416107,0.09878126,0.05002307891845703,0.025177057832479477
676,disintegrkiefer,high_maturity,False,CLIPese,0.0,True,mature,0.20255000000000004,False,,-1,-0.16197887,0.23801301,0.05002307891845703,0.025177057832479477
677,birdfootage,high_maturity,False,CLIPese,0.0,True,mature,0.5647249999999999,False,,-1,0.098332405,-0.093658485,0.05002307891845703,0.025177057832479477
678,cummerbund,high_maturity,True,English,1.72,True,mature,0.682175,False,,-1,0.0146920085,-0.25313976,0.05002307891845703,0.025177057832479477
679,goldendogcelebration,high_maturity,False,CLIPese,0.0,True,mature,0.14997500000000002,False,,-1,-0.049554408,0.075681314,0.05002307891845703,0.025177057832479477
680,birdwat,high_maturity,False,CLIPese,0.0,True,mature,0.555575,False,,-1,0.23648474,0.2866057,0.05002307891845703,0.025177057832479477
681,mandelpepperoni,high_maturity,False,CLIPese,0.0,True,mature,0.54935,False,,-1,-0.27734834,-0.0013639721,0.05002307891845703,0.025177057832479477
682,balkan,high_maturity,True,English,3.19,True,mature,0.8488249999999999,True,mature_readable,220,0.21695785,-0.24437739,0.05002307891845703,0.025177057832479477
683,azerbaijan,high_maturity,True,English,3.48,True,mature,0.6115999999999999,False,,-1,0.09727241,-0.23464236,0.05002307891845703,0.025177057832479477
684,bierseaworld,high_maturity,False,CLIPese,0.0,True,mature,0.87195,True,mature_readable,178,0.20974208,0.2957504,0.05002307891845703,0.025177057832479477
685,chamelepuzzle,high_maturity,False,CLIPese,0.0,True,mature,0.9308999999999998,True,mature_readable,55,0.23843576,-0.06910224,0.05002307891845703,0.025177057832479477
686,crayghetti,high_maturity,False,CLIPese,0.0,True,mature,0.6613,True,fallback_fill,506,-0.14935225,0.14046943,0.05002307891845703,0.025177057832479477
687,acopter,high_maturity,False,CLIPese,0.0,True,mature,0.881425,True,mature_readable,82,0.28126276,0.07593234,0.05002307891845703,0.025177057832479477
688,tylerthisglitch,high_maturity,False,CLIPese,0.0,True,mature,0.25675,False,,-1,-0.16522212,0.054329805,0.05002307891845703,0.025177057832479477
689,berrys,high_maturity,True,English,1.54,True,mature,0.8827,True,mature_readable,91,0.21330708,-0.30690223,0.05002307891845703,0.025177057832479477
690,mandelterracotta,high_maturity,False,CLIPese,0.0,True,mature,0.1794,False,,-1,-0.21157248,-0.0851889,0.05002307891845703,0.025177057832479477
691,cannabcarved,high_maturity,False,CLIPese,0.0,True,mature,0.839925,True,mature_readable,149,0.08624472,0.17051665,0.05002307891845703,0.025177057832479477
692,artyscreenshotkaleidorecurimage,high_maturity,False,CLIPese,0.0,True,mature,0.02265,False,,-1,-0.2742974,0.0447284,0.05002307891845703,0.025177057832479477
693,belgisingapore,high_maturity,False,CLIPese,0.0,True,mature,0.7014,False,,-1,-0.20048302,0.031613234,0.05002307891845703,0.025177057832479477
694,airhornets,high_maturity,False,CLIPese,0.0,True,mature,0.62025,False,,-1,-0.08373558,0.051525123,0.05002307891845703,0.025177057832479477
695,catroblox,high_maturity,False,CLIPese,0.0,True,mature,0.65125,False,,-1,0.12026825,-0.31810632,0.05002307891845703,0.025177057832479477
696,rudoltaxiderpegasus,high_maturity,False,CLIPese,0.0,True,mature,0.14725,False,,-1,-0.03741509,-0.030045288,0.05002307891845703,0.025177057832479477
697,giovpixelart,high_maturity,False,CLIPese,0.0,True,mature,0.1044,False,,-1,-0.16638534,0.19293204,0.05002307891845703,0.025177057832479477
698,appledecal,high_maturity,False,CLIPese,0.0,True,mature,0.7761250000000001,True,mature_readable,156,0.20339851,0.08132454,0.05002307891845703,0.025177057832479477
699,taxidersquirrel,high_maturity,False,CLIPese,0.0,True,mature,0.61285,False,,-1,0.21236888,-0.10478297,0.05002307891845703,0.025177057832479477
700,chiropracbead,high_maturity,False,CLIPese,0.0,True,mature,0.7696000000000001,True,mature_readable,190,0.007389178,0.13548408,0.05002307891845703,0.025177057832479477
701,marblemandala,high_maturity,False,CLIPese,0.0,True,mature,0.310125,False,,-1,-0.21977556,-0.0041865744,0.05002307891845703,0.025177057832479477
702,jovovich,high_maturity,True,English,1.94,True,mature,0.399225,False,,-1,0.14602216,-0.1056654,0.05002307891845703,0.025177057832479477
703,revelorntaxiderhare,high_maturity,False,CLIPese,0.0,True,mature,0.160475,False,,-1,0.14483823,-0.17342553,0.05002307891845703,0.025177057832479477
704,bbcthismatrix,high_maturity,False,CLIPese,0.0,True,mature,0.5856,False,,-1,-0.1210666,-0.27626,0.05002307891845703,0.025177057832479477
705,calibrrgb,high_maturity,False,CLIPese,0.0,True,mature,0.5826749999999999,False,,-1,0.24871741,0.13734266,0.05002307891845703,0.025177057832479477
706,autismaecstatic,high_maturity,False,CLIPese,0.0,True,mature,0.17717500000000003,False,,-1,-0.12615876,0.14803918,0.05002307891845703,0.025177057832479477
707,bbcfracstripe,high_maturity,False,CLIPese,0.0,True,mature,0.744075,False,,-1,0.03427586,-0.10011289,0.05002307891845703,0.025177057832479477
708,arjunbijlani,high_maturity,False,CLIPese,0.0,True,mature,0.19822499999999998,False,,-1,-0.1471957,0.19461961,0.05002307891845703,0.025177057832479477
709,crab,high_maturity,True,English,3.76,True,mature,0.731675,False,,-1,0.30667466,-0.042595487,0.05002307891845703,0.025177057832479477
710,algerantelope,high_maturity,False,CLIPese,0.0,True,mature,0.17117500000000002,False,,-1,-0.010398735,-0.061709315,0.05002307891845703,0.025177057832479477
711,mandelstencil,high_maturity,False,CLIPese,0.0,True,mature,0.20315,False,,-1,-0.03184589,-0.31160417,0.05002307891845703,0.025177057832479477
712,bbcgenerative,high_maturity,False,CLIPese,0.0,True,mature,0.6711,False,,-1,-0.12239162,0.11663802,0.05002307891845703,0.025177057832479477
713,catkatic,high_maturity,False,CLIPese,0.0,True,mature,0.202125,False,,-1,0.33969438,0.07396951,0.05002307891845703,0.025177057832479477
714,bbcfractal,high_maturity,False,CLIPese,0.0,True,mature,0.416,False,,-1,-0.11623097,0.10274089,0.05002307891845703,0.025177057832479477
715,chickenwren,high_maturity,False,CLIPese,0.0,True,mature,0.88945,True,mature_readable,100,0.3877945,0.23935963,0.05002307891845703,0.025177057832479477
716,calibrglue,high_maturity,False,CLIPese,0.0,True,mature,0.41065,False,,-1,0.32633907,-0.052206315,0.05002307891845703,0.025177057832479477
717,artymosaic,high_maturity,False,CLIPese,0.0,True,mature,0.42572499999999996,False,,-1,-0.20807108,-0.07614048,0.05002307891845703,0.025177057832479477
718,blueribbon,high_maturity,False,CLIPese,0.0,True,mature,0.7769250000000001,True,mature_readable,212,-0.035969384,0.20662628,0.05002307891845703,0.025177057832479477
719,banana,high_maturity,True,English,4.0,True,mature,0.36497499999999994,False,,-1,0.39076892,0.15046985,0.05002307891845703,0.025177057832479477
720,cybermaligncrystals,high_maturity,False,CLIPese,0.0,True,mature,0.42729999999999996,False,,-1,-0.006307211,-0.2154777,0.05002307891845703,0.025177057832479477
721,backthebirds,high_maturity,False,CLIPese,0.0,True,mature,0.6269750000000001,False,,-1,0.0056210496,0.046249982,0.05002307891845703,0.025177057832479477
722,antenusaf,high_maturity,False,CLIPese,0.0,True,mature,0.44772500000000004,False,,-1,0.042567465,0.1670242,0.05002307891845703,0.025177057832479477
723,mandeloutfield,high_maturity,False,CLIPese,0.0,True,mature,0.7319249999999999,False,,-1,-0.09937604,-0.0065016276,0.05002307891845703,0.025177057832479477
724,hillarypixelart,high_maturity,False,CLIPese,0.0,True,mature,0.13635,False,,-1,-0.29119086,0.1489355,0.05002307891845703,0.025177057832479477
725,bokki,high_maturity,False,CLIPese,0.0,True,mature,0.330025,False,,-1,0.30547604,0.051622257,0.05002307891845703,0.025177057832479477
726,kaleidopollock,high_maturity,False,CLIPese,0.0,True,mature,0.29295000000000004,False,,-1,-0.16695279,0.061696507,0.05002307891845703,0.025177057832479477
727,dalmatikitten,high_maturity,False,CLIPese,0.0,True,mature,0.27885000000000004,False,,-1,-0.21791005,-0.09535156,0.05002307891845703,0.025177057832479477
728,abstrrendergopro,high_maturity,False,CLIPese,0.0,True,mature,0.20875000000000002,False,,-1,-0.17757998,0.014599767,0.05002307891845703,0.025177057832479477
729,orangucuddle,high_maturity,False,CLIPese,0.0,True,mature,0.41475,False,,-1,0.15442288,0.16992505,0.05002307891845703,0.025177057832479477
730,bourgeocolorized,high_maturity,False,CLIPese,0.0,True,mature,0.35985,False,,-1,-0.07030855,-0.03761686,0.05002307891845703,0.025177057832479477
731,catlogo,high_maturity,False,CLIPese,0.0,True,mature,0.562075,False,,-1,0.14890552,0.079833634,0.05002307891845703,0.025177057832479477
732,birdwatch,high_maturity,True,English,1.57,True,mature,0.7527999999999999,False,,-1,0.24915236,0.1756178,0.05002307891845703,0.025177057832479477
733,foxtaxidersadness,high_maturity,False,CLIPese,0.0,True,mature,0.41325,False,,-1,-0.16435803,-0.16506542,0.05002307891845703,0.025177057832479477
734,bhutan,high_maturity,True,English,3.09,True,mature,0.736575,False,,-1,0.33828387,0.02677916,0.05002307891845703,0.025177057832479477
735,brutalglitch,high_maturity,False,CLIPese,0.0,True,mature,0.551875,False,,-1,-0.008742421,0.16705406,0.05002307891845703,0.025177057832479477
736,braziliamazon,high_maturity,False,CLIPese,0.0,True,mature,0.504275,False,,-1,-0.01174206,-0.121393904,0.05002307891845703,0.025177057832479477
737,labrapitbull,high_maturity,False,CLIPese,0.0,True,mature,0.72275,False,,-1,0.120057516,0.14665206,0.05002307891845703,0.025177057832479477
738,foxotters,high_maturity,False,CLIPese,0.0,True,mature,0.7921,True,mature_readable,163,-0.075090714,-0.015320628,0.05002307891845703,0.025177057832479477
739,feathertaxiderowls,high_maturity,False,CLIPese,0.0,True,mature,0.353475,False,,-1,-0.17614634,0.16846292,0.05002307891845703,0.025177057832479477
740,interoperchromoglitch,high_maturity,False,CLIPese,0.0,True,mature,0.22085000000000002,False,,-1,-0.09325971,-0.10286047,0.05002307891845703,0.025177057832479477
741,rohingsalmonmangrove,high_maturity,False,CLIPese,0.0,True,mature,0.47029999999999994,False,,-1,-0.24186352,0.06663863,0.05002307891845703,0.025177057832479477
742,exoplanmapmapimagery,high_maturity,False,CLIPese,0.0,True,mature,0.272625,False,,-1,-0.3480675,-0.12367392,0.05002307891845703,0.025177057832479477
743,glowmandelmustache,high_maturity,False,CLIPese,0.0,True,mature,0.538025,False,,-1,-0.14580044,-0.16705659,0.05002307891845703,0.025177057832479477
744,chromoultrasound,high_maturity,False,CLIPese,0.0,True,mature,0.7842,True,mature_readable,152,-0.30142215,-0.041427653,0.05002307891845703,0.025177057832479477
745,bubbfball,high_maturity,False,CLIPese,0.0,True,mature,0.42932499999999996,False,,-1,0.22866452,0.15158805,0.05002307891845703,0.025177057832479477
746,taxidergiraffe,high_maturity,False,CLIPese,0.0,True,mature,0.36445,False,,-1,-0.031594098,-0.052791126,0.05002307891845703,0.025177057832479477
747,zebrawildlifereflecting,high_maturity,False,CLIPese,0.0,True,mature,0.45105,False,,-1,-0.08208933,0.24889174,0.05002307891845703,0.025177057832479477
748,spherloaf,high_maturity,False,CLIPese,0.0,True,mature,0.645175,False,,-1,0.17344542,0.0034069761,0.05002307891845703,0.025177057832479477
749,bluepolariflybrowsing,high_maturity,False,CLIPese,0.0,True,mature,0.296675,False,,-1,-0.08262562,0.31597698,0.05002307891845703,0.025177057832479477
750,cryocryocandace,high_maturity,False,CLIPese,0.0,True,mature,0.193775,True,mature_weak,436,-0.16049926,0.06664723,0.05002307891845703,0.025177057832479477
751,chromogif,high_maturity,False,CLIPese,0.0,True,mature,0.38072500000000004,False,,-1,-0.17469874,-0.07076571,0.05002307891845703,0.025177057832479477
752,kaleidokoolgenerating,high_maturity,False,CLIPese,0.0,True,mature,0.1706,False,,-1,-0.16925927,0.12450865,0.05002307891845703,0.025177057832479477
753,camouflaelephant,high_maturity,False,CLIPese,0.0,True,mature,0.27142499999999997,False,,-1,-0.105506696,-0.269839,0.05002307891845703,0.025177057832479477
754,sphercalibrpaz,high_maturity,False,CLIPese,0.0,True,mature,0.28435,False,,-1,0.07796131,-0.01825199,0.05002307891845703,0.025177057832479477
755,appalachsimulation,high_maturity,False,CLIPese,0.0,True,mature,0.8188,True,mature_readable,103,-0.21328199,0.07593218,0.05002307891845703,0.025177057832479477
756,blindfold,high_maturity,True,English,2.8,True,mature,0.46675,False,,-1,0.30723682,0.10500115,0.05002307891845703,0.025177057832479477
757,lymphfrog,high_maturity,False,CLIPese,0.0,True,mature,0.824075,True,mature_readable,116,0.03458465,-0.29055035,0.05002307891845703,0.025177057832479477
758,kaleidofractal,high_maturity,False,CLIPese,0.0,True,mature,0.18595,False,,-1,-0.11532165,0.10015393,0.05002307891845703,0.025177057832479477
759,cardinalcloseup,high_maturity,False,CLIPese,0.0,True,mature,0.45635000000000003,False,,-1,-0.07011917,0.10780704,0.05002307891845703,0.025177057832479477
760,cornheap,high_maturity,False,CLIPese,0.0,True,mature,0.792775,True,mature_readable,132,-0.10924477,-0.07014782,0.05002307891845703,0.025177057832479477
761,citrotomato,high_maturity,False,CLIPese,0.0,True,mature,0.828375,True,mature_readable,125,-0.08848243,-0.13873684,0.05002307891845703,0.025177057832479477
762,birdclub,high_maturity,False,CLIPese,0.0,True,mature,0.8281750000000001,True,mature_readable,197,0.25633848,-0.0014058085,0.05002307891845703,0.025177057832479477
763,foxtaxiderstry,high_maturity,False,CLIPese,0.0,True,mature,0.14355,False,,-1,-0.29113233,-0.10586831,0.05002307891845703,0.025177057832479477
764,bloons,high_maturity,True,English,1.75,True,mature,0.7886500000000001,True,mature_readable,214,0.32948425,0.009386807,0.05002307891845703,0.025177057832479477
765,chocolateday,high_maturity,False,CLIPese,0.0,True,mature,0.95285,True,mature_readable,54,0.09079807,-0.10232852,0.05002307891845703,0.025177057832479477
766,taxiderwerewolf,high_maturity,False,CLIPese,0.0,True,mature,0.39275,False,,-1,0.3648187,0.15342209,0.05002307891845703,0.025177057832479477
767,bambi,high_maturity,True,English,2.96,True,mature,0.8610249999999999,True,mature_readable,118,0.15888616,-0.24274057,0.05002307891845703,0.025177057832479477
768,chocolat,high_maturity,True,English,2.5,True,mature,0.362275,False,,-1,0.40997818,-0.054072108,0.05002307891845703,0.025177057832479477
769,roboroborobot,high_maturity,False,CLIPese,0.0,True,mature,0.42905,False,,-1,-0.14684232,0.09645066,0.05002307891845703,0.025177057832479477
770,taxiderpiranportraits,high_maturity,False,CLIPese,0.0,True,mature,0.152325,False,,-1,-0.16268432,-0.05873017,0.05002307891845703,0.025177057832479477
771,locomospaniel,high_maturity,False,CLIPese,0.0,True,mature,0.2629,False,,-1,-0.2893148,-0.08671735,0.05002307891845703,0.025177057832479477
772,chinesecropped,high_maturity,False,CLIPese,0.0,True,mature,0.56095,False,,-1,0.1948914,-0.03806143,0.05002307891845703,0.025177057832479477
773,bbcspecscrambled,high_maturity,False,CLIPese,0.0,True,mature,0.48792499999999994,False,,-1,0.02051359,-0.31418622,0.05002307891845703,0.025177057832479477
774,sylvanian,high_maturity,True,English,1.39,True,mature,0.46157499999999996,False,,-1,-0.11511873,-0.026060227,0.05002307891845703,0.025177057832479477
775,zombispongebob,high_maturity,False,CLIPese,0.0,True,mature,0.45622500000000005,False,,-1,-0.19097246,0.15911406,0.05002307891845703,0.025177057832479477
776,utaware,high_maturity,False,CLIPese,0.0,True,mature,0.6053,False,,-1,0.3499274,0.27722466,0.05002307891845703,0.025177057832479477
777,longepsoristencil,high_maturity,False,CLIPese,0.0,True,mature,0.1222,True,mature_weak,390,-0.14733054,0.03625199,0.05002307891845703,0.025177057832479477
778,clclips,high_maturity,False,CLIPese,0.0,True,mature,0.6602250000000001,False,,-1,0.064640716,0.12514436,0.05002307891845703,0.025177057832479477
779,anyscrambled,high_maturity,False,CLIPese,0.0,True,mature,0.8412250000000001,True,orthographic_hard,15,-0.04141722,-0.030987421,0.05002307891845703,0.025177057832479477
780,baskets,high_maturity,True,English,3.45,True,mature,0.37037499999999995,False,,-1,0.26123464,-0.1942968,0.05002307891845703,0.025177057832479477
781,akkuma,high_maturity,False,CLIPese,0.0,True,mature,0.516125,False,,-1,0.1131402,-0.10479185,0.05002307891845703,0.025177057832479477
782,buccanemarine,high_maturity,False,CLIPese,0.0,True,mature,0.4554,False,,-1,-0.18390493,-0.01510992,0.05002307891845703,0.025177057832479477
783,antiqubigfoot,high_maturity,False,CLIPese,0.0,True,mature,0.48387500000000006,False,,-1,-0.24194945,0.19512674,0.05002307891845703,0.025177057832479477
784,trumppgestures,high_maturity,False,CLIPese,0.0,True,mature,0.49472499999999997,False,,-1,-0.10741192,-0.15468495,0.05002307891845703,0.025177057832479477
785,minsmere,high_maturity,True,English,1.38,True,mature,0.5021,False,,-1,0.13975266,-0.43693787,0.05002307891845703,0.025177057832479477
786,kaleidostacked,high_maturity,False,CLIPese,0.0,True,mature,0.291125,False,,-1,-0.19610623,0.08402614,0.05002307891845703,0.025177057832479477
787,quokitten,high_maturity,False,CLIPese,0.0,True,mature,0.40554999999999997,False,,-1,-0.0023641565,0.17104684,0.05002307891845703,0.025177057832479477
788,calibrbrightness,high_maturity,False,CLIPese,0.0,True,mature,0.388575,False,,-1,-0.16216372,-0.085926145,0.05002307891845703,0.025177057832479477
789,ctfletcher,high_maturity,False,CLIPese,0.0,True,mature,0.279375,False,,-1,-0.15538625,-0.052151263,0.05002307891845703,0.025177057832479477
790,baszler,high_maturity,True,English,1.53,True,mature,0.51045,False,,-1,0.2999097,-0.08039927,0.05002307891845703,0.025177057832479477
791,mitochondrikaleidosteampunk,high_maturity,False,CLIPese,0.0,True,mature,0.273225,False,,-1,-0.2369938,-0.0743747,0.05002307891845703,0.025177057832479477
792,boxbrawl,high_maturity,False,CLIPese,0.0,True,mature,0.76675,True,mature_readable,210,-0.01698941,0.062828004,0.05002307891845703,0.025177057832479477
793,bugatti,high_maturity,True,English,2.81,True,mature,0.8683000000000001,True,mature_readable,115,0.18482158,0.12681065,0.05002307891845703,0.025177057832479477
794,giantpixelart,high_maturity,False,CLIPese,0.0,True,mature,0.16485,False,,-1,-0.144756,-0.05269384,0.05002307891845703,0.025177057832479477
795,goldengdistorcorruption,high_maturity,False,CLIPese,0.0,True,mature,0.415025,False,,-1,-0.20506558,0.11076475,0.05002307891845703,0.025177057832479477
796,kaleidozombiinfrared,high_maturity,False,CLIPese,0.0,True,mature,0.413675,False,,-1,-0.20933884,0.061475493,0.05002307891845703,0.025177057832479477
797,kefla,high_maturity,False,CLIPese,0.0,True,mature,0.499975,False,,-1,0.1551385,0.16120853,0.05002307891845703,0.025177057832479477
798,birdsparrow,high_maturity,False,CLIPese,0.0,True,mature,0.556625,False,,-1,-0.020248435,0.09249776,0.05002307891845703,0.025177057832479477
799,jewelrypopart,high_maturity,False,CLIPese,0.0,True,mature,0.338575,False,,-1,-0.23819132,0.07959865,0.05002307891845703,0.025177057832479477
800,kaleidoresults,high_maturity,False,CLIPese,0.0,True,mature,0.23267500000000002,False,,-1,0.00023456653,-0.15779912,0.05002307891845703,0.025177057832479477
801,pheepcot,high_maturity,False,CLIPese,0.0,True,mature,0.1487,True,mature_weak,397,-0.005463476,-0.007669951,0.05002307891845703,0.025177057832479477
802,copernicuav,high_maturity,False,CLIPese,0.0,True,mature,0.501425,False,,-1,0.07009398,0.18694718,0.05002307891845703,0.025177057832479477
803,creepkitty,high_maturity,False,CLIPese,0.0,True,mature,0.43875,False,,-1,-0.025707247,0.13772865,0.05002307891845703,0.025177057832479477
804,reindemarkings,high_maturity,False,CLIPese,0.0,True,mature,0.22512500000000002,False,,-1,-0.17696336,-0.10923524,0.05002307891845703,0.025177057832479477
805,seagusculpture,high_maturity,False,CLIPese,0.0,True,mature,0.6970999999999999,True,fallback_fill,488,-0.113398775,0.19017604,0.05002307891845703,0.025177057832479477
806,vectorkendricklamar,high_maturity,False,CLIPese,0.0,True,mature,0.5181,False,,-1,0.18562815,-0.19183685,0.05002307891845703,0.025177057832479477
807,taxiderreindeer,high_maturity,False,CLIPese,0.0,True,mature,0.6656500000000001,False,,-1,0.070166714,-0.14569685,0.05002307891845703,0.025177057832479477
808,shefftrees,high_maturity,False,CLIPese,0.0,True,mature,0.7371,True,mature_readable,268,0.25335953,-0.11064598,0.05002307891845703,0.025177057832479477
809,hfxglitch,high_maturity,False,CLIPese,0.0,True,mature,0.19,False,,-1,-0.081467435,-0.2080959,0.05002307891845703,0.025177057832479477
810,backstreetcgi,high_maturity,False,CLIPese,0.0,True,mature,0.4917750000000001,False,,-1,0.062188588,-0.057397693,0.05002307891845703,0.025177057832479477
811,bathrobe,high_maturity,True,English,2.68,True,mature,0.502675,False,,-1,0.011257277,-0.14809464,0.05002307891845703,0.025177057832479477
812,coffeemaker,high_maturity,True,English,2.13,True,mature,0.8284250000000001,True,mature_readable,150,-0.055815544,-0.37395018,0.05002307891845703,0.025177057832479477
813,chrysanthe,high_maturity,False,CLIPese,0.0,True,mature,0.489275,False,,-1,-0.18087226,-0.107553564,0.05002307891845703,0.025177057832479477
814,halloweenwalnuts,high_maturity,False,CLIPese,0.0,True,mature,0.6126250000000001,False,,-1,-0.027733032,0.21271396,0.05002307891845703,0.025177057832479477
815,gumnutcracker,high_maturity,False,CLIPese,0.0,True,mature,0.740075,True,mature_readable,273,0.2900349,-0.11512918,0.05002307891845703,0.025177057832479477
816,rottercranes,high_maturity,False,CLIPese,0.0,True,mature,0.568325,False,,-1,0.14398216,0.018814143,0.05002307891845703,0.025177057832479477
817,lakshmirai,high_maturity,False,CLIPese,0.0,True,mature,0.20630000000000004,False,,-1,-0.002107025,-0.2718299,0.05002307891845703,0.025177057832479477
818,rashmika,high_maturity,False,CLIPese,0.0,True,mature,0.44157500000000005,False,,-1,-0.09524341,0.040746864,0.05002307891845703,0.025177057832479477
819,catumbrella,high_maturity,False,CLIPese,0.0,True,mature,0.20055,False,,-1,-0.115817845,0.021192431,0.05002307891845703,0.025177057832479477
820,panoraustralianvhs,high_maturity,False,CLIPese,0.0,True,mature,0.5886,False,,-1,0.22739476,0.007513108,0.05002307891845703,0.025177057832479477
821,algermouse,high_maturity,False,CLIPese,0.0,True,mature,0.743175,True,mature_readable,276,0.017850569,0.017958745,0.05002307891845703,0.025177057832479477
822,bsoazad,high_maturity,False,CLIPese,0.0,True,mature,0.368325,False,,-1,0.07422638,-0.2401807,0.05002307891845703,0.025177057832479477
823,bharattrippy,high_maturity,False,CLIPese,0.0,True,mature,0.761725,False,,-1,-0.14076783,-0.10495958,0.05002307891845703,0.025177057832479477
824,brettdalton,high_maturity,False,CLIPese,0.0,True,mature,0.4247000000000001,False,,-1,-0.022490505,0.096047424,0.05002307891845703,0.025177057832479477
825,compumask,high_maturity,False,CLIPese,0.0,True,mature,0.876725,True,orthographic_hard,16,0.058190744,-0.39915726,0.05002307891845703,0.025177057832479477
826,binoculars,high_maturity,True,English,3.1,True,mature,0.445975,False,,-1,0.030790752,0.14306773,0.05002307891845703,0.025177057832479477
827,shopkins,high_maturity,True,English,1.67,True,mature,0.49925,False,,-1,0.19787134,0.052892525,0.05002307891845703,0.025177057832479477
828,arunvijay,high_maturity,False,CLIPese,0.0,True,mature,0.42450000000000004,False,,-1,-0.11159553,0.22482327,0.05002307891845703,0.025177057832479477
829,kaleidoptsd,high_maturity,False,CLIPese,0.0,True,mature,0.3194,False,,-1,-0.019421749,-0.013939934,0.05002307891845703,0.025177057832479477
830,orangucolorized,high_maturity,False,CLIPese,0.0,True,mature,0.23167500000000002,False,,-1,-0.119040705,0.13836698,0.05002307891845703,0.025177057832479477
831,limergreenpeace,high_maturity,False,CLIPese,0.0,True,mature,0.6474,False,,-1,-0.23103072,-0.07593431,0.05002307891845703,0.025177057832479477
832,mandelcubes,high_maturity,False,CLIPese,0.0,True,mature,0.88155,True,orthographic_hard,4,0.1741721,-0.25012803,0.05002307891845703,0.025177057832479477
833,coralspectral,high_maturity,False,CLIPese,0.0,True,mature,0.5263,True,orthographic_hard,25,-0.028434647,-0.013550942,0.05002307891845703,0.025177057832479477
834,bobcats,high_maturity,True,English,2.96,True,mature,0.784425,False,,-1,0.28976995,-0.103120066,0.05002307891845703,0.025177057832479477
835,camouflasempercroissant,high_maturity,False,CLIPese,0.0,True,mature,0.236075,False,,-1,-0.25170043,0.07843599,0.05002307891845703,0.025177057832479477
836,chromorgb,high_maturity,False,CLIPese,0.0,True,mature,0.641225,False,,-1,0.070140935,-0.3523546,0.05002307891845703,0.025177057832479477
837,pygdeer,high_maturity,False,CLIPese,0.0,True,mature,0.7384750000000001,True,mature_readable,277,0.11673725,-0.09972266,0.05002307891845703,0.025177057832479477
838,imagegilglitch,high_maturity,False,CLIPese,0.0,True,mature,0.20535,False,,-1,-0.26243,0.014094161,0.05002307891845703,0.025177057832479477
839,servepiranfreddy,high_maturity,False,CLIPese,0.0,True,mature,0.424625,False,,-1,-0.17509276,-0.03978259,0.05002307891845703,0.025177057832479477
840,augmenterepetimage,high_maturity,False,CLIPese,0.0,True,mature,0.2903,False,,-1,-0.34473234,-0.03908565,0.05002307891845703,0.025177057832479477
841,popsicadirondchairs,high_maturity,False,CLIPese,0.0,True,mature,0.10505,False,,-1,-0.19355385,-0.020935357,0.05002307891845703,0.025177057832479477
842,catcollage,high_maturity,False,CLIPese,0.0,True,mature,0.32885,False,,-1,-0.0033075095,0.059322216,0.05002307891845703,0.025177057832479477
843,juddmonte,high_maturity,True,English,1.52,True,mature,0.6487999999999999,False,,-1,-0.13693205,-0.1680623,0.05002307891845703,0.025177057832479477
844,cushions,high_maturity,True,English,3.19,True,mature,0.8280000000000001,True,mature_readable,199,0.3095431,0.08906893,0.05002307891845703,0.025177057832479477
845,cyberpunks,high_maturity,False,CLIPese,0.0,True,mature,0.797275,False,,-1,-0.039391693,-0.17026973,0.05002307891845703,0.025177057832479477
846,bitscrambled,high_maturity,False,CLIPese,0.0,True,mature,0.23827499999999996,False,,-1,-0.2011196,0.02365366,0.05002307891845703,0.025177057832479477
847,anarchiscissors,high_maturity,False,CLIPese,0.0,True,mature,0.689975,False,,-1,0.03238464,0.058956433,0.05002307891845703,0.025177057832479477
848,denosau,high_maturity,False,CLIPese,0.0,True,mature,0.7828249999999999,True,mature_readable,175,0.16741118,-0.27518547,0.05002307891845703,0.025177057832479477
849,runetaxidergallobunny,high_maturity,False,CLIPese,0.0,True,mature,0.30975,False,,-1,-0.15304588,-0.07334438,0.05002307891845703,0.025177057832479477
850,avengersendgame,high_maturity,False,CLIPese,0.0,True,mature,0.427675,False,,-1,-0.108035624,-0.12600274,0.05002307891845703,0.025177057832479477
851,andalioloisa,high_maturity,False,CLIPese,0.0,True,mature,0.4703,False,,-1,0.16055955,-0.004493196,0.05002307891845703,0.025177057832479477
852,leicemoji,high_maturity,False,CLIPese,0.0,True,mature,0.5364,False,,-1,-0.2394536,-0.07393309,0.05002307891845703,0.025177057832479477
853,katiecassidy,high_maturity,False,CLIPese,0.0,True,mature,0.29435,False,,-1,0.14594023,-0.034728676,0.05002307891845703,0.025177057832479477
854,orangusentinsentinbarista,high_maturity,False,CLIPese,0.0,True,mature,0.17872500000000002,False,,-1,0.04932379,-0.018631052,0.05002307891845703,0.025177057832479477
855,zarkorel,high_maturity,False,CLIPese,0.0,True,mature,0.33730000000000004,False,,-1,0.31462222,-0.19674467,0.05002307891845703,0.025177057832479477
856,catlabelled,high_maturity,False,CLIPese,0.0,True,mature,0.330475,False,,-1,0.23770791,0.17681316,0.05002307891845703,0.025177057832479477
857,adoplabrador,high_maturity,False,CLIPese,0.0,True,mature,0.59,False,,-1,-0.15942563,-0.012160177,0.05002307891845703,0.025177057832479477
858,calibrselecting,high_maturity,False,CLIPese,0.0,True,mature,0.5602750000000001,False,,-1,0.078825295,0.124516964,0.05002307891845703,0.025177057832479477
859,crystpng,high_maturity,False,CLIPese,0.0,True,mature,0.720725,True,mature_readable,227,0.27173442,-0.1727237,0.05002307891845703,0.025177057832479477
860,kortajarena,high_maturity,False,CLIPese,0.0,True,mature,0.20205,True,mature_weak,443,-0.21799141,0.020266864,0.05002307891845703,0.025177057832479477
861,madhurigradepilsner,high_maturity,False,CLIPese,0.0,True,mature,0.509875,False,,-1,-0.19945486,0.14000662,0.05002307891845703,0.025177057832479477
862,blurmonochrome,high_maturity,False,CLIPese,0.0,True,mature,0.162525,True,mature_weak,426,-0.29875353,0.043682553,0.05002307891845703,0.025177057832479477
863,mariozaynmalik,high_maturity,False,CLIPese,0.0,True,mature,0.3878,False,,-1,0.22543527,-0.23690769,0.05002307891845703,0.025177057832479477
864,beckyg,high_maturity,False,CLIPese,0.0,True,mature,0.719325,False,,-1,0.04330491,-0.012646901,0.05002307891845703,0.025177057832479477
865,shkapoor,high_maturity,False,CLIPese,0.0,True,mature,0.5521,False,,-1,0.054183915,0.0231505,0.05002307891845703,0.025177057832479477
866,griffintaxiderphl,high_maturity,False,CLIPese,0.0,True,mature,0.087975,False,,-1,-0.08256498,-0.17210603,0.05002307891845703,0.025177057832479477
867,jonathanrhysme,high_maturity,False,CLIPese,0.0,True,mature,0.26780000000000004,False,,-1,-0.3049861,-0.12162749,0.05002307891845703,0.025177057832479477
868,africbigfoot,high_maturity,False,CLIPese,0.0,True,mature,0.6326499999999999,False,,-1,0.03260554,0.150086,0.05002307891845703,0.025177057832479477
869,tuxwhischibi,high_maturity,False,CLIPese,0.0,True,mature,0.23832499999999998,False,,-1,0.026706673,0.116759755,0.05002307891845703,0.025177057832479477
870,chromoclouds,high_maturity,False,CLIPese,0.0,True,mature,0.41190000000000004,False,,-1,-0.2361153,-0.09482109,0.05002307891845703,0.025177057832479477
871,buteo,high_maturity,True,English,1.63,True,mature,0.829975,True,mature_readable,137,0.2883009,0.08130063,0.05002307891845703,0.025177057832479477
872,pizzmattel,high_maturity,False,CLIPese,0.0,True,mature,0.7029749999999999,False,,-1,0.34336084,-0.036959052,0.05002307891845703,0.025177057832479477
873,loafpurrmulticcube,high_maturity,False,CLIPese,0.0,True,mature,0.564075,False,,-1,-0.17525712,0.1135837,0.05002307891845703,0.025177057832479477
874,aviationgermany,high_maturity,False,CLIPese,0.0,True,mature,0.689175,False,,-1,-0.18279584,0.08735083,0.05002307891845703,0.025177057832479477
875,calibrarbitrfbi,high_maturity,False,CLIPese,0.0,True,mature,0.593775,False,,-1,-0.24718694,0.057182476,0.05002307891845703,0.025177057832479477
876,climbpaws,high_maturity,False,CLIPese,0.0,True,mature,0.751575,True,mature_readable,207,0.048885025,0.0037073798,0.05002307891845703,0.025177057832479477
877,zubanski,high_maturity,False,CLIPese,0.0,True,mature,0.37905,False,,-1,0.039648492,0.010573763,0.05002307891845703,0.025177057832479477
878,crystalliknitting,high_maturity,False,CLIPese,0.0,True,mature,0.343925,False,,-1,-0.17773071,0.102243885,0.05002307891845703,0.025177057832479477
879,kaleidoportal,high_maturity,False,CLIPese,0.0,True,mature,0.20999999999999996,False,,-1,-0.15174757,0.12703854,0.05002307891845703,0.025177057832479477
880,catpillow,high_maturity,False,CLIPese,0.0,True,mature,0.7623000000000001,True,mature_readable,261,0.009382136,0.27991882,0.05002307891845703,0.025177057832479477
881,churcheshour,high_maturity,False,CLIPese,0.0,True,mature,0.73955,True,mature_readable,249,0.106399834,-0.16366875,0.05002307891845703,0.025177057832479477
882,tegu,high_maturity,True,English,1.5,True,mature,0.7462250000000001,False,,-1,0.2794384,-0.023076313,0.05002307891845703,0.025177057832479477
883,bulbas,high_maturity,False,CLIPese,0.0,True,mature,0.87195,True,mature_readable,110,0.3864147,0.008310742,0.05002307891845703,0.025177057832479477
884,azadimarch,high_maturity,False,CLIPese,0.0,True,mature,0.625275,False,,-1,-0.123724945,0.06281431,0.05002307891845703,0.025177057832479477
885,adventcalendar,high_maturity,False,CLIPese,0.0,True,mature,0.646575,False,,-1,0.18970528,0.029971696,0.05002307891845703,0.025177057832479477
886,methylmathematrender,high_maturity,False,CLIPese,0.0,True,mature,0.34305,False,,-1,-0.26619154,-0.17455402,0.05002307891845703,0.025177057832479477
887,calibrspeaker,high_maturity,False,CLIPese,0.0,True,mature,0.49824999999999997,False,,-1,-0.15694758,0.12142671,0.05002307891845703,0.025177057832479477
888,interopergogh,high_maturity,False,CLIPese,0.0,True,mature,0.46,False,,-1,-0.09058123,-0.033644315,0.05002307891845703,0.025177057832479477
889,nascarpixelart,high_maturity,False,CLIPese,0.0,True,mature,0.127925,False,,-1,-0.15612319,-0.018632397,0.05002307891845703,0.025177057832479477
890,kaleidochatbots,high_maturity,False,CLIPese,0.0,True,mature,0.4772,False,,-1,-0.06408273,-0.097597845,0.05002307891845703,0.025177057832479477
891,michelinguide,high_maturity,False,CLIPese,0.0,True,mature,0.27194999999999997,False,,-1,-0.051715318,-0.17232458,0.05002307891845703,0.025177057832479477
892,bitcrystplot,high_maturity,False,CLIPese,0.0,True,mature,0.32835000000000003,False,,-1,-0.12365932,-0.057764824,0.05002307891845703,0.025177057832479477
893,autiepilepsy,high_maturity,False,CLIPese,0.0,True,mature,0.3948,False,,-1,0.06300048,0.17309004,0.05002307891845703,0.025177057832479477
894,taxidersculptures,high_maturity,False,CLIPese,0.0,True,mature,0.1328,False,,-1,-0.067434534,-0.16718793,0.05002307891845703,0.025177057832479477
895,coffeehour,high_maturity,False,CLIPese,0.0,True,mature,0.7911250000000001,False,,-1,0.27750558,-0.08126717,0.05002307891845703,0.025177057832479477
896,sockdeteriorchimney,high_maturity,False,CLIPese,0.0,True,mature,0.411975,False,,-1,-0.025707893,-0.1672015,0.05002307891845703,0.025177057832479477
897,cartoonpolka,high_maturity,False,CLIPese,0.0,True,mature,0.424825,False,,-1,-0.040503297,-0.051414292,0.05002307891845703,0.025177057832479477
898,orangurooster,high_maturity,False,CLIPese,0.0,True,mature,0.28535,False,,-1,-0.24760567,0.22590859,0.05002307891845703,0.025177057832479477
899,britibatman,high_maturity,False,CLIPese,0.0,True,mature,0.5638,False,,-1,-0.15878378,-0.024382556,0.05002307891845703,0.025177057832479477
900,canola,high_maturity,True,English,2.74,True,mature,0.87035,True,mature_readable,173,0.24701002,-0.2426309,0.05002307891845703,0.025177057832479477
901,sevelcollie,high_maturity,False,CLIPese,0.0,True,mature,0.37234999999999996,False,,-1,0.31491986,0.2501512,0.05002307891845703,0.025177057832479477
902,taxiderspinostare,high_maturity,False,CLIPese,0.0,True,mature,0.08157500000000001,False,,-1,-0.062434394,-0.14277937,0.05002307891845703,0.025177057832479477
903,adjuzebra,high_maturity,False,CLIPese,0.0,True,mature,0.264,False,,-1,0.03578404,0.063285805,0.05002307891845703,0.025177057832479477
904,aberdeencentri,high_maturity,False,CLIPese,0.0,True,mature,0.5557749999999999,False,,-1,0.21092556,0.0034652846,0.05002307891845703,0.025177057832479477
905,configurdonut,high_maturity,False,CLIPese,0.0,True,mature,0.8402000000000001,True,mature_readable,109,0.2536615,0.16495006,0.05002307891845703,0.025177057832479477
906,spookaleidoretarmicroscopy,high_maturity,False,CLIPese,0.0,True,mature,0.137875,False,,-1,-0.33381528,-0.024177698,0.05002307891845703,0.025177057832479477
907,falkgregorwolfoscars,high_maturity,False,CLIPese,0.0,True,mature,0.45802499999999996,False,,-1,-0.2764127,0.12791699,0.05002307891845703,0.025177057832479477
908,crystalligenerative,high_maturity,False,CLIPese,0.0,True,mature,0.13757499999999998,False,,-1,-0.28180513,0.0061109117,0.05002307891845703,0.025177057832479477
909,bitimagespectral,high_maturity,False,CLIPese,0.0,True,mature,0.37177499999999997,False,,-1,-0.2645614,-0.02895585,0.05002307891845703,0.025177057832479477
910,bloodywasher,high_maturity,False,CLIPese,0.0,True,mature,0.597425,False,,-1,-0.16942213,0.18350682,0.05002307891845703,0.025177057832479477
911,dinosawallpapers,high_maturity,False,CLIPese,0.0,True,mature,0.25117500000000004,False,,-1,-0.06955311,0.28896278,0.05002307891845703,0.025177057832479477
912,bbcscanned,high_maturity,False,CLIPese,0.0,True,mature,0.506175,False,,-1,0.06564191,-0.0685625,0.05002307891845703,0.025177057832479477
913,turbulmosaic,high_maturity,False,CLIPese,0.0,True,mature,0.39787500000000003,False,,-1,-0.013561061,-0.11911865,0.05002307891845703,0.025177057832479477
914,trusttowbars,high_maturity,False,CLIPese,0.0,True,mature,0.14237499999999997,True,mature_weak,406,0.26711538,0.050115082,0.05002307891845703,0.025177057832479477
915,btsxfortnite,high_maturity,False,CLIPese,0.0,True,mature,0.5097499999999999,False,,-1,0.023181513,-0.087341785,0.05002307891845703,0.025177057832479477
916,anatomfingers,high_maturity,False,CLIPese,0.0,True,mature,0.8562250000000001,True,orthographic_hard,48,-0.100235105,-0.2087154,0.05002307891845703,0.025177057832479477
917,willydigitalart,high_maturity,False,CLIPese,0.0,True,mature,0.04925,True,mature_weak,434,-0.3424401,0.14141975,0.05002307891845703,0.025177057832479477
918,christmaglobe,high_maturity,False,CLIPese,0.0,True,mature,0.356675,False,,-1,-0.06857676,-0.1876369,0.05002307891845703,0.025177057832479477
919,bubbwarp,high_maturity,False,CLIPese,0.0,True,mature,0.67935,False,,-1,0.24719995,0.25842336,0.05002307891845703,0.025177057832479477
920,taxiderfigfoxy,high_maturity,False,CLIPese,0.0,True,mature,0.18164999999999998,False,,-1,-0.17052309,-0.10676509,0.05002307891845703,0.025177057832479477
921,brutalbeetle,high_maturity,False,CLIPese,0.0,True,mature,0.6455,False,,-1,0.09137567,0.026428934,0.05002307891845703,0.025177057832479477
922,satellchihuahua,high_maturity,False,CLIPese,0.0,True,mature,0.599925,False,,-1,0.07699871,0.07005355,0.05002307891845703,0.025177057832479477
923,bitmeasles,high_maturity,False,CLIPese,0.0,True,mature,0.6458499999999999,False,,-1,-0.14328417,0.0582436,0.05002307891845703,0.025177057832479477
924,mandelwatercolor,high_maturity,False,CLIPese,0.0,True,mature,0.3654,False,,-1,-0.09821943,-0.1023147,0.05002307891845703,0.025177057832479477
925,anabhumidiadapter,high_maturity,False,CLIPese,0.0,True,mature,0.4609,False,,-1,-0.16502419,0.20461223,0.05002307891845703,0.025177057832479477
926,museodel,high_maturity,False,CLIPese,0.0,True,mature,0.4377,False,,-1,0.0957754,0.05240038,0.05002307891845703,0.025177057832479477
927,mandelpixels,high_maturity,False,CLIPese,0.0,True,mature,0.22975,False,,-1,-0.30544576,-0.020699952,0.05002307891845703,0.025177057832479477
928,iphonewarhol,high_maturity,False,CLIPese,0.0,True,mature,0.7511000000000001,True,mature_readable,252,0.18607885,0.2563653,0.05002307891845703,0.025177057832479477
929,albatgalveston,high_maturity,False,CLIPese,0.0,True,mature,0.442225,False,,-1,-0.015293782,0.017554263,0.05002307891845703,0.025177057832479477
930,clawjug,high_maturity,False,CLIPese,0.0,True,mature,0.7409749999999999,True,mature_readable,225,0.04554043,0.18183781,0.05002307891845703,0.025177057832479477
931,basketof,high_maturity,False,CLIPese,0.0,True,mature,0.7664,False,,-1,0.31913665,0.030028453,0.05002307891845703,0.025177057832479477
932,christmamessi,high_maturity,False,CLIPese,0.0,True,mature,0.634975,False,,-1,-0.07237626,-0.24324135,0.05002307891845703,0.025177057832479477
933,ploughreservmagpie,high_maturity,False,CLIPese,0.0,True,mature,0.2367,False,,-1,-0.23402205,0.030258937,0.05002307891845703,0.025177057832479477
934,taxiderbat,high_maturity,False,CLIPese,0.0,True,mature,0.5332250000000001,False,,-1,0.11591133,-0.22940491,0.05002307891845703,0.025177057832479477
935,sityimagenoise,high_maturity,False,CLIPese,0.0,True,mature,0.062725,True,mature_weak,384,-0.25839123,0.085711345,0.05002307891845703,0.025177057832479477
936,deancain,high_maturity,False,CLIPese,0.0,True,mature,0.8855,True,mature_readable,97,0.011191406,0.062300395,0.05002307891845703,0.025177057832479477
937,dumbwaiter,high_maturity,True,English,1.78,True,mature,0.47487500000000005,False,,-1,-0.04339571,0.15325074,0.05002307891845703,0.025177057832479477
938,duffdachshund,high_maturity,False,CLIPese,0.0,True,mature,0.32815000000000005,False,,-1,-0.16624539,0.06232074,0.05002307891845703,0.025177057832479477
939,braincircuits,high_maturity,False,CLIPese,0.0,True,mature,0.60585,False,,-1,-0.14359814,-0.17850284,0.05002307891845703,0.025177057832479477
940,bunplatz,high_maturity,False,CLIPese,0.0,True,mature,0.694725,False,,-1,0.3205224,-0.10064423,0.05002307891845703,0.025177057832479477
941,calibrtiff,high_maturity,False,CLIPese,0.0,True,mature,0.43365000000000004,False,,-1,0.04356903,0.09717668,0.05002307891845703,0.025177057832479477
942,pyggoat,high_maturity,False,CLIPese,0.0,True,mature,0.6359,False,,-1,-0.038186457,0.08832088,0.05002307891845703,0.025177057832479477
943,mandelpollock,high_maturity,False,CLIPese,0.0,True,mature,0.295675,False,,-1,-0.0053297426,-0.20761678,0.05002307891845703,0.025177057832479477
944,backstreetgenerator,high_maturity,False,CLIPese,0.0,True,mature,0.561625,False,,-1,-0.24453625,-0.019707426,0.05002307891845703,0.025177057832479477
945,kaleidozombimedusa,high_maturity,False,CLIPese,0.0,True,mature,0.232625,False,,-1,-0.27719566,0.036698144,0.05002307891845703,0.025177057832479477
946,thonknaubergkin,high_maturity,False,CLIPese,0.0,True,mature,0.154625,False,,-1,-0.21814698,0.2645291,0.05002307891845703,0.025177057832479477
947,crystplot,high_maturity,False,CLIPese,0.0,True,mature,0.50175,False,,-1,0.05692976,-0.05875353,0.05002307891845703,0.025177057832479477
948,louboutchicks,high_maturity,False,CLIPese,0.0,True,mature,0.512275,False,,-1,-0.14923762,-0.09213439,0.05002307891845703,0.025177057832479477
949,mandeldistormicroscopy,high_maturity,False,CLIPese,0.0,True,mature,0.225225,False,,-1,-0.14580198,-0.26402837,0.05002307891845703,0.025177057832479477
950,calliglitch,high_maturity,False,CLIPese,0.0,True,mature,0.48317499999999997,False,,-1,-0.12412326,0.22556677,0.05002307891845703,0.025177057832479477
951,manjaro,high_maturity,True,English,1.54,True,mature,0.60755,False,,-1,0.12716667,-0.25412327,0.05002307891845703,0.025177057832479477
952,bunnyhorse,high_maturity,False,CLIPese,0.0,True,mature,0.77345,True,mature_readable,221,0.17077006,-0.05945259,0.05002307891845703,0.025177057832479477
953,kaleidosprouts,high_maturity,False,CLIPese,0.0,True,mature,0.46172500000000005,False,,-1,-0.15086883,-0.029148398,0.05002307891845703,0.025177057832479477
954,ophysafarilive,high_maturity,False,CLIPese,0.0,True,mature,0.13212500000000002,False,,-1,-0.0922379,0.0084303105,0.05002307891845703,0.025177057832479477
955,eucalypautumnal,high_maturity,False,CLIPese,0.0,True,mature,0.355225,False,,-1,-0.21922162,0.19767158,0.05002307891845703,0.025177057832479477
956,bicondova,high_maturity,True,English,1.23,True,mature,0.48910000000000003,False,,-1,-0.068962425,0.25401047,0.05002307891845703,0.025177057832479477
957,blurgopro,high_maturity,False,CLIPese,0.0,True,mature,0.51565,False,,-1,-0.10344161,0.049330022,0.05002307891845703,0.025177057832479477
958,pixelfracroblox,high_maturity,False,CLIPese,0.0,True,mature,0.278275,False,,-1,0.1646645,-0.15505736,0.05002307891845703,0.025177057832479477
959,webcamantigua,high_maturity,False,CLIPese,0.0,True,mature,0.273275,False,,-1,-0.1965296,0.22452804,0.05002307891845703,0.025177057832479477
960,visualaugmenteshark,high_maturity,False,CLIPese,0.0,True,mature,0.393675,False,,-1,-0.26094732,-0.112006515,0.05002307891845703,0.025177057832479477
961,canadas,high_maturity,True,English,2.15,True,mature,0.512,False,,-1,0.16022776,-0.23147243,0.05002307891845703,0.025177057832479477
962,taxiderchievllama,high_maturity,False,CLIPese,0.0,True,mature,0.3474,False,,-1,-0.24497023,-0.0769709,0.05002307891845703,0.025177057832479477
963,pygboerformations,high_maturity,False,CLIPese,0.0,True,mature,0.32627500000000004,False,,-1,-0.03777777,-0.0056547164,0.05002307891845703,0.025177057832479477
964,bonebombs,high_maturity,False,CLIPese,0.0,True,mature,0.8820749999999999,True,mature_readable,122,0.25320104,-0.36173937,0.05002307891845703,0.025177057832479477
965,haunnebula,high_maturity,False,CLIPese,0.0,True,mature,0.769275,True,mature_readable,216,0.032614905,0.12405589,0.05002307891845703,0.025177057832479477
966,kaleidodigitalart,high_maturity,False,CLIPese,0.0,True,mature,0.0242,True,mature_weak,368,-0.25209013,0.067894906,0.05002307891845703,0.025177057832479477
967,beckylynch,high_maturity,False,CLIPese,0.0,True,mature,0.416825,False,,-1,-0.082108885,0.043304123,0.05002307891845703,0.025177057832479477
968,louboutlatex,high_maturity,False,CLIPese,0.0,True,mature,0.11405000000000001,True,mature_weak,392,-0.20830639,0.04264387,0.05002307891845703,0.025177057832479477
969,nocchi,high_maturity,False,CLIPese,0.0,True,mature,0.22857500000000003,False,,-1,0.138415,-0.111626044,0.05002307891845703,0.025177057832479477
970,colordisintegrmeasles,high_maturity,False,CLIPese,0.0,True,mature,0.40762499999999996,False,,-1,-0.21149893,0.050922014,0.05002307891845703,0.025177057832479477
971,slurcorn,high_maturity,False,CLIPese,0.0,True,mature,0.464225,False,,-1,0.09519234,0.16491905,0.05002307891845703,0.025177057832479477
972,montessgauge,high_maturity,False,CLIPese,0.0,True,mature,0.45375,False,,-1,-0.19903904,-0.07564053,0.05002307891845703,0.025177057832479477
973,sagittsafarilive,high_maturity,False,CLIPese,0.0,True,mature,0.201775,False,,-1,0.115631156,-0.055021036,0.05002307891845703,0.025177057832479477
974,bunmotto,high_maturity,False,CLIPese,0.0,True,mature,0.6681,False,,-1,-0.15731502,-0.057739843,0.05002307891845703,0.025177057832479477
975,canadaday,high_maturity,False,CLIPese,0.0,True,mature,0.49712500000000004,False,,-1,0.02691033,0.04608252,0.05002307891845703,0.025177057832479477
976,atosaurus,high_maturity,False,CLIPese,0.0,True,mature,0.5765750000000001,False,,-1,-0.102998376,0.060010683,0.05002307891845703,0.025177057832479477
977,bbcbratcompression,high_maturity,False,CLIPese,0.0,True,mature,0.455075,False,,-1,-0.22313768,-0.10727969,0.05002307891845703,0.025177057832479477
978,christmamural,high_maturity,False,CLIPese,0.0,True,mature,0.35555000000000003,False,,-1,-0.22023426,-0.082349084,0.05002307891845703,0.025177057832479477
979,panordigitalart,high_maturity,False,CLIPese,0.0,True,mature,0.122775,False,,-1,-0.2900085,0.1395594,0.05002307891845703,0.025177057832479477
980,cufflink,high_maturity,True,English,1.69,True,mature,0.66255,False,,-1,0.17237063,0.1724681,0.05002307891845703,0.025177057832479477
981,clipclip,high_maturity,False,CLIPese,0.0,True,mature,0.302825,False,,-1,-0.038849145,0.029652875,0.05002307891845703,0.025177057832479477
982,taxiderrabbits,high_maturity,False,CLIPese,0.0,True,mature,0.5099499999999999,False,,-1,-0.18388079,-0.019404469,0.05002307891845703,0.025177057832479477
983,fracroblopixels,high_maturity,False,CLIPese,0.0,True,mature,0.348025,False,,-1,-0.21064778,-0.014785461,0.05002307891845703,0.025177057832479477
984,birdhouse,high_maturity,True,English,2.32,True,mature,0.561175,False,,-1,0.08685859,0.10898428,0.05002307891845703,0.025177057832479477
985,kaleidopete,high_maturity,False,CLIPese,0.0,True,mature,0.32839999999999997,False,,-1,-0.22160159,0.18324219,0.05002307891845703,0.025177057832479477
986,bubbleimage,high_maturity,False,CLIPese,0.0,True,mature,0.3638,False,,-1,-0.06336525,0.06282924,0.05002307891845703,0.025177057832479477
987,easternbridgseleccardigan,high_maturity,False,CLIPese,0.0,True,mature,0.44677500000000003,False,,-1,-0.050439585,0.07974529,0.05002307891845703,0.025177057832479477
988,imagenoise,high_maturity,False,CLIPese,0.0,True,mature,0.2626,False,,-1,-0.16285412,-0.0686101,0.05002307891845703,0.025177057832479477
989,puppmightywentworth,high_maturity,False,CLIPese,0.0,True,mature,0.31079999999999997,False,,-1,-0.1636962,0.24029881,0.05002307891845703,0.025177057832479477
990,mandelchromatic,high_maturity,False,CLIPese,0.0,True,mature,0.49004999999999993,False,,-1,-0.20764092,-0.34625632,0.05002307891845703,0.025177057832479477
991,dalmatimammal,high_maturity,False,CLIPese,0.0,True,mature,0.2388,False,,-1,-0.2994687,-0.06895355,0.05002307891845703,0.025177057832479477
992,piecehall,high_maturity,False,CLIPese,0.0,True,mature,0.4222,False,,-1,0.22638331,0.06435249,0.05002307891845703,0.025177057832479477
993,chinesecommunist,high_maturity,False,CLIPese,0.0,True,mature,0.689125,False,,-1,-0.23328982,-0.13112073,0.05002307891845703,0.025177057832479477
994,artyalgorithm,high_maturity,False,CLIPese,0.0,True,mature,0.29925,False,,-1,-0.32709178,0.02537256,0.05002307891845703,0.025177057832479477
995,lasagelengmicroscope,high_maturity,False,CLIPese,0.0,True,mature,0.49835,False,,-1,-0.3192118,0.117680155,0.05002307891845703,0.025177057832479477
996,bridgpixels,high_maturity,False,CLIPese,0.0,True,mature,0.40142500000000003,False,,-1,-0.08498525,-0.024321686,0.05002307891845703,0.025177057832479477
997,alyssdigitalart,high_maturity,False,CLIPese,0.0,True,mature,0.19565,False,,-1,-0.27257407,0.17342402,0.05002307891845703,0.025177057832479477
998,cilantro,high_maturity,True,English,2.89,True,mature,0.546925,False,,-1,0.27298382,0.018182395,0.05002307891845703,0.025177057832479477
999,kaleidopixels,high_maturity,False,CLIPese,0.0,True,mature,0.08775,False,,-1,-0.31487635,0.089986324,0.05002307891845703,0.025177057832479477
1000,coogs,high_maturity,True,English,1.11,True,mature,0.209125,False,,-1,0.32050964,0.10224187,0.05002307891845703,0.025177057832479477
1001,abstrexploexpirmonet,high_maturity,False,CLIPese,0.0,True,mature,0.30374999999999996,False,,-1,0.059325952,-0.19040668,0.05002307891845703,0.025177057832479477
1002,runemaraulynx,high_maturity,False,CLIPese,0.0,True,mature,0.29335,False,,-1,-0.16329147,-0.19359617,0.05002307891845703,0.025177057832479477
1003,anatomveins,high_maturity,False,CLIPese,0.0,True,mature,0.708325,True,orthographic_hard,49,0.07522306,-0.020038815,0.05002307891845703,0.025177057832479477
1004,cranes,high_maturity,True,English,3.33,True,mature,0.792325,True,orthographic_hard,26,0.09830903,-0.22012751,0.05002307891845703,0.025177057832479477
1005,acrobjump,high_maturity,False,CLIPese,0.0,True,mature,0.798775,True,mature_readable,193,0.06068132,-0.42660907,0.05002307891845703,0.025177057832479477
1006,bestofrainbowrandom,high_maturity,False,CLIPese,0.0,True,mature,0.39202499999999996,False,,-1,-0.051965427,-0.08591776,0.05002307891845703,0.025177057832479477
1007,nanopspherkeef,high_maturity,False,CLIPese,0.0,True,mature,0.5521750000000001,False,,-1,0.025693342,-0.22031914,0.05002307891845703,0.025177057832479477
1008,rounbabymetal,high_maturity,False,CLIPese,0.0,True,mature,0.3719,False,,-1,-0.20475659,-0.10589538,0.05002307891845703,0.025177057832479477
1009,crystcrayon,high_maturity,False,CLIPese,0.0,True,mature,0.581175,False,,-1,0.14919586,-0.11937518,0.05002307891845703,0.025177057832479477
1010,bikelife,high_maturity,False,CLIPese,0.0,True,mature,0.33092499999999997,False,,-1,0.13853636,0.055344444,0.05002307891845703,0.025177057832479477
1011,owlhyacinavian,high_maturity,False,CLIPese,0.0,True,mature,0.429525,False,,-1,0.045521665,0.26408866,0.05002307891845703,0.025177057832479477
1012,kaleidosurrealism,high_maturity,False,CLIPese,0.0,True,mature,0.24575000000000002,False,,-1,-0.21581958,0.11319849,0.05002307891845703,0.025177057832479477
1013,tuxbulldog,high_maturity,False,CLIPese,0.0,True,mature,0.64805,False,,-1,-0.026500428,0.21772887,0.05002307891845703,0.025177057832479477
1014,spiderposing,high_maturity,False,CLIPese,0.0,True,mature,0.6655,False,,-1,-0.13520923,0.19129577,0.05002307891845703,0.025177057832479477
1015,calibrpixels,high_maturity,False,CLIPese,0.0,True,mature,0.284075,False,,-1,-0.23590136,0.03780073,0.05002307891845703,0.025177057832479477
1016,blackcosplay,high_maturity,False,CLIPese,0.0,True,mature,0.49422499999999997,False,,-1,0.23415774,-0.07799349,0.05002307891845703,0.025177057832479477
1017,calibrpixel,high_maturity,False,CLIPese,0.0,True,mature,0.22435000000000002,False,,-1,-0.13628803,-0.018969106,0.05002307891845703,0.025177057832479477
1018,acycling,high_maturity,False,CLIPese,0.0,True,mature,0.808175,True,orthographic_hard,23,0.06551406,-0.030127421,0.05002307891845703,0.025177057832479477
1019,doortwickdoorghead,high_maturity,False,CLIPese,0.0,True,mature,0.452475,False,,-1,-0.076707676,0.10364064,0.05002307891845703,0.025177057832479477
1020,sonnybrushing,high_maturity,False,CLIPese,0.0,True,mature,0.8930750000000001,True,mature_readable,87,-0.20411138,-0.048634112,0.05002307891845703,0.025177057832479477
1021,loafpersian,high_maturity,False,CLIPese,0.0,True,mature,0.677875,False,,-1,-0.049788874,-0.15915248,0.05002307891845703,0.025177057832479477
1022,imagefuzzpepe,high_maturity,False,CLIPese,0.0,True,mature,0.45772500000000005,False,,-1,-0.2922907,0.016550003,0.05002307891845703,0.025177057832479477
1023,chromobishue,high_maturity,False,CLIPese,0.0,True,mature,0.52435,False,,-1,-0.19675423,-0.09577966,0.05002307891845703,0.025177057832479477
1024,chiranjeevi,high_maturity,True,English,1.98,True,mature,0.518425,False,,-1,0.32979402,-0.03805953,0.05002307891845703,0.025177057832479477
1025,carriages,high_maturity,True,English,3.37,True,mature,0.841175,True,mature_readable,172,-0.086135566,0.236395,0.05002307891845703,0.025177057832479477
1026,bogota,high_maturity,True,English,2.9,True,mature,0.7501,False,,-1,0.017053291,-0.070587374,0.05002307891845703,0.025177057832479477
1027,taxiderglufoxtele,high_maturity,False,CLIPese,0.0,True,mature,0.136725,False,,-1,-0.24227269,0.10362685,0.05002307891845703,0.025177057832479477
1028,codyseaworld,high_maturity,False,CLIPese,0.0,True,mature,0.8941,True,mature_readable,93,0.11319395,0.08202379,0.05002307891845703,0.025177057832479477
1029,bobcsharkweek,high_maturity,False,CLIPese,0.0,True,mature,0.823275,True,orthographic_hard,21,0.054475553,0.19108662,0.05002307891845703,0.025177057832479477
1030,mileypixar,high_maturity,False,CLIPese,0.0,True,mature,0.47435000000000005,False,,-1,-0.2508903,-0.13411976,0.05002307891845703,0.025177057832479477
1031,copernicuse,high_maturity,False,CLIPese,0.0,True,mature,0.520425,False,,-1,0.12367295,-0.08235673,0.05002307891845703,0.025177057832479477
1032,chromoradiation,high_maturity,False,CLIPese,0.0,True,mature,0.46549999999999997,False,,-1,-0.028162062,-0.23276776,0.05002307891845703,0.025177057832479477
1033,beverlogoraspberrymock,high_maturity,False,CLIPese,0.0,True,mature,0.85075,True,mature_readable,146,-0.14355433,-0.11950041,0.05002307891845703,0.025177057832479477
1034,colourestimgraph,high_maturity,False,CLIPese,0.0,True,mature,0.030725000000000002,True,mature_weak,381,-0.31667182,0.16940717,0.05002307891845703,0.025177057832479477
1035,puppyoreo,high_maturity,False,CLIPese,0.0,True,mature,0.7110000000000001,False,,-1,0.04042388,0.027562307,0.05002307891845703,0.025177057832479477
1036,kaleidosimulation,high_maturity,False,CLIPese,0.0,True,mature,0.29279999999999995,False,,-1,-0.10911522,-0.004080861,0.05002307891845703,0.025177057832479477
1037,duckchihuahua,high_maturity,False,CLIPese,0.0,True,mature,0.6330500000000001,False,,-1,-0.030799486,0.2665732,0.05002307891845703,0.025177057832479477
1038,arthrelephant,high_maturity,False,CLIPese,0.0,True,mature,0.5776749999999999,False,,-1,-0.17092367,0.17839034,0.05002307891845703,0.025177057832479477
1039,kaleidosweetie,high_maturity,False,CLIPese,0.0,True,mature,0.4181,False,,-1,-0.051842242,0.1095008,0.05002307891845703,0.025177057832479477
1040,azerbai,high_maturity,False,CLIPese,0.0,True,mature,0.249,False,,-1,0.059625164,-0.07902765,0.05002307891845703,0.025177057832479477
1041,calamari,high_maturity,True,English,2.57,True,mature,0.29952500000000004,False,,-1,-0.009639561,-0.21981142,0.05002307891845703,0.025177057832479477
1042,louboutfertilicord,high_maturity,False,CLIPese,0.0,True,mature,0.443175,False,,-1,-0.14728928,0.1171526,0.05002307891845703,0.025177057832479477
1043,calibrcompression,high_maturity,False,CLIPese,0.0,True,mature,0.29055,False,,-1,-0.12457226,0.0007338448,0.05002307891845703,0.025177057832479477
1044,slimbridge,high_maturity,True,English,1.58,True,mature,0.552025,False,,-1,-0.14397833,-0.05452078,0.05002307891845703,0.025177057832479477
1045,kaleidoembroidefineartamerica,high_maturity,False,CLIPese,0.0,True,mature,0.026400000000000003,True,mature_weak,417,-0.19984637,-0.09991042,0.05002307891845703,0.025177057832479477
1046,crystcrystneural,high_maturity,False,CLIPese,0.0,True,mature,0.15952500000000003,False,,-1,-0.23927906,-0.056807872,0.05002307891845703,0.025177057832479477
1047,cornbread,high_maturity,True,English,2.72,True,mature,0.758775,False,,-1,0.08745609,-0.29308063,0.05002307891845703,0.025177057832479477
1048,dubaiprairiperched,high_maturity,False,CLIPese,0.0,True,mature,0.515275,False,,-1,-0.20954438,0.06919799,0.05002307891845703,0.025177057832479477
1049,penduballs,high_maturity,False,CLIPese,0.0,True,mature,0.7134,True,fallback_fill,489,0.04438901,0.14135125,0.05002307891845703,0.025177057832479477
1050,cannonfencing,high_maturity,False,CLIPese,0.0,True,mature,0.755725,True,mature_readable,170,-0.04334766,0.118513055,0.05002307891845703,0.025177057832479477
1051,gorillapixelart,high_maturity,False,CLIPese,0.0,True,mature,0.39964999999999995,False,,-1,0.036232367,-0.038636044,0.05002307891845703,0.025177057832479477
1052,owlmoths,high_maturity,False,CLIPese,0.0,True,mature,0.8834249999999999,True,mature_readable,78,0.24258862,-0.010821543,0.05002307891845703,0.025177057832479477
1053,tibetdogsoftwitter,high_maturity,False,CLIPese,0.0,True,mature,0.25087499999999996,False,,-1,-0.19984064,0.02880705,0.05002307891845703,0.025177057832479477
1054,bunrights,high_maturity,False,CLIPese,0.0,True,mature,0.8954249999999999,True,mature_readable,189,0.0792347,-0.016756106,0.05002307891845703,0.025177057832479477
1055,bandanna,high_maturity,True,English,2.32,True,mature,0.8601,True,mature_readable,233,0.31204057,-0.03230348,0.05002307891845703,0.025177057832479477
1056,taxidercrowneagle,high_maturity,False,CLIPese,0.0,True,mature,0.23485,False,,-1,0.07715037,-0.06891967,0.05002307891845703,0.025177057832479477
1057,calibrscattered,high_maturity,False,CLIPese,0.0,True,mature,0.43300000000000005,False,,-1,-0.11348024,0.01503219,0.05002307891845703,0.025177057832479477
1058,cssdatascience,high_maturity,False,CLIPese,0.0,True,mature,0.6828,True,fallback_fill,497,-0.14387637,-0.112847745,0.05002307891845703,0.025177057832479477
1059,darjegrizzlies,high_maturity,False,CLIPese,0.0,True,mature,0.5073000000000001,False,,-1,-0.016349623,-0.11616947,0.05002307891845703,0.025177057832479477
1060,macedcoyote,high_maturity,False,CLIPese,0.0,True,mature,0.7028249999999998,False,,-1,-0.16856761,-0.1640258,0.05002307891845703,0.025177057832479477
1061,bestfrienddesignwallets,high_maturity,False,CLIPese,0.0,True,mature,0.589425,False,,-1,-0.035837095,0.11331473,0.05002307891845703,0.025177057832479477
1062,rafideerhare,high_maturity,False,CLIPese,0.0,True,mature,0.546575,False,,-1,0.22382034,-0.23454851,0.05002307891845703,0.025177057832479477
1063,monstesneakers,high_maturity,False,CLIPese,0.0,True,mature,0.31744999999999995,False,,-1,-0.06526146,-0.0571165,0.05002307891845703,0.025177057832479477
1064,vonerich,high_maturity,False,CLIPese,0.0,True,mature,0.42810000000000004,False,,-1,0.07511917,-0.10630407,0.05002307891845703,0.025177057832479477
1065,cattmesmeritranquility,high_maturity,False,CLIPese,0.0,True,mature,0.2584,False,,-1,-0.20050564,-0.101706594,0.05002307891845703,0.025177057832479477
1066,bison,high_maturity,True,English,3.26,True,mature,0.8536499999999999,True,mature_readable,158,0.1984418,0.1330782,0.05002307891845703,0.025177057832479477
1067,acarhamburg,high_maturity,False,CLIPese,0.0,True,mature,0.8224499999999999,True,mature_readable,153,-0.13179171,-0.098331906,0.05002307891845703,0.025177057832479477
1068,bodedog,high_maturity,False,CLIPese,0.0,True,mature,0.762275,False,,-1,0.2801193,0.09794795,0.05002307891845703,0.025177057832479477
1069,yugosafarilive,high_maturity,False,CLIPese,0.0,True,mature,0.209175,False,,-1,0.011869355,0.054819506,0.05002307891845703,0.025177057832479477
1070,mayoretriever,high_maturity,False,CLIPese,0.0,True,mature,0.23175,False,,-1,-0.19459826,0.06634871,0.05002307891845703,0.025177057832479477
1071,acroncolours,high_maturity,False,CLIPese,0.0,True,mature,0.29875,False,,-1,0.005566688,-0.12026211,0.05002307891845703,0.025177057832479477
1072,prairiegret,high_maturity,False,CLIPese,0.0,True,mature,0.23302499999999998,False,,-1,-0.064647116,-0.12339867,0.05002307891845703,0.025177057832479477
1073,algorimicroscope,high_maturity,False,CLIPese,0.0,True,mature,0.6882750000000001,False,,-1,-0.35990167,-0.06009165,0.05002307891845703,0.025177057832479477
1074,cyberpackers,high_maturity,False,CLIPese,0.0,True,mature,0.865925,True,mature_readable,155,-0.09745086,0.019331777,0.05002307891845703,0.025177057832479477
1075,dalmatipossum,high_maturity,False,CLIPese,0.0,True,mature,0.37985,False,,-1,-0.1800891,-0.18838431,0.05002307891845703,0.025177057832479477
1076,bulldogs,high_maturity,True,English,3.64,True,mature,0.6002,False,,-1,0.06344095,0.039341822,0.05002307891845703,0.025177057832479477
1077,calibrcorrupt,high_maturity,False,CLIPese,0.0,True,mature,0.2334,False,,-1,-0.030286515,0.029351601,0.05002307891845703,0.025177057832479477
1078,humidigrinder,high_maturity,False,CLIPese,0.0,True,mature,0.8339749999999999,False,,-1,-0.19528319,0.027938642,0.05002307891845703,0.025177057832479477
1079,waratahs,high_maturity,True,English,2.32,True,mature,0.924775,True,mature_readable,58,0.34162134,-0.034692857,0.05002307891845703,0.025177057832479477
1080,bearcat,high_maturity,True,English,2.18,True,mature,0.5680999999999999,False,,-1,0.27770367,-0.040888377,0.05002307891845703,0.025177057832479477
1081,kaleidoimage,high_maturity,False,CLIPese,0.0,True,mature,0.0754,False,,-1,-0.20139207,-0.083107725,0.05002307891845703,0.025177057832479477
1082,mathematzanziebony,high_maturity,False,CLIPese,0.0,True,mature,0.170225,True,mature_weak,421,-0.27987158,-0.22253257,0.05002307891845703,0.025177057832479477
1083,turtlebobcat,high_maturity,False,CLIPese,0.0,True,mature,0.39952499999999996,False,,-1,0.04603966,0.022568552,0.05002307891845703,0.025177057832479477
1084,atarshark,high_maturity,False,CLIPese,0.0,True,mature,0.7997749999999999,True,mature_readable,236,0.0913259,-0.114071175,0.05002307891845703,0.025177057832479477
1085,spraggan,high_maturity,True,English,1.26,True,mature,0.709125,False,,-1,0.13454528,0.1558542,0.05002307891845703,0.025177057832479477
1086,kaleidotroops,high_maturity,False,CLIPese,0.0,True,mature,0.668075,False,,-1,0.11907587,-0.07034286,0.05002307891845703,0.025177057832479477
1087,benfica,high_maturity,True,English,2.97,True,mature,0.8503250000000002,True,mature_readable,159,0.30415952,-0.2493615,0.05002307891845703,0.025177057832479477
1088,boxingh,high_maturity,False,CLIPese,0.0,True,mature,0.7731,False,,-1,-0.004528337,0.0672233,0.05002307891845703,0.025177057832479477
1089,gumbpixels,high_maturity,False,CLIPese,0.0,True,mature,0.417525,False,,-1,0.03564485,-0.22514303,0.05002307891845703,0.025177057832479477
1090,datadigitalart,high_maturity,False,CLIPese,0.0,True,mature,0.145325,False,,-1,-0.25620043,-0.04765197,0.05002307891845703,0.025177057832479477
1091,taxiderbunny,high_maturity,False,CLIPese,0.0,True,mature,0.4672,False,,-1,0.0054521114,0.10683229,0.05002307891845703,0.025177057832479477
1092,containfrisbee,high_maturity,False,CLIPese,0.0,True,mature,0.42895,False,,-1,0.10275421,0.06938096,0.05002307891845703,0.025177057832479477
1093,catwoman,high_maturity,True,English,2.81,True,mature,0.5534250000000001,False,,-1,0.2580326,-0.040176105,0.05002307891845703,0.025177057832479477
1094,fracsharkphotograph,high_maturity,False,CLIPese,0.0,True,mature,0.27415,False,,-1,-0.2687808,-0.042151634,0.05002307891845703,0.025177057832479477
1095,carsondoggie,high_maturity,False,CLIPese,0.0,True,mature,0.6833,False,,-1,-0.10201532,-0.13580169,0.05002307891845703,0.025177057832479477
1096,chromodensity,high_maturity,False,CLIPese,0.0,True,mature,0.5218,False,,-1,-0.1969767,-0.20946124,0.05002307891845703,0.025177057832479477
1097,centrihospitgraph,high_maturity,False,CLIPese,0.0,True,mature,0.33740000000000003,False,,-1,-0.33693427,-0.032861795,0.05002307891845703,0.025177057832479477
1098,schwarzlabrador,high_maturity,False,CLIPese,0.0,True,mature,0.37815,False,,-1,-0.016432004,0.055358306,0.05002307891845703,0.025177057832479477
1099,cycloclip,high_maturity,False,CLIPese,0.0,True,mature,0.594625,False,,-1,0.18485095,-0.024614884,0.05002307891845703,0.025177057832479477
1100,biksymbol,high_maturity,False,CLIPese,0.0,True,mature,0.4057,False,,-1,-0.11230867,-0.007817958,0.05002307891845703,0.025177057832479477
1101,birdowl,high_maturity,False,CLIPese,0.0,True,mature,0.516,False,,-1,0.24970852,0.29362226,0.05002307891845703,0.025177057832479477
1102,spectrocrystallistitchhare,high_maturity,False,CLIPese,0.0,True,mature,0.12497499999999997,True,mature_weak,409,-0.25300163,-0.03007459,0.05002307891845703,0.025177057832479477
1103,eritsyrianmarjmouse,high_maturity,False,CLIPese,0.0,True,mature,0.410925,False,,-1,-0.30088642,-0.05650728,0.05002307891845703,0.025177057832479477
1104,cloudbot,high_maturity,False,CLIPese,0.0,True,mature,0.8107000000000001,True,mature_readable,145,0.13094504,-0.018249597,0.05002307891845703,0.025177057832479477
1105,bubbooooooooooooooooglobrendered,high_maturity,False,CLIPese,0.0,True,mature,0.1616,False,,-1,0.079246186,0.13682918,0.05002307891845703,0.025177057832479477
1106,pygfrog,high_maturity,False,CLIPese,0.0,True,mature,0.45447499999999996,False,,-1,-0.07812301,0.04568407,0.05002307891845703,0.025177057832479477
1107,anarchitwenty,high_maturity,False,CLIPese,0.0,True,mature,0.33355,False,,-1,0.01726527,-0.04725342,0.05002307891845703,0.025177057832479477
1108,approachladybug,high_maturity,False,CLIPese,0.0,True,mature,0.4466,False,,-1,-0.16750969,0.13671696,0.05002307891845703,0.025177057832479477
1109,orangupixelart,high_maturity,False,CLIPese,0.0,True,mature,0.054125,True,mature_weak,428,-0.23540679,0.20635553,0.05002307891845703,0.025177057832479477
1110,asburypark,high_maturity,False,CLIPese,0.0,True,mature,0.767525,True,mature_readable,246,-0.15100582,0.083631426,0.05002307891845703,0.025177057832479477
1111,hakkasan,high_maturity,True,English,1.68,True,mature,0.5940000000000001,False,,-1,0.043463003,-0.26309112,0.05002307891845703,0.025177057832479477
1112,pugrobots,high_maturity,False,CLIPese,0.0,True,mature,0.908725,True,mature_readable,86,0.322516,0.08966161,0.05002307891845703,0.025177057832479477
1113,kaleidotexture,high_maturity,False,CLIPese,0.0,True,mature,0.1143,False,,-1,-0.12878163,-0.107577935,0.05002307891845703,0.025177057832479477
1114,mandelbbcfrequency,high_maturity,False,CLIPese,0.0,True,mature,0.53735,False,,-1,-0.24751392,-0.053549815,0.05002307891845703,0.025177057832479477
1115,croeagle,high_maturity,False,CLIPese,0.0,True,mature,0.67735,True,fallback_fill,503,-0.06744562,0.24584755,0.05002307891845703,0.025177057832479477
1116,dyncylinders,high_maturity,False,CLIPese,0.0,True,mature,0.4537,False,,-1,-0.1928823,-0.0008273512,0.05002307891845703,0.025177057832479477
1117,ukedbundecarnaval,high_maturity,False,CLIPese,0.0,True,mature,0.462375,False,,-1,-0.029146811,0.09476101,0.05002307891845703,0.025177057832479477
1118,gigabzoimpressionist,high_maturity,False,CLIPese,0.0,True,mature,0.19847499999999998,False,,-1,-0.31788456,0.21333696,0.05002307891845703,0.025177057832479477
1119,humidiarduino,high_maturity,False,CLIPese,0.0,True,mature,0.8350250000000001,True,mature_readable,106,-0.12505955,-0.08420753,0.05002307891845703,0.025177057832479477
1120,cotswpolice,high_maturity,False,CLIPese,0.0,True,mature,0.508175,False,,-1,-0.06911726,0.18594342,0.05002307891845703,0.025177057832479477
1121,dendfractal,high_maturity,False,CLIPese,0.0,True,mature,0.363275,False,,-1,0.35539785,-0.06940928,0.05002307891845703,0.025177057832479477
1122,camels,high_maturity,True,English,3.3,True,mature,0.83075,True,mature_readable,205,0.13755736,-0.2381101,0.05002307891845703,0.025177057832479477
1123,louboutplatform,high_maturity,False,CLIPese,0.0,True,mature,0.1637,False,,-1,-0.30772144,0.07083704,0.05002307891845703,0.025177057832479477
1124,manipulkaleidopsychedelic,high_maturity,False,CLIPese,0.0,True,mature,0.02275,True,mature_weak,411,-0.23911756,-0.016478848,0.05002307891845703,0.025177057832479477
1125,finitycuberender,high_maturity,False,CLIPese,0.0,True,mature,0.35207499999999997,False,,-1,-0.097090006,-0.01099124,0.05002307891845703,0.025177057832479477
1126,antelope,high_maturity,True,English,3.08,True,mature,0.80735,True,mature_readable,165,0.048156645,0.12474866,0.05002307891845703,0.025177057832479477
1127,calibraltman,high_maturity,False,CLIPese,0.0,True,mature,0.26625,False,,-1,-0.2028059,0.01596192,0.05002307891845703,0.025177057832479477
1128,chromato,high_maturity,False,CLIPese,0.0,True,mature,0.66025,False,,-1,-0.013728697,-0.40483263,0.05002307891845703,0.025177057832479477
1129,maddieroblox,high_maturity,False,CLIPese,0.0,True,mature,0.58005,False,,-1,-0.12657006,0.0124057075,0.05002307891845703,0.025177057832479477
1130,huarnvidia,high_maturity,False,CLIPese,0.0,True,mature,0.24520000000000003,False,,-1,-0.026991548,0.021683263,0.05002307891845703,0.025177057832479477
1131,sphercamouflage,high_maturity,False,CLIPese,0.0,True,mature,0.166075,True,mature_weak,418,-0.1974089,0.03639707,0.05002307891845703,0.025177057832479477
1132,costabrava,high_maturity,False,CLIPese,0.0,True,mature,0.585475,False,,-1,0.09102968,-0.12881522,0.05002307891845703,0.025177057832479477
1133,bonemacht,high_maturity,False,CLIPese,0.0,True,mature,0.9113249999999999,True,mature_readable,83,-0.15991618,-0.19623414,0.05002307891845703,0.025177057832479477
1134,chromofilament,high_maturity,False,CLIPese,0.0,True,mature,0.30312500000000003,False,,-1,-0.1501475,-0.2903943,0.05002307891845703,0.025177057832479477
1135,llandvineyard,high_maturity,False,CLIPese,0.0,True,mature,0.373725,False,,-1,-0.22607154,0.058216326,0.05002307891845703,0.025177057832479477
1136,kaleidobowl,high_maturity,False,CLIPese,0.0,True,mature,0.631575,False,,-1,0.20262769,0.14094421,0.05002307891845703,0.025177057832479477
1137,tikplush,high_maturity,False,CLIPese,0.0,True,mature,0.6307999999999999,False,,-1,-0.061491176,0.17005429,0.05002307891845703,0.025177057832479477
1138,quatcauliflower,high_maturity,False,CLIPese,0.0,True,mature,0.477825,False,,-1,0.020315405,0.15388143,0.05002307891845703,0.025177057832479477
1139,mandelopticvirus,high_maturity,False,CLIPese,0.0,True,mature,0.43929999999999997,False,,-1,-0.2670835,0.103548296,0.05002307891845703,0.025177057832479477
1140,cloukitties,high_maturity,False,CLIPese,0.0,True,mature,0.48729999999999996,False,,-1,0.09406473,0.031536803,0.05002307891845703,0.025177057832479477
1141,akkineni,high_maturity,True,English,1.37,True,mature,0.1009,True,mature_weak,401,0.25616542,0.20982437,0.05002307891845703,0.025177057832479477
1142,badrinath,high_maturity,True,English,2.11,True,mature,0.64035,False,,-1,-0.16099694,0.09164523,0.05002307891845703,0.025177057832479477
1143,miniaturepuppies,high_maturity,False,CLIPese,0.0,True,mature,0.58,False,,-1,-0.15216067,0.006353467,0.05002307891845703,0.025177057832479477
1144,wildwildcat,high_maturity,False,CLIPese,0.0,True,mature,0.37992499999999996,False,,-1,-0.021409255,0.33324814,0.05002307891845703,0.025177057832479477
1145,brocpoodle,high_maturity,False,CLIPese,0.0,True,mature,0.8347,True,mature_readable,136,0.17714153,0.071773075,0.05002307891845703,0.025177057832479477
1146,chromocomb,high_maturity,False,CLIPese,0.0,True,mature,0.425675,False,,-1,-0.089175574,-0.45599788,0.05002307891845703,0.025177057832479477
1147,doppelgchihuahu,high_maturity,False,CLIPese,0.0,True,mature,0.4845999999999999,False,,-1,0.057213068,0.2562868,0.05002307891845703,0.025177057832479477
1148,dalmatimacedcow,high_maturity,False,CLIPese,0.0,True,mature,0.5897249999999999,False,,-1,-0.32571718,-0.030162606,0.05002307891845703,0.025177057832479477
1149,catcircle,high_maturity,False,CLIPese,0.0,True,mature,0.749225,False,,-1,0.27433002,0.019173888,0.05002307891845703,0.025177057832479477
1150,paolopixelart,high_maturity,False,CLIPese,0.0,True,mature,0.25915,False,,-1,-0.28745604,0.20500919,0.05002307891845703,0.025177057832479477
1151,squidgroot,high_maturity,False,CLIPese,0.0,True,mature,0.5888,False,,-1,-0.15251479,0.1142963,0.05002307891845703,0.025177057832479477
1152,bbcfracaligned,high_maturity,False,CLIPese,0.0,True,mature,0.609,False,,-1,-0.22662677,0.07527906,0.05002307891845703,0.025177057832479477
1153,birdbacks,high_maturity,False,CLIPese,0.0,True,mature,0.399575,False,,-1,0.1797947,0.010618429,0.05002307891845703,0.025177057832479477
1154,nikuman,high_maturity,False,CLIPese,0.0,True,mature,0.671125,False,,-1,0.1821375,-0.2571823,0.05002307891845703,0.025177057832479477
1155,jennyfreud,high_maturity,False,CLIPese,0.0,True,mature,0.796925,True,mature_readable,169,-0.19849293,-0.09656939,0.05002307891845703,0.025177057832479477
1156,labrasenegal,high_maturity,False,CLIPese,0.0,True,mature,0.302975,False,,-1,-0.15498643,0.07621596,0.05002307891845703,0.025177057832479477
1157,windosorting,high_maturity,False,CLIPese,0.0,True,mature,0.620725,False,,-1,-0.1198967,0.27651957,0.05002307891845703,0.025177057832479477
1158,dalmatigoats,high_maturity,False,CLIPese,0.0,True,mature,0.522275,False,,-1,-0.23597373,0.07369005,0.05002307891845703,0.025177057832479477
1159,ergonloaf,high_maturity,False,CLIPese,0.0,True,mature,0.633525,False,,-1,0.031793863,0.04253815,0.05002307891845703,0.025177057832479477
1160,doglochewbacca,high_maturity,False,CLIPese,0.0,True,mature,0.610825,False,,-1,0.37561202,0.0076706363,0.05002307891845703,0.025177057832479477
1161,afghanistan,high_maturity,True,English,4.23,True,mature,0.45780000000000004,False,,-1,-0.16919556,0.13637668,0.05002307891845703,0.025177057832479477
1162,jurassicmonitor,high_maturity,False,CLIPese,0.0,True,mature,0.885475,True,mature_readable,67,-0.30439606,0.06277152,0.05002307891845703,0.025177057832479477
1163,mandelpanorama,high_maturity,False,CLIPese,0.0,True,mature,0.21275000000000002,False,,-1,-0.36929777,-0.091718696,0.05002307891845703,0.025177057832479477
1164,oscarpolaroid,high_maturity,False,CLIPese,0.0,True,mature,0.520875,False,,-1,0.11071426,-0.034241218,0.05002307891845703,0.025177057832479477
1165,seungcarpets,high_maturity,False,CLIPese,0.0,True,mature,0.7293750000000001,True,mature_readable,224,-0.13425003,0.09667587,0.05002307891845703,0.025177057832479477
1166,cocacola,high_maturity,True,English,1.62,True,mature,0.60225,False,,-1,0.21918957,-0.045262035,0.05002307891845703,0.025177057832479477
1167,taxideryosemite,high_maturity,False,CLIPese,0.0,True,mature,0.387875,False,,-1,-0.25750282,-0.08479436,0.05002307891845703,0.025177057832479477
1168,taxiderdeer,high_maturity,False,CLIPese,0.0,True,mature,0.4062,False,,-1,-0.18874915,0.030200649,0.05002307891845703,0.025177057832479477
1169,cessna,high_maturity,True,English,2.82,True,mature,0.5879,False,,-1,0.2981611,-0.16544856,0.05002307891845703,0.025177057832479477
1170,databvomit,high_maturity,False,CLIPese,0.0,True,mature,0.3972,False,,-1,-0.030736633,-0.14192885,0.05002307891845703,0.025177057832479477
1171,corbinwwe,high_maturity,False,CLIPese,0.0,True,mature,0.86685,True,mature_readable,131,0.12386309,0.36828735,0.05002307891845703,0.025177057832479477
1172,eritdoggo,high_maturity,False,CLIPese,0.0,True,mature,0.842675,True,mature_readable,208,0.2237244,0.043052934,0.05002307891845703,0.025177057832479477
1173,avengersinfinity,high_maturity,False,CLIPese,0.0,True,mature,0.7846249999999999,True,mature_readable,157,-0.040818427,0.1819217,0.05002307891845703,0.025177057832479477
1174,quetball,high_maturity,False,CLIPese,0.0,True,mature,0.8251499999999999,True,mature_readable,138,0.3349383,-0.008841588,0.05002307891845703,0.025177057832479477
1175,cartoondecomachinelearning,high_maturity,False,CLIPese,0.0,True,mature,0.28385,False,,-1,-0.15571046,-0.06928231,0.05002307891845703,0.025177057832479477
1176,wozniacki,high_maturity,True,English,2.44,True,mature,0.313775,False,,-1,0.27551097,0.07289628,0.05002307891845703,0.025177057832479477
1177,sushmitasen,high_maturity,False,CLIPese,0.0,True,mature,0.269625,False,,-1,-0.098112725,-0.2187037,0.05002307891845703,0.025177057832479477
1178,chairs,high_maturity,True,English,4.02,True,mature,0.5867,False,,-1,0.27268094,-0.0538026,0.05002307891845703,0.025177057832479477
1179,crystscrambled,high_maturity,False,CLIPese,0.0,True,mature,0.394575,False,,-1,0.021964885,-0.15736759,0.05002307891845703,0.025177057832479477
1180,mannescp,high_maturity,False,CLIPese,0.0,True,mature,0.52675,False,,-1,0.14719191,-0.2221055,0.05002307891845703,0.025177057832479477
1181,schwarzcoyote,high_maturity,False,CLIPese,0.0,True,mature,0.742925,True,mature_readable,275,-0.14092842,0.17706287,0.05002307891845703,0.025177057832479477
1182,calibrglitch,high_maturity,False,CLIPese,0.0,True,mature,0.159375,False,,-1,-0.18562402,0.21283653,0.05002307891845703,0.025177057832479477
1183,tankian,high_maturity,True,English,1.54,True,mature,0.6255750000000001,False,,-1,0.17291139,-0.187339,0.05002307891845703,0.025177057832479477
1184,firstdogon,high_maturity,False,CLIPese,0.0,True,mature,0.8126249999999999,True,mature_readable,102,-0.03543812,0.005044874,0.05002307891845703,0.025177057832479477
1185,swoggle,high_maturity,False,CLIPese,0.0,True,mature,0.534825,False,,-1,0.25794885,0.35495132,0.05002307891845703,0.025177057832479477
1186,screamdoggo,high_maturity,False,CLIPese,0.0,True,mature,0.559075,False,,-1,-0.15740657,-0.11982213,0.05002307891845703,0.025177057832479477
1187,turisphinx,high_maturity,False,CLIPese,0.0,True,mature,0.4314,False,,-1,-0.1932685,0.113697074,0.05002307891845703,0.025177057832479477
1188,babyunsplash,high_maturity,False,CLIPese,0.0,True,mature,0.5675,False,,-1,-0.2048697,0.19991376,0.05002307891845703,0.025177057832479477
1189,capacitors,high_maturity,True,English,3.0,True,mature,0.926175,True,mature_readable,62,0.1905042,-0.032521833,0.05002307891845703,0.025177057832479477
1190,chromotrippy,high_maturity,False,CLIPese,0.0,True,mature,0.521825,False,,-1,-0.26533845,-0.040936638,0.05002307891845703,0.025177057832479477
1191,crates,high_maturity,True,English,3.28,True,mature,0.843225,True,orthographic_hard,27,0.35418713,0.045636155,0.05002307891845703,0.025177057832479477
1192,battlefrontii,high_maturity,False,CLIPese,0.0,True,mature,0.5640000000000001,False,,-1,-0.18139315,-0.0243478,0.05002307891845703,0.025177057832479477
1193,anarcherase,high_maturity,False,CLIPese,0.0,True,mature,0.590025,False,,-1,0.17743473,0.11147747,0.05002307891845703,0.025177057832479477
1194,flowermadhuridixit,high_maturity,False,CLIPese,0.0,True,mature,0.15725,True,mature_weak,432,-0.19078882,-0.108936764,0.05002307891845703,0.025177057832479477
1195,jerobo,high_maturity,False,CLIPese,0.0,True,mature,0.4289,False,,-1,-0.05421515,-0.08646977,0.05002307891845703,0.025177057832479477
1196,cilclip,high_maturity,False,CLIPese,0.0,True,mature,0.641625,False,,-1,0.13254935,0.052812014,0.05002307891845703,0.025177057832479477
1197,tajifireworks,high_maturity,False,CLIPese,0.0,True,mature,0.7711999999999999,True,mature_readable,142,-0.08105054,0.29226136,0.05002307891845703,0.025177057832479477
1198,androidspiders,high_maturity,False,CLIPese,0.0,True,mature,0.8314499999999999,True,mature_readable,141,-0.030103762,-0.046335764,0.05002307891845703,0.025177057832479477
1199,pygtoad,high_maturity,False,CLIPese,0.0,True,mature,0.294375,False,,-1,0.14312921,0.07714866,0.05002307891845703,0.025177057832479477
1200,fluoreelf,high_maturity,False,CLIPese,0.0,True,mature,0.37222500000000003,False,,-1,0.063554786,0.24438475,0.05002307891845703,0.025177057832479477
1201,dictatpixelart,high_maturity,False,CLIPese,0.0,True,mature,0.146875,False,,-1,-0.333584,0.18942125,0.05002307891845703,0.025177057832479477
1202,autupixels,high_maturity,False,CLIPese,0.0,True,mature,0.400725,False,,-1,0.064613536,0.1764175,0.05002307891845703,0.025177057832479477
1203,ahmedabad,high_maturity,True,English,3.08,True,mature,0.7902750000000001,False,,-1,-0.19272628,-0.094349936,0.05002307891845703,0.025177057832479477
1204,sanitibuggy,high_maturity,False,CLIPese,0.0,True,mature,0.474925,False,,-1,-0.11020419,0.18308215,0.05002307891845703,0.025177057832479477
1205,bashtexture,high_maturity,False,CLIPese,0.0,True,mature,0.60465,True,orthographic_hard,13,-0.13547172,0.093581654,0.05002307891845703,0.025177057832479477
1206,crimea,high_maturity,True,English,3.45,True,mature,0.817275,True,mature_readable,204,0.08425831,-0.22050479,0.05002307891845703,0.025177057832479477
1207,luxembourdachshund,high_maturity,False,CLIPese,0.0,True,mature,0.549325,False,,-1,-0.00925858,-0.06687837,0.05002307891845703,0.025177057832479477
1208,boeing,high_maturity,True,English,3.8,True,mature,0.8814000000000001,True,mature_readable,96,0.34300807,0.0026070455,0.05002307891845703,0.025177057832479477
1209,centisphercircle,high_maturity,False,CLIPese,0.0,True,mature,0.1737,False,,-1,-0.03367377,-0.089481585,0.05002307891845703,0.025177057832479477
1210,kaleidorollercoaster,high_maturity,False,CLIPese,0.0,True,mature,0.5788,False,,-1,-0.24249893,0.104877256,0.05002307891845703,0.025177057832479477
1211,bundedefence,high_maturity,False,CLIPese,0.0,True,mature,0.657825,False,,-1,0.07308759,-0.0110715525,0.05002307891845703,0.025177057832479477
1212,retarkaleidotexture,high_maturity,False,CLIPese,0.0,True,mature,0.194525,False,,-1,-0.0138715785,-0.20819017,0.05002307891845703,0.025177057832479477
1213,loafcubes,high_maturity,False,CLIPese,0.0,True,mature,0.5978000000000001,False,,-1,0.11802319,-0.15414518,0.05002307891845703,0.025177057832479477
1214,rottweiler,high_maturity,True,English,2.59,True,mature,0.35015,False,,-1,0.00375937,0.08574193,0.05002307891845703,0.025177057832479477
1215,counterfealgorithm,high_maturity,False,CLIPese,0.0,True,mature,0.27497499999999997,False,,-1,-0.23158465,-0.055140838,0.05002307891845703,0.025177057832479477
1216,schnauhorrifying,high_maturity,False,CLIPese,0.0,True,mature,0.25655,False,,-1,-0.09746325,0.110456936,0.05002307891845703,0.025177057832479477
1217,beetles,high_maturity,True,English,3.34,True,mature,0.7897,True,mature_readable,280,0.21429153,0.011067628,0.05002307891845703,0.025177057832479477
1218,mathematseizure,high_maturity,False,CLIPese,0.0,True,mature,0.24577499999999997,False,,-1,-0.13060758,-0.15597157,0.05002307891845703,0.025177057832479477
1219,kwiquizzclippuppet,high_maturity,False,CLIPese,0.0,True,mature,0.6238499999999999,False,,-1,0.009134678,0.21379527,0.05002307891845703,0.025177057832479477
1220,taxideriamsrk,high_maturity,False,CLIPese,0.0,True,mature,0.77295,True,mature_readable,168,-0.19546846,-0.18401414,0.05002307891845703,0.025177057832479477
1221,crabheidelberg,high_maturity,False,CLIPese,0.0,True,mature,0.610875,False,,-1,-0.22719026,0.064518824,0.05002307891845703,0.025177057832479477
1222,pomegranshadowhunters,high_maturity,False,CLIPese,0.0,True,mature,0.361,False,,-1,-0.13162924,-0.15746644,0.05002307891845703,0.025177057832479477
1223,nehakakkar,high_maturity,False,CLIPese,0.0,True,mature,0.42367499999999997,False,,-1,-0.103807755,0.038198043,0.05002307891845703,0.025177057832479477
1224,fumfum,high_maturity,False,CLIPese,0.0,True,mature,0.623375,False,,-1,0.1087924,-0.24509141,0.05002307891845703,0.025177057832479477
1225,cucumber,high_maturity,True,English,3.41,True,mature,0.78545,True,mature_readable,232,0.2468782,-0.13395563,0.05002307891845703,0.025177057832479477
1226,kaleidojellyfish,high_maturity,False,CLIPese,0.0,True,mature,0.253625,False,,-1,-0.16492066,0.04044708,0.05002307891845703,0.025177057832479477
1227,louboutpedagounicorn,high_maturity,False,CLIPese,0.0,True,mature,0.27899999999999997,False,,-1,-0.2521304,0.20190948,0.05002307891845703,0.025177057832479477
1228,purrzoomdimensions,high_maturity,False,CLIPese,0.0,True,mature,0.44089999999999996,False,,-1,-0.3331158,0.0908726,0.05002307891845703,0.025177057832479477
1229,brainsynthesizer,high_maturity,False,CLIPese,0.0,True,mature,0.524525,False,,-1,0.016653119,-0.36703417,0.05002307891845703,0.025177057832479477
1230,adjeclithuconverter,high_maturity,False,CLIPese,0.0,True,mature,0.177675,True,mature_weak,439,-0.023566043,0.0158106,0.05002307891845703,0.025177057832479477
1231,fluorblurred,high_maturity,False,CLIPese,0.0,True,mature,0.618625,False,,-1,0.29532078,0.088000916,0.05002307891845703,0.025177057832479477
1232,beachhotties,high_maturity,False,CLIPese,0.0,True,mature,0.639775,False,,-1,0.10917597,0.05756719,0.05002307891845703,0.025177057832479477
1233,dahlia,high_maturity,True,English,2.86,True,mature,0.40377500000000005,False,,-1,0.0008886995,0.1797631,0.05002307891845703,0.025177057832479477
1234,contenttextures,high_maturity,False,CLIPese,0.0,True,mature,0.4093,False,,-1,-0.09387472,0.0925835,0.05002307891845703,0.025177057832479477
1235,cliphappyvalentinesday,high_maturity,False,CLIPese,0.0,True,mature,0.7061249999999999,False,,-1,-0.054041985,-0.09985476,0.05002307891845703,0.025177057832479477
1236,boostsneakers,high_maturity,False,CLIPese,0.0,True,mature,0.8323499999999999,True,mature_readable,126,-0.06064571,-0.023365982,0.05002307891845703,0.025177057832479477
1237,albanian,high_maturity,True,English,3.25,True,mature,0.417275,False,,-1,0.41592968,0.070712514,0.05002307891845703,0.025177057832479477
1238,textmandelpollock,high_maturity,False,CLIPese,0.0,True,mature,0.27795000000000003,False,,-1,-0.16872728,-0.043549955,0.05002307891845703,0.025177057832479477
1239,kaleidosonar,high_maturity,False,CLIPese,0.0,True,mature,0.40947500000000003,False,,-1,-0.24760284,-0.06816963,0.05002307891845703,0.025177057832479477
1240,wicke,high_maturity,True,English,1.69,True,mature,0.8473999999999999,True,mature_readable,123,0.40554032,0.31505832,0.05002307891845703,0.025177057832479477
1241,ascispaghetti,high_maturity,False,CLIPese,0.0,True,mature,0.642075,False,,-1,-0.19223927,0.16664122,0.05002307891845703,0.025177057832479477
1242,oranguchihuahua,high_maturity,False,CLIPese,0.0,True,mature,0.201575,False,,-1,-0.23288938,0.17553547,0.05002307891845703,0.025177057832479477
1243,shipyroblox,high_maturity,False,CLIPese,0.0,True,mature,0.746675,True,mature_readable,182,0.02543387,0.04500381,0.05002307891845703,0.025177057832479477
1244,bunnic,high_maturity,False,CLIPese,0.0,True,mature,0.8348,False,,-1,0.3695082,0.013376441,0.05002307891845703,0.025177057832479477
1245,baahubali,high_maturity,True,English,2.26,True,mature,0.7811499999999998,False,,-1,0.28673157,0.055774506,0.05002307891845703,0.025177057832479477
1246,taxiderowl,high_maturity,False,CLIPese,0.0,True,mature,0.5009250000000001,False,,-1,0.28641877,0.122530885,0.05002307891845703,0.025177057832479477
1247,cnblue,high_maturity,True,English,1.65,True,mature,0.750825,True,mature_readable,264,0.14844003,0.098733395,0.05002307891845703,0.025177057832479477
1248,puzziyaki,high_maturity,False,CLIPese,0.0,True,mature,0.4296,False,,-1,0.2021395,0.27998635,0.05002307891845703,0.025177057832479477
1249,orangumedusa,high_maturity,False,CLIPese,0.0,True,mature,0.20225,False,,-1,-0.15974171,-0.0458036,0.05002307891845703,0.025177057832479477
1250,taxiderrendering,high_maturity,False,CLIPese,0.0,True,mature,0.35752500000000004,False,,-1,0.057120655,-0.08025776,0.05002307891845703,0.025177057832479477
1251,gyneraptor,high_maturity,False,CLIPese,0.0,True,mature,0.8139,True,mature_readable,186,-0.08030391,0.0021058896,0.05002307891845703,0.025177057832479477
1252,joshuatree,high_maturity,False,CLIPese,0.0,True,mature,0.23779999999999998,False,,-1,0.016604805,0.0750651,0.05002307891845703,0.025177057832479477
1253,baatar,high_maturity,True,English,1.26,True,mature,0.5953999999999999,False,,-1,0.3460659,0.06049682,0.05002307891845703,0.025177057832479477
1254,snorkelsafarilive,high_maturity,False,CLIPese,0.0,True,mature,0.09947500000000001,True,mature_weak,388,-0.10557021,-0.043405075,0.05002307891845703,0.025177057832479477
1255,calibrseed,high_maturity,False,CLIPese,0.0,True,mature,0.794225,False,,-1,-0.0060329926,-0.029534861,0.05002307891845703,0.025177057832479477
1256,winemeatlessjovi,high_maturity,False,CLIPese,0.0,True,mature,0.770275,True,mature_readable,231,-0.14356892,0.21888131,0.05002307891845703,0.025177057832479477
1257,voxdigitalart,high_maturity,False,CLIPese,0.0,True,mature,0.137075,False,,-1,-0.2747047,0.0900836,0.05002307891845703,0.025177057832479477
1258,polyglo,high_maturity,False,CLIPese,0.0,True,mature,0.592175,False,,-1,0.15266022,-0.06545192,0.05002307891845703,0.025177057832479477
1259,canadianvatican,high_maturity,False,CLIPese,0.0,True,mature,0.60275,False,,-1,-0.11311703,0.20097272,0.05002307891845703,0.025177057832479477
1260,budapest,high_maturity,True,English,3.55,True,mature,0.62375,False,,-1,-0.09601231,0.14611371,0.05002307891845703,0.025177057832479477
1261,bunbund,high_maturity,False,CLIPese,0.0,True,mature,0.9156249999999999,True,mature_readable,80,0.40442327,0.107797146,0.05002307891845703,0.025177057832479477
1262,androidstreetart,high_maturity,False,CLIPese,0.0,True,mature,0.27940000000000004,False,,-1,0.09448853,0.022155,0.05002307891845703,0.025177057832479477
1263,kidnappdolphins,high_maturity,False,CLIPese,0.0,True,mature,0.605725,False,,-1,-0.096037306,-0.0259462,0.05002307891845703,0.025177057832479477
1264,stpauli,high_maturity,False,CLIPese,0.0,True,mature,0.211875,False,,-1,0.036059637,0.10822674,0.05002307891845703,0.025177057832479477
1265,occupyazores,high_maturity,False,CLIPese,0.0,True,mature,0.6511250000000001,False,,-1,0.046434827,0.15455349,0.05002307891845703,0.025177057832479477
1266,crystfuzzy,high_maturity,False,CLIPese,0.0,True,mature,0.6853499999999999,False,,-1,0.117334075,-0.20719741,0.05002307891845703,0.025177057832479477
1267,kilotetris,high_maturity,False,CLIPese,0.0,True,mature,0.5525500000000001,False,,-1,-0.17231993,0.1015272,0.05002307891845703,0.025177057832479477
1268,mongochihuahua,high_maturity,False,CLIPese,0.0,True,mature,0.2996,False,,-1,-0.22616822,0.068237066,0.05002307891845703,0.025177057832479477
1269,cloudoj,high_maturity,False,CLIPese,0.0,True,mature,0.324075,False,,-1,0.26247847,0.10521686,0.05002307891845703,0.025177057832479477
1270,alkcatday,high_maturity,False,CLIPese,0.0,True,mature,0.7907499999999998,True,mature_readable,188,-0.062565856,0.004729889,0.05002307891845703,0.025177057832479477
1271,computurnpike,high_maturity,False,CLIPese,0.0,True,mature,0.46737500000000004,False,,-1,-0.177982,-0.19437036,0.05002307891845703,0.025177057832479477
1272,corkgaa,high_maturity,False,CLIPese,0.0,True,mature,0.85065,True,mature_readable,161,0.30780467,-0.094080865,0.05002307891845703,0.025177057832479477
1273,starcruises,high_maturity,False,CLIPese,0.0,True,mature,0.7544,True,mature_readable,235,0.28094932,-0.08016401,0.05002307891845703,0.025177057832479477
1274,appalachrobotic,high_maturity,False,CLIPese,0.0,True,mature,0.504475,False,,-1,-0.20237073,0.13743317,0.05002307891845703,0.025177057832479477
1275,mandelcyberpng,high_maturity,False,CLIPese,0.0,True,mature,0.6016,False,,-1,-0.23344839,-0.10510562,0.05002307891845703,0.025177057832479477
1276,chromoassorted,high_maturity,False,CLIPese,0.0,True,mature,0.228375,False,,-1,-0.08588212,-0.32996207,0.05002307891845703,0.025177057832479477
1277,chives,high_maturity,True,English,2.62,True,mature,0.731925,False,,-1,0.34941453,0.04552822,0.05002307891845703,0.025177057832479477
1278,kyrgydoggie,high_maturity,False,CLIPese,0.0,True,mature,0.37425,False,,-1,-0.19193451,0.10509599,0.05002307891845703,0.025177057832479477
1279,knuoctooctopus,high_maturity,False,CLIPese,0.0,True,mature,0.6259,False,,-1,0.0063772444,0.046418868,0.05002307891845703,0.025177057832479477
1280,pomercoyotes,high_maturity,False,CLIPese,0.0,True,mature,0.7437750000000001,False,,-1,-0.2885825,-0.14849114,0.05002307891845703,0.025177057832479477
1281,lewancollie,high_maturity,False,CLIPese,0.0,True,mature,0.203525,False,,-1,-0.1929674,0.27998558,0.05002307891845703,0.025177057832479477
1282,kookabur,high_maturity,False,CLIPese,0.0,True,mature,0.5448500000000001,False,,-1,0.3311459,0.07731765,0.05002307891845703,0.025177057832479477
1283,bumbleeface,high_maturity,False,CLIPese,0.0,True,mature,0.637525,False,,-1,-0.02486366,0.013427906,0.05002307891845703,0.025177057832479477
1284,zoimagegogh,high_maturity,False,CLIPese,0.0,True,mature,0.24785000000000001,False,,-1,-0.3336074,-0.07416812,0.05002307891845703,0.025177057832479477
1285,onedayat,high_maturity,False,CLIPese,0.0,True,mature,0.470625,False,,-1,-0.044437177,0.078765854,0.05002307891845703,0.025177057832479477
1286,waverautodesk,high_maturity,False,CLIPese,0.0,True,mature,0.54945,False,,-1,-0.14894557,0.101210125,0.05002307891845703,0.025177057832479477
1287,barktasmanian,high_maturity,False,CLIPese,0.0,True,mature,0.758225,True,mature_readable,226,0.05019496,0.017582325,0.05002307891845703,0.025177057832479477
1288,cbsfrequency,high_maturity,False,CLIPese,0.0,True,mature,0.79735,False,,-1,-0.09100502,-0.044917617,0.05002307891845703,0.025177057832479477
1289,bbccursor,high_maturity,False,CLIPese,0.0,True,mature,0.719675,False,,-1,0.12513988,-0.1715261,0.05002307891845703,0.025177057832479477
1290,kittydispenser,high_maturity,False,CLIPese,0.0,True,mature,0.2801,False,,-1,-0.22400805,-0.030262219,0.05002307891845703,0.025177057832479477
1291,bathrofaucet,high_maturity,False,CLIPese,0.0,True,mature,0.37770000000000004,False,,-1,-0.0699189,-0.041114036,0.05002307891845703,0.025177057832479477
1292,pumpkinmutations,high_maturity,False,CLIPese,0.0,True,mature,0.530725,False,,-1,-0.27616802,0.021487689,0.05002307891845703,0.025177057832479477
1293,mosasikturkeys,high_maturity,False,CLIPese,0.0,True,mature,0.6855500000000001,True,fallback_fill,487,0.18907574,0.017627178,0.05002307891845703,0.025177057832479477
1294,louboutdiscarded,high_maturity,False,CLIPese,0.0,True,mature,0.191625,False,,-1,-0.1648248,0.12838796,0.05002307891845703,0.025177057832479477
1295,tamannaah,high_maturity,True,English,1.41,True,mature,0.308025,False,,-1,0.010665854,-0.20665416,0.05002307891845703,0.025177057832479477
1296,gorillafractal,high_maturity,False,CLIPese,0.0,True,mature,0.48990000000000006,False,,-1,0.103372686,-0.12690446,0.05002307891845703,0.025177057832479477
1297,smolloaf,high_maturity,False,CLIPese,0.0,True,mature,0.7510499999999999,True,mature_readable,241,0.08320737,-0.061130147,0.05002307891845703,0.025177057832479477
1298,menstruskrillex,high_maturity,False,CLIPese,0.0,True,mature,0.6264000000000001,False,,-1,-0.21151948,-0.15669112,0.05002307891845703,0.025177057832479477
1299,ageofultron,high_maturity,False,CLIPese,0.0,True,mature,0.467325,False,,-1,0.051631648,0.10365398,0.05002307891845703,0.025177057832479477
1300,itercubecubes,high_maturity,False,CLIPese,0.0,True,mature,0.36892499999999995,False,,-1,0.009433944,0.105771214,0.05002307891845703,0.025177057832479477
1301,fertilioreo,high_maturity,False,CLIPese,0.0,True,mature,0.47114999999999996,False,,-1,0.058524664,-0.02690122,0.05002307891845703,0.025177057832479477
1302,trishstratus,high_maturity,False,CLIPese,0.0,True,mature,0.401925,False,,-1,-0.0019364508,-0.0004889804,0.05002307891845703,0.025177057832479477
1303,loubouttoire,high_maturity,False,CLIPese,0.0,True,mature,0.350525,False,,-1,0.079324804,0.04115876,0.05002307891845703,0.025177057832479477
1304,algoripunctuation,high_maturity,False,CLIPese,0.0,True,mature,0.077075,True,mature_weak,378,-0.1392642,0.099503614,0.05002307891845703,0.025177057832479477
1305,kaleidotwister,high_maturity,False,CLIPese,0.0,True,mature,0.41207499999999997,False,,-1,-0.21377423,0.19464336,0.05002307891845703,0.025177057832479477
1306,loafblackbird,high_maturity,False,CLIPese,0.0,True,mature,0.5619,False,,-1,0.10064222,-0.019550174,0.05002307891845703,0.025177057832479477
1307,crystinterference,high_maturity,False,CLIPese,0.0,True,mature,0.2895,False,,-1,0.05038071,0.035557322,0.05002307891845703,0.025177057832479477
1308,nascarinfrared,high_maturity,False,CLIPese,0.0,True,mature,0.360425,False,,-1,-0.101465926,0.00390401,0.05002307891845703,0.025177057832479477
1309,eucalyp,high_maturity,False,CLIPese,0.0,True,mature,0.45345,False,,-1,-0.059103955,0.16544147,0.05002307891845703,0.025177057832479477
1310,usairthunderbirds,high_maturity,False,CLIPese,0.0,True,mature,0.207975,False,,-1,-0.0319462,0.00824712,0.05002307891845703,0.025177057832479477
1311,compresscoil,high_maturity,False,CLIPese,0.0,True,mature,0.578975,False,,-1,0.04441859,-0.30091384,0.05002307891845703,0.025177057832479477
1312,cougars,high_maturity,True,English,3.2,True,mature,0.427075,False,,-1,0.41712928,-0.02303406,0.05002307891845703,0.025177057832479477
1313,beanbag,high_maturity,True,English,2.36,True,mature,0.60715,False,,-1,0.1592624,0.13643517,0.05002307891845703,0.025177057832479477
1314,aviationairplane,high_maturity,False,CLIPese,0.0,True,mature,0.324525,False,,-1,-0.044979405,0.08431742,0.05002307891845703,0.025177057832479477
1315,clowdrawing,high_maturity,False,CLIPese,0.0,True,mature,0.47717500000000007,False,,-1,0.07229615,0.27922875,0.05002307891845703,0.025177057832479477
1316,beardbeige,high_maturity,False,CLIPese,0.0,True,mature,0.7467750000000001,True,mature_readable,265,0.02076844,0.15714751,0.05002307891845703,0.025177057832479477
1317,kyrgycollie,high_maturity,False,CLIPese,0.0,True,mature,0.3134,False,,-1,-0.1713038,0.23108467,0.05002307891845703,0.025177057832479477
1318,cumbrisheep,high_maturity,False,CLIPese,0.0,True,mature,0.893725,True,mature_readable,72,-0.09125953,0.02767636,0.05002307891845703,0.025177057832479477
1319,aubergepcot,high_maturity,False,CLIPese,0.0,True,mature,0.515475,False,,-1,-0.012139722,0.2333712,0.05002307891845703,0.025177057832479477
1320,chromoimpressionist,high_maturity,False,CLIPese,0.0,True,mature,0.194475,False,,-1,-0.27842775,-0.0988526,0.05002307891845703,0.025177057832479477
1321,masamutilmicroscopy,high_maturity,False,CLIPese,0.0,True,mature,0.14769999999999997,False,,-1,-0.40831944,-0.16523987,0.05002307891845703,0.025177057832479477
1322,wolvecorgi,high_maturity,False,CLIPese,0.0,True,mature,0.2545,False,,-1,-0.06570545,0.050433893,0.05002307891845703,0.025177057832479477
1323,louboutladybug,high_maturity,False,CLIPese,0.0,True,mature,0.18074999999999997,False,,-1,-0.335218,0.09688512,0.05002307891845703,0.025177057832479477
1324,ondleopsafarilive,high_maturity,False,CLIPese,0.0,True,mature,0.22999999999999998,False,,-1,0.059591196,0.1173508,0.05002307891845703,0.025177057832479477
1325,chedattacked,high_maturity,False,CLIPese,0.0,True,mature,0.8774250000000001,True,mature_readable,201,-0.05830608,0.1419906,0.05002307891845703,0.025177057832479477
1326,jurassicsculpt,high_maturity,False,CLIPese,0.0,True,mature,0.7088749999999999,False,,-1,-0.14363952,-0.08953872,0.05002307891845703,0.025177057832479477
1327,femen,high_maturity,True,English,1.78,True,mature,0.600275,False,,-1,0.14715858,-0.23606387,0.05002307891845703,0.025177057832479477
1328,chromocapsules,high_maturity,False,CLIPese,0.0,True,mature,0.44129999999999997,False,,-1,-0.15728226,-0.21478724,0.05002307891845703,0.025177057832479477
1329,ularhino,high_maturity,False,CLIPese,0.0,True,mature,0.90235,True,mature_readable,68,0.29114294,-0.0950241,0.05002307891845703,0.025177057832479477
1330,belgimrt,high_maturity,False,CLIPese,0.0,True,mature,0.471525,False,,-1,0.012129506,-0.13163032,0.05002307891845703,0.025177057832479477
1331,metrnunavut,high_maturity,False,CLIPese,0.0,True,mature,0.6880749999999999,True,fallback_fill,494,0.26450884,-0.09735542,0.05002307891845703,0.025177057832479477
1332,mitochondri,high_maturity,False,CLIPese,0.0,True,mature,0.35785,False,,-1,-0.1861784,-0.004485899,0.05002307891845703,0.025177057832479477
1333,rumbomile,high_maturity,False,CLIPese,0.0,True,mature,0.560975,False,,-1,0.19115104,-0.23078719,0.05002307891845703,0.025177057832479477
1334,bedpan,high_maturity,True,English,1.82,True,mature,0.860575,True,mature_readable,119,0.1576714,-0.003924414,0.05002307891845703,0.025177057832479477
1335,aeronballon,high_maturity,False,CLIPese,0.0,True,mature,0.517725,False,,-1,0.24286908,-0.08981586,0.05002307891845703,0.025177057832479477
1336,expandminecraft,high_maturity,False,CLIPese,0.0,True,mature,0.50305,False,,-1,-0.033124834,-0.17475846,0.05002307891845703,0.025177057832479477
1337,taxiderpaint,high_maturity,False,CLIPese,0.0,True,mature,0.28845,False,,-1,-0.018051552,-0.059338856,0.05002307891845703,0.025177057832479477
1338,cryptojesus,high_maturity,False,CLIPese,0.0,True,mature,0.678775,False,,-1,0.25691012,-0.13719594,0.05002307891845703,0.025177057832479477
1339,baysox,high_maturity,False,CLIPese,0.0,True,mature,0.875875,True,mature_readable,129,0.18683031,-0.37531334,0.05002307891845703,0.025177057832479477
1340,banknomugshot,high_maturity,False,CLIPese,0.0,True,mature,0.754475,True,mature_readable,238,-0.2464632,-0.115368634,0.05002307891845703,0.025177057832479477
1341,compostnapkin,high_maturity,False,CLIPese,0.0,True,mature,0.63765,False,,-1,-0.25524944,-0.071916886,0.05002307891845703,0.025177057832479477
1342,roomloafzebraloaf,high_maturity,False,CLIPese,0.0,True,mature,0.350825,False,,-1,0.030005442,-0.1646704,0.05002307891845703,0.025177057832479477
1343,belgiboeing,high_maturity,False,CLIPese,0.0,True,mature,0.469325,False,,-1,0.23708396,0.14260915,0.05002307891845703,0.025177057832479477
1344,staffies,high_maturity,True,English,1.51,True,mature,0.799025,True,mature_readable,248,0.17365432,0.08362179,0.05002307891845703,0.025177057832479477
1345,pyramhangout,high_maturity,False,CLIPese,0.0,True,mature,0.788575,True,mature_readable,154,-0.21165267,-0.1342641,0.05002307891845703,0.025177057832479477
1346,ciscocat,high_maturity,False,CLIPese,0.0,True,mature,0.716925,False,,-1,0.19206254,-0.19390419,0.05002307891845703,0.025177057832479477
1347,corkboard,high_maturity,True,English,1.58,True,mature,0.762775,True,mature_readable,250,0.15954274,-0.11070601,0.05002307891845703,0.025177057832479477
1348,boyoung,high_maturity,False,CLIPese,0.0,True,mature,0.329275,False,,-1,0.34927845,-0.20492016,0.05002307891845703,0.025177057832479477
1349,dancingdevgn,high_maturity,False,CLIPese,0.0,True,mature,0.4159,False,,-1,0.0007485407,0.09934251,0.05002307891845703,0.025177057832479477
1350,mesmeriviruses,high_maturity,False,CLIPese,0.0,True,mature,0.34420000000000006,False,,-1,-0.1516478,-0.063783765,0.05002307891845703,0.025177057832479477
1351,bathtub,high_maturity,True,English,3.45,True,mature,0.65625,False,,-1,-0.004875822,-0.1778554,0.05002307891845703,0.025177057832479477
1352,owlbirds,high_maturity,False,CLIPese,0.0,True,mature,0.58755,False,,-1,0.23943143,0.16631982,0.05002307891845703,0.025177057832479477
1353,kaleidoexpanding,high_maturity,False,CLIPese,0.0,True,mature,0.432775,False,,-1,-0.04238898,-0.0474033,0.05002307891845703,0.025177057832479477
1354,woodenukeinstrument,high_maturity,False,CLIPese,0.0,True,mature,0.64615,True,fallback_fill,501,-0.15747176,0.012738418,0.05002307891845703,0.025177057832479477
1355,hewpunisher,high_maturity,False,CLIPese,0.0,True,mature,0.5884,False,,-1,-0.050227262,0.34062794,0.05002307891845703,0.025177057832479477
1356,aquaman,high_maturity,True,English,2.95,True,mature,0.81795,True,mature_readable,140,0.19357575,-0.26333815,0.05002307891845703,0.025177057832479477
1357,calibrcamera,high_maturity,False,CLIPese,0.0,True,mature,0.5738000000000001,False,,-1,-0.17074774,-0.13092765,0.05002307891845703,0.025177057832479477
1358,kaleidorectanpatterned,high_maturity,False,CLIPese,0.0,True,mature,0.059175000000000005,False,,-1,-0.19676974,-0.08280244,0.05002307891845703,0.025177057832479477
1359,distorbartollenin,high_maturity,False,CLIPese,0.0,True,mature,0.27037500000000003,False,,-1,-0.22267054,0.06671515,0.05002307891845703,0.025177057832479477
1360,danneel,high_maturity,True,English,1.07,True,mature,0.543525,False,,-1,0.10020219,-0.012915271,0.05002307891845703,0.025177057832479477
1361,compudesk,high_maturity,False,CLIPese,0.0,True,mature,0.8337,True,orthographic_hard,17,0.112612225,-0.2965096,0.05002307891845703,0.025177057832479477
1362,taxiderraccoon,high_maturity,False,CLIPese,0.0,True,mature,0.516525,False,,-1,0.054919444,-0.29186493,0.05002307891845703,0.025177057832479477
1363,secursriracha,high_maturity,False,CLIPese,0.0,True,mature,0.54365,False,,-1,-0.11729059,0.049799927,0.05002307891845703,0.025177057832479477
1364,beadmylittlepony,high_maturity,False,CLIPese,0.0,True,mature,0.5314,False,,-1,-0.18426289,0.030283742,0.05002307891845703,0.025177057832479477
1365,carlospena,high_maturity,False,CLIPese,0.0,True,mature,0.627825,False,,-1,0.26165643,0.08790218,0.05002307891845703,0.025177057832479477
1366,babyhiro,high_maturity,False,CLIPese,0.0,True,mature,0.8478,True,mature_readable,213,-0.22155064,-0.051497564,0.05002307891845703,0.025177057832479477
1367,chooks,high_maturity,True,English,1.97,True,mature,0.697225,False,,-1,0.26069096,-0.226545,0.05002307891845703,0.025177057832479477
1368,aldubkajthreads,high_maturity,False,CLIPese,0.0,True,mature,0.66725,False,,-1,-0.21145807,0.15093732,0.05002307891845703,0.025177057832479477
1369,shepsut,high_maturity,False,CLIPese,0.0,True,mature,0.4378999999999999,False,,-1,0.1621755,-0.1260887,0.05002307891845703,0.025177057832479477
1370,videophotograph,high_maturity,False,CLIPese,0.0,True,mature,0.08700000000000001,True,mature_weak,375,-0.19331743,-0.11445702,0.05002307891845703,0.025177057832479477
1371,photomdigitalart,high_maturity,False,CLIPese,0.0,True,mature,0.04160000000000001,False,,-1,-0.3419316,0.048950233,0.05002307891845703,0.025177057832479477
1372,multiimagenoise,high_maturity,False,CLIPese,0.0,True,mature,0.23547500000000002,False,,-1,-0.22510958,0.03729623,0.05002307891845703,0.025177057832479477
1373,incrediwilshere,high_maturity,False,CLIPese,0.0,True,mature,0.27309999999999995,False,,-1,0.017387792,0.08137351,0.05002307891845703,0.025177057832479477
1374,wormjuggcopernicdataviz,high_maturity,False,CLIPese,0.0,True,mature,0.304,False,,-1,-0.09977169,0.078003116,0.05002307891845703,0.025177057832479477
1375,zuckerfortnseizure,high_maturity,False,CLIPese,0.0,True,mature,0.2038,True,mature_weak,438,-0.16793278,0.08068638,0.05002307891845703,0.025177057832479477
1376,bluejays,high_maturity,True,English,2.18,True,mature,0.5297000000000001,False,,-1,0.11521345,-0.1294737,0.05002307891845703,0.025177057832479477
1377,blurzazzle,high_maturity,False,CLIPese,0.0,True,mature,0.51925,False,,-1,0.15405402,0.0345505,0.05002307891845703,0.025177057832479477
1378,ninten,high_maturity,True,English,1.13,True,mature,0.785375,True,mature_readable,183,0.3333104,0.0870147,0.05002307891845703,0.025177057832479477
1379,catposter,high_maturity,False,CLIPese,0.0,True,mature,0.69685,False,,-1,0.27196127,-0.1760659,0.05002307891845703,0.025177057832479477
1380,compumonitor,high_maturity,False,CLIPese,0.0,True,mature,0.786025,False,,-1,-0.22276329,-0.33411044,0.05002307891845703,0.025177057832479477
1381,coyodog,high_maturity,False,CLIPese,0.0,True,mature,0.751175,False,,-1,0.10643482,-0.18107739,0.05002307891845703,0.025177057832479477
1382,calibrturin,high_maturity,False,CLIPese,0.0,True,mature,0.5936,False,,-1,0.1546152,-0.054284144,0.05002307891845703,0.025177057832479477
1383,trombsaxophonbonnet,high_maturity,False,CLIPese,0.0,True,mature,0.7240000000000001,False,,-1,-0.1731504,-0.29531813,0.05002307891845703,0.025177057832479477
1384,bbcfrequency,high_maturity,False,CLIPese,0.0,True,mature,0.5656500000000001,True,orthographic_hard,30,-0.047524184,-0.048088454,0.05002307891845703,0.025177057832479477
1385,kaleidopaddleparticles,high_maturity,False,CLIPese,0.0,True,mature,0.382375,False,,-1,-0.050960418,-0.100940764,0.05002307891845703,0.025177057832479477
1386,unhdreamliner,high_maturity,False,CLIPese,0.0,True,mature,0.364325,False,,-1,0.019090425,-0.2437527,0.05002307891845703,0.025177057832479477
1387,kaleimpressionist,high_maturity,False,CLIPese,0.0,True,mature,0.39652499999999996,False,,-1,-0.21898817,-0.01353299,0.05002307891845703,0.025177057832479477
1388,uterdoorway,high_maturity,False,CLIPese,0.0,True,mature,0.48092499999999994,False,,-1,-0.18418157,0.2091931,0.05002307891845703,0.025177057832479477
1389,syriacivil,high_maturity,False,CLIPese,0.0,True,mature,0.3996,False,,-1,0.055097576,0.0925555,0.05002307891845703,0.025177057832479477
1390,footbath,high_maturity,True,English,1.23,True,mature,0.772375,True,mature_readable,240,-0.03162892,0.0686045,0.05002307891845703,0.025177057832479477
1391,taxiderpixels,high_maturity,False,CLIPese,0.0,True,mature,0.30837499999999995,False,,-1,0.023801679,0.03782637,0.05002307891845703,0.025177057832479477
1392,doppleg,high_maturity,False,CLIPese,0.0,True,mature,0.38165,False,,-1,0.08623594,0.21890293,0.05002307891845703,0.025177057832479477
1393,lenaheadey,high_maturity,False,CLIPese,0.0,True,mature,0.57575,False,,-1,-0.045367576,-0.013083611,0.05002307891845703,0.025177057832479477
1394,homohuskies,high_maturity,False,CLIPese,0.0,True,mature,0.9170499999999999,True,mature_readable,53,0.10205455,-0.08889629,0.05002307891845703,0.025177057832479477
1395,owlwristband,high_maturity,False,CLIPese,0.0,True,mature,0.6962250000000001,True,fallback_fill,502,0.07975234,0.16420953,0.05002307891845703,0.025177057832479477
1396,taxiderzaplakota,high_maturity,False,CLIPese,0.0,True,mature,0.218675,False,,-1,-0.011463424,-0.022274833,0.05002307891845703,0.025177057832479477
1397,sphermascsurface,high_maturity,False,CLIPese,0.0,True,mature,0.25045,False,,-1,-0.33335534,-0.09320897,0.05002307891845703,0.025177057832479477
1398,belts,high_maturity,True,English,3.74,True,mature,0.87585,True,mature_readable,130,0.46252486,0.015206381,0.05002307891845703,0.025177057832479477
1399,airbus,high_maturity,True,English,3.33,True,mature,0.80305,True,mature_readable,198,0.28000832,0.2197545,0.05002307891845703,0.025177057832479477
1400,mobilegamecube,high_maturity,False,CLIPese,0.0,True,mature,0.4416,False,,-1,-0.24610908,-0.0013177018,0.05002307891845703,0.025177057832479477
1401,orangupsychedelic,high_maturity,False,CLIPese,0.0,True,mature,0.028025,True,mature_weak,369,-0.26471192,-0.0522196,0.05002307891845703,0.025177057832479477
1402,shoebaseball,high_maturity,False,CLIPese,0.0,True,mature,0.883125,True,mature_readable,66,0.043210905,0.16791642,0.05002307891845703,0.025177057832479477
1403,taxiderwielding,high_maturity,False,CLIPese,0.0,True,mature,0.3094,False,,-1,0.061873723,0.0846226,0.05002307891845703,0.025177057832479477
1404,halloweenemojis,high_maturity,False,CLIPese,0.0,True,mature,0.7537999999999999,False,,-1,0.23317741,-0.028284721,0.05002307891845703,0.025177057832479477
1405,backscratcher,high_maturity,True,English,1.18,True,mature,0.5578,False,,-1,-0.19253659,-0.19546574,0.05002307891845703,0.025177057832479477
1406,edgdilevinaigrette,high_maturity,False,CLIPese,0.0,True,mature,0.15994999999999998,True,mature_weak,427,0.15826578,0.077127025,0.05002307891845703,0.025177057832479477
1407,losswaldo,high_maturity,False,CLIPese,0.0,True,mature,0.6653500000000001,False,,-1,0.072361715,0.15250449,0.05002307891845703,0.025177057832479477
1408,burberry,high_maturity,True,English,3.11,True,mature,0.9184500000000001,True,mature_readable,120,0.34422815,-0.07154887,0.05002307891845703,0.025177057832479477
1409,handleclickoctopus,high_maturity,False,CLIPese,0.0,True,mature,0.68865,True,fallback_fill,492,-0.07261948,0.037128095,0.05002307891845703,0.025177057832479477
1410,labrada,high_maturity,True,English,1.24,True,mature,0.7328,True,mature_readable,254,-0.009959035,-0.12318212,0.05002307891845703,0.025177057832479477
1411,cytometry,high_maturity,True,English,2.25,True,mature,0.9178,True,mature_readable,94,-0.09156377,-0.18620312,0.05002307891845703,0.025177057832479477
1412,aerobteens,high_maturity,False,CLIPese,0.0,True,mature,0.8855000000000001,True,mature_readable,85,0.3722383,-0.058506362,0.05002307891845703,0.025177057832479477
1413,zakkwylde,high_maturity,False,CLIPese,0.0,True,mature,0.45245,False,,-1,0.38782507,0.16149166,0.05002307891845703,0.025177057832479477
1414,archancosmetics,high_maturity,False,CLIPese,0.0,True,mature,0.784975,True,mature_readable,219,0.03457465,-0.31092095,0.05002307891845703,0.025177057832479477
1415,taxiderbreastcancerhorribly,high_maturity,False,CLIPese,0.0,True,mature,0.202875,False,,-1,-0.17473057,-0.032203477,0.05002307891845703,0.025177057832479477
1416,chromovegetables,high_maturity,False,CLIPese,0.0,True,mature,0.60155,False,,-1,-0.061596874,-0.11850782,0.05002307891845703,0.025177057832479477
1417,horseastronaut,high_maturity,False,CLIPese,0.0,True,mature,0.603,False,,-1,-0.062023755,0.024252485,0.05002307891845703,0.025177057832479477
1418,chimpan,high_maturity,False,CLIPese,0.0,True,mature,0.8154250000000001,True,mature_readable,171,0.0046990374,-0.31594726,0.05002307891845703,0.025177057832479477
1419,biopcattle,high_maturity,False,CLIPese,0.0,True,mature,0.88685,True,mature_readable,74,0.08711666,-0.12785658,0.05002307891845703,0.025177057832479477
1420,chessvisualmultiplayer,high_maturity,False,CLIPese,0.0,True,mature,0.44862499999999994,False,,-1,-0.072980896,-0.023798628,0.05002307891845703,0.025177057832479477
1421,icelandpatches,high_maturity,False,CLIPese,0.0,True,mature,0.553575,False,,-1,-0.20512088,-0.087694645,0.05002307891845703,0.025177057832479477
1422,kaleidoepilepsy,high_maturity,False,CLIPese,0.0,True,mature,0.2159,False,,-1,-0.26134628,-0.029728992,0.05002307891845703,0.025177057832479477
1423,candelabra,high_maturity,True,English,2.45,True,mature,0.532825,False,,-1,-0.040224444,-0.06863844,0.05002307891845703,0.025177057832479477
1424,alphonautograph,high_maturity,False,CLIPese,0.0,True,mature,0.3834,False,,-1,-0.26776707,-0.034835905,0.05002307891845703,0.025177057832479477
1425,cheetah,high_maturity,True,English,3.2,True,mature,0.6194,False,,-1,0.026432108,-0.21245632,0.05002307891845703,0.025177057832479477
1426,sriracha,high_maturity,True,English,2.72,True,mature,0.9437750000000001,True,mature_readable,63,0.2587449,-0.25058836,0.05002307891845703,0.025177057832479477
1427,disintegrhfxpixels,high_maturity,False,CLIPese,0.0,True,mature,0.1486,False,,-1,-0.30480894,0.047616404,0.05002307891845703,0.025177057832479477
1428,rhapikachu,high_maturity,False,CLIPese,0.0,True,mature,0.7497,False,,-1,-0.12046064,0.10739216,0.05002307891845703,0.025177057832479477
1429,dendmblesimulation,high_maturity,False,CLIPese,0.0,True,mature,0.790675,False,,-1,-0.22710174,0.03617288,0.05002307891845703,0.025177057832479477
1430,loafsmol,high_maturity,False,CLIPese,0.0,True,mature,0.07139999999999999,False,,-1,-0.097008534,-0.21699268,0.05002307891845703,0.025177057832479477
1431,crystblurry,high_maturity,False,CLIPese,0.0,True,mature,0.26455,False,,-1,-0.066784754,0.086393744,0.05002307891845703,0.025177057832479477
1432,rainbowgarridesktop,high_maturity,False,CLIPese,0.0,True,mature,0.2748,False,,-1,-0.2253723,0.11691698,0.05002307891845703,0.025177057832479477
1433,digitalpopart,high_maturity,False,CLIPese,0.0,True,mature,0.127875,False,,-1,-0.20202401,0.061721258,0.05002307891845703,0.025177057832479477
1434,kaleidoprospects,high_maturity,False,CLIPese,0.0,True,mature,0.5064249999999999,False,,-1,-0.25289172,-0.02636388,0.05002307891845703,0.025177057832479477
1435,acoyotes,high_maturity,False,CLIPese,0.0,True,mature,0.909225,True,mature_readable,70,0.27777293,-0.036946535,0.05002307891845703,0.025177057832479477
1436,harampolite,high_maturity,False,CLIPese,0.0,True,mature,0.5764499999999999,False,,-1,-0.24563901,0.007977248,0.05002307891845703,0.025177057832479477
1437,goldenretridawson,high_maturity,False,CLIPese,0.0,True,mature,0.30622499999999997,False,,-1,-0.25790164,0.28111225,0.05002307891845703,0.025177057832479477
1438,grumpmedusa,high_maturity,False,CLIPese,0.0,True,mature,0.508325,False,,-1,-0.1949116,-0.109116815,0.05002307891845703,0.025177057832479477
1439,predatdressage,high_maturity,False,CLIPese,0.0,True,mature,0.369025,False,,-1,-0.16438946,0.10028491,0.05002307891845703,0.025177057832479477
1440,schnautriplets,high_maturity,False,CLIPese,0.0,True,mature,0.388425,False,,-1,-0.13667344,0.098282985,0.05002307891845703,0.025177057832479477
1441,sphinozil,high_maturity,False,CLIPese,0.0,True,mature,0.5160250000000001,False,,-1,-0.06302636,0.20805503,0.05002307891845703,0.025177057832479477
1442,spicejet,high_maturity,True,English,1.86,True,mature,0.530375,False,,-1,0.13794589,-0.066814385,0.05002307891845703,0.025177057832479477
1443,celery,high_maturity,True,English,3.32,True,mature,0.8980750000000001,True,mature_readable,73,0.24784721,0.10525801,0.05002307891845703,0.025177057832479477
1444,taxiderspectacportrait,high_maturity,False,CLIPese,0.0,True,mature,0.110125,False,,-1,-0.18671948,0.0074776392,0.05002307891845703,0.025177057832479477
1445,cybertrippy,high_maturity,False,CLIPese,0.0,True,mature,0.280025,False,,-1,0.038193665,0.038669903,0.05002307891845703,0.025177057832479477
1446,gigipikachu,high_maturity,False,CLIPese,0.0,True,mature,0.767725,True,mature_readable,174,-0.11061289,0.14385845,0.05002307891845703,0.025177057832479477
1447,loafcaturday,high_maturity,False,CLIPese,0.0,True,mature,0.52965,False,,-1,0.08656986,0.057148103,0.05002307891845703,0.025177057832479477
1448,kaleidobubbles,high_maturity,False,CLIPese,0.0,True,mature,0.310725,False,,-1,0.102647744,0.03451956,0.05002307891845703,0.025177057832479477
1449,adopttuxedo,high_maturity,False,CLIPese,0.0,True,mature,0.438575,False,,-1,0.13254069,0.044771183,0.05002307891845703,0.025177057832479477
1450,wefaq,high_maturity,True,English,1.61,True,mature,0.4167,False,,-1,0.35803857,0.10735466,0.05002307891845703,0.025177057832479477
1451,photombanerjee,high_maturity,False,CLIPese,0.0,True,mature,0.122125,False,,-1,-0.22037457,-0.07656617,0.05002307891845703,0.025177057832479477
1452,jpimpressionism,high_maturity,False,CLIPese,0.0,True,mature,0.4675250000000001,False,,-1,-0.27145135,-0.03831071,0.05002307891845703,0.025177057832479477
1453,shuffleboard,high_maturity,True,English,2.14,True,mature,0.749925,False,,-1,0.076728195,0.08650929,0.05002307891845703,0.025177057832479477
1454,corset,high_maturity,True,English,3.03,True,mature,0.5056,False,,-1,0.26460356,0.052380748,0.05002307891845703,0.025177057832479477
1455,distorgorillaemu,high_maturity,False,CLIPese,0.0,True,mature,0.329425,False,,-1,-0.32381365,0.19116619,0.05002307891845703,0.025177057832479477
1456,abstrmachinelearning,high_maturity,False,CLIPese,0.0,True,mature,0.19722499999999998,False,,-1,-0.17938809,0.0458373,0.05002307891845703,0.025177057832479477
1457,babysbeaches,high_maturity,False,CLIPese,0.0,True,mature,0.760575,False,,-1,0.08518863,-0.018245,0.05002307891845703,0.025177057832479477
1458,pjparalysis,high_maturity,False,CLIPese,0.0,True,mature,0.3486250000000001,False,,-1,0.1438839,0.2460648,0.05002307891845703,0.025177057832479477
1459,pyramsquirrels,high_maturity,False,CLIPese,0.0,True,mature,0.7886,False,,-1,-0.2454141,-0.0106755365,0.05002307891845703,0.025177057832479477
1460,muchhal,high_maturity,False,CLIPese,0.0,True,mature,0.7386499999999999,False,,-1,0.12388223,-0.113300934,0.05002307891845703,0.025177057832479477
1461,chromia,high_maturity,True,English,1.17,True,mature,0.6676500000000001,False,,-1,-0.012233639,-0.09796211,0.05002307891845703,0.025177057832479477
1462,bombaztec,high_maturity,False,CLIPese,0.0,True,mature,0.8169750000000001,True,mature_readable,209,-0.09749847,-0.34580788,0.05002307891845703,0.025177057832479477
1463,appalachbhopal,high_maturity,False,CLIPese,0.0,True,mature,0.47819999999999996,False,,-1,-0.09626713,-0.0029166057,0.05002307891845703,0.025177057832479477
1464,yeahkernel,high_maturity,False,CLIPese,0.0,True,mature,0.77265,True,mature_readable,255,-0.20322898,0.0781959,0.05002307891845703,0.025177057832479477
1465,kaleidosymmetry,high_maturity,False,CLIPese,0.0,True,mature,0.279325,False,,-1,-0.34633195,-0.2310884,0.05002307891845703,0.025177057832479477
1466,reinforoaxcaribou,high_maturity,False,CLIPese,0.0,True,mature,0.2022,True,mature_weak,437,0.2275302,-0.04093156,0.05002307891845703,0.025177057832479477
1467,aeronauturbulsimulation,high_maturity,False,CLIPese,0.0,True,mature,0.47695,False,,-1,-0.08559376,0.061889194,0.05002307891845703,0.025177057832479477
1468,kokoepilepsy,high_maturity,False,CLIPese,0.0,True,mature,0.69425,True,fallback_fill,495,0.08939485,0.015213417,0.05002307891845703,0.025177057832479477
1469,loafmonday,high_maturity,False,CLIPese,0.0,True,mature,0.656075,False,,-1,0.20659932,-0.11289759,0.05002307891845703,0.025177057832479477
1470,expirabstrscrambled,high_maturity,False,CLIPese,0.0,True,mature,0.1515,False,,-1,-0.046378244,-0.12674937,0.05002307891845703,0.025177057832479477
1471,kaleidohue,high_maturity,False,CLIPese,0.0,True,mature,0.39899999999999997,False,,-1,0.096931465,0.07083706,0.05002307891845703,0.025177057832479477
1472,kaleidointerstellar,high_maturity,False,CLIPese,0.0,True,mature,0.23159999999999997,False,,-1,-0.112610206,-0.032354064,0.05002307891845703,0.025177057832479477
1473,itsmeangelie,high_maturity,False,CLIPese,0.0,True,mature,0.110175,True,mature_weak,400,0.017403712,-0.023898948,0.05002307891845703,0.025177057832479477
1474,cartoonpuzzle,high_maturity,False,CLIPese,0.0,True,mature,0.7354,False,,-1,-0.042047985,-0.012561199,0.05002307891845703,0.025177057832479477
1475,lucylawless,high_maturity,False,CLIPese,0.0,True,mature,0.427075,False,,-1,0.33721036,0.2804649,0.05002307891845703,0.025177057832479477
1476,pomeresquirls,high_maturity,False,CLIPese,0.0,True,mature,0.34657499999999997,False,,-1,-0.32845226,0.03237099,0.05002307891845703,0.025177057832479477
1477,juggcthulhu,high_maturity,False,CLIPese,0.0,True,mature,0.620425,False,,-1,0.010794901,0.07383545,0.05002307891845703,0.025177057832479477
1478,caruanagalizia,high_maturity,False,CLIPese,0.0,True,mature,0.2426,False,,-1,-0.27788115,0.24242994,0.05002307891845703,0.025177057832479477
1479,cycliokstate,high_maturity,False,CLIPese,0.0,True,mature,0.046024999999999996,True,mature_weak,404,-0.10657333,-0.16259679,0.05002307891845703,0.025177057832479477
1480,horseprius,high_maturity,False,CLIPese,0.0,True,mature,0.5065,False,,-1,-0.12197641,0.07944055,0.05002307891845703,0.025177057832479477
1481,screenshotcthulhu,high_maturity,False,CLIPese,0.0,True,mature,0.5054,False,,-1,-0.22054902,0.045269582,0.05002307891845703,0.025177057832479477
1482,vistara,high_maturity,True,English,1.37,True,mature,0.694625,True,fallback_fill,504,0.1665138,-0.25791997,0.05002307891845703,0.025177057832479477
1483,caracas,high_maturity,True,English,3.29,True,mature,0.80145,True,mature_readable,259,0.24283169,0.059161823,0.05002307891845703,0.025177057832479477
1484,cyberrender,high_maturity,False,CLIPese,0.0,True,mature,0.689125,False,,-1,0.19450788,-0.11866363,0.05002307891845703,0.025177057832479477
1485,binghamtrump,high_maturity,False,CLIPese,0.0,True,mature,0.6771750000000001,False,,-1,-0.22408904,-0.30491328,0.05002307891845703,0.025177057832479477
1486,mandelscans,high_maturity,False,CLIPese,0.0,True,mature,0.92205,True,orthographic_hard,5,-0.07028862,-0.19667266,0.05002307891845703,0.025177057832479477
1487,rohingboxer,high_maturity,False,CLIPese,0.0,True,mature,0.56445,False,,-1,0.13660257,-0.004370901,0.05002307891845703,0.025177057832479477
1488,cuador,high_maturity,False,CLIPese,0.0,True,mature,0.8563500000000001,True,mature_readable,127,0.26450267,0.01596904,0.05002307891845703,0.025177057832479477
1489,kaleidohorton,high_maturity,False,CLIPese,0.0,True,mature,0.278325,False,,-1,-0.024043286,0.1523461,0.05002307891845703,0.025177057832479477
1490,madagasanirudhofficial,high_maturity,False,CLIPese,0.0,True,mature,0.19895000000000002,False,,-1,-0.2386014,-0.026469883,0.05002307891845703,0.025177057832479477
1491,achaille,high_maturity,False,CLIPese,0.0,True,mature,0.6799,True,fallback_fill,491,0.10053988,0.028263794,0.05002307891845703,0.025177057832479477
1492,abstrimagetexture,high_maturity,False,CLIPese,0.0,True,mature,0.24757500000000002,False,,-1,-0.27766928,-0.0326838,0.05002307891845703,0.025177057832479477
1493,toucan,high_maturity,True,English,2.36,True,mature,0.655675,False,,-1,0.29227677,0.036897574,0.05002307891845703,0.025177057832479477
1494,mandelvapordeen,high_maturity,False,CLIPese,0.0,True,mature,0.49792500000000006,False,,-1,-0.064556,-0.069336526,0.05002307891845703,0.025177057832479477
1495,comikaze,high_maturity,True,English,1.04,True,mature,0.49124999999999996,False,,-1,0.26930052,-0.25885224,0.05002307891845703,0.025177057832479477
1496,taxideranimalrights,high_maturity,False,CLIPese,0.0,True,mature,0.15162499999999998,False,,-1,-0.15184718,-0.029357309,0.05002307891845703,0.025177057832479477
1497,knopfler,high_maturity,True,English,1.91,True,mature,0.646175,False,,-1,-0.03331293,0.27942,0.05002307891845703,0.025177057832479477
1498,mathematmathematcollagen,high_maturity,False,CLIPese,0.0,True,mature,0.44249999999999995,False,,-1,-0.2987268,-0.16903341,0.05002307891845703,0.025177057832479477
1499,lgbtqihriausa,high_maturity,False,CLIPese,0.0,True,mature,0.36107500000000003,False,,-1,0.5377586,0.0802577,0.05002307891845703,0.025177057832479477
1500,lagunitas,high_maturity,True,English,1.91,True,mature,0.8967499999999999,True,mature_readable,69,-0.13802715,-0.07843793,0.05002307891845703,0.025177057832479477
1501,taxiderowls,high_maturity,False,CLIPese,0.0,True,mature,0.33872500000000005,False,,-1,0.38474733,0.024591032,0.05002307891845703,0.025177057832479477
1502,floweremojis,high_maturity,False,CLIPese,0.0,True,mature,0.612125,False,,-1,-0.09340319,-0.089744836,0.05002307891845703,0.025177057832479477
1503,dilaik,high_maturity,False,CLIPese,0.0,True,mature,0.41215,False,,-1,0.12829256,0.13467218,0.05002307891845703,0.025177057832479477
1504,olantaxiderolancougar,high_maturity,False,CLIPese,0.0,True,mature,0.36785,False,,-1,-0.1078716,-0.11793695,0.05002307891845703,0.025177057832479477
1505,daffo,high_maturity,False,CLIPese,0.0,True,mature,0.801175,True,mature_readable,134,0.32425126,0.04380508,0.05002307891845703,0.025177057832479477
1506,daisyspider,high_maturity,False,CLIPese,0.0,True,mature,0.715275,False,,-1,-0.0013483554,-0.079027526,0.05002307891845703,0.025177057832479477
1507,chromorefrsteria,high_maturity,False,CLIPese,0.0,True,mature,0.6881499999999999,False,,-1,-0.16369751,-0.31690294,0.05002307891845703,0.025177057832479477
1508,rosetekken,high_maturity,False,CLIPese,0.0,True,mature,0.7141000000000001,False,,-1,-0.0489198,-0.05514509,0.05002307891845703,0.025177057832479477
1509,taxiderfoxes,high_maturity,False,CLIPese,0.0,True,mature,0.221225,False,,-1,-0.0048499,-0.02202028,0.05002307891845703,0.025177057832479477
1510,wavefractal,high_maturity,False,CLIPese,0.0,True,mature,0.606225,False,,-1,0.3229422,0.21818808,0.05002307891845703,0.025177057832479477
1511,vikaskhanna,high_maturity,False,CLIPese,0.0,True,mature,0.2792,False,,-1,0.1347945,-0.0066067954,0.05002307891845703,0.025177057832479477
1512,lawnleash,high_maturity,False,CLIPese,0.0,True,mature,0.6901499999999999,True,fallback_fill,490,0.13901943,0.16872542,0.05002307891845703,0.025177057832479477
1513,categorpixel,high_maturity,False,CLIPese,0.0,True,mature,0.5184500000000001,False,,-1,0.23607858,0.024708025,0.05002307891845703,0.025177057832479477
1514,viaduckworth,high_maturity,False,CLIPese,0.0,True,mature,0.060275,True,mature_weak,379,0.28534946,0.092530325,0.05002307891845703,0.025177057832479477
1515,endocrpandas,high_maturity,False,CLIPese,0.0,True,mature,0.800875,True,mature_readable,128,0.07955843,-0.08655578,0.05002307891845703,0.025177057832479477
1516,bikers,high_maturity,True,English,3.25,True,mature,0.78325,False,,-1,0.37627295,0.13835236,0.05002307891845703,0.025177057832479477
1517,bassinet,high_maturity,True,English,2.27,True,mature,0.28255,False,,-1,-0.015207384,-0.014186626,0.05002307891845703,0.025177057832479477
1518,silhoufigurine,high_maturity,False,CLIPese,0.0,True,mature,0.1461,False,,-1,-0.23614326,0.18729681,0.05002307891845703,0.025177057832479477
1519,louboutshri,high_maturity,False,CLIPese,0.0,True,mature,0.164575,False,,-1,-0.16931431,0.16116287,0.05002307891845703,0.025177057832479477
1520,psychedmarshmallows,high_maturity,False,CLIPese,0.0,True,mature,0.457375,False,,-1,-0.17893958,-0.08392281,0.05002307891845703,0.025177057832479477
1521,sphersnowball,high_maturity,False,CLIPese,0.0,True,mature,0.708225,False,,-1,-0.085930936,-0.0073582986,0.05002307891845703,0.025177057832479477
1522,chondri,high_maturity,False,CLIPese,0.0,True,mature,0.1948,False,,-1,0.277361,-0.02332403,0.05002307891845703,0.025177057832479477
1523,contracepcontainer,high_maturity,False,CLIPese,0.0,True,mature,0.332775,False,,-1,-0.21868248,0.036555845,0.05002307891845703,0.025177057832479477
1524,taxiderpoutine,high_maturity,False,CLIPese,0.0,True,mature,0.369975,False,,-1,-0.036861517,0.028186334,0.05002307891845703,0.025177057832479477
1525,chromocells,high_maturity,False,CLIPese,0.0,True,mature,0.326275,False,,-1,-0.12228864,-0.2181133,0.05002307891845703,0.025177057832479477
1526,emiratesair,high_maturity,False,CLIPese,0.0,True,mature,0.7102,True,fallback_fill,496,0.09310116,-0.10050751,0.05002307891845703,0.025177057832479477
1527,ballybo,high_maturity,False,CLIPese,0.0,True,mature,0.693825,False,,-1,-0.03545585,0.1304599,0.05002307891845703,0.025177057832479477
1528,rubiamiibo,high_maturity,False,CLIPese,0.0,True,mature,0.7528250000000001,True,mature_readable,234,0.14706215,-0.24369581,0.05002307891845703,0.025177057832479477
1529,cyclists,high_maturity,True,English,3.69,True,mature,0.7104500000000001,False,,-1,0.21005072,-0.027261848,0.05002307891845703,0.025177057832479477
1530,coastpath,high_maturity,False,CLIPese,0.0,True,mature,0.9041499999999999,True,mature_readable,77,0.201599,-0.22417314,0.05002307891845703,0.025177057832479477
1531,coffeeday,high_maturity,False,CLIPese,0.0,True,mature,0.88205,True,mature_readable,206,0.3712886,-0.05640136,0.05002307891845703,0.025177057832479477
1532,cataugmenteclassification,high_maturity,False,CLIPese,0.0,True,mature,0.383675,False,,-1,-0.19688895,0.019340994,0.05002307891845703,0.025177057832479477
1533,chennai,high_maturity,True,English,3.52,True,mature,0.8101250000000001,True,orthographic_hard,39,0.11922536,-0.24078682,0.05002307891845703,0.025177057832479477
1534,aberavon,high_maturity,True,English,1.74,True,mature,0.7603,False,,-1,0.3408643,-0.089910805,0.05002307891845703,0.025177057832479477
1535,mascarmissingwally,high_maturity,False,CLIPese,0.0,True,mature,0.21262500000000004,False,,-1,-0.18064965,0.106428094,0.05002307891845703,0.025177057832479477
1536,angrybirds,high_maturity,False,CLIPese,0.0,True,mature,0.7119500000000001,False,,-1,0.046926208,0.114531726,0.05002307891845703,0.025177057832479477
1537,mattypixelart,high_maturity,False,CLIPese,0.0,True,mature,0.1784,False,,-1,-0.3091015,-0.0734002,0.05002307891845703,0.025177057832479477
1538,zombitextglitch,high_maturity,False,CLIPese,0.0,True,mature,0.33410000000000006,False,,-1,-0.1317892,-0.035538547,0.05002307891845703,0.025177057832479477
1539,furnfurncomputriplets,high_maturity,False,CLIPese,0.0,True,mature,0.287475,False,,-1,-0.15487364,-0.05574446,0.05002307891845703,0.025177057832479477
1540,aztemissingmeasles,high_maturity,False,CLIPese,0.0,True,mature,0.6009749999999999,False,,-1,-0.16834366,-0.014672566,0.05002307891845703,0.025177057832479477
1541,taxiderborder,high_maturity,False,CLIPese,0.0,True,mature,0.3434,False,,-1,-0.1918734,-0.0014536245,0.05002307891845703,0.025177057832479477
1542,taxiderconceptart,high_maturity,False,CLIPese,0.0,True,mature,0.11912500000000001,False,,-1,0.18403074,-0.1918195,0.05002307891845703,0.025177057832479477
1543,macedpygwildsheep,high_maturity,False,CLIPese,0.0,True,mature,0.25470000000000004,False,,-1,-0.13005634,0.17126565,0.05002307891845703,0.025177057832479477
1544,orangupsychedenhanced,high_maturity,False,CLIPese,0.0,True,mature,0.11202500000000001,False,,-1,-0.11448015,0.0026966326,0.05002307891845703,0.025177057832479477
1545,tornadgrowler,high_maturity,False,CLIPese,0.0,True,mature,0.67405,True,fallback_fill,508,-0.09807542,0.10118514,0.05002307891845703,0.025177057832479477
1546,pileduplicspades,high_maturity,False,CLIPese,0.0,True,mature,0.265475,False,,-1,-0.36133358,0.14537053,0.05002307891845703,0.025177057832479477
1547,taxiderfigurine,high_maturity,False,CLIPese,0.0,True,mature,0.3477,False,,-1,-0.14249317,0.08996164,0.05002307891845703,0.025177057832479477
1548,labrabreed,high_maturity,False,CLIPese,0.0,True,mature,0.417725,False,,-1,-0.15728757,0.1542885,0.05002307891845703,0.025177057832479477
1549,abstrmri,high_maturity,False,CLIPese,0.0,True,mature,0.221175,False,,-1,0.36375582,-0.2713159,0.05002307891845703,0.025177057832479477
1550,extruorice,high_maturity,False,CLIPese,0.0,True,mature,0.44957499999999995,False,,-1,0.0007738549,0.09518,0.05002307891845703,0.025177057832479477
1551,colourcarpet,high_maturity,False,CLIPese,0.0,True,mature,0.31689999999999996,False,,-1,-0.12385862,-0.20584194,0.05002307891845703,0.025177057832479477
1552,navyparachstunt,high_maturity,False,CLIPese,0.0,True,mature,0.535075,False,,-1,-0.24941878,0.053675182,0.05002307891845703,0.025177057832479477
1553,plovers,high_maturity,True,English,2.09,True,mature,0.765025,True,orthographic_hard,10,0.25675714,-0.0073721902,0.05002307891845703,0.025177057832479477
1554,angelcake,high_maturity,False,CLIPese,0.0,True,mature,0.863925,True,mature_readable,114,-0.112332314,0.1470327,0.05002307891845703,0.025177057832479477
1555,militarypretzels,high_maturity,False,CLIPese,0.0,True,mature,0.7127749999999999,True,mature_readable,239,0.02700135,-0.12918173,0.05002307891845703,0.025177057832479477
1556,hocane,high_maturity,False,CLIPese,0.0,True,mature,0.7531999999999999,True,mature_readable,247,0.2567499,-0.010297744,0.05002307891845703,0.025177057832479477
1557,biker,high_maturity,True,English,3.37,True,mature,0.28695000000000004,False,,-1,0.1900667,0.009072844,0.05002307891845703,0.025177057832479477
1558,kaleidobradford,high_maturity,False,CLIPese,0.0,True,mature,0.42650000000000005,False,,-1,-0.29721978,0.06854404,0.05002307891845703,0.025177057832479477
1559,jitmonet,high_maturity,False,CLIPese,0.0,True,mature,0.781175,True,mature_readable,166,-0.017586576,-0.3427565,0.05002307891845703,0.025177057832479477
1560,paoloinuit,high_maturity,False,CLIPese,0.0,True,mature,0.49805,False,,-1,0.10484751,-0.020553939,0.05002307891845703,0.025177057832479477
1561,psychedfuzzy,high_maturity,False,CLIPese,0.0,True,mature,0.303075,False,,-1,-0.1330226,0.17195113,0.05002307891845703,0.025177057832479477
1562,gymnaorienteering,high_maturity,False,CLIPese,0.0,True,mature,0.218875,False,,-1,-0.22893524,0.021604314,0.05002307891845703,0.025177057832479477
1563,lapkus,high_maturity,True,English,1.19,True,mature,0.72155,True,fallback_fill,509,0.079000354,-0.028738381,0.05002307891845703,0.025177057832479477
1564,kaleidopixel,high_maturity,False,CLIPese,0.0,True,mature,0.1313,False,,-1,-0.3580499,-0.12265005,0.05002307891845703,0.025177057832479477
1565,christmatopper,high_maturity,False,CLIPese,0.0,True,mature,0.452075,False,,-1,-0.19189332,-0.047076054,0.05002307891845703,0.025177057832479477
1566,ozarwilddogs,high_maturity,False,CLIPese,0.0,True,mature,0.505975,False,,-1,-0.13787547,-0.03304914,0.05002307891845703,0.025177057832479477
1567,quicklibertystickers,high_maturity,False,CLIPese,0.0,True,mature,0.5718749999999999,False,,-1,-0.033028416,-0.06373433,0.05002307891845703,0.025177057832479477
1568,zeewavestacked,high_maturity,False,CLIPese,0.0,True,mature,0.5136000000000001,False,,-1,0.18302262,-0.040931564,0.05002307891845703,0.025177057832479477
1569,doughmacfarolulu,high_maturity,False,CLIPese,0.0,True,mature,0.15962500000000002,True,mature_weak,422,-0.1636583,-0.09182207,0.05002307891845703,0.025177057832479477
1570,kaleidomicroscopy,high_maturity,False,CLIPese,0.0,True,mature,0.2611,False,,-1,-0.09440119,-0.17404914,0.05002307891845703,0.025177057832479477
1571,puplovers,high_maturity,False,CLIPese,0.0,True,mature,0.736175,True,orthographic_hard,11,-0.087546535,0.054532792,0.05002307891845703,0.025177057832479477
1572,kaleidocraze,high_maturity,False,CLIPese,0.0,True,mature,0.26495,False,,-1,-0.1979281,0.19956315,0.05002307891845703,0.025177057832479477
1573,mathematretina,high_maturity,False,CLIPese,0.0,True,mature,0.46252499999999996,False,,-1,-0.07287082,-0.25223005,0.05002307891845703,0.025177057832479477
1574,smolnvidia,high_maturity,False,CLIPese,0.0,True,mature,0.487,False,,-1,0.114850424,-0.19337185,0.05002307891845703,0.025177057832479477
1575,saxophonairsoft,high_maturity,False,CLIPese,0.0,True,mature,0.6127,False,,-1,-0.2100429,0.08514724,0.05002307891845703,0.025177057832479477
1576,tballcircleboxes,high_maturity,False,CLIPese,0.0,True,mature,0.49779999999999996,False,,-1,-0.14678736,-0.13015449,0.05002307891845703,0.025177057832479477
1577,rattmitztrees,high_maturity,False,CLIPese,0.0,True,mature,0.764375,True,mature_readable,260,-0.28817293,0.006699706,0.05002307891845703,0.025177057832479477
1578,panorsynthesizer,high_maturity,False,CLIPese,0.0,True,mature,0.21267499999999998,False,,-1,-0.025906306,-0.059591684,0.05002307891845703,0.025177057832479477
1579,pixelpsychedarray,high_maturity,False,CLIPese,0.0,True,mature,0.18450000000000003,False,,-1,-0.2564142,0.08082946,0.05002307891845703,0.025177057832479477
1580,sawhorse,high_maturity,True,English,1.49,True,mature,0.45357499999999995,False,,-1,-0.03557596,0.20399283,0.05002307891845703,0.025177057832479477
1581,neatcauliflower,high_maturity,False,CLIPese,0.0,True,mature,0.5486249999999999,False,,-1,0.15763451,0.20881943,0.05002307891845703,0.025177057832479477
1582,swachhbswapping,high_maturity,False,CLIPese,0.0,True,mature,0.39467499999999994,False,,-1,-0.077285446,0.14248605,0.05002307891845703,0.025177057832479477
1583,counterfehdr,high_maturity,False,CLIPese,0.0,True,mature,0.20120000000000002,False,,-1,0.1518821,-0.25313446,0.05002307891845703,0.025177057832479477
1584,kaleidogenerative,high_maturity,False,CLIPese,0.0,True,mature,0.096525,False,,-1,-0.14730479,0.11423142,0.05002307891845703,0.025177057832479477
1585,orbminion,high_maturity,False,CLIPese,0.0,True,mature,0.758875,True,mature_readable,191,-0.075729474,0.0065904693,0.05002307891845703,0.025177057832479477
1586,mansfaceswap,high_maturity,False,CLIPese,0.0,True,mature,0.5521999999999999,False,,-1,-0.108614765,-0.036969285,0.05002307891845703,0.025177057832479477
1587,nanorender,high_maturity,False,CLIPese,0.0,True,mature,0.881575,True,orthographic_hard,42,0.20025235,-0.0054182783,0.05002307891845703,0.025177057832479477
1588,beachlife,high_maturity,False,CLIPese,0.0,True,mature,0.220375,False,,-1,0.10765397,0.20808445,0.05002307891845703,0.025177057832479477
1589,ivankat,high_maturity,False,CLIPese,0.0,True,mature,0.5274,False,,-1,0.26770055,-0.010267901,0.05002307891845703,0.025177057832479477
1590,jodhaakbar,high_maturity,False,CLIPese,0.0,True,mature,0.288375,False,,-1,-0.11068553,0.15408348,0.05002307891845703,0.025177057832479477
1591,eliesaab,high_maturity,False,CLIPese,0.0,True,mature,0.214325,False,,-1,0.0664612,0.20514183,0.05002307891845703,0.025177057832479477
1592,cupftp,high_maturity,False,CLIPese,0.0,True,mature,0.69865,False,,-1,0.11030763,-0.018490028,0.05002307891845703,0.025177057832479477
1593,portraitsilhouette,high_maturity,False,CLIPese,0.0,True,mature,0.10072500000000001,True,mature_weak,393,-0.24933003,0.18439613,0.05002307891845703,0.025177057832479477
1594,hobbyhorse,high_maturity,True,English,1.46,True,mature,0.6354000000000001,False,,-1,-0.14220385,0.012461576,0.05002307891845703,0.025177057832479477
1595,crayglitch,high_maturity,False,CLIPese,0.0,True,mature,0.25217500000000004,False,,-1,0.1851084,-0.13722591,0.05002307891845703,0.025177057832479477
1596,pillowraisethestick,high_maturity,False,CLIPese,0.0,True,mature,0.252925,False,,-1,-0.09833362,0.2564805,0.05002307891845703,0.025177057832479477
1597,englandrender,high_maturity,False,CLIPese,0.0,True,mature,0.667625,True,orthographic_hard,43,-0.22854286,0.15502602,0.05002307891845703,0.025177057832479477
1598,zombiemojis,high_maturity,False,CLIPese,0.0,True,mature,0.5797249999999999,False,,-1,-0.081818745,-0.21907364,0.05002307891845703,0.025177057832479477
1599,marblesofa,high_maturity,False,CLIPese,0.0,True,mature,0.6234,False,,-1,0.17681275,-0.07124407,0.05002307891845703,0.025177057832479477
1600,anderlecht,high_maturity,True,English,2.56,True,mature,0.550475,False,,-1,-0.028199762,0.0086871125,0.05002307891845703,0.025177057832479477
1601,bowli,high_maturity,False,CLIPese,0.0,True,mature,0.7319,False,,-1,0.38418078,0.3850017,0.05002307891845703,0.025177057832479477
1602,horserdressage,high_maturity,False,CLIPese,0.0,True,mature,0.673925,False,,-1,-0.20938739,-0.20653595,0.05002307891845703,0.025177057832479477
1603,dalmatisuke,high_maturity,False,CLIPese,0.0,True,mature,0.55645,False,,-1,-0.13944705,0.07077415,0.05002307891845703,0.025177057832479477
1604,seapconnie,high_maturity,False,CLIPese,0.0,True,mature,0.401525,False,,-1,0.12884963,0.051065233,0.05002307891845703,0.025177057832479477
1605,seapsimulcollage,high_maturity,False,CLIPese,0.0,True,mature,0.290375,False,,-1,-0.10515723,-0.091024466,0.05002307891845703,0.025177057832479477
1606,orangufrenpsychedelic,high_maturity,False,CLIPese,0.0,True,mature,0.250725,False,,-1,-0.27491236,-0.028140549,0.05002307891845703,0.025177057832479477
1607,lamjarred,high_maturity,False,CLIPese,0.0,True,mature,0.2591,False,,-1,0.05663523,-0.22151487,0.05002307891845703,0.025177057832479477
1608,cliffventilation,high_maturity,False,CLIPese,0.0,True,mature,0.464375,False,,-1,0.10645559,0.074169144,0.05002307891845703,0.025177057832479477
1609,stalaheminutephapears,high_maturity,False,CLIPese,0.0,True,mature,0.29055000000000003,False,,-1,-0.33392206,-0.07435827,0.05002307891845703,0.025177057832479477
1610,crystscanned,high_maturity,False,CLIPese,0.0,True,mature,0.48092500000000005,False,,-1,0.09201932,-0.13209918,0.05002307891845703,0.025177057832479477
1611,artochocolate,high_maturity,False,CLIPese,0.0,True,mature,0.700425,False,,-1,0.25008374,0.012027928,0.05002307891845703,0.025177057832479477
1612,loafbasking,high_maturity,False,CLIPese,0.0,True,mature,0.448825,False,,-1,-0.14955054,0.2090729,0.05002307891845703,0.025177057832479477
1613,configurloops,high_maturity,False,CLIPese,0.0,True,mature,0.66845,False,,-1,0.07134954,0.12857917,0.05002307891845703,0.025177057832479477
1614,wazwaldo,high_maturity,False,CLIPese,0.0,True,mature,0.8633,True,mature_readable,71,0.23026977,0.4205939,0.05002307891845703,0.025177057832479477
1615,ninjskell,high_maturity,False,CLIPese,0.0,True,mature,0.34875,False,,-1,0.040630806,-0.3123081,0.05002307891845703,0.025177057832479477
1616,canadaam,high_maturity,False,CLIPese,0.0,True,mature,0.6404249999999999,False,,-1,0.008537565,0.029325467,0.05002307891845703,0.025177057832479477
1617,kaleidoandolan,high_maturity,False,CLIPese,0.0,True,mature,0.17425,False,,-1,0.25629306,0.12246187,0.05002307891845703,0.025177057832479477
1618,tulear,high_maturity,True,English,1.18,True,mature,0.310025,False,,-1,0.31798342,0.08064293,0.05002307891845703,0.025177057832479477
1619,asserrotterdam,high_maturity,False,CLIPese,0.0,True,mature,0.734225,True,mature_readable,262,-0.14122853,-0.12546383,0.05002307891845703,0.025177057832479477
1620,onette,high_maturity,False,CLIPese,0.0,True,mature,0.78635,True,mature_readable,228,0.31623122,-0.09214289,0.05002307891845703,0.025177057832479477
1621,asants,high_maturity,False,CLIPese,0.0,True,mature,0.1832,False,,-1,0.16028674,-0.25308442,0.05002307891845703,0.025177057832479477
1622,cyberroblox,high_maturity,False,CLIPese,0.0,True,mature,0.53905,False,,-1,0.04548709,-0.10241219,0.05002307891845703,0.025177057832479477
1623,elengcopernictapegpu,high_maturity,False,CLIPese,0.0,True,mature,0.18869999999999998,False,,-1,-0.22713841,0.06618193,0.05002307891845703,0.025177057832479477
1624,bcbeer,high_maturity,False,CLIPese,0.0,True,mature,0.8613749999999999,True,mature_readable,196,0.26717207,0.06078274,0.05002307891845703,0.025177057832479477
1625,orangujissquirrel,high_maturity,False,CLIPese,0.0,True,mature,0.306775,False,,-1,-0.07762092,0.22772372,0.05002307891845703,0.025177057832479477
1626,skelcrysttrippy,high_maturity,False,CLIPese,0.0,True,mature,0.376475,False,,-1,-0.25811565,0.10861724,0.05002307891845703,0.025177057832479477
1627,guangpandas,high_maturity,False,CLIPese,0.0,True,mature,0.698025,False,,-1,-0.10131601,-0.089152075,0.05002307891845703,0.025177057832479477
1628,kaleidotranslucent,high_maturity,False,CLIPese,0.0,True,mature,0.1214,False,,-1,-0.19221586,0.1571049,0.05002307891845703,0.025177057832479477
1629,dalmatisika,high_maturity,False,CLIPese,0.0,True,mature,0.4244,False,,-1,-0.24217269,-0.13215633,0.05002307891845703,0.025177057832479477
1630,autuclutter,high_maturity,False,CLIPese,0.0,True,mature,0.5606000000000001,False,,-1,0.19558755,0.12697715,0.05002307891845703,0.025177057832479477
1631,cauliyuri,high_maturity,False,CLIPese,0.0,True,mature,0.210325,False,,-1,-0.031070277,0.11369186,0.05002307891845703,0.025177057832479477
1632,evanhalen,high_maturity,False,CLIPese,0.0,True,mature,0.9553,True,mature_readable,57,0.020465491,-0.061487645,0.05002307891845703,0.025177057832479477
1633,colombiais,high_maturity,False,CLIPese,0.0,True,mature,0.8187499999999999,True,mature_readable,222,-0.06793758,0.00031162542,0.05002307891845703,0.025177057832479477
1634,krakat,high_maturity,False,CLIPese,0.0,True,mature,0.7599,False,,-1,0.2134859,-0.029420758,0.05002307891845703,0.025177057832479477
1635,renko,high_maturity,True,English,1.87,True,mature,0.936525,True,mature_readable,64,0.28989217,0.0839035,0.05002307891845703,0.025177057832479477
1636,catdog,high_maturity,True,English,1.9,True,mature,0.5923499999999999,True,orthographic_hard,2,0.30753002,-0.09001366,0.05002307891845703,0.025177057832479477
1637,trossachs,high_maturity,True,English,1.92,True,mature,0.934925,True,mature_readable,52,-0.18127938,-0.004876544,0.05002307891845703,0.025177057832479477
1638,clippiday,high_maturity,False,CLIPese,0.0,True,mature,0.9418000000000001,True,mature_readable,107,0.112170815,-0.08092452,0.05002307891845703,0.025177057832479477
1639,mandelmicroscopy,high_maturity,False,CLIPese,0.0,True,mature,0.15115,False,,-1,-0.27265823,-0.26024455,0.05002307891845703,0.025177057832479477
1640,powderham,high_maturity,True,English,1.06,True,mature,0.732125,True,mature_readable,253,0.059614047,-0.05536863,0.05002307891845703,0.025177057832479477
1641,bestofrgb,high_maturity,False,CLIPese,0.0,True,mature,0.45547499999999996,False,,-1,0.17302632,0.007348377,0.05002307891845703,0.025177057832479477
1642,macedcheetah,high_maturity,False,CLIPese,0.0,True,mature,0.666525,True,orthographic_hard,29,-0.049240727,-0.13468763,0.05002307891845703,0.025177057832479477
1643,epiletapemicroscopy,high_maturity,False,CLIPese,0.0,True,mature,0.312525,False,,-1,-0.26193473,-0.16693738,0.05002307891845703,0.025177057832479477
1644,labraherd,high_maturity,False,CLIPese,0.0,True,mature,0.3746,False,,-1,-0.06040562,-0.13117899,0.05002307891845703,0.025177057832479477
1645,portraitstencil,high_maturity,False,CLIPese,0.0,True,mature,0.15305000000000002,False,,-1,-0.00017184688,0.07087441,0.05002307891845703,0.025177057832479477
1646,mongoshirtless,high_maturity,False,CLIPese,0.0,True,mature,0.4518499999999999,False,,-1,-0.16460037,0.12390368,0.05002307891845703,0.025177057832479477
1647,clowalf,high_maturity,False,CLIPese,0.0,True,mature,0.41815,False,,-1,0.3722428,0.23920466,0.05002307891845703,0.025177057832479477
1648,pomegran,high_maturity,False,CLIPese,0.0,True,mature,0.26687500000000003,False,,-1,0.13066746,-0.29078496,0.05002307891845703,0.025177057832479477
1649,harampixelart,high_maturity,False,CLIPese,0.0,True,mature,0.32085,False,,-1,-0.29241806,-0.09661298,0.05002307891845703,0.025177057832479477
1650,barclaygrid,high_maturity,False,CLIPese,0.0,True,mature,0.62695,False,,-1,-0.06694665,-0.03489921,0.05002307891845703,0.025177057832479477
1651,louboutassets,high_maturity,False,CLIPese,0.0,True,mature,0.17607499999999998,False,,-1,-0.14592578,0.23757887,0.05002307891845703,0.025177057832479477
1652,britishfarming,high_maturity,False,CLIPese,0.0,True,mature,0.7682249999999999,True,mature_readable,215,-0.07343392,-0.038302906,0.05002307891845703,0.025177057832479477
1653,atriathlon,high_maturity,False,CLIPese,0.0,True,mature,0.798175,True,mature_readable,187,0.08536904,0.14872116,0.05002307891845703,0.025177057832479477
1654,brickchunks,high_maturity,False,CLIPese,0.0,True,mature,0.510475,False,,-1,0.041037906,-0.13793086,0.05002307891845703,0.025177057832479477
1655,distorkaleidostare,high_maturity,False,CLIPese,0.0,True,mature,0.1075,False,,-1,-0.332086,0.17012943,0.05002307891845703,0.025177057832479477
1656,photomkaleidomedusa,high_maturity,False,CLIPese,0.0,True,mature,0.081925,True,mature_weak,395,-0.37545794,-0.040393487,0.05002307891845703,0.025177057832479477
1657,kaleidosynthesis,high_maturity,False,CLIPese,0.0,True,mature,0.245475,False,,-1,-0.21969093,-0.05239398,0.05002307891845703,0.025177057832479477
1658,blondog,high_maturity,False,CLIPese,0.0,True,mature,0.7445,True,fallback_fill,505,-0.04230017,-0.05396191,0.05002307891845703,0.025177057832479477
1659,candel,high_maturity,True,English,1.24,True,mature,0.947175,True,mature_readable,65,0.20524035,0.097806185,0.05002307891845703,0.025177057832479477
1660,aluminmathematdeeply,high_maturity,False,CLIPese,0.0,True,mature,0.265725,False,,-1,-0.29603383,-0.029238023,0.05002307891845703,0.025177057832479477
1661,mysterywaldo,high_maturity,False,CLIPese,0.0,True,mature,0.4638,False,,-1,0.13843891,0.07785384,0.05002307891845703,0.025177057832479477
1662,rummiku,high_maturity,False,CLIPese,0.0,True,mature,0.76755,True,mature_readable,256,0.113341205,-0.18688345,0.05002307891845703,0.025177057832479477
1663,artichorendering,high_maturity,False,CLIPese,0.0,True,mature,0.32257500000000006,False,,-1,-0.14727476,0.1327747,0.05002307891845703,0.025177057832479477
1664,attackdoors,high_maturity,False,CLIPese,0.0,True,mature,0.7646000000000001,True,mature_readable,278,0.33708143,-0.0051976778,0.05002307891845703,0.025177057832479477
1665,gigabkraft,high_maturity,False,CLIPese,0.0,True,mature,0.289175,False,,-1,-0.11081644,0.021242222,0.05002307891845703,0.025177057832479477
1666,navyfractal,high_maturity,False,CLIPese,0.0,True,mature,0.51115,False,,-1,-0.19695821,0.031104986,0.05002307891845703,0.025177057832479477
1667,lawrenceearrings,high_maturity,False,CLIPese,0.0,True,mature,0.55205,False,,-1,-0.19199741,0.19496498,0.05002307891845703,0.025177057832479477
1668,stateoctagon,high_maturity,False,CLIPese,0.0,True,mature,0.8320749999999999,True,mature_readable,108,-0.1886381,0.058985595,0.05002307891845703,0.025177057832479477
1669,schwarzflurmugshot,high_maturity,False,CLIPese,0.0,True,mature,0.39005,False,,-1,-0.14314538,0.038846724,0.05002307891845703,0.025177057832479477
1670,brownies,high_maturity,True,English,3.19,True,mature,0.88315,True,mature_readable,111,0.30245686,-0.094800286,0.05002307891845703,0.025177057832479477
1671,shilpashetty,high_maturity,False,CLIPese,0.0,True,mature,0.293925,False,,-1,-0.14807492,0.105601504,0.05002307891845703,0.025177057832479477
1672,catdoge,high_maturity,False,CLIPese,0.0,True,mature,0.8110749999999999,True,orthographic_hard,3,0.39366195,-0.018030012,0.05002307891845703,0.025177057832479477
1673,anglesey,high_maturity,True,English,2.9,True,mature,0.7096,False,,-1,0.33090034,0.011090784,0.05002307891845703,0.025177057832479477
1674,abasketball,high_maturity,False,CLIPese,0.0,True,mature,0.5949,False,,-1,-0.10038745,-0.00934437,0.05002307891845703,0.025177057832479477
1675,matisse,high_maturity,True,English,2.88,True,mature,0.595,False,,-1,0.091409184,-0.2583931,0.05002307891845703,0.025177057832479477
1676,funkosnapchat,high_maturity,False,CLIPese,0.0,True,mature,0.5582,False,,-1,-0.055613406,0.07598366,0.05002307891845703,0.025177057832479477
1677,mboldo,high_maturity,False,CLIPese,0.0,True,mature,0.40764999999999996,False,,-1,0.052881863,-0.22722438,0.05002307891845703,0.025177057832479477
1678,chinasea,high_maturity,False,CLIPese,0.0,True,mature,0.7175750000000001,False,,-1,0.3455963,-0.16055009,0.05002307891845703,0.025177057832479477
1679,taxiderouf,high_maturity,False,CLIPese,0.0,True,mature,0.24457500000000001,False,,-1,0.22778714,-0.22302589,0.05002307891845703,0.025177057832479477
1680,braids,high_maturity,True,English,3.01,True,mature,0.750475,False,,-1,0.22214662,-0.27085787,0.05002307891845703,0.025177057832479477
1681,autisma,high_maturity,False,CLIPese,0.0,True,mature,0.5347,False,,-1,0.19175668,-0.1459018,0.05002307891845703,0.025177057832479477
1682,ducklookout,high_maturity,False,CLIPese,0.0,True,mature,0.6799750000000001,True,fallback_fill,486,-0.10480841,0.100252986,0.05002307891845703,0.025177057832479477
1683,cesaro,high_maturity,True,English,2.47,True,mature,0.7892499999999999,True,mature_readable,176,-0.011169711,0.0056627835,0.05002307891845703,0.025177057832479477
1684,swordlockheed,high_maturity,False,CLIPese,0.0,True,mature,0.5566749999999999,False,,-1,0.065941066,0.17229989,0.05002307891845703,0.025177057832479477
1685,taxiderfox,high_maturity,False,CLIPese,0.0,True,mature,0.3209,False,,-1,-0.11492945,-0.017478587,0.05002307891845703,0.025177057832479477
1686,disintegrmonet,high_maturity,False,CLIPese,0.0,True,mature,0.31957500000000005,False,,-1,-0.37216148,0.028165607,0.05002307891845703,0.025177057832479477
1687,kaleidophotographing,high_maturity,False,CLIPese,0.0,True,mature,0.051750000000000004,False,,-1,-0.3971973,0.10182865,0.05002307891845703,0.025177057832479477
1688,giovgeometric,high_maturity,False,CLIPese,0.0,True,mature,0.33630000000000004,False,,-1,-0.26587737,-0.1456469,0.05002307891845703,0.025177057832479477
1689,cliffcliff,high_maturity,False,CLIPese,0.0,True,mature,0.555,False,,-1,0.14828756,0.13538192,0.05002307891845703,0.025177057832479477
1690,pomegranate,high_maturity,True,English,2.93,True,mature,0.611425,False,,-1,-0.09517422,-0.016575633,0.05002307891845703,0.025177057832479477
1691,squidpixelart,high_maturity,False,CLIPese,0.0,True,mature,0.23920000000000002,False,,-1,-0.17547089,0.1915777,0.05002307891845703,0.025177057832479477
1692,monkeyhdr,high_maturity,False,CLIPese,0.0,True,mature,0.47532499999999994,False,,-1,0.06707589,-0.41310024,0.05002307891845703,0.025177057832479477
1693,buildtrooper,high_maturity,False,CLIPese,0.0,True,mature,0.764025,True,mature_readable,195,-0.18041912,0.07782586,0.05002307891845703,0.025177057832479477
1694,sheepfractal,high_maturity,False,CLIPese,0.0,True,mature,0.4317,False,,-1,0.15760395,0.15390998,0.05002307891845703,0.025177057832479477
1695,germinavocado,high_maturity,False,CLIPese,0.0,True,mature,0.59445,False,,-1,-0.15806103,-0.045707732,0.05002307891845703,0.025177057832479477
1696,outburger,high_maturity,False,CLIPese,0.0,True,mature,0.9305249999999998,True,mature_readable,56,0.39530507,0.117011376,0.05002307891845703,0.025177057832479477
1697,kaleidoshulpixel,high_maturity,False,CLIPese,0.0,True,mature,0.19140000000000001,False,,-1,-0.26207417,0.26262438,0.05002307891845703,0.025177057832479477
1698,adopttrees,high_maturity,False,CLIPese,0.0,True,mature,0.8054999999999999,True,mature_readable,160,0.06458205,-0.16376507,0.05002307891845703,0.025177057832479477
1699,breweries,high_maturity,True,English,3.27,True,mature,0.897,True,mature_readable,88,0.29478574,0.13886167,0.05002307891845703,0.025177057832479477
1700,katrantzou,high_maturity,True,English,1.37,True,mature,0.3053,False,,-1,0.24012297,0.077448525,0.05002307891845703,0.025177057832479477
1701,frantaxidercoyotes,high_maturity,False,CLIPese,0.0,True,mature,0.7462000000000001,False,,-1,-0.24415222,-0.14842746,0.05002307891845703,0.025177057832479477
1702,hypnopixelart,high_maturity,False,CLIPese,0.0,True,mature,0.25634999999999997,False,,-1,-0.15106902,-0.03737717,0.05002307891845703,0.025177057832479477
1703,colourpercentage,high_maturity,False,CLIPese,0.0,True,mature,0.57695,False,,-1,-0.09937877,-0.000228095,0.05002307891845703,0.025177057832479477
1704,orangubrenda,high_maturity,False,CLIPese,0.0,True,mature,0.37085,False,,-1,-0.20846914,-0.15743622,0.05002307891845703,0.025177057832479477
1705,nycemojis,high_maturity,False,CLIPese,0.0,True,mature,0.8134,False,,-1,-0.121745564,-0.07358084,0.05002307891845703,0.025177057832479477
1706,photomfractal,high_maturity,False,CLIPese,0.0,True,mature,0.06627500000000001,True,mature_weak,370,0.042017106,-0.14956447,0.05002307891845703,0.025177057832479477
1707,sphermatrix,high_maturity,False,CLIPese,0.0,True,mature,0.18322499999999997,False,,-1,-0.22389391,-0.14481482,0.05002307891845703,0.025177057832479477
1708,democrsafarilive,high_maturity,False,CLIPese,0.0,True,mature,0.152675,False,,-1,-0.13779555,0.13591543,0.05002307891845703,0.025177057832479477
1709,sharkmathematgopro,high_maturity,False,CLIPese,0.0,True,mature,0.4861000000000001,False,,-1,-0.29198816,-0.1964817,0.05002307891845703,0.025177057832479477
1710,lufalfa,high_maturity,False,CLIPese,0.0,True,mature,0.50945,False,,-1,-0.039885115,-0.013003781,0.05002307891845703,0.025177057832479477
1711,valuepixelart,high_maturity,False,CLIPese,0.0,True,mature,0.136475,False,,-1,-0.055017974,-0.19148317,0.05002307891845703,0.025177057832479477
1712,bbcbratfrequency,high_maturity,False,CLIPese,0.0,True,mature,0.669025,True,orthographic_hard,31,-0.0015230667,-0.104683995,0.05002307891845703,0.025177057832479477
1713,medalcutout,high_maturity,False,CLIPese,0.0,True,mature,0.757725,True,mature_readable,203,-0.10981979,-0.20056796,0.05002307891845703,0.025177057832479477
1714,kaleidoinfrared,high_maturity,False,CLIPese,0.0,True,mature,0.34902500000000003,False,,-1,-0.1726002,0.1857816,0.05002307891845703,0.025177057832479477
1715,pokladybug,high_maturity,False,CLIPese,0.0,True,mature,0.656475,True,fallback_fill,510,-0.17882258,0.054252695,0.05002307891845703,0.025177057832479477
1716,sunilgrover,high_maturity,False,CLIPese,0.0,True,mature,0.40122500000000005,False,,-1,-0.13433617,-0.108404,0.05002307891845703,0.025177057832479477
1717,cannabismuenady,high_maturity,False,CLIPese,0.0,True,mature,0.9042250000000001,True,mature_readable,60,-0.13726558,0.02345361,0.05002307891845703,0.025177057832479477
1718,toga,high_maturity,True,English,2.73,True,mature,0.7922499999999999,True,mature_readable,180,0.26816958,-0.018793913,0.05002307891845703,0.025177057832479477
1719,bhopal,high_maturity,True,English,2.79,True,mature,0.84075,True,mature_readable,135,0.18906596,-0.12107675,0.05002307891845703,0.025177057832479477
1720,gringodawgs,high_maturity,False,CLIPese,0.0,True,mature,0.2131,False,,-1,-0.21841633,0.09964408,0.05002307891845703,0.025177057832479477
1721,blanchett,high_maturity,True,English,2.53,True,mature,0.53775,False,,-1,0.25028396,0.09229831,0.05002307891845703,0.025177057832479477
1722,khound,high_maturity,False,CLIPese,0.0,True,mature,0.46914999999999996,False,,-1,0.12506485,-0.17420375,0.05002307891845703,0.025177057832479477
1723,tuxfluffymeowalfie,high_maturity,False,CLIPese,0.0,True,mature,0.365425,False,,-1,-0.106539056,0.12350194,0.05002307891845703,0.025177057832479477
1724,marathdelavinpikachu,high_maturity,False,CLIPese,0.0,True,mature,0.5754000000000001,False,,-1,-0.0034173203,0.0895782,0.05002307891845703,0.025177057832479477
1725,pyarkeaisebhi,high_maturity,False,CLIPese,0.0,True,mature,0.4793,False,,-1,-0.24235675,0.2074281,0.05002307891845703,0.025177057832479477
1726,morphorender,high_maturity,False,CLIPese,0.0,True,mature,0.45185000000000003,False,,-1,-0.15562719,-0.1802351,0.05002307891845703,0.025177057832479477
1727,okuwarhol,high_maturity,False,CLIPese,0.0,True,mature,0.591775,False,,-1,0.024943914,0.24940643,0.05002307891845703,0.025177057832479477
1728,austrboar,high_maturity,False,CLIPese,0.0,True,mature,0.45587500000000003,False,,-1,0.24902438,0.1435148,0.05002307891845703,0.025177057832479477
1729,psychedpepe,high_maturity,False,CLIPese,0.0,True,mature,0.5576,False,,-1,-0.23613644,-0.09383791,0.05002307891845703,0.025177057832479477
1730,alphabesymbol,high_maturity,False,CLIPese,0.0,True,mature,0.33594999999999997,False,,-1,-0.12154756,-0.15855338,0.05002307891845703,0.025177057832479477
1731,agates,high_maturity,True,English,1.73,True,mature,0.8217749999999999,True,mature_readable,151,0.38069978,-0.04607631,0.05002307891845703,0.025177057832479477
1732,dalmatitaurus,high_maturity,False,CLIPese,0.0,True,mature,0.59135,False,,-1,-0.16597992,-0.10755523,0.05002307891845703,0.025177057832479477
1733,imageimpressionist,high_maturity,False,CLIPese,0.0,True,mature,0.23535,False,,-1,-0.38373473,-0.0512421,0.05002307891845703,0.025177057832479477
1734,cabbage,high_maturity,True,English,3.55,True,mature,0.8018,True,mature_readable,217,0.19008124,-0.04798032,0.05002307891845703,0.025177057832479477
1735,taxiderwolf,high_maturity,False,CLIPese,0.0,True,mature,0.44194999999999995,False,,-1,0.039749116,0.0940326,0.05002307891845703,0.025177057832479477
1736,ohioemu,high_maturity,False,CLIPese,0.0,True,mature,0.5724999999999999,False,,-1,0.11591897,0.06266268,0.05002307891845703,0.025177057832479477
1737,africanshep,high_maturity,False,CLIPese,0.0,True,mature,0.7432000000000001,True,mature_readable,257,0.06753323,-0.035599243,0.05002307891845703,0.025177057832479477
1738,attackjar,high_maturity,False,CLIPese,0.0,True,mature,0.8111250000000001,True,mature_readable,148,0.10071448,0.055492647,0.05002307891845703,0.025177057832479477
1739,coleslaw,high_maturity,True,English,2.64,True,mature,0.55995,False,,-1,0.051142905,-0.068017416,0.05002307891845703,0.025177057832479477
1740,compupopup,high_maturity,False,CLIPese,0.0,True,mature,0.6636500000000001,False,,-1,-0.10276783,-0.05813711,0.05002307891845703,0.025177057832479477
1741,taxidercolorful,high_maturity,False,CLIPese,0.0,True,mature,0.05075,False,,-1,-0.20682372,0.19776632,0.05002307891845703,0.025177057832479477
1742,poinsettia,high_maturity,True,English,2.12,True,mature,0.35475,False,,-1,-0.09428961,0.1331948,0.05002307891845703,0.025177057832479477
1743,seacdispenser,high_maturity,False,CLIPese,0.0,True,mature,0.559425,False,,-1,-0.035008308,-0.008773969,0.05002307891845703,0.025177057832479477
1744,kalejigsaw,high_maturity,False,CLIPese,0.0,True,mature,0.401125,False,,-1,-0.14334601,0.3029925,0.05002307891845703,0.025177057832479477
1745,pallimodernilegopauls,high_maturity,False,CLIPese,0.0,True,mature,0.16820000000000002,True,mature_weak,412,-0.19033325,-0.1188038,0.05002307891845703,0.025177057832479477
1746,abstrshrek,high_maturity,False,CLIPese,0.0,True,mature,0.48692500000000005,False,,-1,0.39680856,0.04717129,0.05002307891845703,0.025177057832479477
1747,gumblighthouse,high_maturity,False,CLIPese,0.0,True,mature,0.8882500000000001,True,mature_readable,59,-0.24844348,0.17182228,0.05002307891845703,0.025177057832479477
1748,japanesedodgeball,high_maturity,False,CLIPese,0.0,True,mature,0.7038249999999999,False,,-1,-0.167224,0.072579935,0.05002307891845703,0.025177057832479477
1749,lautkorfighterjets,high_maturity,False,CLIPese,0.0,True,mature,0.53145,False,,-1,-0.11081543,0.16582842,0.05002307891845703,0.025177057832479477
1750,kaleidoeyenightmare,high_maturity,False,CLIPese,0.0,True,mature,0.310175,False,,-1,-0.29240337,0.15116517,0.05002307891845703,0.025177057832479477
1751,lagann,high_maturity,True,English,1.94,True,mature,0.633775,False,,-1,0.28339657,-0.045738544,0.05002307891845703,0.025177057832479477
1752,testicspectrum,high_maturity,False,CLIPese,0.0,True,mature,0.6956249999999999,False,,-1,-0.20572738,0.018094784,0.05002307891845703,0.025177057832479477
1753,ihrioural,high_maturity,False,CLIPese,0.0,True,mature,0.151125,True,mature_weak,414,0.117768265,0.2835757,0.05002307891845703,0.025177057832479477
1754,orangutoddlers,high_maturity,False,CLIPese,0.0,True,mature,0.339025,False,,-1,-0.06526016,0.13199532,0.05002307891845703,0.025177057832479477
1755,blackdatabdistorpixelart,high_maturity,False,CLIPese,0.0,True,mature,0.12955000000000003,True,mature_weak,423,0.08019617,-0.131145,0.05002307891845703,0.025177057832479477
1756,skimleakpaper,high_maturity,False,CLIPese,0.0,True,mature,0.6196750000000001,True,fallback_fill,500,-0.039055046,0.0074372655,0.05002307891845703,0.025177057832479477
1757,chlorop,high_maturity,False,CLIPese,0.0,True,mature,0.821725,True,mature_readable,144,0.21887946,-0.31401518,0.05002307891845703,0.025177057832479477
1758,inducloafbowel,high_maturity,False,CLIPese,0.0,True,mature,0.40412499999999996,False,,-1,0.07432974,0.13381903,0.05002307891845703,0.025177057832479477
1759,haring,high_maturity,True,English,2.37,True,mature,0.58135,False,,-1,0.2818645,0.17357448,0.05002307891845703,0.025177057832479477
1760,chromofries,high_maturity,False,CLIPese,0.0,True,mature,0.48657500000000004,False,,-1,-0.17233387,-0.21980664,0.05002307891845703,0.025177057832479477
1761,pretztrombone,high_maturity,False,CLIPese,0.0,True,mature,0.58855,False,,-1,-0.12013394,-0.14831397,0.05002307891845703,0.025177057832479477
1762,drakebeagle,high_maturity,False,CLIPese,0.0,True,mature,0.8579249999999999,True,mature_readable,79,-0.043195684,-0.006685384,0.05002307891845703,0.025177057832479477
1763,barista,high_maturity,True,English,3.02,True,mature,0.7157,False,,-1,0.24390484,-0.016093343,0.05002307891845703,0.025177057832479477
1764,nashvilleliberalantenna,high_maturity,False,CLIPese,0.0,True,mature,0.592775,False,,-1,-0.040953547,0.08509153,0.05002307891845703,0.025177057832479477
1765,genealowebcam,high_maturity,False,CLIPese,0.0,True,mature,0.18219999999999997,False,,-1,-0.2410657,0.095314756,0.05002307891845703,0.025177057832479477
1766,taxiderlewanczech,high_maturity,False,CLIPese,0.0,True,mature,0.2474,False,,-1,0.14964783,-0.14057592,0.05002307891845703,0.025177057832479477
1767,wolftekken,high_maturity,False,CLIPese,0.0,True,mature,0.5542750000000001,False,,-1,-0.017328868,0.30645278,0.05002307891845703,0.025177057832479477
1768,hydromtg,high_maturity,False,CLIPese,0.0,True,mature,0.377775,False,,-1,-0.09330436,-0.16017826,0.05002307891845703,0.025177057832479477
1769,calvins,high_maturity,True,English,1.53,True,mature,0.69745,False,,-1,0.29282776,0.0617237,0.05002307891845703,0.025177057832479477
1770,pikachzombie,high_maturity,False,CLIPese,0.0,True,mature,0.64845,False,,-1,-0.04479653,-0.016534826,0.05002307891845703,0.025177057832479477
1771,boxes,high_maturity,True,English,4.34,True,mature,0.593075,False,,-1,0.44047034,0.030316914,0.05002307891845703,0.025177057832479477
1772,pixelwarhol,high_maturity,False,CLIPese,0.0,True,mature,0.49355000000000004,False,,-1,0.12281715,0.18593822,0.05002307891845703,0.025177057832479477
1773,duncanjames,high_maturity,False,CLIPese,0.0,True,mature,0.38262500000000005,False,,-1,-0.20753713,-0.07754259,0.05002307891845703,0.025177057832479477
1774,edmongreyhound,high_maturity,False,CLIPese,0.0,True,mature,0.43584999999999996,False,,-1,-0.18024543,-0.07283736,0.05002307891845703,0.025177057832479477
1775,maersk,high_maturity,True,English,2.42,True,mature,0.7215750000000001,True,orthographic_hard,46,0.1645168,-0.24921687,0.05002307891845703,0.025177057832479477
1776,mandelcgi,high_maturity,False,CLIPese,0.0,True,mature,0.20195000000000002,False,,-1,-0.18191342,0.015038652,0.05002307891845703,0.025177057832479477
1777,elisicki,high_maturity,False,CLIPese,0.0,True,mature,0.42767499999999997,False,,-1,-0.05320363,0.113479696,0.05002307891845703,0.025177057832479477
1778,kaleidoclouds,high_maturity,False,CLIPese,0.0,True,mature,0.427775,False,,-1,-0.11530793,-0.12121241,0.05002307891845703,0.025177057832479477
1779,bulgarian,high_maturity,True,English,3.81,True,mature,0.5870500000000001,True,orthographic_hard,35,0.08459666,0.28508633,0.05002307891845703,0.025177057832479477
1780,raygrunge,high_maturity,False,CLIPese,0.0,True,mature,0.43989999999999996,False,,-1,0.27929664,-0.05237356,0.05002307891845703,0.025177057832479477
1781,albatros,high_maturity,True,English,1.84,True,mature,0.5986750000000001,False,,-1,0.17734182,0.13590252,0.05002307891845703,0.025177057832479477
1782,specwarhol,high_maturity,False,CLIPese,0.0,True,mature,0.667225,False,,-1,0.06605897,0.3495433,0.05002307891845703,0.025177057832479477
1783,eleloom,high_maturity,False,CLIPese,0.0,True,mature,0.8748499999999999,True,mature_readable,98,0.21837161,-0.15947813,0.05002307891845703,0.025177057832479477
1784,pugbeethoven,high_maturity,False,CLIPese,0.0,True,mature,0.7948000000000001,False,,-1,-0.07027515,0.066535726,0.05002307891845703,0.025177057832479477
1785,paella,high_maturity,True,English,2.63,True,mature,0.38880000000000003,False,,-1,0.15857422,0.047782887,0.05002307891845703,0.025177057832479477
1786,ozarrolltide,high_maturity,False,CLIPese,0.0,True,mature,0.44402500000000006,False,,-1,-0.025236301,-0.13329175,0.05002307891845703,0.025177057832479477
1787,preityzinta,high_maturity,False,CLIPese,0.0,True,mature,0.1857,False,,-1,-0.19876337,0.23243469,0.05002307891845703,0.025177057832479477
1788,extrupopcorn,high_maturity,False,CLIPese,0.0,True,mature,0.711625,True,fallback_fill,511,-0.07866961,-0.02822312,0.05002307891845703,0.025177057832479477
1789,balochi,high_maturity,True,English,1.84,True,mature,0.863775,True,mature_readable,185,0.099182904,0.15045384,0.05002307891845703,0.025177057832479477
1790,fcthulhu,high_maturity,False,CLIPese,0.0,True,mature,0.6223,False,,-1,0.26083753,0.1440373,0.05002307891845703,0.025177057832479477
1791,assaulharrier,high_maturity,False,CLIPese,0.0,True,mature,0.564325,False,,-1,-0.14068905,0.027738618,0.05002307891845703,0.025177057832479477
1792,mandelcloseup,high_maturity,False,CLIPese,0.0,True,mature,0.64505,False,,-1,-0.16931894,0.028947635,0.05002307891845703,0.025177057832479477
1793,lufalfarraptors,high_maturity,False,CLIPese,0.0,True,mature,0.665625,False,,-1,-0.12277704,-0.12325352,0.05002307891845703,0.025177057832479477
1794,bears,high_maturity,True,English,4.34,True,mature,0.765775,False,,-1,0.48758027,0.12332212,0.05002307891845703,0.025177057832479477
1795,kachneko,high_maturity,False,CLIPese,0.0,True,mature,0.46919999999999995,False,,-1,-0.13659403,-0.17837356,0.05002307891845703,0.025177057832479477
1796,makarsankranti,high_maturity,False,CLIPese,0.0,True,mature,0.3395,False,,-1,0.021601934,-0.08177712,0.05002307891845703,0.025177057832479477
1797,imagefuzzrainbow,high_maturity,False,CLIPese,0.0,True,mature,0.3392,False,,-1,-0.06671277,0.14067349,0.05002307891845703,0.025177057832479477
1798,axstv,high_maturity,False,CLIPese,0.0,True,mature,0.88885,True,mature_readable,90,0.376352,-0.014425886,0.05002307891845703,0.025177057832479477
1799,crystalli,high_maturity,False,CLIPese,0.0,True,mature,0.4644499999999999,False,,-1,0.1382386,0.08989566,0.05002307891845703,0.025177057832479477
1800,affiliated,low_maturity_control,True,English,3.96,False,immature,0.5197,False,,-1,0.1425995,0.12911959,0.05002307891845703,0.025177057832479477
1801,alized,low_maturity_control,False,CLIPese,0.0,False,immature,0.3729,True,low_both,484,0.37149093,0.283059,0.05002307891845703,0.025177057832479477
1802,enters,low_maturity_control,True,English,4.01,False,immature,0.88875,True,immature_readable,295,0.4161023,-0.036245935,0.05002307891845703,0.025177057832479477
1803,transmitted,low_maturity_control,True,English,3.87,False,immature,0.396125,False,,-1,-0.015869137,-0.20593543,0.05002307891845703,0.025177057832479477
1804,followthe,low_maturity_control,False,CLIPese,0.0,False,immature,0.47135,False,,-1,0.14465405,0.11995995,0.05002307891845703,0.025177057832479477
1805,brang,low_maturity_control,True,English,1.42,False,immature,0.6526,True,immature_readable,337,0.052311268,-0.07472463,0.05002307891845703,0.025177057832479477
1806,conoce,low_maturity_control,True,English,1.17,False,immature,0.6886000000000001,True,immature_readable,343,0.17373627,-0.33368406,0.05002307891845703,0.025177057832479477
1807,claiming,low_maturity_control,True,English,4.33,False,immature,0.9076,True,immature_readable,286,0.089209855,-0.01716898,0.05002307891845703,0.025177057832479477
1808,givin,low_maturity_control,True,English,2.86,False,immature,0.330975,True,low_both,472,0.33510917,0.080022275,0.05002307891845703,0.025177057832479477
1809,contains,low_maturity_control,True,English,4.68,False,immature,0.28725,True,low_both,465,0.25429457,-0.10389262,0.05002307891845703,0.025177057832479477
1810,beforeand,low_maturity_control,False,CLIPese,0.0,False,immature,0.39215,False,,-1,0.3125404,-0.15246074,0.05002307891845703,0.025177057832479477
1811,defines,low_maturity_control,True,English,3.86,False,immature,0.8923,True,immature_readable,287,0.3090988,0.026009964,0.05002307891845703,0.025177057832479477
1812,hosted,low_maturity_control,True,English,4.25,False,immature,0.8680749999999999,True,immature_readable,297,0.28456625,-0.004207733,0.05002307891845703,0.025177057832479477
1813,happens,low_maturity_control,True,English,4.96,False,immature,0.676875,True,immature_readable,351,0.27691352,0.06351402,0.05002307891845703,0.025177057832479477
1814,requires,low_maturity_control,True,English,4.67,False,immature,0.32205,True,low_both,474,0.34740722,-0.024488656,0.05002307891845703,0.025177057832479477
1815,bothering,low_maturity_control,True,English,3.63,False,immature,0.832975,True,immature_readable,305,0.2615813,-0.03271527,0.05002307891845703,0.025177057832479477
1816,acknowle,low_maturity_control,False,CLIPese,0.0,False,immature,0.20140000000000002,True,low_both,450,0.4424127,0.10785619,0.05002307891845703,0.025177057832479477
1817,mustsee,low_maturity_control,False,CLIPese,0.0,False,immature,0.281725,True,low_both,466,0.29997706,-0.005617506,0.05002307891845703,0.025177057832479477
1818,artistsontwitter,low_maturity_control,False,CLIPese,0.0,False,immature,0.07805000000000001,True,low_both,445,-0.26198533,0.17819262,0.05002307891845703,0.025177057832479477
1819,passed,low_maturity_control,True,English,4.92,False,immature,0.82475,True,immature_readable,311,0.25621635,0.015381237,0.05002307891845703,0.025177057832479477
1820,visuals,low_maturity_control,True,English,3.57,False,immature,0.48985000000000006,False,,-1,0.20741378,-0.1469928,0.05002307891845703,0.025177057832479477
1821,while,low_maturity_control,True,English,5.86,False,immature,0.096,True,low_both,447,0.42680618,0.34676504,0.05002307891845703,0.025177057832479477
1822,denies,low_maturity_control,True,English,3.73,False,immature,0.7124499999999999,True,immature_readable,342,0.34719098,0.16913122,0.05002307891845703,0.025177057832479477
1823,unfor,low_maturity_control,True,English,1.24,False,immature,0.810275,True,immature_readable,308,0.24917546,-0.05857356,0.05002307891845703,0.025177057832479477
1824,art,low_maturity_control,True,English,5.29,False,immature,0.29315,True,low_both,461,0.24803205,-0.21451358,0.05002307891845703,0.025177057832479477
1825,activated,low_maturity_control,True,English,4.01,False,immature,0.914675,True,immature_readable,288,0.30091316,0.2412959,0.05002307891845703,0.025177057832479477
1826,version,low_maturity_control,True,English,5.07,False,immature,0.31725000000000003,True,low_both,468,0.17912312,0.24434726,0.05002307891845703,0.025177057832479477
1827,agains,low_maturity_control,True,English,2.31,False,immature,0.604525,False,,-1,0.37780938,0.12767084,0.05002307891845703,0.025177057832479477
1828,gonna,low_maturity_control,True,English,5.29,False,immature,0.7001749999999999,True,immature_readable,335,0.25545767,-0.15312783,0.05002307891845703,0.025177057832479477
1829,considers,low_maturity_control,True,English,4.03,False,immature,0.348475,True,low_both,476,0.1189326,0.14120089,0.05002307891845703,0.025177057832479477
1830,thekk,low_maturity_control,False,CLIPese,0.0,False,immature,0.51505,False,,-1,0.11578082,0.15941769,0.05002307891845703,0.025177057832479477
1831,alltimel,low_maturity_control,False,CLIPese,0.0,False,immature,0.65,True,immature_readable,346,0.022794193,0.05836047,0.05002307891845703,0.025177057832479477
1832,looked,low_maturity_control,True,English,5.11,False,immature,0.4109,False,,-1,0.2090492,-0.12143342,0.05002307891845703,0.025177057832479477
1833,lingly,low_maturity_control,False,CLIPese,0.0,False,immature,0.716975,True,immature_readable,347,-0.009980253,0.009794674,0.05002307891845703,0.025177057832479477
1834,violated,low_maturity_control,True,English,3.91,False,immature,0.5985,False,,-1,0.20957065,0.028666519,0.05002307891845703,0.025177057832479477
1835,replied,low_maturity_control,True,English,4.28,False,immature,0.353225,True,low_both,477,0.21482112,0.066959485,0.05002307891845703,0.025177057832479477
1836,searly,low_maturity_control,False,CLIPese,0.0,False,immature,0.59705,False,,-1,0.17497121,0.16486236,0.05002307891845703,0.025177057832479477
1837,realizes,low_maturity_control,True,English,3.75,False,immature,0.24245,True,low_both,464,0.17090592,0.22208041,0.05002307891845703,0.025177057832479477
1838,ruled,low_maturity_control,True,English,4.3,False,immature,0.653875,True,immature_readable,353,0.25765866,0.15714234,0.05002307891845703,0.025177057832479477
1839,commi,low_maturity_control,True,English,1.78,False,immature,0.7231750000000001,True,immature_readable,324,0.07598047,-0.5414204,0.05002307891845703,0.025177057832479477
1840,allows,low_maturity_control,True,English,4.67,False,immature,0.4162,False,,-1,0.4847463,0.31821877,0.05002307891845703,0.025177057832479477
1841,publishes,low_maturity_control,True,English,3.55,False,immature,0.6141000000000001,False,,-1,0.21765284,0.09590858,0.05002307891845703,0.025177057832479477
1842,informing,low_maturity_control,True,English,3.58,False,immature,0.7253499999999999,True,immature_readable,338,-0.06821945,-0.07665627,0.05002307891845703,0.025177057832479477
1843,asked,low_maturity_control,True,English,5.3,False,immature,0.6729,True,immature_readable,356,0.30132842,0.016508695,0.05002307891845703,0.025177057832479477
1844,folks,low_maturity_control,True,English,4.59,False,immature,0.36807500000000004,True,low_both,482,0.2737273,0.10701142,0.05002307891845703,0.025177057832479477
1845,mised,low_maturity_control,False,CLIPese,0.0,False,immature,0.7801250000000001,True,immature_readable,317,0.24372435,-0.2167414,0.05002307891845703,0.025177057832479477
1846,gathere,low_maturity_control,False,CLIPese,0.0,False,immature,0.7907750000000001,True,immature_readable,312,0.18380767,0.05976105,0.05002307891845703,0.025177057832479477
1847,concepts,low_maturity_control,True,English,4.26,False,immature,0.8061,True,immature_readable,301,0.03418141,-0.17501181,0.05002307891845703,0.025177057832479477
1848,weren,low_maturity_control,True,English,2.21,False,immature,0.34245000000000003,True,low_both,480,0.40479714,0.109626025,0.05002307891845703,0.025177057832479477
1849,onlined,low_maturity_control,False,CLIPese,0.0,False,immature,0.3161,True,low_both,470,-0.0150575265,-0.122361235,0.05002307891845703,0.025177057832479477
1850,diffu,low_maturity_control,False,CLIPese,0.0,False,immature,0.29102500000000003,True,low_both,463,0.27212048,0.29279685,0.05002307891845703,0.025177057832479477
1851,tifully,low_maturity_control,False,CLIPese,0.0,False,immature,0.59795,False,,-1,0.10839719,0.016467858,0.05002307891845703,0.025177057832479477
1852,matters,low_maturity_control,True,English,4.72,False,immature,0.888575,True,orthographic_hard,47,0.17237096,-0.11224731,0.05002307891845703,0.025177057832479477
1853,approx,low_maturity_control,True,English,3.51,False,immature,0.1475,True,low_both,446,0.2541281,-0.033286393,0.05002307891845703,0.025177057832479477
1854,required,low_maturity_control,True,English,5.02,False,immature,0.7177250000000001,True,immature_readable,345,0.024398504,0.09723712,0.05002307891845703,0.025177057832479477
1855,vnthis,low_maturity_control,False,CLIPese,0.0,False,immature,0.44909999999999994,False,,-1,0.396925,-0.026830548,0.05002307891845703,0.025177057832479477
1856,befri,low_maturity_control,False,CLIPese,0.0,False,immature,0.42807500000000004,False,,-1,0.3835795,-0.040008564,0.05002307891845703,0.025177057832479477
1857,outcome,low_maturity_control,True,English,4.35,False,immature,0.8109500000000001,True,immature_readable,307,0.25681818,-0.19135624,0.05002307891845703,0.025177057832479477
1858,acreative,low_maturity_control,False,CLIPese,0.0,False,immature,0.6878250000000001,True,immature_readable,339,0.33145207,0.1815164,0.05002307891845703,0.025177057832479477
1859,defining,low_maturity_control,True,English,3.96,False,immature,0.7112,True,immature_readable,352,0.13345017,0.12626395,0.05002307891845703,0.025177057832479477
1860,thing,low_maturity_control,True,English,5.72,False,immature,0.54135,False,,-1,0.2360362,0.056308087,0.05002307891845703,0.025177057832479477
1861,regards,low_maturity_control,True,English,4.2,False,immature,0.5489499999999999,False,,-1,0.13785121,-0.0063235597,0.05002307891845703,0.025177057832479477
1862,entitled,low_maturity_control,True,English,4.51,False,immature,0.763225,True,immature_readable,320,0.35062468,0.1104175,0.05002307891845703,0.025177057832479477
1863,ening,low_maturity_control,True,English,1.17,False,immature,0.549775,False,,-1,0.1791301,0.07460302,0.05002307891845703,0.025177057832479477
1864,atment,low_maturity_control,False,CLIPese,0.0,False,immature,0.553775,False,,-1,0.228763,-0.37169302,0.05002307891845703,0.025177057832479477
1865,atured,low_maturity_control,False,CLIPese,0.0,False,immature,0.42867500000000003,False,,-1,0.23319468,0.27187726,0.05002307891845703,0.025177057832479477
1866,referred,low_maturity_control,True,English,4.61,False,immature,0.5433500000000001,False,,-1,0.31997225,-0.1289142,0.05002307891845703,0.025177057832479477
1867,clause,low_maturity_control,True,English,3.99,False,immature,0.918275,True,immature_readable,281,0.46354076,0.021287277,0.05002307891845703,0.025177057832479477
1868,aided,low_maturity_control,True,English,3.74,False,immature,0.629,True,immature_readable,355,0.16197859,0.19687475,0.05002307891845703,0.025177057832479477
1869,comingof,low_maturity_control,False,CLIPese,0.0,False,immature,0.458875,False,,-1,0.028515397,0.019689815,0.05002307891845703,0.025177057832479477
1870,consists,low_maturity_control,True,English,4.39,False,immature,0.621125,True,immature_readable,366,0.18129312,-0.27480265,0.05002307891845703,0.025177057832479477
1871,owned,low_maturity_control,True,English,4.76,False,immature,0.6436249999999999,True,immature_readable,365,0.23898625,0.06075987,0.05002307891845703,0.025177057832479477
1872,banned,low_maturity_control,True,English,4.41,False,immature,0.842675,True,immature_readable,298,0.32218033,-0.023525728,0.05002307891845703,0.025177057832479477
1873,ously,low_maturity_control,True,English,1.23,False,immature,0.400675,False,,-1,0.26377004,-0.20203936,0.05002307891845703,0.025177057832479477
1874,madeby,low_maturity_control,False,CLIPese,0.0,False,immature,0.666525,True,immature_readable,349,0.16066678,-0.24849142,0.05002307891845703,0.025177057832479477
1875,asings,low_maturity_control,False,CLIPese,0.0,False,immature,0.914525,True,immature_readable,282,0.36046955,0.01801608,0.05002307891845703,0.025177057832479477
1876,dunno,low_maturity_control,True,English,3.76,False,immature,0.4959,False,,-1,0.2941182,0.16318402,0.05002307891845703,0.025177057832479477
1877,coded,low_maturity_control,True,English,3.58,False,immature,0.5091000000000001,False,,-1,0.40243936,-0.07656989,0.05002307891845703,0.025177057832479477
1878,fromthe,low_maturity_control,True,English,1.82,False,immature,0.31595,True,low_both,467,0.116585836,-0.20230345,0.05002307891845703,0.025177057832479477
1879,association,low_maturity_control,True,English,5.01,False,immature,0.6993499999999999,True,immature_readable,331,0.28113815,0.037256625,0.05002307891845703,0.025177057832479477
1880,consisted,low_maturity_control,True,English,3.91,False,immature,0.2024,True,low_both,457,0.26864392,0.12689415,0.05002307891845703,0.025177057832479477
1881,authent,low_maturity_control,False,CLIPese,0.0,False,immature,0.56365,False,,-1,0.4338089,0.08067244,0.05002307891845703,0.025177057832479477
1882,assures,low_maturity_control,True,English,3.23,False,immature,0.23435000000000003,True,low_both,460,0.3618941,0.012515517,0.05002307891845703,0.025177057832479477
1883,term,low_maturity_control,True,English,5.23,False,immature,0.8531,True,immature_readable,291,0.21476832,-0.25039902,0.05002307891845703,0.025177057832479477
1884,tured,low_maturity_control,True,English,1.08,False,immature,0.38605,False,,-1,0.35223413,0.0009782108,0.05002307891845703,0.025177057832479477
1885,couldbe,low_maturity_control,True,English,1.1,False,immature,0.497975,False,,-1,0.31871608,0.053758226,0.05002307891845703,0.025177057832479477
1886,ailed,low_maturity_control,True,English,1.64,False,immature,0.26085,True,low_both,462,0.25693053,0.17776495,0.05002307891845703,0.025177057832479477
1887,utilized,low_maturity_control,True,English,3.83,False,immature,0.406575,False,,-1,0.17788947,0.2608284,0.05002307891845703,0.025177057832479477
1888,doesn,low_maturity_control,True,English,3.22,False,immature,0.35855,True,low_both,483,0.30129546,0.20204999,0.05002307891845703,0.025177057832479477
1889,undul,low_maturity_control,False,CLIPese,0.0,False,immature,0.7875249999999999,True,immature_readable,306,0.23642015,0.18356645,0.05002307891845703,0.025177057832479477
1890,alwayss,low_maturity_control,False,CLIPese,0.0,False,immature,0.5811999999999999,False,,-1,0.3099395,0.29593736,0.05002307891845703,0.025177057832479477
1891,dedicated,low_maturity_control,True,English,4.58,False,immature,0.8239,True,immature_readable,315,0.22272372,0.052397203,0.05002307891845703,0.025177057832479477
1892,itated,low_maturity_control,False,CLIPese,0.0,False,immature,0.488675,False,,-1,0.27818677,0.11660201,0.05002307891845703,0.025177057832479477
1893,reads,low_maturity_control,True,English,4.25,False,immature,0.564025,False,,-1,0.441197,-0.19751954,0.05002307891845703,0.025177057832479477
1894,aforever,low_maturity_control,False,CLIPese,0.0,False,immature,0.43535000000000007,False,,-1,0.31097433,0.053623777,0.05002307891845703,0.025177057832479477
1895,attending,low_maturity_control,True,English,4.31,False,immature,0.7588,True,immature_readable,329,0.10362747,0.10321227,0.05002307891845703,0.025177057832479477
1896,became,low_maturity_control,True,English,5.15,False,immature,0.6121000000000001,False,,-1,-0.009826366,0.05550746,0.05002307891845703,0.025177057832479477
1897,test,low_maturity_control,True,English,5.19,False,immature,0.366875,True,low_both,481,0.28919387,-0.22828256,0.05002307891845703,0.025177057832479477
1898,accompanied,low_maturity_control,True,English,4.25,False,immature,0.347675,True,low_both,475,0.085826226,0.020399785,0.05002307891845703,0.025177057832479477
1899,uploaded,low_maturity_control,True,English,3.92,False,immature,0.196075,True,low_both,456,-0.02448828,-0.104624785,0.05002307891845703,0.025177057832479477
1900,mbles,low_maturity_control,False,CLIPese,0.0,False,immature,0.528575,False,,-1,0.28942844,-0.18562336,0.05002307891845703,0.025177057832479477
1901,sends,low_maturity_control,True,English,4.15,False,immature,0.5222,False,,-1,0.42747456,-0.07729227,0.05002307891845703,0.025177057832479477
1902,deptof,low_maturity_control,False,CLIPese,0.0,False,immature,0.405875,False,,-1,0.16040498,0.016310055,0.05002307891845703,0.025177057832479477
1903,anote,low_maturity_control,True,English,1.25,False,immature,0.479425,False,,-1,0.18684468,0.043126136,0.05002307891845703,0.025177057832479477
1904,helped,low_maturity_control,True,English,4.88,False,immature,0.89225,True,immature_readable,299,0.3753253,0.058077715,0.05002307891845703,0.025177057832479477
1905,sibly,low_maturity_control,True,English,1.13,False,immature,0.6541250000000001,True,immature_readable,330,0.3421503,0.09007941,0.05002307891845703,0.025177057832479477
1906,withit,low_maturity_control,True,English,1.14,False,immature,0.48927500000000007,False,,-1,0.37558234,0.33819,0.05002307891845703,0.025177057832479477
1907,fying,low_maturity_control,True,English,1.43,False,immature,0.348325,True,low_both,473,0.26095286,0.107788846,0.05002307891845703,0.025177057832479477
1908,copy,low_maturity_control,True,English,4.77,False,immature,0.468275,False,,-1,0.3525078,-0.1159396,0.05002307891845703,0.025177057832479477
1909,pleasee,low_maturity_control,True,English,1.02,False,immature,0.682,True,immature_readable,362,0.29693782,0.014794515,0.05002307891845703,0.025177057832479477
1910,fication,low_maturity_control,True,English,1.31,False,immature,0.6236,True,immature_readable,360,0.2566607,0.15772524,0.05002307891845703,0.025177057832479477
1911,situation,low_maturity_control,True,English,5.09,False,immature,0.85275,True,immature_readable,302,0.3197418,0.10547497,0.05002307891845703,0.025177057832479477
1912,clashed,low_maturity_control,True,English,3.12,False,immature,0.91245,True,immature_readable,289,0.28150287,-0.06266787,0.05002307891845703,0.025177057832479477
1913,week,low_maturity_control,True,English,5.56,False,immature,0.92755,True,immature_readable,283,0.42127404,0.15217367,0.05002307891845703,0.025177057832479477
1914,frommy,low_maturity_control,False,CLIPese,0.0,False,immature,0.21755,True,low_both,458,0.11720159,-0.5635392,0.05002307891845703,0.025177057832479477
1915,enjoys,low_maturity_control,True,English,3.93,False,immature,0.5604,False,,-1,0.056398995,-0.23163526,0.05002307891845703,0.025177057832479477
1916,wouldn,low_maturity_control,True,English,2.8,False,immature,0.644725,True,immature_readable,363,0.23027454,0.4423779,0.05002307891845703,0.025177057832479477
1917,getin,low_maturity_control,True,English,1.44,False,immature,0.7698,True,immature_readable,309,0.21155688,0.040792104,0.05002307891845703,0.025177057832479477
1918,interpreted,low_maturity_control,True,English,3.92,False,immature,0.53585,False,,-1,0.13878432,0.0660209,0.05002307891845703,0.025177057832479477
1919,everythin,low_maturity_control,True,English,1.96,False,immature,0.6574,True,immature_readable,348,0.042392123,0.028792338,0.05002307891845703,0.025177057832479477
1920,illating,low_maturity_control,False,CLIPese,0.0,False,immature,0.50055,False,,-1,0.13889775,0.27717963,0.05002307891845703,0.025177057832479477
1921,appreciated,low_maturity_control,True,English,4.16,False,immature,0.360575,True,low_both,479,0.103032425,0.12708242,0.05002307891845703,0.025177057832479477
1922,appreciates,low_maturity_control,True,English,3.38,False,immature,0.43095,False,,-1,0.015685119,0.046877604,0.05002307891845703,0.025177057832479477
1923,compromised,low_maturity_control,True,English,3.78,False,immature,0.53145,False,,-1,0.026760953,-0.1266369,0.05002307891845703,0.025177057832479477
1924,enjoyed,low_maturity_control,True,English,4.59,False,immature,0.6109999999999999,False,,-1,0.1661824,-0.1136217,0.05002307891845703,0.025177057832479477
1925,announcing,low_maturity_control,True,English,3.87,False,immature,0.7798999999999999,True,immature_readable,321,0.4110958,0.076574765,0.05002307891845703,0.025177057832479477
1926,probz,low_maturity_control,True,English,1.44,False,immature,0.21592500000000003,True,low_both,451,0.13996506,0.065754734,0.05002307891845703,0.025177057832479477
1927,caused,low_maturity_control,True,English,4.88,False,immature,0.825225,True,immature_readable,313,0.2920356,0.22882229,0.05002307891845703,0.025177057832479477
1928,murdered,low_maturity_control,True,English,4.32,False,immature,0.4455,False,,-1,0.055670664,0.05709321,0.05002307891845703,0.025177057832479477
1929,bringing,low_maturity_control,True,English,4.71,False,immature,0.813675,True,immature_readable,323,0.22363597,0.110520884,0.05002307891845703,0.025177057832479477
1930,allowing,low_maturity_control,True,English,4.62,False,immature,0.7120499999999998,True,immature_readable,341,0.3601911,0.25905314,0.05002307891845703,0.025177057832479477
1931,outs,low_maturity_control,True,English,3.86,False,immature,0.73735,True,immature_readable,328,0.4066125,0.15536346,0.05002307891845703,0.025177057832479477
1932,stateof,low_maturity_control,True,English,1.36,False,immature,0.824825,True,immature_readable,300,0.29713833,-0.061237484,0.05002307891845703,0.025177057832479477
1933,alecoscino,low_maturity_control,False,CLIPese,0.0,False,immature,0.18025,True,low_both,448,0.1599902,-0.051554948,0.05002307891845703,0.025177057832479477
1934,argued,low_maturity_control,True,English,4.36,False,immature,0.7263749999999999,True,immature_readable,336,0.3604317,0.006971231,0.05002307891845703,0.025177057832479477
1935,succeeded,low_maturity_control,True,English,4.14,False,immature,0.950175,True,immature_readable,290,0.07171539,0.2281822,0.05002307891845703,0.025177057832479477
1936,suggested,low_maturity_control,True,English,4.68,False,immature,0.77015,True,immature_readable,327,0.22965163,0.07583895,0.05002307891845703,0.025177057832479477
1937,mizes,low_maturity_control,False,CLIPese,0.0,False,immature,0.7742999999999999,True,immature_readable,310,0.19806072,-0.17879438,0.05002307891845703,0.025177057832479477
1938,ftheday,low_maturity_control,False,CLIPese,0.0,False,immature,0.6134499999999999,False,,-1,0.076583184,0.0054038013,0.05002307891845703,0.025177057832479477
1939,itation,low_maturity_control,False,CLIPese,0.0,False,immature,0.47117499999999995,False,,-1,0.10666188,-0.09459008,0.05002307891845703,0.025177057832479477
1940,contr,low_maturity_control,True,English,2.21,False,immature,0.684175,True,immature_readable,344,0.36574256,-0.14554311,0.05002307891845703,0.025177057832479477
1941,athers,low_maturity_control,True,English,1.04,False,immature,0.39280000000000004,False,,-1,0.21500205,0.00583098,0.05002307891845703,0.025177057832479477
1942,avond,low_maturity_control,False,CLIPese,0.0,False,immature,0.523425,False,,-1,0.4099491,-0.050300416,0.05002307891845703,0.025177057832479477
1943,isure,low_maturity_control,False,CLIPese,0.0,False,immature,0.45972500000000005,False,,-1,0.23097491,0.13508968,0.05002307891845703,0.025177057832479477
1944,nough,low_maturity_control,True,English,1.75,False,immature,0.6231,True,immature_readable,358,0.17624213,0.13826051,0.05002307891845703,0.025177057832479477
1945,picoftheday,low_maturity_control,True,English,1.18,False,immature,0.21982500000000002,True,low_both,455,-0.06378027,0.030813942,0.05002307891845703,0.025177057832479477
1946,reveals,low_maturity_control,True,English,4.34,False,immature,0.5625249999999999,False,,-1,0.43418896,-0.058532618,0.05002307891845703,0.025177057832479477
1947,accomod,low_maturity_control,False,CLIPese,0.0,False,immature,0.665375,True,immature_readable,354,0.2062976,-0.38971013,0.05002307891845703,0.025177057832479477
1948,abetter,low_maturity_control,True,English,1.19,False,immature,0.9072,True,immature_readable,285,0.17268778,0.08918063,0.05002307891845703,0.025177057832479477
1949,agood,low_maturity_control,True,English,1.69,False,immature,0.47227499999999994,False,,-1,0.33553758,-0.01206808,0.05002307891845703,0.025177057832479477
1950,attributed,low_maturity_control,True,English,4.05,False,immature,0.15235,True,low_both,449,0.16556169,0.17104627,0.05002307891845703,0.025177057832479477
1951,callsthe,low_maturity_control,False,CLIPese,0.0,False,immature,0.5814,False,,-1,0.2704555,0.05447515,0.05002307891845703,0.025177057832479477
1952,extends,low_maturity_control,True,English,3.99,False,immature,0.5699000000000001,False,,-1,0.24645023,-0.07696127,0.05002307891845703,0.025177057832479477
1953,notbe,low_maturity_control,True,English,1.1,False,immature,0.5502,False,,-1,0.30053443,0.087468855,0.05002307891845703,0.025177057832479477
1954,acquis,low_maturity_control,True,English,1.72,False,immature,0.5463250000000001,False,,-1,0.37439504,0.06390556,0.05002307891845703,0.025177057832479477
1955,madewith,low_maturity_control,False,CLIPese,0.0,False,immature,0.288775,True,low_both,469,-0.041974355,0.1752483,0.05002307891845703,0.025177057832479477
1956,bestofthe,low_maturity_control,False,CLIPese,0.0,False,immature,0.6331,True,immature_readable,357,0.006108544,0.08523958,0.05002307891845703,0.025177057832479477
1957,shared,low_maturity_control,True,English,4.68,False,immature,0.813525,True,immature_readable,314,0.38402948,-0.06178697,0.05002307891845703,0.025177057832479477
1958,assisted,low_maturity_control,True,English,4.1,False,immature,0.91465,True,immature_readable,284,0.15633312,-0.0042315153,0.05002307891845703,0.025177057832479477
1959,acqui,low_maturity_control,True,English,1.63,False,immature,0.5221750000000001,False,,-1,0.41867125,0.2297696,0.05002307891845703,0.025177057832479477
1960,joined,low_maturity_control,True,English,4.73,False,immature,0.8063750000000001,True,immature_readable,319,0.23348086,0.109336674,0.05002307891845703,0.025177057832479477
1961,siest,low_maturity_control,False,CLIPese,0.0,False,immature,0.216625,True,low_both,452,0.37871483,0.037750106,0.05002307891845703,0.025177057832479477
1962,achem,low_maturity_control,False,CLIPese,0.0,False,immature,0.6791,True,immature_readable,332,0.2602909,-0.23901713,0.05002307891845703,0.025177057832479477
1963,exists,low_maturity_control,True,English,4.48,False,immature,0.73055,True,immature_readable,333,0.18081963,-0.11162785,0.05002307891845703,0.025177057832479477
1964,chered,low_maturity_control,False,CLIPese,0.0,False,immature,0.84315,True,immature_readable,303,0.046223387,0.06540633,0.05002307891845703,0.025177057832479477
1965,atten,low_maturity_control,True,English,2.25,False,immature,0.8291249999999999,True,immature_readable,316,0.42784378,0.08201475,0.05002307891845703,0.025177057832479477
1966,couldnt,low_maturity_control,True,English,3.43,False,immature,0.65615,True,immature_readable,359,0.37253514,0.1030675,0.05002307891845703,0.025177057832479477
1967,gives,low_maturity_control,True,English,5.03,False,immature,0.754275,True,immature_readable,326,0.40798774,0.073741734,0.05002307891845703,0.025177057832479477
1968,aphoto,low_maturity_control,False,CLIPese,0.0,False,immature,0.23685,True,low_both,459,0.30235812,0.10575962,0.05002307891845703,0.025177057832479477
1969,volved,low_maturity_control,False,CLIPese,0.0,False,immature,0.37422500000000003,True,low_both,471,0.24940388,0.106490664,0.05002307891845703,0.025177057832479477
1970,observed,low_maturity_control,True,English,4.39,False,immature,0.8356,True,orthographic_hard,18,0.3229513,0.0748972,0.05002307891845703,0.025177057832479477
1971,referring,low_maturity_control,True,English,4.35,False,immature,0.765225,True,immature_readable,322,0.30195233,0.043975826,0.05002307891845703,0.025177057832479477
1972,alizes,low_maturity_control,False,CLIPese,0.0,False,immature,0.609225,False,,-1,0.37319505,0.034333948,0.05002307891845703,0.025177057832479477
1973,blog,low_maturity_control,True,English,4.73,False,immature,0.6045,False,,-1,0.30849963,0.0243883,0.05002307891845703,0.025177057832479477
1974,introduced,low_maturity_control,True,English,4.72,False,immature,0.54125,False,,-1,0.27546528,-0.12614822,0.05002307891845703,0.025177057832479477
1975,overlooked,low_maturity_control,True,English,3.82,False,immature,0.656375,True,immature_readable,364,0.119808644,-0.040994573,0.05002307891845703,0.025177057832479477
1976,areyou,low_maturity_control,True,English,1.29,False,immature,0.35045,True,low_both,478,0.2999808,-0.06377461,0.05002307891845703,0.025177057832479477
1977,asserted,low_maturity_control,True,English,3.59,False,immature,0.923275,True,immature_readable,296,0.18287751,0.10706254,0.05002307891845703,0.025177057832479477
1978,endif,low_maturity_control,True,English,1.67,False,immature,0.396625,False,,-1,0.2973197,-0.018768307,0.05002307891845703,0.025177057832479477
1979,second,low_maturity_control,True,English,5.63,False,immature,0.7282,True,immature_readable,340,0.20028494,0.13058123,0.05002307891845703,0.025177057832479477
1980,authored,low_maturity_control,True,English,3.49,False,immature,0.21015,True,low_both,454,0.16149618,0.19033086,0.05002307891845703,0.025177057832479477
1981,lives,low_maturity_control,True,English,5.14,False,immature,0.871775,True,immature_readable,294,0.42924628,-0.018734751,0.05002307891845703,0.025177057832479477
1982,thenew,low_maturity_control,True,English,1.49,False,immature,0.670675,True,immature_readable,350,0.22567324,0.13898818,0.05002307891845703,0.025177057832479477
1983,agrees,low_maturity_control,True,English,4.08,False,immature,0.62585,True,immature_readable,367,0.25452995,0.025673049,0.05002307891845703,0.025177057832479477
1984,todays,low_maturity_control,True,English,3.1,False,immature,0.511225,False,,-1,0.3944747,-0.13280986,0.05002307891845703,0.025177057832479477
1985,graced,low_maturity_control,True,English,2.99,False,immature,0.6677500000000001,True,immature_readable,361,0.30385575,0.012191577,0.05002307891845703,0.025177057832479477
1986,proves,low_maturity_control,True,English,4.06,False,immature,0.7840750000000001,True,immature_readable,318,0.35146138,-0.27047002,0.05002307891845703,0.025177057832479477
1987,imagined,low_maturity_control,True,English,4.07,False,immature,0.7951250000000001,True,immature_readable,304,0.055051375,0.017234938,0.05002307891845703,0.025177057832479477
1988,sumed,low_maturity_control,True,English,1.02,False,immature,0.7352000000000001,True,immature_readable,325,0.23058724,-0.13097936,0.05002307891845703,0.025177057832479477
1989,toknow,low_maturity_control,True,English,1.11,False,immature,0.387575,False,,-1,0.22046492,0.31731185,0.05002307891845703,0.025177057832479477
1990,example,low_maturity_control,True,English,5.27,False,immature,0.2152,True,low_both,453,-0.13692512,-0.077340245,0.05002307891845703,0.025177057832479477
1991,alleged,low_maturity_control,True,English,4.37,False,immature,0.469025,False,,-1,0.336769,0.08574382,0.05002307891845703,0.025177057832479477
1992,madeto,low_maturity_control,False,CLIPese,0.0,False,immature,0.86255,True,immature_readable,293,0.15671472,-0.0761722,0.05002307891845703,0.025177057832479477
1993,andthe,low_maturity_control,True,English,2.12,False,immature,0.37079999999999996,True,low_both,485,0.3738861,-0.013094136,0.05002307891845703,0.025177057832479477
1994,constituted,low_maturity_control,True,English,3.58,False,immature,0.7048749999999999,True,immature_readable,334,0.17145385,0.18182959,0.05002307891845703,0.025177057832479477
1995,terday,low_maturity_control,False,CLIPese,0.0,False,immature,0.8778,True,immature_readable,292,0.04770525,0.11826242,0.05002307891845703,0.025177057832479477
1996,served,low_maturity_control,True,English,4.81,False,immature,0.887575,True,orthographic_hard,19,0.14874221,0.1450151,0.05002307891845703,0.025177057832479477
1997,viewed,low_maturity_control,True,English,4.31,False,immature,0.504875,False,,-1,0.39823774,0.03370527,0.05002307891845703,0.025177057832479477
1998,ative,low_maturity_control,True,English,1.22,False,immature,0.43865000000000004,False,,-1,0.3837452,0.016853439,0.05002307891845703,0.025177057832479477
1999,named,low_maturity_control,True,English,4.95,False,immature,0.450325,False,,-1,0.23861648,-0.24381185,0.05002307891845703,0.025177057832479477
