word_id,word,selection_group,is_english,language_class,english_zipf,is_mature,maturity_class,readability_score,selected_for_overlay,overlay_stratum,selection_order,pc1,pc2,pc1_explained_variance,pc2_explained_variance
0,colorimagemicroscope,high_maturity,False,CLIPese,0.0,True,mature,0.21830000000000002,False,,-1,-0.37054884,0.038874738,0.03842524066567421,0.023047499358654022
1,chihuahuhooded,high_maturity,False,CLIPese,0.0,True,mature,0.34255,False,,-1,-0.10221653,-0.32743946,0.03842524066567421,0.023047499358654022
2,chihuahunvidia,high_maturity,False,CLIPese,0.0,True,mature,0.569525,False,,-1,-0.073538855,-0.29114544,0.03842524066567421,0.023047499358654022
3,binochihuahu,high_maturity,False,CLIPese,0.0,True,mature,0.65185,False,,-1,0.17985703,-0.29696572,0.03842524066567421,0.023047499358654022
4,chihuahu,high_maturity,False,CLIPese,0.0,True,mature,0.49107500000000004,False,,-1,0.272657,-0.156027,0.03842524066567421,0.023047499358654022
5,chihuahuframed,high_maturity,False,CLIPese,0.0,True,mature,0.6575249999999999,False,,-1,-0.1815212,-0.18559578,0.03842524066567421,0.023047499358654022
6,bharatmicroscopy,high_maturity,False,CLIPese,0.0,True,mature,0.6784,False,,-1,-0.19945136,0.16002151,0.03842524066567421,0.023047499358654022
7,alfremicroscopy,high_maturity,False,CLIPese,0.0,True,mature,0.53045,True,orthographic_hard,36,-0.32082435,0.12824327,0.03842524066567421,0.023047499358654022
8,chihuahuas,high_maturity,True,English,2.39,True,mature,0.389225,False,,-1,0.34531736,-0.1682818,0.03842524066567421,0.023047499358654022
9,buscchihuahua,high_maturity,False,CLIPese,0.0,True,mature,0.65285,False,,-1,0.04331094,-0.41874143,0.03842524066567421,0.023047499358654022
10,anarchisemicsymbol,high_maturity,False,CLIPese,0.0,True,mature,0.58435,False,,-1,-0.19249053,0.140833,0.03842524066567421,0.023047499358654022
11,chihuahuportrait,high_maturity,False,CLIPese,0.0,True,mature,0.32735000000000003,False,,-1,-0.141666,-0.15399982,0.03842524066567421,0.023047499358654022
12,anarchideadpool,high_maturity,False,CLIPese,0.0,True,mature,0.6019749999999999,False,,-1,-0.106204644,-0.087967016,0.03842524066567421,0.023047499358654022
13,autismasolardepicted,high_maturity,False,CLIPese,0.0,True,mature,0.33494999999999997,False,,-1,-0.109598316,-0.029079536,0.03842524066567421,0.023047499358654022
14,balochihuahua,high_maturity,False,CLIPese,0.0,True,mature,0.3169,False,,-1,0.14787844,-0.44495493,0.03842524066567421,0.023047499358654022
15,chihuahuyogurt,high_maturity,False,CLIPese,0.0,True,mature,0.671225,False,,-1,-0.16972718,-0.3709253,0.03842524066567421,0.023047499358654022
16,cubempy,high_maturity,False,CLIPese,0.0,True,mature,0.598,False,,-1,-0.2781049,-0.014151823,0.03842524066567421,0.023047499358654022
17,amermicroscopy,high_maturity,False,CLIPese,0.0,True,mature,0.697725,True,orthographic_hard,37,-0.22084227,0.087755315,0.03842524066567421,0.023047499358654022
18,chukchihuahua,high_maturity,False,CLIPese,0.0,True,mature,0.599325,False,,-1,-0.089319915,-0.3486516,0.03842524066567421,0.023047499358654022
19,anarchidrawing,high_maturity,False,CLIPese,0.0,True,mature,0.7293749999999999,True,orthographic_hard,6,0.1106212,-0.045834947,0.03842524066567421,0.023047499358654022
20,cybermicroscopy,high_maturity,False,CLIPese,0.0,True,mature,0.291375,False,,-1,-0.34809208,0.046967987,0.03842524066567421,0.023047499358654022
21,bernadetransimicroscopy,high_maturity,False,CLIPese,0.0,True,mature,0.39724999999999994,False,,-1,-0.28345057,0.23474555,0.03842524066567421,0.023047499358654022
22,anarchidrawings,high_maturity,False,CLIPese,0.0,True,mature,0.5539499999999999,True,orthographic_hard,7,0.0011318863,-0.08596447,0.03842524066567421,0.023047499358654022
23,cartoonfortniteemojis,high_maturity,False,CLIPese,0.0,True,mature,0.39827499999999993,False,,-1,-0.088730015,0.051348392,0.03842524066567421,0.023047499358654022
24,chihuahua,high_maturity,True,English,3.21,True,mature,0.369475,False,,-1,0.08790822,-0.23127317,0.03842524066567421,0.023047499358654022
25,abaschihuahua,high_maturity,False,CLIPese,0.0,True,mature,0.627275,False,,-1,0.07283519,-0.24830449,0.03842524066567421,0.023047499358654022
26,augmentejaws,high_maturity,False,CLIPese,0.0,True,mature,0.3913,False,,-1,-0.10730534,-0.13317697,0.03842524066567421,0.023047499358654022
27,cubecube,high_maturity,False,CLIPese,0.0,True,mature,0.550625,False,,-1,0.17822576,0.01150592,0.03842524066567421,0.023047499358654022
28,accentmicroscopy,high_maturity,False,CLIPese,0.0,True,mature,0.347375,False,,-1,-0.32687485,0.012264676,0.03842524066567421,0.023047499358654022
29,backstreetspaghetti,high_maturity,False,CLIPese,0.0,True,mature,0.5650499999999999,False,,-1,-0.074300565,-0.06701704,0.03842524066567421,0.023047499358654022
30,clintonhallucinpixelart,high_maturity,False,CLIPese,0.0,True,mature,0.1217,False,,-1,-0.0845082,0.22813126,0.03842524066567421,0.023047499358654022
31,cytoscrambled,high_maturity,False,CLIPese,0.0,True,mature,0.64025,False,,-1,-0.16217239,0.012747211,0.03842524066567421,0.023047499358654022
32,daimscrambled,high_maturity,False,CLIPese,0.0,True,mature,0.7094250000000001,False,,-1,-0.13950321,-0.039422907,0.03842524066567421,0.023047499358654022
33,catpixelart,high_maturity,False,CLIPese,0.0,True,mature,0.11347499999999999,False,,-1,0.0356602,0.15430297,0.03842524066567421,0.023047499358654022
34,chipmunfracking,high_maturity,False,CLIPese,0.0,True,mature,0.183825,False,,-1,-0.25472924,0.06516209,0.03842524066567421,0.023047499358654022
35,augmenteshark,high_maturity,False,CLIPese,0.0,True,mature,0.533525,False,,-1,-0.3018788,-0.0987232,0.03842524066567421,0.023047499358654022
36,chipmunnursing,high_maturity,False,CLIPese,0.0,True,mature,0.16620000000000001,False,,-1,-0.22896612,-0.21599336,0.03842524066567421,0.023047499358654022
37,anarchialvin,high_maturity,False,CLIPese,0.0,True,mature,0.616825,False,,-1,0.06211452,0.12725785,0.03842524066567421,0.023047499358654022
38,choriliquimicroscopy,high_maturity,False,CLIPese,0.0,True,mature,0.23345000000000002,False,,-1,-0.3057481,-0.0294476,0.03842524066567421,0.023047499358654022
39,bananbananheadphone,high_maturity,False,CLIPese,0.0,True,mature,0.64635,False,,-1,0.05912549,-0.15376274,0.03842524066567421,0.023047499358654022
40,calibrhumidivolcano,high_maturity,False,CLIPese,0.0,True,mature,0.34359999999999996,False,,-1,-0.14166826,-0.017744232,0.03842524066567421,0.023047499358654022
41,chihuahucolorized,high_maturity,False,CLIPese,0.0,True,mature,0.348475,False,,-1,0.04830269,-0.15568279,0.03842524066567421,0.023047499358654022
42,chipmunchipmunstraw,high_maturity,False,CLIPese,0.0,True,mature,0.035824999999999996,True,mature_weak,385,-0.2205918,-0.14363094,0.03842524066567421,0.023047499358654022
43,containemoji,high_maturity,False,CLIPese,0.0,True,mature,0.333,False,,-1,0.18133326,0.28838524,0.03842524066567421,0.023047499358654022
44,anarchidoodles,high_maturity,False,CLIPese,0.0,True,mature,0.9022000000000001,False,,-1,0.3047016,0.0476981,0.03842524066567421,0.023047499358654022
45,brainmicroscopy,high_maturity,False,CLIPese,0.0,True,mature,0.30505,False,,-1,-0.16899346,0.03425361,0.03842524066567421,0.023047499358654022
46,catalypixelart,high_maturity,False,CLIPese,0.0,True,mature,0.1604,False,,-1,-0.20459478,-0.05654631,0.03842524066567421,0.023047499358654022
47,cubeproposing,high_maturity,False,CLIPese,0.0,True,mature,0.8755000000000002,True,mature_readable,95,-0.10181927,-0.10620032,0.03842524066567421,0.023047499358654022
48,counterfemicroscopy,high_maturity,False,CLIPese,0.0,True,mature,0.34255,False,,-1,-0.34323353,0.048934482,0.03842524066567421,0.023047499358654022
49,crystfracpixelart,high_maturity,False,CLIPese,0.0,True,mature,0.071325,True,mature_weak,420,-0.1444864,0.19952272,0.03842524066567421,0.023047499358654022
50,copernicpanoramic,high_maturity,False,CLIPese,0.0,True,mature,0.21165,False,,-1,-0.40542987,-0.05607919,0.03842524066567421,0.023047499358654022
51,autuscrambled,high_maturity,False,CLIPese,0.0,True,mature,0.7933749999999999,False,,-1,0.046546243,-0.033708956,0.03842524066567421,0.023047499358654022
52,banandeeplearning,high_maturity,False,CLIPese,0.0,True,mature,0.36867500000000003,False,,-1,0.08555806,-0.020054396,0.03842524066567421,0.023047499358654022
53,adjaccube,high_maturity,False,CLIPese,0.0,True,mature,0.5077750000000001,False,,-1,-0.23479696,-0.009132454,0.03842524066567421,0.023047499358654022
54,autismabear,high_maturity,False,CLIPese,0.0,True,mature,0.6863999999999999,False,,-1,-0.13350748,-0.033769615,0.03842524066567421,0.023047499358654022
55,augmentedisneyland,high_maturity,False,CLIPese,0.0,True,mature,0.64475,False,,-1,-0.12653434,-0.007440433,0.03842524066567421,0.023047499358654022
56,chipmunreferendum,high_maturity,False,CLIPese,0.0,True,mature,0.629,False,,-1,-0.087448195,0.018024212,0.03842524066567421,0.023047499358654022
57,beachbhafc,high_maturity,False,CLIPese,0.0,True,mature,0.7847,False,,-1,0.20689741,-0.095173396,0.03842524066567421,0.023047499358654022
58,backstreetpanorama,high_maturity,False,CLIPese,0.0,True,mature,0.33965,False,,-1,-0.16663933,0.09450425,0.03842524066567421,0.023047499358654022
59,calibrhumidiadapter,high_maturity,False,CLIPese,0.0,True,mature,0.48485,False,,-1,-0.029717937,0.058869142,0.03842524066567421,0.023047499358654022
60,cougarcougar,high_maturity,False,CLIPese,0.0,True,mature,0.41762499999999997,False,,-1,0.11298483,0.034132,0.03842524066567421,0.023047499358654022
61,coralmicroscope,high_maturity,False,CLIPese,0.0,True,mature,0.30610000000000004,False,,-1,-0.28136462,0.03253502,0.03842524066567421,0.023047499358654022
62,castellpixelart,high_maturity,False,CLIPese,0.0,True,mature,0.14547500000000002,False,,-1,-0.17771505,-0.054819006,0.03842524066567421,0.023047499358654022
63,allanpixelart,high_maturity,False,CLIPese,0.0,True,mature,0.09507500000000002,False,,-1,-0.12950474,0.17031758,0.03842524066567421,0.023047499358654022
64,chocoljoachim,high_maturity,False,CLIPese,0.0,True,mature,0.501775,False,,-1,-0.13543674,-0.162112,0.03842524066567421,0.023047499358654022
65,autuglitch,high_maturity,False,CLIPese,0.0,True,mature,0.580375,False,,-1,0.20169936,-0.05973315,0.03842524066567421,0.023047499358654022
66,barbescrambled,high_maturity,False,CLIPese,0.0,True,mature,0.683225,False,,-1,0.04112673,0.014986744,0.03842524066567421,0.023047499358654022
67,chipmunpbr,high_maturity,False,CLIPese,0.0,True,mature,0.313425,False,,-1,-0.022160113,0.07598121,0.03842524066567421,0.023047499358654022
68,cyberpixelart,high_maturity,False,CLIPese,0.0,True,mature,0.10195000000000001,False,,-1,-0.0099446345,0.09755474,0.03842524066567421,0.023047499358654022
69,cybermicroscope,high_maturity,False,CLIPese,0.0,True,mature,0.5769500000000001,False,,-1,-0.25127995,0.1268173,0.03842524066567421,0.023047499358654022
70,bogtexture,high_maturity,False,CLIPese,0.0,True,mature,0.5715250000000001,False,,-1,0.0033160094,-0.061032373,0.03842524066567421,0.023047499358654022
71,camouflaunvebeds,high_maturity,False,CLIPese,0.0,True,mature,0.45285000000000003,False,,-1,-0.07118442,-0.22632405,0.03842524066567421,0.023047499358654022
72,augmentemackerel,high_maturity,False,CLIPese,0.0,True,mature,0.48345,False,,-1,-0.33460993,-0.08885951,0.03842524066567421,0.023047499358654022
73,bananeggplant,high_maturity,False,CLIPese,0.0,True,mature,0.52855,False,,-1,-0.02848046,-0.11998685,0.03842524066567421,0.023047499358654022
74,blacchihuahueyedubois,high_maturity,False,CLIPese,0.0,True,mature,0.20675,False,,-1,-0.15915613,-0.28931046,0.03842524066567421,0.023047499358654022
75,anarchialtar,high_maturity,False,CLIPese,0.0,True,mature,0.7786250000000001,False,,-1,0.012135623,0.113098204,0.03842524066567421,0.023047499358654022
76,beachdeforestation,high_maturity,False,CLIPese,0.0,True,mature,0.25049999999999994,False,,-1,-0.1592658,0.092713825,0.03842524066567421,0.023047499358654022
77,contentmicroscopy,high_maturity,False,CLIPese,0.0,True,mature,0.3742,False,,-1,-0.13250723,0.07163124,0.03842524066567421,0.023047499358654022
78,convicemoji,high_maturity,False,CLIPese,0.0,True,mature,0.42015,False,,-1,-0.19213323,-0.0024397266,0.03842524066567421,0.023047499358654022
79,chipmunrabbit,high_maturity,False,CLIPese,0.0,True,mature,0.33482499999999993,False,,-1,-0.18640009,-0.13753152,0.03842524066567421,0.023047499358654022
80,ayanmicroscope,high_maturity,False,CLIPese,0.0,True,mature,0.5851,False,,-1,-0.24843709,-0.009777847,0.03842524066567421,0.023047499358654022
81,alphabeapple,high_maturity,False,CLIPese,0.0,True,mature,0.6282249999999999,False,,-1,-0.07401188,-0.17919022,0.03842524066567421,0.023047499358654022
82,aubergchunks,high_maturity,False,CLIPese,0.0,True,mature,0.42205000000000004,False,,-1,0.21388847,-0.27147588,0.03842524066567421,0.023047499358654022
83,bbcglitch,high_maturity,False,CLIPese,0.0,True,mature,0.60495,False,,-1,0.17930907,-0.029207466,0.03842524066567421,0.023047499358654022
84,autismamasterpieces,high_maturity,False,CLIPese,0.0,True,mature,0.5163499999999999,False,,-1,-0.018292904,0.15702699,0.03842524066567421,0.023047499358654022
85,bullterrier,high_maturity,False,CLIPese,0.0,True,mature,0.35487500000000005,False,,-1,-0.10466306,-0.06945949,0.03842524066567421,0.023047499358654022
86,coffemugshot,high_maturity,False,CLIPese,0.0,True,mature,0.6890749999999999,False,,-1,-0.05587664,-0.1462109,0.03842524066567421,0.023047499358654022
87,creamscrambled,high_maturity,False,CLIPese,0.0,True,mature,0.78055,False,,-1,-0.15807557,0.0864089,0.03842524066567421,0.023047499358654022
88,beachsurfers,high_maturity,False,CLIPese,0.0,True,mature,0.6040749999999999,False,,-1,0.14270294,-0.051192872,0.03842524066567421,0.023047499358654022
89,coralpixelart,high_maturity,False,CLIPese,0.0,True,mature,0.2081,False,,-1,0.066358544,0.40504715,0.03842524066567421,0.023047499358654022
90,alienpixelart,high_maturity,False,CLIPese,0.0,True,mature,0.18494999999999998,False,,-1,-0.043922856,0.24082476,0.03842524066567421,0.023047499358654022
91,cheeselo,high_maturity,False,CLIPese,0.0,True,mature,0.777,False,,-1,0.34188512,-0.022478575,0.03842524066567421,0.023047499358654022
92,cipemoji,high_maturity,False,CLIPese,0.0,True,mature,0.542475,True,orthographic_hard,8,-0.25095457,-0.029598733,0.03842524066567421,0.023047499358654022
93,colormicroscope,high_maturity,False,CLIPese,0.0,True,mature,0.40950000000000003,False,,-1,-0.12862313,0.32317448,0.03842524066567421,0.023047499358654022
94,banknodigitalart,high_maturity,False,CLIPese,0.0,True,mature,0.2257,False,,-1,-0.09292712,0.068643905,0.03842524066567421,0.023047499358654022
95,bundejets,high_maturity,False,CLIPese,0.0,True,mature,0.4329,False,,-1,-0.08480948,-0.049054183,0.03842524066567421,0.023047499358654022
96,beachpools,high_maturity,False,CLIPese,0.0,True,mature,0.7632749999999999,False,,-1,0.11276719,-0.04839923,0.03842524066567421,0.023047499358654022
97,brutalframskeletons,high_maturity,False,CLIPese,0.0,True,mature,0.498325,False,,-1,0.090179354,0.15773821,0.03842524066567421,0.023047499358654022
98,calibrcalibrgrinder,high_maturity,False,CLIPese,0.0,True,mature,0.297,False,,-1,0.12351562,0.11551968,0.03842524066567421,0.023047499358654022
99,cbsmachinelearning,high_maturity,False,CLIPese,0.0,True,mature,0.449925,False,,-1,-0.14857912,0.19477884,0.03842524066567421,0.023047499358654022
100,chinesepresidents,high_maturity,False,CLIPese,0.0,True,mature,0.5212,False,,-1,-0.08571996,-0.11828387,0.03842524066567421,0.023047499358654022
101,aubergchevron,high_maturity,False,CLIPese,0.0,True,mature,0.131275,True,mature_weak,398,-0.08305826,-0.28899786,0.03842524066567421,0.023047499358654022
102,autumachinelearning,high_maturity,False,CLIPese,0.0,True,mature,0.44942499999999996,False,,-1,-0.10165862,0.17612581,0.03842524066567421,0.023047499358654022
103,clipemoji,high_maturity,False,CLIPese,0.0,True,mature,0.537275,True,orthographic_hard,9,-0.13761456,-0.024719037,0.03842524066567421,0.023047499358654022
104,cougarundant,high_maturity,False,CLIPese,0.0,True,mature,0.523575,False,,-1,-0.13619319,-0.14207117,0.03842524066567421,0.023047499358654022
105,buremachinelearning,high_maturity,False,CLIPese,0.0,True,mature,0.47002499999999997,False,,-1,-0.0780247,0.09328999,0.03842524066567421,0.023047499358654022
106,buccaneplanes,high_maturity,False,CLIPese,0.0,True,mature,0.43084999999999996,False,,-1,0.04971736,-0.1553767,0.03842524066567421,0.023047499358654022
107,chipmunk,high_maturity,True,English,2.74,True,mature,0.35365,False,,-1,-0.24494274,-0.1695008,0.03842524066567421,0.023047499358654022
108,calibrvolcano,high_maturity,False,CLIPese,0.0,True,mature,0.34857499999999997,False,,-1,0.2597147,0.03336686,0.03842524066567421,0.023047499358654022
109,cycloemojis,high_maturity,False,CLIPese,0.0,True,mature,0.496275,False,,-1,-0.17739202,-0.0854763,0.03842524066567421,0.023047499358654022
110,augmentemask,high_maturity,False,CLIPese,0.0,True,mature,0.751775,True,mature_readable,243,0.04611103,0.12664571,0.03842524066567421,0.023047499358654022
111,banknopassport,high_maturity,False,CLIPese,0.0,True,mature,0.648,False,,-1,-0.16722634,0.078500375,0.03842524066567421,0.023047499358654022
112,bestofscrambled,high_maturity,False,CLIPese,0.0,True,mature,0.44015000000000004,False,,-1,-0.09046358,0.09799648,0.03842524066567421,0.023047499358654022
113,bernese,high_maturity,True,English,2.23,True,mature,0.56565,False,,-1,0.24340743,-0.3209588,0.03842524066567421,0.023047499358654022
114,aubergbronte,high_maturity,False,CLIPese,0.0,True,mature,0.195075,False,,-1,0.03907887,-0.22929949,0.03842524066567421,0.023047499358654022
115,cubemodules,high_maturity,False,CLIPese,0.0,True,mature,0.89235,True,mature_readable,167,0.032299545,0.05246654,0.03842524066567421,0.023047499358654022
116,copernicspaghetti,high_maturity,False,CLIPese,0.0,True,mature,0.5315,False,,-1,-0.12098697,0.015587642,0.03842524066567421,0.023047499358654022
117,aegefighter,high_maturity,False,CLIPese,0.0,True,mature,0.23885,False,,-1,-0.14614686,-0.07904785,0.03842524066567421,0.023047499358654022
118,boxerpitbull,high_maturity,False,CLIPese,0.0,True,mature,0.419875,False,,-1,-0.05114181,0.10954636,0.03842524066567421,0.023047499358654022
119,configurloaf,high_maturity,False,CLIPese,0.0,True,mature,0.400825,False,,-1,-0.19422628,-0.18470076,0.03842524066567421,0.023047499358654022
120,backstreetminecraft,high_maturity,False,CLIPese,0.0,True,mature,0.36519999999999997,False,,-1,-0.12298889,0.11724445,0.03842524066567421,0.023047499358654022
121,autismazebra,high_maturity,False,CLIPese,0.0,True,mature,0.45339999999999997,False,,-1,0.0015115784,0.08095851,0.03842524066567421,0.023047499358654022
122,calibrimagepixelart,high_maturity,False,CLIPese,0.0,True,mature,0.12369999999999999,False,,-1,-0.051602934,0.23560281,0.03842524066567421,0.023047499358654022
123,artypixelart,high_maturity,False,CLIPese,0.0,True,mature,0.0802,True,mature_weak,372,-0.009119422,0.015791083,0.03842524066567421,0.023047499358654022
124,bbcimagemachinelearning,high_maturity,False,CLIPese,0.0,True,mature,0.44815,False,,-1,-0.13991709,0.11658766,0.03842524066567421,0.023047499358654022
125,cyberskeletons,high_maturity,False,CLIPese,0.0,True,mature,0.5938249999999999,False,,-1,-0.017696587,0.114400625,0.03842524066567421,0.023047499358654022
126,chipmunbollywood,high_maturity,False,CLIPese,0.0,True,mature,0.47530000000000006,False,,-1,0.10144487,-0.0029350836,0.03842524066567421,0.023047499358654022
127,aubergfuzzy,high_maturity,False,CLIPese,0.0,True,mature,0.28605,False,,-1,-0.19251846,-0.14168707,0.03842524066567421,0.023047499358654022
128,carrauntoo,high_maturity,False,CLIPese,0.0,True,mature,0.38125,False,,-1,-0.19987477,-0.045751914,0.03842524066567421,0.023047499358654022
129,chickpheasant,high_maturity,False,CLIPese,0.0,True,mature,0.4534,False,,-1,0.09524247,-0.15690406,0.03842524066567421,0.023047499358654022
130,coralbinary,high_maturity,False,CLIPese,0.0,True,mature,0.824275,True,mature_readable,229,0.06999367,0.10673737,0.03842524066567421,0.023047499358654022
131,aubergblob,high_maturity,False,CLIPese,0.0,True,mature,0.36105,False,,-1,-0.03335372,-0.28932253,0.03842524066567421,0.023047499358654022
132,anarchnoseoutlines,high_maturity,False,CLIPese,0.0,True,mature,0.60885,False,,-1,0.09220529,-0.017848618,0.03842524066567421,0.023047499358654022
133,cyclingsymmetry,high_maturity,False,CLIPese,0.0,True,mature,0.736475,False,,-1,-0.26279315,0.026888186,0.03842524066567421,0.023047499358654022
134,abstrimagescrambled,high_maturity,False,CLIPese,0.0,True,mature,0.3473,False,,-1,-0.18964624,0.01647579,0.03842524066567421,0.023047499358654022
135,boxoctagon,high_maturity,False,CLIPese,0.0,True,mature,0.750375,False,,-1,0.28375664,0.03758448,0.03842524066567421,0.023047499358654022
136,beachclean,high_maturity,False,CLIPese,0.0,True,mature,0.5321,False,,-1,0.19697191,0.19111201,0.03842524066567421,0.023047499358654022
137,calibrbitimageinterference,high_maturity,False,CLIPese,0.0,True,mature,0.28659999999999997,False,,-1,-0.14901766,0.15050076,0.03842524066567421,0.023047499358654022
138,appalachcamo,high_maturity,False,CLIPese,0.0,True,mature,0.5405249999999999,False,,-1,-0.07566641,0.15718311,0.03842524066567421,0.023047499358654022
139,canadapost,high_maturity,False,CLIPese,0.0,True,mature,0.5156499999999999,False,,-1,-0.05933573,-0.012898141,0.03842524066567421,0.023047499358654022
140,aglecam,high_maturity,False,CLIPese,0.0,True,mature,0.53045,False,,-1,-0.26465195,-0.056798246,0.03842524066567421,0.023047499358654022
141,appalachminecraft,high_maturity,False,CLIPese,0.0,True,mature,0.47739999999999994,False,,-1,-0.10717602,0.0019760628,0.03842524066567421,0.023047499358654022
142,calibrlentvolcano,high_maturity,False,CLIPese,0.0,True,mature,0.36234999999999995,False,,-1,-0.09548574,0.109861456,0.03842524066567421,0.023047499358654022
143,bitimagescrambled,high_maturity,False,CLIPese,0.0,True,mature,0.38437499999999997,False,,-1,-0.2384106,0.056533325,0.03842524066567421,0.023047499358654022
144,bicytree,high_maturity,False,CLIPese,0.0,True,mature,0.529825,False,,-1,-0.21086983,0.05228931,0.03842524066567421,0.023047499358654022
145,chopemoji,high_maturity,False,CLIPese,0.0,True,mature,0.803925,False,,-1,0.10520924,0.051479466,0.03842524066567421,0.023047499358654022
146,camouflahairstyles,high_maturity,False,CLIPese,0.0,True,mature,0.28235,False,,-1,-0.117568254,0.03432186,0.03842524066567421,0.023047499358654022
147,breastcancercrayon,high_maturity,False,CLIPese,0.0,True,mature,0.7217250000000001,False,,-1,-0.008342066,0.1718607,0.03842524066567421,0.023047499358654022
148,appalachpaddling,high_maturity,False,CLIPese,0.0,True,mature,0.418725,False,,-1,-0.21712983,-0.09904975,0.03842524066567421,0.023047499358654022
149,bellahusky,high_maturity,False,CLIPese,0.0,True,mature,0.563475,False,,-1,-0.19671755,-0.20237814,0.03842524066567421,0.023047499358654022
150,backstreetshrek,high_maturity,False,CLIPese,0.0,True,mature,0.370075,False,,-1,-0.150477,-0.027763998,0.03842524066567421,0.023047499358654022
151,christmasjigsaw,high_maturity,False,CLIPese,0.0,True,mature,0.43865,False,,-1,-0.00871399,0.19318213,0.03842524066567421,0.023047499358654022
152,boxerdog,high_maturity,False,CLIPese,0.0,True,mature,0.234425,False,,-1,0.0167022,0.042203583,0.03842524066567421,0.023047499358654022
153,boerterrier,high_maturity,False,CLIPese,0.0,True,mature,0.45587500000000003,False,,-1,0.26095572,-0.20327067,0.03842524066567421,0.023047499358654022
154,colormachinelearning,high_maturity,False,CLIPese,0.0,True,mature,0.31917499999999993,False,,-1,-0.0062850458,0.22132629,0.03842524066567421,0.023047499358654022
155,calibrnanoptoro,high_maturity,False,CLIPese,0.0,True,mature,0.6716,False,,-1,-0.10514348,-0.079550475,0.03842524066567421,0.023047499358654022
156,copernicantenna,high_maturity,False,CLIPese,0.0,True,mature,0.45445,False,,-1,-0.12897307,-0.067718975,0.03842524066567421,0.023047499358654022
157,burgerjuggpanorpixelart,high_maturity,False,CLIPese,0.0,True,mature,0.140625,True,mature_weak,415,-0.14517811,0.038857557,0.03842524066567421,0.023047499358654022
158,calibrmaize,high_maturity,False,CLIPese,0.0,True,mature,0.665875,True,orthographic_hard,40,0.15320031,0.35020927,0.03842524066567421,0.023047499358654022
159,banankin,high_maturity,False,CLIPese,0.0,True,mature,0.894825,True,orthographic_hard,32,0.273924,-0.07305985,0.03842524066567421,0.023047499358654022
160,autismawarenessday,high_maturity,False,CLIPese,0.0,True,mature,0.5604,False,,-1,-0.074146114,-0.11565795,0.03842524066567421,0.023047499358654022
161,configurmandelcircle,high_maturity,False,CLIPese,0.0,True,mature,0.25455,False,,-1,-0.058007766,-0.014082499,0.03842524066567421,0.023047499358654022
162,bharatwebcamtoy,high_maturity,False,CLIPese,0.0,True,mature,0.057850000000000006,True,mature_weak,386,-0.24622296,0.009629174,0.03842524066567421,0.023047499358654022
163,airballon,high_maturity,False,CLIPese,0.0,True,mature,0.442125,False,,-1,0.37412024,-0.13011414,0.03842524066567421,0.023047499358654022
164,banknopancake,high_maturity,False,CLIPese,0.0,True,mature,0.6693,False,,-1,-0.06094212,-0.039083377,0.03842524066567421,0.023047499358654022
165,catglitch,high_maturity,False,CLIPese,0.0,True,mature,0.53905,False,,-1,0.17309543,-0.097571865,0.03842524066567421,0.023047499358654022
166,coralcrystmicroscope,high_maturity,False,CLIPese,0.0,True,mature,0.335775,False,,-1,-0.2805095,0.025413767,0.03842524066567421,0.023047499358654022
167,beardmachinelearning,high_maturity,False,CLIPese,0.0,True,mature,0.463125,False,,-1,-0.11226363,0.15741494,0.03842524066567421,0.023047499358654022
168,cougarspelled,high_maturity,False,CLIPese,0.0,True,mature,0.7398250000000001,False,,-1,0.26239902,-0.01770063,0.03842524066567421,0.023047499358654022
169,carncollie,high_maturity,False,CLIPese,0.0,True,mature,0.09597499999999999,True,mature_weak,380,0.15306032,-0.22831629,0.03842524066567421,0.023047499358654022
170,clipclips,high_maturity,False,CLIPese,0.0,True,mature,0.461175,False,,-1,0.30534396,0.10927606,0.03842524066567421,0.023047499358654022
171,cytofractal,high_maturity,False,CLIPese,0.0,True,mature,0.4667,False,,-1,0.024655575,0.060801286,0.03842524066567421,0.023047499358654022
172,bundehelicopters,high_maturity,False,CLIPese,0.0,True,mature,0.8515249999999999,True,mature_readable,105,0.06981369,-0.04766618,0.03842524066567421,0.023047499358654022
173,augmenteapple,high_maturity,False,CLIPese,0.0,True,mature,0.610025,False,,-1,-0.20480782,-0.16717725,0.03842524066567421,0.023047499358654022
174,breadtexture,high_maturity,False,CLIPese,0.0,True,mature,0.67285,False,,-1,0.13773839,0.41905755,0.03842524066567421,0.023047499358654022
175,christmapuzzles,high_maturity,False,CLIPese,0.0,True,mature,0.5942999999999999,False,,-1,0.11258751,0.29465684,0.03842524066567421,0.023047499358654022
176,blackandwhitepropeller,high_maturity,False,CLIPese,0.0,True,mature,0.19837500000000002,False,,-1,-0.2108562,0.030912044,0.03842524066567421,0.023047499358654022
177,chromodisintegrscrambled,high_maturity,False,CLIPese,0.0,True,mature,0.35359999999999997,False,,-1,-0.21217485,0.08318451,0.03842524066567421,0.023047499358654022
178,broccoli,high_maturity,True,English,3.5,True,mature,0.5514,False,,-1,0.22739632,-0.17095359,0.03842524066567421,0.023047499358654022
179,azerbaimetabolaceae,high_maturity,False,CLIPese,0.0,True,mature,0.51825,False,,-1,-0.020952106,-0.02269697,0.03842524066567421,0.023047499358654022
180,anarchitottenham,high_maturity,False,CLIPese,0.0,True,mature,0.5146999999999999,False,,-1,-0.21322955,0.060656548,0.03842524066567421,0.023047499358654022
181,anarchiaubrey,high_maturity,False,CLIPese,0.0,True,mature,0.59895,False,,-1,0.045719184,-0.23160474,0.03842524066567421,0.023047499358654022
182,cuttemojis,high_maturity,False,CLIPese,0.0,True,mature,0.7487999999999999,False,,-1,-0.07245085,-0.07981084,0.03842524066567421,0.023047499358654022
183,choccroissant,high_maturity,False,CLIPese,0.0,True,mature,0.5928,False,,-1,-0.002884664,0.074923925,0.03842524066567421,0.023047499358654022
184,chromomosaic,high_maturity,False,CLIPese,0.0,True,mature,0.5669249999999999,False,,-1,-0.29171336,0.048193436,0.03842524066567421,0.023047499358654022
185,absccrystscrambled,high_maturity,False,CLIPese,0.0,True,mature,0.30837499999999995,False,,-1,-0.10989548,0.0159264,0.03842524066567421,0.023047499358654022
186,buccanebombers,high_maturity,False,CLIPese,0.0,True,mature,0.27754999999999996,False,,-1,0.10074812,0.16722156,0.03842524066567421,0.023047499358654022
187,chinesemongolia,high_maturity,False,CLIPese,0.0,True,mature,0.5855999999999999,False,,-1,0.13263865,0.16871533,0.03842524066567421,0.023047499358654022
188,crabsurfers,high_maturity,False,CLIPese,0.0,True,mature,0.63245,False,,-1,-0.0017088124,0.009876741,0.03842524066567421,0.023047499358654022
189,buccanesubmarine,high_maturity,False,CLIPese,0.0,True,mature,0.274175,False,,-1,0.011708422,-0.07146279,0.03842524066567421,0.023047499358654022
190,crystshook,high_maturity,False,CLIPese,0.0,True,mature,0.5805,False,,-1,0.08990086,0.25234565,0.03842524066567421,0.023047499358654022
191,bureblurred,high_maturity,False,CLIPese,0.0,True,mature,0.681675,False,,-1,-0.020104732,-0.0830889,0.03842524066567421,0.023047499358654022
192,blurmonet,high_maturity,False,CLIPese,0.0,True,mature,0.5874499999999999,False,,-1,-0.047441687,-0.0012738828,0.03842524066567421,0.023047499358654022
193,catsphercircle,high_maturity,False,CLIPese,0.0,True,mature,0.16112500000000002,True,mature_weak,399,-0.017183749,0.075243406,0.03842524066567421,0.023047499358654022
194,anarchibicyalchemist,high_maturity,False,CLIPese,0.0,True,mature,0.18525000000000003,False,,-1,-0.16008836,-0.096379906,0.03842524066567421,0.023047499358654022
195,biomeddecal,high_maturity,False,CLIPese,0.0,True,mature,0.616825,False,,-1,-0.1996118,0.11861609,0.03842524066567421,0.023047499358654022
196,chromoglitch,high_maturity,False,CLIPese,0.0,True,mature,0.1481,True,mature_weak,396,0.07104216,0.10421734,0.03842524066567421,0.023047499358654022
197,circumerecbanana,high_maturity,False,CLIPese,0.0,True,mature,0.6273249999999999,False,,-1,-0.07885935,-0.2568586,0.03842524066567421,0.023047499358654022
198,coralsnowstorm,high_maturity,False,CLIPese,0.0,True,mature,0.38897499999999996,False,,-1,-0.02169219,0.14433852,0.03842524066567421,0.023047499358654022
199,bbcbbcseizure,high_maturity,False,CLIPese,0.0,True,mature,0.37415000000000004,False,,-1,0.2703434,-0.019744236,0.03842524066567421,0.023047499358654022
200,bbcmicroscope,high_maturity,False,CLIPese,0.0,True,mature,0.6156,False,,-1,-0.1762692,0.037334803,0.03842524066567421,0.023047499358654022
201,copernicmap,high_maturity,False,CLIPese,0.0,True,mature,0.6641,False,,-1,-0.3141622,0.031046486,0.03842524066567421,0.023047499358654022
202,cubeblob,high_maturity,False,CLIPese,0.0,True,mature,0.6398249999999999,False,,-1,0.07517042,-0.15890642,0.03842524066567421,0.023047499358654022
203,cauliflower,high_maturity,True,English,3.2,True,mature,0.37184999999999996,False,,-1,0.20960587,0.06939685,0.03842524066567421,0.023047499358654022
204,camouflaloaf,high_maturity,False,CLIPese,0.0,True,mature,0.42457500000000004,False,,-1,0.05207569,-0.077426456,0.03842524066567421,0.023047499358654022
205,bulldogpitt,high_maturity,False,CLIPese,0.0,True,mature,0.4526,False,,-1,-0.15371418,-0.07632918,0.03842524066567421,0.023047499358654022
206,blackandwhitenationaldogday,high_maturity,False,CLIPese,0.0,True,mature,0.791575,True,mature_readable,242,-0.093217544,-0.11042973,0.03842524066567421,0.023047499358654022
207,cyclingmath,high_maturity,False,CLIPese,0.0,True,mature,0.815125,True,orthographic_hard,22,-0.025904756,-0.064464,0.03842524066567421,0.023047499358654022
208,bunprotest,high_maturity,False,CLIPese,0.0,True,mature,0.8777250000000001,True,mature_readable,121,-0.12100489,0.01646777,0.03842524066567421,0.023047499358654022
209,artymachinelearning,high_maturity,False,CLIPese,0.0,True,mature,0.23865,False,,-1,-0.2389763,0.117177814,0.03842524066567421,0.023047499358654022
210,bggrumpug,high_maturity,False,CLIPese,0.0,True,mature,0.516925,False,,-1,-0.15362537,-0.075606614,0.03842524066567421,0.023047499358654022
211,avoncollie,high_maturity,False,CLIPese,0.0,True,mature,0.3297,False,,-1,0.12734231,0.022886593,0.03842524066567421,0.023047499358654022
212,cubefuncshadimplemented,high_maturity,False,CLIPese,0.0,True,mature,0.2551,False,,-1,-0.24582969,-0.15716037,0.03842524066567421,0.023047499358654022
213,catmandala,high_maturity,False,CLIPese,0.0,True,mature,0.42362500000000003,False,,-1,-0.09051518,-0.0020710528,0.03842524066567421,0.023047499358654022
214,credentibobcat,high_maturity,False,CLIPese,0.0,True,mature,0.37144999999999995,False,,-1,-0.23038393,0.050249465,0.03842524066567421,0.023047499358654022
215,camouflaloafbread,high_maturity,False,CLIPese,0.0,True,mature,0.203075,False,,-1,-0.12669869,-0.06633866,0.03842524066567421,0.023047499358654022
216,anarchioccult,high_maturity,False,CLIPese,0.0,True,mature,0.676025,False,,-1,0.25831896,0.058891457,0.03842524066567421,0.023047499358654022
217,anarchisuperbowl,high_maturity,False,CLIPese,0.0,True,mature,0.8039499999999999,False,,-1,-0.032218903,0.12934917,0.03842524066567421,0.023047499358654022
218,britishsheepcumbria,high_maturity,False,CLIPese,0.0,True,mature,0.3965249999999999,False,,-1,-0.17587574,-0.118766434,0.03842524066567421,0.023047499358654022
219,bubbslab,high_maturity,False,CLIPese,0.0,True,mature,0.6561,False,,-1,0.19781409,-0.15351433,0.03842524066567421,0.023047499358654022
220,bloodsculptures,high_maturity,False,CLIPese,0.0,True,mature,0.640575,False,,-1,-0.061551988,0.24622147,0.03842524066567421,0.023047499358654022
221,chromomeasles,high_maturity,False,CLIPese,0.0,True,mature,0.54585,False,,-1,-0.10128602,0.12197882,0.03842524066567421,0.023047499358654022
222,chromoasparagus,high_maturity,False,CLIPese,0.0,True,mature,0.11985,False,,-1,-0.15642986,0.21467763,0.03842524066567421,0.023047499358654022
223,cybercube,high_maturity,False,CLIPese,0.0,True,mature,0.7735000000000001,False,,-1,0.051787764,-0.045347035,0.03842524066567421,0.023047499358654022
224,aubergbuttthinking,high_maturity,False,CLIPese,0.0,True,mature,0.342075,False,,-1,-0.16811502,-0.18795188,0.03842524066567421,0.023047499358654022
225,abudhadoggo,high_maturity,False,CLIPese,0.0,True,mature,0.332375,False,,-1,0.047020286,-0.3265838,0.03842524066567421,0.023047499358654022
226,biketomorrowspaperreturning,high_maturity,False,CLIPese,0.0,True,mature,0.27897500000000003,False,,-1,-0.19307557,0.062438786,0.03842524066567421,0.023047499358654022
227,coralmosaic,high_maturity,False,CLIPese,0.0,True,mature,0.541425,False,,-1,-0.28738427,0.06813327,0.03842524066567421,0.023047499358654022
228,bananfeline,high_maturity,False,CLIPese,0.0,True,mature,0.570975,False,,-1,-0.063736044,-0.24032448,0.03842524066567421,0.023047499358654022
229,appalachsoap,high_maturity,False,CLIPese,0.0,True,mature,0.749225,False,,-1,0.03665844,0.1775029,0.03842524066567421,0.023047499358654022
230,beachtourists,high_maturity,False,CLIPese,0.0,True,mature,0.574425,False,,-1,0.072107285,0.027094122,0.03842524066567421,0.023047499358654022
231,chromomonet,high_maturity,False,CLIPese,0.0,True,mature,0.366325,False,,-1,-0.021959862,0.12902354,0.03842524066567421,0.023047499358654022
232,coyopups,high_maturity,False,CLIPese,0.0,True,mature,0.8172,True,mature_readable,258,-0.001346363,-0.11074306,0.03842524066567421,0.023047499358654022
233,authenticmachinelearning,high_maturity,False,CLIPese,0.0,True,mature,0.489425,False,,-1,-0.13073094,0.032810558,0.03842524066567421,0.023047499358654022
234,compupixelart,high_maturity,False,CLIPese,0.0,True,mature,0.08555,True,mature_weak,435,-0.063197024,0.24284948,0.03842524066567421,0.023047499358654022
235,chineseterracotta,high_maturity,False,CLIPese,0.0,True,mature,0.105175,True,mature_weak,403,-0.16040684,-0.055746026,0.03842524066567421,0.023047499358654022
236,crystfracdigitalart,high_maturity,False,CLIPese,0.0,True,mature,0.117575,False,,-1,-0.19249782,0.11292248,0.03842524066567421,0.023047499358654022
237,copernicsquare,high_maturity,False,CLIPese,0.0,True,mature,0.20835000000000004,False,,-1,-0.14399137,0.0011588988,0.03842524066567421,0.023047499358654022
238,crystpaintbruise,high_maturity,False,CLIPese,0.0,True,mature,0.60805,False,,-1,-0.16125591,0.060332827,0.03842524066567421,0.023047499358654022
239,allypally,high_maturity,False,CLIPese,0.0,True,mature,0.21875,False,,-1,0.07641908,-0.16658838,0.03842524066567421,0.023047499358654022
240,coralradiation,high_maturity,False,CLIPese,0.0,True,mature,0.669825,False,,-1,-0.101069055,-0.057131458,0.03842524066567421,0.023047499358654022
241,biketransportation,high_maturity,False,CLIPese,0.0,True,mature,0.273275,False,,-1,-0.20169005,0.079440475,0.03842524066567421,0.023047499358654022
242,configurcircle,high_maturity,False,CLIPese,0.0,True,mature,0.2791,False,,-1,0.08593554,-0.03587782,0.03842524066567421,0.023047499358654022
243,colorkaleidostatistical,high_maturity,False,CLIPese,0.0,True,mature,0.34275,False,,-1,-0.26307586,-0.07521791,0.03842524066567421,0.023047499358654022
244,calibrlotoptimize,high_maturity,False,CLIPese,0.0,True,mature,0.414725,False,,-1,-0.25526434,0.012675089,0.03842524066567421,0.023047499358654022
245,aerialjump,high_maturity,False,CLIPese,0.0,True,mature,0.62495,False,,-1,0.016173992,0.19430526,0.03842524066567421,0.023047499358654022
246,bananviewer,high_maturity,False,CLIPese,0.0,True,mature,0.714575,False,,-1,0.14280336,0.08796463,0.03842524066567421,0.023047499358654022
247,athiyashetty,high_maturity,False,CLIPese,0.0,True,mature,0.29237500000000005,False,,-1,-0.08040408,-0.20968455,0.03842524066567421,0.023047499358654022
248,banknorectangular,high_maturity,False,CLIPese,0.0,True,mature,0.117525,True,mature_weak,424,-0.21864219,-0.07314518,0.03842524066567421,0.023047499358654022
249,afghcoworking,high_maturity,False,CLIPese,0.0,True,mature,0.7312999999999998,True,mature_readable,245,-0.033031784,-0.0034174128,0.03842524066567421,0.023047499358654022
250,australianjaws,high_maturity,False,CLIPese,0.0,True,mature,0.613075,False,,-1,0.1644007,-0.03683843,0.03842524066567421,0.023047499358654022
251,autismacrocodile,high_maturity,False,CLIPese,0.0,True,mature,0.36405000000000004,False,,-1,-0.16323051,-0.074580185,0.03842524066567421,0.023047499358654022
252,assemblyaapl,high_maturity,False,CLIPese,0.0,True,mature,0.79675,True,mature_readable,202,-0.21508914,-0.095261395,0.03842524066567421,0.023047499358654022
253,ajcorgi,high_maturity,False,CLIPese,0.0,True,mature,0.52635,False,,-1,-0.0096258065,-0.12438377,0.03842524066567421,0.023047499358654022
254,appalachsafarilive,high_maturity,False,CLIPese,0.0,True,mature,0.075175,True,mature_weak,419,-0.07940643,0.08649924,0.03842524066567421,0.023047499358654022
255,copernicgridgraffiti,high_maturity,False,CLIPese,0.0,True,mature,0.19625,False,,-1,-0.3347682,0.056642424,0.03842524066567421,0.023047499358654022
256,configurduvet,high_maturity,False,CLIPese,0.0,True,mature,0.44894999999999996,False,,-1,-0.12618147,-0.18561088,0.03842524066567421,0.023047499358654022
257,crystcorrupt,high_maturity,False,CLIPese,0.0,True,mature,0.246875,False,,-1,0.025020855,0.23681742,0.03842524066567421,0.023047499358654022
258,chromoscrambled,high_maturity,False,CLIPese,0.0,True,mature,0.33825000000000005,False,,-1,-0.11093769,0.09862641,0.03842524066567421,0.023047499358654022
259,bbcprogrambitringing,high_maturity,False,CLIPese,0.0,True,mature,0.63545,False,,-1,-0.17497025,0.16596949,0.03842524066567421,0.023047499358654022
260,camouflacosy,high_maturity,False,CLIPese,0.0,True,mature,0.2126,False,,-1,0.058029357,0.25439414,0.03842524066567421,0.023047499358654022
261,ckerfuzzchromobit,high_maturity,False,CLIPese,0.0,True,mature,0.387125,False,,-1,-0.021965323,-0.08974481,0.03842524066567421,0.023047499358654022
262,calibrmeasles,high_maturity,False,CLIPese,0.0,True,mature,0.7097,True,orthographic_hard,41,0.07967251,0.1437851,0.03842524066567421,0.023047499358654022
263,cuberender,high_maturity,False,CLIPese,0.0,True,mature,0.4925,False,,-1,0.07424739,0.17456444,0.03842524066567421,0.023047499358654022
264,coughcougar,high_maturity,False,CLIPese,0.0,True,mature,0.8779,True,mature_readable,92,0.024335504,-0.33382717,0.03842524066567421,0.023047499358654022
265,tyrecatsoftwitter,high_maturity,False,CLIPese,0.0,True,mature,0.1688,False,,-1,-0.25158286,0.054248784,0.03842524066567421,0.023047499358654022
266,azerbaichonlargest,high_maturity,False,CLIPese,0.0,True,mature,0.6718,False,,-1,-0.074646704,-0.2196045,0.03842524066567421,0.023047499358654022
267,appenhummingpikachu,high_maturity,False,CLIPese,0.0,True,mature,0.587075,False,,-1,-0.1678742,-0.21400422,0.03842524066567421,0.023047499358654022
268,arugula,high_maturity,True,English,2.46,True,mature,0.34305,False,,-1,0.25309503,-0.32335004,0.03842524066567421,0.023047499358654022
269,beachspelling,high_maturity,False,CLIPese,0.0,True,mature,0.7914749999999999,True,mature_readable,270,0.12569919,-0.17824413,0.03842524066567421,0.023047499358654022
270,aardvark,high_maturity,True,English,2.39,True,mature,0.7492000000000001,True,mature_readable,251,0.24902628,-0.0134402765,0.03842524066567421,0.023047499358654022
271,bharatdigits,high_maturity,False,CLIPese,0.0,True,mature,0.494275,False,,-1,-0.20692404,0.015755503,0.03842524066567421,0.023047499358654022
272,autismacaffeine,high_maturity,False,CLIPese,0.0,True,mature,0.864475,True,mature_readable,84,-0.034511533,-0.02572538,0.03842524066567421,0.023047499358654022
273,batmancaptainmarvel,high_maturity,False,CLIPese,0.0,True,mature,0.27165,False,,-1,-0.1637419,0.07049001,0.03842524066567421,0.023047499358654022
274,azzscrambled,high_maturity,False,CLIPese,0.0,True,mature,0.8438749999999999,True,orthographic_hard,14,0.062814616,-0.018562904,0.03842524066567421,0.023047499358654022
275,amyjackson,high_maturity,False,CLIPese,0.0,True,mature,0.19547499999999998,False,,-1,-0.111454695,0.02027302,0.03842524066567421,0.023047499358654022
276,crvenazvezda,high_maturity,False,CLIPese,0.0,True,mature,0.189225,True,mature_weak,440,-0.0782546,-0.07883424,0.03842524066567421,0.023047499358654022
277,birchcalligraphy,high_maturity,False,CLIPese,0.0,True,mature,0.23767500000000003,False,,-1,-0.12175348,-0.0016912777,0.03842524066567421,0.023047499358654022
278,calibrbbcbitgradient,high_maturity,False,CLIPese,0.0,True,mature,0.1503,False,,-1,-0.13697904,0.19838378,0.03842524066567421,0.023047499358654022
279,bullrnli,high_maturity,False,CLIPese,0.0,True,mature,0.19647499999999998,False,,-1,0.1722362,-0.16368856,0.03842524066567421,0.023047499358654022
280,candigoldendoggo,high_maturity,False,CLIPese,0.0,True,mature,0.39199999999999996,False,,-1,-0.20233835,-0.0048654857,0.03842524066567421,0.023047499358654022
281,breitjets,high_maturity,False,CLIPese,0.0,True,mature,0.58635,False,,-1,0.003464792,-0.057534568,0.03842524066567421,0.023047499358654022
282,babymachinelearning,high_maturity,False,CLIPese,0.0,True,mature,0.6897500000000001,False,,-1,-0.18338475,0.118104,0.03842524066567421,0.023047499358654022
283,adrenballoon,high_maturity,False,CLIPese,0.0,True,mature,0.749825,True,mature_readable,164,-0.13285871,-0.066284545,0.03842524066567421,0.023047499358654022
284,beachfamilytime,high_maturity,False,CLIPese,0.0,True,mature,0.40647500000000003,False,,-1,-0.1663294,0.13462725,0.03842524066567421,0.023047499358654022
285,mandelpopart,high_maturity,False,CLIPese,0.0,True,mature,0.26975000000000005,False,,-1,-0.33481294,0.0038934778,0.03842524066567421,0.023047499358654022
286,biltnatucollie,high_maturity,False,CLIPese,0.0,True,mature,0.13142500000000001,False,,-1,0.2195917,-0.067494944,0.03842524066567421,0.023047499358654022
287,bubblefractal,high_maturity,False,CLIPese,0.0,True,mature,0.32455,False,,-1,0.13760692,-0.05660888,0.03842524066567421,0.023047499358654022
288,cogemoji,high_maturity,False,CLIPese,0.0,True,mature,0.8396,False,,-1,-0.17747435,-0.21677303,0.03842524066567421,0.023047499358654022
289,bookfairies,high_maturity,False,CLIPese,0.0,True,mature,0.3211,False,,-1,0.33967552,0.12608458,0.03842524066567421,0.023047499358654022
290,blackandwhitesignature,high_maturity,False,CLIPese,0.0,True,mature,0.113025,True,mature_weak,410,0.26045257,0.12799491,0.03842524066567421,0.023047499358654022
291,amhervito,high_maturity,False,CLIPese,0.0,True,mature,0.3255,False,,-1,-0.16541962,-0.10858593,0.03842524066567421,0.023047499358654022
292,anarchidangerously,high_maturity,False,CLIPese,0.0,True,mature,0.43737500000000007,False,,-1,0.010711327,-0.071135975,0.03842524066567421,0.023047499358654022
293,choreobleedstripe,high_maturity,False,CLIPese,0.0,True,mature,0.6601,False,,-1,-0.15605718,-0.07874772,0.03842524066567421,0.023047499358654022
294,alpaca,high_maturity,True,English,2.8,True,mature,0.7210000000000001,True,fallback_fill,507,0.12919195,-0.18279071,0.03842524066567421,0.023047499358654022
295,camouflaquadrucaturday,high_maturity,False,CLIPese,0.0,True,mature,0.3771,False,,-1,-0.122340664,-0.1392795,0.03842524066567421,0.023047499358654022
296,pawloafkaleidotyres,high_maturity,False,CLIPese,0.0,True,mature,0.102275,True,mature_weak,429,-0.13602039,-0.01279688,0.03842524066567421,0.023047499358654022
297,beardbitstpatricksday,high_maturity,False,CLIPese,0.0,True,mature,0.7736250000000001,True,mature_readable,192,-0.09292621,0.013814667,0.03842524066567421,0.023047499358654022
298,pygdog,high_maturity,False,CLIPese,0.0,True,mature,0.15802499999999997,False,,-1,0.089161515,-0.026926277,0.03842524066567421,0.023047499358654022
299,aruban,high_maturity,True,English,1.47,True,mature,0.8221499999999998,True,orthographic_hard,0,0.06727594,-0.33988956,0.03842524066567421,0.023047499358654022
300,bbcprogramsorted,high_maturity,False,CLIPese,0.0,True,mature,0.6919250000000001,False,,-1,-0.065162905,0.16365482,0.03842524066567421,0.023047499358654022
301,cubegenerating,high_maturity,False,CLIPese,0.0,True,mature,0.5518,False,,-1,-0.045435116,-0.040301178,0.03842524066567421,0.023047499358654022
302,cybermosaic,high_maturity,False,CLIPese,0.0,True,mature,0.40245000000000003,False,,-1,-0.04022219,-0.11497208,0.03842524066567421,0.023047499358654022
303,orangupoliticalkaleidofried,high_maturity,False,CLIPese,0.0,True,mature,0.295575,False,,-1,-0.20701452,-0.17818497,0.03842524066567421,0.023047499358654022
304,adrenparachute,high_maturity,False,CLIPese,0.0,True,mature,0.6093500000000001,False,,-1,-0.23257174,0.020349164,0.03842524066567421,0.023047499358654022
305,embelliphotomdigitalart,high_maturity,False,CLIPese,0.0,True,mature,0.02735,True,mature_weak,377,-0.11668895,0.10726955,0.03842524066567421,0.023047499358654022
306,aerialair,high_maturity,False,CLIPese,0.0,True,mature,0.6941499999999998,False,,-1,0.27940652,-0.08687213,0.03842524066567421,0.023047499358654022
307,bryanblurred,high_maturity,False,CLIPese,0.0,True,mature,0.45697499999999996,False,,-1,0.12540933,0.07193079,0.03842524066567421,0.023047499358654022
308,crabs,high_maturity,True,English,3.4,True,mature,0.7509,False,,-1,0.3345035,0.14089829,0.03842524066567421,0.023047499358654022
309,lewanospreowltotem,high_maturity,False,CLIPese,0.0,True,mature,0.157,True,mature_weak,433,-0.0648448,-0.11425411,0.03842524066567421,0.023047499358654022
310,birdsstack,high_maturity,False,CLIPese,0.0,True,mature,0.6880000000000001,False,,-1,0.062149286,0.30216324,0.03842524066567421,0.023047499358654022
311,mandelmandelpixelart,high_maturity,False,CLIPese,0.0,True,mature,0.0693,False,,-1,-0.036633503,0.3255677,0.03842524066567421,0.023047499358654022
312,ballachu,high_maturity,False,CLIPese,0.0,True,mature,0.53095,False,,-1,0.020697266,-0.3421649,0.03842524066567421,0.023047499358654022
313,chinesesimulation,high_maturity,False,CLIPese,0.0,True,mature,0.736375,False,,-1,-0.01860639,0.09348346,0.03842524066567421,0.023047499358654022
314,acrobplane,high_maturity,False,CLIPese,0.0,True,mature,0.6931499999999999,False,,-1,-0.113416046,0.014674131,0.03842524066567421,0.023047499358654022
315,catsuperbowl,high_maturity,False,CLIPese,0.0,True,mature,0.45355,False,,-1,-0.034165762,0.20585954,0.03842524066567421,0.023047499358654022
316,boneterrorists,high_maturity,False,CLIPese,0.0,True,mature,0.497125,False,,-1,-0.014753662,-0.047632106,0.03842524066567421,0.023047499358654022
317,brutalorb,high_maturity,False,CLIPese,0.0,True,mature,0.644675,False,,-1,0.058270447,-0.1369466,0.03842524066567421,0.023047499358654022
318,hoymeasles,high_maturity,False,CLIPese,0.0,True,mature,0.596,False,,-1,-0.000111853005,0.113005035,0.03842524066567421,0.023047499358654022
319,appalachalaya,high_maturity,False,CLIPese,0.0,True,mature,0.527825,False,,-1,-0.1785323,-0.023653496,0.03842524066567421,0.023047499358654022
320,anarchiartistsontwitter,high_maturity,False,CLIPese,0.0,True,mature,0.099,False,,-1,-0.17823492,0.07401126,0.03842524066567421,0.023047499358654022
321,bittextures,high_maturity,False,CLIPese,0.0,True,mature,0.40385,False,,-1,-0.10630762,0.14167117,0.03842524066567421,0.023047499358654022
322,afrisomaliland,high_maturity,False,CLIPese,0.0,True,mature,0.571575,False,,-1,-0.033514965,0.0015247401,0.03842524066567421,0.023047499358654022
323,adirondchairs,high_maturity,False,CLIPese,0.0,True,mature,0.06024999999999999,True,mature_weak,376,-0.016871845,0.14434768,0.03842524066567421,0.023047499358654022
324,coralprogram,high_maturity,False,CLIPese,0.0,True,mature,0.668625,False,,-1,-0.034801625,0.012392368,0.03842524066567421,0.023047499358654022
325,bicycles,high_maturity,True,English,3.4,True,mature,0.44715,False,,-1,0.31198436,0.2689482,0.03842524066567421,0.023047499358654022
326,champadvocberry,high_maturity,False,CLIPese,0.0,True,mature,0.7054,False,,-1,-0.19910923,0.042676684,0.03842524066567421,0.023047499358654022
327,beachbike,high_maturity,False,CLIPese,0.0,True,mature,0.764275,False,,-1,0.06442645,-0.12932046,0.03842524066567421,0.023047499358654022
328,breitdefendesserts,high_maturity,False,CLIPese,0.0,True,mature,0.56135,False,,-1,-0.03050852,0.011112892,0.03842524066567421,0.023047499358654022
329,cskeleton,high_maturity,False,CLIPese,0.0,True,mature,0.405275,False,,-1,0.1799979,0.15445918,0.03842524066567421,0.023047499358654022
330,taxiderpikachu,high_maturity,False,CLIPese,0.0,True,mature,0.6491750000000001,False,,-1,0.0598829,0.14974554,0.03842524066567421,0.023047499358654022
331,blackandwhitelogo,high_maturity,False,CLIPese,0.0,True,mature,0.18662500000000004,False,,-1,-0.002083201,0.0627395,0.03842524066567421,0.023047499358654022
332,colourglitch,high_maturity,False,CLIPese,0.0,True,mature,0.1318,False,,-1,-0.07974999,0.13340011,0.03842524066567421,0.023047499358654022
333,anarchiwriterslife,high_maturity,False,CLIPese,0.0,True,mature,0.45555,False,,-1,0.04520264,-0.13565055,0.03842524066567421,0.023047499358654022
334,corsage,high_maturity,True,English,2.18,True,mature,0.6524000000000001,False,,-1,0.270088,0.29748777,0.03842524066567421,0.023047499358654022
335,applesauce,high_maturity,True,English,2.63,True,mature,0.828175,True,mature_readable,177,0.30680144,0.16450311,0.03842524066567421,0.023047499358654022
336,autistormtrooper,high_maturity,False,CLIPese,0.0,True,mature,0.572025,False,,-1,-0.18436109,-0.02127674,0.03842524066567421,0.023047499358654022
337,mandelvapor,high_maturity,False,CLIPese,0.0,True,mature,0.197025,False,,-1,0.047131065,0.07252393,0.03842524066567421,0.023047499358654022
338,chapeldancing,high_maturity,False,CLIPese,0.0,True,mature,0.71905,True,fallback_fill,493,-0.072866485,-0.034187306,0.03842524066567421,0.023047499358654022
339,alfreskeletons,high_maturity,False,CLIPese,0.0,True,mature,0.623975,False,,-1,-0.050548535,-0.0012987917,0.03842524066567421,0.023047499358654022
340,clipchiclip,high_maturity,False,CLIPese,0.0,True,mature,0.4497,False,,-1,0.13887246,-0.045347635,0.03842524066567421,0.023047499358654022
341,vampirehumidixiumin,high_maturity,False,CLIPese,0.0,True,mature,0.5432750000000001,False,,-1,-0.3223149,-0.024332915,0.03842524066567421,0.023047499358654022
342,bbcinteroperfrequency,high_maturity,False,CLIPese,0.0,True,mature,0.4098,False,,-1,-0.20726886,0.11096495,0.03842524066567421,0.023047499358654022
343,croco,high_maturity,True,English,1.64,True,mature,0.8108000000000001,True,mature_readable,211,0.14051268,0.13192749,0.03842524066567421,0.023047499358654022
344,chromonanobroccoli,high_maturity,False,CLIPese,0.0,True,mature,0.5014249999999999,False,,-1,-0.020728527,-0.033946585,0.03842524066567421,0.023047499358654022
345,banknocybervhs,high_maturity,False,CLIPese,0.0,True,mature,0.28397500000000003,False,,-1,-0.18622343,-0.019423636,0.03842524066567421,0.023047499358654022
346,autismavibration,high_maturity,False,CLIPese,0.0,True,mature,0.5478999999999999,False,,-1,0.069118306,-0.04118138,0.03842524066567421,0.023047499358654022
347,babyhungryasian,high_maturity,False,CLIPese,0.0,True,mature,0.7243999999999999,False,,-1,-0.2297638,-0.13816506,0.03842524066567421,0.023047499358654022
348,calibrbitchevron,high_maturity,False,CLIPese,0.0,True,mature,0.37994999999999995,False,,-1,-0.16800942,-0.03100152,0.03842524066567421,0.023047499358654022
349,dairways,high_maturity,False,CLIPese,0.0,True,mature,0.44672500000000004,False,,-1,0.28370115,0.18137456,0.03842524066567421,0.023047499358654022
350,crohnscolitis,high_maturity,False,CLIPese,0.0,True,mature,0.76425,True,mature_readable,269,0.018464293,0.04391629,0.03842524066567421,0.023047499358654022
351,bikemanhattan,high_maturity,False,CLIPese,0.0,True,mature,0.63085,False,,-1,-0.15280177,-0.045240123,0.03842524066567421,0.023047499358654022
352,autismadimensional,high_maturity,False,CLIPese,0.0,True,mature,0.344775,False,,-1,-0.109059155,-0.040592063,0.03842524066567421,0.023047499358654022
353,confronhuskies,high_maturity,False,CLIPese,0.0,True,mature,0.278175,False,,-1,-0.22142287,-0.10921233,0.03842524066567421,0.023047499358654022
354,findac,high_maturity,False,CLIPese,0.0,True,mature,0.48957500000000004,False,,-1,0.18161123,-0.033777177,0.03842524066567421,0.023047499358654022
355,amhernocchi,high_maturity,False,CLIPese,0.0,True,mature,0.21860000000000002,False,,-1,-0.2303703,-0.22666936,0.03842524066567421,0.023047499358654022
356,asparagus,high_maturity,True,English,3.25,True,mature,0.825675,True,orthographic_hard,44,0.044205014,0.06245032,0.03842524066567421,0.023047499358654022
357,azerbaiiheartbit,high_maturity,False,CLIPese,0.0,True,mature,0.8382999999999999,True,mature_readable,194,-0.10154724,-0.0025219421,0.03842524066567421,0.023047499358654022
358,bexhill,high_maturity,True,English,2.28,True,mature,0.7769250000000001,True,mature_readable,230,0.16308054,-0.039675705,0.03842524066567421,0.023047499358654022
359,birdstudie,high_maturity,False,CLIPese,0.0,True,mature,0.60375,False,,-1,0.17072439,0.050133713,0.03842524066567421,0.023047499358654022
360,chinchilla,high_maturity,True,English,2.57,True,mature,0.759875,True,mature_readable,237,0.20801765,-0.13160858,0.03842524066567421,0.023047499358654022
361,cubes,high_maturity,True,English,3.43,True,mature,0.45357500000000006,False,,-1,0.3922952,-0.044230096,0.03842524066567421,0.023047499358654022
362,orangukingfisher,high_maturity,False,CLIPese,0.0,True,mature,0.18777499999999997,False,,-1,-0.014513425,-0.067025796,0.03842524066567421,0.023047499358654022
363,cartoonsimpbun,high_maturity,False,CLIPese,0.0,True,mature,0.739325,True,fallback_fill,499,0.0389363,0.19675015,0.03842524066567421,0.023047499358654022
364,camouflamocked,high_maturity,False,CLIPese,0.0,True,mature,0.2343,False,,-1,-0.1804084,0.16403796,0.03842524066567421,0.023047499358654022
365,coralstacked,high_maturity,False,CLIPese,0.0,True,mature,0.8057,False,,-1,0.022384284,0.14900038,0.03842524066567421,0.023047499358654022
366,chromoalgorithm,high_maturity,False,CLIPese,0.0,True,mature,0.12350000000000001,False,,-1,-0.21429373,0.036038153,0.03842524066567421,0.023047499358654022
367,creepwight,high_maturity,False,CLIPese,0.0,True,mature,0.5592250000000001,False,,-1,0.066373825,-0.20439112,0.03842524066567421,0.023047499358654022
368,beachequestrian,high_maturity,False,CLIPese,0.0,True,mature,0.792475,True,mature_readable,143,-0.01998953,-0.101765595,0.03842524066567421,0.023047499358654022
369,banknoedison,high_maturity,False,CLIPese,0.0,True,mature,0.5543750000000001,False,,-1,-0.07352994,-0.17768006,0.03842524066567421,0.023047499358654022
370,cuthcupcake,high_maturity,False,CLIPese,0.0,True,mature,0.68855,False,,-1,0.107023485,-0.0588826,0.03842524066567421,0.023047499358654022
371,barnabskeletal,high_maturity,False,CLIPese,0.0,True,mature,0.6769000000000001,False,,-1,0.21278386,-0.0040328386,0.03842524066567421,0.023047499358654022
372,bosnia,high_maturity,True,English,3.57,True,mature,0.519225,False,,-1,0.30387452,-0.16445474,0.03842524066567421,0.023047499358654022
373,bundeiaf,high_maturity,False,CLIPese,0.0,True,mature,0.12557500000000002,False,,-1,0.10747549,-0.13588482,0.03842524066567421,0.023047499358654022
374,bathmat,high_maturity,True,English,1.55,True,mature,0.900375,True,mature_readable,75,0.025996346,0.011729417,0.03842524066567421,0.023047499358654022
375,australieskcroissant,high_maturity,False,CLIPese,0.0,True,mature,0.39682500000000004,False,,-1,0.024975922,0.024795428,0.03842524066567421,0.023047499358654022
376,coralrandom,high_maturity,False,CLIPese,0.0,True,mature,0.642425,False,,-1,-0.17843562,-0.053227797,0.03842524066567421,0.023047499358654022
377,woodenkuma,high_maturity,False,CLIPese,0.0,True,mature,0.523325,False,,-1,-0.027066706,-0.2881001,0.03842524066567421,0.023047499358654022
378,coral,high_maturity,True,English,3.86,True,mature,0.4819,False,,-1,0.06364973,0.29421008,0.03842524066567421,0.023047499358654022
379,calibrspectrorandom,high_maturity,False,CLIPese,0.0,True,mature,0.42164999999999997,False,,-1,-0.10102969,0.060340196,0.03842524066567421,0.023047499358654022
380,aruba,high_maturity,True,English,2.93,True,mature,0.831825,True,orthographic_hard,1,0.3800398,0.13300003,0.03842524066567421,0.023047499358654022
381,mandelsynthesizer,high_maturity,False,CLIPese,0.0,True,mature,0.323825,False,,-1,0.03759745,0.23819654,0.03842524066567421,0.023047499358654022
382,bhaibanana,high_maturity,False,CLIPese,0.0,True,mature,0.793325,True,mature_readable,263,-0.046513755,-0.27268893,0.03842524066567421,0.023047499358654022
383,canvasscrambled,high_maturity,False,CLIPese,0.0,True,mature,0.816325,False,,-1,-0.14112805,0.009133327,0.03842524066567421,0.023047499358654022
384,rainbowmandala,high_maturity,False,CLIPese,0.0,True,mature,0.15232500000000002,True,mature_weak,442,0.02044895,0.061187316,0.03842524066567421,0.023047499358654022
385,artycubes,high_maturity,False,CLIPese,0.0,True,mature,0.656175,False,,-1,-0.1351804,0.03890758,0.03842524066567421,0.023047499358654022
386,bhubaneswar,high_maturity,True,English,2.52,True,mature,0.5598000000000001,False,,-1,-0.20543249,-0.17551892,0.03842524066567421,0.023047499358654022
387,calibrtexture,high_maturity,False,CLIPese,0.0,True,mature,0.527875,False,,-1,-0.055606756,0.23714554,0.03842524066567421,0.023047499358654022
388,sanjaykaleidocereal,high_maturity,False,CLIPese,0.0,True,mature,0.200325,False,,-1,-0.20808065,0.080791764,0.03842524066567421,0.023047499358654022
389,camo,high_maturity,True,English,3.16,True,mature,0.6063500000000001,False,,-1,0.27598977,-0.054842107,0.03842524066567421,0.023047499358654022
390,africanmap,high_maturity,False,CLIPese,0.0,True,mature,0.8497,True,mature_readable,112,-0.12946498,-0.03212473,0.03842524066567421,0.023047499358654022
391,artemchigvin,high_maturity,False,CLIPese,0.0,True,mature,0.10825,True,mature_weak,394,0.022135127,-0.12619507,0.03842524066567421,0.023047499358654022
392,artichoke,high_maturity,True,English,2.73,True,mature,0.532575,False,,-1,-0.002281139,-0.04862199,0.03842524066567421,0.023047499358654022
393,californifreeway,high_maturity,False,CLIPese,0.0,True,mature,0.44399999999999995,False,,-1,-0.2029414,0.051377766,0.03842524066567421,0.023047499358654022
394,ajlee,high_maturity,False,CLIPese,0.0,True,mature,0.38744999999999996,False,,-1,0.26530176,-0.2272507,0.03842524066567421,0.023047499358654022
395,databkaleidosimulation,high_maturity,False,CLIPese,0.0,True,mature,0.30522499999999997,False,,-1,-0.2189549,0.15233342,0.03842524066567421,0.023047499358654022
396,chestercheesesalesman,high_maturity,False,CLIPese,0.0,True,mature,0.75195,False,,-1,-0.13260671,-0.06624915,0.03842524066567421,0.023047499358654022
397,bluecsneakers,high_maturity,False,CLIPese,0.0,True,mature,0.66535,False,,-1,-0.08318327,0.034097508,0.03842524066567421,0.023047499358654022
398,artyscrambled,high_maturity,False,CLIPese,0.0,True,mature,0.38194999999999996,False,,-1,-0.09726668,0.26772815,0.03842524066567421,0.023047499358654022
399,himalayhusky,high_maturity,False,CLIPese,0.0,True,mature,0.60185,False,,-1,-0.1752584,-0.15885708,0.03842524066567421,0.023047499358654022
400,cockatoo,high_maturity,True,English,2.52,True,mature,0.289275,False,,-1,0.3146668,-0.05572068,0.03842524066567421,0.023047499358654022
401,broccrayon,high_maturity,False,CLIPese,0.0,True,mature,0.95375,True,mature_readable,61,0.061711844,0.2265045,0.03842524066567421,0.023047499358654022
402,cyclichandrasig,high_maturity,False,CLIPese,0.0,True,mature,0.3821,False,,-1,-0.32902762,-0.117330104,0.03842524066567421,0.023047499358654022
403,fursuitsteakorphegoliath,high_maturity,False,CLIPese,0.0,True,mature,0.22485000000000002,False,,-1,-0.13570572,-0.16071984,0.03842524066567421,0.023047499358654022
404,crystmonet,high_maturity,False,CLIPese,0.0,True,mature,0.674025,False,,-1,-0.25328752,0.18404786,0.03842524066567421,0.023047499358654022
405,bullhorizon,high_maturity,False,CLIPese,0.0,True,mature,0.70375,False,,-1,0.012867585,-0.041868832,0.03842524066567421,0.023047499358654022
406,bluecutout,high_maturity,False,CLIPese,0.0,True,mature,0.742225,False,,-1,0.21476851,0.02968096,0.03842524066567421,0.023047499358654022
407,authenthumidihumidimagnet,high_maturity,False,CLIPese,0.0,True,mature,0.21639999999999995,False,,-1,-0.1428818,-0.11307936,0.03842524066567421,0.023047499358654022
408,camouflacuddle,high_maturity,False,CLIPese,0.0,True,mature,0.396725,False,,-1,0.12846465,0.13934337,0.03842524066567421,0.023047499358654022
409,cougar,high_maturity,True,English,3.38,True,mature,0.37840000000000007,False,,-1,0.4358382,-0.18874261,0.03842524066567421,0.023047499358654022
410,leafmandala,high_maturity,False,CLIPese,0.0,True,mature,0.37925000000000003,False,,-1,-0.0699944,0.12485126,0.03842524066567421,0.023047499358654022
411,affirroblox,high_maturity,False,CLIPese,0.0,True,mature,0.73905,False,,-1,0.1445237,-0.051853582,0.03842524066567421,0.023047499358654022
412,copernicwhistleblower,high_maturity,False,CLIPese,0.0,True,mature,0.21452500000000002,True,mature_weak,431,0.0007784813,-0.035902157,0.03842524066567421,0.023047499358654022
413,lebores,high_maturity,False,CLIPese,0.0,True,mature,0.6663,False,,-1,0.122885056,0.013495833,0.03842524066567421,0.023047499358654022
414,chromomatrix,high_maturity,False,CLIPese,0.0,True,mature,0.7312000000000001,False,,-1,0.053383913,0.30459255,0.03842524066567421,0.023047499358654022
415,autismaimage,high_maturity,False,CLIPese,0.0,True,mature,0.48785,False,,-1,-0.12840904,-0.08747632,0.03842524066567421,0.023047499358654022
416,adjecalgorimeme,high_maturity,False,CLIPese,0.0,True,mature,0.0608,True,mature_weak,405,-0.13051249,0.10478373,0.03842524066567421,0.023047499358654022
417,cockroach,high_maturity,True,English,3.16,True,mature,0.7524500000000001,False,,-1,0.14494826,0.06347852,0.03842524066567421,0.023047499358654022
418,chocolate,high_maturity,True,English,4.49,True,mature,0.160525,False,,-1,0.039715715,-0.27144217,0.03842524066567421,0.023047499358654022
419,craychromobit,high_maturity,False,CLIPese,0.0,True,mature,0.39157500000000006,False,,-1,-0.3021419,0.08145054,0.03842524066567421,0.023047499358654022
420,chocol,high_maturity,False,CLIPese,0.0,True,mature,0.7122249999999999,False,,-1,0.4667888,-0.03820629,0.03842524066567421,0.023047499358654022
421,daisies,high_maturity,True,English,2.9,True,mature,0.5595000000000001,False,,-1,0.1827922,0.035138033,0.03842524066567421,0.023047499358654022
422,aerobaircraft,high_maturity,False,CLIPese,0.0,True,mature,0.49187500000000006,False,,-1,0.102897935,-0.051259883,0.03842524066567421,0.023047499358654022
423,bulldogrests,high_maturity,False,CLIPese,0.0,True,mature,0.38377500000000003,False,,-1,0.26093265,0.06322011,0.03842524066567421,0.023047499358654022
424,categormachinelearning,high_maturity,False,CLIPese,0.0,True,mature,0.513725,False,,-1,-0.16925676,0.045806166,0.03842524066567421,0.023047499358654022
425,azerbaitasmanian,high_maturity,False,CLIPese,0.0,True,mature,0.502525,False,,-1,-0.08660939,-0.24957494,0.03842524066567421,0.023047499358654022
426,coralwebcam,high_maturity,False,CLIPese,0.0,True,mature,0.774975,True,mature_readable,271,0.12606229,-0.120117985,0.03842524066567421,0.023047499358654022
427,bubblephotos,high_maturity,False,CLIPese,0.0,True,mature,0.241875,False,,-1,0.11177999,0.12735093,0.03842524066567421,0.023047499358654022
428,backstreeteinstein,high_maturity,False,CLIPese,0.0,True,mature,0.5721750000000001,False,,-1,-0.11259695,0.0065318476,0.03842524066567421,0.023047499358654022
429,crochegiropipe,high_maturity,False,CLIPese,0.0,True,mature,0.5190750000000001,False,,-1,-0.21172392,-0.013042683,0.03842524066567421,0.023047499358654022
430,cirtexture,high_maturity,False,CLIPese,0.0,True,mature,0.46967499999999995,False,,-1,0.16664667,0.28279105,0.03842524066567421,0.023047499358654022
431,amritgiraffe,high_maturity,False,CLIPese,0.0,True,mature,0.329275,False,,-1,-0.14851181,-0.12433599,0.03842524066567421,0.023047499358654022
432,commungogh,high_maturity,False,CLIPese,0.0,True,mature,0.28045,False,,-1,-0.2866075,-0.055379465,0.03842524066567421,0.023047499358654022
433,catloaf,high_maturity,False,CLIPese,0.0,True,mature,0.3573,False,,-1,0.16718373,0.13143642,0.03842524066567421,0.023047499358654022
434,vujicic,high_maturity,True,English,1.22,True,mature,0.258225,False,,-1,-0.036464494,-0.14273843,0.03842524066567421,0.023047499358654022
435,calibrchevron,high_maturity,False,CLIPese,0.0,True,mature,0.2146,False,,-1,-0.17628115,-0.14787431,0.03842524066567421,0.023047499358654022
436,animtetraemoji,high_maturity,False,CLIPese,0.0,True,mature,0.34355,False,,-1,-0.11774973,0.06200458,0.03842524066567421,0.023047499358654022
437,seapkaleidosimulation,high_maturity,False,CLIPese,0.0,True,mature,0.168575,False,,-1,-0.27594146,0.045304377,0.03842524066567421,0.023047499358654022
438,daffodils,high_maturity,True,English,2.73,True,mature,0.41555,False,,-1,0.2998421,0.06627729,0.03842524066567421,0.023047499358654022
439,bloodskateboard,high_maturity,False,CLIPese,0.0,True,mature,0.80015,True,mature_readable,200,0.0055164564,0.17639749,0.03842524066567421,0.023047499358654022
440,pygxygeese,high_maturity,False,CLIPese,0.0,True,mature,0.34325,False,,-1,-0.0739875,-0.19138788,0.03842524066567421,0.023047499358654022
441,cyberwhitesox,high_maturity,False,CLIPese,0.0,True,mature,0.47705,False,,-1,0.22841264,0.1997224,0.03842524066567421,0.023047499358654022
442,cloudsoundcloud,high_maturity,False,CLIPese,0.0,True,mature,0.7319249999999999,False,,-1,0.21012445,0.24817134,0.03842524066567421,0.023047499358654022
443,cyberchristmadecorations,high_maturity,False,CLIPese,0.0,True,mature,0.3927,False,,-1,-0.115015134,0.09464843,0.03842524066567421,0.023047499358654022
444,cupbot,high_maturity,False,CLIPese,0.0,True,mature,0.700775,False,,-1,0.11498213,0.029516555,0.03842524066567421,0.023047499358654022
445,breadbox,high_maturity,True,English,1.46,True,mature,0.750525,True,mature_readable,272,0.12268655,0.24268785,0.03842524066567421,0.023047499358654022
446,augmenteimages,high_maturity,False,CLIPese,0.0,True,mature,0.09887500000000002,False,,-1,-0.235321,-0.021743596,0.03842524066567421,0.023047499358654022
447,interoperthunderbirds,high_maturity,False,CLIPese,0.0,True,mature,0.3436,False,,-1,-0.27101752,0.038602795,0.03842524066567421,0.023047499358654022
448,delavinrecipifaucet,high_maturity,False,CLIPese,0.0,True,mature,0.070775,True,mature_weak,383,-0.13918588,-0.0026467526,0.03842524066567421,0.023047499358654022
449,andtobago,high_maturity,False,CLIPese,0.0,True,mature,0.5961749999999999,False,,-1,-0.08725728,-0.16772953,0.03842524066567421,0.023047499358654022
450,clowcutout,high_maturity,False,CLIPese,0.0,True,mature,0.278575,False,,-1,0.028340993,-0.27922773,0.03842524066567421,0.023047499358654022
451,cyberstormtrooper,high_maturity,False,CLIPese,0.0,True,mature,0.411025,False,,-1,-0.12887305,0.1892178,0.03842524066567421,0.023047499358654022
452,rwandcheetah,high_maturity,False,CLIPese,0.0,True,mature,0.6294000000000001,False,,-1,0.35443744,0.056764726,0.03842524066567421,0.023047499358654022
453,cyberware,high_maturity,True,English,1.2,True,mature,0.8971499999999999,True,mature_readable,117,0.42191344,0.05036567,0.03842524066567421,0.023047499358654022
454,bbcscrambled,high_maturity,False,CLIPese,0.0,True,mature,0.848125,True,mature_readable,274,0.20027523,0.14744231,0.03842524066567421,0.023047499358654022
455,carbokitties,high_maturity,False,CLIPese,0.0,True,mature,0.634375,False,,-1,0.025248548,-0.04319791,0.03842524066567421,0.023047499358654022
456,cubeimplemented,high_maturity,False,CLIPese,0.0,True,mature,0.4524,False,,-1,-0.23518617,-0.060143653,0.03842524066567421,0.023047499358654022
457,cubescrum,high_maturity,False,CLIPese,0.0,True,mature,0.37597500000000006,False,,-1,-0.15816197,-0.0024215202,0.03842524066567421,0.023047499358654022
458,azerbaipika,high_maturity,False,CLIPese,0.0,True,mature,0.49777499999999997,False,,-1,-0.02074074,-0.12182795,0.03842524066567421,0.023047499358654022
459,abstrdemenkaleidoweep,high_maturity,False,CLIPese,0.0,True,mature,0.09609999999999999,False,,-1,-0.24128686,-0.096591905,0.03842524066567421,0.023047499358654022
460,cyberpanoramic,high_maturity,False,CLIPese,0.0,True,mature,0.315975,False,,-1,-0.11818263,0.029373238,0.03842524066567421,0.023047499358654022
461,aeronautrafficsimulator,high_maturity,False,CLIPese,0.0,True,mature,0.38504999999999995,False,,-1,-0.13878416,0.061451443,0.03842524066567421,0.023047499358654022
462,chennaifc,high_maturity,False,CLIPese,0.0,True,mature,0.6867749999999999,True,orthographic_hard,38,0.055751417,0.15095566,0.03842524066567421,0.023047499358654022
463,apples,high_maturity,True,English,3.96,True,mature,0.5575000000000001,False,,-1,0.34518442,0.1508315,0.03842524066567421,0.023047499358654022
464,banknocgi,high_maturity,False,CLIPese,0.0,True,mature,0.26,False,,-1,-0.022193158,-0.15111993,0.03842524066567421,0.023047499358654022
465,coralfuzzy,high_maturity,False,CLIPese,0.0,True,mature,0.6191500000000001,False,,-1,-0.20175378,-0.16462915,0.03842524066567421,0.023047499358654022
466,hydraudelavinthenburg,high_maturity,False,CLIPese,0.0,True,mature,0.024475,True,mature_weak,371,-0.07533225,-0.18381548,0.03842524066567421,0.023047499358654022
467,cadbury,high_maturity,True,English,2.91,True,mature,0.8377,True,mature_readable,218,0.210474,0.07065547,0.03842524066567421,0.023047499358654022
468,ophadoglohusky,high_maturity,False,CLIPese,0.0,True,mature,0.1679,False,,-1,-0.088364676,-0.20996442,0.03842524066567421,0.023047499358654022
469,chromostraws,high_maturity,False,CLIPese,0.0,True,mature,0.4343,False,,-1,0.06417617,0.11852012,0.03842524066567421,0.023047499358654022
470,cubeforming,high_maturity,False,CLIPese,0.0,True,mature,0.639625,False,,-1,-0.17442113,-0.13638282,0.03842524066567421,0.023047499358654022
471,beachchicas,high_maturity,False,CLIPese,0.0,True,mature,0.6880000000000001,False,,-1,0.090902545,-0.0789317,0.03842524066567421,0.023047499358654022
472,facewavewarhol,high_maturity,False,CLIPese,0.0,True,mature,0.4809999999999999,False,,-1,0.115599446,0.026660385,0.03842524066567421,0.023047499358654022
473,batgirl,high_maturity,True,English,2.68,True,mature,0.76325,True,mature_readable,244,0.3540624,-0.0368891,0.03842524066567421,0.023047499358654022
474,bubbparadigm,high_maturity,False,CLIPese,0.0,True,mature,0.46252499999999996,False,,-1,-0.30955243,-0.1513984,0.03842524066567421,0.023047499358654022
475,jessicanigri,high_maturity,False,CLIPese,0.0,True,mature,0.28590000000000004,False,,-1,0.24895902,0.0774195,0.03842524066567421,0.023047499358654022
476,barbados,high_maturity,True,English,3.5,True,mature,0.9609749999999999,True,mature_readable,101,0.20519245,-0.108702645,0.03842524066567421,0.023047499358654022
477,chafgodawgs,high_maturity,False,CLIPese,0.0,True,mature,0.27095,False,,-1,-0.054210443,-0.11291649,0.03842524066567421,0.023047499358654022
478,computerminals,high_maturity,False,CLIPese,0.0,True,mature,0.27357499999999996,False,,-1,-0.20120306,0.21681876,0.03842524066567421,0.023047499358654022
479,arvindswami,high_maturity,False,CLIPese,0.0,True,mature,0.32565,False,,-1,0.14079015,0.068112224,0.03842524066567421,0.023047499358654022
480,binoimpressionism,high_maturity,False,CLIPese,0.0,True,mature,0.31967500000000004,False,,-1,-0.33294138,-0.11864417,0.03842524066567421,0.023047499358654022
481,camouflazombiypg,high_maturity,False,CLIPese,0.0,True,mature,0.29875,False,,-1,-0.010485779,0.11387499,0.03842524066567421,0.023047499358654022
482,augmentetranscript,high_maturity,False,CLIPese,0.0,True,mature,0.58755,False,,-1,-0.2567589,-0.07773161,0.03842524066567421,0.023047499358654022
483,tapemichiganfineartamerica,high_maturity,False,CLIPese,0.0,True,mature,0.14775,False,,-1,-0.31773797,-0.08035692,0.03842524066567421,0.023047499358654022
484,assaudolphins,high_maturity,False,CLIPese,0.0,True,mature,0.523275,False,,-1,-0.14060427,-0.25059408,0.03842524066567421,0.023047499358654022
485,gorakh,high_maturity,False,CLIPese,0.0,True,mature,0.82775,True,mature_readable,133,-0.06745896,-0.10307512,0.03842524066567421,0.023047499358654022
486,darjepalcamelgiraffe,high_maturity,False,CLIPese,0.0,True,mature,0.31635,False,,-1,-0.27197933,-0.04376892,0.03842524066567421,0.023047499358654022
487,breitboeing,high_maturity,False,CLIPese,0.0,True,mature,0.48415,False,,-1,-0.04653001,-0.07212274,0.03842524066567421,0.023047499358654022
488,birdshifter,high_maturity,False,CLIPese,0.0,True,mature,0.77315,False,,-1,0.07926961,0.09558888,0.03842524066567421,0.023047499358654022
489,brompton,high_maturity,True,English,2.55,True,mature,0.403725,False,,-1,-0.19301777,-0.10244713,0.03842524066567421,0.023047499358654022
490,chennairain,high_maturity,False,CLIPese,0.0,True,mature,0.37227499999999997,False,,-1,0.03776609,0.07297415,0.03842524066567421,0.023047499358654022
491,yemencheetah,high_maturity,False,CLIPese,0.0,True,mature,0.9078,True,orthographic_hard,28,-0.10111783,-0.042072106,0.03842524066567421,0.023047499358654022
492,christmaselves,high_maturity,False,CLIPese,0.0,True,mature,0.2148,True,mature_weak,441,0.07067407,0.05408714,0.03842524066567421,0.023047499358654022
493,bulgaria,high_maturity,True,English,3.9,True,mature,0.700125,True,orthographic_hard,34,0.21996497,-0.185429,0.03842524066567421,0.023047499358654022
494,acanterrier,high_maturity,False,CLIPese,0.0,True,mature,0.347675,False,,-1,0.033674166,0.038774543,0.03842524066567421,0.023047499358654022
495,okbokki,high_maturity,False,CLIPese,0.0,True,mature,0.166225,True,mature_weak,430,0.1620056,-0.009360794,0.03842524066567421,0.023047499358654022
496,coralplot,high_maturity,False,CLIPese,0.0,True,mature,0.946375,True,mature_readable,113,0.159375,0.05193518,0.03842524066567421,0.023047499358654022
497,beggdog,high_maturity,False,CLIPese,0.0,True,mature,0.7139,False,,-1,-0.07615721,-0.23823658,0.03842524066567421,0.023047499358654022
498,crabbonkers,high_maturity,False,CLIPese,0.0,True,mature,0.90485,True,mature_readable,124,0.29514074,0.04992121,0.03842524066567421,0.023047499358654022
499,baltistan,high_maturity,True,English,2.09,True,mature,0.47795,False,,-1,-0.069299206,0.022040702,0.03842524066567421,0.023047499358654022
500,crystfractal,high_maturity,False,CLIPese,0.0,True,mature,0.155625,False,,-1,-0.03347367,0.18771681,0.03842524066567421,0.023047499358654022
501,golfpixelart,high_maturity,False,CLIPese,0.0,True,mature,0.442725,False,,-1,-0.07113476,0.10856864,0.03842524066567421,0.023047499358654022
502,cattaxiderphotogenic,high_maturity,False,CLIPese,0.0,True,mature,0.036,True,mature_weak,391,-0.26123923,0.264944,0.03842524066567421,0.023047499358654022
503,autudiversity,high_maturity,False,CLIPese,0.0,True,mature,0.5982750000000001,False,,-1,-0.20394585,-0.23020948,0.03842524066567421,0.023047499358654022
504,adelaideoval,high_maturity,False,CLIPese,0.0,True,mature,0.34775,False,,-1,0.055590604,-0.18924989,0.03842524066567421,0.023047499358654022
505,budweiser,high_maturity,True,English,2.9,True,mature,0.8864000000000001,True,mature_readable,139,0.35329798,-0.11427882,0.03842524066567421,0.023047499358654022
506,segkaleidoscanned,high_maturity,False,CLIPese,0.0,True,mature,0.44089999999999996,False,,-1,-0.122898914,0.011193817,0.03842524066567421,0.023047499358654022
507,coralspectrum,high_maturity,False,CLIPese,0.0,True,mature,0.35624999999999996,False,,-1,-0.30458358,0.0421095,0.03842524066567421,0.023047499358654022
508,matsukeerthyofficial,high_maturity,False,CLIPese,0.0,True,mature,0.080675,True,mature_weak,373,-0.2086944,0.022309193,0.03842524066567421,0.023047499358654022
509,counterfesynthesizer,high_maturity,False,CLIPese,0.0,True,mature,0.32280000000000003,False,,-1,-0.12441496,0.1644511,0.03842524066567421,0.023047499358654022
510,chromochromogerry,high_maturity,False,CLIPese,0.0,True,mature,0.15847499999999998,False,,-1,-0.17715089,0.06187591,0.03842524066567421,0.023047499358654022
511,canadianozzy,high_maturity,False,CLIPese,0.0,True,mature,0.44489999999999996,False,,-1,0.06534728,0.0618782,0.03842524066567421,0.023047499358654022
512,rohingdachshund,high_maturity,False,CLIPese,0.0,True,mature,0.78375,True,mature_readable,184,-0.20030081,-0.21305116,0.03842524066567421,0.023047499358654022
513,birdwatching,high_maturity,True,English,2.37,True,mature,0.26497499999999996,False,,-1,0.021258736,-0.11706503,0.03842524066567421,0.023047499358654022
514,bosniheader,high_maturity,False,CLIPese,0.0,True,mature,0.39399999999999996,False,,-1,-0.03320792,-0.15750708,0.03842524066567421,0.023047499358654022
515,backgammon,high_maturity,True,English,2.45,True,mature,0.71975,False,,-1,-0.06797275,0.0622508,0.03842524066567421,0.023047499358654022
516,acrobdancing,high_maturity,False,CLIPese,0.0,True,mature,0.44547500000000007,False,,-1,0.10455129,0.0554249,0.03842524066567421,0.023047499358654022
517,clareparrot,high_maturity,False,CLIPese,0.0,True,mature,0.7463749999999999,True,mature_readable,181,-0.033972643,0.08330856,0.03842524066567421,0.023047499358654022
518,bikes,high_maturity,True,English,3.89,True,mature,0.712625,False,,-1,0.37550685,-0.040682316,0.03842524066567421,0.023047499358654022
519,iglecairngorsmiling,high_maturity,False,CLIPese,0.0,True,mature,0.3629,False,,-1,-0.19964565,-0.021381835,0.03842524066567421,0.023047499358654022
520,barrierreef,high_maturity,False,CLIPese,0.0,True,mature,0.709675,False,,-1,0.1387993,-0.3262992,0.03842524066567421,0.023047499358654022
521,cheddar,high_maturity,True,English,3.29,True,mature,0.7356499999999999,False,,-1,0.27365544,-0.24920931,0.03842524066567421,0.023047499358654022
522,ctukicchasudeep,high_maturity,False,CLIPese,0.0,True,mature,0.21892500000000004,False,,-1,-0.17414229,-0.18252599,0.03842524066567421,0.023047499358654022
523,bestofmachinelearning,high_maturity,False,CLIPese,0.0,True,mature,0.399175,False,,-1,-0.13895123,0.11800835,0.03842524066567421,0.023047499358654022
524,birdcage,high_maturity,True,English,2.45,True,mature,0.6570499999999999,False,,-1,0.10769654,0.062144365,0.03842524066567421,0.023047499358654022
525,asters,high_maturity,True,English,1.93,True,mature,0.677575,False,,-1,0.18510304,0.13548069,0.03842524066567421,0.023047499358654022
526,catsidewalk,high_maturity,False,CLIPese,0.0,True,mature,0.6673,False,,-1,0.3596194,0.066393495,0.03842524066567421,0.023047499358654022
527,bassoon,high_maturity,True,English,2.53,True,mature,0.9687,True,mature_readable,51,0.049734555,0.09322397,0.03842524066567421,0.023047499358654022
528,cathocomb,high_maturity,False,CLIPese,0.0,True,mature,0.1683,True,mature_weak,407,-0.176019,-0.00437024,0.03842524066567421,0.023047499358654022
529,crayfish,high_maturity,True,English,2.85,True,mature,0.454225,False,,-1,0.03450888,-0.21749999,0.03842524066567421,0.023047499358654022
530,clipsnippet,high_maturity,False,CLIPese,0.0,True,mature,0.74685,False,,-1,-0.14427707,-0.1326112,0.03842524066567421,0.023047499358654022
531,colorcensus,high_maturity,False,CLIPese,0.0,True,mature,0.818625,True,mature_readable,147,-0.19797696,0.038081784,0.03842524066567421,0.023047499358654022
532,compuwarhol,high_maturity,False,CLIPese,0.0,True,mature,0.370025,False,,-1,-0.1759722,-0.15527233,0.03842524066567421,0.023047499358654022
533,coraltransform,high_maturity,False,CLIPese,0.0,True,mature,0.47492499999999993,False,,-1,-0.1821073,0.11556869,0.03842524066567421,0.023047499358654022
534,bearantlers,high_maturity,False,CLIPese,0.0,True,mature,0.231325,False,,-1,-0.05917318,-0.06652379,0.03842524066567421,0.023047499358654022
535,bloafkitties,high_maturity,False,CLIPese,0.0,True,mature,0.59575,False,,-1,0.10162647,-0.11789209,0.03842524066567421,0.023047499358654022
536,cybermoss,high_maturity,False,CLIPese,0.0,True,mature,0.9663499999999999,True,mature_readable,50,-0.20565489,0.16504724,0.03842524066567421,0.023047499358654022
537,buffalosab,high_maturity,False,CLIPese,0.0,True,mature,0.7274499999999999,False,,-1,0.19123867,-0.053669907,0.03842524066567421,0.023047499358654022
538,calibrsquare,high_maturity,False,CLIPese,0.0,True,mature,0.1901,False,,-1,-0.13317342,0.12099259,0.03842524066567421,0.023047499358654022
539,chromorandom,high_maturity,False,CLIPese,0.0,True,mature,0.635,False,,-1,-0.048171937,0.2889196,0.03842524066567421,0.023047499358654022
540,adaggubati,high_maturity,False,CLIPese,0.0,True,mature,0.510175,False,,-1,-0.051922686,-0.42128822,0.03842524066567421,0.023047499358654022
541,piranmimic,high_maturity,False,CLIPese,0.0,True,mature,0.214425,False,,-1,-0.3037945,-0.018369315,0.03842524066567421,0.023047499358654022
542,colordisintegremoji,high_maturity,False,CLIPese,0.0,True,mature,0.28702500000000003,False,,-1,-0.09618289,-0.0065729176,0.03842524066567421,0.023047499358654022
543,colourweaving,high_maturity,False,CLIPese,0.0,True,mature,0.493375,False,,-1,0.22425294,0.139125,0.03842524066567421,0.023047499358654022
544,halloweenbackstreetfractal,high_maturity,False,CLIPese,0.0,True,mature,0.37267500000000003,False,,-1,-0.07115186,-0.0081571955,0.03842524066567421,0.023047499358654022
545,chromoquets,high_maturity,False,CLIPese,0.0,True,mature,0.23920000000000002,False,,-1,-0.29870516,-0.010361476,0.03842524066567421,0.023047499358654022
546,kritikakar,high_maturity,False,CLIPese,0.0,True,mature,0.30210000000000004,False,,-1,0.033871405,-0.1105291,0.03842524066567421,0.023047499358654022
547,banan,high_maturity,True,English,1.43,True,mature,0.93445,True,orthographic_hard,33,0.22160642,0.022951853,0.03842524066567421,0.023047499358654022
548,babykubernetes,high_maturity,False,CLIPese,0.0,True,mature,0.86925,True,mature_readable,267,0.025094565,0.09271238,0.03842524066567421,0.023047499358654022
549,chedserver,high_maturity,False,CLIPese,0.0,True,mature,0.908525,True,mature_readable,76,0.21586435,0.009903278,0.03842524066567421,0.023047499358654022
550,calibrdigits,high_maturity,False,CLIPese,0.0,True,mature,0.22385,False,,-1,0.038719736,0.04397542,0.03842524066567421,0.023047499358654022
551,backstreettextures,high_maturity,False,CLIPese,0.0,True,mature,0.36624999999999996,False,,-1,-0.1718199,0.28134266,0.03842524066567421,0.023047499358654022
552,fluorsquirrel,high_maturity,False,CLIPese,0.0,True,mature,0.7462,True,mature_readable,223,-0.1477419,-0.21321201,0.03842524066567421,0.023047499358654022
553,anteater,high_maturity,True,English,2.28,True,mature,0.38285,False,,-1,0.04392701,-0.12139564,0.03842524066567421,0.023047499358654022
554,dalmatispaniel,high_maturity,False,CLIPese,0.0,True,mature,0.12845,True,mature_weak,413,-0.38221836,-0.11517669,0.03842524066567421,0.023047499358654022
555,birdphotography,high_maturity,False,CLIPese,0.0,True,mature,0.046125,True,mature_weak,387,-0.2836216,0.12997,0.03842524066567421,0.023047499358654022
556,bicdogdog,high_maturity,False,CLIPese,0.0,True,mature,0.521325,False,,-1,0.14107257,-0.048006557,0.03842524066567421,0.023047499358654022
557,aishwaryarai,high_maturity,False,CLIPese,0.0,True,mature,0.0877,True,mature_weak,416,0.06751191,-0.029173767,0.03842524066567421,0.023047499358654022
558,coralalgorithm,high_maturity,False,CLIPese,0.0,True,mature,0.58865,False,,-1,-0.16808598,0.10995784,0.03842524066567421,0.023047499358654022
559,bubblemite,high_maturity,False,CLIPese,0.0,True,mature,0.6504,False,,-1,-0.2331797,-0.07858197,0.03842524066567421,0.023047499358654022
560,tibetmastiff,high_maturity,False,CLIPese,0.0,True,mature,0.265425,False,,-1,-0.28007874,-0.07942453,0.03842524066567421,0.023047499358654022
561,louboutmanta,high_maturity,False,CLIPese,0.0,True,mature,0.14495000000000002,False,,-1,-0.25836176,-0.1310497,0.03842524066567421,0.023047499358654022
562,halleimpressionism,high_maturity,False,CLIPese,0.0,True,mature,0.398275,False,,-1,-0.2511526,0.021038944,0.03842524066567421,0.023047499358654022
563,crabsharkweek,high_maturity,False,CLIPese,0.0,True,mature,0.833875,True,orthographic_hard,20,-0.05346034,-0.03648634,0.03842524066567421,0.023047499358654022
564,californiawild,high_maturity,False,CLIPese,0.0,True,mature,0.632475,False,,-1,-0.009877904,-0.014887731,0.03842524066567421,0.023047499358654022
565,kaleidocolorized,high_maturity,False,CLIPese,0.0,True,mature,0.132825,False,,-1,-0.028378677,0.06896727,0.03842524066567421,0.023047499358654022
566,chandigarh,high_maturity,True,English,2.96,True,mature,0.7549250000000001,False,,-1,0.101691835,-0.018324003,0.03842524066567421,0.023047499358654022
567,catroblogenerator,high_maturity,False,CLIPese,0.0,True,mature,0.407675,False,,-1,0.0315576,0.018684564,0.03842524066567421,0.023047499358654022
568,basketbal,high_maturity,True,English,1.2,True,mature,0.611775,False,,-1,0.29436657,0.048844628,0.03842524066567421,0.023047499358654022
569,mandelmosaic,high_maturity,False,CLIPese,0.0,True,mature,0.20125,False,,-1,-0.16306426,0.030398622,0.03842524066567421,0.023047499358654022
570,camelzebra,high_maturity,False,CLIPese,0.0,True,mature,0.6201749999999999,False,,-1,0.0670843,0.13817391,0.03842524066567421,0.023047499358654022
571,banknoecu,high_maturity,False,CLIPese,0.0,True,mature,0.2031,False,,-1,0.07642707,-0.30112728,0.03842524066567421,0.023047499358654022
572,chickens,high_maturity,True,English,3.82,True,mature,0.7692,False,,-1,0.45116663,0.01993411,0.03842524066567421,0.023047499358654022
573,aeroinfrared,high_maturity,False,CLIPese,0.0,True,mature,0.589475,False,,-1,0.047755353,0.06052418,0.03842524066567421,0.023047499358654022
574,chromoorice,high_maturity,False,CLIPese,0.0,True,mature,0.3982,False,,-1,-0.12268013,-0.043872856,0.03842524066567421,0.023047499358654022
575,mandeloverpass,high_maturity,False,CLIPese,0.0,True,mature,0.394675,False,,-1,-0.12168592,-0.07847933,0.03842524066567421,0.023047499358654022
576,calibrinterference,high_maturity,False,CLIPese,0.0,True,mature,0.559775,False,,-1,-0.18993798,-0.041155647,0.03842524066567421,0.023047499358654022
577,mandelfurncomposition,high_maturity,False,CLIPese,0.0,True,mature,0.3219,False,,-1,-0.21261792,0.024465987,0.03842524066567421,0.023047499358654022
578,mandelrounding,high_maturity,False,CLIPese,0.0,True,mature,0.6017750000000001,False,,-1,-0.060800545,-0.0915629,0.03842524066567421,0.023047499358654022
579,cyberfallout,high_maturity,False,CLIPese,0.0,True,mature,0.44675,False,,-1,0.0005050819,-0.10844835,0.03842524066567421,0.023047499358654022
580,crystorypixels,high_maturity,False,CLIPese,0.0,True,mature,0.223175,False,,-1,-0.26324883,0.1770778,0.03842524066567421,0.023047499358654022
581,chromoblurry,high_maturity,False,CLIPese,0.0,True,mature,0.24935000000000002,False,,-1,-0.067560025,0.039729856,0.03842524066567421,0.023047499358654022
582,aberystwy,high_maturity,False,CLIPese,0.0,True,mature,0.60595,False,,-1,0.07617125,0.010616363,0.03842524066567421,0.023047499358654022
583,russellterrier,high_maturity,False,CLIPese,0.0,True,mature,0.243175,False,,-1,-0.018847752,-0.19108084,0.03842524066567421,0.023047499358654022
584,chicagopd,high_maturity,False,CLIPese,0.0,True,mature,0.694575,True,fallback_fill,498,0.040458072,0.10992786,0.03842524066567421,0.023047499358654022
585,anarchi,high_maturity,False,CLIPese,0.0,True,mature,0.87395,False,,-1,0.36484602,-0.15666075,0.03842524066567421,0.023047499358654022
586,chinesemask,high_maturity,False,CLIPese,0.0,True,mature,0.8258,True,mature_readable,179,-0.15556748,-0.09993375,0.03842524066567421,0.023047499358654022
587,camouflacatfont,high_maturity,False,CLIPese,0.0,True,mature,0.19495,False,,-1,0.04838316,0.18230419,0.03842524066567421,0.023047499358654022
588,cyberdistorembroidery,high_maturity,False,CLIPese,0.0,True,mature,0.521375,False,,-1,-0.3137854,0.20149872,0.03842524066567421,0.023047499358654022
589,soarspaniel,high_maturity,False,CLIPese,0.0,True,mature,0.3952,False,,-1,0.12929837,-0.0013482313,0.03842524066567421,0.023047499358654022
590,cyberstargate,high_maturity,False,CLIPese,0.0,True,mature,0.689975,False,,-1,0.095081694,0.20269851,0.03842524066567421,0.023047499358654022
591,chromocrayon,high_maturity,False,CLIPese,0.0,True,mature,0.5429,False,,-1,-0.18915378,0.015860254,0.03842524066567421,0.023047499358654022
592,aubergpng,high_maturity,False,CLIPese,0.0,True,mature,0.41742500000000005,False,,-1,0.046491373,-0.060294505,0.03842524066567421,0.023047499358654022
593,bantams,high_maturity,True,English,2.12,True,mature,0.8094499999999999,True,mature_readable,162,-0.09859447,0.1107287,0.03842524066567421,0.023047499358654022
594,pugxbox,high_maturity,False,CLIPese,0.0,True,mature,0.5991250000000001,False,,-1,-0.1913852,0.0046445127,0.03842524066567421,0.023047499358654022
595,kaleidorendering,high_maturity,False,CLIPese,0.0,True,mature,0.1916,False,,-1,-0.18384317,-0.106830664,0.03842524066567421,0.023047499358654022
596,clothespin,high_maturity,True,English,1.83,True,mature,0.1292,True,mature_weak,402,0.043676198,-0.14944634,0.03842524066567421,0.023047499358654022
597,kaleidofreebies,high_maturity,False,CLIPese,0.0,True,mature,0.36349999999999993,False,,-1,0.005300313,0.12760434,0.03842524066567421,0.023047499358654022
598,bandicspectrum,high_maturity,False,CLIPese,0.0,True,mature,0.305975,False,,-1,-0.16720814,-0.051778086,0.03842524066567421,0.023047499358654022
599,tuxcollie,high_maturity,False,CLIPese,0.0,True,mature,0.260025,False,,-1,0.10655082,-0.10931089,0.03842524066567421,0.023047499358654022
600,climbvolcano,high_maturity,False,CLIPese,0.0,True,mature,0.561675,False,,-1,0.1494049,0.032907017,0.03842524066567421,0.023047499358654022
601,cheesespy,high_maturity,False,CLIPese,0.0,True,mature,0.7069249999999999,False,,-1,0.16959566,-0.064101495,0.03842524066567421,0.023047499358654022
602,bahamas,high_maturity,True,English,3.53,True,mature,0.855725,True,mature_readable,279,0.044523653,0.060040876,0.03842524066567421,0.023047499358654022
603,bubbleuk,high_maturity,False,CLIPese,0.0,True,mature,0.791775,False,,-1,0.22905432,-0.057309967,0.03842524066567421,0.023047499358654022
604,contemplwildatlanticway,high_maturity,False,CLIPese,0.0,True,mature,0.16547499999999998,True,mature_weak,408,-0.0075514684,-0.0026518067,0.03842524066567421,0.023047499358654022
605,mandeltrees,high_maturity,False,CLIPese,0.0,True,mature,0.548225,False,,-1,0.025249185,0.19240141,0.03842524066567421,0.023047499358654022
606,crystzorandom,high_maturity,False,CLIPese,0.0,True,mature,0.400775,False,,-1,-0.21603599,0.082057625,0.03842524066567421,0.023047499358654022
607,cyberembroidery,high_maturity,False,CLIPese,0.0,True,mature,0.44265,False,,-1,-0.18279894,0.2885423,0.03842524066567421,0.023047499358654022
608,chickenbird,high_maturity,False,CLIPese,0.0,True,mature,0.519975,False,,-1,-0.053613257,0.03181365,0.03842524066567421,0.023047499358654022
609,kaleidogrunge,high_maturity,False,CLIPese,0.0,True,mature,0.21375,False,,-1,-0.25298077,-0.078311004,0.03842524066567421,0.023047499358654022
610,compupikachu,high_maturity,False,CLIPese,0.0,True,mature,0.7374,False,,-1,-0.21897969,-0.24611264,0.03842524066567421,0.023047499358654022
611,weirdmandelvapor,high_maturity,False,CLIPese,0.0,True,mature,0.12667499999999998,True,mature_weak,425,-0.15154302,-0.009660237,0.03842524066567421,0.023047499358654022
612,spectromandala,high_maturity,False,CLIPese,0.0,True,mature,0.44995,False,,-1,-0.2555821,0.087394565,0.03842524066567421,0.023047499358654022
613,panorpsychowebcamtoy,high_maturity,False,CLIPese,0.0,True,mature,0.0753,True,mature_weak,374,-0.02027163,0.12645671,0.03842524066567421,0.023047499358654022
614,chromorainbow,high_maturity,False,CLIPese,0.0,True,mature,0.63505,False,,-1,-0.23921433,-0.043757133,0.03842524066567421,0.023047499358654022
615,mukfractal,high_maturity,False,CLIPese,0.0,True,mature,0.38772500000000004,False,,-1,0.022738168,-0.017882505,0.03842524066567421,0.023047499358654022
616,cathebadge,high_maturity,False,CLIPese,0.0,True,mature,0.68815,False,,-1,-0.1821196,-0.05310851,0.03842524066567421,0.023047499358654022
617,bbcmatrix,high_maturity,False,CLIPese,0.0,True,mature,0.45380000000000004,False,,-1,-0.17928666,0.27849302,0.03842524066567421,0.023047499358654022
618,mandelinfrared,high_maturity,False,CLIPese,0.0,True,mature,0.339275,False,,-1,-0.14571865,0.011794709,0.03842524066567421,0.023047499358654022
619,grumpmandala,high_maturity,False,CLIPese,0.0,True,mature,0.34500000000000003,False,,-1,-0.10399872,-0.016652003,0.03842524066567421,0.023047499358654022
620,calibrdot,high_maturity,False,CLIPese,0.0,True,mature,0.401875,False,,-1,0.061913606,0.17765598,0.03842524066567421,0.023047499358654022
621,autuspectral,high_maturity,False,CLIPese,0.0,True,mature,0.557375,False,,-1,-0.20538269,-0.2404488,0.03842524066567421,0.023047499358654022
622,bayleywwe,high_maturity,False,CLIPese,0.0,True,mature,0.8752000000000001,True,mature_readable,89,0.105303176,-0.1388169,0.03842524066567421,0.023047499358654022
623,sapispaniel,high_maturity,False,CLIPese,0.0,True,mature,0.25687499999999996,False,,-1,-0.21118551,-0.20921788,0.03842524066567421,0.023047499358654022
624,laceychabert,high_maturity,False,CLIPese,0.0,True,mature,0.43427499999999997,False,,-1,-0.015134014,0.21074177,0.03842524066567421,0.023047499358654022
625,kaleidothanos,high_maturity,False,CLIPese,0.0,True,mature,0.5299,False,,-1,-0.014048093,0.083077066,0.03842524066567421,0.023047499358654022
626,taxiderjehopikachu,high_maturity,False,CLIPese,0.0,True,mature,0.153,False,,-1,-0.19825102,-0.098597765,0.03842524066567421,0.023047499358654022
627,imacelepopart,high_maturity,False,CLIPese,0.0,True,mature,0.08185,True,mature_weak,382,-0.32404172,-0.007385126,0.03842524066567421,0.023047499358654022
628,byzloafmarblepanel,high_maturity,False,CLIPese,0.0,True,mature,0.426775,False,,-1,-0.11281698,-0.041627478,0.03842524066567421,0.023047499358654022
629,bunnystags,high_maturity,False,CLIPese,0.0,True,mature,0.5945,False,,-1,-0.23711519,-0.0573129,0.03842524066567421,0.023047499358654022
630,seawcollie,high_maturity,False,CLIPese,0.0,True,mature,0.35295,False,,-1,0.14904816,-0.1538003,0.03842524066567421,0.023047499358654022
631,horriunhkaleidosurreal,high_maturity,False,CLIPese,0.0,True,mature,0.116825,False,,-1,-0.20842206,-0.17786455,0.03842524066567421,0.023047499358654022
632,colorspectral,high_maturity,False,CLIPese,0.0,True,mature,0.7085999999999999,True,orthographic_hard,24,0.093533605,0.21765563,0.03842524066567421,0.023047499358654022
633,taxiderjavelin,high_maturity,False,CLIPese,0.0,True,mature,0.16219999999999998,False,,-1,-0.16062807,0.3644722,0.03842524066567421,0.023047499358654022
634,kaleidogopro,high_maturity,False,CLIPese,0.0,True,mature,0.24695,False,,-1,-0.2106304,-0.11900864,0.03842524066567421,0.023047499358654022
635,cartoontemplate,high_maturity,False,CLIPese,0.0,True,mature,0.4245250000000001,False,,-1,-0.19240558,0.12389898,0.03842524066567421,0.023047499358654022
636,costucarving,high_maturity,False,CLIPese,0.0,True,mature,0.624475,False,,-1,-0.09731116,-0.044105165,0.03842524066567421,0.023047499358654022
637,oranguplush,high_maturity,False,CLIPese,0.0,True,mature,0.137075,False,,-1,0.10598813,-0.009599987,0.03842524066567421,0.023047499358654022
638,fursuitrooftop,high_maturity,False,CLIPese,0.0,True,mature,0.53775,False,,-1,-0.068104215,-0.048741117,0.03842524066567421,0.023047499358654022
639,mandelnebula,high_maturity,False,CLIPese,0.0,True,mature,0.6841250000000001,False,,-1,-0.040797874,-0.28191215,0.03842524066567421,0.023047499358654022
640,aloe,high_maturity,True,English,3.06,True,mature,0.5744,False,,-1,0.34706894,-0.032310724,0.03842524066567421,0.023047499358654022
641,birders,high_maturity,True,English,2.1,True,mature,0.747025,False,,-1,0.2529826,-0.025770452,0.03842524066567421,0.023047499358654022
642,bambooasparagus,high_maturity,False,CLIPese,0.0,True,mature,0.6198750000000001,True,orthographic_hard,45,-0.21977311,-0.13330413,0.03842524066567421,0.023047499358654022
643,oscillprintmandala,high_maturity,False,CLIPese,0.0,True,mature,0.186075,False,,-1,0.059712976,0.083192475,0.03842524066567421,0.023047499358654022
644,chalkboard,high_maturity,True,English,2.77,True,mature,0.6307750000000001,False,,-1,0.07308255,0.071417086,0.03842524066567421,0.023047499358654022
645,kaleidophotomcollage,high_maturity,False,CLIPese,0.0,True,mature,0.079675,False,,-1,-0.26967552,0.13965891,0.03842524066567421,0.023047499358654022
646,categorpixels,high_maturity,False,CLIPese,0.0,True,mature,0.163375,False,,-1,-0.20239563,0.082597,0.03842524066567421,0.023047499358654022
647,cdnpixels,high_maturity,False,CLIPese,0.0,True,mature,0.464425,False,,-1,0.031379003,0.30387178,0.03842524066567421,0.023047499358654022
648,calibrfractal,high_maturity,False,CLIPese,0.0,True,mature,0.506675,False,,-1,0.11631731,0.154197,0.03842524066567421,0.023047499358654022
649,berries,high_maturity,True,English,3.57,True,mature,0.705925,False,,-1,0.3743752,-0.16273905,0.03842524066567421,0.023047499358654022
650,neighbkaleidorectaninva,high_maturity,False,CLIPese,0.0,True,mature,0.083625,True,mature_weak,389,-0.10634939,-0.13805519,0.03842524066567421,0.023047499358654022
651,hovertaxiderowls,high_maturity,False,CLIPese,0.0,True,mature,0.3667,False,,-1,0.16029505,0.23734796,0.03842524066567421,0.023047499358654022
652,bitmagnechevron,high_maturity,False,CLIPese,0.0,True,mature,0.537675,False,,-1,-0.0924218,0.15521862,0.03842524066567421,0.023047499358654022
653,kaleidoimagetexture,high_maturity,False,CLIPese,0.0,True,mature,0.0491,False,,-1,-0.31219706,0.11684978,0.03842524066567421,0.023047499358654022
654,bikenyc,high_maturity,False,CLIPese,0.0,True,mature,0.7999499999999999,True,mature_readable,266,0.14499259,0.15584803,0.03842524066567421,0.023047499358654022
655,ornisphinx,high_maturity,False,CLIPese,0.0,True,mature,0.38415,False,,-1,-0.012366027,0.12533873,0.03842524066567421,0.023047499358654022
656,chondro,high_maturity,False,CLIPese,0.0,True,mature,0.4821000000000001,False,,-1,0.07464787,-0.0652725,0.03842524066567421,0.023047499358654022
657,pixelpopart,high_maturity,False,CLIPese,0.0,True,mature,0.17707499999999998,False,,-1,0.07729919,0.08774061,0.03842524066567421,0.023047499358654022
658,birdlife,high_maturity,True,English,2.31,True,mature,0.6181249999999999,False,,-1,0.2361777,0.21669154,0.03842524066567421,0.023047499358654022
659,chromomachinelearning,high_maturity,False,CLIPese,0.0,True,mature,0.5855,False,,-1,-0.31413355,0.17750113,0.03842524066567421,0.023047499358654022
660,airboat,high_maturity,True,English,1.82,True,mature,0.7064250000000001,False,,-1,0.06945668,-0.11798883,0.03842524066567421,0.023047499358654022
661,alinclip,high_maturity,False,CLIPese,0.0,True,mature,0.792125,False,,-1,0.103665106,0.021683652,0.03842524066567421,0.023047499358654022
662,colorghetti,high_maturity,False,CLIPese,0.0,True,mature,0.461025,False,,-1,0.010519862,-0.059396178,0.03842524066567421,0.023047499358654022
663,augmentephotograph,high_maturity,False,CLIPese,0.0,True,mature,0.08095000000000001,True,mature_weak,444,-0.16738918,0.032099977,0.03842524066567421,0.023047499358654022
664,crystmosaic,high_maturity,False,CLIPese,0.0,True,mature,0.5300750000000001,False,,-1,-0.012094823,0.14654367,0.03842524066567421,0.023047499358654022
665,caicos,high_maturity,True,English,2.69,True,mature,0.856875,True,mature_readable,99,0.02297707,-0.08038027,0.03842524066567421,0.023047499358654022
666,catunit,high_maturity,False,CLIPese,0.0,True,mature,0.4312,False,,-1,0.15509976,-0.089015625,0.03842524066567421,0.023047499358654022
667,birdlovers,high_maturity,False,CLIPese,0.0,True,mature,0.596525,False,,-1,0.11623617,-0.04262812,0.03842524066567421,0.023047499358654022
668,tetradinwarhol,high_maturity,False,CLIPese,0.0,True,mature,0.34375,False,,-1,-0.19199482,-0.022736147,0.03842524066567421,0.023047499358654022
669,camouflacat,high_maturity,False,CLIPese,0.0,True,mature,0.22435,False,,-1,-0.060044095,-0.18530564,0.03842524066567421,0.023047499358654022
670,cupcakes,high_maturity,True,English,3.41,True,mature,0.5052,False,,-1,0.38502464,-0.21938658,0.03842524066567421,0.023047499358654022
671,babystartups,high_maturity,False,CLIPese,0.0,True,mature,0.8845500000000002,True,mature_readable,81,-0.12643574,0.0725665,0.03842524066567421,0.023047499358654022
672,albania,high_maturity,True,English,3.35,True,mature,0.7877500000000001,False,,-1,0.28113005,-0.06899322,0.03842524066567421,0.023047499358654022
673,baztexture,high_maturity,False,CLIPese,0.0,True,mature,0.8275,True,orthographic_hard,12,0.17202449,0.08138654,0.03842524066567421,0.023047499358654022
674,choppizzas,high_maturity,False,CLIPese,0.0,True,mature,0.8557,True,mature_readable,104,-0.07020553,-0.11449627,0.03842524066567421,0.023047499358654022
675,blowgun,high_maturity,True,English,1.62,True,mature,0.7606999999999999,False,,-1,0.19930737,-0.2548228,0.03842524066567421,0.023047499358654022
676,disintegrkiefer,high_maturity,False,CLIPese,0.0,True,mature,0.20255000000000004,False,,-1,-0.07635847,-0.026824253,0.03842524066567421,0.023047499358654022
677,birdfootage,high_maturity,False,CLIPese,0.0,True,mature,0.5647249999999999,False,,-1,0.11497,0.25502864,0.03842524066567421,0.023047499358654022
678,cummerbund,high_maturity,True,English,1.72,True,mature,0.682175,False,,-1,-0.03675576,0.13721746,0.03842524066567421,0.023047499358654022
679,goldendogcelebration,high_maturity,False,CLIPese,0.0,True,mature,0.14997500000000002,False,,-1,0.018461283,0.046502605,0.03842524066567421,0.023047499358654022
680,birdwat,high_maturity,False,CLIPese,0.0,True,mature,0.555575,False,,-1,0.22425382,-0.13904539,0.03842524066567421,0.023047499358654022
681,mandelpepperoni,high_maturity,False,CLIPese,0.0,True,mature,0.54935,False,,-1,-0.24401094,-0.0887481,0.03842524066567421,0.023047499358654022
682,balkan,high_maturity,True,English,3.19,True,mature,0.8488249999999999,True,mature_readable,220,0.20611288,0.123708196,0.03842524066567421,0.023047499358654022
683,azerbaijan,high_maturity,True,English,3.48,True,mature,0.6115999999999999,False,,-1,0.17390065,0.2363422,0.03842524066567421,0.023047499358654022
684,bierseaworld,high_maturity,False,CLIPese,0.0,True,mature,0.87195,True,mature_readable,178,0.1831808,-0.17778017,0.03842524066567421,0.023047499358654022
685,chamelepuzzle,high_maturity,False,CLIPese,0.0,True,mature,0.9308999999999998,True,mature_readable,55,0.18471721,-0.070722565,0.03842524066567421,0.023047499358654022
686,crayghetti,high_maturity,False,CLIPese,0.0,True,mature,0.6613,True,fallback_fill,506,-0.08159439,-0.19466615,0.03842524066567421,0.023047499358654022
687,acopter,high_maturity,False,CLIPese,0.0,True,mature,0.881425,True,mature_readable,82,0.22484882,-0.039236147,0.03842524066567421,0.023047499358654022
688,tylerthisglitch,high_maturity,False,CLIPese,0.0,True,mature,0.25675,False,,-1,-0.06927885,0.09739702,0.03842524066567421,0.023047499358654022
689,berrys,high_maturity,True,English,1.54,True,mature,0.8827,True,mature_readable,91,0.19919398,0.39245233,0.03842524066567421,0.023047499358654022
690,mandelterracotta,high_maturity,False,CLIPese,0.0,True,mature,0.1794,False,,-1,-0.19548656,-0.0026680601,0.03842524066567421,0.023047499358654022
691,cannabcarved,high_maturity,False,CLIPese,0.0,True,mature,0.839925,True,mature_readable,149,0.22901109,-0.059863847,0.03842524066567421,0.023047499358654022
692,artyscreenshotkaleidorecurimage,high_maturity,False,CLIPese,0.0,True,mature,0.02265,False,,-1,-0.25394893,0.046005063,0.03842524066567421,0.023047499358654022
693,belgisingapore,high_maturity,False,CLIPese,0.0,True,mature,0.7014,False,,-1,-0.15110509,-0.02522906,0.03842524066567421,0.023047499358654022
694,airhornets,high_maturity,False,CLIPese,0.0,True,mature,0.62025,False,,-1,-0.09112745,0.06457066,0.03842524066567421,0.023047499358654022
695,catroblox,high_maturity,False,CLIPese,0.0,True,mature,0.65125,False,,-1,0.10043728,0.35771418,0.03842524066567421,0.023047499358654022
696,rudoltaxiderpegasus,high_maturity,False,CLIPese,0.0,True,mature,0.14725,False,,-1,0.027580483,0.10973223,0.03842524066567421,0.023047499358654022
697,giovpixelart,high_maturity,False,CLIPese,0.0,True,mature,0.1044,False,,-1,-0.07695658,-0.07454943,0.03842524066567421,0.023047499358654022
698,appledecal,high_maturity,False,CLIPese,0.0,True,mature,0.7761250000000001,True,mature_readable,156,0.06350774,-0.005382225,0.03842524066567421,0.023047499358654022
699,taxidersquirrel,high_maturity,False,CLIPese,0.0,True,mature,0.61285,False,,-1,0.18637365,0.370197,0.03842524066567421,0.023047499358654022
700,chiropracbead,high_maturity,False,CLIPese,0.0,True,mature,0.7696000000000001,True,mature_readable,190,0.037520483,-0.036829207,0.03842524066567421,0.023047499358654022
701,marblemandala,high_maturity,False,CLIPese,0.0,True,mature,0.310125,False,,-1,-0.22467585,-0.10692603,0.03842524066567421,0.023047499358654022
702,jovovich,high_maturity,True,English,1.94,True,mature,0.399225,False,,-1,0.04870551,-0.08901194,0.03842524066567421,0.023047499358654022
703,revelorntaxiderhare,high_maturity,False,CLIPese,0.0,True,mature,0.160475,False,,-1,0.10552714,0.1664189,0.03842524066567421,0.023047499358654022
704,bbcthismatrix,high_maturity,False,CLIPese,0.0,True,mature,0.5856,False,,-1,-0.1092929,0.35019562,0.03842524066567421,0.023047499358654022
705,calibrrgb,high_maturity,False,CLIPese,0.0,True,mature,0.5826749999999999,False,,-1,0.15988511,-0.078121476,0.03842524066567421,0.023047499358654022
706,autismaecstatic,high_maturity,False,CLIPese,0.0,True,mature,0.17717500000000003,False,,-1,-0.05958856,-0.020546766,0.03842524066567421,0.023047499358654022
707,bbcfracstripe,high_maturity,False,CLIPese,0.0,True,mature,0.744075,False,,-1,-0.06960462,0.18760803,0.03842524066567421,0.023047499358654022
708,arjunbijlani,high_maturity,False,CLIPese,0.0,True,mature,0.19822499999999998,False,,-1,-0.04062135,-0.20305268,0.03842524066567421,0.023047499358654022
709,crab,high_maturity,True,English,3.76,True,mature,0.731675,False,,-1,0.2763562,-0.01676361,0.03842524066567421,0.023047499358654022
710,algerantelope,high_maturity,False,CLIPese,0.0,True,mature,0.17117500000000002,False,,-1,-0.022451099,0.04352809,0.03842524066567421,0.023047499358654022
711,mandelstencil,high_maturity,False,CLIPese,0.0,True,mature,0.20315,False,,-1,-0.088335216,0.17496808,0.03842524066567421,0.023047499358654022
712,bbcgenerative,high_maturity,False,CLIPese,0.0,True,mature,0.6711,False,,-1,-0.11735137,-0.08053396,0.03842524066567421,0.023047499358654022
713,catkatic,high_maturity,False,CLIPese,0.0,True,mature,0.202125,False,,-1,0.20152225,-0.046839595,0.03842524066567421,0.023047499358654022
714,bbcfractal,high_maturity,False,CLIPese,0.0,True,mature,0.416,False,,-1,-0.16628668,0.012351806,0.03842524066567421,0.023047499358654022
715,chickenwren,high_maturity,False,CLIPese,0.0,True,mature,0.88945,True,mature_readable,100,0.373362,-0.1587864,0.03842524066567421,0.023047499358654022
716,calibrglue,high_maturity,False,CLIPese,0.0,True,mature,0.41065,False,,-1,0.25082067,0.15727478,0.03842524066567421,0.023047499358654022
717,artymosaic,high_maturity,False,CLIPese,0.0,True,mature,0.42572499999999996,False,,-1,-0.2416262,0.0949392,0.03842524066567421,0.023047499358654022
718,blueribbon,high_maturity,False,CLIPese,0.0,True,mature,0.7769250000000001,True,mature_readable,212,0.104672946,-0.09830246,0.03842524066567421,0.023047499358654022
719,banana,high_maturity,True,English,4.0,True,mature,0.36497499999999994,False,,-1,0.48584712,-0.2866593,0.03842524066567421,0.023047499358654022
720,cybermaligncrystals,high_maturity,False,CLIPese,0.0,True,mature,0.42729999999999996,False,,-1,-0.037600707,0.34363714,0.03842524066567421,0.023047499358654022
721,backthebirds,high_maturity,False,CLIPese,0.0,True,mature,0.6269750000000001,False,,-1,0.103298314,0.04273132,0.03842524066567421,0.023047499358654022
722,antenusaf,high_maturity,False,CLIPese,0.0,True,mature,0.44772500000000004,False,,-1,0.026846739,-0.18870153,0.03842524066567421,0.023047499358654022
723,mandeloutfield,high_maturity,False,CLIPese,0.0,True,mature,0.7319249999999999,False,,-1,-0.02594912,-0.08823992,0.03842524066567421,0.023047499358654022
724,hillarypixelart,high_maturity,False,CLIPese,0.0,True,mature,0.13635,False,,-1,-0.18130624,0.018630816,0.03842524066567421,0.023047499358654022
725,bokki,high_maturity,False,CLIPese,0.0,True,mature,0.330025,False,,-1,0.23586936,-0.21613285,0.03842524066567421,0.023047499358654022
726,kaleidopollock,high_maturity,False,CLIPese,0.0,True,mature,0.29295000000000004,False,,-1,-0.06052032,0.034538906,0.03842524066567421,0.023047499358654022
727,dalmatikitten,high_maturity,False,CLIPese,0.0,True,mature,0.27885000000000004,False,,-1,-0.16734375,-0.052428745,0.03842524066567421,0.023047499358654022
728,abstrrendergopro,high_maturity,False,CLIPese,0.0,True,mature,0.20875000000000002,False,,-1,-0.2012606,0.14016359,0.03842524066567421,0.023047499358654022
729,orangucuddle,high_maturity,False,CLIPese,0.0,True,mature,0.41475,False,,-1,0.16697946,-0.29591477,0.03842524066567421,0.023047499358654022
730,bourgeocolorized,high_maturity,False,CLIPese,0.0,True,mature,0.35985,False,,-1,-0.028864253,0.070683554,0.03842524066567421,0.023047499358654022
731,catlogo,high_maturity,False,CLIPese,0.0,True,mature,0.562075,False,,-1,0.21269003,-0.013456439,0.03842524066567421,0.023047499358654022
732,birdwatch,high_maturity,True,English,1.57,True,mature,0.7527999999999999,False,,-1,0.21276096,0.00903142,0.03842524066567421,0.023047499358654022
733,foxtaxidersadness,high_maturity,False,CLIPese,0.0,True,mature,0.41325,False,,-1,-0.120143935,0.27023274,0.03842524066567421,0.023047499358654022
734,bhutan,high_maturity,True,English,3.09,True,mature,0.736575,False,,-1,0.21095464,-0.057185795,0.03842524066567421,0.023047499358654022
735,brutalglitch,high_maturity,False,CLIPese,0.0,True,mature,0.551875,False,,-1,0.0040161614,-0.060789134,0.03842524066567421,0.023047499358654022
736,braziliamazon,high_maturity,False,CLIPese,0.0,True,mature,0.504275,False,,-1,0.006329457,0.013844841,0.03842524066567421,0.023047499358654022
737,labrapitbull,high_maturity,False,CLIPese,0.0,True,mature,0.72275,False,,-1,0.0912645,-0.08597316,0.03842524066567421,0.023047499358654022
738,foxotters,high_maturity,False,CLIPese,0.0,True,mature,0.7921,True,mature_readable,163,-0.094017476,0.11011465,0.03842524066567421,0.023047499358654022
739,feathertaxiderowls,high_maturity,False,CLIPese,0.0,True,mature,0.353475,False,,-1,-0.1602682,0.07982545,0.03842524066567421,0.023047499358654022
740,interoperchromoglitch,high_maturity,False,CLIPese,0.0,True,mature,0.22085000000000002,False,,-1,-0.16850182,0.08552041,0.03842524066567421,0.023047499358654022
741,rohingsalmonmangrove,high_maturity,False,CLIPese,0.0,True,mature,0.47029999999999994,False,,-1,-0.16752703,-0.14484382,0.03842524066567421,0.023047499358654022
742,exoplanmapmapimagery,high_maturity,False,CLIPese,0.0,True,mature,0.272625,False,,-1,-0.32301638,0.17030354,0.03842524066567421,0.023047499358654022
743,glowmandelmustache,high_maturity,False,CLIPese,0.0,True,mature,0.538025,False,,-1,-0.108257234,0.06358315,0.03842524066567421,0.023047499358654022
744,chromoultrasound,high_maturity,False,CLIPese,0.0,True,mature,0.7842,True,mature_readable,152,-0.3066257,0.028743986,0.03842524066567421,0.023047499358654022
745,bubbfball,high_maturity,False,CLIPese,0.0,True,mature,0.42932499999999996,False,,-1,0.21187453,-0.21803491,0.03842524066567421,0.023047499358654022
746,taxidergiraffe,high_maturity,False,CLIPese,0.0,True,mature,0.36445,False,,-1,0.18598786,0.26241577,0.03842524066567421,0.023047499358654022
747,zebrawildlifereflecting,high_maturity,False,CLIPese,0.0,True,mature,0.45105,False,,-1,-0.04829648,-0.09343635,0.03842524066567421,0.023047499358654022
748,spherloaf,high_maturity,False,CLIPese,0.0,True,mature,0.645175,False,,-1,0.07278173,-0.0456683,0.03842524066567421,0.023047499358654022
749,bluepolariflybrowsing,high_maturity,False,CLIPese,0.0,True,mature,0.296675,False,,-1,-0.023410926,-0.14482471,0.03842524066567421,0.023047499358654022
750,cryocryocandace,high_maturity,False,CLIPese,0.0,True,mature,0.193775,True,mature_weak,436,-0.10033345,-0.11260685,0.03842524066567421,0.023047499358654022
751,chromogif,high_maturity,False,CLIPese,0.0,True,mature,0.38072500000000004,False,,-1,-0.0739246,-0.015949354,0.03842524066567421,0.023047499358654022
752,kaleidokoolgenerating,high_maturity,False,CLIPese,0.0,True,mature,0.1706,False,,-1,-0.13483174,-0.10778488,0.03842524066567421,0.023047499358654022
753,camouflaelephant,high_maturity,False,CLIPese,0.0,True,mature,0.27142499999999997,False,,-1,-0.0025880183,0.17975649,0.03842524066567421,0.023047499358654022
754,sphercalibrpaz,high_maturity,False,CLIPese,0.0,True,mature,0.28435,False,,-1,0.13175003,0.11533838,0.03842524066567421,0.023047499358654022
755,appalachsimulation,high_maturity,False,CLIPese,0.0,True,mature,0.8188,True,mature_readable,103,-0.23598999,-0.01080159,0.03842524066567421,0.023047499358654022
756,blindfold,high_maturity,True,English,2.8,True,mature,0.46675,False,,-1,0.31152368,0.04147674,0.03842524066567421,0.023047499358654022
757,lymphfrog,high_maturity,False,CLIPese,0.0,True,mature,0.824075,True,mature_readable,116,-0.0728154,0.21311484,0.03842524066567421,0.023047499358654022
758,kaleidofractal,high_maturity,False,CLIPese,0.0,True,mature,0.18595,False,,-1,-0.114985965,0.033967946,0.03842524066567421,0.023047499358654022
759,cardinalcloseup,high_maturity,False,CLIPese,0.0,True,mature,0.45635000000000003,False,,-1,0.042436488,-0.0629738,0.03842524066567421,0.023047499358654022
760,cornheap,high_maturity,False,CLIPese,0.0,True,mature,0.792775,True,mature_readable,132,-0.1113277,-0.0020307624,0.03842524066567421,0.023047499358654022
761,citrotomato,high_maturity,False,CLIPese,0.0,True,mature,0.828375,True,mature_readable,125,-0.157062,0.09200729,0.03842524066567421,0.023047499358654022
762,birdclub,high_maturity,False,CLIPese,0.0,True,mature,0.8281750000000001,True,mature_readable,197,0.24673282,0.011045042,0.03842524066567421,0.023047499358654022
763,foxtaxiderstry,high_maturity,False,CLIPese,0.0,True,mature,0.14355,False,,-1,-0.28157407,0.252925,0.03842524066567421,0.023047499358654022
764,bloons,high_maturity,True,English,1.75,True,mature,0.7886500000000001,True,mature_readable,214,0.26264745,0.055442724,0.03842524066567421,0.023047499358654022
765,chocolateday,high_maturity,False,CLIPese,0.0,True,mature,0.95285,True,mature_readable,54,0.08824352,0.050776027,0.03842524066567421,0.023047499358654022
766,taxiderwerewolf,high_maturity,False,CLIPese,0.0,True,mature,0.39275,False,,-1,0.32671705,0.21357594,0.03842524066567421,0.023047499358654022
767,bambi,high_maturity,True,English,2.96,True,mature,0.8610249999999999,True,mature_readable,118,0.17075942,-0.040438756,0.03842524066567421,0.023047499358654022
768,chocolat,high_maturity,True,English,2.5,True,mature,0.362275,False,,-1,0.36251235,0.043074086,0.03842524066567421,0.023047499358654022
769,roboroborobot,high_maturity,False,CLIPese,0.0,True,mature,0.42905,False,,-1,-0.07484645,0.027653083,0.03842524066567421,0.023047499358654022
770,taxiderpiranportraits,high_maturity,False,CLIPese,0.0,True,mature,0.152325,False,,-1,-0.15982366,0.35027155,0.03842524066567421,0.023047499358654022
771,locomospaniel,high_maturity,False,CLIPese,0.0,True,mature,0.2629,False,,-1,-0.32283053,-0.10245871,0.03842524066567421,0.023047499358654022
772,chinesecropped,high_maturity,False,CLIPese,0.0,True,mature,0.56095,False,,-1,0.10600849,0.040958162,0.03842524066567421,0.023047499358654022
773,bbcspecscrambled,high_maturity,False,CLIPese,0.0,True,mature,0.48792499999999994,False,,-1,-0.09967318,0.1451481,0.03842524066567421,0.023047499358654022
774,sylvanian,high_maturity,True,English,1.39,True,mature,0.46157499999999996,False,,-1,-0.111115456,-0.10309505,0.03842524066567421,0.023047499358654022
775,zombispongebob,high_maturity,False,CLIPese,0.0,True,mature,0.45622500000000005,False,,-1,-0.034813594,-0.15289724,0.03842524066567421,0.023047499358654022
776,utaware,high_maturity,False,CLIPese,0.0,True,mature,0.6053,False,,-1,0.18794695,-0.18331079,0.03842524066567421,0.023047499358654022
777,longepsoristencil,high_maturity,False,CLIPese,0.0,True,mature,0.1222,True,mature_weak,390,-0.17416725,0.08079289,0.03842524066567421,0.023047499358654022
778,clclips,high_maturity,False,CLIPese,0.0,True,mature,0.6602250000000001,False,,-1,0.048267927,-0.044383876,0.03842524066567421,0.023047499358654022
779,anyscrambled,high_maturity,False,CLIPese,0.0,True,mature,0.8412250000000001,True,orthographic_hard,15,-0.03480672,-0.0532841,0.03842524066567421,0.023047499358654022
780,baskets,high_maturity,True,English,3.45,True,mature,0.37037499999999995,False,,-1,0.2661163,0.16977985,0.03842524066567421,0.023047499358654022
781,akkuma,high_maturity,False,CLIPese,0.0,True,mature,0.516125,False,,-1,-0.017085502,-0.2893538,0.03842524066567421,0.023047499358654022
782,buccanemarine,high_maturity,False,CLIPese,0.0,True,mature,0.4554,False,,-1,-0.17316616,-0.199305,0.03842524066567421,0.023047499358654022
783,antiqubigfoot,high_maturity,False,CLIPese,0.0,True,mature,0.48387500000000006,False,,-1,-0.22654743,-0.14153211,0.03842524066567421,0.023047499358654022
784,trumppgestures,high_maturity,False,CLIPese,0.0,True,mature,0.49472499999999997,False,,-1,-0.19586602,0.008048058,0.03842524066567421,0.023047499358654022
785,minsmere,high_maturity,True,English,1.38,True,mature,0.5021,False,,-1,-0.13883553,0.13236932,0.03842524066567421,0.023047499358654022
786,kaleidostacked,high_maturity,False,CLIPese,0.0,True,mature,0.291125,False,,-1,-0.21344711,0.00038970567,0.03842524066567421,0.023047499358654022
787,quokitten,high_maturity,False,CLIPese,0.0,True,mature,0.40554999999999997,False,,-1,0.017972797,-0.2187116,0.03842524066567421,0.023047499358654022
788,calibrbrightness,high_maturity,False,CLIPese,0.0,True,mature,0.388575,False,,-1,-0.09995083,0.07980853,0.03842524066567421,0.023047499358654022
789,ctfletcher,high_maturity,False,CLIPese,0.0,True,mature,0.279375,False,,-1,-0.2309568,0.020350162,0.03842524066567421,0.023047499358654022
790,baszler,high_maturity,True,English,1.53,True,mature,0.51045,False,,-1,0.21537453,0.11795105,0.03842524066567421,0.023047499358654022
791,mitochondrikaleidosteampunk,high_maturity,False,CLIPese,0.0,True,mature,0.273225,False,,-1,-0.26362848,-0.057477396,0.03842524066567421,0.023047499358654022
792,boxbrawl,high_maturity,False,CLIPese,0.0,True,mature,0.76675,True,mature_readable,210,-0.047790516,0.04785936,0.03842524066567421,0.023047499358654022
793,bugatti,high_maturity,True,English,2.81,True,mature,0.8683000000000001,True,mature_readable,115,0.20347385,-0.19192965,0.03842524066567421,0.023047499358654022
794,giantpixelart,high_maturity,False,CLIPese,0.0,True,mature,0.16485,False,,-1,-0.0062263357,0.21913984,0.03842524066567421,0.023047499358654022
795,goldengdistorcorruption,high_maturity,False,CLIPese,0.0,True,mature,0.415025,False,,-1,-0.17468692,-0.008558159,0.03842524066567421,0.023047499358654022
796,kaleidozombiinfrared,high_maturity,False,CLIPese,0.0,True,mature,0.413675,False,,-1,-0.19122626,0.03559842,0.03842524066567421,0.023047499358654022
797,kefla,high_maturity,False,CLIPese,0.0,True,mature,0.499975,False,,-1,0.13560857,-0.25937003,0.03842524066567421,0.023047499358654022
798,birdsparrow,high_maturity,False,CLIPese,0.0,True,mature,0.556625,False,,-1,-0.03287439,0.03764154,0.03842524066567421,0.023047499358654022
799,jewelrypopart,high_maturity,False,CLIPese,0.0,True,mature,0.338575,False,,-1,-0.18766722,-0.023209581,0.03842524066567421,0.023047499358654022
800,kaleidoresults,high_maturity,False,CLIPese,0.0,True,mature,0.23267500000000002,False,,-1,0.018007023,0.2060317,0.03842524066567421,0.023047499358654022
801,pheepcot,high_maturity,False,CLIPese,0.0,True,mature,0.1487,True,mature_weak,397,-0.05090194,-0.071820915,0.03842524066567421,0.023047499358654022
802,copernicuav,high_maturity,False,CLIPese,0.0,True,mature,0.501425,False,,-1,-0.07690158,-0.20950148,0.03842524066567421,0.023047499358654022
803,creepkitty,high_maturity,False,CLIPese,0.0,True,mature,0.43875,False,,-1,0.023610352,-0.053086407,0.03842524066567421,0.023047499358654022
804,reindemarkings,high_maturity,False,CLIPese,0.0,True,mature,0.22512500000000002,False,,-1,-0.23457171,0.06562288,0.03842524066567421,0.023047499358654022
805,seagusculpture,high_maturity,False,CLIPese,0.0,True,mature,0.6970999999999999,True,fallback_fill,488,-0.085485734,-0.16913557,0.03842524066567421,0.023047499358654022
806,vectorkendricklamar,high_maturity,False,CLIPese,0.0,True,mature,0.5181,False,,-1,0.15275513,0.24614444,0.03842524066567421,0.023047499358654022
807,taxiderreindeer,high_maturity,False,CLIPese,0.0,True,mature,0.6656500000000001,False,,-1,0.05490367,0.25332752,0.03842524066567421,0.023047499358654022
808,shefftrees,high_maturity,False,CLIPese,0.0,True,mature,0.7371,True,mature_readable,268,0.19362801,0.24976942,0.03842524066567421,0.023047499358654022
809,hfxglitch,high_maturity,False,CLIPese,0.0,True,mature,0.19,False,,-1,-0.18339865,0.2140401,0.03842524066567421,0.023047499358654022
810,backstreetcgi,high_maturity,False,CLIPese,0.0,True,mature,0.4917750000000001,False,,-1,0.033877295,0.15979783,0.03842524066567421,0.023047499358654022
811,bathrobe,high_maturity,True,English,2.68,True,mature,0.502675,False,,-1,0.029502489,0.049777243,0.03842524066567421,0.023047499358654022
812,coffeemaker,high_maturity,True,English,2.13,True,mature,0.8284250000000001,True,mature_readable,150,-0.08652117,0.2853139,0.03842524066567421,0.023047499358654022
813,chrysanthe,high_maturity,False,CLIPese,0.0,True,mature,0.489275,False,,-1,-0.1648162,0.046682496,0.03842524066567421,0.023047499358654022
814,halloweenwalnuts,high_maturity,False,CLIPese,0.0,True,mature,0.6126250000000001,False,,-1,0.16448508,-0.23489739,0.03842524066567421,0.023047499358654022
815,gumnutcracker,high_maturity,False,CLIPese,0.0,True,mature,0.740075,True,mature_readable,273,0.2915805,0.05718368,0.03842524066567421,0.023047499358654022
816,rottercranes,high_maturity,False,CLIPese,0.0,True,mature,0.568325,False,,-1,0.16098219,0.14294553,0.03842524066567421,0.023047499358654022
817,lakshmirai,high_maturity,False,CLIPese,0.0,True,mature,0.20630000000000004,False,,-1,-0.07135359,0.18003516,0.03842524066567421,0.023047499358654022
818,rashmika,high_maturity,False,CLIPese,0.0,True,mature,0.44157500000000005,False,,-1,-0.046526365,-0.15539086,0.03842524066567421,0.023047499358654022
819,catumbrella,high_maturity,False,CLIPese,0.0,True,mature,0.20055,False,,-1,-0.05079635,-0.04274333,0.03842524066567421,0.023047499358654022
820,panoraustralianvhs,high_maturity,False,CLIPese,0.0,True,mature,0.5886,False,,-1,0.15915044,-0.048343353,0.03842524066567421,0.023047499358654022
821,algermouse,high_maturity,False,CLIPese,0.0,True,mature,0.743175,True,mature_readable,276,-0.06267192,-0.0865637,0.03842524066567421,0.023047499358654022
822,bsoazad,high_maturity,False,CLIPese,0.0,True,mature,0.368325,False,,-1,0.058964916,0.035201855,0.03842524066567421,0.023047499358654022
823,bharattrippy,high_maturity,False,CLIPese,0.0,True,mature,0.761725,False,,-1,-0.21584311,0.10372023,0.03842524066567421,0.023047499358654022
824,brettdalton,high_maturity,False,CLIPese,0.0,True,mature,0.4247000000000001,False,,-1,0.062243864,-0.030901834,0.03842524066567421,0.023047499358654022
825,compumask,high_maturity,False,CLIPese,0.0,True,mature,0.876725,True,orthographic_hard,16,-0.14042263,0.21096724,0.03842524066567421,0.023047499358654022
826,binoculars,high_maturity,True,English,3.1,True,mature,0.445975,False,,-1,-0.034361083,-0.13420191,0.03842524066567421,0.023047499358654022
827,shopkins,high_maturity,True,English,1.67,True,mature,0.49925,False,,-1,0.15010439,-0.05394098,0.03842524066567421,0.023047499358654022
828,arunvijay,high_maturity,False,CLIPese,0.0,True,mature,0.42450000000000004,False,,-1,-0.08291421,-0.19394197,0.03842524066567421,0.023047499358654022
829,kaleidoptsd,high_maturity,False,CLIPese,0.0,True,mature,0.3194,False,,-1,0.0007644328,0.06628514,0.03842524066567421,0.023047499358654022
830,orangucolorized,high_maturity,False,CLIPese,0.0,True,mature,0.23167500000000002,False,,-1,0.044741984,-0.12895747,0.03842524066567421,0.023047499358654022
831,limergreenpeace,high_maturity,False,CLIPese,0.0,True,mature,0.6474,False,,-1,-0.24337174,0.045570146,0.03842524066567421,0.023047499358654022
832,mandelcubes,high_maturity,False,CLIPese,0.0,True,mature,0.88155,True,orthographic_hard,4,0.019863255,0.016350841,0.03842524066567421,0.023047499358654022
833,coralspectral,high_maturity,False,CLIPese,0.0,True,mature,0.5263,True,orthographic_hard,25,-0.077190086,0.090572216,0.03842524066567421,0.023047499358654022
834,bobcats,high_maturity,True,English,2.96,True,mature,0.784425,False,,-1,0.31394953,0.19503577,0.03842524066567421,0.023047499358654022
835,camouflasempercroissant,high_maturity,False,CLIPese,0.0,True,mature,0.236075,False,,-1,-0.24303223,0.01822458,0.03842524066567421,0.023047499358654022
836,chromorgb,high_maturity,False,CLIPese,0.0,True,mature,0.641225,False,,-1,0.0067990185,0.21180794,0.03842524066567421,0.023047499358654022
837,pygdeer,high_maturity,False,CLIPese,0.0,True,mature,0.7384750000000001,True,mature_readable,277,0.022590963,0.15074426,0.03842524066567421,0.023047499358654022
838,imagegilglitch,high_maturity,False,CLIPese,0.0,True,mature,0.20535,False,,-1,-0.09736016,0.09172981,0.03842524066567421,0.023047499358654022
839,servepiranfreddy,high_maturity,False,CLIPese,0.0,True,mature,0.424625,False,,-1,-0.22349244,0.027979827,0.03842524066567421,0.023047499358654022
840,augmenterepetimage,high_maturity,False,CLIPese,0.0,True,mature,0.2903,False,,-1,-0.36814815,0.010857314,0.03842524066567421,0.023047499358654022
841,popsicadirondchairs,high_maturity,False,CLIPese,0.0,True,mature,0.10505,False,,-1,-0.17190178,0.08739609,0.03842524066567421,0.023047499358654022
842,catcollage,high_maturity,False,CLIPese,0.0,True,mature,0.32885,False,,-1,0.047013275,0.020739228,0.03842524066567421,0.023047499358654022
843,juddmonte,high_maturity,True,English,1.52,True,mature,0.6487999999999999,False,,-1,-0.21258092,-0.01768589,0.03842524066567421,0.023047499358654022
844,cushions,high_maturity,True,English,3.19,True,mature,0.8280000000000001,True,mature_readable,199,0.2649478,-0.20205344,0.03842524066567421,0.023047499358654022
845,cyberpunks,high_maturity,False,CLIPese,0.0,True,mature,0.797275,False,,-1,-0.006613886,0.20092525,0.03842524066567421,0.023047499358654022
846,bitscrambled,high_maturity,False,CLIPese,0.0,True,mature,0.23827499999999996,False,,-1,-0.14492415,-0.048895694,0.03842524066567421,0.023047499358654022
847,anarchiscissors,high_maturity,False,CLIPese,0.0,True,mature,0.689975,False,,-1,0.066806525,0.03028549,0.03842524066567421,0.023047499358654022
848,denosau,high_maturity,False,CLIPese,0.0,True,mature,0.7828249999999999,True,mature_readable,175,0.104453415,0.182637,0.03842524066567421,0.023047499358654022
849,runetaxidergallobunny,high_maturity,False,CLIPese,0.0,True,mature,0.30975,False,,-1,-0.12811366,0.105703674,0.03842524066567421,0.023047499358654022
850,avengersendgame,high_maturity,False,CLIPese,0.0,True,mature,0.427675,False,,-1,-0.10504861,0.06888212,0.03842524066567421,0.023047499358654022
851,andalioloisa,high_maturity,False,CLIPese,0.0,True,mature,0.4703,False,,-1,0.14918719,0.011432729,0.03842524066567421,0.023047499358654022
852,leicemoji,high_maturity,False,CLIPese,0.0,True,mature,0.5364,False,,-1,-0.23990907,-0.06338761,0.03842524066567421,0.023047499358654022
853,katiecassidy,high_maturity,False,CLIPese,0.0,True,mature,0.29435,False,,-1,0.23623008,0.098836325,0.03842524066567421,0.023047499358654022
854,orangusentinsentinbarista,high_maturity,False,CLIPese,0.0,True,mature,0.17872500000000002,False,,-1,0.030123321,-0.077083215,0.03842524066567421,0.023047499358654022
855,zarkorel,high_maturity,False,CLIPese,0.0,True,mature,0.33730000000000004,False,,-1,0.082080826,0.107223496,0.03842524066567421,0.023047499358654022
856,catlabelled,high_maturity,False,CLIPese,0.0,True,mature,0.330475,False,,-1,0.23392017,-0.19966303,0.03842524066567421,0.023047499358654022
857,adoplabrador,high_maturity,False,CLIPese,0.0,True,mature,0.59,False,,-1,-0.04958835,-0.026764804,0.03842524066567421,0.023047499358654022
858,calibrselecting,high_maturity,False,CLIPese,0.0,True,mature,0.5602750000000001,False,,-1,0.06293027,-0.030488072,0.03842524066567421,0.023047499358654022
859,crystpng,high_maturity,False,CLIPese,0.0,True,mature,0.720725,True,mature_readable,227,0.13162376,0.2207673,0.03842524066567421,0.023047499358654022
860,kortajarena,high_maturity,False,CLIPese,0.0,True,mature,0.20205,True,mature_weak,443,-0.16012457,-0.054928124,0.03842524066567421,0.023047499358654022
861,madhurigradepilsner,high_maturity,False,CLIPese,0.0,True,mature,0.509875,False,,-1,-0.22430955,-0.071792684,0.03842524066567421,0.023047499358654022
862,blurmonochrome,high_maturity,False,CLIPese,0.0,True,mature,0.162525,True,mature_weak,426,-0.23838758,-0.13378,0.03842524066567421,0.023047499358654022
863,mariozaynmalik,high_maturity,False,CLIPese,0.0,True,mature,0.3878,False,,-1,0.16781992,0.11783565,0.03842524066567421,0.023047499358654022
864,beckyg,high_maturity,False,CLIPese,0.0,True,mature,0.719325,False,,-1,-0.08326007,-0.05404909,0.03842524066567421,0.023047499358654022
865,shkapoor,high_maturity,False,CLIPese,0.0,True,mature,0.5521,False,,-1,0.012576664,-0.13413683,0.03842524066567421,0.023047499358654022
866,griffintaxiderphl,high_maturity,False,CLIPese,0.0,True,mature,0.087975,False,,-1,-0.11989114,0.2734639,0.03842524066567421,0.023047499358654022
867,jonathanrhysme,high_maturity,False,CLIPese,0.0,True,mature,0.26780000000000004,False,,-1,-0.25067884,0.03179877,0.03842524066567421,0.023047499358654022
868,africbigfoot,high_maturity,False,CLIPese,0.0,True,mature,0.6326499999999999,False,,-1,0.1381235,-0.1625213,0.03842524066567421,0.023047499358654022
869,tuxwhischibi,high_maturity,False,CLIPese,0.0,True,mature,0.23832499999999998,False,,-1,0.065647215,-0.15419431,0.03842524066567421,0.023047499358654022
870,chromoclouds,high_maturity,False,CLIPese,0.0,True,mature,0.41190000000000004,False,,-1,-0.2372899,0.005363573,0.03842524066567421,0.023047499358654022
871,buteo,high_maturity,True,English,1.63,True,mature,0.829975,True,mature_readable,137,0.14362842,-0.28719643,0.03842524066567421,0.023047499358654022
872,pizzmattel,high_maturity,False,CLIPese,0.0,True,mature,0.7029749999999999,False,,-1,0.15171406,0.018443419,0.03842524066567421,0.023047499358654022
873,loafpurrmulticcube,high_maturity,False,CLIPese,0.0,True,mature,0.564075,False,,-1,-0.20318988,-0.16571295,0.03842524066567421,0.023047499358654022
874,aviationgermany,high_maturity,False,CLIPese,0.0,True,mature,0.689175,False,,-1,-0.20053118,-0.06922077,0.03842524066567421,0.023047499358654022
875,calibrarbitrfbi,high_maturity,False,CLIPese,0.0,True,mature,0.593775,False,,-1,-0.22464977,0.016299982,0.03842524066567421,0.023047499358654022
876,climbpaws,high_maturity,False,CLIPese,0.0,True,mature,0.751575,True,mature_readable,207,0.1438793,-0.06979595,0.03842524066567421,0.023047499358654022
877,zubanski,high_maturity,False,CLIPese,0.0,True,mature,0.37905,False,,-1,-0.032143112,-0.2308343,0.03842524066567421,0.023047499358654022
878,crystalliknitting,high_maturity,False,CLIPese,0.0,True,mature,0.343925,False,,-1,-0.123232715,0.097771674,0.03842524066567421,0.023047499358654022
879,kaleidoportal,high_maturity,False,CLIPese,0.0,True,mature,0.20999999999999996,False,,-1,-0.002414068,-0.10386856,0.03842524066567421,0.023047499358654022
880,catpillow,high_maturity,False,CLIPese,0.0,True,mature,0.7623000000000001,True,mature_readable,261,0.1790237,-0.14007828,0.03842524066567421,0.023047499358654022
881,churcheshour,high_maturity,False,CLIPese,0.0,True,mature,0.73955,True,mature_readable,249,0.011573619,-0.028878452,0.03842524066567421,0.023047499358654022
882,tegu,high_maturity,True,English,1.5,True,mature,0.7462250000000001,False,,-1,0.17658289,-0.14217997,0.03842524066567421,0.023047499358654022
883,bulbas,high_maturity,False,CLIPese,0.0,True,mature,0.87195,True,mature_readable,110,0.20188074,-0.18027501,0.03842524066567421,0.023047499358654022
884,azadimarch,high_maturity,False,CLIPese,0.0,True,mature,0.625275,False,,-1,-0.08976033,-0.10909687,0.03842524066567421,0.023047499358654022
885,adventcalendar,high_maturity,False,CLIPese,0.0,True,mature,0.646575,False,,-1,0.21567895,0.03513401,0.03842524066567421,0.023047499358654022
886,methylmathematrender,high_maturity,False,CLIPese,0.0,True,mature,0.34305,False,,-1,-0.25406072,0.057433505,0.03842524066567421,0.023047499358654022
887,calibrspeaker,high_maturity,False,CLIPese,0.0,True,mature,0.49824999999999997,False,,-1,-0.112745784,-0.018996006,0.03842524066567421,0.023047499358654022
888,interopergogh,high_maturity,False,CLIPese,0.0,True,mature,0.46,False,,-1,-0.077271625,0.0008036558,0.03842524066567421,0.023047499358654022
889,nascarpixelart,high_maturity,False,CLIPese,0.0,True,mature,0.127925,False,,-1,-0.017207813,0.17085734,0.03842524066567421,0.023047499358654022
890,kaleidochatbots,high_maturity,False,CLIPese,0.0,True,mature,0.4772,False,,-1,0.0634055,0.14055249,0.03842524066567421,0.023047499358654022
891,michelinguide,high_maturity,False,CLIPese,0.0,True,mature,0.27194999999999997,False,,-1,-0.07076647,0.12654656,0.03842524066567421,0.023047499358654022
892,bitcrystplot,high_maturity,False,CLIPese,0.0,True,mature,0.32835000000000003,False,,-1,-0.18302093,0.16094291,0.03842524066567421,0.023047499358654022
893,autiepilepsy,high_maturity,False,CLIPese,0.0,True,mature,0.3948,False,,-1,0.0578764,-0.046617553,0.03842524066567421,0.023047499358654022
894,taxidersculptures,high_maturity,False,CLIPese,0.0,True,mature,0.1328,False,,-1,-0.13371839,0.3642468,0.03842524066567421,0.023047499358654022
895,coffeehour,high_maturity,False,CLIPese,0.0,True,mature,0.7911250000000001,False,,-1,0.27303815,0.19108957,0.03842524066567421,0.023047499358654022
896,sockdeteriorchimney,high_maturity,False,CLIPese,0.0,True,mature,0.411975,False,,-1,0.021384547,0.10595549,0.03842524066567421,0.023047499358654022
897,cartoonpolka,high_maturity,False,CLIPese,0.0,True,mature,0.424825,False,,-1,-0.00038515215,0.06980015,0.03842524066567421,0.023047499358654022
898,orangurooster,high_maturity,False,CLIPese,0.0,True,mature,0.28535,False,,-1,-0.19339713,-0.18806522,0.03842524066567421,0.023047499358654022
899,britibatman,high_maturity,False,CLIPese,0.0,True,mature,0.5638,False,,-1,-0.2009279,-0.061396267,0.03842524066567421,0.023047499358654022
900,canola,high_maturity,True,English,2.74,True,mature,0.87035,True,mature_readable,173,0.06846469,0.09531175,0.03842524066567421,0.023047499358654022
901,sevelcollie,high_maturity,False,CLIPese,0.0,True,mature,0.37234999999999996,False,,-1,0.23147212,-0.21956937,0.03842524066567421,0.023047499358654022
902,taxiderspinostare,high_maturity,False,CLIPese,0.0,True,mature,0.08157500000000001,False,,-1,-0.12173367,0.24735367,0.03842524066567421,0.023047499358654022
903,adjuzebra,high_maturity,False,CLIPese,0.0,True,mature,0.264,False,,-1,-0.06585302,-0.16060656,0.03842524066567421,0.023047499358654022
904,aberdeencentri,high_maturity,False,CLIPese,0.0,True,mature,0.5557749999999999,False,,-1,0.08592743,0.07230166,0.03842524066567421,0.023047499358654022
905,configurdonut,high_maturity,False,CLIPese,0.0,True,mature,0.8402000000000001,True,mature_readable,109,0.17491166,-0.21830091,0.03842524066567421,0.023047499358654022
906,spookaleidoretarmicroscopy,high_maturity,False,CLIPese,0.0,True,mature,0.137875,False,,-1,-0.32934934,0.054190796,0.03842524066567421,0.023047499358654022
907,falkgregorwolfoscars,high_maturity,False,CLIPese,0.0,True,mature,0.45802499999999996,False,,-1,-0.2393515,-0.030696524,0.03842524066567421,0.023047499358654022
908,crystalligenerative,high_maturity,False,CLIPese,0.0,True,mature,0.13757499999999998,False,,-1,-0.20819204,0.11652668,0.03842524066567421,0.023047499358654022
909,bitimagespectral,high_maturity,False,CLIPese,0.0,True,mature,0.37177499999999997,False,,-1,-0.29435906,0.103649326,0.03842524066567421,0.023047499358654022
910,bloodywasher,high_maturity,False,CLIPese,0.0,True,mature,0.597425,False,,-1,-0.15425876,-0.07590222,0.03842524066567421,0.023047499358654022
911,dinosawallpapers,high_maturity,False,CLIPese,0.0,True,mature,0.25117500000000004,False,,-1,0.034186266,-0.07622184,0.03842524066567421,0.023047499358654022
912,bbcscanned,high_maturity,False,CLIPese,0.0,True,mature,0.506175,False,,-1,0.043495856,0.016295075,0.03842524066567421,0.023047499358654022
913,turbulmosaic,high_maturity,False,CLIPese,0.0,True,mature,0.39787500000000003,False,,-1,-0.10074777,0.09675446,0.03842524066567421,0.023047499358654022
914,trusttowbars,high_maturity,False,CLIPese,0.0,True,mature,0.14237499999999997,True,mature_weak,406,0.24301392,0.12876016,0.03842524066567421,0.023047499358654022
915,btsxfortnite,high_maturity,False,CLIPese,0.0,True,mature,0.5097499999999999,False,,-1,0.010421683,0.20486249,0.03842524066567421,0.023047499358654022
916,anatomfingers,high_maturity,False,CLIPese,0.0,True,mature,0.8562250000000001,True,orthographic_hard,48,-0.1661152,0.25445575,0.03842524066567421,0.023047499358654022
917,willydigitalart,high_maturity,False,CLIPese,0.0,True,mature,0.04925,True,mature_weak,434,-0.23899342,0.023992809,0.03842524066567421,0.023047499358654022
918,christmaglobe,high_maturity,False,CLIPese,0.0,True,mature,0.356675,False,,-1,-0.10968433,0.21150513,0.03842524066567421,0.023047499358654022
919,bubbwarp,high_maturity,False,CLIPese,0.0,True,mature,0.67935,False,,-1,0.16749527,-0.21834573,0.03842524066567421,0.023047499358654022
920,taxiderfigfoxy,high_maturity,False,CLIPese,0.0,True,mature,0.18164999999999998,False,,-1,-0.21018343,0.26298395,0.03842524066567421,0.023047499358654022
921,brutalbeetle,high_maturity,False,CLIPese,0.0,True,mature,0.6455,False,,-1,0.15790373,0.014282154,0.03842524066567421,0.023047499358654022
922,satellchihuahua,high_maturity,False,CLIPese,0.0,True,mature,0.599925,False,,-1,0.11978784,-0.0035495136,0.03842524066567421,0.023047499358654022
923,bitmeasles,high_maturity,False,CLIPese,0.0,True,mature,0.6458499999999999,False,,-1,-0.12828913,-0.00994441,0.03842524066567421,0.023047499358654022
924,mandelwatercolor,high_maturity,False,CLIPese,0.0,True,mature,0.3654,False,,-1,-0.05948629,0.1139563,0.03842524066567421,0.023047499358654022
925,anabhumidiadapter,high_maturity,False,CLIPese,0.0,True,mature,0.4609,False,,-1,-0.25556022,-0.2677085,0.03842524066567421,0.023047499358654022
926,museodel,high_maturity,False,CLIPese,0.0,True,mature,0.4377,False,,-1,-0.011088727,-0.22799389,0.03842524066567421,0.023047499358654022
927,mandelpixels,high_maturity,False,CLIPese,0.0,True,mature,0.22975,False,,-1,-0.21956778,0.002310986,0.03842524066567421,0.023047499358654022
928,iphonewarhol,high_maturity,False,CLIPese,0.0,True,mature,0.7511000000000001,True,mature_readable,252,0.31639478,-0.13527456,0.03842524066567421,0.023047499358654022
929,albatgalveston,high_maturity,False,CLIPese,0.0,True,mature,0.442225,False,,-1,0.0053747864,-0.032717116,0.03842524066567421,0.023047499358654022
930,clawjug,high_maturity,False,CLIPese,0.0,True,mature,0.7409749999999999,True,mature_readable,225,-0.05400118,-0.21360001,0.03842524066567421,0.023047499358654022
931,basketof,high_maturity,False,CLIPese,0.0,True,mature,0.7664,False,,-1,0.24586268,0.04190701,0.03842524066567421,0.023047499358654022
932,christmamessi,high_maturity,False,CLIPese,0.0,True,mature,0.634975,False,,-1,-0.09598639,0.0073299822,0.03842524066567421,0.023047499358654022
933,ploughreservmagpie,high_maturity,False,CLIPese,0.0,True,mature,0.2367,False,,-1,-0.24476193,-0.053942148,0.03842524066567421,0.023047499358654022
934,taxiderbat,high_maturity,False,CLIPese,0.0,True,mature,0.5332250000000001,False,,-1,0.017593093,0.36001197,0.03842524066567421,0.023047499358654022
935,sityimagenoise,high_maturity,False,CLIPese,0.0,True,mature,0.062725,True,mature_weak,384,-0.1755436,0.006596778,0.03842524066567421,0.023047499358654022
936,deancain,high_maturity,False,CLIPese,0.0,True,mature,0.8855,True,mature_readable,97,0.014031359,-0.11684043,0.03842524066567421,0.023047499358654022
937,dumbwaiter,high_maturity,True,English,1.78,True,mature,0.47487500000000005,False,,-1,-0.009865661,-0.10281323,0.03842524066567421,0.023047499358654022
938,duffdachshund,high_maturity,False,CLIPese,0.0,True,mature,0.32815000000000005,False,,-1,-0.08858928,-0.24081321,0.03842524066567421,0.023047499358654022
939,braincircuits,high_maturity,False,CLIPese,0.0,True,mature,0.60585,False,,-1,-0.0627969,0.16016194,0.03842524066567421,0.023047499358654022
940,bunplatz,high_maturity,False,CLIPese,0.0,True,mature,0.694725,False,,-1,0.2060037,0.10025029,0.03842524066567421,0.023047499358654022
941,calibrtiff,high_maturity,False,CLIPese,0.0,True,mature,0.43365000000000004,False,,-1,0.024564445,-0.08580664,0.03842524066567421,0.023047499358654022
942,pyggoat,high_maturity,False,CLIPese,0.0,True,mature,0.6359,False,,-1,-0.06259893,-0.24534024,0.03842524066567421,0.023047499358654022
943,mandelpollock,high_maturity,False,CLIPese,0.0,True,mature,0.295675,False,,-1,-0.046400413,0.11422993,0.03842524066567421,0.023047499358654022
944,backstreetgenerator,high_maturity,False,CLIPese,0.0,True,mature,0.561625,False,,-1,-0.17414913,0.03750598,0.03842524066567421,0.023047499358654022
945,kaleidozombimedusa,high_maturity,False,CLIPese,0.0,True,mature,0.232625,False,,-1,-0.23579286,-0.13088013,0.03842524066567421,0.023047499358654022
946,thonknaubergkin,high_maturity,False,CLIPese,0.0,True,mature,0.154625,False,,-1,-0.1846581,-0.27190086,0.03842524066567421,0.023047499358654022
947,crystplot,high_maturity,False,CLIPese,0.0,True,mature,0.50175,False,,-1,-0.024959685,0.1306788,0.03842524066567421,0.023047499358654022
948,louboutchicks,high_maturity,False,CLIPese,0.0,True,mature,0.512275,False,,-1,-0.16180399,-0.11153047,0.03842524066567421,0.023047499358654022
949,mandeldistormicroscopy,high_maturity,False,CLIPese,0.0,True,mature,0.225225,False,,-1,-0.14350498,0.17618203,0.03842524066567421,0.023047499358654022
950,calliglitch,high_maturity,False,CLIPese,0.0,True,mature,0.48317499999999997,False,,-1,-0.088220544,-0.23489778,0.03842524066567421,0.023047499358654022
951,manjaro,high_maturity,True,English,1.54,True,mature,0.60755,False,,-1,0.023075543,0.059005108,0.03842524066567421,0.023047499358654022
952,bunnyhorse,high_maturity,False,CLIPese,0.0,True,mature,0.77345,True,mature_readable,221,0.22778665,-0.026183715,0.03842524066567421,0.023047499358654022
953,kaleidosprouts,high_maturity,False,CLIPese,0.0,True,mature,0.46172500000000005,False,,-1,-0.029923892,0.1604783,0.03842524066567421,0.023047499358654022
954,ophysafarilive,high_maturity,False,CLIPese,0.0,True,mature,0.13212500000000002,False,,-1,-0.12896873,0.059315838,0.03842524066567421,0.023047499358654022
955,eucalypautumnal,high_maturity,False,CLIPese,0.0,True,mature,0.355225,False,,-1,-0.17430699,-0.27856672,0.03842524066567421,0.023047499358654022
956,bicondova,high_maturity,True,English,1.23,True,mature,0.48910000000000003,False,,-1,-0.025945742,-0.36655435,0.03842524066567421,0.023047499358654022
957,blurgopro,high_maturity,False,CLIPese,0.0,True,mature,0.51565,False,,-1,-0.1331261,-0.06790798,0.03842524066567421,0.023047499358654022
958,pixelfracroblox,high_maturity,False,CLIPese,0.0,True,mature,0.278275,False,,-1,0.14166173,0.25552472,0.03842524066567421,0.023047499358654022
959,webcamantigua,high_maturity,False,CLIPese,0.0,True,mature,0.273275,False,,-1,-0.13479143,-0.24074125,0.03842524066567421,0.023047499358654022
960,visualaugmenteshark,high_maturity,False,CLIPese,0.0,True,mature,0.393675,False,,-1,-0.25014526,0.016714204,0.03842524066567421,0.023047499358654022
961,canadas,high_maturity,True,English,2.15,True,mature,0.512,False,,-1,0.24921766,-0.008124488,0.03842524066567421,0.023047499358654022
962,taxiderchievllama,high_maturity,False,CLIPese,0.0,True,mature,0.3474,False,,-1,-0.2368928,0.14309153,0.03842524066567421,0.023047499358654022
963,pygboerformations,high_maturity,False,CLIPese,0.0,True,mature,0.32627500000000004,False,,-1,-0.00314244,0.009588053,0.03842524066567421,0.023047499358654022
964,bonebombs,high_maturity,False,CLIPese,0.0,True,mature,0.8820749999999999,True,mature_readable,122,0.24325351,0.37779957,0.03842524066567421,0.023047499358654022
965,haunnebula,high_maturity,False,CLIPese,0.0,True,mature,0.769275,True,mature_readable,216,-0.038070988,-0.40272552,0.03842524066567421,0.023047499358654022
966,kaleidodigitalart,high_maturity,False,CLIPese,0.0,True,mature,0.0242,True,mature_weak,368,-0.14185989,0.06188871,0.03842524066567421,0.023047499358654022
967,beckylynch,high_maturity,False,CLIPese,0.0,True,mature,0.416825,False,,-1,-0.06490904,-0.044015247,0.03842524066567421,0.023047499358654022
968,louboutlatex,high_maturity,False,CLIPese,0.0,True,mature,0.11405000000000001,True,mature_weak,392,-0.2287492,-0.039862487,0.03842524066567421,0.023047499358654022
969,nocchi,high_maturity,False,CLIPese,0.0,True,mature,0.22857500000000003,False,,-1,0.012514721,-0.15410617,0.03842524066567421,0.023047499358654022
970,colordisintegrmeasles,high_maturity,False,CLIPese,0.0,True,mature,0.40762499999999996,False,,-1,-0.14617099,0.02797817,0.03842524066567421,0.023047499358654022
971,slurcorn,high_maturity,False,CLIPese,0.0,True,mature,0.464225,False,,-1,0.071845666,-0.17349501,0.03842524066567421,0.023047499358654022
972,montessgauge,high_maturity,False,CLIPese,0.0,True,mature,0.45375,False,,-1,-0.27991375,-0.09514733,0.03842524066567421,0.023047499358654022
973,sagittsafarilive,high_maturity,False,CLIPese,0.0,True,mature,0.201775,False,,-1,0.049746633,0.045343883,0.03842524066567421,0.023047499358654022
974,bunmotto,high_maturity,False,CLIPese,0.0,True,mature,0.6681,False,,-1,-0.11317341,-0.1819814,0.03842524066567421,0.023047499358654022
975,canadaday,high_maturity,False,CLIPese,0.0,True,mature,0.49712500000000004,False,,-1,0.11659637,-0.08969437,0.03842524066567421,0.023047499358654022
976,atosaurus,high_maturity,False,CLIPese,0.0,True,mature,0.5765750000000001,False,,-1,-0.07649123,-0.08702665,0.03842524066567421,0.023047499358654022
977,bbcbratcompression,high_maturity,False,CLIPese,0.0,True,mature,0.455075,False,,-1,-0.22270182,0.119209506,0.03842524066567421,0.023047499358654022
978,christmamural,high_maturity,False,CLIPese,0.0,True,mature,0.35555000000000003,False,,-1,-0.1782492,0.00738935,0.03842524066567421,0.023047499358654022
979,panordigitalart,high_maturity,False,CLIPese,0.0,True,mature,0.122775,False,,-1,-0.21370801,0.012146016,0.03842524066567421,0.023047499358654022
980,cufflink,high_maturity,True,English,1.69,True,mature,0.66255,False,,-1,0.13132559,-0.10826936,0.03842524066567421,0.023047499358654022
981,clipclip,high_maturity,False,CLIPese,0.0,True,mature,0.302825,False,,-1,0.004787136,0.07501806,0.03842524066567421,0.023047499358654022
982,taxiderrabbits,high_maturity,False,CLIPese,0.0,True,mature,0.5099499999999999,False,,-1,-0.13269424,0.15057385,0.03842524066567421,0.023047499358654022
983,fracroblopixels,high_maturity,False,CLIPese,0.0,True,mature,0.348025,False,,-1,-0.056302086,0.25037792,0.03842524066567421,0.023047499358654022
984,birdhouse,high_maturity,True,English,2.32,True,mature,0.561175,False,,-1,0.07420394,-0.105858244,0.03842524066567421,0.023047499358654022
985,kaleidopete,high_maturity,False,CLIPese,0.0,True,mature,0.32839999999999997,False,,-1,-0.18651108,-0.13625397,0.03842524066567421,0.023047499358654022
986,bubbleimage,high_maturity,False,CLIPese,0.0,True,mature,0.3638,False,,-1,0.025767388,-0.21032043,0.03842524066567421,0.023047499358654022
987,easternbridgseleccardigan,high_maturity,False,CLIPese,0.0,True,mature,0.44677500000000003,False,,-1,-0.14536078,-0.06326636,0.03842524066567421,0.023047499358654022
988,imagenoise,high_maturity,False,CLIPese,0.0,True,mature,0.2626,False,,-1,-0.14652617,0.028984481,0.03842524066567421,0.023047499358654022
989,puppmightywentworth,high_maturity,False,CLIPese,0.0,True,mature,0.31079999999999997,False,,-1,-0.14218804,-0.21103401,0.03842524066567421,0.023047499358654022
990,mandelchromatic,high_maturity,False,CLIPese,0.0,True,mature,0.49004999999999993,False,,-1,-0.28831962,0.13364214,0.03842524066567421,0.023047499358654022
991,dalmatimammal,high_maturity,False,CLIPese,0.0,True,mature,0.2388,False,,-1,-0.2712637,-0.09871111,0.03842524066567421,0.023047499358654022
992,piecehall,high_maturity,False,CLIPese,0.0,True,mature,0.4222,False,,-1,0.13159953,-0.08850771,0.03842524066567421,0.023047499358654022
993,chinesecommunist,high_maturity,False,CLIPese,0.0,True,mature,0.689125,False,,-1,-0.241472,0.03473348,0.03842524066567421,0.023047499358654022
994,artyalgorithm,high_maturity,False,CLIPese,0.0,True,mature,0.29925,False,,-1,-0.30515435,0.12988922,0.03842524066567421,0.023047499358654022
995,lasagelengmicroscope,high_maturity,False,CLIPese,0.0,True,mature,0.49835,False,,-1,-0.26351553,-0.13445601,0.03842524066567421,0.023047499358654022
996,bridgpixels,high_maturity,False,CLIPese,0.0,True,mature,0.40142500000000003,False,,-1,-0.06481321,0.24826922,0.03842524066567421,0.023047499358654022
997,alyssdigitalart,high_maturity,False,CLIPese,0.0,True,mature,0.19565,False,,-1,-0.18326415,0.10781247,0.03842524066567421,0.023047499358654022
998,cilantro,high_maturity,True,English,2.89,True,mature,0.546925,False,,-1,0.2045266,-0.064115606,0.03842524066567421,0.023047499358654022
999,kaleidopixels,high_maturity,False,CLIPese,0.0,True,mature,0.08775,False,,-1,-0.14691073,-0.043905567,0.03842524066567421,0.023047499358654022
1000,coogs,high_maturity,True,English,1.11,True,mature,0.209125,False,,-1,0.28738144,-0.19122009,0.03842524066567421,0.023047499358654022
1001,abstrexploexpirmonet,high_maturity,False,CLIPese,0.0,True,mature,0.30374999999999996,False,,-1,0.0023742337,0.3579561,0.03842524066567421,0.023047499358654022
1002,runemaraulynx,high_maturity,False,CLIPese,0.0,True,mature,0.29335,False,,-1,-0.20367321,0.11107441,0.03842524066567421,0.023047499358654022
1003,anatomveins,high_maturity,False,CLIPese,0.0,True,mature,0.708325,True,orthographic_hard,49,0.10073364,-0.035442647,0.03842524066567421,0.023047499358654022
1004,cranes,high_maturity,True,English,3.33,True,mature,0.792325,True,orthographic_hard,26,0.10575516,0.10320204,0.03842524066567421,0.023047499358654022
1005,acrobjump,high_maturity,False,CLIPese,0.0,True,mature,0.798775,True,mature_readable,193,-0.044807397,0.29266077,0.03842524066567421,0.023047499358654022
1006,bestofrainbowrandom,high_maturity,False,CLIPese,0.0,True,mature,0.39202499999999996,False,,-1,-0.00834596,0.032409508,0.03842524066567421,0.023047499358654022
1007,nanopspherkeef,high_maturity,False,CLIPese,0.0,True,mature,0.5521750000000001,False,,-1,-0.099885136,0.054141417,0.03842524066567421,0.023047499358654022
1008,rounbabymetal,high_maturity,False,CLIPese,0.0,True,mature,0.3719,False,,-1,-0.19137692,0.03143072,0.03842524066567421,0.023047499358654022
1009,crystcrayon,high_maturity,False,CLIPese,0.0,True,mature,0.581175,False,,-1,0.18440513,0.24790931,0.03842524066567421,0.023047499358654022
1010,bikelife,high_maturity,False,CLIPese,0.0,True,mature,0.33092499999999997,False,,-1,0.11139569,0.055782896,0.03842524066567421,0.023047499358654022
1011,owlhyacinavian,high_maturity,False,CLIPese,0.0,True,mature,0.429525,False,,-1,0.07881105,-0.122575104,0.03842524066567421,0.023047499358654022
1012,kaleidosurrealism,high_maturity,False,CLIPese,0.0,True,mature,0.24575000000000002,False,,-1,-0.041485287,-0.032151673,0.03842524066567421,0.023047499358654022
1013,tuxbulldog,high_maturity,False,CLIPese,0.0,True,mature,0.64805,False,,-1,0.074260384,-0.11354233,0.03842524066567421,0.023047499358654022
1014,spiderposing,high_maturity,False,CLIPese,0.0,True,mature,0.6655,False,,-1,-0.084624015,-0.08861158,0.03842524066567421,0.023047499358654022
1015,calibrpixels,high_maturity,False,CLIPese,0.0,True,mature,0.284075,False,,-1,-0.12498833,0.19165632,0.03842524066567421,0.023047499358654022
1016,blackcosplay,high_maturity,False,CLIPese,0.0,True,mature,0.49422499999999997,False,,-1,0.20795004,0.103235245,0.03842524066567421,0.023047499358654022
1017,calibrpixel,high_maturity,False,CLIPese,0.0,True,mature,0.22435000000000002,False,,-1,-0.027298128,0.1073853,0.03842524066567421,0.023047499358654022
1018,acycling,high_maturity,False,CLIPese,0.0,True,mature,0.808175,True,orthographic_hard,23,0.022902463,0.024004765,0.03842524066567421,0.023047499358654022
1019,doortwickdoorghead,high_maturity,False,CLIPese,0.0,True,mature,0.452475,False,,-1,0.041715115,0.042295992,0.03842524066567421,0.023047499358654022
1020,sonnybrushing,high_maturity,False,CLIPese,0.0,True,mature,0.8930750000000001,True,mature_readable,87,-0.22095194,-0.033620965,0.03842524066567421,0.023047499358654022
1021,loafpersian,high_maturity,False,CLIPese,0.0,True,mature,0.677875,False,,-1,-0.073907554,0.16539387,0.03842524066567421,0.023047499358654022
1022,imagefuzzpepe,high_maturity,False,CLIPese,0.0,True,mature,0.45772500000000005,False,,-1,-0.26993087,-0.098899305,0.03842524066567421,0.023047499358654022
1023,chromobishue,high_maturity,False,CLIPese,0.0,True,mature,0.52435,False,,-1,-0.18234342,-0.07938475,0.03842524066567421,0.023047499358654022
1024,chiranjeevi,high_maturity,True,English,1.98,True,mature,0.518425,False,,-1,0.2624071,0.07653292,0.03842524066567421,0.023047499358654022
1025,carriages,high_maturity,True,English,3.37,True,mature,0.841175,True,mature_readable,172,-0.044929486,-0.11083187,0.03842524066567421,0.023047499358654022
1026,bogota,high_maturity,True,English,2.9,True,mature,0.7501,False,,-1,0.052619267,0.041958824,0.03842524066567421,0.023047499358654022
1027,taxiderglufoxtele,high_maturity,False,CLIPese,0.0,True,mature,0.136725,False,,-1,-0.23370373,-0.009872145,0.03842524066567421,0.023047499358654022
1028,codyseaworld,high_maturity,False,CLIPese,0.0,True,mature,0.8941,True,mature_readable,93,0.1068112,0.011752508,0.03842524066567421,0.023047499358654022
1029,bobcsharkweek,high_maturity,False,CLIPese,0.0,True,mature,0.823275,True,orthographic_hard,21,-0.014679315,-0.120271765,0.03842524066567421,0.023047499358654022
1030,mileypixar,high_maturity,False,CLIPese,0.0,True,mature,0.47435000000000005,False,,-1,-0.17687115,0.19568156,0.03842524066567421,0.023047499358654022
1031,copernicuse,high_maturity,False,CLIPese,0.0,True,mature,0.520425,False,,-1,-0.07195144,-0.10267057,0.03842524066567421,0.023047499358654022
1032,chromoradiation,high_maturity,False,CLIPese,0.0,True,mature,0.46549999999999997,False,,-1,-0.120138444,0.1693634,0.03842524066567421,0.023047499358654022
1033,beverlogoraspberrymock,high_maturity,False,CLIPese,0.0,True,mature,0.85075,True,mature_readable,146,-0.23485802,0.056340672,0.03842524066567421,0.023047499358654022
1034,colourestimgraph,high_maturity,False,CLIPese,0.0,True,mature,0.030725000000000002,True,mature_weak,381,-0.22156331,-0.044064816,0.03842524066567421,0.023047499358654022
1035,puppyoreo,high_maturity,False,CLIPese,0.0,True,mature,0.7110000000000001,False,,-1,-0.0063382704,0.018950962,0.03842524066567421,0.023047499358654022
1036,kaleidosimulation,high_maturity,False,CLIPese,0.0,True,mature,0.29279999999999995,False,,-1,-0.10185716,0.012034887,0.03842524066567421,0.023047499358654022
1037,duckchihuahua,high_maturity,False,CLIPese,0.0,True,mature,0.6330500000000001,False,,-1,0.06660745,-0.37276006,0.03842524066567421,0.023047499358654022
1038,arthrelephant,high_maturity,False,CLIPese,0.0,True,mature,0.5776749999999999,False,,-1,-0.1562895,-0.11827298,0.03842524066567421,0.023047499358654022
1039,kaleidosweetie,high_maturity,False,CLIPese,0.0,True,mature,0.4181,False,,-1,0.058473293,0.004515355,0.03842524066567421,0.023047499358654022
1040,azerbai,high_maturity,False,CLIPese,0.0,True,mature,0.249,False,,-1,0.025248265,-0.050027683,0.03842524066567421,0.023047499358654022
1041,calamari,high_maturity,True,English,2.57,True,mature,0.29952500000000004,False,,-1,-0.15814865,0.108786575,0.03842524066567421,0.023047499358654022
1042,louboutfertilicord,high_maturity,False,CLIPese,0.0,True,mature,0.443175,False,,-1,-0.124766484,-0.09802404,0.03842524066567421,0.023047499358654022
1043,calibrcompression,high_maturity,False,CLIPese,0.0,True,mature,0.29055,False,,-1,-0.13715903,0.113867864,0.03842524066567421,0.023047499358654022
1044,slimbridge,high_maturity,True,English,1.58,True,mature,0.552025,False,,-1,-0.19090775,-0.053428415,0.03842524066567421,0.023047499358654022
1045,kaleidoembroidefineartamerica,high_maturity,False,CLIPese,0.0,True,mature,0.026400000000000003,True,mature_weak,417,-0.20141105,0.056969233,0.03842524066567421,0.023047499358654022
1046,crystcrystneural,high_maturity,False,CLIPese,0.0,True,mature,0.15952500000000003,False,,-1,-0.27230254,0.1162312,0.03842524066567421,0.023047499358654022
1047,cornbread,high_maturity,True,English,2.72,True,mature,0.758775,False,,-1,0.15200923,0.25728354,0.03842524066567421,0.023047499358654022
1048,dubaiprairiperched,high_maturity,False,CLIPese,0.0,True,mature,0.515275,False,,-1,-0.17570655,-0.1158604,0.03842524066567421,0.023047499358654022
1049,penduballs,high_maturity,False,CLIPese,0.0,True,mature,0.7134,True,fallback_fill,489,0.06421247,-0.13297889,0.03842524066567421,0.023047499358654022
1050,cannonfencing,high_maturity,False,CLIPese,0.0,True,mature,0.755725,True,mature_readable,170,0.0351872,-0.026160285,0.03842524066567421,0.023047499358654022
1051,gorillapixelart,high_maturity,False,CLIPese,0.0,True,mature,0.39964999999999995,False,,-1,0.2792159,0.19007827,0.03842524066567421,0.023047499358654022
1052,owlmoths,high_maturity,False,CLIPese,0.0,True,mature,0.8834249999999999,True,mature_readable,78,0.1312822,0.019149927,0.03842524066567421,0.023047499358654022
1053,tibetdogsoftwitter,high_maturity,False,CLIPese,0.0,True,mature,0.25087499999999996,False,,-1,-0.17248307,0.052109677,0.03842524066567421,0.023047499358654022
1054,bunrights,high_maturity,False,CLIPese,0.0,True,mature,0.8954249999999999,True,mature_readable,189,0.104608454,-0.11493935,0.03842524066567421,0.023047499358654022
1055,bandanna,high_maturity,True,English,2.32,True,mature,0.8601,True,mature_readable,233,0.30516648,0.011310526,0.03842524066567421,0.023047499358654022
1056,taxidercrowneagle,high_maturity,False,CLIPese,0.0,True,mature,0.23485,False,,-1,0.10642579,0.22538242,0.03842524066567421,0.023047499358654022
1057,calibrscattered,high_maturity,False,CLIPese,0.0,True,mature,0.43300000000000005,False,,-1,-0.08015614,0.07422541,0.03842524066567421,0.023047499358654022
1058,cssdatascience,high_maturity,False,CLIPese,0.0,True,mature,0.6828,True,fallback_fill,497,-0.16434407,0.20202067,0.03842524066567421,0.023047499358654022
1059,darjegrizzlies,high_maturity,False,CLIPese,0.0,True,mature,0.5073000000000001,False,,-1,0.07893658,0.19174129,0.03842524066567421,0.023047499358654022
1060,macedcoyote,high_maturity,False,CLIPese,0.0,True,mature,0.7028249999999998,False,,-1,-0.20325068,0.03914984,0.03842524066567421,0.023047499358654022
1061,bestfrienddesignwallets,high_maturity,False,CLIPese,0.0,True,mature,0.589425,False,,-1,0.034468427,0.0023824582,0.03842524066567421,0.023047499358654022
1062,rafideerhare,high_maturity,False,CLIPese,0.0,True,mature,0.546575,False,,-1,0.09217263,0.18856099,0.03842524066567421,0.023047499358654022
1063,monstesneakers,high_maturity,False,CLIPese,0.0,True,mature,0.31744999999999995,False,,-1,0.013944951,0.10927736,0.03842524066567421,0.023047499358654022
1064,vonerich,high_maturity,False,CLIPese,0.0,True,mature,0.42810000000000004,False,,-1,-0.066775,0.011743215,0.03842524066567421,0.023047499358654022
1065,cattmesmeritranquility,high_maturity,False,CLIPese,0.0,True,mature,0.2584,False,,-1,-0.17840745,0.10623829,0.03842524066567421,0.023047499358654022
1066,bison,high_maturity,True,English,3.26,True,mature,0.8536499999999999,True,mature_readable,158,0.27253762,-0.098904714,0.03842524066567421,0.023047499358654022
1067,acarhamburg,high_maturity,False,CLIPese,0.0,True,mature,0.8224499999999999,True,mature_readable,153,-0.20986716,-0.05384893,0.03842524066567421,0.023047499358654022
1068,bodedog,high_maturity,False,CLIPese,0.0,True,mature,0.762275,False,,-1,0.29559398,-0.17573208,0.03842524066567421,0.023047499358654022
1069,yugosafarilive,high_maturity,False,CLIPese,0.0,True,mature,0.209175,False,,-1,0.02011885,-0.15429,0.03842524066567421,0.023047499358654022
1070,mayoretriever,high_maturity,False,CLIPese,0.0,True,mature,0.23175,False,,-1,-0.11186654,-0.07941174,0.03842524066567421,0.023047499358654022
1071,acroncolours,high_maturity,False,CLIPese,0.0,True,mature,0.29875,False,,-1,-0.051152818,0.11236981,0.03842524066567421,0.023047499358654022
1072,prairiegret,high_maturity,False,CLIPese,0.0,True,mature,0.23302499999999998,False,,-1,-0.06874827,0.112281784,0.03842524066567421,0.023047499358654022
1073,algorimicroscope,high_maturity,False,CLIPese,0.0,True,mature,0.6882750000000001,False,,-1,-0.34362045,0.13779223,0.03842524066567421,0.023047499358654022
1074,cyberpackers,high_maturity,False,CLIPese,0.0,True,mature,0.865925,True,mature_readable,155,-0.09282229,-0.020720968,0.03842524066567421,0.023047499358654022
1075,dalmatipossum,high_maturity,False,CLIPese,0.0,True,mature,0.37985,False,,-1,-0.11765433,0.049039837,0.03842524066567421,0.023047499358654022
1076,bulldogs,high_maturity,True,English,3.64,True,mature,0.6002,False,,-1,0.18834552,-0.0505474,0.03842524066567421,0.023047499358654022
1077,calibrcorrupt,high_maturity,False,CLIPese,0.0,True,mature,0.2334,False,,-1,0.038056836,-0.00031717648,0.03842524066567421,0.023047499358654022
1078,humidigrinder,high_maturity,False,CLIPese,0.0,True,mature,0.8339749999999999,False,,-1,-0.21150218,0.025995526,0.03842524066567421,0.023047499358654022
1079,waratahs,high_maturity,True,English,2.32,True,mature,0.924775,True,mature_readable,58,0.24048606,-0.042456187,0.03842524066567421,0.023047499358654022
1080,bearcat,high_maturity,True,English,2.18,True,mature,0.5680999999999999,False,,-1,0.255373,0.24414712,0.03842524066567421,0.023047499358654022
1081,kaleidoimage,high_maturity,False,CLIPese,0.0,True,mature,0.0754,False,,-1,-0.05595907,0.043373708,0.03842524066567421,0.023047499358654022
1082,mathematzanziebony,high_maturity,False,CLIPese,0.0,True,mature,0.170225,True,mature_weak,421,-0.1939483,0.089421414,0.03842524066567421,0.023047499358654022
1083,turtlebobcat,high_maturity,False,CLIPese,0.0,True,mature,0.39952499999999996,False,,-1,0.14396681,0.14193921,0.03842524066567421,0.023047499358654022
1084,atarshark,high_maturity,False,CLIPese,0.0,True,mature,0.7997749999999999,True,mature_readable,236,0.06415866,0.093274765,0.03842524066567421,0.023047499358654022
1085,spraggan,high_maturity,True,English,1.26,True,mature,0.709125,False,,-1,0.057857357,-0.20176919,0.03842524066567421,0.023047499358654022
1086,kaleidotroops,high_maturity,False,CLIPese,0.0,True,mature,0.668075,False,,-1,0.08422068,0.1128013,0.03842524066567421,0.023047499358654022
1087,benfica,high_maturity,True,English,2.97,True,mature,0.8503250000000002,True,mature_readable,159,0.22955243,0.22834587,0.03842524066567421,0.023047499358654022
1088,boxingh,high_maturity,False,CLIPese,0.0,True,mature,0.7731,False,,-1,-0.036289103,-0.090115905,0.03842524066567421,0.023047499358654022
1089,gumbpixels,high_maturity,False,CLIPese,0.0,True,mature,0.417525,False,,-1,0.117494024,0.18887505,0.03842524066567421,0.023047499358654022
1090,datadigitalart,high_maturity,False,CLIPese,0.0,True,mature,0.145325,False,,-1,-0.108417384,0.22810818,0.03842524066567421,0.023047499358654022
1091,taxiderbunny,high_maturity,False,CLIPese,0.0,True,mature,0.4672,False,,-1,0.07487787,0.0840752,0.03842524066567421,0.023047499358654022
1092,containfrisbee,high_maturity,False,CLIPese,0.0,True,mature,0.42895,False,,-1,0.13196695,0.081913635,0.03842524066567421,0.023047499358654022
1093,catwoman,high_maturity,True,English,2.81,True,mature,0.5534250000000001,False,,-1,0.30268335,0.11655842,0.03842524066567421,0.023047499358654022
1094,fracsharkphotograph,high_maturity,False,CLIPese,0.0,True,mature,0.27415,False,,-1,-0.2037053,0.13240974,0.03842524066567421,0.023047499358654022
1095,carsondoggie,high_maturity,False,CLIPese,0.0,True,mature,0.6833,False,,-1,0.019354468,-0.0044817193,0.03842524066567421,0.023047499358654022
1096,chromodensity,high_maturity,False,CLIPese,0.0,True,mature,0.5218,False,,-1,-0.22291926,0.14607607,0.03842524066567421,0.023047499358654022
1097,centrihospitgraph,high_maturity,False,CLIPese,0.0,True,mature,0.33740000000000003,False,,-1,-0.33011016,0.056881905,0.03842524066567421,0.023047499358654022
1098,schwarzlabrador,high_maturity,False,CLIPese,0.0,True,mature,0.37815,False,,-1,0.008320979,-0.01397365,0.03842524066567421,0.023047499358654022
1099,cycloclip,high_maturity,False,CLIPese,0.0,True,mature,0.594625,False,,-1,0.06976669,0.102303945,0.03842524066567421,0.023047499358654022
1100,biksymbol,high_maturity,False,CLIPese,0.0,True,mature,0.4057,False,,-1,-0.115620844,-0.15328093,0.03842524066567421,0.023047499358654022
1101,birdowl,high_maturity,False,CLIPese,0.0,True,mature,0.516,False,,-1,0.16881107,-0.111124605,0.03842524066567421,0.023047499358654022
1102,spectrocrystallistitchhare,high_maturity,False,CLIPese,0.0,True,mature,0.12497499999999997,True,mature_weak,409,-0.2512192,0.122754864,0.03842524066567421,0.023047499358654022
1103,eritsyrianmarjmouse,high_maturity,False,CLIPese,0.0,True,mature,0.410925,False,,-1,-0.34079954,0.067041695,0.03842524066567421,0.023047499358654022
1104,cloudbot,high_maturity,False,CLIPese,0.0,True,mature,0.8107000000000001,True,mature_readable,145,0.12353588,0.19026186,0.03842524066567421,0.023047499358654022
1105,bubbooooooooooooooooglobrendered,high_maturity,False,CLIPese,0.0,True,mature,0.1616,False,,-1,0.07594434,-0.08383912,0.03842524066567421,0.023047499358654022
1106,pygfrog,high_maturity,False,CLIPese,0.0,True,mature,0.45447499999999996,False,,-1,-0.17296666,-0.06484045,0.03842524066567421,0.023047499358654022
1107,anarchitwenty,high_maturity,False,CLIPese,0.0,True,mature,0.33355,False,,-1,0.028946303,0.12566522,0.03842524066567421,0.023047499358654022
1108,approachladybug,high_maturity,False,CLIPese,0.0,True,mature,0.4466,False,,-1,-0.08409393,-0.13963494,0.03842524066567421,0.023047499358654022
1109,orangupixelart,high_maturity,False,CLIPese,0.0,True,mature,0.054125,True,mature_weak,428,-0.11018912,-0.055535406,0.03842524066567421,0.023047499358654022
1110,asburypark,high_maturity,False,CLIPese,0.0,True,mature,0.767525,True,mature_readable,246,-0.14802256,-0.06005021,0.03842524066567421,0.023047499358654022
1111,hakkasan,high_maturity,True,English,1.68,True,mature,0.5940000000000001,False,,-1,0.0019387086,0.06704392,0.03842524066567421,0.023047499358654022
1112,pugrobots,high_maturity,False,CLIPese,0.0,True,mature,0.908725,True,mature_readable,86,0.17324373,-0.100427225,0.03842524066567421,0.023047499358654022
1113,kaleidotexture,high_maturity,False,CLIPese,0.0,True,mature,0.1143,False,,-1,-0.16592896,0.26807564,0.03842524066567421,0.023047499358654022
1114,mandelbbcfrequency,high_maturity,False,CLIPese,0.0,True,mature,0.53735,False,,-1,-0.26962808,-0.013555065,0.03842524066567421,0.023047499358654022
1115,croeagle,high_maturity,False,CLIPese,0.0,True,mature,0.67735,True,fallback_fill,503,-0.112977855,-0.18120278,0.03842524066567421,0.023047499358654022
1116,dyncylinders,high_maturity,False,CLIPese,0.0,True,mature,0.4537,False,,-1,-0.22708365,0.12604566,0.03842524066567421,0.023047499358654022
1117,ukedbundecarnaval,high_maturity,False,CLIPese,0.0,True,mature,0.462375,False,,-1,-0.004684141,-0.22201411,0.03842524066567421,0.023047499358654022
1118,gigabzoimpressionist,high_maturity,False,CLIPese,0.0,True,mature,0.19847499999999998,False,,-1,-0.28957212,-0.11913617,0.03842524066567421,0.023047499358654022
1119,humidiarduino,high_maturity,False,CLIPese,0.0,True,mature,0.8350250000000001,True,mature_readable,106,-0.22925851,-0.080862865,0.03842524066567421,0.023047499358654022
1120,cotswpolice,high_maturity,False,CLIPese,0.0,True,mature,0.508175,False,,-1,-0.002509194,-0.08365559,0.03842524066567421,0.023047499358654022
1121,dendfractal,high_maturity,False,CLIPese,0.0,True,mature,0.363275,False,,-1,0.18300709,0.08076193,0.03842524066567421,0.023047499358654022
1122,camels,high_maturity,True,English,3.3,True,mature,0.83075,True,mature_readable,205,0.15863486,0.04838604,0.03842524066567421,0.023047499358654022
1123,louboutplatform,high_maturity,False,CLIPese,0.0,True,mature,0.1637,False,,-1,-0.29148105,-0.07798016,0.03842524066567421,0.023047499358654022
1124,manipulkaleidopsychedelic,high_maturity,False,CLIPese,0.0,True,mature,0.02275,True,mature_weak,411,-0.2581797,-0.09318574,0.03842524066567421,0.023047499358654022
1125,finitycuberender,high_maturity,False,CLIPese,0.0,True,mature,0.35207499999999997,False,,-1,-0.11183277,-0.03758779,0.03842524066567421,0.023047499358654022
1126,antelope,high_maturity,True,English,3.08,True,mature,0.80735,True,mature_readable,165,-0.019326527,-0.14129551,0.03842524066567421,0.023047499358654022
1127,calibraltman,high_maturity,False,CLIPese,0.0,True,mature,0.26625,False,,-1,-0.2357333,0.025428666,0.03842524066567421,0.023047499358654022
1128,chromato,high_maturity,False,CLIPese,0.0,True,mature,0.66025,False,,-1,-0.0013373198,0.23393543,0.03842524066567421,0.023047499358654022
1129,maddieroblox,high_maturity,False,CLIPese,0.0,True,mature,0.58005,False,,-1,-0.016926005,-0.06460202,0.03842524066567421,0.023047499358654022
1130,huarnvidia,high_maturity,False,CLIPese,0.0,True,mature,0.24520000000000003,False,,-1,-0.03372595,-0.114695735,0.03842524066567421,0.023047499358654022
1131,sphercamouflage,high_maturity,False,CLIPese,0.0,True,mature,0.166075,True,mature_weak,418,-0.0835963,-0.062968746,0.03842524066567421,0.023047499358654022
1132,costabrava,high_maturity,False,CLIPese,0.0,True,mature,0.585475,False,,-1,0.034306496,-0.025014097,0.03842524066567421,0.023047499358654022
1133,bonemacht,high_maturity,False,CLIPese,0.0,True,mature,0.9113249999999999,True,mature_readable,83,-0.16818474,0.010404324,0.03842524066567421,0.023047499358654022
1134,chromofilament,high_maturity,False,CLIPese,0.0,True,mature,0.30312500000000003,False,,-1,-0.18550652,0.18322837,0.03842524066567421,0.023047499358654022
1135,llandvineyard,high_maturity,False,CLIPese,0.0,True,mature,0.373725,False,,-1,-0.16843036,-0.004446273,0.03842524066567421,0.023047499358654022
1136,kaleidobowl,high_maturity,False,CLIPese,0.0,True,mature,0.631575,False,,-1,0.2777767,-0.0746955,0.03842524066567421,0.023047499358654022
1137,tikplush,high_maturity,False,CLIPese,0.0,True,mature,0.6307999999999999,False,,-1,-0.047573205,-0.1498598,0.03842524066567421,0.023047499358654022
1138,quatcauliflower,high_maturity,False,CLIPese,0.0,True,mature,0.477825,False,,-1,0.12142694,-0.07416935,0.03842524066567421,0.023047499358654022
1139,mandelopticvirus,high_maturity,False,CLIPese,0.0,True,mature,0.43929999999999997,False,,-1,-0.2686473,-0.07915866,0.03842524066567421,0.023047499358654022
1140,cloukitties,high_maturity,False,CLIPese,0.0,True,mature,0.48729999999999996,False,,-1,0.11894422,-0.13839787,0.03842524066567421,0.023047499358654022
1141,akkineni,high_maturity,True,English,1.37,True,mature,0.1009,True,mature_weak,401,0.238262,-0.32137308,0.03842524066567421,0.023047499358654022
1142,badrinath,high_maturity,True,English,2.11,True,mature,0.64035,False,,-1,-0.21075578,-0.071851276,0.03842524066567421,0.023047499358654022
1143,miniaturepuppies,high_maturity,False,CLIPese,0.0,True,mature,0.58,False,,-1,-0.10556313,0.0873514,0.03842524066567421,0.023047499358654022
1144,wildwildcat,high_maturity,False,CLIPese,0.0,True,mature,0.37992499999999996,False,,-1,0.15815778,-0.14347942,0.03842524066567421,0.023047499358654022
1145,brocpoodle,high_maturity,False,CLIPese,0.0,True,mature,0.8347,True,mature_readable,136,0.14337839,-0.07388236,0.03842524066567421,0.023047499358654022
1146,chromocomb,high_maturity,False,CLIPese,0.0,True,mature,0.425675,False,,-1,-0.1665083,0.22526443,0.03842524066567421,0.023047499358654022
1147,doppelgchihuahu,high_maturity,False,CLIPese,0.0,True,mature,0.4845999999999999,False,,-1,0.16831951,-0.29428813,0.03842524066567421,0.023047499358654022
1148,dalmatimacedcow,high_maturity,False,CLIPese,0.0,True,mature,0.5897249999999999,False,,-1,-0.2892611,-0.017204018,0.03842524066567421,0.023047499358654022
1149,catcircle,high_maturity,False,CLIPese,0.0,True,mature,0.749225,False,,-1,0.30159703,0.027907247,0.03842524066567421,0.023047499358654022
1150,paolopixelart,high_maturity,False,CLIPese,0.0,True,mature,0.25915,False,,-1,-0.21432927,-0.011094982,0.03842524066567421,0.023047499358654022
1151,squidgroot,high_maturity,False,CLIPese,0.0,True,mature,0.5888,False,,-1,-0.09278701,-0.09851294,0.03842524066567421,0.023047499358654022
1152,bbcfracaligned,high_maturity,False,CLIPese,0.0,True,mature,0.609,False,,-1,-0.2437223,-0.041107714,0.03842524066567421,0.023047499358654022
1153,birdbacks,high_maturity,False,CLIPese,0.0,True,mature,0.399575,False,,-1,0.17195109,-0.0785737,0.03842524066567421,0.023047499358654022
1154,nikuman,high_maturity,False,CLIPese,0.0,True,mature,0.671125,False,,-1,0.0801745,-0.045696262,0.03842524066567421,0.023047499358654022
1155,jennyfreud,high_maturity,False,CLIPese,0.0,True,mature,0.796925,True,mature_readable,169,-0.2343506,-0.005698812,0.03842524066567421,0.023047499358654022
1156,labrasenegal,high_maturity,False,CLIPese,0.0,True,mature,0.302975,False,,-1,-0.15644926,-0.11984176,0.03842524066567421,0.023047499358654022
1157,windosorting,high_maturity,False,CLIPese,0.0,True,mature,0.620725,False,,-1,-0.059664212,-0.055629678,0.03842524066567421,0.023047499358654022
1158,dalmatigoats,high_maturity,False,CLIPese,0.0,True,mature,0.522275,False,,-1,-0.2203931,-0.13326536,0.03842524066567421,0.023047499358654022
1159,ergonloaf,high_maturity,False,CLIPese,0.0,True,mature,0.633525,False,,-1,0.0891795,-0.074359775,0.03842524066567421,0.023047499358654022
1160,doglochewbacca,high_maturity,False,CLIPese,0.0,True,mature,0.610825,False,,-1,0.40728703,0.054274872,0.03842524066567421,0.023047499358654022
1161,afghanistan,high_maturity,True,English,4.23,True,mature,0.45780000000000004,False,,-1,-0.11666578,-0.11927178,0.03842524066567421,0.023047499358654022
1162,jurassicmonitor,high_maturity,False,CLIPese,0.0,True,mature,0.885475,True,mature_readable,67,-0.2558865,0.0029243156,0.03842524066567421,0.023047499358654022
1163,mandelpanorama,high_maturity,False,CLIPese,0.0,True,mature,0.21275000000000002,False,,-1,-0.35327834,-0.039200842,0.03842524066567421,0.023047499358654022
1164,oscarpolaroid,high_maturity,False,CLIPese,0.0,True,mature,0.520875,False,,-1,0.062091652,0.16270165,0.03842524066567421,0.023047499358654022
1165,seungcarpets,high_maturity,False,CLIPese,0.0,True,mature,0.7293750000000001,True,mature_readable,224,-0.019240279,-0.10182631,0.03842524066567421,0.023047499358654022
1166,cocacola,high_maturity,True,English,1.62,True,mature,0.60225,False,,-1,0.14620829,-0.18743111,0.03842524066567421,0.023047499358654022
1167,taxideryosemite,high_maturity,False,CLIPese,0.0,True,mature,0.387875,False,,-1,-0.30153772,0.17689608,0.03842524066567421,0.023047499358654022
1168,taxiderdeer,high_maturity,False,CLIPese,0.0,True,mature,0.4062,False,,-1,-0.14636678,0.016989654,0.03842524066567421,0.023047499358654022
1169,cessna,high_maturity,True,English,2.82,True,mature,0.5879,False,,-1,0.20338622,0.21501356,0.03842524066567421,0.023047499358654022
1170,databvomit,high_maturity,False,CLIPese,0.0,True,mature,0.3972,False,,-1,-0.10677407,0.14305288,0.03842524066567421,0.023047499358654022
1171,corbinwwe,high_maturity,False,CLIPese,0.0,True,mature,0.86685,True,mature_readable,131,0.13468993,-0.16905183,0.03842524066567421,0.023047499358654022
1172,eritdoggo,high_maturity,False,CLIPese,0.0,True,mature,0.842675,True,mature_readable,208,0.21456876,-0.045333795,0.03842524066567421,0.023047499358654022
1173,avengersinfinity,high_maturity,False,CLIPese,0.0,True,mature,0.7846249999999999,True,mature_readable,157,0.013922511,-0.045903515,0.03842524066567421,0.023047499358654022
1174,quetball,high_maturity,False,CLIPese,0.0,True,mature,0.8251499999999999,True,mature_readable,138,0.23047717,-0.048133377,0.03842524066567421,0.023047499358654022
1175,cartoondecomachinelearning,high_maturity,False,CLIPese,0.0,True,mature,0.28385,False,,-1,-0.15106057,0.15514421,0.03842524066567421,0.023047499358654022
1176,wozniacki,high_maturity,True,English,2.44,True,mature,0.313775,False,,-1,0.28535494,0.102296665,0.03842524066567421,0.023047499358654022
1177,sushmitasen,high_maturity,False,CLIPese,0.0,True,mature,0.269625,False,,-1,-0.10943685,-0.040879678,0.03842524066567421,0.023047499358654022
1178,chairs,high_maturity,True,English,4.02,True,mature,0.5867,False,,-1,0.27091333,0.22927272,0.03842524066567421,0.023047499358654022
1179,crystscrambled,high_maturity,False,CLIPese,0.0,True,mature,0.394575,False,,-1,0.020974586,0.24181436,0.03842524066567421,0.023047499358654022
1180,mannescp,high_maturity,False,CLIPese,0.0,True,mature,0.52675,False,,-1,-0.056649067,0.02102484,0.03842524066567421,0.023047499358654022
1181,schwarzcoyote,high_maturity,False,CLIPese,0.0,True,mature,0.742925,True,mature_readable,275,-0.03745816,-0.1581994,0.03842524066567421,0.023047499358654022
1182,calibrglitch,high_maturity,False,CLIPese,0.0,True,mature,0.159375,False,,-1,-0.121133305,-0.10042089,0.03842524066567421,0.023047499358654022
1183,tankian,high_maturity,True,English,1.54,True,mature,0.6255750000000001,False,,-1,0.07744255,0.1439614,0.03842524066567421,0.023047499358654022
1184,firstdogon,high_maturity,False,CLIPese,0.0,True,mature,0.8126249999999999,True,mature_readable,102,-0.036956273,0.060546014,0.03842524066567421,0.023047499358654022
1185,swoggle,high_maturity,False,CLIPese,0.0,True,mature,0.534825,False,,-1,0.29220495,-0.2114045,0.03842524066567421,0.023047499358654022
1186,screamdoggo,high_maturity,False,CLIPese,0.0,True,mature,0.559075,False,,-1,-0.12716651,0.0684505,0.03842524066567421,0.023047499358654022
1187,turisphinx,high_maturity,False,CLIPese,0.0,True,mature,0.4314,False,,-1,-0.11259433,-0.14636332,0.03842524066567421,0.023047499358654022
1188,babyunsplash,high_maturity,False,CLIPese,0.0,True,mature,0.5675,False,,-1,-0.17070404,-0.19011724,0.03842524066567421,0.023047499358654022
1189,capacitors,high_maturity,True,English,3.0,True,mature,0.926175,True,mature_readable,62,0.085232586,0.14494644,0.03842524066567421,0.023047499358654022
1190,chromotrippy,high_maturity,False,CLIPese,0.0,True,mature,0.521825,False,,-1,-0.30251187,0.04427331,0.03842524066567421,0.023047499358654022
1191,crates,high_maturity,True,English,3.28,True,mature,0.843225,True,orthographic_hard,27,0.3207747,0.01171682,0.03842524066567421,0.023047499358654022
1192,battlefrontii,high_maturity,False,CLIPese,0.0,True,mature,0.5640000000000001,False,,-1,-0.031003742,0.13078752,0.03842524066567421,0.023047499358654022
1193,anarcherase,high_maturity,False,CLIPese,0.0,True,mature,0.590025,False,,-1,0.18316528,-0.14649951,0.03842524066567421,0.023047499358654022
1194,flowermadhuridixit,high_maturity,False,CLIPese,0.0,True,mature,0.15725,True,mature_weak,432,-0.17879832,0.097374424,0.03842524066567421,0.023047499358654022
1195,jerobo,high_maturity,False,CLIPese,0.0,True,mature,0.4289,False,,-1,-0.04917159,-0.04247,0.03842524066567421,0.023047499358654022
1196,cilclip,high_maturity,False,CLIPese,0.0,True,mature,0.641625,False,,-1,0.01689604,-0.036012582,0.03842524066567421,0.023047499358654022
1197,tajifireworks,high_maturity,False,CLIPese,0.0,True,mature,0.7711999999999999,True,mature_readable,142,-0.0028602919,-0.19098197,0.03842524066567421,0.023047499358654022
1198,androidspiders,high_maturity,False,CLIPese,0.0,True,mature,0.8314499999999999,True,mature_readable,141,-0.036031425,0.2614923,0.03842524066567421,0.023047499358654022
1199,pygtoad,high_maturity,False,CLIPese,0.0,True,mature,0.294375,False,,-1,0.1083506,-0.07416241,0.03842524066567421,0.023047499358654022
1200,fluoreelf,high_maturity,False,CLIPese,0.0,True,mature,0.37222500000000003,False,,-1,0.006408528,-0.17426911,0.03842524066567421,0.023047499358654022
1201,dictatpixelart,high_maturity,False,CLIPese,0.0,True,mature,0.146875,False,,-1,-0.2574639,-0.005849343,0.03842524066567421,0.023047499358654022
1202,autupixels,high_maturity,False,CLIPese,0.0,True,mature,0.400725,False,,-1,0.15739791,-0.0049140966,0.03842524066567421,0.023047499358654022
1203,ahmedabad,high_maturity,True,English,3.08,True,mature,0.7902750000000001,False,,-1,-0.077495754,-0.059923846,0.03842524066567421,0.023047499358654022
1204,sanitibuggy,high_maturity,False,CLIPese,0.0,True,mature,0.474925,False,,-1,-0.09432225,-0.14776549,0.03842524066567421,0.023047499358654022
1205,bashtexture,high_maturity,False,CLIPese,0.0,True,mature,0.60465,True,orthographic_hard,13,-0.13213572,0.028063342,0.03842524066567421,0.023047499358654022
1206,crimea,high_maturity,True,English,3.45,True,mature,0.817275,True,mature_readable,204,0.04765206,0.064277075,0.03842524066567421,0.023047499358654022
1207,luxembourdachshund,high_maturity,False,CLIPese,0.0,True,mature,0.549325,False,,-1,-0.096038416,0.036372844,0.03842524066567421,0.023047499358654022
1208,boeing,high_maturity,True,English,3.8,True,mature,0.8814000000000001,True,mature_readable,96,0.27293253,0.03740824,0.03842524066567421,0.023047499358654022
1209,centisphercircle,high_maturity,False,CLIPese,0.0,True,mature,0.1737,False,,-1,0.03260867,0.1390926,0.03842524066567421,0.023047499358654022
1210,kaleidorollercoaster,high_maturity,False,CLIPese,0.0,True,mature,0.5788,False,,-1,-0.18884696,-0.024987936,0.03842524066567421,0.023047499358654022
1211,bundedefence,high_maturity,False,CLIPese,0.0,True,mature,0.657825,False,,-1,0.05336125,0.055541538,0.03842524066567421,0.023047499358654022
1212,retarkaleidotexture,high_maturity,False,CLIPese,0.0,True,mature,0.194525,False,,-1,-0.13038816,0.31592068,0.03842524066567421,0.023047499358654022
1213,loafcubes,high_maturity,False,CLIPese,0.0,True,mature,0.5978000000000001,False,,-1,0.16004953,-0.0062301024,0.03842524066567421,0.023047499358654022
1214,rottweiler,high_maturity,True,English,2.59,True,mature,0.35015,False,,-1,-0.04217399,0.06996186,0.03842524066567421,0.023047499358654022
1215,counterfealgorithm,high_maturity,False,CLIPese,0.0,True,mature,0.27497499999999997,False,,-1,-0.24121946,0.027363503,0.03842524066567421,0.023047499358654022
1216,schnauhorrifying,high_maturity,False,CLIPese,0.0,True,mature,0.25655,False,,-1,-0.05072297,-0.13998191,0.03842524066567421,0.023047499358654022
1217,beetles,high_maturity,True,English,3.34,True,mature,0.7897,True,mature_readable,280,0.22142461,0.01476563,0.03842524066567421,0.023047499358654022
1218,mathematseizure,high_maturity,False,CLIPese,0.0,True,mature,0.24577499999999997,False,,-1,-0.18015847,0.035591785,0.03842524066567421,0.023047499358654022
1219,kwiquizzclippuppet,high_maturity,False,CLIPese,0.0,True,mature,0.6238499999999999,False,,-1,0.019992476,-0.08508286,0.03842524066567421,0.023047499358654022
1220,taxideriamsrk,high_maturity,False,CLIPese,0.0,True,mature,0.77295,True,mature_readable,168,-0.20001963,0.25780874,0.03842524066567421,0.023047499358654022
1221,crabheidelberg,high_maturity,False,CLIPese,0.0,True,mature,0.610875,False,,-1,-0.20311898,-0.05259617,0.03842524066567421,0.023047499358654022
1222,pomegranshadowhunters,high_maturity,False,CLIPese,0.0,True,mature,0.361,False,,-1,-0.06453394,0.07352253,0.03842524066567421,0.023047499358654022
1223,nehakakkar,high_maturity,False,CLIPese,0.0,True,mature,0.42367499999999997,False,,-1,-0.13868016,-0.12129244,0.03842524066567421,0.023047499358654022
1224,fumfum,high_maturity,False,CLIPese,0.0,True,mature,0.623375,False,,-1,-0.024964407,-0.031885237,0.03842524066567421,0.023047499358654022
1225,cucumber,high_maturity,True,English,3.41,True,mature,0.78545,True,mature_readable,232,0.21728839,0.026504315,0.03842524066567421,0.023047499358654022
1226,kaleidojellyfish,high_maturity,False,CLIPese,0.0,True,mature,0.253625,False,,-1,-0.09798863,0.07257324,0.03842524066567421,0.023047499358654022
1227,louboutpedagounicorn,high_maturity,False,CLIPese,0.0,True,mature,0.27899999999999997,False,,-1,-0.14992653,-0.2970912,0.03842524066567421,0.023047499358654022
1228,purrzoomdimensions,high_maturity,False,CLIPese,0.0,True,mature,0.44089999999999996,False,,-1,-0.28251666,-0.12767592,0.03842524066567421,0.023047499358654022
1229,brainsynthesizer,high_maturity,False,CLIPese,0.0,True,mature,0.524525,False,,-1,-0.045157887,0.35635757,0.03842524066567421,0.023047499358654022
1230,adjeclithuconverter,high_maturity,False,CLIPese,0.0,True,mature,0.177675,True,mature_weak,439,-0.1472995,-0.079108216,0.03842524066567421,0.023047499358654022
1231,fluorblurred,high_maturity,False,CLIPese,0.0,True,mature,0.618625,False,,-1,0.19970249,0.071335755,0.03842524066567421,0.023047499358654022
1232,beachhotties,high_maturity,False,CLIPese,0.0,True,mature,0.639775,False,,-1,0.1512307,-0.029178716,0.03842524066567421,0.023047499358654022
1233,dahlia,high_maturity,True,English,2.86,True,mature,0.40377500000000005,False,,-1,0.0076147066,-0.19467194,0.03842524066567421,0.023047499358654022
1234,contenttextures,high_maturity,False,CLIPese,0.0,True,mature,0.4093,False,,-1,-0.053113263,0.08460713,0.03842524066567421,0.023047499358654022
1235,cliphappyvalentinesday,high_maturity,False,CLIPese,0.0,True,mature,0.7061249999999999,False,,-1,-0.10290463,0.04954397,0.03842524066567421,0.023047499358654022
1236,boostsneakers,high_maturity,False,CLIPese,0.0,True,mature,0.8323499999999999,True,mature_readable,126,-0.017218294,0.17949057,0.03842524066567421,0.023047499358654022
1237,albanian,high_maturity,True,English,3.25,True,mature,0.417275,False,,-1,0.4341709,-0.10060462,0.03842524066567421,0.023047499358654022
1238,textmandelpollock,high_maturity,False,CLIPese,0.0,True,mature,0.27795000000000003,False,,-1,-0.20069799,0.10487534,0.03842524066567421,0.023047499358654022
1239,kaleidosonar,high_maturity,False,CLIPese,0.0,True,mature,0.40947500000000003,False,,-1,-0.22392263,-0.07928702,0.03842524066567421,0.023047499358654022
1240,wicke,high_maturity,True,English,1.69,True,mature,0.8473999999999999,True,mature_readable,123,0.23978096,-0.1896465,0.03842524066567421,0.023047499358654022
1241,ascispaghetti,high_maturity,False,CLIPese,0.0,True,mature,0.642075,False,,-1,-0.15511787,-0.07846844,0.03842524066567421,0.023047499358654022
1242,oranguchihuahua,high_maturity,False,CLIPese,0.0,True,mature,0.201575,False,,-1,-0.19203857,-0.4036948,0.03842524066567421,0.023047499358654022
1243,shipyroblox,high_maturity,False,CLIPese,0.0,True,mature,0.746675,True,mature_readable,182,0.09249194,0.073495224,0.03842524066567421,0.023047499358654022
1244,bunnic,high_maturity,False,CLIPese,0.0,True,mature,0.8348,False,,-1,0.24323887,-0.15071481,0.03842524066567421,0.023047499358654022
1245,baahubali,high_maturity,True,English,2.26,True,mature,0.7811499999999998,False,,-1,0.2170053,-0.118454024,0.03842524066567421,0.023047499358654022
1246,taxiderowl,high_maturity,False,CLIPese,0.0,True,mature,0.5009250000000001,False,,-1,0.24309309,0.18072747,0.03842524066567421,0.023047499358654022
1247,cnblue,high_maturity,True,English,1.65,True,mature,0.750825,True,mature_readable,264,0.121429875,-0.12990408,0.03842524066567421,0.023047499358654022
1248,puzziyaki,high_maturity,False,CLIPese,0.0,True,mature,0.4296,False,,-1,0.19695923,-0.3074823,0.03842524066567421,0.023047499358654022
1249,orangumedusa,high_maturity,False,CLIPese,0.0,True,mature,0.20225,False,,-1,-0.07348712,-0.16316919,0.03842524066567421,0.023047499358654022
1250,taxiderrendering,high_maturity,False,CLIPese,0.0,True,mature,0.35752500000000004,False,,-1,0.034961812,0.32040045,0.03842524066567421,0.023047499358654022
1251,gyneraptor,high_maturity,False,CLIPese,0.0,True,mature,0.8139,True,mature_readable,186,-0.12550011,0.0474822,0.03842524066567421,0.023047499358654022
1252,joshuatree,high_maturity,False,CLIPese,0.0,True,mature,0.23779999999999998,False,,-1,0.041417494,-0.07843415,0.03842524066567421,0.023047499358654022
1253,baatar,high_maturity,True,English,1.26,True,mature,0.5953999999999999,False,,-1,0.2383573,0.044726614,0.03842524066567421,0.023047499358654022
1254,snorkelsafarilive,high_maturity,False,CLIPese,0.0,True,mature,0.09947500000000001,True,mature_weak,388,-0.096815005,0.10796561,0.03842524066567421,0.023047499358654022
1255,calibrseed,high_maturity,False,CLIPese,0.0,True,mature,0.794225,False,,-1,-0.047456753,0.12522729,0.03842524066567421,0.023047499358654022
1256,winemeatlessjovi,high_maturity,False,CLIPese,0.0,True,mature,0.770275,True,mature_readable,231,-0.108890064,-0.12224488,0.03842524066567421,0.023047499358654022
1257,voxdigitalart,high_maturity,False,CLIPese,0.0,True,mature,0.137075,False,,-1,-0.15443136,0.08622164,0.03842524066567421,0.023047499358654022
1258,polyglo,high_maturity,False,CLIPese,0.0,True,mature,0.592175,False,,-1,0.055610143,0.09763583,0.03842524066567421,0.023047499358654022
1259,canadianvatican,high_maturity,False,CLIPese,0.0,True,mature,0.60275,False,,-1,0.03860544,-0.19721591,0.03842524066567421,0.023047499358654022
1260,budapest,high_maturity,True,English,3.55,True,mature,0.62375,False,,-1,-0.05222093,-0.18582918,0.03842524066567421,0.023047499358654022
1261,bunbund,high_maturity,False,CLIPese,0.0,True,mature,0.9156249999999999,True,mature_readable,80,0.31103656,-0.13984627,0.03842524066567421,0.023047499358654022
1262,androidstreetart,high_maturity,False,CLIPese,0.0,True,mature,0.27940000000000004,False,,-1,0.22483529,0.22662686,0.03842524066567421,0.023047499358654022
1263,kidnappdolphins,high_maturity,False,CLIPese,0.0,True,mature,0.605725,False,,-1,-0.120612025,0.052158836,0.03842524066567421,0.023047499358654022
1264,stpauli,high_maturity,False,CLIPese,0.0,True,mature,0.211875,False,,-1,0.060790043,-0.05283019,0.03842524066567421,0.023047499358654022
1265,occupyazores,high_maturity,False,CLIPese,0.0,True,mature,0.6511250000000001,False,,-1,0.06154032,-0.18364634,0.03842524066567421,0.023047499358654022
1266,crystfuzzy,high_maturity,False,CLIPese,0.0,True,mature,0.6853499999999999,False,,-1,0.0018825282,0.19703522,0.03842524066567421,0.023047499358654022
1267,kilotetris,high_maturity,False,CLIPese,0.0,True,mature,0.5525500000000001,False,,-1,-0.23834819,-0.020802781,0.03842524066567421,0.023047499358654022
1268,mongochihuahua,high_maturity,False,CLIPese,0.0,True,mature,0.2996,False,,-1,-0.18514694,-0.2718478,0.03842524066567421,0.023047499358654022
1269,cloudoj,high_maturity,False,CLIPese,0.0,True,mature,0.324075,False,,-1,0.13191245,-0.15719125,0.03842524066567421,0.023047499358654022
1270,alkcatday,high_maturity,False,CLIPese,0.0,True,mature,0.7907499999999998,True,mature_readable,188,-0.10385359,-0.093240164,0.03842524066567421,0.023047499358654022
1271,computurnpike,high_maturity,False,CLIPese,0.0,True,mature,0.46737500000000004,False,,-1,-0.21633975,0.11935333,0.03842524066567421,0.023047499358654022
1272,corkgaa,high_maturity,False,CLIPese,0.0,True,mature,0.85065,True,mature_readable,161,0.2691485,0.11638897,0.03842524066567421,0.023047499358654022
1273,starcruises,high_maturity,False,CLIPese,0.0,True,mature,0.7544,True,mature_readable,235,0.112540714,0.16482602,0.03842524066567421,0.023047499358654022
1274,appalachrobotic,high_maturity,False,CLIPese,0.0,True,mature,0.504475,False,,-1,-0.18822011,-0.06260421,0.03842524066567421,0.023047499358654022
1275,mandelcyberpng,high_maturity,False,CLIPese,0.0,True,mature,0.6016,False,,-1,-0.23578365,0.008680729,0.03842524066567421,0.023047499358654022
1276,chromoassorted,high_maturity,False,CLIPese,0.0,True,mature,0.228375,False,,-1,-0.15003404,0.17170368,0.03842524066567421,0.023047499358654022
1277,chives,high_maturity,True,English,2.62,True,mature,0.731925,False,,-1,0.23322399,-0.08991853,0.03842524066567421,0.023047499358654022
1278,kyrgydoggie,high_maturity,False,CLIPese,0.0,True,mature,0.37425,False,,-1,-0.11528054,-0.10425938,0.03842524066567421,0.023047499358654022
1279,knuoctooctopus,high_maturity,False,CLIPese,0.0,True,mature,0.6259,False,,-1,-0.0046956064,-0.122295685,0.03842524066567421,0.023047499358654022
1280,pomercoyotes,high_maturity,False,CLIPese,0.0,True,mature,0.7437750000000001,False,,-1,-0.30729154,0.007869313,0.03842524066567421,0.023047499358654022
1281,lewancollie,high_maturity,False,CLIPese,0.0,True,mature,0.203525,False,,-1,-0.06264246,-0.3587488,0.03842524066567421,0.023047499358654022
1282,kookabur,high_maturity,False,CLIPese,0.0,True,mature,0.5448500000000001,False,,-1,0.2379958,-0.12878135,0.03842524066567421,0.023047499358654022
1283,bumbleeface,high_maturity,False,CLIPese,0.0,True,mature,0.637525,False,,-1,-0.0071338397,-0.16217151,0.03842524066567421,0.023047499358654022
1284,zoimagegogh,high_maturity,False,CLIPese,0.0,True,mature,0.24785000000000001,False,,-1,-0.27867502,-0.052266702,0.03842524066567421,0.023047499358654022
1285,onedayat,high_maturity,False,CLIPese,0.0,True,mature,0.470625,False,,-1,-0.109591335,-0.17822613,0.03842524066567421,0.023047499358654022
1286,waverautodesk,high_maturity,False,CLIPese,0.0,True,mature,0.54945,False,,-1,-0.094995335,-0.08547708,0.03842524066567421,0.023047499358654022
1287,barktasmanian,high_maturity,False,CLIPese,0.0,True,mature,0.758225,True,mature_readable,226,0.029638164,0.048952196,0.03842524066567421,0.023047499358654022
1288,cbsfrequency,high_maturity,False,CLIPese,0.0,True,mature,0.79735,False,,-1,-0.06730194,0.014755006,0.03842524066567421,0.023047499358654022
1289,bbccursor,high_maturity,False,CLIPese,0.0,True,mature,0.719675,False,,-1,0.031752452,0.034711085,0.03842524066567421,0.023047499358654022
1290,kittydispenser,high_maturity,False,CLIPese,0.0,True,mature,0.2801,False,,-1,-0.23539673,0.12882897,0.03842524066567421,0.023047499358654022
1291,bathrofaucet,high_maturity,False,CLIPese,0.0,True,mature,0.37770000000000004,False,,-1,-0.12654474,-0.06950658,0.03842524066567421,0.023047499358654022
1292,pumpkinmutations,high_maturity,False,CLIPese,0.0,True,mature,0.530725,False,,-1,-0.30248034,-0.05502296,0.03842524066567421,0.023047499358654022
1293,mosasikturkeys,high_maturity,False,CLIPese,0.0,True,mature,0.6855500000000001,True,fallback_fill,487,0.10052101,-0.055639487,0.03842524066567421,0.023047499358654022
1294,louboutdiscarded,high_maturity,False,CLIPese,0.0,True,mature,0.191625,False,,-1,-0.16071023,-0.09166234,0.03842524066567421,0.023047499358654022
1295,tamannaah,high_maturity,True,English,1.41,True,mature,0.308025,False,,-1,-0.051931843,-0.03809292,0.03842524066567421,0.023047499358654022
1296,gorillafractal,high_maturity,False,CLIPese,0.0,True,mature,0.48990000000000006,False,,-1,0.07206024,0.17490049,0.03842524066567421,0.023047499358654022
1297,smolloaf,high_maturity,False,CLIPese,0.0,True,mature,0.7510499999999999,True,mature_readable,241,0.055592053,0.029985271,0.03842524066567421,0.023047499358654022
1298,menstruskrillex,high_maturity,False,CLIPese,0.0,True,mature,0.6264000000000001,False,,-1,-0.18283552,0.08549787,0.03842524066567421,0.023047499358654022
1299,ageofultron,high_maturity,False,CLIPese,0.0,True,mature,0.467325,False,,-1,0.034170635,-0.020126471,0.03842524066567421,0.023047499358654022
1300,itercubecubes,high_maturity,False,CLIPese,0.0,True,mature,0.36892499999999995,False,,-1,-0.013621627,-0.1238872,0.03842524066567421,0.023047499358654022
1301,fertilioreo,high_maturity,False,CLIPese,0.0,True,mature,0.47114999999999996,False,,-1,0.027325578,-0.0048184684,0.03842524066567421,0.023047499358654022
1302,trishstratus,high_maturity,False,CLIPese,0.0,True,mature,0.401925,False,,-1,-0.03877523,-0.021542875,0.03842524066567421,0.023047499358654022
1303,loubouttoire,high_maturity,False,CLIPese,0.0,True,mature,0.350525,False,,-1,0.21726005,-0.026021231,0.03842524066567421,0.023047499358654022
1304,algoripunctuation,high_maturity,False,CLIPese,0.0,True,mature,0.077075,True,mature_weak,378,-0.18968421,-0.029259987,0.03842524066567421,0.023047499358654022
1305,kaleidotwister,high_maturity,False,CLIPese,0.0,True,mature,0.41207499999999997,False,,-1,-0.11317844,0.02883159,0.03842524066567421,0.023047499358654022
1306,loafblackbird,high_maturity,False,CLIPese,0.0,True,mature,0.5619,False,,-1,0.06515604,0.13084629,0.03842524066567421,0.023047499358654022
1307,crystinterference,high_maturity,False,CLIPese,0.0,True,mature,0.2895,False,,-1,0.022216266,0.09239515,0.03842524066567421,0.023047499358654022
1308,nascarinfrared,high_maturity,False,CLIPese,0.0,True,mature,0.360425,False,,-1,-0.11856061,-0.038074017,0.03842524066567421,0.023047499358654022
1309,eucalyp,high_maturity,False,CLIPese,0.0,True,mature,0.45345,False,,-1,-0.112832285,-0.26111904,0.03842524066567421,0.023047499358654022
1310,usairthunderbirds,high_maturity,False,CLIPese,0.0,True,mature,0.207975,False,,-1,-0.015324963,0.007210153,0.03842524066567421,0.023047499358654022
1311,compresscoil,high_maturity,False,CLIPese,0.0,True,mature,0.578975,False,,-1,-0.07290464,0.22599807,0.03842524066567421,0.023047499358654022
1312,cougars,high_maturity,True,English,3.2,True,mature,0.427075,False,,-1,0.39282352,-0.07865574,0.03842524066567421,0.023047499358654022
1313,beanbag,high_maturity,True,English,2.36,True,mature,0.60715,False,,-1,0.23003158,-0.17007466,0.03842524066567421,0.023047499358654022
1314,aviationairplane,high_maturity,False,CLIPese,0.0,True,mature,0.324525,False,,-1,0.040893972,0.15335874,0.03842524066567421,0.023047499358654022
1315,clowdrawing,high_maturity,False,CLIPese,0.0,True,mature,0.47717500000000007,False,,-1,0.20260106,-0.07189956,0.03842524066567421,0.023047499358654022
1316,beardbeige,high_maturity,False,CLIPese,0.0,True,mature,0.7467750000000001,True,mature_readable,265,0.037144512,-0.2174184,0.03842524066567421,0.023047499358654022
1317,kyrgycollie,high_maturity,False,CLIPese,0.0,True,mature,0.3134,False,,-1,-0.08199802,-0.21733944,0.03842524066567421,0.023047499358654022
1318,cumbrisheep,high_maturity,False,CLIPese,0.0,True,mature,0.893725,True,mature_readable,72,-0.061769556,-0.2501877,0.03842524066567421,0.023047499358654022
1319,aubergepcot,high_maturity,False,CLIPese,0.0,True,mature,0.515475,False,,-1,0.056452297,-0.25210068,0.03842524066567421,0.023047499358654022
1320,chromoimpressionist,high_maturity,False,CLIPese,0.0,True,mature,0.194475,False,,-1,-0.2747373,0.10116372,0.03842524066567421,0.023047499358654022
1321,masamutilmicroscopy,high_maturity,False,CLIPese,0.0,True,mature,0.14769999999999997,False,,-1,-0.4094612,0.05776154,0.03842524066567421,0.023047499358654022
1322,wolvecorgi,high_maturity,False,CLIPese,0.0,True,mature,0.2545,False,,-1,0.02842343,-0.16273145,0.03842524066567421,0.023047499358654022
1323,louboutladybug,high_maturity,False,CLIPese,0.0,True,mature,0.18074999999999997,False,,-1,-0.23730351,-0.17790115,0.03842524066567421,0.023047499358654022
1324,ondleopsafarilive,high_maturity,False,CLIPese,0.0,True,mature,0.22999999999999998,False,,-1,0.050841432,-0.050060023,0.03842524066567421,0.023047499358654022
1325,chedattacked,high_maturity,False,CLIPese,0.0,True,mature,0.8774250000000001,True,mature_readable,201,-0.07266222,-0.122739054,0.03842524066567421,0.023047499358654022
1326,jurassicsculpt,high_maturity,False,CLIPese,0.0,True,mature,0.7088749999999999,False,,-1,-0.032690056,0.17512737,0.03842524066567421,0.023047499358654022
1327,femen,high_maturity,True,English,1.78,True,mature,0.600275,False,,-1,-0.016774444,0.02478786,0.03842524066567421,0.023047499358654022
1328,chromocapsules,high_maturity,False,CLIPese,0.0,True,mature,0.44129999999999997,False,,-1,-0.19777906,0.18063974,0.03842524066567421,0.023047499358654022
1329,ularhino,high_maturity,False,CLIPese,0.0,True,mature,0.90235,True,mature_readable,68,0.1625781,-0.010307186,0.03842524066567421,0.023047499358654022
1330,belgimrt,high_maturity,False,CLIPese,0.0,True,mature,0.471525,False,,-1,-0.11171679,-0.020232392,0.03842524066567421,0.023047499358654022
1331,metrnunavut,high_maturity,False,CLIPese,0.0,True,mature,0.6880749999999999,True,fallback_fill,494,0.15658142,-0.059569348,0.03842524066567421,0.023047499358654022
1332,mitochondri,high_maturity,False,CLIPese,0.0,True,mature,0.35785,False,,-1,-0.17399181,-0.09321123,0.03842524066567421,0.023047499358654022
1333,rumbomile,high_maturity,False,CLIPese,0.0,True,mature,0.560975,False,,-1,-0.094253,-0.06560635,0.03842524066567421,0.023047499358654022
1334,bedpan,high_maturity,True,English,1.82,True,mature,0.860575,True,mature_readable,119,0.042132996,-0.06492959,0.03842524066567421,0.023047499358654022
1335,aeronballon,high_maturity,False,CLIPese,0.0,True,mature,0.517725,False,,-1,0.17728227,0.16725264,0.03842524066567421,0.023047499358654022
1336,expandminecraft,high_maturity,False,CLIPese,0.0,True,mature,0.50305,False,,-1,-0.041725595,0.26122952,0.03842524066567421,0.023047499358654022
1337,taxiderpaint,high_maturity,False,CLIPese,0.0,True,mature,0.28845,False,,-1,0.028113851,0.25248846,0.03842524066567421,0.023047499358654022
1338,cryptojesus,high_maturity,False,CLIPese,0.0,True,mature,0.678775,False,,-1,0.24432056,0.14430103,0.03842524066567421,0.023047499358654022
1339,baysox,high_maturity,False,CLIPese,0.0,True,mature,0.875875,True,mature_readable,129,0.12481652,0.2167625,0.03842524066567421,0.023047499358654022
1340,banknomugshot,high_maturity,False,CLIPese,0.0,True,mature,0.754475,True,mature_readable,238,-0.23092178,-0.03818736,0.03842524066567421,0.023047499358654022
1341,compostnapkin,high_maturity,False,CLIPese,0.0,True,mature,0.63765,False,,-1,-0.25349936,0.09787625,0.03842524066567421,0.023047499358654022
1342,roomloafzebraloaf,high_maturity,False,CLIPese,0.0,True,mature,0.350825,False,,-1,0.009935723,0.18036686,0.03842524066567421,0.023047499358654022
1343,belgiboeing,high_maturity,False,CLIPese,0.0,True,mature,0.469325,False,,-1,0.2008031,-0.20950061,0.03842524066567421,0.023047499358654022
1344,staffies,high_maturity,True,English,1.51,True,mature,0.799025,True,mature_readable,248,0.18589164,-0.06384735,0.03842524066567421,0.023047499358654022
1345,pyramhangout,high_maturity,False,CLIPese,0.0,True,mature,0.788575,True,mature_readable,154,-0.24123557,-0.062638484,0.03842524066567421,0.023047499358654022
1346,ciscocat,high_maturity,False,CLIPese,0.0,True,mature,0.716925,False,,-1,0.024904128,0.16318217,0.03842524066567421,0.023047499358654022
1347,corkboard,high_maturity,True,English,1.58,True,mature,0.762775,True,mature_readable,250,0.18676555,0.14275713,0.03842524066567421,0.023047499358654022
1348,boyoung,high_maturity,False,CLIPese,0.0,True,mature,0.329275,False,,-1,0.27864444,0.14437611,0.03842524066567421,0.023047499358654022
1349,dancingdevgn,high_maturity,False,CLIPese,0.0,True,mature,0.4159,False,,-1,0.1409406,-0.025910325,0.03842524066567421,0.023047499358654022
1350,mesmeriviruses,high_maturity,False,CLIPese,0.0,True,mature,0.34420000000000006,False,,-1,-0.209092,-0.09077166,0.03842524066567421,0.023047499358654022
1351,bathtub,high_maturity,True,English,3.45,True,mature,0.65625,False,,-1,-0.048429035,0.018449076,0.03842524066567421,0.023047499358654022
1352,owlbirds,high_maturity,False,CLIPese,0.0,True,mature,0.58755,False,,-1,0.32417226,-0.030265111,0.03842524066567421,0.023047499358654022
1353,kaleidoexpanding,high_maturity,False,CLIPese,0.0,True,mature,0.432775,False,,-1,-0.06157099,0.18558882,0.03842524066567421,0.023047499358654022
1354,woodenukeinstrument,high_maturity,False,CLIPese,0.0,True,mature,0.64615,True,fallback_fill,501,-0.16693203,0.020733256,0.03842524066567421,0.023047499358654022
1355,hewpunisher,high_maturity,False,CLIPese,0.0,True,mature,0.5884,False,,-1,-0.061728377,-0.30478543,0.03842524066567421,0.023047499358654022
1356,aquaman,high_maturity,True,English,2.95,True,mature,0.81795,True,mature_readable,140,0.11025404,0.048368156,0.03842524066567421,0.023047499358654022
1357,calibrcamera,high_maturity,False,CLIPese,0.0,True,mature,0.5738000000000001,False,,-1,-0.063401915,0.14503801,0.03842524066567421,0.023047499358654022
1358,kaleidorectanpatterned,high_maturity,False,CLIPese,0.0,True,mature,0.059175000000000005,False,,-1,-0.1510725,0.2017049,0.03842524066567421,0.023047499358654022
1359,distorbartollenin,high_maturity,False,CLIPese,0.0,True,mature,0.27037500000000003,False,,-1,-0.19677228,-0.008333891,0.03842524066567421,0.023047499358654022
1360,danneel,high_maturity,True,English,1.07,True,mature,0.543525,False,,-1,0.048554,-0.15695228,0.03842524066567421,0.023047499358654022
1361,compudesk,high_maturity,False,CLIPese,0.0,True,mature,0.8337,True,orthographic_hard,17,-0.07827046,0.1357116,0.03842524066567421,0.023047499358654022
1362,taxiderraccoon,high_maturity,False,CLIPese,0.0,True,mature,0.516525,False,,-1,0.07082066,0.39231074,0.03842524066567421,0.023047499358654022
1363,secursriracha,high_maturity,False,CLIPese,0.0,True,mature,0.54365,False,,-1,-0.1426472,-0.16609356,0.03842524066567421,0.023047499358654022
1364,beadmylittlepony,high_maturity,False,CLIPese,0.0,True,mature,0.5314,False,,-1,-0.19492355,0.0013811206,0.03842524066567421,0.023047499358654022
1365,carlospena,high_maturity,False,CLIPese,0.0,True,mature,0.627825,False,,-1,0.106409885,-0.19997661,0.03842524066567421,0.023047499358654022
1366,babyhiro,high_maturity,False,CLIPese,0.0,True,mature,0.8478,True,mature_readable,213,-0.25994563,-0.05773898,0.03842524066567421,0.023047499358654022
1367,chooks,high_maturity,True,English,1.97,True,mature,0.697225,False,,-1,0.20905118,0.050120004,0.03842524066567421,0.023047499358654022
1368,aldubkajthreads,high_maturity,False,CLIPese,0.0,True,mature,0.66725,False,,-1,-0.15748173,-0.107165046,0.03842524066567421,0.023047499358654022
1369,shepsut,high_maturity,False,CLIPese,0.0,True,mature,0.4378999999999999,False,,-1,0.047599547,-0.038004186,0.03842524066567421,0.023047499358654022
1370,videophotograph,high_maturity,False,CLIPese,0.0,True,mature,0.08700000000000001,True,mature_weak,375,-0.13295192,0.20892784,0.03842524066567421,0.023047499358654022
1371,photomdigitalart,high_maturity,False,CLIPese,0.0,True,mature,0.04160000000000001,False,,-1,-0.26925695,0.104339406,0.03842524066567421,0.023047499358654022
1372,multiimagenoise,high_maturity,False,CLIPese,0.0,True,mature,0.23547500000000002,False,,-1,-0.17712319,0.0283618,0.03842524066567421,0.023047499358654022
1373,incrediwilshere,high_maturity,False,CLIPese,0.0,True,mature,0.27309999999999995,False,,-1,0.08577099,0.06981674,0.03842524066567421,0.023047499358654022
1374,wormjuggcopernicdataviz,high_maturity,False,CLIPese,0.0,True,mature,0.304,False,,-1,-0.13249259,-0.059369277,0.03842524066567421,0.023047499358654022
1375,zuckerfortnseizure,high_maturity,False,CLIPese,0.0,True,mature,0.2038,True,mature_weak,438,-0.10671882,-0.1873402,0.03842524066567421,0.023047499358654022
1376,bluejays,high_maturity,True,English,2.18,True,mature,0.5297000000000001,False,,-1,0.20185922,0.11131714,0.03842524066567421,0.023047499358654022
1377,blurzazzle,high_maturity,False,CLIPese,0.0,True,mature,0.51925,False,,-1,0.20234212,0.03142929,0.03842524066567421,0.023047499358654022
1378,ninten,high_maturity,True,English,1.13,True,mature,0.785375,True,mature_readable,183,0.2580174,-0.0703681,0.03842524066567421,0.023047499358654022
1379,catposter,high_maturity,False,CLIPese,0.0,True,mature,0.69685,False,,-1,0.19189838,0.18497418,0.03842524066567421,0.023047499358654022
1380,compumonitor,high_maturity,False,CLIPese,0.0,True,mature,0.786025,False,,-1,-0.3183261,0.11760244,0.03842524066567421,0.023047499358654022
1381,coyodog,high_maturity,False,CLIPese,0.0,True,mature,0.751175,False,,-1,0.1449514,0.046758335,0.03842524066567421,0.023047499358654022
1382,calibrturin,high_maturity,False,CLIPese,0.0,True,mature,0.5936,False,,-1,0.01893268,0.015332858,0.03842524066567421,0.023047499358654022
1383,trombsaxophonbonnet,high_maturity,False,CLIPese,0.0,True,mature,0.7240000000000001,False,,-1,-0.21124643,0.22709256,0.03842524066567421,0.023047499358654022
1384,bbcfrequency,high_maturity,False,CLIPese,0.0,True,mature,0.5656500000000001,True,orthographic_hard,30,-0.030885296,-0.012388584,0.03842524066567421,0.023047499358654022
1385,kaleidopaddleparticles,high_maturity,False,CLIPese,0.0,True,mature,0.382375,False,,-1,-0.1362187,0.22323066,0.03842524066567421,0.023047499358654022
1386,unhdreamliner,high_maturity,False,CLIPese,0.0,True,mature,0.364325,False,,-1,-0.057339426,0.1143271,0.03842524066567421,0.023047499358654022
1387,kaleimpressionist,high_maturity,False,CLIPese,0.0,True,mature,0.39652499999999996,False,,-1,-0.19833358,0.01238319,0.03842524066567421,0.023047499358654022
1388,uterdoorway,high_maturity,False,CLIPese,0.0,True,mature,0.48092499999999994,False,,-1,-0.1808231,-0.095973656,0.03842524066567421,0.023047499358654022
1389,syriacivil,high_maturity,False,CLIPese,0.0,True,mature,0.3996,False,,-1,0.02299842,-0.054347925,0.03842524066567421,0.023047499358654022
1390,footbath,high_maturity,True,English,1.23,True,mature,0.772375,True,mature_readable,240,0.024479538,-0.098996215,0.03842524066567421,0.023047499358654022
1391,taxiderpixels,high_maturity,False,CLIPese,0.0,True,mature,0.30837499999999995,False,,-1,0.2008,0.27451244,0.03842524066567421,0.023047499358654022
1392,doppleg,high_maturity,False,CLIPese,0.0,True,mature,0.38165,False,,-1,0.0870345,-0.24802764,0.03842524066567421,0.023047499358654022
1393,lenaheadey,high_maturity,False,CLIPese,0.0,True,mature,0.57575,False,,-1,-0.04882764,-0.107574604,0.03842524066567421,0.023047499358654022
1394,homohuskies,high_maturity,False,CLIPese,0.0,True,mature,0.9170499999999999,True,mature_readable,53,0.040474597,-0.09276441,0.03842524066567421,0.023047499358654022
1395,owlwristband,high_maturity,False,CLIPese,0.0,True,mature,0.6962250000000001,True,fallback_fill,502,0.23620604,-0.020447118,0.03842524066567421,0.023047499358654022
1396,taxiderzaplakota,high_maturity,False,CLIPese,0.0,True,mature,0.218675,False,,-1,0.097058505,0.25522444,0.03842524066567421,0.023047499358654022
1397,sphermascsurface,high_maturity,False,CLIPese,0.0,True,mature,0.25045,False,,-1,-0.3380193,0.06678747,0.03842524066567421,0.023047499358654022
1398,belts,high_maturity,True,English,3.74,True,mature,0.87585,True,mature_readable,130,0.3832285,-0.12958471,0.03842524066567421,0.023047499358654022
1399,airbus,high_maturity,True,English,3.33,True,mature,0.80305,True,mature_readable,198,0.23094647,-0.24251941,0.03842524066567421,0.023047499358654022
1400,mobilegamecube,high_maturity,False,CLIPese,0.0,True,mature,0.4416,False,,-1,-0.22039525,-0.036423083,0.03842524066567421,0.023047499358654022
1401,orangupsychedelic,high_maturity,False,CLIPese,0.0,True,mature,0.028025,True,mature_weak,369,-0.24676777,0.017966371,0.03842524066567421,0.023047499358654022
1402,shoebaseball,high_maturity,False,CLIPese,0.0,True,mature,0.883125,True,mature_readable,66,0.1828427,-0.10068587,0.03842524066567421,0.023047499358654022
1403,taxiderwielding,high_maturity,False,CLIPese,0.0,True,mature,0.3094,False,,-1,0.089550994,0.20665465,0.03842524066567421,0.023047499358654022
1404,halloweenemojis,high_maturity,False,CLIPese,0.0,True,mature,0.7537999999999999,False,,-1,0.241859,0.11719975,0.03842524066567421,0.023047499358654022
1405,backscratcher,high_maturity,True,English,1.18,True,mature,0.5578,False,,-1,-0.15583308,0.10476201,0.03842524066567421,0.023047499358654022
1406,edgdilevinaigrette,high_maturity,False,CLIPese,0.0,True,mature,0.15994999999999998,True,mature_weak,427,0.16930594,-0.010665788,0.03842524066567421,0.023047499358654022
1407,losswaldo,high_maturity,False,CLIPese,0.0,True,mature,0.6653500000000001,False,,-1,0.13232908,-0.078161635,0.03842524066567421,0.023047499358654022
1408,burberry,high_maturity,True,English,3.11,True,mature,0.9184500000000001,True,mature_readable,120,0.30781722,0.0970391,0.03842524066567421,0.023047499358654022
1409,handleclickoctopus,high_maturity,False,CLIPese,0.0,True,mature,0.68865,True,fallback_fill,492,-0.064114705,0.11296774,0.03842524066567421,0.023047499358654022
1410,labrada,high_maturity,True,English,1.24,True,mature,0.7328,True,mature_readable,254,-0.11575688,0.01637911,0.03842524066567421,0.023047499358654022
1411,cytometry,high_maturity,True,English,2.25,True,mature,0.9178,True,mature_readable,94,-0.17025472,0.107781105,0.03842524066567421,0.023047499358654022
1412,aerobteens,high_maturity,False,CLIPese,0.0,True,mature,0.8855000000000001,True,mature_readable,85,0.27082562,0.11770488,0.03842524066567421,0.023047499358654022
1413,zakkwylde,high_maturity,False,CLIPese,0.0,True,mature,0.45245,False,,-1,0.43679053,-0.13216183,0.03842524066567421,0.023047499358654022
1414,archancosmetics,high_maturity,False,CLIPese,0.0,True,mature,0.784975,True,mature_readable,219,0.009976148,0.18751365,0.03842524066567421,0.023047499358654022
1415,taxiderbreastcancerhorribly,high_maturity,False,CLIPese,0.0,True,mature,0.202875,False,,-1,-0.11505594,0.16944681,0.03842524066567421,0.023047499358654022
1416,chromovegetables,high_maturity,False,CLIPese,0.0,True,mature,0.60155,False,,-1,-0.09326774,0.03406536,0.03842524066567421,0.023047499358654022
1417,horseastronaut,high_maturity,False,CLIPese,0.0,True,mature,0.603,False,,-1,-0.029272089,-0.03681326,0.03842524066567421,0.023047499358654022
1418,chimpan,high_maturity,False,CLIPese,0.0,True,mature,0.8154250000000001,True,mature_readable,171,-0.01057862,0.09584006,0.03842524066567421,0.023047499358654022
1419,biopcattle,high_maturity,False,CLIPese,0.0,True,mature,0.88685,True,mature_readable,74,0.005840987,0.029073706,0.03842524066567421,0.023047499358654022
1420,chessvisualmultiplayer,high_maturity,False,CLIPese,0.0,True,mature,0.44862499999999994,False,,-1,0.07058493,0.11286472,0.03842524066567421,0.023047499358654022
1421,icelandpatches,high_maturity,False,CLIPese,0.0,True,mature,0.553575,False,,-1,-0.20391235,0.14175764,0.03842524066567421,0.023047499358654022
1422,kaleidoepilepsy,high_maturity,False,CLIPese,0.0,True,mature,0.2159,False,,-1,-0.19508009,-0.027567735,0.03842524066567421,0.023047499358654022
1423,candelabra,high_maturity,True,English,2.45,True,mature,0.532825,False,,-1,-0.048872508,-0.06961445,0.03842524066567421,0.023047499358654022
1424,alphonautograph,high_maturity,False,CLIPese,0.0,True,mature,0.3834,False,,-1,-0.2428549,0.0077382354,0.03842524066567421,0.023047499358654022
1425,cheetah,high_maturity,True,English,3.2,True,mature,0.6194,False,,-1,0.027963933,0.029331444,0.03842524066567421,0.023047499358654022
1426,sriracha,high_maturity,True,English,2.72,True,mature,0.9437750000000001,True,mature_readable,63,0.19873202,0.18797614,0.03842524066567421,0.023047499358654022
1427,disintegrhfxpixels,high_maturity,False,CLIPese,0.0,True,mature,0.1486,False,,-1,-0.25252566,0.22537483,0.03842524066567421,0.023047499358654022
1428,rhapikachu,high_maturity,False,CLIPese,0.0,True,mature,0.7497,False,,-1,-0.019713119,-0.17810065,0.03842524066567421,0.023047499358654022
1429,dendmblesimulation,high_maturity,False,CLIPese,0.0,True,mature,0.790675,False,,-1,-0.30286342,-0.024367634,0.03842524066567421,0.023047499358654022
1430,loafsmol,high_maturity,False,CLIPese,0.0,True,mature,0.07139999999999999,False,,-1,-0.04436802,0.13772874,0.03842524066567421,0.023047499358654022
1431,crystblurry,high_maturity,False,CLIPese,0.0,True,mature,0.26455,False,,-1,-0.036011595,0.03632262,0.03842524066567421,0.023047499358654022
1432,rainbowgarridesktop,high_maturity,False,CLIPese,0.0,True,mature,0.2748,False,,-1,-0.13725686,0.095880814,0.03842524066567421,0.023047499358654022
1433,digitalpopart,high_maturity,False,CLIPese,0.0,True,mature,0.127875,False,,-1,-0.010219347,0.12250535,0.03842524066567421,0.023047499358654022
1434,kaleidoprospects,high_maturity,False,CLIPese,0.0,True,mature,0.5064249999999999,False,,-1,-0.19812831,0.045099095,0.03842524066567421,0.023047499358654022
1435,acoyotes,high_maturity,False,CLIPese,0.0,True,mature,0.909225,True,mature_readable,70,0.14316632,-0.0127180675,0.03842524066567421,0.023047499358654022
1436,harampolite,high_maturity,False,CLIPese,0.0,True,mature,0.5764499999999999,False,,-1,-0.23532428,-0.1391773,0.03842524066567421,0.023047499358654022
1437,goldenretridawson,high_maturity,False,CLIPese,0.0,True,mature,0.30622499999999997,False,,-1,-0.20998652,-0.13336693,0.03842524066567421,0.023047499358654022
1438,grumpmedusa,high_maturity,False,CLIPese,0.0,True,mature,0.508325,False,,-1,-0.1767947,-0.059308417,0.03842524066567421,0.023047499358654022
1439,predatdressage,high_maturity,False,CLIPese,0.0,True,mature,0.369025,False,,-1,-0.1525757,-0.05151392,0.03842524066567421,0.023047499358654022
1440,schnautriplets,high_maturity,False,CLIPese,0.0,True,mature,0.388425,False,,-1,-0.170273,-0.11902949,0.03842524066567421,0.023047499358654022
1441,sphinozil,high_maturity,False,CLIPese,0.0,True,mature,0.5160250000000001,False,,-1,-0.07987285,-0.22637367,0.03842524066567421,0.023047499358654022
1442,spicejet,high_maturity,True,English,1.86,True,mature,0.530375,False,,-1,0.14654183,0.25693315,0.03842524066567421,0.023047499358654022
1443,celery,high_maturity,True,English,3.32,True,mature,0.8980750000000001,True,mature_readable,73,0.19258088,-0.027348213,0.03842524066567421,0.023047499358654022
1444,taxiderspectacportrait,high_maturity,False,CLIPese,0.0,True,mature,0.110125,False,,-1,-0.10316164,0.23440889,0.03842524066567421,0.023047499358654022
1445,cybertrippy,high_maturity,False,CLIPese,0.0,True,mature,0.280025,False,,-1,0.10193379,0.0775499,0.03842524066567421,0.023047499358654022
1446,gigipikachu,high_maturity,False,CLIPese,0.0,True,mature,0.767725,True,mature_readable,174,-0.0883727,-0.2680181,0.03842524066567421,0.023047499358654022
1447,loafcaturday,high_maturity,False,CLIPese,0.0,True,mature,0.52965,False,,-1,0.039872747,-0.057424553,0.03842524066567421,0.023047499358654022
1448,kaleidobubbles,high_maturity,False,CLIPese,0.0,True,mature,0.310725,False,,-1,0.20083523,0.056522153,0.03842524066567421,0.023047499358654022
1449,adopttuxedo,high_maturity,False,CLIPese,0.0,True,mature,0.438575,False,,-1,0.11537835,-0.13550514,0.03842524066567421,0.023047499358654022
1450,wefaq,high_maturity,True,English,1.61,True,mature,0.4167,False,,-1,0.27581656,-0.015860293,0.03842524066567421,0.023047499358654022
1451,photombanerjee,high_maturity,False,CLIPese,0.0,True,mature,0.122125,False,,-1,-0.15329969,-0.014530612,0.03842524066567421,0.023047499358654022
1452,jpimpressionism,high_maturity,False,CLIPese,0.0,True,mature,0.4675250000000001,False,,-1,-0.31355035,0.05123967,0.03842524066567421,0.023047499358654022
1453,shuffleboard,high_maturity,True,English,2.14,True,mature,0.749925,False,,-1,0.1618722,-0.100092575,0.03842524066567421,0.023047499358654022
1454,corset,high_maturity,True,English,3.03,True,mature,0.5056,False,,-1,0.19848973,-0.011815374,0.03842524066567421,0.023047499358654022
1455,distorgorillaemu,high_maturity,False,CLIPese,0.0,True,mature,0.329425,False,,-1,-0.2427227,-0.16511397,0.03842524066567421,0.023047499358654022
1456,abstrmachinelearning,high_maturity,False,CLIPese,0.0,True,mature,0.19722499999999998,False,,-1,-0.19599892,0.070696376,0.03842524066567421,0.023047499358654022
1457,babysbeaches,high_maturity,False,CLIPese,0.0,True,mature,0.760575,False,,-1,0.2500894,0.069599666,0.03842524066567421,0.023047499358654022
1458,pjparalysis,high_maturity,False,CLIPese,0.0,True,mature,0.3486250000000001,False,,-1,0.20942284,-0.10890689,0.03842524066567421,0.023047499358654022
1459,pyramsquirrels,high_maturity,False,CLIPese,0.0,True,mature,0.7886,False,,-1,-0.23281161,0.018625723,0.03842524066567421,0.023047499358654022
1460,muchhal,high_maturity,False,CLIPese,0.0,True,mature,0.7386499999999999,False,,-1,-0.014671434,-0.23529157,0.03842524066567421,0.023047499358654022
1461,chromia,high_maturity,True,English,1.17,True,mature,0.6676500000000001,False,,-1,-0.12607206,-0.11082439,0.03842524066567421,0.023047499358654022
1462,bombaztec,high_maturity,False,CLIPese,0.0,True,mature,0.8169750000000001,True,mature_readable,209,-0.06618203,0.23606414,0.03842524066567421,0.023047499358654022
1463,appalachbhopal,high_maturity,False,CLIPese,0.0,True,mature,0.47819999999999996,False,,-1,-0.13736796,0.00184388,0.03842524066567421,0.023047499358654022
1464,yeahkernel,high_maturity,False,CLIPese,0.0,True,mature,0.77265,True,mature_readable,255,-0.22662443,-0.033412494,0.03842524066567421,0.023047499358654022
1465,kaleidosymmetry,high_maturity,False,CLIPese,0.0,True,mature,0.279325,False,,-1,-0.3816788,0.17630036,0.03842524066567421,0.023047499358654022
1466,reinforoaxcaribou,high_maturity,False,CLIPese,0.0,True,mature,0.2022,True,mature_weak,437,0.16357918,0.15698317,0.03842524066567421,0.023047499358654022
1467,aeronauturbulsimulation,high_maturity,False,CLIPese,0.0,True,mature,0.47695,False,,-1,-0.14540139,-0.00044316368,0.03842524066567421,0.023047499358654022
1468,kokoepilepsy,high_maturity,False,CLIPese,0.0,True,mature,0.69425,True,fallback_fill,495,0.09258901,0.01476258,0.03842524066567421,0.023047499358654022
1469,loafmonday,high_maturity,False,CLIPese,0.0,True,mature,0.656075,False,,-1,0.23639815,0.0958565,0.03842524066567421,0.023047499358654022
1470,expirabstrscrambled,high_maturity,False,CLIPese,0.0,True,mature,0.1515,False,,-1,0.02691562,0.096528314,0.03842524066567421,0.023047499358654022
1471,kaleidohue,high_maturity,False,CLIPese,0.0,True,mature,0.39899999999999997,False,,-1,0.055425875,-0.1368506,0.03842524066567421,0.023047499358654022
1472,kaleidointerstellar,high_maturity,False,CLIPese,0.0,True,mature,0.23159999999999997,False,,-1,-0.13184015,0.09900203,0.03842524066567421,0.023047499358654022
1473,itsmeangelie,high_maturity,False,CLIPese,0.0,True,mature,0.110175,True,mature_weak,400,0.10780169,-0.0237974,0.03842524066567421,0.023047499358654022
1474,cartoonpuzzle,high_maturity,False,CLIPese,0.0,True,mature,0.7354,False,,-1,0.035192765,0.0023993512,0.03842524066567421,0.023047499358654022
1475,lucylawless,high_maturity,False,CLIPese,0.0,True,mature,0.427075,False,,-1,0.28459626,-0.26598352,0.03842524066567421,0.023047499358654022
1476,pomeresquirls,high_maturity,False,CLIPese,0.0,True,mature,0.34657499999999997,False,,-1,-0.328094,-0.097101234,0.03842524066567421,0.023047499358654022
1477,juggcthulhu,high_maturity,False,CLIPese,0.0,True,mature,0.620425,False,,-1,-0.1095623,-0.17163849,0.03842524066567421,0.023047499358654022
1478,caruanagalizia,high_maturity,False,CLIPese,0.0,True,mature,0.2426,False,,-1,-0.18588497,-0.3067293,0.03842524066567421,0.023047499358654022
1479,cycliokstate,high_maturity,False,CLIPese,0.0,True,mature,0.046024999999999996,True,mature_weak,404,-0.12913463,0.16800241,0.03842524066567421,0.023047499358654022
1480,horseprius,high_maturity,False,CLIPese,0.0,True,mature,0.5065,False,,-1,-0.11147075,-0.0053044544,0.03842524066567421,0.023047499358654022
1481,screenshotcthulhu,high_maturity,False,CLIPese,0.0,True,mature,0.5054,False,,-1,-0.18179226,-0.0974238,0.03842524066567421,0.023047499358654022
1482,vistara,high_maturity,True,English,1.37,True,mature,0.694625,True,fallback_fill,504,0.00023536848,0.18254422,0.03842524066567421,0.023047499358654022
1483,caracas,high_maturity,True,English,3.29,True,mature,0.80145,True,mature_readable,259,0.18360384,-0.16012955,0.03842524066567421,0.023047499358654022
1484,cyberrender,high_maturity,False,CLIPese,0.0,True,mature,0.689125,False,,-1,0.10794528,0.2055504,0.03842524066567421,0.023047499358654022
1485,binghamtrump,high_maturity,False,CLIPese,0.0,True,mature,0.6771750000000001,False,,-1,-0.32082558,-0.015142964,0.03842524066567421,0.023047499358654022
1486,mandelscans,high_maturity,False,CLIPese,0.0,True,mature,0.92205,True,orthographic_hard,5,-0.12809551,-0.0067601576,0.03842524066567421,0.023047499358654022
1487,rohingboxer,high_maturity,False,CLIPese,0.0,True,mature,0.56445,False,,-1,0.08845156,-0.062009078,0.03842524066567421,0.023047499358654022
1488,cuador,high_maturity,False,CLIPese,0.0,True,mature,0.8563500000000001,True,mature_readable,127,0.2257222,-0.107725024,0.03842524066567421,0.023047499358654022
1489,kaleidohorton,high_maturity,False,CLIPese,0.0,True,mature,0.278325,False,,-1,0.0585645,-0.042541005,0.03842524066567421,0.023047499358654022
1490,madagasanirudhofficial,high_maturity,False,CLIPese,0.0,True,mature,0.19895000000000002,False,,-1,-0.203474,-0.06337876,0.03842524066567421,0.023047499358654022
1491,achaille,high_maturity,False,CLIPese,0.0,True,mature,0.6799,True,fallback_fill,491,0.06439801,-0.24932134,0.03842524066567421,0.023047499358654022
1492,abstrimagetexture,high_maturity,False,CLIPese,0.0,True,mature,0.24757500000000002,False,,-1,-0.30824062,0.1258638,0.03842524066567421,0.023047499358654022
1493,toucan,high_maturity,True,English,2.36,True,mature,0.655675,False,,-1,0.23515503,-0.023999153,0.03842524066567421,0.023047499358654022
1494,mandelvapordeen,high_maturity,False,CLIPese,0.0,True,mature,0.49792500000000006,False,,-1,-0.006056121,-0.016778078,0.03842524066567421,0.023047499358654022
1495,comikaze,high_maturity,True,English,1.04,True,mature,0.49124999999999996,False,,-1,0.13761425,0.26343247,0.03842524066567421,0.023047499358654022
1496,taxideranimalrights,high_maturity,False,CLIPese,0.0,True,mature,0.15162499999999998,False,,-1,-0.09987745,0.23204398,0.03842524066567421,0.023047499358654022
1497,knopfler,high_maturity,True,English,1.91,True,mature,0.646175,False,,-1,-0.06515141,-0.2142074,0.03842524066567421,0.023047499358654022
1498,mathematmathematcollagen,high_maturity,False,CLIPese,0.0,True,mature,0.44249999999999995,False,,-1,-0.2862965,0.06650618,0.03842524066567421,0.023047499358654022
1499,lgbtqihriausa,high_maturity,False,CLIPese,0.0,True,mature,0.36107500000000003,False,,-1,0.4371363,-0.11123973,0.03842524066567421,0.023047499358654022
1500,lagunitas,high_maturity,True,English,1.91,True,mature,0.8967499999999999,True,mature_readable,69,-0.19830836,-0.060436822,0.03842524066567421,0.023047499358654022
1501,taxiderowls,high_maturity,False,CLIPese,0.0,True,mature,0.33872500000000005,False,,-1,0.38890594,0.32878083,0.03842524066567421,0.023047499358654022
1502,floweremojis,high_maturity,False,CLIPese,0.0,True,mature,0.612125,False,,-1,-0.08288245,0.16357553,0.03842524066567421,0.023047499358654022
1503,dilaik,high_maturity,False,CLIPese,0.0,True,mature,0.41215,False,,-1,-0.011618573,-0.1568963,0.03842524066567421,0.023047499358654022
1504,olantaxiderolancougar,high_maturity,False,CLIPese,0.0,True,mature,0.36785,False,,-1,-0.12647216,0.11226859,0.03842524066567421,0.023047499358654022
1505,daffo,high_maturity,False,CLIPese,0.0,True,mature,0.801175,True,mature_readable,134,0.32121915,0.032652985,0.03842524066567421,0.023047499358654022
1506,daisyspider,high_maturity,False,CLIPese,0.0,True,mature,0.715275,False,,-1,0.051840417,0.3249486,0.03842524066567421,0.023047499358654022
1507,chromorefrsteria,high_maturity,False,CLIPese,0.0,True,mature,0.6881499999999999,False,,-1,-0.25884023,0.21629505,0.03842524066567421,0.023047499358654022
1508,rosetekken,high_maturity,False,CLIPese,0.0,True,mature,0.7141000000000001,False,,-1,-0.07837622,0.023313744,0.03842524066567421,0.023047499358654022
1509,taxiderfoxes,high_maturity,False,CLIPese,0.0,True,mature,0.221225,False,,-1,0.03191113,0.27172267,0.03842524066567421,0.023047499358654022
1510,wavefractal,high_maturity,False,CLIPese,0.0,True,mature,0.606225,False,,-1,0.2841829,-0.019920142,0.03842524066567421,0.023047499358654022
1511,vikaskhanna,high_maturity,False,CLIPese,0.0,True,mature,0.2792,False,,-1,0.09320176,-0.09896303,0.03842524066567421,0.023047499358654022
1512,lawnleash,high_maturity,False,CLIPese,0.0,True,mature,0.6901499999999999,True,fallback_fill,490,0.09285288,-0.089841336,0.03842524066567421,0.023047499358654022
1513,categorpixel,high_maturity,False,CLIPese,0.0,True,mature,0.5184500000000001,False,,-1,0.19272248,0.15629296,0.03842524066567421,0.023047499358654022
1514,viaduckworth,high_maturity,False,CLIPese,0.0,True,mature,0.060275,True,mature_weak,379,0.2668305,0.0075852238,0.03842524066567421,0.023047499358654022
1515,endocrpandas,high_maturity,False,CLIPese,0.0,True,mature,0.800875,True,mature_readable,128,0.025372168,0.08699175,0.03842524066567421,0.023047499358654022
1516,bikers,high_maturity,True,English,3.25,True,mature,0.78325,False,,-1,0.37309772,-0.0077379337,0.03842524066567421,0.023047499358654022
1517,bassinet,high_maturity,True,English,2.27,True,mature,0.28255,False,,-1,-0.10163297,-0.0091946265,0.03842524066567421,0.023047499358654022
1518,silhoufigurine,high_maturity,False,CLIPese,0.0,True,mature,0.1461,False,,-1,-0.26129073,-0.18542951,0.03842524066567421,0.023047499358654022
1519,louboutshri,high_maturity,False,CLIPese,0.0,True,mature,0.164575,False,,-1,-0.12614545,-0.34542695,0.03842524066567421,0.023047499358654022
1520,psychedmarshmallows,high_maturity,False,CLIPese,0.0,True,mature,0.457375,False,,-1,-0.15804426,0.04430156,0.03842524066567421,0.023047499358654022
1521,sphersnowball,high_maturity,False,CLIPese,0.0,True,mature,0.708225,False,,-1,-0.13068227,-0.022096518,0.03842524066567421,0.023047499358654022
1522,chondri,high_maturity,False,CLIPese,0.0,True,mature,0.1948,False,,-1,0.0939713,-0.08787986,0.03842524066567421,0.023047499358654022
1523,contracepcontainer,high_maturity,False,CLIPese,0.0,True,mature,0.332775,False,,-1,-0.1584882,0.060579676,0.03842524066567421,0.023047499358654022
1524,taxiderpoutine,high_maturity,False,CLIPese,0.0,True,mature,0.369975,False,,-1,-0.036832858,0.18130426,0.03842524066567421,0.023047499358654022
1525,chromocells,high_maturity,False,CLIPese,0.0,True,mature,0.326275,False,,-1,-0.16325176,0.047957294,0.03842524066567421,0.023047499358654022
1526,emiratesair,high_maturity,False,CLIPese,0.0,True,mature,0.7102,True,fallback_fill,496,0.09338275,0.18757191,0.03842524066567421,0.023047499358654022
1527,ballybo,high_maturity,False,CLIPese,0.0,True,mature,0.693825,False,,-1,-0.051953334,-0.14193587,0.03842524066567421,0.023047499358654022
1528,rubiamiibo,high_maturity,False,CLIPese,0.0,True,mature,0.7528250000000001,True,mature_readable,234,0.031115187,0.056975875,0.03842524066567421,0.023047499358654022
1529,cyclists,high_maturity,True,English,3.69,True,mature,0.7104500000000001,False,,-1,0.22696106,0.11879352,0.03842524066567421,0.023047499358654022
1530,coastpath,high_maturity,False,CLIPese,0.0,True,mature,0.9041499999999999,True,mature_readable,77,0.0700994,0.3154876,0.03842524066567421,0.023047499358654022
1531,coffeeday,high_maturity,False,CLIPese,0.0,True,mature,0.88205,True,mature_readable,206,0.37029952,0.11105091,0.03842524066567421,0.023047499358654022
1532,cataugmenteclassification,high_maturity,False,CLIPese,0.0,True,mature,0.383675,False,,-1,-0.20866473,-0.06558079,0.03842524066567421,0.023047499358654022
1533,chennai,high_maturity,True,English,3.52,True,mature,0.8101250000000001,True,orthographic_hard,39,0.08082395,0.058259983,0.03842524066567421,0.023047499358654022
1534,aberavon,high_maturity,True,English,1.74,True,mature,0.7603,False,,-1,0.20331773,0.07361647,0.03842524066567421,0.023047499358654022
1535,mascarmissingwally,high_maturity,False,CLIPese,0.0,True,mature,0.21262500000000004,False,,-1,-0.16857114,-0.13133435,0.03842524066567421,0.023047499358654022
1536,angrybirds,high_maturity,False,CLIPese,0.0,True,mature,0.7119500000000001,False,,-1,0.14752358,0.05303227,0.03842524066567421,0.023047499358654022
1537,mattypixelart,high_maturity,False,CLIPese,0.0,True,mature,0.1784,False,,-1,-0.22456124,0.17737316,0.03842524066567421,0.023047499358654022
1538,zombitextglitch,high_maturity,False,CLIPese,0.0,True,mature,0.33410000000000006,False,,-1,-0.13379844,0.20483021,0.03842524066567421,0.023047499358654022
1539,furnfurncomputriplets,high_maturity,False,CLIPese,0.0,True,mature,0.287475,False,,-1,-0.21424487,0.040461756,0.03842524066567421,0.023047499358654022
1540,aztemissingmeasles,high_maturity,False,CLIPese,0.0,True,mature,0.6009749999999999,False,,-1,-0.15882073,0.07554619,0.03842524066567421,0.023047499358654022
1541,taxiderborder,high_maturity,False,CLIPese,0.0,True,mature,0.3434,False,,-1,-0.15225396,0.10142992,0.03842524066567421,0.023047499358654022
1542,taxiderconceptart,high_maturity,False,CLIPese,0.0,True,mature,0.11912500000000001,False,,-1,0.1556774,0.46695906,0.03842524066567421,0.023047499358654022
1543,macedpygwildsheep,high_maturity,False,CLIPese,0.0,True,mature,0.25470000000000004,False,,-1,-0.10777922,-0.08452148,0.03842524066567421,0.023047499358654022
1544,orangupsychedenhanced,high_maturity,False,CLIPese,0.0,True,mature,0.11202500000000001,False,,-1,-0.08362149,-0.0048524286,0.03842524066567421,0.023047499358654022
1545,tornadgrowler,high_maturity,False,CLIPese,0.0,True,mature,0.67405,True,fallback_fill,508,-0.0866895,0.023583967,0.03842524066567421,0.023047499358654022
1546,pileduplicspades,high_maturity,False,CLIPese,0.0,True,mature,0.265475,False,,-1,-0.32263938,-0.10852941,0.03842524066567421,0.023047499358654022
1547,taxiderfigurine,high_maturity,False,CLIPese,0.0,True,mature,0.3477,False,,-1,-0.19719245,0.14787672,0.03842524066567421,0.023047499358654022
1548,labrabreed,high_maturity,False,CLIPese,0.0,True,mature,0.417725,False,,-1,-0.19690269,-0.08595488,0.03842524066567421,0.023047499358654022
1549,abstrmri,high_maturity,False,CLIPese,0.0,True,mature,0.221175,False,,-1,0.2192484,0.2517816,0.03842524066567421,0.023047499358654022
1550,extruorice,high_maturity,False,CLIPese,0.0,True,mature,0.44957499999999995,False,,-1,-0.05833084,-0.076127425,0.03842524066567421,0.023047499358654022
1551,colourcarpet,high_maturity,False,CLIPese,0.0,True,mature,0.31689999999999996,False,,-1,-0.057316784,0.3487102,0.03842524066567421,0.023047499358654022
1552,navyparachstunt,high_maturity,False,CLIPese,0.0,True,mature,0.535075,False,,-1,-0.25622076,-0.091028415,0.03842524066567421,0.023047499358654022
1553,plovers,high_maturity,True,English,2.09,True,mature,0.765025,True,orthographic_hard,10,0.13030434,0.10044595,0.03842524066567421,0.023047499358654022
1554,angelcake,high_maturity,False,CLIPese,0.0,True,mature,0.863925,True,mature_readable,114,0.005523773,-0.16909575,0.03842524066567421,0.023047499358654022
1555,militarypretzels,high_maturity,False,CLIPese,0.0,True,mature,0.7127749999999999,True,mature_readable,239,0.07449363,0.20617831,0.03842524066567421,0.023047499358654022
1556,hocane,high_maturity,False,CLIPese,0.0,True,mature,0.7531999999999999,True,mature_readable,247,0.07992835,-0.13423553,0.03842524066567421,0.023047499358654022
1557,biker,high_maturity,True,English,3.37,True,mature,0.28695000000000004,False,,-1,0.18773843,0.07263287,0.03842524066567421,0.023047499358654022
1558,kaleidobradford,high_maturity,False,CLIPese,0.0,True,mature,0.42650000000000005,False,,-1,-0.26039824,-0.000127075,0.03842524066567421,0.023047499358654022
1559,jitmonet,high_maturity,False,CLIPese,0.0,True,mature,0.781175,True,mature_readable,166,-0.12462485,0.24793088,0.03842524066567421,0.023047499358654022
1560,paoloinuit,high_maturity,False,CLIPese,0.0,True,mature,0.49805,False,,-1,0.029969312,-0.027807051,0.03842524066567421,0.023047499358654022
1561,psychedfuzzy,high_maturity,False,CLIPese,0.0,True,mature,0.303075,False,,-1,-0.088576294,-0.2474735,0.03842524066567421,0.023047499358654022
1562,gymnaorienteering,high_maturity,False,CLIPese,0.0,True,mature,0.218875,False,,-1,-0.2324364,0.032564983,0.03842524066567421,0.023047499358654022
1563,lapkus,high_maturity,True,English,1.19,True,mature,0.72155,True,fallback_fill,509,-0.033986192,-0.19075777,0.03842524066567421,0.023047499358654022
1564,kaleidopixel,high_maturity,False,CLIPese,0.0,True,mature,0.1313,False,,-1,-0.26651567,0.19271336,0.03842524066567421,0.023047499358654022
1565,christmatopper,high_maturity,False,CLIPese,0.0,True,mature,0.452075,False,,-1,-0.16967534,0.13396432,0.03842524066567421,0.023047499358654022
1566,ozarwilddogs,high_maturity,False,CLIPese,0.0,True,mature,0.505975,False,,-1,-0.018950708,0.0081238905,0.03842524066567421,0.023047499358654022
1567,quicklibertystickers,high_maturity,False,CLIPese,0.0,True,mature,0.5718749999999999,False,,-1,-0.07200259,0.11580091,0.03842524066567421,0.023047499358654022
1568,zeewavestacked,high_maturity,False,CLIPese,0.0,True,mature,0.5136000000000001,False,,-1,0.10471951,0.068572715,0.03842524066567421,0.023047499358654022
1569,doughmacfarolulu,high_maturity,False,CLIPese,0.0,True,mature,0.15962500000000002,True,mature_weak,422,-0.114352874,-0.07288494,0.03842524066567421,0.023047499358654022
1570,kaleidomicroscopy,high_maturity,False,CLIPese,0.0,True,mature,0.2611,False,,-1,-0.14250034,0.15645128,0.03842524066567421,0.023047499358654022
1571,puplovers,high_maturity,False,CLIPese,0.0,True,mature,0.736175,True,orthographic_hard,11,-0.18756236,-0.12809546,0.03842524066567421,0.023047499358654022
1572,kaleidocraze,high_maturity,False,CLIPese,0.0,True,mature,0.26495,False,,-1,-0.08302431,-0.1274953,0.03842524066567421,0.023047499358654022
1573,mathematretina,high_maturity,False,CLIPese,0.0,True,mature,0.46252499999999996,False,,-1,-0.10186195,0.09419797,0.03842524066567421,0.023047499358654022
1574,smolnvidia,high_maturity,False,CLIPese,0.0,True,mature,0.487,False,,-1,-0.02171585,0.09634211,0.03842524066567421,0.023047499358654022
1575,saxophonairsoft,high_maturity,False,CLIPese,0.0,True,mature,0.6127,False,,-1,-0.16653466,-0.010383366,0.03842524066567421,0.023047499358654022
1576,tballcircleboxes,high_maturity,False,CLIPese,0.0,True,mature,0.49779999999999996,False,,-1,-0.041578952,0.24145836,0.03842524066567421,0.023047499358654022
1577,rattmitztrees,high_maturity,False,CLIPese,0.0,True,mature,0.764375,True,mature_readable,260,-0.26712608,0.0239752,0.03842524066567421,0.023047499358654022
1578,panorsynthesizer,high_maturity,False,CLIPese,0.0,True,mature,0.21267499999999998,False,,-1,-0.018472496,0.08250201,0.03842524066567421,0.023047499358654022
1579,pixelpsychedarray,high_maturity,False,CLIPese,0.0,True,mature,0.18450000000000003,False,,-1,-0.17244484,0.10782887,0.03842524066567421,0.023047499358654022
1580,sawhorse,high_maturity,True,English,1.49,True,mature,0.45357499999999995,False,,-1,0.09599795,-0.25486392,0.03842524066567421,0.023047499358654022
1581,neatcauliflower,high_maturity,False,CLIPese,0.0,True,mature,0.5486249999999999,False,,-1,0.13388783,-0.13793509,0.03842524066567421,0.023047499358654022
1582,swachhbswapping,high_maturity,False,CLIPese,0.0,True,mature,0.39467499999999994,False,,-1,-0.0800201,-0.082210205,0.03842524066567421,0.023047499358654022
1583,counterfehdr,high_maturity,False,CLIPese,0.0,True,mature,0.20120000000000002,False,,-1,0.0012328421,0.27271727,0.03842524066567421,0.023047499358654022
1584,kaleidogenerative,high_maturity,False,CLIPese,0.0,True,mature,0.096525,False,,-1,-0.0885304,-0.027207052,0.03842524066567421,0.023047499358654022
1585,orbminion,high_maturity,False,CLIPese,0.0,True,mature,0.758875,True,mature_readable,191,-0.17308176,-0.14137432,0.03842524066567421,0.023047499358654022
1586,mansfaceswap,high_maturity,False,CLIPese,0.0,True,mature,0.5521999999999999,False,,-1,-0.05895339,0.000563724,0.03842524066567421,0.023047499358654022
1587,nanorender,high_maturity,False,CLIPese,0.0,True,mature,0.881575,True,orthographic_hard,42,0.086886026,-0.008677493,0.03842524066567421,0.023047499358654022
1588,beachlife,high_maturity,False,CLIPese,0.0,True,mature,0.220375,False,,-1,0.19009711,-0.09674719,0.03842524066567421,0.023047499358654022
1589,ivankat,high_maturity,False,CLIPese,0.0,True,mature,0.5274,False,,-1,0.17357193,-0.036995124,0.03842524066567421,0.023047499358654022
1590,jodhaakbar,high_maturity,False,CLIPese,0.0,True,mature,0.288375,False,,-1,-0.03223696,-0.06174219,0.03842524066567421,0.023047499358654022
1591,eliesaab,high_maturity,False,CLIPese,0.0,True,mature,0.214325,False,,-1,0.05845582,-0.28548884,0.03842524066567421,0.023047499358654022
1592,cupftp,high_maturity,False,CLIPese,0.0,True,mature,0.69865,False,,-1,0.010068546,0.014540164,0.03842524066567421,0.023047499358654022
1593,portraitsilhouette,high_maturity,False,CLIPese,0.0,True,mature,0.10072500000000001,True,mature_weak,393,-0.14082104,-0.03737156,0.03842524066567421,0.023047499358654022
1594,hobbyhorse,high_maturity,True,English,1.46,True,mature,0.6354000000000001,False,,-1,-0.06709802,-0.16045773,0.03842524066567421,0.023047499358654022
1595,crayglitch,high_maturity,False,CLIPese,0.0,True,mature,0.25217500000000004,False,,-1,0.105034076,0.116496846,0.03842524066567421,0.023047499358654022
1596,pillowraisethestick,high_maturity,False,CLIPese,0.0,True,mature,0.252925,False,,-1,0.083477534,-0.11241299,0.03842524066567421,0.023047499358654022
1597,englandrender,high_maturity,False,CLIPese,0.0,True,mature,0.667625,True,orthographic_hard,43,-0.20074032,-0.16374105,0.03842524066567421,0.023047499358654022
1598,zombiemojis,high_maturity,False,CLIPese,0.0,True,mature,0.5797249999999999,False,,-1,-0.019666981,0.19188507,0.03842524066567421,0.023047499358654022
1599,marblesofa,high_maturity,False,CLIPese,0.0,True,mature,0.6234,False,,-1,0.22489089,0.059638627,0.03842524066567421,0.023047499358654022
1600,anderlecht,high_maturity,True,English,2.56,True,mature,0.550475,False,,-1,-0.07614608,-0.09321341,0.03842524066567421,0.023047499358654022
1601,bowli,high_maturity,False,CLIPese,0.0,True,mature,0.7319,False,,-1,0.40897566,-0.3574714,0.03842524066567421,0.023047499358654022
1602,horserdressage,high_maturity,False,CLIPese,0.0,True,mature,0.673925,False,,-1,-0.19331259,0.08134587,0.03842524066567421,0.023047499358654022
1603,dalmatisuke,high_maturity,False,CLIPese,0.0,True,mature,0.55645,False,,-1,-0.13319814,-0.20587648,0.03842524066567421,0.023047499358654022
1604,seapconnie,high_maturity,False,CLIPese,0.0,True,mature,0.401525,False,,-1,0.14521323,-0.0671385,0.03842524066567421,0.023047499358654022
1605,seapsimulcollage,high_maturity,False,CLIPese,0.0,True,mature,0.290375,False,,-1,-0.09783864,0.09624358,0.03842524066567421,0.023047499358654022
1606,orangufrenpsychedelic,high_maturity,False,CLIPese,0.0,True,mature,0.250725,False,,-1,-0.23595107,-0.05017137,0.03842524066567421,0.023047499358654022
1607,lamjarred,high_maturity,False,CLIPese,0.0,True,mature,0.2591,False,,-1,0.07515973,0.13345927,0.03842524066567421,0.023047499358654022
1608,cliffventilation,high_maturity,False,CLIPese,0.0,True,mature,0.464375,False,,-1,0.0879868,0.060390797,0.03842524066567421,0.023047499358654022
1609,stalaheminutephapears,high_maturity,False,CLIPese,0.0,True,mature,0.29055000000000003,False,,-1,-0.2993206,0.029998967,0.03842524066567421,0.023047499358654022
1610,crystscanned,high_maturity,False,CLIPese,0.0,True,mature,0.48092500000000005,False,,-1,0.13082212,0.2584839,0.03842524066567421,0.023047499358654022
1611,artochocolate,high_maturity,False,CLIPese,0.0,True,mature,0.700425,False,,-1,0.20897174,0.019570967,0.03842524066567421,0.023047499358654022
1612,loafbasking,high_maturity,False,CLIPese,0.0,True,mature,0.448825,False,,-1,-0.13343006,-0.14844973,0.03842524066567421,0.023047499358654022
1613,configurloops,high_maturity,False,CLIPese,0.0,True,mature,0.66845,False,,-1,0.07264383,-0.0849383,0.03842524066567421,0.023047499358654022
1614,wazwaldo,high_maturity,False,CLIPese,0.0,True,mature,0.8633,True,mature_readable,71,0.33514374,-0.23950975,0.03842524066567421,0.023047499358654022
1615,ninjskell,high_maturity,False,CLIPese,0.0,True,mature,0.34875,False,,-1,-0.0005594002,0.11651301,0.03842524066567421,0.023047499358654022
1616,canadaam,high_maturity,False,CLIPese,0.0,True,mature,0.6404249999999999,False,,-1,0.058682688,-0.12807865,0.03842524066567421,0.023047499358654022
1617,kaleidoandolan,high_maturity,False,CLIPese,0.0,True,mature,0.17425,False,,-1,0.20032948,-0.18603514,0.03842524066567421,0.023047499358654022
1618,tulear,high_maturity,True,English,1.18,True,mature,0.310025,False,,-1,0.16131109,-0.13545676,0.03842524066567421,0.023047499358654022
1619,asserrotterdam,high_maturity,False,CLIPese,0.0,True,mature,0.734225,True,mature_readable,262,-0.15653728,0.048062924,0.03842524066567421,0.023047499358654022
1620,onette,high_maturity,False,CLIPese,0.0,True,mature,0.78635,True,mature_readable,228,0.19207568,0.009435894,0.03842524066567421,0.023047499358654022
1621,asants,high_maturity,False,CLIPese,0.0,True,mature,0.1832,False,,-1,0.045415305,0.05621795,0.03842524066567421,0.023047499358654022
1622,cyberroblox,high_maturity,False,CLIPese,0.0,True,mature,0.53905,False,,-1,0.10811994,0.2199853,0.03842524066567421,0.023047499358654022
1623,elengcopernictapegpu,high_maturity,False,CLIPese,0.0,True,mature,0.18869999999999998,False,,-1,-0.2729871,-0.13366608,0.03842524066567421,0.023047499358654022
1624,bcbeer,high_maturity,False,CLIPese,0.0,True,mature,0.8613749999999999,True,mature_readable,196,0.29156056,-0.15206318,0.03842524066567421,0.023047499358654022
1625,orangujissquirrel,high_maturity,False,CLIPese,0.0,True,mature,0.306775,False,,-1,0.08187234,-0.152188,0.03842524066567421,0.023047499358654022
1626,skelcrysttrippy,high_maturity,False,CLIPese,0.0,True,mature,0.376475,False,,-1,-0.26148403,-0.057003334,0.03842524066567421,0.023047499358654022
1627,guangpandas,high_maturity,False,CLIPese,0.0,True,mature,0.698025,False,,-1,-0.11471318,-0.1120759,0.03842524066567421,0.023047499358654022
1628,kaleidotranslucent,high_maturity,False,CLIPese,0.0,True,mature,0.1214,False,,-1,-0.13031913,-0.066945344,0.03842524066567421,0.023047499358654022
1629,dalmatisika,high_maturity,False,CLIPese,0.0,True,mature,0.4244,False,,-1,-0.19664061,-0.0799772,0.03842524066567421,0.023047499358654022
1630,autuclutter,high_maturity,False,CLIPese,0.0,True,mature,0.5606000000000001,False,,-1,0.18475926,-0.069050804,0.03842524066567421,0.023047499358654022
1631,cauliyuri,high_maturity,False,CLIPese,0.0,True,mature,0.210325,False,,-1,-0.068843216,-0.30666798,0.03842524066567421,0.023047499358654022
1632,evanhalen,high_maturity,False,CLIPese,0.0,True,mature,0.9553,True,mature_readable,57,0.07188579,-0.09227935,0.03842524066567421,0.023047499358654022
1633,colombiais,high_maturity,False,CLIPese,0.0,True,mature,0.8187499999999999,True,mature_readable,222,-0.041071523,-0.120994546,0.03842524066567421,0.023047499358654022
1634,krakat,high_maturity,False,CLIPese,0.0,True,mature,0.7599,False,,-1,0.07335064,-0.024814773,0.03842524066567421,0.023047499358654022
1635,renko,high_maturity,True,English,1.87,True,mature,0.936525,True,mature_readable,64,0.14596963,-0.22288288,0.03842524066567421,0.023047499358654022
1636,catdog,high_maturity,True,English,1.9,True,mature,0.5923499999999999,True,orthographic_hard,2,0.28578135,0.020171186,0.03842524066567421,0.023047499358654022
1637,trossachs,high_maturity,True,English,1.92,True,mature,0.934925,True,mature_readable,52,-0.179824,-0.0995688,0.03842524066567421,0.023047499358654022
1638,clippiday,high_maturity,False,CLIPese,0.0,True,mature,0.9418000000000001,True,mature_readable,107,0.0072533283,-0.00444149,0.03842524066567421,0.023047499358654022
1639,mandelmicroscopy,high_maturity,False,CLIPese,0.0,True,mature,0.15115,False,,-1,-0.27818066,0.17718126,0.03842524066567421,0.023047499358654022
1640,powderham,high_maturity,True,English,1.06,True,mature,0.732125,True,mature_readable,253,0.05466424,-0.011237993,0.03842524066567421,0.023047499358654022
1641,bestofrgb,high_maturity,False,CLIPese,0.0,True,mature,0.45547499999999996,False,,-1,0.13547051,-0.08327808,0.03842524066567421,0.023047499358654022
1642,macedcheetah,high_maturity,False,CLIPese,0.0,True,mature,0.666525,True,orthographic_hard,29,-0.019086905,-0.04973704,0.03842524066567421,0.023047499358654022
1643,epiletapemicroscopy,high_maturity,False,CLIPese,0.0,True,mature,0.312525,False,,-1,-0.29986584,0.16133535,0.03842524066567421,0.023047499358654022
1644,labraherd,high_maturity,False,CLIPese,0.0,True,mature,0.3746,False,,-1,-0.103316694,-0.015652768,0.03842524066567421,0.023047499358654022
1645,portraitstencil,high_maturity,False,CLIPese,0.0,True,mature,0.15305000000000002,False,,-1,0.06025802,0.15235108,0.03842524066567421,0.023047499358654022
1646,mongoshirtless,high_maturity,False,CLIPese,0.0,True,mature,0.4518499999999999,False,,-1,-0.09899684,-0.14667234,0.03842524066567421,0.023047499358654022
1647,clowalf,high_maturity,False,CLIPese,0.0,True,mature,0.41815,False,,-1,0.18931408,-0.1585173,0.03842524066567421,0.023047499358654022
1648,pomegran,high_maturity,False,CLIPese,0.0,True,mature,0.26687500000000003,False,,-1,0.016347367,0.11347092,0.03842524066567421,0.023047499358654022
1649,harampixelart,high_maturity,False,CLIPese,0.0,True,mature,0.32085,False,,-1,-0.18364081,0.15221617,0.03842524066567421,0.023047499358654022
1650,barclaygrid,high_maturity,False,CLIPese,0.0,True,mature,0.62695,False,,-1,-0.07849517,0.14058179,0.03842524066567421,0.023047499358654022
1651,louboutassets,high_maturity,False,CLIPese,0.0,True,mature,0.17607499999999998,False,,-1,-0.08681625,-0.2576425,0.03842524066567421,0.023047499358654022
1652,britishfarming,high_maturity,False,CLIPese,0.0,True,mature,0.7682249999999999,True,mature_readable,215,-0.03681028,0.061837047,0.03842524066567421,0.023047499358654022
1653,atriathlon,high_maturity,False,CLIPese,0.0,True,mature,0.798175,True,mature_readable,187,0.07268084,-0.008346786,0.03842524066567421,0.023047499358654022
1654,brickchunks,high_maturity,False,CLIPese,0.0,True,mature,0.510475,False,,-1,-0.0019343649,0.06533086,0.03842524066567421,0.023047499358654022
1655,distorkaleidostare,high_maturity,False,CLIPese,0.0,True,mature,0.1075,False,,-1,-0.27275792,-0.10365537,0.03842524066567421,0.023047499358654022
1656,photomkaleidomedusa,high_maturity,False,CLIPese,0.0,True,mature,0.081925,True,mature_weak,395,-0.3581575,0.017068036,0.03842524066567421,0.023047499358654022
1657,kaleidosynthesis,high_maturity,False,CLIPese,0.0,True,mature,0.245475,False,,-1,-0.18528856,0.05205695,0.03842524066567421,0.023047499358654022
1658,blondog,high_maturity,False,CLIPese,0.0,True,mature,0.7445,True,fallback_fill,505,-0.050552577,-0.070216894,0.03842524066567421,0.023047499358654022
1659,candel,high_maturity,True,English,1.24,True,mature,0.947175,True,mature_readable,65,0.15361045,-0.25129113,0.03842524066567421,0.023047499358654022
1660,aluminmathematdeeply,high_maturity,False,CLIPese,0.0,True,mature,0.265725,False,,-1,-0.3006951,-0.03423773,0.03842524066567421,0.023047499358654022
1661,mysterywaldo,high_maturity,False,CLIPese,0.0,True,mature,0.4638,False,,-1,0.23353004,-0.04072058,0.03842524066567421,0.023047499358654022
1662,rummiku,high_maturity,False,CLIPese,0.0,True,mature,0.76755,True,mature_readable,256,0.0065703224,-0.05792781,0.03842524066567421,0.023047499358654022
1663,artichorendering,high_maturity,False,CLIPese,0.0,True,mature,0.32257500000000006,False,,-1,-0.13715608,-0.116723955,0.03842524066567421,0.023047499358654022
1664,attackdoors,high_maturity,False,CLIPese,0.0,True,mature,0.7646000000000001,True,mature_readable,278,0.26214328,0.20114633,0.03842524066567421,0.023047499358654022
1665,gigabkraft,high_maturity,False,CLIPese,0.0,True,mature,0.289175,False,,-1,-0.16002811,0.051712353,0.03842524066567421,0.023047499358654022
1666,navyfractal,high_maturity,False,CLIPese,0.0,True,mature,0.51115,False,,-1,-0.19587643,0.06371915,0.03842524066567421,0.023047499358654022
1667,lawrenceearrings,high_maturity,False,CLIPese,0.0,True,mature,0.55205,False,,-1,-0.1455098,-0.07781442,0.03842524066567421,0.023047499358654022
1668,stateoctagon,high_maturity,False,CLIPese,0.0,True,mature,0.8320749999999999,True,mature_readable,108,-0.12231946,-0.11990296,0.03842524066567421,0.023047499358654022
1669,schwarzflurmugshot,high_maturity,False,CLIPese,0.0,True,mature,0.39005,False,,-1,-0.06446137,-0.091144435,0.03842524066567421,0.023047499358654022
1670,brownies,high_maturity,True,English,3.19,True,mature,0.88315,True,mature_readable,111,0.30537227,0.12539175,0.03842524066567421,0.023047499358654022
1671,shilpashetty,high_maturity,False,CLIPese,0.0,True,mature,0.293925,False,,-1,-0.13993126,-0.097973265,0.03842524066567421,0.023047499358654022
1672,catdoge,high_maturity,False,CLIPese,0.0,True,mature,0.8110749999999999,True,orthographic_hard,3,0.23771851,0.060089502,0.03842524066567421,0.023047499358654022
1673,anglesey,high_maturity,True,English,2.9,True,mature,0.7096,False,,-1,0.16155577,-0.027457567,0.03842524066567421,0.023047499358654022
1674,abasketball,high_maturity,False,CLIPese,0.0,True,mature,0.5949,False,,-1,-0.09575895,0.04373083,0.03842524066567421,0.023047499358654022
1675,matisse,high_maturity,True,English,2.88,True,mature,0.595,False,,-1,-0.0039654663,0.15349317,0.03842524066567421,0.023047499358654022
1676,funkosnapchat,high_maturity,False,CLIPese,0.0,True,mature,0.5582,False,,-1,0.06841896,-0.08148506,0.03842524066567421,0.023047499358654022
1677,mboldo,high_maturity,False,CLIPese,0.0,True,mature,0.40764999999999996,False,,-1,-0.025703225,-0.024643809,0.03842524066567421,0.023047499358654022
1678,chinasea,high_maturity,False,CLIPese,0.0,True,mature,0.7175750000000001,False,,-1,0.2303167,-0.029002177,0.03842524066567421,0.023047499358654022
1679,taxiderouf,high_maturity,False,CLIPese,0.0,True,mature,0.24457500000000001,False,,-1,0.085141,0.30122247,0.03842524066567421,0.023047499358654022
1680,braids,high_maturity,True,English,3.01,True,mature,0.750475,False,,-1,0.20414078,0.25235233,0.03842524066567421,0.023047499358654022
1681,autisma,high_maturity,False,CLIPese,0.0,True,mature,0.5347,False,,-1,0.09615746,0.115694754,0.03842524066567421,0.023047499358654022
1682,ducklookout,high_maturity,False,CLIPese,0.0,True,mature,0.6799750000000001,True,fallback_fill,486,-0.08643517,-0.26772425,0.03842524066567421,0.023047499358654022
1683,cesaro,high_maturity,True,English,2.47,True,mature,0.7892499999999999,True,mature_readable,176,-0.020257529,-0.046952676,0.03842524066567421,0.023047499358654022
1684,swordlockheed,high_maturity,False,CLIPese,0.0,True,mature,0.5566749999999999,False,,-1,0.11729157,-0.026357701,0.03842524066567421,0.023047499358654022
1685,taxiderfox,high_maturity,False,CLIPese,0.0,True,mature,0.3209,False,,-1,-0.069879815,0.16841023,0.03842524066567421,0.023047499358654022
1686,disintegrmonet,high_maturity,False,CLIPese,0.0,True,mature,0.31957500000000005,False,,-1,-0.35798788,0.01683125,0.03842524066567421,0.023047499358654022
1687,kaleidophotographing,high_maturity,False,CLIPese,0.0,True,mature,0.051750000000000004,False,,-1,-0.29174325,0.025135333,0.03842524066567421,0.023047499358654022
1688,giovgeometric,high_maturity,False,CLIPese,0.0,True,mature,0.33630000000000004,False,,-1,-0.30510336,0.09371383,0.03842524066567421,0.023047499358654022
1689,cliffcliff,high_maturity,False,CLIPese,0.0,True,mature,0.555,False,,-1,0.12066925,-0.122687705,0.03842524066567421,0.023047499358654022
1690,pomegranate,high_maturity,True,English,2.93,True,mature,0.611425,False,,-1,-0.10428977,-0.0990978,0.03842524066567421,0.023047499358654022
1691,squidpixelart,high_maturity,False,CLIPese,0.0,True,mature,0.23920000000000002,False,,-1,-0.049153555,0.0671885,0.03842524066567421,0.023047499358654022
1692,monkeyhdr,high_maturity,False,CLIPese,0.0,True,mature,0.47532499999999994,False,,-1,0.08402214,0.36112958,0.03842524066567421,0.023047499358654022
1693,buildtrooper,high_maturity,False,CLIPese,0.0,True,mature,0.764025,True,mature_readable,195,-0.16179234,0.037450444,0.03842524066567421,0.023047499358654022
1694,sheepfractal,high_maturity,False,CLIPese,0.0,True,mature,0.4317,False,,-1,0.1827688,0.037034187,0.03842524066567421,0.023047499358654022
1695,germinavocado,high_maturity,False,CLIPese,0.0,True,mature,0.59445,False,,-1,-0.16409366,0.022316704,0.03842524066567421,0.023047499358654022
1696,outburger,high_maturity,False,CLIPese,0.0,True,mature,0.9305249999999998,True,mature_readable,56,0.34027427,-0.09031853,0.03842524066567421,0.023047499358654022
1697,kaleidoshulpixel,high_maturity,False,CLIPese,0.0,True,mature,0.19140000000000001,False,,-1,-0.1446929,-0.15958434,0.03842524066567421,0.023047499358654022
1698,adopttrees,high_maturity,False,CLIPese,0.0,True,mature,0.8054999999999999,True,mature_readable,160,0.0219522,0.22593999,0.03842524066567421,0.023047499358654022
1699,breweries,high_maturity,True,English,3.27,True,mature,0.897,True,mature_readable,88,0.26310128,0.06367152,0.03842524066567421,0.023047499358654022
1700,katrantzou,high_maturity,True,English,1.37,True,mature,0.3053,False,,-1,0.1891593,-0.13227335,0.03842524066567421,0.023047499358654022
1701,frantaxidercoyotes,high_maturity,False,CLIPese,0.0,True,mature,0.7462000000000001,False,,-1,-0.27474353,0.14515021,0.03842524066567421,0.023047499358654022
1702,hypnopixelart,high_maturity,False,CLIPese,0.0,True,mature,0.25634999999999997,False,,-1,-0.036687598,0.24028708,0.03842524066567421,0.023047499358654022
1703,colourpercentage,high_maturity,False,CLIPese,0.0,True,mature,0.57695,False,,-1,-0.090880975,0.1332126,0.03842524066567421,0.023047499358654022
1704,orangubrenda,high_maturity,False,CLIPese,0.0,True,mature,0.37085,False,,-1,-0.22171515,-0.069293804,0.03842524066567421,0.023047499358654022
1705,nycemojis,high_maturity,False,CLIPese,0.0,True,mature,0.8134,False,,-1,-0.11915752,0.009630187,0.03842524066567421,0.023047499358654022
1706,photomfractal,high_maturity,False,CLIPese,0.0,True,mature,0.06627500000000001,True,mature_weak,370,0.033649955,0.15645532,0.03842524066567421,0.023047499358654022
1707,sphermatrix,high_maturity,False,CLIPese,0.0,True,mature,0.18322499999999997,False,,-1,-0.27258196,0.22172557,0.03842524066567421,0.023047499358654022
1708,democrsafarilive,high_maturity,False,CLIPese,0.0,True,mature,0.152675,False,,-1,-0.10583748,-0.060360614,0.03842524066567421,0.023047499358654022
1709,sharkmathematgopro,high_maturity,False,CLIPese,0.0,True,mature,0.4861000000000001,False,,-1,-0.24777256,0.13324462,0.03842524066567421,0.023047499358654022
1710,lufalfa,high_maturity,False,CLIPese,0.0,True,mature,0.50945,False,,-1,-0.086379126,-0.17352779,0.03842524066567421,0.023047499358654022
1711,valuepixelart,high_maturity,False,CLIPese,0.0,True,mature,0.136475,False,,-1,-0.011178433,0.36468092,0.03842524066567421,0.023047499358654022
1712,bbcbratfrequency,high_maturity,False,CLIPese,0.0,True,mature,0.669025,True,orthographic_hard,31,-0.055617597,0.18969746,0.03842524066567421,0.023047499358654022
1713,medalcutout,high_maturity,False,CLIPese,0.0,True,mature,0.757725,True,mature_readable,203,-0.18976833,0.02931941,0.03842524066567421,0.023047499358654022
1714,kaleidoinfrared,high_maturity,False,CLIPese,0.0,True,mature,0.34902500000000003,False,,-1,-0.084514506,-0.101695925,0.03842524066567421,0.023047499358654022
1715,pokladybug,high_maturity,False,CLIPese,0.0,True,mature,0.656475,True,fallback_fill,510,-0.0985048,-0.08713223,0.03842524066567421,0.023047499358654022
1716,sunilgrover,high_maturity,False,CLIPese,0.0,True,mature,0.40122500000000005,False,,-1,-0.12454205,0.051305745,0.03842524066567421,0.023047499358654022
1717,cannabismuenady,high_maturity,False,CLIPese,0.0,True,mature,0.9042250000000001,True,mature_readable,60,-0.13307723,-0.24862571,0.03842524066567421,0.023047499358654022
1718,toga,high_maturity,True,English,2.73,True,mature,0.7922499999999999,True,mature_readable,180,0.11653672,-0.025697965,0.03842524066567421,0.023047499358654022
1719,bhopal,high_maturity,True,English,2.79,True,mature,0.84075,True,mature_readable,135,0.024678165,0.10120239,0.03842524066567421,0.023047499358654022
1720,gringodawgs,high_maturity,False,CLIPese,0.0,True,mature,0.2131,False,,-1,-0.12929475,-0.11772343,0.03842524066567421,0.023047499358654022
1721,blanchett,high_maturity,True,English,2.53,True,mature,0.53775,False,,-1,0.26829442,-0.120855555,0.03842524066567421,0.023047499358654022
1722,khound,high_maturity,False,CLIPese,0.0,True,mature,0.46914999999999996,False,,-1,-0.017543005,-0.13183656,0.03842524066567421,0.023047499358654022
1723,tuxfluffymeowalfie,high_maturity,False,CLIPese,0.0,True,mature,0.365425,False,,-1,0.0037424804,0.028343862,0.03842524066567421,0.023047499358654022
1724,marathdelavinpikachu,high_maturity,False,CLIPese,0.0,True,mature,0.5754000000000001,False,,-1,0.016275775,-0.04240735,0.03842524066567421,0.023047499358654022
1725,pyarkeaisebhi,high_maturity,False,CLIPese,0.0,True,mature,0.4793,False,,-1,-0.19317313,-0.2742567,0.03842524066567421,0.023047499358654022
1726,morphorender,high_maturity,False,CLIPese,0.0,True,mature,0.45185000000000003,False,,-1,-0.25721955,0.1435601,0.03842524066567421,0.023047499358654022
1727,okuwarhol,high_maturity,False,CLIPese,0.0,True,mature,0.591775,False,,-1,0.10925891,-0.34934512,0.03842524066567421,0.023047499358654022
1728,austrboar,high_maturity,False,CLIPese,0.0,True,mature,0.45587500000000003,False,,-1,0.18155663,-0.14404538,0.03842524066567421,0.023047499358654022
1729,psychedpepe,high_maturity,False,CLIPese,0.0,True,mature,0.5576,False,,-1,-0.2314758,0.03147377,0.03842524066567421,0.023047499358654022
1730,alphabesymbol,high_maturity,False,CLIPese,0.0,True,mature,0.33594999999999997,False,,-1,-0.1352918,0.04007763,0.03842524066567421,0.023047499358654022
1731,agates,high_maturity,True,English,1.73,True,mature,0.8217749999999999,True,mature_readable,151,0.3086796,0.132253,0.03842524066567421,0.023047499358654022
1732,dalmatitaurus,high_maturity,False,CLIPese,0.0,True,mature,0.59135,False,,-1,-0.16470684,0.044617623,0.03842524066567421,0.023047499358654022
1733,imageimpressionist,high_maturity,False,CLIPese,0.0,True,mature,0.23535,False,,-1,-0.37155074,0.09893202,0.03842524066567421,0.023047499358654022
1734,cabbage,high_maturity,True,English,3.55,True,mature,0.8018,True,mature_readable,217,0.18559222,0.12924182,0.03842524066567421,0.023047499358654022
1735,taxiderwolf,high_maturity,False,CLIPese,0.0,True,mature,0.44194999999999995,False,,-1,0.12778196,0.11363708,0.03842524066567421,0.023047499358654022
1736,ohioemu,high_maturity,False,CLIPese,0.0,True,mature,0.5724999999999999,False,,-1,0.028271176,-0.38787502,0.03842524066567421,0.023047499358654022
1737,africanshep,high_maturity,False,CLIPese,0.0,True,mature,0.7432000000000001,True,mature_readable,257,-0.05577618,-0.07025939,0.03842524066567421,0.023047499358654022
1738,attackjar,high_maturity,False,CLIPese,0.0,True,mature,0.8111250000000001,True,mature_readable,148,0.13025603,0.021581687,0.03842524066567421,0.023047499358654022
1739,coleslaw,high_maturity,True,English,2.64,True,mature,0.55995,False,,-1,0.0023904687,-0.007747957,0.03842524066567421,0.023047499358654022
1740,compupopup,high_maturity,False,CLIPese,0.0,True,mature,0.6636500000000001,False,,-1,-0.21766095,-0.08128693,0.03842524066567421,0.023047499358654022
1741,taxidercolorful,high_maturity,False,CLIPese,0.0,True,mature,0.05075,False,,-1,-0.1667894,0.0062597096,0.03842524066567421,0.023047499358654022
1742,poinsettia,high_maturity,True,English,2.12,True,mature,0.35475,False,,-1,-0.13182914,-0.087396175,0.03842524066567421,0.023047499358654022
1743,seacdispenser,high_maturity,False,CLIPese,0.0,True,mature,0.559425,False,,-1,-0.032517932,0.0046443744,0.03842524066567421,0.023047499358654022
1744,kalejigsaw,high_maturity,False,CLIPese,0.0,True,mature,0.401125,False,,-1,-0.05283805,-0.25403166,0.03842524066567421,0.023047499358654022
1745,pallimodernilegopauls,high_maturity,False,CLIPese,0.0,True,mature,0.16820000000000002,True,mature_weak,412,-0.22602583,0.019130176,0.03842524066567421,0.023047499358654022
1746,abstrshrek,high_maturity,False,CLIPese,0.0,True,mature,0.48692500000000005,False,,-1,0.31098482,0.061729565,0.03842524066567421,0.023047499358654022
1747,gumblighthouse,high_maturity,False,CLIPese,0.0,True,mature,0.8882500000000001,True,mature_readable,59,-0.23386088,-0.23665078,0.03842524066567421,0.023047499358654022
1748,japanesedodgeball,high_maturity,False,CLIPese,0.0,True,mature,0.7038249999999999,False,,-1,-0.106522016,-0.09731754,0.03842524066567421,0.023047499358654022
1749,lautkorfighterjets,high_maturity,False,CLIPese,0.0,True,mature,0.53145,False,,-1,-0.074721314,-0.116106555,0.03842524066567421,0.023047499358654022
1750,kaleidoeyenightmare,high_maturity,False,CLIPese,0.0,True,mature,0.310175,False,,-1,-0.21537627,-0.11241028,0.03842524066567421,0.023047499358654022
1751,lagann,high_maturity,True,English,1.94,True,mature,0.633775,False,,-1,0.24271508,0.044280242,0.03842524066567421,0.023047499358654022
1752,testicspectrum,high_maturity,False,CLIPese,0.0,True,mature,0.6956249999999999,False,,-1,-0.24062274,0.012069814,0.03842524066567421,0.023047499358654022
1753,ihrioural,high_maturity,False,CLIPese,0.0,True,mature,0.151125,True,mature_weak,414,0.11589897,-0.3215819,0.03842524066567421,0.023047499358654022
1754,orangutoddlers,high_maturity,False,CLIPese,0.0,True,mature,0.339025,False,,-1,0.018567307,-0.12131662,0.03842524066567421,0.023047499358654022
1755,blackdatabdistorpixelart,high_maturity,False,CLIPese,0.0,True,mature,0.12955000000000003,True,mature_weak,423,0.13472018,0.3714801,0.03842524066567421,0.023047499358654022
1756,skimleakpaper,high_maturity,False,CLIPese,0.0,True,mature,0.6196750000000001,True,fallback_fill,500,-0.02753984,-0.050918233,0.03842524066567421,0.023047499358654022
1757,chlorop,high_maturity,False,CLIPese,0.0,True,mature,0.821725,True,mature_readable,144,0.12555858,0.14643943,0.03842524066567421,0.023047499358654022
1758,inducloafbowel,high_maturity,False,CLIPese,0.0,True,mature,0.40412499999999996,False,,-1,0.03085709,-0.17517263,0.03842524066567421,0.023047499358654022
1759,haring,high_maturity,True,English,2.37,True,mature,0.58135,False,,-1,0.30572453,-0.15120436,0.03842524066567421,0.023047499358654022
1760,chromofries,high_maturity,False,CLIPese,0.0,True,mature,0.48657500000000004,False,,-1,-0.1966069,0.18044817,0.03842524066567421,0.023047499358654022
1761,pretztrombone,high_maturity,False,CLIPese,0.0,True,mature,0.58855,False,,-1,-0.16754133,0.105784774,0.03842524066567421,0.023047499358654022
1762,drakebeagle,high_maturity,False,CLIPese,0.0,True,mature,0.8579249999999999,True,mature_readable,79,0.072485134,-0.04471468,0.03842524066567421,0.023047499358654022
1763,barista,high_maturity,True,English,3.02,True,mature,0.7157,False,,-1,0.29621372,-0.040671587,0.03842524066567421,0.023047499358654022
1764,nashvilleliberalantenna,high_maturity,False,CLIPese,0.0,True,mature,0.592775,False,,-1,-0.015229164,-0.11731886,0.03842524066567421,0.023047499358654022
1765,genealowebcam,high_maturity,False,CLIPese,0.0,True,mature,0.18219999999999997,False,,-1,-0.08015472,-0.052516453,0.03842524066567421,0.023047499358654022
1766,taxiderlewanczech,high_maturity,False,CLIPese,0.0,True,mature,0.2474,False,,-1,0.19947939,0.17664976,0.03842524066567421,0.023047499358654022
1767,wolftekken,high_maturity,False,CLIPese,0.0,True,mature,0.5542750000000001,False,,-1,0.12547363,-0.12007302,0.03842524066567421,0.023047499358654022
1768,hydromtg,high_maturity,False,CLIPese,0.0,True,mature,0.377775,False,,-1,-0.052808084,0.1405818,0.03842524066567421,0.023047499358654022
1769,calvins,high_maturity,True,English,1.53,True,mature,0.69745,False,,-1,0.2739564,-0.003895569,0.03842524066567421,0.023047499358654022
1770,pikachzombie,high_maturity,False,CLIPese,0.0,True,mature,0.64845,False,,-1,0.091354534,-0.10384028,0.03842524066567421,0.023047499358654022
1771,boxes,high_maturity,True,English,4.34,True,mature,0.593075,False,,-1,0.4787158,0.06291065,0.03842524066567421,0.023047499358654022
1772,pixelwarhol,high_maturity,False,CLIPese,0.0,True,mature,0.49355000000000004,False,,-1,0.20359336,-0.008431381,0.03842524066567421,0.023047499358654022
1773,duncanjames,high_maturity,False,CLIPese,0.0,True,mature,0.38262500000000005,False,,-1,-0.16907899,-0.076773636,0.03842524066567421,0.023047499358654022
1774,edmongreyhound,high_maturity,False,CLIPese,0.0,True,mature,0.43584999999999996,False,,-1,-0.064721696,0.08003274,0.03842524066567421,0.023047499358654022
1775,maersk,high_maturity,True,English,2.42,True,mature,0.7215750000000001,True,orthographic_hard,46,0.075086474,0.08507964,0.03842524066567421,0.023047499358654022
1776,mandelcgi,high_maturity,False,CLIPese,0.0,True,mature,0.20195000000000002,False,,-1,-0.23175818,-0.081725724,0.03842524066567421,0.023047499358654022
1777,elisicki,high_maturity,False,CLIPese,0.0,True,mature,0.42767499999999997,False,,-1,-0.08563162,-0.1443427,0.03842524066567421,0.023047499358654022
1778,kaleidoclouds,high_maturity,False,CLIPese,0.0,True,mature,0.427775,False,,-1,-0.020160357,0.120010376,0.03842524066567421,0.023047499358654022
1779,bulgarian,high_maturity,True,English,3.81,True,mature,0.5870500000000001,True,orthographic_hard,35,0.086170994,-0.37630302,0.03842524066567421,0.023047499358654022
1780,raygrunge,high_maturity,False,CLIPese,0.0,True,mature,0.43989999999999996,False,,-1,0.2341161,0.15759166,0.03842524066567421,0.023047499358654022
1781,albatros,high_maturity,True,English,1.84,True,mature,0.5986750000000001,False,,-1,0.08259363,-0.17158087,0.03842524066567421,0.023047499358654022
1782,specwarhol,high_maturity,False,CLIPese,0.0,True,mature,0.667225,False,,-1,0.116583064,-0.19152534,0.03842524066567421,0.023047499358654022
1783,eleloom,high_maturity,False,CLIPese,0.0,True,mature,0.8748499999999999,True,mature_readable,98,0.08919936,0.073256776,0.03842524066567421,0.023047499358654022
1784,pugbeethoven,high_maturity,False,CLIPese,0.0,True,mature,0.7948000000000001,False,,-1,-0.0403709,-0.22022703,0.03842524066567421,0.023047499358654022
1785,paella,high_maturity,True,English,2.63,True,mature,0.38880000000000003,False,,-1,0.10140299,-0.112389185,0.03842524066567421,0.023047499358654022
1786,ozarrolltide,high_maturity,False,CLIPese,0.0,True,mature,0.44402500000000006,False,,-1,-0.009097717,0.13394876,0.03842524066567421,0.023047499358654022
1787,preityzinta,high_maturity,False,CLIPese,0.0,True,mature,0.1857,False,,-1,-0.17414688,-0.20883642,0.03842524066567421,0.023047499358654022
1788,extrupopcorn,high_maturity,False,CLIPese,0.0,True,mature,0.711625,True,fallback_fill,511,-0.15387239,-0.00039028196,0.03842524066567421,0.023047499358654022
1789,balochi,high_maturity,True,English,1.84,True,mature,0.863775,True,mature_readable,185,0.15316403,-0.2017834,0.03842524066567421,0.023047499358654022
1790,fcthulhu,high_maturity,False,CLIPese,0.0,True,mature,0.6223,False,,-1,0.12682803,-0.24138789,0.03842524066567421,0.023047499358654022
1791,assaulharrier,high_maturity,False,CLIPese,0.0,True,mature,0.564325,False,,-1,-0.1179569,-0.14870465,0.03842524066567421,0.023047499358654022
1792,mandelcloseup,high_maturity,False,CLIPese,0.0,True,mature,0.64505,False,,-1,-0.1082552,-0.1486484,0.03842524066567421,0.023047499358654022
1793,lufalfarraptors,high_maturity,False,CLIPese,0.0,True,mature,0.665625,False,,-1,-0.10285221,0.017028937,0.03842524066567421,0.023047499358654022
1794,bears,high_maturity,True,English,4.34,True,mature,0.765775,False,,-1,0.5759944,-0.046049647,0.03842524066567421,0.023047499358654022
1795,kachneko,high_maturity,False,CLIPese,0.0,True,mature,0.46919999999999995,False,,-1,-0.13418955,-0.04744904,0.03842524066567421,0.023047499358654022
1796,makarsankranti,high_maturity,False,CLIPese,0.0,True,mature,0.3395,False,,-1,-0.018443802,-0.058337037,0.03842524066567421,0.023047499358654022
1797,imagefuzzrainbow,high_maturity,False,CLIPese,0.0,True,mature,0.3392,False,,-1,0.14657167,-0.011713242,0.03842524066567421,0.023047499358654022
1798,axstv,high_maturity,False,CLIPese,0.0,True,mature,0.88885,True,mature_readable,90,0.24182938,0.047065873,0.03842524066567421,0.023047499358654022
1799,crystalli,high_maturity,False,CLIPese,0.0,True,mature,0.4644499999999999,False,,-1,0.090010874,0.010337642,0.03842524066567421,0.023047499358654022
1800,affiliated,low_maturity_control,True,English,3.96,False,immature,0.5197,False,,-1,0.2017857,-0.026448142,0.03842524066567421,0.023047499358654022
1801,alized,low_maturity_control,False,CLIPese,0.0,False,immature,0.3729,True,low_both,484,0.39377248,-0.08506653,0.03842524066567421,0.023047499358654022
1802,enters,low_maturity_control,True,English,4.01,False,immature,0.88875,True,immature_readable,295,0.43408865,0.23174343,0.03842524066567421,0.023047499358654022
1803,transmitted,low_maturity_control,True,English,3.87,False,immature,0.396125,False,,-1,0.0015229072,0.22967152,0.03842524066567421,0.023047499358654022
1804,followthe,low_maturity_control,False,CLIPese,0.0,False,immature,0.47135,False,,-1,0.32142317,-0.0198748,0.03842524066567421,0.023047499358654022
1805,brang,low_maturity_control,True,English,1.42,False,immature,0.6526,True,immature_readable,337,-0.05796033,0.006924081,0.03842524066567421,0.023047499358654022
1806,conoce,low_maturity_control,True,English,1.17,False,immature,0.6886000000000001,True,immature_readable,343,0.105072156,0.08247838,0.03842524066567421,0.023047499358654022
1807,claiming,low_maturity_control,True,English,4.33,False,immature,0.9076,True,immature_readable,286,0.08338727,-0.016735386,0.03842524066567421,0.023047499358654022
1808,givin,low_maturity_control,True,English,2.86,False,immature,0.330975,True,low_both,472,0.33350366,-0.13317794,0.03842524066567421,0.023047499358654022
1809,contains,low_maturity_control,True,English,4.68,False,immature,0.28725,True,low_both,465,0.27997577,0.24238467,0.03842524066567421,0.023047499358654022
1810,beforeand,low_maturity_control,False,CLIPese,0.0,False,immature,0.39215,False,,-1,0.3465743,0.43137172,0.03842524066567421,0.023047499358654022
1811,defines,low_maturity_control,True,English,3.86,False,immature,0.8923,True,immature_readable,287,0.25627515,0.07142783,0.03842524066567421,0.023047499358654022
1812,hosted,low_maturity_control,True,English,4.25,False,immature,0.8680749999999999,True,immature_readable,297,0.3269929,0.059793618,0.03842524066567421,0.023047499358654022
1813,happens,low_maturity_control,True,English,4.96,False,immature,0.676875,True,immature_readable,351,0.44517103,-0.078631446,0.03842524066567421,0.023047499358654022
1814,requires,low_maturity_control,True,English,4.67,False,immature,0.32205,True,low_both,474,0.41410965,0.22601922,0.03842524066567421,0.023047499358654022
1815,bothering,low_maturity_control,True,English,3.63,False,immature,0.832975,True,immature_readable,305,0.15343778,0.09537332,0.03842524066567421,0.023047499358654022
1816,acknowle,low_maturity_control,False,CLIPese,0.0,False,immature,0.20140000000000002,True,low_both,450,0.28650638,-0.07619588,0.03842524066567421,0.023047499358654022
1817,mustsee,low_maturity_control,False,CLIPese,0.0,False,immature,0.281725,True,low_both,466,0.27536002,-0.19276886,0.03842524066567421,0.023047499358654022
1818,artistsontwitter,low_maturity_control,False,CLIPese,0.0,False,immature,0.07805000000000001,True,low_both,445,-0.17891428,-0.0060048434,0.03842524066567421,0.023047499358654022
1819,passed,low_maturity_control,True,English,4.92,False,immature,0.82475,True,immature_readable,311,0.28136605,0.054112848,0.03842524066567421,0.023047499358654022
1820,visuals,low_maturity_control,True,English,3.57,False,immature,0.48985000000000006,False,,-1,0.15803085,0.23620994,0.03842524066567421,0.023047499358654022
1821,while,low_maturity_control,True,English,5.86,False,immature,0.096,True,low_both,447,0.49287415,-0.09265163,0.03842524066567421,0.023047499358654022
1822,denies,low_maturity_control,True,English,3.73,False,immature,0.7124499999999999,True,immature_readable,342,0.4017032,-0.040304203,0.03842524066567421,0.023047499358654022
1823,unfor,low_maturity_control,True,English,1.24,False,immature,0.810275,True,immature_readable,308,0.17434266,-0.030475227,0.03842524066567421,0.023047499358654022
1824,art,low_maturity_control,True,English,5.29,False,immature,0.29315,True,low_both,461,0.1614262,0.21018137,0.03842524066567421,0.023047499358654022
1825,activated,low_maturity_control,True,English,4.01,False,immature,0.914675,True,immature_readable,288,0.36596835,-0.15817407,0.03842524066567421,0.023047499358654022
1826,version,low_maturity_control,True,English,5.07,False,immature,0.31725000000000003,True,low_both,468,0.29069394,-0.20920807,0.03842524066567421,0.023047499358654022
1827,agains,low_maturity_control,True,English,2.31,False,immature,0.604525,False,,-1,0.36363742,-0.03979492,0.03842524066567421,0.023047499358654022
1828,gonna,low_maturity_control,True,English,5.29,False,immature,0.7001749999999999,True,immature_readable,335,0.2644502,0.003092692,0.03842524066567421,0.023047499358654022
1829,considers,low_maturity_control,True,English,4.03,False,immature,0.348475,True,low_both,476,0.24366726,-0.052807793,0.03842524066567421,0.023047499358654022
1830,thekk,low_maturity_control,False,CLIPese,0.0,False,immature,0.51505,False,,-1,0.059545442,-0.22856584,0.03842524066567421,0.023047499358654022
1831,alltimel,low_maturity_control,False,CLIPese,0.0,False,immature,0.65,True,immature_readable,346,0.008603087,-0.032499593,0.03842524066567421,0.023047499358654022
1832,looked,low_maturity_control,True,English,5.11,False,immature,0.4109,False,,-1,0.22209097,0.15694752,0.03842524066567421,0.023047499358654022
1833,lingly,low_maturity_control,False,CLIPese,0.0,False,immature,0.716975,True,immature_readable,347,-0.09716408,-0.068074256,0.03842524066567421,0.023047499358654022
1834,violated,low_maturity_control,True,English,3.91,False,immature,0.5985,False,,-1,0.23005977,-0.0016109936,0.03842524066567421,0.023047499358654022
1835,replied,low_maturity_control,True,English,4.28,False,immature,0.353225,True,low_both,477,0.25792566,-0.003337481,0.03842524066567421,0.023047499358654022
1836,searly,low_maturity_control,False,CLIPese,0.0,False,immature,0.59705,False,,-1,0.18340757,-0.061656754,0.03842524066567421,0.023047499358654022
1837,realizes,low_maturity_control,True,English,3.75,False,immature,0.24245,True,low_both,464,0.26117545,-0.23103838,0.03842524066567421,0.023047499358654022
1838,ruled,low_maturity_control,True,English,4.3,False,immature,0.653875,True,immature_readable,353,0.25898498,-0.23785228,0.03842524066567421,0.023047499358654022
1839,commi,low_maturity_control,True,English,1.78,False,immature,0.7231750000000001,True,immature_readable,324,-0.18474208,0.137956,0.03842524066567421,0.023047499358654022
1840,allows,low_maturity_control,True,English,4.67,False,immature,0.4162,False,,-1,0.46109688,-0.054944705,0.03842524066567421,0.023047499358654022
1841,publishes,low_maturity_control,True,English,3.55,False,immature,0.6141000000000001,False,,-1,0.24035653,0.08989547,0.03842524066567421,0.023047499358654022
1842,informing,low_maturity_control,True,English,3.58,False,immature,0.7253499999999999,True,immature_readable,338,-0.09030638,-0.0037206698,0.03842524066567421,0.023047499358654022
1843,asked,low_maturity_control,True,English,5.3,False,immature,0.6729,True,immature_readable,356,0.3995217,0.118181,0.03842524066567421,0.023047499358654022
1844,folks,low_maturity_control,True,English,4.59,False,immature,0.36807500000000004,True,low_both,482,0.3185848,-0.20565204,0.03842524066567421,0.023047499358654022
1845,mised,low_maturity_control,False,CLIPese,0.0,False,immature,0.7801250000000001,True,immature_readable,317,0.20015079,0.064718634,0.03842524066567421,0.023047499358654022
1846,gathere,low_maturity_control,False,CLIPese,0.0,False,immature,0.7907750000000001,True,immature_readable,312,0.21667388,0.0037661882,0.03842524066567421,0.023047499358654022
1847,concepts,low_maturity_control,True,English,4.26,False,immature,0.8061,True,immature_readable,301,0.090867884,0.19302481,0.03842524066567421,0.023047499358654022
1848,weren,low_maturity_control,True,English,2.21,False,immature,0.34245000000000003,True,low_both,480,0.35513783,0.103038125,0.03842524066567421,0.023047499358654022
1849,onlined,low_maturity_control,False,CLIPese,0.0,False,immature,0.3161,True,low_both,470,-0.025011403,0.10699578,0.03842524066567421,0.023047499358654022
1850,diffu,low_maturity_control,False,CLIPese,0.0,False,immature,0.29102500000000003,True,low_both,463,0.19327226,-0.39295045,0.03842524066567421,0.023047499358654022
1851,tifully,low_maturity_control,False,CLIPese,0.0,False,immature,0.59795,False,,-1,-0.02262,-0.07234857,0.03842524066567421,0.023047499358654022
1852,matters,low_maturity_control,True,English,4.72,False,immature,0.888575,True,orthographic_hard,47,0.20800178,0.04535669,0.03842524066567421,0.023047499358654022
1853,approx,low_maturity_control,True,English,3.51,False,immature,0.1475,True,low_both,446,0.26124713,0.14290491,0.03842524066567421,0.023047499358654022
1854,required,low_maturity_control,True,English,5.02,False,immature,0.7177250000000001,True,immature_readable,345,0.17559308,0.018005999,0.03842524066567421,0.023047499358654022
1855,vnthis,low_maturity_control,False,CLIPese,0.0,False,immature,0.44909999999999994,False,,-1,0.21523018,0.09733806,0.03842524066567421,0.023047499358654022
1856,befri,low_maturity_control,False,CLIPese,0.0,False,immature,0.42807500000000004,False,,-1,0.17710865,0.06788059,0.03842524066567421,0.023047499358654022
1857,outcome,low_maturity_control,True,English,4.35,False,immature,0.8109500000000001,True,immature_readable,307,0.24484599,0.099093005,0.03842524066567421,0.023047499358654022
1858,acreative,low_maturity_control,False,CLIPese,0.0,False,immature,0.6878250000000001,True,immature_readable,339,0.34885493,-0.10752326,0.03842524066567421,0.023047499358654022
1859,defining,low_maturity_control,True,English,3.96,False,immature,0.7112,True,immature_readable,352,0.26569203,-0.021130102,0.03842524066567421,0.023047499358654022
1860,thing,low_maturity_control,True,English,5.72,False,immature,0.54135,False,,-1,0.2901773,0.023000564,0.03842524066567421,0.023047499358654022
1861,regards,low_maturity_control,True,English,4.2,False,immature,0.5489499999999999,False,,-1,0.24406762,0.006828597,0.03842524066567421,0.023047499358654022
1862,entitled,low_maturity_control,True,English,4.51,False,immature,0.763225,True,immature_readable,320,0.26675183,-0.006795973,0.03842524066567421,0.023047499358654022
1863,ening,low_maturity_control,True,English,1.17,False,immature,0.549775,False,,-1,0.090798065,-0.10956705,0.03842524066567421,0.023047499358654022
1864,atment,low_maturity_control,False,CLIPese,0.0,False,immature,0.553775,False,,-1,-0.029687878,0.25109154,0.03842524066567421,0.023047499358654022
1865,atured,low_maturity_control,False,CLIPese,0.0,False,immature,0.42867500000000003,False,,-1,0.17150943,-0.21700503,0.03842524066567421,0.023047499358654022
1866,referred,low_maturity_control,True,English,4.61,False,immature,0.5433500000000001,False,,-1,0.30611223,0.17576191,0.03842524066567421,0.023047499358654022
1867,clause,low_maturity_control,True,English,3.99,False,immature,0.918275,True,immature_readable,281,0.38543394,0.029827677,0.03842524066567421,0.023047499358654022
1868,aided,low_maturity_control,True,English,3.74,False,immature,0.629,True,immature_readable,355,0.10269874,-0.15231979,0.03842524066567421,0.023047499358654022
1869,comingof,low_maturity_control,False,CLIPese,0.0,False,immature,0.458875,False,,-1,0.08627157,-0.13806587,0.03842524066567421,0.023047499358654022
1870,consists,low_maturity_control,True,English,4.39,False,immature,0.621125,True,immature_readable,366,0.1397111,0.23506641,0.03842524066567421,0.023047499358654022
1871,owned,low_maturity_control,True,English,4.76,False,immature,0.6436249999999999,True,immature_readable,365,0.3522495,-0.11176166,0.03842524066567421,0.023047499358654022
1872,banned,low_maturity_control,True,English,4.41,False,immature,0.842675,True,immature_readable,298,0.38741216,0.16398676,0.03842524066567421,0.023047499358654022
1873,ously,low_maturity_control,True,English,1.23,False,immature,0.400675,False,,-1,0.21674092,0.06354143,0.03842524066567421,0.023047499358654022
1874,madeby,low_maturity_control,False,CLIPese,0.0,False,immature,0.666525,True,immature_readable,349,0.1328154,0.120568946,0.03842524066567421,0.023047499358654022
1875,asings,low_maturity_control,False,CLIPese,0.0,False,immature,0.914525,True,immature_readable,282,0.264331,0.017427161,0.03842524066567421,0.023047499358654022
1876,dunno,low_maturity_control,True,English,3.76,False,immature,0.4959,False,,-1,0.33065838,-0.21419355,0.03842524066567421,0.023047499358654022
1877,coded,low_maturity_control,True,English,3.58,False,immature,0.5091000000000001,False,,-1,0.31534746,0.050904587,0.03842524066567421,0.023047499358654022
1878,fromthe,low_maturity_control,True,English,1.82,False,immature,0.31595,True,low_both,467,0.209534,0.12673797,0.03842524066567421,0.023047499358654022
1879,association,low_maturity_control,True,English,5.01,False,immature,0.6993499999999999,True,immature_readable,331,0.25069198,0.1019614,0.03842524066567421,0.023047499358654022
1880,consisted,low_maturity_control,True,English,3.91,False,immature,0.2024,True,low_both,457,0.27719903,0.029656546,0.03842524066567421,0.023047499358654022
1881,authent,low_maturity_control,False,CLIPese,0.0,False,immature,0.56365,False,,-1,0.37071157,0.05846344,0.03842524066567421,0.023047499358654022
1882,assures,low_maturity_control,True,English,3.23,False,immature,0.23435000000000003,True,low_both,460,0.27957553,-0.06558017,0.03842524066567421,0.023047499358654022
1883,term,low_maturity_control,True,English,5.23,False,immature,0.8531,True,immature_readable,291,0.13463648,0.1320533,0.03842524066567421,0.023047499358654022
1884,tured,low_maturity_control,True,English,1.08,False,immature,0.38605,False,,-1,0.18457003,0.15703247,0.03842524066567421,0.023047499358654022
1885,couldbe,low_maturity_control,True,English,1.1,False,immature,0.497975,False,,-1,0.36000088,-0.065410964,0.03842524066567421,0.023047499358654022
1886,ailed,low_maturity_control,True,English,1.64,False,immature,0.26085,True,low_both,462,0.26097882,-0.09830148,0.03842524066567421,0.023047499358654022
1887,utilized,low_maturity_control,True,English,3.83,False,immature,0.406575,False,,-1,0.24694362,-0.18993607,0.03842524066567421,0.023047499358654022
1888,doesn,low_maturity_control,True,English,3.22,False,immature,0.35855,True,low_both,483,0.46279564,-0.10612245,0.03842524066567421,0.023047499358654022
1889,undul,low_maturity_control,False,CLIPese,0.0,False,immature,0.7875249999999999,True,immature_readable,306,0.113561854,-0.3422642,0.03842524066567421,0.023047499358654022
1890,alwayss,low_maturity_control,False,CLIPese,0.0,False,immature,0.5811999999999999,False,,-1,0.4229833,-0.17022967,0.03842524066567421,0.023047499358654022
1891,dedicated,low_maturity_control,True,English,4.58,False,immature,0.8239,True,immature_readable,315,0.17264129,0.04393151,0.03842524066567421,0.023047499358654022
1892,itated,low_maturity_control,False,CLIPese,0.0,False,immature,0.488675,False,,-1,0.14796582,-0.022117095,0.03842524066567421,0.023047499358654022
1893,reads,low_maturity_control,True,English,4.25,False,immature,0.564025,False,,-1,0.4162215,0.3712658,0.03842524066567421,0.023047499358654022
1894,aforever,low_maturity_control,False,CLIPese,0.0,False,immature,0.43535000000000007,False,,-1,0.45439115,-0.056966588,0.03842524066567421,0.023047499358654022
1895,attending,low_maturity_control,True,English,4.31,False,immature,0.7588,True,immature_readable,329,0.17078456,-0.044691317,0.03842524066567421,0.023047499358654022
1896,became,low_maturity_control,True,English,5.15,False,immature,0.6121000000000001,False,,-1,0.101101056,-0.07791797,0.03842524066567421,0.023047499358654022
1897,test,low_maturity_control,True,English,5.19,False,immature,0.366875,True,low_both,481,0.3122578,0.1732237,0.03842524066567421,0.023047499358654022
1898,accompanied,low_maturity_control,True,English,4.25,False,immature,0.347675,True,low_both,475,0.049164817,-0.02906007,0.03842524066567421,0.023047499358654022
1899,uploaded,low_maturity_control,True,English,3.92,False,immature,0.196075,True,low_both,456,0.056220204,0.12802625,0.03842524066567421,0.023047499358654022
1900,mbles,low_maturity_control,False,CLIPese,0.0,False,immature,0.528575,False,,-1,0.13651511,0.013106823,0.03842524066567421,0.023047499358654022
1901,sends,low_maturity_control,True,English,4.15,False,immature,0.5222,False,,-1,0.4703238,0.18141018,0.03842524066567421,0.023047499358654022
1902,deptof,low_maturity_control,False,CLIPese,0.0,False,immature,0.405875,False,,-1,0.16819091,0.015686208,0.03842524066567421,0.023047499358654022
1903,anote,low_maturity_control,True,English,1.25,False,immature,0.479425,False,,-1,0.1336429,0.012562279,0.03842524066567421,0.023047499358654022
1904,helped,low_maturity_control,True,English,4.88,False,immature,0.89225,True,immature_readable,299,0.386463,-0.03651778,0.03842524066567421,0.023047499358654022
1905,sibly,low_maturity_control,True,English,1.13,False,immature,0.6541250000000001,True,immature_readable,330,0.10808797,-0.13617606,0.03842524066567421,0.023047499358654022
1906,withit,low_maturity_control,True,English,1.14,False,immature,0.48927500000000007,False,,-1,0.3447725,-0.06489403,0.03842524066567421,0.023047499358654022
1907,fying,low_maturity_control,True,English,1.43,False,immature,0.348325,True,low_both,473,0.2473736,-0.08287528,0.03842524066567421,0.023047499358654022
1908,copy,low_maturity_control,True,English,4.77,False,immature,0.468275,False,,-1,0.35378417,0.14888076,0.03842524066567421,0.023047499358654022
1909,pleasee,low_maturity_control,True,English,1.02,False,immature,0.682,True,immature_readable,362,0.40501636,0.15358634,0.03842524066567421,0.023047499358654022
1910,fication,low_maturity_control,True,English,1.31,False,immature,0.6236,True,immature_readable,360,0.061388377,-0.15872979,0.03842524066567421,0.023047499358654022
1911,situation,low_maturity_control,True,English,5.09,False,immature,0.85275,True,immature_readable,302,0.31177616,-0.05187753,0.03842524066567421,0.023047499358654022
1912,clashed,low_maturity_control,True,English,3.12,False,immature,0.91245,True,immature_readable,289,0.2512528,0.049918428,0.03842524066567421,0.023047499358654022
1913,week,low_maturity_control,True,English,5.56,False,immature,0.92755,True,immature_readable,283,0.45428234,0.0004894592,0.03842524066567421,0.023047499358654022
1914,frommy,low_maturity_control,False,CLIPese,0.0,False,immature,0.21755,True,low_both,458,-0.07873499,0.27925727,0.03842524066567421,0.023047499358654022
1915,enjoys,low_maturity_control,True,English,3.93,False,immature,0.5604,False,,-1,0.053019375,0.19825234,0.03842524066567421,0.023047499358654022
1916,wouldn,low_maturity_control,True,English,2.8,False,immature,0.644725,True,immature_readable,363,0.39807954,-0.34051555,0.03842524066567421,0.023047499358654022
1917,getin,low_maturity_control,True,English,1.44,False,immature,0.7698,True,immature_readable,309,0.09224464,-0.05174467,0.03842524066567421,0.023047499358654022
1918,interpreted,low_maturity_control,True,English,3.92,False,immature,0.53585,False,,-1,0.09316779,0.07169534,0.03842524066567421,0.023047499358654022
1919,everythin,low_maturity_control,True,English,1.96,False,immature,0.6574,True,immature_readable,348,0.10854462,0.083706364,0.03842524066567421,0.023047499358654022
1920,illating,low_maturity_control,False,CLIPese,0.0,False,immature,0.50055,False,,-1,0.07519283,-0.20217556,0.03842524066567421,0.023047499358654022
1921,appreciated,low_maturity_control,True,English,4.16,False,immature,0.360575,True,low_both,479,0.14402312,0.037556536,0.03842524066567421,0.023047499358654022
1922,appreciates,low_maturity_control,True,English,3.38,False,immature,0.43095,False,,-1,0.027217992,0.065946385,0.03842524066567421,0.023047499358654022
1923,compromised,low_maturity_control,True,English,3.78,False,immature,0.53145,False,,-1,-0.020161856,0.08514194,0.03842524066567421,0.023047499358654022
1924,enjoyed,low_maturity_control,True,English,4.59,False,immature,0.6109999999999999,False,,-1,0.20540848,0.054115023,0.03842524066567421,0.023047499358654022
1925,announcing,low_maturity_control,True,English,3.87,False,immature,0.7798999999999999,True,immature_readable,321,0.44904587,0.049379107,0.03842524066567421,0.023047499358654022
1926,probz,low_maturity_control,True,English,1.44,False,immature,0.21592500000000003,True,low_both,451,0.19327267,-0.04190176,0.03842524066567421,0.023047499358654022
1927,caused,low_maturity_control,True,English,4.88,False,immature,0.825225,True,immature_readable,313,0.32876095,-0.3292135,0.03842524066567421,0.023047499358654022
1928,murdered,low_maturity_control,True,English,4.32,False,immature,0.4455,False,,-1,0.07037659,-0.12346896,0.03842524066567421,0.023047499358654022
1929,bringing,low_maturity_control,True,English,4.71,False,immature,0.813675,True,immature_readable,323,0.33877206,-0.037682574,0.03842524066567421,0.023047499358654022
1930,allowing,low_maturity_control,True,English,4.62,False,immature,0.7120499999999998,True,immature_readable,341,0.3797698,-0.043362554,0.03842524066567421,0.023047499358654022
1931,outs,low_maturity_control,True,English,3.86,False,immature,0.73735,True,immature_readable,328,0.4169349,-0.14534591,0.03842524066567421,0.023047499358654022
1932,stateof,low_maturity_control,True,English,1.36,False,immature,0.824825,True,immature_readable,300,0.23148546,0.14183438,0.03842524066567421,0.023047499358654022
1933,alecoscino,low_maturity_control,False,CLIPese,0.0,False,immature,0.18025,True,low_both,448,0.06769532,0.12016934,0.03842524066567421,0.023047499358654022
1934,argued,low_maturity_control,True,English,4.36,False,immature,0.7263749999999999,True,immature_readable,336,0.38870174,0.1228402,0.03842524066567421,0.023047499358654022
1935,succeeded,low_maturity_control,True,English,4.14,False,immature,0.950175,True,immature_readable,290,0.1480204,-0.25504234,0.03842524066567421,0.023047499358654022
1936,suggested,low_maturity_control,True,English,4.68,False,immature,0.77015,True,immature_readable,327,0.35725152,0.058018874,0.03842524066567421,0.023047499358654022
1937,mizes,low_maturity_control,False,CLIPese,0.0,False,immature,0.7742999999999999,True,immature_readable,310,0.015729124,0.016964031,0.03842524066567421,0.023047499358654022
1938,ftheday,low_maturity_control,False,CLIPese,0.0,False,immature,0.6134499999999999,False,,-1,0.07531549,0.03985943,0.03842524066567421,0.023047499358654022
1939,itation,low_maturity_control,False,CLIPese,0.0,False,immature,0.47117499999999995,False,,-1,0.011399908,0.08289769,0.03842524066567421,0.023047499358654022
1940,contr,low_maturity_control,True,English,2.21,False,immature,0.684175,True,immature_readable,344,0.27467027,0.2068112,0.03842524066567421,0.023047499358654022
1941,athers,low_maturity_control,True,English,1.04,False,immature,0.39280000000000004,False,,-1,0.11877271,0.058711957,0.03842524066567421,0.023047499358654022
1942,avond,low_maturity_control,False,CLIPese,0.0,False,immature,0.523425,False,,-1,0.28291872,0.22495337,0.03842524066567421,0.023047499358654022
1943,isure,low_maturity_control,False,CLIPese,0.0,False,immature,0.45972500000000005,False,,-1,0.08789447,-0.08071682,0.03842524066567421,0.023047499358654022
1944,nough,low_maturity_control,True,English,1.75,False,immature,0.6231,True,immature_readable,358,0.21325496,-0.21438956,0.03842524066567421,0.023047499358654022
1945,picoftheday,low_maturity_control,True,English,1.18,False,immature,0.21982500000000002,True,low_both,455,-0.039785936,-0.015111602,0.03842524066567421,0.023047499358654022
1946,reveals,low_maturity_control,True,English,4.34,False,immature,0.5625249999999999,False,,-1,0.3551225,0.12592348,0.03842524066567421,0.023047499358654022
1947,accomod,low_maturity_control,False,CLIPese,0.0,False,immature,0.665375,True,immature_readable,354,-0.0145168025,0.1886574,0.03842524066567421,0.023047499358654022
1948,abetter,low_maturity_control,True,English,1.19,False,immature,0.9072,True,immature_readable,285,0.0776131,-0.048504975,0.03842524066567421,0.023047499358654022
1949,agood,low_maturity_control,True,English,1.69,False,immature,0.47227499999999994,False,,-1,0.2783818,0.09123973,0.03842524066567421,0.023047499358654022
1950,attributed,low_maturity_control,True,English,4.05,False,immature,0.15235,True,low_both,449,0.13342418,0.045900825,0.03842524066567421,0.023047499358654022
1951,callsthe,low_maturity_control,False,CLIPese,0.0,False,immature,0.5814,False,,-1,0.331575,-0.010687797,0.03842524066567421,0.023047499358654022
1952,extends,low_maturity_control,True,English,3.99,False,immature,0.5699000000000001,False,,-1,0.25979003,-0.04182903,0.03842524066567421,0.023047499358654022
1953,notbe,low_maturity_control,True,English,1.1,False,immature,0.5502,False,,-1,0.23208727,-0.15809788,0.03842524066567421,0.023047499358654022
1954,acquis,low_maturity_control,True,English,1.72,False,immature,0.5463250000000001,False,,-1,0.22396629,-0.18578474,0.03842524066567421,0.023047499358654022
1955,madewith,low_maturity_control,False,CLIPese,0.0,False,immature,0.288775,True,low_both,469,0.1257536,-0.22553392,0.03842524066567421,0.023047499358654022
1956,bestofthe,low_maturity_control,False,CLIPese,0.0,False,immature,0.6331,True,immature_readable,357,0.08801503,-0.12321868,0.03842524066567421,0.023047499358654022
1957,shared,low_maturity_control,True,English,4.68,False,immature,0.813525,True,immature_readable,314,0.42776465,0.14946076,0.03842524066567421,0.023047499358654022
1958,assisted,low_maturity_control,True,English,4.1,False,immature,0.91465,True,immature_readable,284,0.14327426,-0.044020776,0.03842524066567421,0.023047499358654022
1959,acqui,low_maturity_control,True,English,1.63,False,immature,0.5221750000000001,False,,-1,0.22961266,-0.35068366,0.03842524066567421,0.023047499358654022
1960,joined,low_maturity_control,True,English,4.73,False,immature,0.8063750000000001,True,immature_readable,319,0.3151753,-0.005672035,0.03842524066567421,0.023047499358654022
1961,siest,low_maturity_control,False,CLIPese,0.0,False,immature,0.216625,True,low_both,452,0.131367,0.005193499,0.03842524066567421,0.023047499358654022
1962,achem,low_maturity_control,False,CLIPese,0.0,False,immature,0.6791,True,immature_readable,332,0.0667254,0.13032101,0.03842524066567421,0.023047499358654022
1963,exists,low_maturity_control,True,English,4.48,False,immature,0.73055,True,immature_readable,333,0.28584674,0.10884816,0.03842524066567421,0.023047499358654022
1964,chered,low_maturity_control,False,CLIPese,0.0,False,immature,0.84315,True,immature_readable,303,0.03670191,0.0026181682,0.03842524066567421,0.023047499358654022
1965,atten,low_maturity_control,True,English,2.25,False,immature,0.8291249999999999,True,immature_readable,316,0.28394407,-0.072403096,0.03842524066567421,0.023047499358654022
1966,couldnt,low_maturity_control,True,English,3.43,False,immature,0.65615,True,immature_readable,359,0.30700648,-0.04402134,0.03842524066567421,0.023047499358654022
1967,gives,low_maturity_control,True,English,5.03,False,immature,0.754275,True,immature_readable,326,0.5193484,0.067259796,0.03842524066567421,0.023047499358654022
1968,aphoto,low_maturity_control,False,CLIPese,0.0,False,immature,0.23685,True,low_both,459,0.26064312,-0.15244631,0.03842524066567421,0.023047499358654022
1969,volved,low_maturity_control,False,CLIPese,0.0,False,immature,0.37422500000000003,True,low_both,471,0.26440406,-0.019072881,0.03842524066567421,0.023047499358654022
1970,observed,low_maturity_control,True,English,4.39,False,immature,0.8356,True,orthographic_hard,18,0.3726097,0.01016263,0.03842524066567421,0.023047499358654022
1971,referring,low_maturity_control,True,English,4.35,False,immature,0.765225,True,immature_readable,322,0.32948422,0.05661536,0.03842524066567421,0.023047499358654022
1972,alizes,low_maturity_control,False,CLIPese,0.0,False,immature,0.609225,False,,-1,0.29836503,0.005531362,0.03842524066567421,0.023047499358654022
1973,blog,low_maturity_control,True,English,4.73,False,immature,0.6045,False,,-1,0.36683148,0.030935716,0.03842524066567421,0.023047499358654022
1974,introduced,low_maturity_control,True,English,4.72,False,immature,0.54125,False,,-1,0.18939996,0.16527623,0.03842524066567421,0.023047499358654022
1975,overlooked,low_maturity_control,True,English,3.82,False,immature,0.656375,True,immature_readable,364,0.09997715,-0.020519244,0.03842524066567421,0.023047499358654022
1976,areyou,low_maturity_control,True,English,1.29,False,immature,0.35045,True,low_both,478,0.44073075,0.15001093,0.03842524066567421,0.023047499358654022
1977,asserted,low_maturity_control,True,English,3.59,False,immature,0.923275,True,immature_readable,296,0.15972692,-0.04962475,0.03842524066567421,0.023047499358654022
1978,endif,low_maturity_control,True,English,1.67,False,immature,0.396625,False,,-1,0.19637781,0.047193352,0.03842524066567421,0.023047499358654022
1979,second,low_maturity_control,True,English,5.63,False,immature,0.7282,True,immature_readable,340,0.3366187,-0.20564118,0.03842524066567421,0.023047499358654022
1980,authored,low_maturity_control,True,English,3.49,False,immature,0.21015,True,low_both,454,0.2790623,-0.14670743,0.03842524066567421,0.023047499358654022
1981,lives,low_maturity_control,True,English,5.14,False,immature,0.871775,True,immature_readable,294,0.48229557,0.14690408,0.03842524066567421,0.023047499358654022
1982,thenew,low_maturity_control,True,English,1.49,False,immature,0.670675,True,immature_readable,350,0.26333383,-0.09176689,0.03842524066567421,0.023047499358654022
1983,agrees,low_maturity_control,True,English,4.08,False,immature,0.62585,True,immature_readable,367,0.3195118,-0.111994,0.03842524066567421,0.023047499358654022
1984,todays,low_maturity_control,True,English,3.1,False,immature,0.511225,False,,-1,0.4378439,0.21432829,0.03842524066567421,0.023047499358654022
1985,graced,low_maturity_control,True,English,2.99,False,immature,0.6677500000000001,True,immature_readable,361,0.20984271,0.10918547,0.03842524066567421,0.023047499358654022
1986,proves,low_maturity_control,True,English,4.06,False,immature,0.7840750000000001,True,immature_readable,318,0.25676954,0.27780703,0.03842524066567421,0.023047499358654022
1987,imagined,low_maturity_control,True,English,4.07,False,immature,0.7951250000000001,True,immature_readable,304,0.14710231,0.0025359713,0.03842524066567421,0.023047499358654022
1988,sumed,low_maturity_control,True,English,1.02,False,immature,0.7352000000000001,True,immature_readable,325,0.018191619,-0.09569053,0.03842524066567421,0.023047499358654022
1989,toknow,low_maturity_control,True,English,1.11,False,immature,0.387575,False,,-1,0.26369902,-0.29004192,0.03842524066567421,0.023047499358654022
1990,example,low_maturity_control,True,English,5.27,False,immature,0.2152,True,low_both,453,-0.031193497,-0.041646224,0.03842524066567421,0.023047499358654022
1991,alleged,low_maturity_control,True,English,4.37,False,immature,0.469025,False,,-1,0.2971493,0.012826981,0.03842524066567421,0.023047499358654022
1992,madeto,low_maturity_control,False,CLIPese,0.0,False,immature,0.86255,True,immature_readable,293,0.08256009,-0.14121173,0.03842524066567421,0.023047499358654022
1993,andthe,low_maturity_control,True,English,2.12,False,immature,0.37079999999999996,True,low_both,485,0.3534613,0.022460088,0.03842524066567421,0.023047499358654022
1994,constituted,low_maturity_control,True,English,3.58,False,immature,0.7048749999999999,True,immature_readable,334,0.20815726,-0.12730113,0.03842524066567421,0.023047499358654022
1995,terday,low_maturity_control,False,CLIPese,0.0,False,immature,0.8778,True,immature_readable,292,0.08792593,-0.020306658,0.03842524066567421,0.023047499358654022
1996,served,low_maturity_control,True,English,4.81,False,immature,0.887575,True,orthographic_hard,19,0.24560761,-0.11474103,0.03842524066567421,0.023047499358654022
1997,viewed,low_maturity_control,True,English,4.31,False,immature,0.504875,False,,-1,0.3553979,0.02481019,0.03842524066567421,0.023047499358654022
1998,ative,low_maturity_control,True,English,1.22,False,immature,0.43865000000000004,False,,-1,0.32962766,0.21480037,0.03842524066567421,0.023047499358654022
1999,named,low_maturity_control,True,English,4.95,False,immature,0.450325,False,,-1,0.25228798,0.13295898,0.03842524066567421,0.023047499358654022
