word_id,word,selection_group,is_english,language_class,english_zipf,is_mature,maturity_class,readability_score,selected_for_overlay,overlay_stratum,selection_order,pc1,pc2,pc1_explained_variance,pc2_explained_variance
0,colorimagemicroscope,high_maturity,False,CLIPese,0.0,True,mature,0.21830000000000002,False,,-1,0.21706504,0.092984855,0.09719792753458023,0.03772127628326416
1,chihuahuhooded,high_maturity,False,CLIPese,0.0,True,mature,0.34255,False,,-1,0.31691557,-0.15564771,0.09719792753458023,0.03772127628326416
2,chihuahunvidia,high_maturity,False,CLIPese,0.0,True,mature,0.569525,False,,-1,0.24561147,-0.23415974,0.09719792753458023,0.03772127628326416
3,binochihuahu,high_maturity,False,CLIPese,0.0,True,mature,0.65185,False,,-1,0.25552192,-0.20291108,0.09719792753458023,0.03772127628326416
4,chihuahu,high_maturity,False,CLIPese,0.0,True,mature,0.49107500000000004,False,,-1,0.25515807,-0.23352458,0.09719792753458023,0.03772127628326416
5,chihuahuframed,high_maturity,False,CLIPese,0.0,True,mature,0.6575249999999999,False,,-1,0.32911885,-0.15387087,0.09719792753458023,0.03772127628326416
6,bharatmicroscopy,high_maturity,False,CLIPese,0.0,True,mature,0.6784,False,,-1,0.01527174,0.12950467,0.09719792753458023,0.03772127628326416
7,alfremicroscopy,high_maturity,False,CLIPese,0.0,True,mature,0.53045,True,orthographic_hard,36,0.08845732,0.1503534,0.09719792753458023,0.03772127628326416
8,chihuahuas,high_maturity,True,English,2.39,True,mature,0.389225,False,,-1,0.23218086,-0.25378123,0.09719792753458023,0.03772127628326416
9,buscchihuahua,high_maturity,False,CLIPese,0.0,True,mature,0.65285,False,,-1,0.23695982,-0.25075176,0.09719792753458023,0.03772127628326416
10,anarchisemicsymbol,high_maturity,False,CLIPese,0.0,True,mature,0.58435,False,,-1,0.019462697,0.03673627,0.09719792753458023,0.03772127628326416
11,chihuahuportrait,high_maturity,False,CLIPese,0.0,True,mature,0.32735000000000003,False,,-1,0.27957606,-0.15761319,0.09719792753458023,0.03772127628326416
12,anarchideadpool,high_maturity,False,CLIPese,0.0,True,mature,0.6019749999999999,False,,-1,0.028878942,-0.05976359,0.09719792753458023,0.03772127628326416
13,autismasolardepicted,high_maturity,False,CLIPese,0.0,True,mature,0.33494999999999997,False,,-1,0.08250325,0.19119883,0.09719792753458023,0.03772127628326416
14,balochihuahua,high_maturity,False,CLIPese,0.0,True,mature,0.3169,False,,-1,0.26892352,-0.2531644,0.09719792753458023,0.03772127628326416
15,chihuahuyogurt,high_maturity,False,CLIPese,0.0,True,mature,0.671225,False,,-1,0.27815872,-0.23325165,0.09719792753458023,0.03772127628326416
16,cubempy,high_maturity,False,CLIPese,0.0,True,mature,0.598,False,,-1,0.061403967,0.09460341,0.09719792753458023,0.03772127628326416
17,amermicroscopy,high_maturity,False,CLIPese,0.0,True,mature,0.697725,True,orthographic_hard,37,-0.040995408,0.19566661,0.09719792753458023,0.03772127628326416
18,chukchihuahua,high_maturity,False,CLIPese,0.0,True,mature,0.599325,False,,-1,0.14003938,-0.2072868,0.09719792753458023,0.03772127628326416
19,anarchidrawing,high_maturity,False,CLIPese,0.0,True,mature,0.7293749999999999,True,orthographic_hard,6,-0.027199212,0.004673015,0.09719792753458023,0.03772127628326416
20,cybermicroscopy,high_maturity,False,CLIPese,0.0,True,mature,0.291375,False,,-1,-0.05699809,0.24244598,0.09719792753458023,0.03772127628326416
21,bernadetransimicroscopy,high_maturity,False,CLIPese,0.0,True,mature,0.39724999999999994,False,,-1,0.13326848,0.22416127,0.09719792753458023,0.03772127628326416
22,anarchidrawings,high_maturity,False,CLIPese,0.0,True,mature,0.5539499999999999,True,orthographic_hard,7,0.07075772,-0.023906665,0.09719792753458023,0.03772127628326416
23,cartoonfortniteemojis,high_maturity,False,CLIPese,0.0,True,mature,0.39827499999999993,False,,-1,0.148892,0.077704236,0.09719792753458023,0.03772127628326416
24,chihuahua,high_maturity,True,English,3.21,True,mature,0.369475,False,,-1,0.13873832,-0.24934103,0.09719792753458023,0.03772127628326416
25,abaschihuahua,high_maturity,False,CLIPese,0.0,True,mature,0.627275,False,,-1,0.311317,-0.22090821,0.09719792753458023,0.03772127628326416
26,augmentejaws,high_maturity,False,CLIPese,0.0,True,mature,0.3913,False,,-1,0.13316384,0.0056830724,0.09719792753458023,0.03772127628326416
27,cubecube,high_maturity,False,CLIPese,0.0,True,mature,0.550625,False,,-1,-0.05518948,0.07841711,0.09719792753458023,0.03772127628326416
28,accentmicroscopy,high_maturity,False,CLIPese,0.0,True,mature,0.347375,False,,-1,-0.0002001228,0.1953579,0.09719792753458023,0.03772127628326416
29,backstreetspaghetti,high_maturity,False,CLIPese,0.0,True,mature,0.5650499999999999,False,,-1,0.00861992,-0.03246063,0.09719792753458023,0.03772127628326416
30,clintonhallucinpixelart,high_maturity,False,CLIPese,0.0,True,mature,0.1217,False,,-1,0.19749422,0.2566372,0.09719792753458023,0.03772127628326416
31,cytoscrambled,high_maturity,False,CLIPese,0.0,True,mature,0.64025,False,,-1,0.18490613,0.27101967,0.09719792753458023,0.03772127628326416
32,daimscrambled,high_maturity,False,CLIPese,0.0,True,mature,0.7094250000000001,False,,-1,0.11015474,0.26713926,0.09719792753458023,0.03772127628326416
33,catpixelart,high_maturity,False,CLIPese,0.0,True,mature,0.11347499999999999,False,,-1,0.15182945,0.1239222,0.09719792753458023,0.03772127628326416
34,chipmunfracking,high_maturity,False,CLIPese,0.0,True,mature,0.183825,False,,-1,0.14480877,-0.25402656,0.09719792753458023,0.03772127628326416
35,augmenteshark,high_maturity,False,CLIPese,0.0,True,mature,0.533525,False,,-1,0.19083185,0.0066769724,0.09719792753458023,0.03772127628326416
36,chipmunnursing,high_maturity,False,CLIPese,0.0,True,mature,0.16620000000000001,False,,-1,0.32078022,-0.28998715,0.09719792753458023,0.03772127628326416
37,anarchialvin,high_maturity,False,CLIPese,0.0,True,mature,0.616825,False,,-1,0.04690781,-0.14849667,0.09719792753458023,0.03772127628326416
38,choriliquimicroscopy,high_maturity,False,CLIPese,0.0,True,mature,0.23345000000000002,False,,-1,0.08578669,0.14490758,0.09719792753458023,0.03772127628326416
39,bananbananheadphone,high_maturity,False,CLIPese,0.0,True,mature,0.64635,False,,-1,0.039720125,-0.1157172,0.09719792753458023,0.03772127628326416
40,calibrhumidivolcano,high_maturity,False,CLIPese,0.0,True,mature,0.34359999999999996,False,,-1,0.20364398,-0.08411639,0.09719792753458023,0.03772127628326416
41,chihuahucolorized,high_maturity,False,CLIPese,0.0,True,mature,0.348475,False,,-1,0.33957598,-0.0716018,0.09719792753458023,0.03772127628326416
42,chipmunchipmunstraw,high_maturity,False,CLIPese,0.0,True,mature,0.035824999999999996,True,mature_weak,385,0.1370659,-0.25660706,0.09719792753458023,0.03772127628326416
43,containemoji,high_maturity,False,CLIPese,0.0,True,mature,0.333,False,,-1,0.1584688,0.066625684,0.09719792753458023,0.03772127628326416
44,anarchidoodles,high_maturity,False,CLIPese,0.0,True,mature,0.9022000000000001,False,,-1,0.02224877,-0.02768624,0.09719792753458023,0.03772127628326416
45,brainmicroscopy,high_maturity,False,CLIPese,0.0,True,mature,0.30505,False,,-1,-0.027660081,0.21887895,0.09719792753458023,0.03772127628326416
46,catalypixelart,high_maturity,False,CLIPese,0.0,True,mature,0.1604,False,,-1,0.03474612,0.2585797,0.09719792753458023,0.03772127628326416
47,cubeproposing,high_maturity,False,CLIPese,0.0,True,mature,0.8755000000000002,True,mature_readable,95,0.028754545,0.04161861,0.09719792753458023,0.03772127628326416
48,counterfemicroscopy,high_maturity,False,CLIPese,0.0,True,mature,0.34255,False,,-1,-0.045763303,0.1861069,0.09719792753458023,0.03772127628326416
49,crystfracpixelart,high_maturity,False,CLIPese,0.0,True,mature,0.071325,True,mature_weak,420,0.19009277,0.4194526,0.09719792753458023,0.03772127628326416
50,copernicpanoramic,high_maturity,False,CLIPese,0.0,True,mature,0.21165,False,,-1,0.14633448,0.08590101,0.09719792753458023,0.03772127628326416
51,autuscrambled,high_maturity,False,CLIPese,0.0,True,mature,0.7933749999999999,False,,-1,0.09158562,0.14416702,0.09719792753458023,0.03772127628326416
52,banandeeplearning,high_maturity,False,CLIPese,0.0,True,mature,0.36867500000000003,False,,-1,0.15259615,-0.025747988,0.09719792753458023,0.03772127628326416
53,adjaccube,high_maturity,False,CLIPese,0.0,True,mature,0.5077750000000001,False,,-1,0.036572825,0.103233226,0.09719792753458023,0.03772127628326416
54,autismabear,high_maturity,False,CLIPese,0.0,True,mature,0.6863999999999999,False,,-1,0.15876031,-0.07538339,0.09719792753458023,0.03772127628326416
55,augmentedisneyland,high_maturity,False,CLIPese,0.0,True,mature,0.64475,False,,-1,0.16183524,0.07588326,0.09719792753458023,0.03772127628326416
56,chipmunreferendum,high_maturity,False,CLIPese,0.0,True,mature,0.629,False,,-1,0.13553771,-0.23212652,0.09719792753458023,0.03772127628326416
57,beachbhafc,high_maturity,False,CLIPese,0.0,True,mature,0.7847,False,,-1,0.18732867,-0.11061966,0.09719792753458023,0.03772127628326416
58,backstreetpanorama,high_maturity,False,CLIPese,0.0,True,mature,0.33965,False,,-1,0.044605978,0.015289588,0.09719792753458023,0.03772127628326416
59,calibrhumidiadapter,high_maturity,False,CLIPese,0.0,True,mature,0.48485,False,,-1,0.07854006,-0.009345814,0.09719792753458023,0.03772127628326416
60,cougarcougar,high_maturity,False,CLIPese,0.0,True,mature,0.41762499999999997,False,,-1,0.26734716,-0.26493767,0.09719792753458023,0.03772127628326416
61,coralmicroscope,high_maturity,False,CLIPese,0.0,True,mature,0.30610000000000004,False,,-1,0.037412092,0.14804827,0.09719792753458023,0.03772127628326416
62,castellpixelart,high_maturity,False,CLIPese,0.0,True,mature,0.14547500000000002,False,,-1,-0.020141713,0.2389115,0.09719792753458023,0.03772127628326416
63,allanpixelart,high_maturity,False,CLIPese,0.0,True,mature,0.09507500000000002,False,,-1,0.106567815,0.19950067,0.09719792753458023,0.03772127628326416
64,chocoljoachim,high_maturity,False,CLIPese,0.0,True,mature,0.501775,False,,-1,-0.027078379,-0.1123775,0.09719792753458023,0.03772127628326416
65,autuglitch,high_maturity,False,CLIPese,0.0,True,mature,0.580375,False,,-1,0.15995406,0.37210315,0.09719792753458023,0.03772127628326416
66,barbescrambled,high_maturity,False,CLIPese,0.0,True,mature,0.683225,False,,-1,-0.036732566,-0.01586285,0.09719792753458023,0.03772127628326416
67,chipmunpbr,high_maturity,False,CLIPese,0.0,True,mature,0.313425,False,,-1,0.13963117,-0.2798826,0.09719792753458023,0.03772127628326416
68,cyberpixelart,high_maturity,False,CLIPese,0.0,True,mature,0.10195000000000001,False,,-1,0.048135873,0.28935027,0.09719792753458023,0.03772127628326416
69,cybermicroscope,high_maturity,False,CLIPese,0.0,True,mature,0.5769500000000001,False,,-1,0.09448727,0.15644,0.09719792753458023,0.03772127628326416
70,bogtexture,high_maturity,False,CLIPese,0.0,True,mature,0.5715250000000001,False,,-1,-0.09906304,0.20006783,0.09719792753458023,0.03772127628326416
71,camouflaunvebeds,high_maturity,False,CLIPese,0.0,True,mature,0.45285000000000003,False,,-1,0.04161478,0.09413951,0.09719792753458023,0.03772127628326416
72,augmentemackerel,high_maturity,False,CLIPese,0.0,True,mature,0.48345,False,,-1,0.07812057,-0.07803628,0.09719792753458023,0.03772127628326416
73,bananeggplant,high_maturity,False,CLIPese,0.0,True,mature,0.52855,False,,-1,-0.020850154,-0.18955559,0.09719792753458023,0.03772127628326416
74,blacchihuahueyedubois,high_maturity,False,CLIPese,0.0,True,mature,0.20675,False,,-1,0.3607066,-0.16784705,0.09719792753458023,0.03772127628326416
75,anarchialtar,high_maturity,False,CLIPese,0.0,True,mature,0.7786250000000001,False,,-1,0.017128924,0.00030063107,0.09719792753458023,0.03772127628326416
76,beachdeforestation,high_maturity,False,CLIPese,0.0,True,mature,0.25049999999999994,False,,-1,0.22590806,-0.13097219,0.09719792753458023,0.03772127628326416
77,contentmicroscopy,high_maturity,False,CLIPese,0.0,True,mature,0.3742,False,,-1,-0.2705307,0.14923741,0.09719792753458023,0.03772127628326416
78,convicemoji,high_maturity,False,CLIPese,0.0,True,mature,0.42015,False,,-1,0.15596159,0.09415419,0.09719792753458023,0.03772127628326416
79,chipmunrabbit,high_maturity,False,CLIPese,0.0,True,mature,0.33482499999999993,False,,-1,-0.011248632,-0.28977716,0.09719792753458023,0.03772127628326416
80,ayanmicroscope,high_maturity,False,CLIPese,0.0,True,mature,0.5851,False,,-1,0.15389605,0.056436937,0.09719792753458023,0.03772127628326416
81,alphabeapple,high_maturity,False,CLIPese,0.0,True,mature,0.6282249999999999,False,,-1,0.063521445,-0.10019293,0.09719792753458023,0.03772127628326416
82,aubergchunks,high_maturity,False,CLIPese,0.0,True,mature,0.42205000000000004,False,,-1,0.13380377,-0.13932237,0.09719792753458023,0.03772127628326416
83,bbcglitch,high_maturity,False,CLIPese,0.0,True,mature,0.60495,False,,-1,0.10117235,0.40582472,0.09719792753458023,0.03772127628326416
84,autismamasterpieces,high_maturity,False,CLIPese,0.0,True,mature,0.5163499999999999,False,,-1,-0.07779408,0.19161561,0.09719792753458023,0.03772127628326416
85,bullterrier,high_maturity,False,CLIPese,0.0,True,mature,0.35487500000000005,False,,-1,0.14994624,-0.27848947,0.09719792753458023,0.03772127628326416
86,coffemugshot,high_maturity,False,CLIPese,0.0,True,mature,0.6890749999999999,False,,-1,-0.006458183,-0.030128092,0.09719792753458023,0.03772127628326416
87,creamscrambled,high_maturity,False,CLIPese,0.0,True,mature,0.78055,False,,-1,-0.20633928,0.04508875,0.09719792753458023,0.03772127628326416
88,beachsurfers,high_maturity,False,CLIPese,0.0,True,mature,0.6040749999999999,False,,-1,-0.0022543217,-0.107577674,0.09719792753458023,0.03772127628326416
89,coralpixelart,high_maturity,False,CLIPese,0.0,True,mature,0.2081,False,,-1,0.03886731,0.26795018,0.09719792753458023,0.03772127628326416
90,alienpixelart,high_maturity,False,CLIPese,0.0,True,mature,0.18494999999999998,False,,-1,0.026304288,0.25191495,0.09719792753458023,0.03772127628326416
91,cheeselo,high_maturity,False,CLIPese,0.0,True,mature,0.777,False,,-1,-0.10823288,-0.021000922,0.09719792753458023,0.03772127628326416
92,cipemoji,high_maturity,False,CLIPese,0.0,True,mature,0.542475,True,orthographic_hard,8,0.019070094,0.11763943,0.09719792753458023,0.03772127628326416
93,colormicroscope,high_maturity,False,CLIPese,0.0,True,mature,0.40950000000000003,False,,-1,0.096992746,0.20621721,0.09719792753458023,0.03772127628326416
94,banknodigitalart,high_maturity,False,CLIPese,0.0,True,mature,0.2257,False,,-1,0.2880493,0.26459992,0.09719792753458023,0.03772127628326416
95,bundejets,high_maturity,False,CLIPese,0.0,True,mature,0.4329,False,,-1,0.061389036,-0.16399227,0.09719792753458023,0.03772127628326416
96,beachpools,high_maturity,False,CLIPese,0.0,True,mature,0.7632749999999999,False,,-1,-0.019578928,-0.052563943,0.09719792753458023,0.03772127628326416
97,brutalframskeletons,high_maturity,False,CLIPese,0.0,True,mature,0.498325,False,,-1,0.23337387,0.014326727,0.09719792753458023,0.03772127628326416
98,calibrcalibrgrinder,high_maturity,False,CLIPese,0.0,True,mature,0.297,False,,-1,0.07777164,0.010065813,0.09719792753458023,0.03772127628326416
99,cbsmachinelearning,high_maturity,False,CLIPese,0.0,True,mature,0.449925,False,,-1,-0.16403224,0.1334958,0.09719792753458023,0.03772127628326416
100,chinesepresidents,high_maturity,False,CLIPese,0.0,True,mature,0.5212,False,,-1,-0.21810131,-0.04053057,0.09719792753458023,0.03772127628326416
101,aubergchevron,high_maturity,False,CLIPese,0.0,True,mature,0.131275,True,mature_weak,398,0.26474765,-0.038900547,0.09719792753458023,0.03772127628326416
102,autumachinelearning,high_maturity,False,CLIPese,0.0,True,mature,0.44942499999999996,False,,-1,-0.019205151,0.15319645,0.09719792753458023,0.03772127628326416
103,clipemoji,high_maturity,False,CLIPese,0.0,True,mature,0.537275,True,orthographic_hard,9,-0.0734056,0.10916918,0.09719792753458023,0.03772127628326416
104,cougarundant,high_maturity,False,CLIPese,0.0,True,mature,0.523575,False,,-1,-0.10575086,-0.15215169,0.09719792753458023,0.03772127628326416
105,buremachinelearning,high_maturity,False,CLIPese,0.0,True,mature,0.47002499999999997,False,,-1,-0.029543942,0.16440998,0.09719792753458023,0.03772127628326416
106,buccaneplanes,high_maturity,False,CLIPese,0.0,True,mature,0.43084999999999996,False,,-1,0.23263803,-0.26456997,0.09719792753458023,0.03772127628326416
107,chipmunk,high_maturity,True,English,2.74,True,mature,0.35365,False,,-1,-0.083815075,-0.2804483,0.09719792753458023,0.03772127628326416
108,calibrvolcano,high_maturity,False,CLIPese,0.0,True,mature,0.34857499999999997,False,,-1,0.2831273,-0.02138575,0.09719792753458023,0.03772127628326416
109,cycloemojis,high_maturity,False,CLIPese,0.0,True,mature,0.496275,False,,-1,0.034139067,0.13701198,0.09719792753458023,0.03772127628326416
110,augmentemask,high_maturity,False,CLIPese,0.0,True,mature,0.751775,True,mature_readable,243,-0.024464792,0.112045124,0.09719792753458023,0.03772127628326416
111,banknopassport,high_maturity,False,CLIPese,0.0,True,mature,0.648,False,,-1,0.064771794,0.017397972,0.09719792753458023,0.03772127628326416
112,bestofscrambled,high_maturity,False,CLIPese,0.0,True,mature,0.44015000000000004,False,,-1,0.10782387,0.32026452,0.09719792753458023,0.03772127628326416
113,bernese,high_maturity,True,English,2.23,True,mature,0.56565,False,,-1,0.23230478,-0.26745144,0.09719792753458023,0.03772127628326416
114,aubergbronte,high_maturity,False,CLIPese,0.0,True,mature,0.195075,False,,-1,0.17220509,-0.14282967,0.09719792753458023,0.03772127628326416
115,cubemodules,high_maturity,False,CLIPese,0.0,True,mature,0.89235,True,mature_readable,167,-0.10240611,0.114173055,0.09719792753458023,0.03772127628326416
116,copernicspaghetti,high_maturity,False,CLIPese,0.0,True,mature,0.5315,False,,-1,0.15378264,0.043174602,0.09719792753458023,0.03772127628326416
117,aegefighter,high_maturity,False,CLIPese,0.0,True,mature,0.23885,False,,-1,0.18637359,-0.18780077,0.09719792753458023,0.03772127628326416
118,boxerpitbull,high_maturity,False,CLIPese,0.0,True,mature,0.419875,False,,-1,0.22198582,-0.2842851,0.09719792753458023,0.03772127628326416
119,configurloaf,high_maturity,False,CLIPese,0.0,True,mature,0.400825,False,,-1,0.31116056,-0.08796236,0.09719792753458023,0.03772127628326416
120,backstreetminecraft,high_maturity,False,CLIPese,0.0,True,mature,0.36519999999999997,False,,-1,-0.046897333,0.06492735,0.09719792753458023,0.03772127628326416
121,autismazebra,high_maturity,False,CLIPese,0.0,True,mature,0.45339999999999997,False,,-1,0.017770413,-0.03525689,0.09719792753458023,0.03772127628326416
122,calibrimagepixelart,high_maturity,False,CLIPese,0.0,True,mature,0.12369999999999999,False,,-1,-0.13897938,0.24703671,0.09719792753458023,0.03772127628326416
123,artypixelart,high_maturity,False,CLIPese,0.0,True,mature,0.0802,True,mature_weak,372,0.002526615,0.27078223,0.09719792753458023,0.03772127628326416
124,bbcimagemachinelearning,high_maturity,False,CLIPese,0.0,True,mature,0.44815,False,,-1,-0.33901575,0.14992891,0.09719792753458023,0.03772127628326416
125,cyberskeletons,high_maturity,False,CLIPese,0.0,True,mature,0.5938249999999999,False,,-1,0.07511173,-0.002040464,0.09719792753458023,0.03772127628326416
126,chipmunbollywood,high_maturity,False,CLIPese,0.0,True,mature,0.47530000000000006,False,,-1,0.23193611,-0.22946143,0.09719792753458023,0.03772127628326416
127,aubergfuzzy,high_maturity,False,CLIPese,0.0,True,mature,0.28605,False,,-1,0.08741394,-0.102343395,0.09719792753458023,0.03772127628326416
128,carrauntoo,high_maturity,False,CLIPese,0.0,True,mature,0.38125,False,,-1,0.17824376,-0.13908166,0.09719792753458023,0.03772127628326416
129,chickpheasant,high_maturity,False,CLIPese,0.0,True,mature,0.4534,False,,-1,0.20399706,-0.23256713,0.09719792753458023,0.03772127628326416
130,coralbinary,high_maturity,False,CLIPese,0.0,True,mature,0.824275,True,mature_readable,229,0.014257031,0.12381123,0.09719792753458023,0.03772127628326416
131,aubergblob,high_maturity,False,CLIPese,0.0,True,mature,0.36105,False,,-1,0.1241492,-0.10325441,0.09719792753458023,0.03772127628326416
132,anarchnoseoutlines,high_maturity,False,CLIPese,0.0,True,mature,0.60885,False,,-1,0.116589054,0.027572138,0.09719792753458023,0.03772127628326416
133,cyclingsymmetry,high_maturity,False,CLIPese,0.0,True,mature,0.736475,False,,-1,0.00595218,0.12318373,0.09719792753458023,0.03772127628326416
134,abstrimagescrambled,high_maturity,False,CLIPese,0.0,True,mature,0.3473,False,,-1,-0.10071434,0.15311626,0.09719792753458023,0.03772127628326416
135,boxoctagon,high_maturity,False,CLIPese,0.0,True,mature,0.750375,False,,-1,-0.25624505,-0.010005325,0.09719792753458023,0.03772127628326416
136,beachclean,high_maturity,False,CLIPese,0.0,True,mature,0.5321,False,,-1,-0.22800253,-0.08319807,0.09719792753458023,0.03772127628326416
137,calibrbitimageinterference,high_maturity,False,CLIPese,0.0,True,mature,0.28659999999999997,False,,-1,0.14573073,0.1501577,0.09719792753458023,0.03772127628326416
138,appalachcamo,high_maturity,False,CLIPese,0.0,True,mature,0.5405249999999999,False,,-1,0.10259815,0.0958483,0.09719792753458023,0.03772127628326416
139,canadapost,high_maturity,False,CLIPese,0.0,True,mature,0.5156499999999999,False,,-1,-0.24748383,-0.08067656,0.09719792753458023,0.03772127628326416
140,aglecam,high_maturity,False,CLIPese,0.0,True,mature,0.53045,False,,-1,0.28211203,-0.17984423,0.09719792753458023,0.03772127628326416
141,appalachminecraft,high_maturity,False,CLIPese,0.0,True,mature,0.47739999999999994,False,,-1,-0.049280632,0.1188608,0.09719792753458023,0.03772127628326416
142,calibrlentvolcano,high_maturity,False,CLIPese,0.0,True,mature,0.36234999999999995,False,,-1,0.27281561,-0.004921944,0.09719792753458023,0.03772127628326416
143,bitimagescrambled,high_maturity,False,CLIPese,0.0,True,mature,0.38437499999999997,False,,-1,0.014724873,0.253127,0.09719792753458023,0.03772127628326416
144,bicytree,high_maturity,False,CLIPese,0.0,True,mature,0.529825,False,,-1,0.077790976,-0.037551053,0.09719792753458023,0.03772127628326416
145,chopemoji,high_maturity,False,CLIPese,0.0,True,mature,0.803925,False,,-1,-0.020158343,0.07784554,0.09719792753458023,0.03772127628326416
146,camouflahairstyles,high_maturity,False,CLIPese,0.0,True,mature,0.28235,False,,-1,-0.12225522,0.089633375,0.09719792753458023,0.03772127628326416
147,breastcancercrayon,high_maturity,False,CLIPese,0.0,True,mature,0.7217250000000001,False,,-1,0.21059808,-0.027653607,0.09719792753458023,0.03772127628326416
148,appalachpaddling,high_maturity,False,CLIPese,0.0,True,mature,0.418725,False,,-1,0.028123701,-0.05709186,0.09719792753458023,0.03772127628326416
149,bellahusky,high_maturity,False,CLIPese,0.0,True,mature,0.563475,False,,-1,0.39256367,-0.23504686,0.09719792753458023,0.03772127628326416
150,backstreetshrek,high_maturity,False,CLIPese,0.0,True,mature,0.370075,False,,-1,0.1722769,-0.060085464,0.09719792753458023,0.03772127628326416
151,christmasjigsaw,high_maturity,False,CLIPese,0.0,True,mature,0.43865,False,,-1,0.12638862,0.1465821,0.09719792753458023,0.03772127628326416
152,boxerdog,high_maturity,False,CLIPese,0.0,True,mature,0.234425,False,,-1,0.20442949,-0.27000728,0.09719792753458023,0.03772127628326416
153,boerterrier,high_maturity,False,CLIPese,0.0,True,mature,0.45587500000000003,False,,-1,0.27933186,-0.3082476,0.09719792753458023,0.03772127628326416
154,colormachinelearning,high_maturity,False,CLIPese,0.0,True,mature,0.31917499999999993,False,,-1,-0.17544918,0.25719383,0.09719792753458023,0.03772127628326416
155,calibrnanoptoro,high_maturity,False,CLIPese,0.0,True,mature,0.6716,False,,-1,0.1474719,0.022185769,0.09719792753458023,0.03772127628326416
156,copernicantenna,high_maturity,False,CLIPese,0.0,True,mature,0.45445,False,,-1,0.06536922,-0.0031387103,0.09719792753458023,0.03772127628326416
157,burgerjuggpanorpixelart,high_maturity,False,CLIPese,0.0,True,mature,0.140625,True,mature_weak,415,0.26261744,0.13041952,0.09719792753458023,0.03772127628326416
158,calibrmaize,high_maturity,False,CLIPese,0.0,True,mature,0.665875,True,orthographic_hard,40,0.19671421,-0.044802237,0.09719792753458023,0.03772127628326416
159,banankin,high_maturity,False,CLIPese,0.0,True,mature,0.894825,True,orthographic_hard,32,-0.12730196,-0.17567125,0.09719792753458023,0.03772127628326416
160,autismawarenessday,high_maturity,False,CLIPese,0.0,True,mature,0.5604,False,,-1,-0.32383338,0.030552791,0.09719792753458023,0.03772127628326416
161,configurmandelcircle,high_maturity,False,CLIPese,0.0,True,mature,0.25455,False,,-1,0.27658308,0.23440526,0.09719792753458023,0.03772127628326416
162,bharatwebcamtoy,high_maturity,False,CLIPese,0.0,True,mature,0.057850000000000006,True,mature_weak,386,0.31021473,0.08731828,0.09719792753458023,0.03772127628326416
163,airballon,high_maturity,False,CLIPese,0.0,True,mature,0.442125,False,,-1,-0.08405769,-0.10764791,0.09719792753458023,0.03772127628326416
164,banknopancake,high_maturity,False,CLIPese,0.0,True,mature,0.6693,False,,-1,0.17791983,-0.052482992,0.09719792753458023,0.03772127628326416
165,catglitch,high_maturity,False,CLIPese,0.0,True,mature,0.53905,False,,-1,0.1543519,0.26484933,0.09719792753458023,0.03772127628326416
166,coralcrystmicroscope,high_maturity,False,CLIPese,0.0,True,mature,0.335775,False,,-1,0.17136756,0.30149475,0.09719792753458023,0.03772127628326416
167,beardmachinelearning,high_maturity,False,CLIPese,0.0,True,mature,0.463125,False,,-1,-0.22432296,0.07023542,0.09719792753458023,0.03772127628326416
168,cougarspelled,high_maturity,False,CLIPese,0.0,True,mature,0.7398250000000001,False,,-1,0.13088907,-0.13972792,0.09719792753458023,0.03772127628326416
169,carncollie,high_maturity,False,CLIPese,0.0,True,mature,0.09597499999999999,True,mature_weak,380,0.22537574,-0.24653217,0.09719792753458023,0.03772127628326416
170,clipclips,high_maturity,False,CLIPese,0.0,True,mature,0.461175,False,,-1,-0.080509245,-0.06318882,0.09719792753458023,0.03772127628326416
171,cytofractal,high_maturity,False,CLIPese,0.0,True,mature,0.4667,False,,-1,0.0032641701,0.29719558,0.09719792753458023,0.03772127628326416
172,bundehelicopters,high_maturity,False,CLIPese,0.0,True,mature,0.8515249999999999,True,mature_readable,105,0.19499774,-0.12812537,0.09719792753458023,0.03772127628326416
173,augmenteapple,high_maturity,False,CLIPese,0.0,True,mature,0.610025,False,,-1,0.13061856,-0.04335723,0.09719792753458023,0.03772127628326416
174,breadtexture,high_maturity,False,CLIPese,0.0,True,mature,0.67285,False,,-1,-0.17690307,0.12435647,0.09719792753458023,0.03772127628326416
175,christmapuzzles,high_maturity,False,CLIPese,0.0,True,mature,0.5942999999999999,False,,-1,-0.041831657,0.13209565,0.09719792753458023,0.03772127628326416
176,blackandwhitepropeller,high_maturity,False,CLIPese,0.0,True,mature,0.19837500000000002,False,,-1,0.23193458,-0.06473155,0.09719792753458023,0.03772127628326416
177,chromodisintegrscrambled,high_maturity,False,CLIPese,0.0,True,mature,0.35359999999999997,False,,-1,0.22975755,0.39222032,0.09719792753458023,0.03772127628326416
178,broccoli,high_maturity,True,English,3.5,True,mature,0.5514,False,,-1,-0.11852934,-0.052687783,0.09719792753458023,0.03772127628326416
179,azerbaimetabolaceae,high_maturity,False,CLIPese,0.0,True,mature,0.51825,False,,-1,-0.05283323,-0.032654833,0.09719792753458023,0.03772127628326416
180,anarchitottenham,high_maturity,False,CLIPese,0.0,True,mature,0.5146999999999999,False,,-1,0.07542131,-0.09510099,0.09719792753458023,0.03772127628326416
181,anarchiaubrey,high_maturity,False,CLIPese,0.0,True,mature,0.59895,False,,-1,-0.19627453,-0.0668109,0.09719792753458023,0.03772127628326416
182,cuttemojis,high_maturity,False,CLIPese,0.0,True,mature,0.7487999999999999,False,,-1,-0.04348084,0.0658116,0.09719792753458023,0.03772127628326416
183,choccroissant,high_maturity,False,CLIPese,0.0,True,mature,0.5928,False,,-1,0.06208058,-0.05831817,0.09719792753458023,0.03772127628326416
184,chromomosaic,high_maturity,False,CLIPese,0.0,True,mature,0.5669249999999999,False,,-1,0.29415536,0.4010237,0.09719792753458023,0.03772127628326416
185,absccrystscrambled,high_maturity,False,CLIPese,0.0,True,mature,0.30837499999999995,False,,-1,0.09657672,0.32292372,0.09719792753458023,0.03772127628326416
186,buccanebombers,high_maturity,False,CLIPese,0.0,True,mature,0.27754999999999996,False,,-1,0.26819694,-0.23943327,0.09719792753458023,0.03772127628326416
187,chinesemongolia,high_maturity,False,CLIPese,0.0,True,mature,0.5855999999999999,False,,-1,-0.14391999,-0.0993547,0.09719792753458023,0.03772127628326416
188,crabsurfers,high_maturity,False,CLIPese,0.0,True,mature,0.63245,False,,-1,-0.006928065,-0.08584031,0.09719792753458023,0.03772127628326416
189,buccanesubmarine,high_maturity,False,CLIPese,0.0,True,mature,0.274175,False,,-1,0.22186576,-0.27061304,0.09719792753458023,0.03772127628326416
190,crystshook,high_maturity,False,CLIPese,0.0,True,mature,0.5805,False,,-1,-0.16576572,0.28583306,0.09719792753458023,0.03772127628326416
191,bureblurred,high_maturity,False,CLIPese,0.0,True,mature,0.681675,False,,-1,-0.08084052,0.17623228,0.09719792753458023,0.03772127628326416
192,blurmonet,high_maturity,False,CLIPese,0.0,True,mature,0.5874499999999999,False,,-1,0.03685463,0.14004222,0.09719792753458023,0.03772127628326416
193,catsphercircle,high_maturity,False,CLIPese,0.0,True,mature,0.16112500000000002,True,mature_weak,399,0.35347748,0.00020316892,0.09719792753458023,0.03772127628326416
194,anarchibicyalchemist,high_maturity,False,CLIPese,0.0,True,mature,0.18525000000000003,False,,-1,-0.049178187,-0.02848756,0.09719792753458023,0.03772127628326416
195,biomeddecal,high_maturity,False,CLIPese,0.0,True,mature,0.616825,False,,-1,0.16837718,-0.0134564545,0.09719792753458023,0.03772127628326416
196,chromoglitch,high_maturity,False,CLIPese,0.0,True,mature,0.1481,True,mature_weak,396,0.10422608,0.5006828,0.09719792753458023,0.03772127628326416
197,circumerecbanana,high_maturity,False,CLIPese,0.0,True,mature,0.6273249999999999,False,,-1,0.033997256,-0.123111956,0.09719792753458023,0.03772127628326416
198,coralsnowstorm,high_maturity,False,CLIPese,0.0,True,mature,0.38897499999999996,False,,-1,-0.0048667304,0.018180097,0.09719792753458023,0.03772127628326416
199,bbcbbcseizure,high_maturity,False,CLIPese,0.0,True,mature,0.37415000000000004,False,,-1,0.16547427,0.33112046,0.09719792753458023,0.03772127628326416
200,bbcmicroscope,high_maturity,False,CLIPese,0.0,True,mature,0.6156,False,,-1,-0.009075715,0.116078064,0.09719792753458023,0.03772127628326416
201,copernicmap,high_maturity,False,CLIPese,0.0,True,mature,0.6641,False,,-1,0.08407488,0.050564334,0.09719792753458023,0.03772127628326416
202,cubeblob,high_maturity,False,CLIPese,0.0,True,mature,0.6398249999999999,False,,-1,-0.030244011,0.06604083,0.09719792753458023,0.03772127628326416
203,cauliflower,high_maturity,True,English,3.2,True,mature,0.37184999999999996,False,,-1,-0.087950416,-0.120689414,0.09719792753458023,0.03772127628326416
204,camouflaloaf,high_maturity,False,CLIPese,0.0,True,mature,0.42457500000000004,False,,-1,0.20091365,0.05546419,0.09719792753458023,0.03772127628326416
205,bulldogpitt,high_maturity,False,CLIPese,0.0,True,mature,0.4526,False,,-1,0.29133844,-0.25051436,0.09719792753458023,0.03772127628326416
206,blackandwhitenationaldogday,high_maturity,False,CLIPese,0.0,True,mature,0.791575,True,mature_readable,242,0.28893292,-0.23166598,0.09719792753458023,0.03772127628326416
207,cyclingmath,high_maturity,False,CLIPese,0.0,True,mature,0.815125,True,orthographic_hard,22,-0.14627755,0.074844375,0.09719792753458023,0.03772127628326416
208,bunprotest,high_maturity,False,CLIPese,0.0,True,mature,0.8777250000000001,True,mature_readable,121,-0.11198735,-0.18320432,0.09719792753458023,0.03772127628326416
209,artymachinelearning,high_maturity,False,CLIPese,0.0,True,mature,0.23865,False,,-1,-0.13836087,0.24243002,0.09719792753458023,0.03772127628326416
210,bggrumpug,high_maturity,False,CLIPese,0.0,True,mature,0.516925,False,,-1,0.2186687,-0.24024634,0.09719792753458023,0.03772127628326416
211,avoncollie,high_maturity,False,CLIPese,0.0,True,mature,0.3297,False,,-1,0.25353256,-0.2085168,0.09719792753458023,0.03772127628326416
212,cubefuncshadimplemented,high_maturity,False,CLIPese,0.0,True,mature,0.2551,False,,-1,-0.17149764,0.06986769,0.09719792753458023,0.03772127628326416
213,catmandala,high_maturity,False,CLIPese,0.0,True,mature,0.42362500000000003,False,,-1,0.3735702,0.22523601,0.09719792753458023,0.03772127628326416
214,credentibobcat,high_maturity,False,CLIPese,0.0,True,mature,0.37144999999999995,False,,-1,0.30429086,-0.29201004,0.09719792753458023,0.03772127628326416
215,camouflaloafbread,high_maturity,False,CLIPese,0.0,True,mature,0.203075,False,,-1,0.21758962,0.09638423,0.09719792753458023,0.03772127628326416
216,anarchioccult,high_maturity,False,CLIPese,0.0,True,mature,0.676025,False,,-1,-0.27293783,0.02690522,0.09719792753458023,0.03772127628326416
217,anarchisuperbowl,high_maturity,False,CLIPese,0.0,True,mature,0.8039499999999999,False,,-1,-0.16516119,0.034521036,0.09719792753458023,0.03772127628326416
218,britishsheepcumbria,high_maturity,False,CLIPese,0.0,True,mature,0.3965249999999999,False,,-1,0.29793882,-0.22279735,0.09719792753458023,0.03772127628326416
219,bubbslab,high_maturity,False,CLIPese,0.0,True,mature,0.6561,False,,-1,-0.31506833,0.05473479,0.09719792753458023,0.03772127628326416
220,bloodsculptures,high_maturity,False,CLIPese,0.0,True,mature,0.640575,False,,-1,0.023448028,-0.017508354,0.09719792753458023,0.03772127628326416
221,chromomeasles,high_maturity,False,CLIPese,0.0,True,mature,0.54585,False,,-1,-0.11824651,0.08847897,0.09719792753458023,0.03772127628326416
222,chromoasparagus,high_maturity,False,CLIPese,0.0,True,mature,0.11985,False,,-1,0.13110451,-0.12736244,0.09719792753458023,0.03772127628326416
223,cybercube,high_maturity,False,CLIPese,0.0,True,mature,0.7735000000000001,False,,-1,-0.01135077,0.07941631,0.09719792753458023,0.03772127628326416
224,aubergbuttthinking,high_maturity,False,CLIPese,0.0,True,mature,0.342075,False,,-1,0.15902524,-0.17001234,0.09719792753458023,0.03772127628326416
225,abudhadoggo,high_maturity,False,CLIPese,0.0,True,mature,0.332375,False,,-1,0.27086234,-0.18701772,0.09719792753458023,0.03772127628326416
226,biketomorrowspaperreturning,high_maturity,False,CLIPese,0.0,True,mature,0.27897500000000003,False,,-1,0.23980813,-0.11569414,0.09719792753458023,0.03772127628326416
227,coralmosaic,high_maturity,False,CLIPese,0.0,True,mature,0.541425,False,,-1,0.06225705,0.2639848,0.09719792753458023,0.03772127628326416
228,bananfeline,high_maturity,False,CLIPese,0.0,True,mature,0.570975,False,,-1,0.25720417,-0.22640261,0.09719792753458023,0.03772127628326416
229,appalachsoap,high_maturity,False,CLIPese,0.0,True,mature,0.749225,False,,-1,-0.0077105886,-0.03651861,0.09719792753458023,0.03772127628326416
230,beachtourists,high_maturity,False,CLIPese,0.0,True,mature,0.574425,False,,-1,-0.13387407,-0.07508326,0.09719792753458023,0.03772127628326416
231,chromomonet,high_maturity,False,CLIPese,0.0,True,mature,0.366325,False,,-1,-0.16902961,0.13264886,0.09719792753458023,0.03772127628326416
232,coyopups,high_maturity,False,CLIPese,0.0,True,mature,0.8172,True,mature_readable,258,0.35361072,-0.24826051,0.09719792753458023,0.03772127628326416
233,authenticmachinelearning,high_maturity,False,CLIPese,0.0,True,mature,0.489425,False,,-1,-0.4045201,0.105134845,0.09719792753458023,0.03772127628326416
234,compupixelart,high_maturity,False,CLIPese,0.0,True,mature,0.08555,True,mature_weak,435,0.12560941,0.27173823,0.09719792753458023,0.03772127628326416
235,chineseterracotta,high_maturity,False,CLIPese,0.0,True,mature,0.105175,True,mature_weak,403,-0.017418023,-0.0740863,0.09719792753458023,0.03772127628326416
236,crystfracdigitalart,high_maturity,False,CLIPese,0.0,True,mature,0.117575,False,,-1,0.25049552,0.5208222,0.09719792753458023,0.03772127628326416
237,copernicsquare,high_maturity,False,CLIPese,0.0,True,mature,0.20835000000000004,False,,-1,0.05586629,0.042455442,0.09719792753458023,0.03772127628326416
238,crystpaintbruise,high_maturity,False,CLIPese,0.0,True,mature,0.60805,False,,-1,0.006662764,0.258107,0.09719792753458023,0.03772127628326416
239,allypally,high_maturity,False,CLIPese,0.0,True,mature,0.21875,False,,-1,-0.11145657,-0.00403698,0.09719792753458023,0.03772127628326416
240,coralradiation,high_maturity,False,CLIPese,0.0,True,mature,0.669825,False,,-1,-0.14751355,0.12450245,0.09719792753458023,0.03772127628326416
241,biketransportation,high_maturity,False,CLIPese,0.0,True,mature,0.273275,False,,-1,-0.19312882,-0.07153943,0.09719792753458023,0.03772127628326416
242,configurcircle,high_maturity,False,CLIPese,0.0,True,mature,0.2791,False,,-1,0.08925152,0.13485166,0.09719792753458023,0.03772127628326416
243,colorkaleidostatistical,high_maturity,False,CLIPese,0.0,True,mature,0.34275,False,,-1,0.37440604,0.5118798,0.09719792753458023,0.03772127628326416
244,calibrlotoptimize,high_maturity,False,CLIPese,0.0,True,mature,0.414725,False,,-1,0.21636437,0.06386814,0.09719792753458023,0.03772127628326416
245,aerialjump,high_maturity,False,CLIPese,0.0,True,mature,0.62495,False,,-1,-0.0008889813,-0.060338054,0.09719792753458023,0.03772127628326416
246,bananviewer,high_maturity,False,CLIPese,0.0,True,mature,0.714575,False,,-1,0.0089136865,-0.10697003,0.09719792753458023,0.03772127628326416
247,athiyashetty,high_maturity,False,CLIPese,0.0,True,mature,0.29237500000000005,False,,-1,0.11514858,-0.15305471,0.09719792753458023,0.03772127628326416
248,banknorectangular,high_maturity,False,CLIPese,0.0,True,mature,0.117525,True,mature_weak,424,0.13842697,0.0856181,0.09719792753458023,0.03772127628326416
249,afghcoworking,high_maturity,False,CLIPese,0.0,True,mature,0.7312999999999998,True,mature_readable,245,-0.016723923,-0.044696398,0.09719792753458023,0.03772127628326416
250,australianjaws,high_maturity,False,CLIPese,0.0,True,mature,0.613075,False,,-1,-0.009150226,-0.12144194,0.09719792753458023,0.03772127628326416
251,autismacrocodile,high_maturity,False,CLIPese,0.0,True,mature,0.36405000000000004,False,,-1,0.09157329,-0.08750401,0.09719792753458023,0.03772127628326416
252,assemblyaapl,high_maturity,False,CLIPese,0.0,True,mature,0.79675,True,mature_readable,202,0.012977629,-0.070516765,0.09719792753458023,0.03772127628326416
253,ajcorgi,high_maturity,False,CLIPese,0.0,True,mature,0.52635,False,,-1,0.31739292,-0.26956302,0.09719792753458023,0.03772127628326416
254,appalachsafarilive,high_maturity,False,CLIPese,0.0,True,mature,0.075175,True,mature_weak,419,0.16394515,-0.17121048,0.09719792753458023,0.03772127628326416
255,copernicgridgraffiti,high_maturity,False,CLIPese,0.0,True,mature,0.19625,False,,-1,0.114635125,0.11377079,0.09719792753458023,0.03772127628326416
256,configurduvet,high_maturity,False,CLIPese,0.0,True,mature,0.44894999999999996,False,,-1,0.19362324,0.07739206,0.09719792753458023,0.03772127628326416
257,crystcorrupt,high_maturity,False,CLIPese,0.0,True,mature,0.246875,False,,-1,-0.03867432,0.41514963,0.09719792753458023,0.03772127628326416
258,chromoscrambled,high_maturity,False,CLIPese,0.0,True,mature,0.33825000000000005,False,,-1,0.063143805,0.2901828,0.09719792753458023,0.03772127628326416
259,bbcprogrambitringing,high_maturity,False,CLIPese,0.0,True,mature,0.63545,False,,-1,0.06319817,0.16705316,0.09719792753458023,0.03772127628326416
260,camouflacosy,high_maturity,False,CLIPese,0.0,True,mature,0.2126,False,,-1,0.12154438,0.14597712,0.09719792753458023,0.03772127628326416
261,ckerfuzzchromobit,high_maturity,False,CLIPese,0.0,True,mature,0.387125,False,,-1,0.049451806,0.10565904,0.09719792753458023,0.03772127628326416
262,calibrmeasles,high_maturity,False,CLIPese,0.0,True,mature,0.7097,True,orthographic_hard,41,-0.037496075,0.0772074,0.09719792753458023,0.03772127628326416
263,cuberender,high_maturity,False,CLIPese,0.0,True,mature,0.4925,False,,-1,0.10451201,0.23086561,0.09719792753458023,0.03772127628326416
264,coughcougar,high_maturity,False,CLIPese,0.0,True,mature,0.8779,True,mature_readable,92,0.12798469,-0.21422686,0.09719792753458023,0.03772127628326416
265,tyrecatsoftwitter,high_maturity,False,CLIPese,0.0,True,mature,0.1688,False,,-1,0.36995032,-0.17811215,0.09719792753458023,0.03772127628326416
266,azerbaichonlargest,high_maturity,False,CLIPese,0.0,True,mature,0.6718,False,,-1,0.016985867,-0.04322008,0.09719792753458023,0.03772127628326416
267,appenhummingpikachu,high_maturity,False,CLIPese,0.0,True,mature,0.587075,False,,-1,0.40074387,-0.2318807,0.09719792753458023,0.03772127628326416
268,arugula,high_maturity,True,English,2.46,True,mature,0.34305,False,,-1,0.061204903,-0.14193933,0.09719792753458023,0.03772127628326416
269,beachspelling,high_maturity,False,CLIPese,0.0,True,mature,0.7914749999999999,True,mature_readable,270,0.08090997,-0.08060589,0.09719792753458023,0.03772127628326416
270,aardvark,high_maturity,True,English,2.39,True,mature,0.7492000000000001,True,mature_readable,251,0.16367283,-0.2474695,0.09719792753458023,0.03772127628326416
271,bharatdigits,high_maturity,False,CLIPese,0.0,True,mature,0.494275,False,,-1,0.11841614,-0.014828975,0.09719792753458023,0.03772127628326416
272,autismacaffeine,high_maturity,False,CLIPese,0.0,True,mature,0.864475,True,mature_readable,84,-0.22364752,0.037264053,0.09719792753458023,0.03772127628326416
273,batmancaptainmarvel,high_maturity,False,CLIPese,0.0,True,mature,0.27165,False,,-1,-0.0052651395,-0.03320028,0.09719792753458023,0.03772127628326416
274,azzscrambled,high_maturity,False,CLIPese,0.0,True,mature,0.8438749999999999,True,orthographic_hard,14,-0.17170481,0.25464186,0.09719792753458023,0.03772127628326416
275,amyjackson,high_maturity,False,CLIPese,0.0,True,mature,0.19547499999999998,False,,-1,0.071856424,-0.124144875,0.09719792753458023,0.03772127628326416
276,crvenazvezda,high_maturity,False,CLIPese,0.0,True,mature,0.189225,True,mature_weak,440,0.027297884,-0.10185001,0.09719792753458023,0.03772127628326416
277,birchcalligraphy,high_maturity,False,CLIPese,0.0,True,mature,0.23767500000000003,False,,-1,0.14416511,-0.05884378,0.09719792753458023,0.03772127628326416
278,calibrbbcbitgradient,high_maturity,False,CLIPese,0.0,True,mature,0.1503,False,,-1,0.1793171,0.15136965,0.09719792753458023,0.03772127628326416
279,bullrnli,high_maturity,False,CLIPese,0.0,True,mature,0.19647499999999998,False,,-1,0.2575908,-0.16537257,0.09719792753458023,0.03772127628326416
280,candigoldendoggo,high_maturity,False,CLIPese,0.0,True,mature,0.39199999999999996,False,,-1,0.1578654,-0.20753229,0.09719792753458023,0.03772127628326416
281,breitjets,high_maturity,False,CLIPese,0.0,True,mature,0.58635,False,,-1,-0.07121169,-0.12840374,0.09719792753458023,0.03772127628326416
282,babymachinelearning,high_maturity,False,CLIPese,0.0,True,mature,0.6897500000000001,False,,-1,-0.3204894,0.068013325,0.09719792753458023,0.03772127628326416
283,adrenballoon,high_maturity,False,CLIPese,0.0,True,mature,0.749825,True,mature_readable,164,-0.0027840575,-0.05892983,0.09719792753458023,0.03772127628326416
284,beachfamilytime,high_maturity,False,CLIPese,0.0,True,mature,0.40647500000000003,False,,-1,-0.26952714,-0.024688926,0.09719792753458023,0.03772127628326416
285,mandelpopart,high_maturity,False,CLIPese,0.0,True,mature,0.26975000000000005,False,,-1,0.36689326,0.37235948,0.09719792753458023,0.03772127628326416
286,biltnatucollie,high_maturity,False,CLIPese,0.0,True,mature,0.13142500000000001,False,,-1,0.32963017,-0.21551745,0.09719792753458023,0.03772127628326416
287,bubblefractal,high_maturity,False,CLIPese,0.0,True,mature,0.32455,False,,-1,0.17474034,0.43013114,0.09719792753458023,0.03772127628326416
288,cogemoji,high_maturity,False,CLIPese,0.0,True,mature,0.8396,False,,-1,-0.15065841,0.11189661,0.09719792753458023,0.03772127628326416
289,bookfairies,high_maturity,False,CLIPese,0.0,True,mature,0.3211,False,,-1,0.08627891,-0.07108039,0.09719792753458023,0.03772127628326416
290,blackandwhitesignature,high_maturity,False,CLIPese,0.0,True,mature,0.113025,True,mature_weak,410,-0.039618522,-0.031688645,0.09719792753458023,0.03772127628326416
291,amhervito,high_maturity,False,CLIPese,0.0,True,mature,0.3255,False,,-1,0.16754737,-0.12469583,0.09719792753458023,0.03772127628326416
292,anarchidangerously,high_maturity,False,CLIPese,0.0,True,mature,0.43737500000000007,False,,-1,-0.43753907,-0.030076351,0.09719792753458023,0.03772127628326416
293,choreobleedstripe,high_maturity,False,CLIPese,0.0,True,mature,0.6601,False,,-1,0.02758522,0.030287884,0.09719792753458023,0.03772127628326416
294,alpaca,high_maturity,True,English,2.8,True,mature,0.7210000000000001,True,fallback_fill,507,0.17404915,-0.18289714,0.09719792753458023,0.03772127628326416
295,camouflaquadrucaturday,high_maturity,False,CLIPese,0.0,True,mature,0.3771,False,,-1,0.057351552,0.043989893,0.09719792753458023,0.03772127628326416
296,pawloafkaleidotyres,high_maturity,False,CLIPese,0.0,True,mature,0.102275,True,mature_weak,429,0.48721424,0.25178662,0.09719792753458023,0.03772127628326416
297,beardbitstpatricksday,high_maturity,False,CLIPese,0.0,True,mature,0.7736250000000001,True,mature_readable,192,0.17254156,-0.011854216,0.09719792753458023,0.03772127628326416
298,pygdog,high_maturity,False,CLIPese,0.0,True,mature,0.15802499999999997,False,,-1,0.40479258,-0.26078793,0.09719792753458023,0.03772127628326416
299,aruban,high_maturity,True,English,1.47,True,mature,0.8221499999999998,True,orthographic_hard,0,-0.17287484,-0.08564222,0.09719792753458023,0.03772127628326416
300,bbcprogramsorted,high_maturity,False,CLIPese,0.0,True,mature,0.6919250000000001,False,,-1,-0.2522172,0.1221376,0.09719792753458023,0.03772127628326416
301,cubegenerating,high_maturity,False,CLIPese,0.0,True,mature,0.5518,False,,-1,-0.1497155,0.26980647,0.09719792753458023,0.03772127628326416
302,cybermosaic,high_maturity,False,CLIPese,0.0,True,mature,0.40245000000000003,False,,-1,0.0064778416,0.40282395,0.09719792753458023,0.03772127628326416
303,orangupoliticalkaleidofried,high_maturity,False,CLIPese,0.0,True,mature,0.295575,False,,-1,0.41773623,0.22162499,0.09719792753458023,0.03772127628326416
304,adrenparachute,high_maturity,False,CLIPese,0.0,True,mature,0.6093500000000001,False,,-1,0.10292792,0.015679516,0.09719792753458023,0.03772127628326416
305,embelliphotomdigitalart,high_maturity,False,CLIPese,0.0,True,mature,0.02735,True,mature_weak,377,0.31487373,0.2866644,0.09719792753458023,0.03772127628326416
306,aerialair,high_maturity,False,CLIPese,0.0,True,mature,0.6941499999999998,False,,-1,-0.08631666,-0.04924024,0.09719792753458023,0.03772127628326416
307,bryanblurred,high_maturity,False,CLIPese,0.0,True,mature,0.45697499999999996,False,,-1,0.041347504,0.17825177,0.09719792753458023,0.03772127628326416
308,crabs,high_maturity,True,English,3.4,True,mature,0.7509,False,,-1,-0.31740692,-0.11853472,0.09719792753458023,0.03772127628326416
309,lewanospreowltotem,high_maturity,False,CLIPese,0.0,True,mature,0.157,True,mature_weak,433,0.39250144,-0.18116117,0.09719792753458023,0.03772127628326416
310,birdsstack,high_maturity,False,CLIPese,0.0,True,mature,0.6880000000000001,False,,-1,0.13707006,-0.11626768,0.09719792753458023,0.03772127628326416
311,mandelmandelpixelart,high_maturity,False,CLIPese,0.0,True,mature,0.0693,False,,-1,0.38344806,0.36494398,0.09719792753458023,0.03772127628326416
312,ballachu,high_maturity,False,CLIPese,0.0,True,mature,0.53095,False,,-1,0.082725845,-0.16019033,0.09719792753458023,0.03772127628326416
313,chinesesimulation,high_maturity,False,CLIPese,0.0,True,mature,0.736375,False,,-1,-0.24531287,-0.000855769,0.09719792753458023,0.03772127628326416
314,acrobplane,high_maturity,False,CLIPese,0.0,True,mature,0.6931499999999999,False,,-1,0.03386172,-0.12153855,0.09719792753458023,0.03772127628326416
315,catsuperbowl,high_maturity,False,CLIPese,0.0,True,mature,0.45355,False,,-1,0.2639157,-0.25218868,0.09719792753458023,0.03772127628326416
316,boneterrorists,high_maturity,False,CLIPese,0.0,True,mature,0.497125,False,,-1,-0.27689525,-0.021018531,0.09719792753458023,0.03772127628326416
317,brutalorb,high_maturity,False,CLIPese,0.0,True,mature,0.644675,False,,-1,0.2027806,0.03970927,0.09719792753458023,0.03772127628326416
318,hoymeasles,high_maturity,False,CLIPese,0.0,True,mature,0.596,False,,-1,0.32330304,0.16559374,0.09719792753458023,0.03772127628326416
319,appalachalaya,high_maturity,False,CLIPese,0.0,True,mature,0.527825,False,,-1,-0.18539757,-0.032935802,0.09719792753458023,0.03772127628326416
320,anarchiartistsontwitter,high_maturity,False,CLIPese,0.0,True,mature,0.099,False,,-1,-0.41629082,-0.024906617,0.09719792753458023,0.03772127628326416
321,bittextures,high_maturity,False,CLIPese,0.0,True,mature,0.40385,False,,-1,-0.135928,0.31431368,0.09719792753458023,0.03772127628326416
322,afrisomaliland,high_maturity,False,CLIPese,0.0,True,mature,0.571575,False,,-1,-0.12664703,-0.045136746,0.09719792753458023,0.03772127628326416
323,adirondchairs,high_maturity,False,CLIPese,0.0,True,mature,0.06024999999999999,True,mature_weak,376,0.055247046,-0.077289775,0.09719792753458023,0.03772127628326416
324,coralprogram,high_maturity,False,CLIPese,0.0,True,mature,0.668625,False,,-1,-0.20845206,0.11842707,0.09719792753458023,0.03772127628326416
325,bicycles,high_maturity,True,English,3.4,True,mature,0.44715,False,,-1,-0.013383056,-0.0641683,0.09719792753458023,0.03772127628326416
326,champadvocberry,high_maturity,False,CLIPese,0.0,True,mature,0.7054,False,,-1,0.00086323364,-0.06796239,0.09719792753458023,0.03772127628326416
327,beachbike,high_maturity,False,CLIPese,0.0,True,mature,0.764275,False,,-1,0.12441193,-0.10902804,0.09719792753458023,0.03772127628326416
328,breitdefendesserts,high_maturity,False,CLIPese,0.0,True,mature,0.56135,False,,-1,-0.19979684,-0.04821096,0.09719792753458023,0.03772127628326416
329,cskeleton,high_maturity,False,CLIPese,0.0,True,mature,0.405275,False,,-1,0.012033417,0.0049121613,0.09719792753458023,0.03772127628326416
330,taxiderpikachu,high_maturity,False,CLIPese,0.0,True,mature,0.6491750000000001,False,,-1,0.45493257,-0.25239754,0.09719792753458023,0.03772127628326416
331,blackandwhitelogo,high_maturity,False,CLIPese,0.0,True,mature,0.18662500000000004,False,,-1,0.0011425298,-0.014458056,0.09719792753458023,0.03772127628326416
332,colourglitch,high_maturity,False,CLIPese,0.0,True,mature,0.1318,False,,-1,-0.011864261,0.4386942,0.09719792753458023,0.03772127628326416
333,anarchiwriterslife,high_maturity,False,CLIPese,0.0,True,mature,0.45555,False,,-1,-0.32010978,-0.030572144,0.09719792753458023,0.03772127628326416
334,corsage,high_maturity,True,English,2.18,True,mature,0.6524000000000001,False,,-1,-0.10359593,-0.07944666,0.09719792753458023,0.03772127628326416
335,applesauce,high_maturity,True,English,2.63,True,mature,0.828175,True,mature_readable,177,-0.3451439,-0.039799348,0.09719792753458023,0.03772127628326416
336,autistormtrooper,high_maturity,False,CLIPese,0.0,True,mature,0.572025,False,,-1,0.1494475,-0.09120055,0.09719792753458023,0.03772127628326416
337,mandelvapor,high_maturity,False,CLIPese,0.0,True,mature,0.197025,False,,-1,0.30769217,0.31974146,0.09719792753458023,0.03772127628326416
338,chapeldancing,high_maturity,False,CLIPese,0.0,True,mature,0.71905,True,fallback_fill,493,-0.04406913,-0.050712477,0.09719792753458023,0.03772127628326416
339,alfreskeletons,high_maturity,False,CLIPese,0.0,True,mature,0.623975,False,,-1,0.12959048,-0.007087041,0.09719792753458023,0.03772127628326416
340,clipchiclip,high_maturity,False,CLIPese,0.0,True,mature,0.4497,False,,-1,-0.08721681,-0.055016868,0.09719792753458023,0.03772127628326416
341,vampirehumidixiumin,high_maturity,False,CLIPese,0.0,True,mature,0.5432750000000001,False,,-1,0.25777534,-0.120483674,0.09719792753458023,0.03772127628326416
342,bbcinteroperfrequency,high_maturity,False,CLIPese,0.0,True,mature,0.4098,False,,-1,0.13253526,0.08602122,0.09719792753458023,0.03772127628326416
343,croco,high_maturity,True,English,1.64,True,mature,0.8108000000000001,True,mature_readable,211,-0.14680785,-0.18244846,0.09719792753458023,0.03772127628326416
344,chromonanobroccoli,high_maturity,False,CLIPese,0.0,True,mature,0.5014249999999999,False,,-1,0.16639535,-0.08475354,0.09719792753458023,0.03772127628326416
345,banknocybervhs,high_maturity,False,CLIPese,0.0,True,mature,0.28397500000000003,False,,-1,0.2781693,0.17201115,0.09719792753458023,0.03772127628326416
346,autismavibration,high_maturity,False,CLIPese,0.0,True,mature,0.5478999999999999,False,,-1,-0.35831466,0.08921789,0.09719792753458023,0.03772127628326416
347,babyhungryasian,high_maturity,False,CLIPese,0.0,True,mature,0.7243999999999999,False,,-1,-0.11454322,-0.08578016,0.09719792753458023,0.03772127628326416
348,calibrbitchevron,high_maturity,False,CLIPese,0.0,True,mature,0.37994999999999995,False,,-1,0.05121825,-0.007839141,0.09719792753458023,0.03772127628326416
349,dairways,high_maturity,False,CLIPese,0.0,True,mature,0.44672500000000004,False,,-1,-0.10830331,-0.111899346,0.09719792753458023,0.03772127628326416
350,crohnscolitis,high_maturity,False,CLIPese,0.0,True,mature,0.76425,True,mature_readable,269,-0.24955995,-0.07161841,0.09719792753458023,0.03772127628326416
351,bikemanhattan,high_maturity,False,CLIPese,0.0,True,mature,0.63085,False,,-1,0.010540593,-0.06102508,0.09719792753458023,0.03772127628326416
352,autismadimensional,high_maturity,False,CLIPese,0.0,True,mature,0.344775,False,,-1,-0.1813295,0.22021838,0.09719792753458023,0.03772127628326416
353,confronhuskies,high_maturity,False,CLIPese,0.0,True,mature,0.278175,False,,-1,0.16243908,-0.23115689,0.09719792753458023,0.03772127628326416
354,findac,high_maturity,False,CLIPese,0.0,True,mature,0.48957500000000004,False,,-1,0.33974326,-0.13660052,0.09719792753458023,0.03772127628326416
355,amhernocchi,high_maturity,False,CLIPese,0.0,True,mature,0.21860000000000002,False,,-1,0.17080817,-0.14018734,0.09719792753458023,0.03772127628326416
356,asparagus,high_maturity,True,English,3.25,True,mature,0.825675,True,orthographic_hard,44,-0.03933214,-0.13844669,0.09719792753458023,0.03772127628326416
357,azerbaiiheartbit,high_maturity,False,CLIPese,0.0,True,mature,0.8382999999999999,True,mature_readable,194,-0.23289725,-0.023147635,0.09719792753458023,0.03772127628326416
358,bexhill,high_maturity,True,English,2.28,True,mature,0.7769250000000001,True,mature_readable,230,-0.008415695,-0.08615004,0.09719792753458023,0.03772127628326416
359,birdstudie,high_maturity,False,CLIPese,0.0,True,mature,0.60375,False,,-1,-0.29851094,-0.13330223,0.09719792753458023,0.03772127628326416
360,chinchilla,high_maturity,True,English,2.57,True,mature,0.759875,True,mature_readable,237,0.045222092,-0.24472576,0.09719792753458023,0.03772127628326416
361,cubes,high_maturity,True,English,3.43,True,mature,0.45357500000000006,False,,-1,-0.3099623,0.09349875,0.09719792753458023,0.03772127628326416
362,orangukingfisher,high_maturity,False,CLIPese,0.0,True,mature,0.18777499999999997,False,,-1,0.3517257,-0.2976958,0.09719792753458023,0.03772127628326416
363,cartoonsimpbun,high_maturity,False,CLIPese,0.0,True,mature,0.739325,True,fallback_fill,499,0.07815732,-0.094443016,0.09719792753458023,0.03772127628326416
364,camouflamocked,high_maturity,False,CLIPese,0.0,True,mature,0.2343,False,,-1,0.085730895,0.15314199,0.09719792753458023,0.03772127628326416
365,coralstacked,high_maturity,False,CLIPese,0.0,True,mature,0.8057,False,,-1,-0.005356949,0.12666288,0.09719792753458023,0.03772127628326416
366,chromoalgorithm,high_maturity,False,CLIPese,0.0,True,mature,0.12350000000000001,False,,-1,0.13106301,0.24792804,0.09719792753458023,0.03772127628326416
367,creepwight,high_maturity,False,CLIPese,0.0,True,mature,0.5592250000000001,False,,-1,0.05322335,-0.14179744,0.09719792753458023,0.03772127628326416
368,beachequestrian,high_maturity,False,CLIPese,0.0,True,mature,0.792475,True,mature_readable,143,0.13753252,-0.18337132,0.09719792753458023,0.03772127628326416
369,banknoedison,high_maturity,False,CLIPese,0.0,True,mature,0.5543750000000001,False,,-1,0.14536451,-0.03494706,0.09719792753458023,0.03772127628326416
370,cuthcupcake,high_maturity,False,CLIPese,0.0,True,mature,0.68855,False,,-1,-0.048544772,-0.04251272,0.09719792753458023,0.03772127628326416
371,barnabskeletal,high_maturity,False,CLIPese,0.0,True,mature,0.6769000000000001,False,,-1,-0.024311122,-0.03874877,0.09719792753458023,0.03772127628326416
372,bosnia,high_maturity,True,English,3.57,True,mature,0.519225,False,,-1,-0.2393504,-0.043267645,0.09719792753458023,0.03772127628326416
373,bundeiaf,high_maturity,False,CLIPese,0.0,True,mature,0.12557500000000002,False,,-1,0.010627569,-0.05390641,0.09719792753458023,0.03772127628326416
374,bathmat,high_maturity,True,English,1.55,True,mature,0.900375,True,mature_readable,75,-0.095117584,-0.025529675,0.09719792753458023,0.03772127628326416
375,australieskcroissant,high_maturity,False,CLIPese,0.0,True,mature,0.39682500000000004,False,,-1,0.19229804,-0.059966784,0.09719792753458023,0.03772127628326416
376,coralrandom,high_maturity,False,CLIPese,0.0,True,mature,0.642425,False,,-1,0.0114321355,0.22240739,0.09719792753458023,0.03772127628326416
377,woodenkuma,high_maturity,False,CLIPese,0.0,True,mature,0.523325,False,,-1,0.22274214,-0.15912661,0.09719792753458023,0.03772127628326416
378,coral,high_maturity,True,English,3.86,True,mature,0.4819,False,,-1,-0.18948239,0.02758598,0.09719792753458023,0.03772127628326416
379,calibrspectrorandom,high_maturity,False,CLIPese,0.0,True,mature,0.42164999999999997,False,,-1,0.037771445,0.1110005,0.09719792753458023,0.03772127628326416
380,aruba,high_maturity,True,English,2.93,True,mature,0.831825,True,orthographic_hard,1,-0.07284533,-0.079458624,0.09719792753458023,0.03772127628326416
381,mandelsynthesizer,high_maturity,False,CLIPese,0.0,True,mature,0.323825,False,,-1,0.35968733,0.21113566,0.09719792753458023,0.03772127628326416
382,bhaibanana,high_maturity,False,CLIPese,0.0,True,mature,0.793325,True,mature_readable,263,0.16357708,-0.12082241,0.09719792753458023,0.03772127628326416
383,canvasscrambled,high_maturity,False,CLIPese,0.0,True,mature,0.816325,False,,-1,0.10830299,0.17862433,0.09719792753458023,0.03772127628326416
384,rainbowmandala,high_maturity,False,CLIPese,0.0,True,mature,0.15232500000000002,True,mature_weak,442,0.4173147,0.26494813,0.09719792753458023,0.03772127628326416
385,artycubes,high_maturity,False,CLIPese,0.0,True,mature,0.656175,False,,-1,0.0077749146,0.22736588,0.09719792753458023,0.03772127628326416
386,bhubaneswar,high_maturity,True,English,2.52,True,mature,0.5598000000000001,False,,-1,-0.08113687,-0.06561646,0.09719792753458023,0.03772127628326416
387,calibrtexture,high_maturity,False,CLIPese,0.0,True,mature,0.527875,False,,-1,-0.004446785,0.12558144,0.09719792753458023,0.03772127628326416
388,sanjaykaleidocereal,high_maturity,False,CLIPese,0.0,True,mature,0.200325,False,,-1,0.40578917,0.23831838,0.09719792753458023,0.03772127628326416
389,camo,high_maturity,True,English,3.16,True,mature,0.6063500000000001,False,,-1,-0.27709767,0.13050061,0.09719792753458023,0.03772127628326416
390,africanmap,high_maturity,False,CLIPese,0.0,True,mature,0.8497,True,mature_readable,112,-0.20569196,0.052176017,0.09719792753458023,0.03772127628326416
391,artemchigvin,high_maturity,False,CLIPese,0.0,True,mature,0.10825,True,mature_weak,394,0.21384569,-0.08827895,0.09719792753458023,0.03772127628326416
392,artichoke,high_maturity,True,English,2.73,True,mature,0.532575,False,,-1,-0.12681226,-0.10981331,0.09719792753458023,0.03772127628326416
393,californifreeway,high_maturity,False,CLIPese,0.0,True,mature,0.44399999999999995,False,,-1,-0.1378152,-0.06373293,0.09719792753458023,0.03772127628326416
394,ajlee,high_maturity,False,CLIPese,0.0,True,mature,0.38744999999999996,False,,-1,0.1901754,-0.11087614,0.09719792753458023,0.03772127628326416
395,databkaleidosimulation,high_maturity,False,CLIPese,0.0,True,mature,0.30522499999999997,False,,-1,0.41286615,0.5317679,0.09719792753458023,0.03772127628326416
396,chestercheesesalesman,high_maturity,False,CLIPese,0.0,True,mature,0.75195,False,,-1,0.119442835,-0.1333898,0.09719792753458023,0.03772127628326416
397,bluecsneakers,high_maturity,False,CLIPese,0.0,True,mature,0.66535,False,,-1,0.07573253,-0.04318702,0.09719792753458023,0.03772127628326416
398,artyscrambled,high_maturity,False,CLIPese,0.0,True,mature,0.38194999999999996,False,,-1,0.038449135,0.32390723,0.09719792753458023,0.03772127628326416
399,himalayhusky,high_maturity,False,CLIPese,0.0,True,mature,0.60185,False,,-1,0.35895467,-0.24484934,0.09719792753458023,0.03772127628326416
400,cockatoo,high_maturity,True,English,2.52,True,mature,0.289275,False,,-1,0.3107984,-0.2666942,0.09719792753458023,0.03772127628326416
401,broccrayon,high_maturity,False,CLIPese,0.0,True,mature,0.95375,True,mature_readable,61,-0.059269052,0.013614307,0.09719792753458023,0.03772127628326416
402,cyclichandrasig,high_maturity,False,CLIPese,0.0,True,mature,0.3821,False,,-1,-0.14802651,-0.03674464,0.09719792753458023,0.03772127628326416
403,fursuitsteakorphegoliath,high_maturity,False,CLIPese,0.0,True,mature,0.22485000000000002,False,,-1,0.39997262,-0.23368357,0.09719792753458023,0.03772127628326416
404,crystmonet,high_maturity,False,CLIPese,0.0,True,mature,0.674025,False,,-1,-0.16863957,0.18316196,0.09719792753458023,0.03772127628326416
405,bullhorizon,high_maturity,False,CLIPese,0.0,True,mature,0.70375,False,,-1,0.1245712,0.005703083,0.09719792753458023,0.03772127628326416
406,bluecutout,high_maturity,False,CLIPese,0.0,True,mature,0.742225,False,,-1,0.09325676,0.17314179,0.09719792753458023,0.03772127628326416
407,authenthumidihumidimagnet,high_maturity,False,CLIPese,0.0,True,mature,0.21639999999999995,False,,-1,0.19684641,-0.07323505,0.09719792753458023,0.03772127628326416
408,camouflacuddle,high_maturity,False,CLIPese,0.0,True,mature,0.396725,False,,-1,0.16195546,0.049696483,0.09719792753458023,0.03772127628326416
409,cougar,high_maturity,True,English,3.38,True,mature,0.37840000000000007,False,,-1,-0.091754936,-0.2562585,0.09719792753458023,0.03772127628326416
410,leafmandala,high_maturity,False,CLIPese,0.0,True,mature,0.37925000000000003,False,,-1,0.3541872,0.23406747,0.09719792753458023,0.03772127628326416
411,affirroblox,high_maturity,False,CLIPese,0.0,True,mature,0.73905,False,,-1,-0.04197519,0.1232459,0.09719792753458023,0.03772127628326416
412,copernicwhistleblower,high_maturity,False,CLIPese,0.0,True,mature,0.21452500000000002,True,mature_weak,431,0.14371814,0.0032049366,0.09719792753458023,0.03772127628326416
413,lebores,high_maturity,False,CLIPese,0.0,True,mature,0.6663,False,,-1,0.21104088,-0.1658281,0.09719792753458023,0.03772127628326416
414,chromomatrix,high_maturity,False,CLIPese,0.0,True,mature,0.7312000000000001,False,,-1,-0.08251944,0.15926969,0.09719792753458023,0.03772127628326416
415,autismaimage,high_maturity,False,CLIPese,0.0,True,mature,0.48785,False,,-1,-0.16508213,0.15523544,0.09719792753458023,0.03772127628326416
416,adjecalgorimeme,high_maturity,False,CLIPese,0.0,True,mature,0.0608,True,mature_weak,405,0.029299883,0.17457521,0.09719792753458023,0.03772127628326416
417,cockroach,high_maturity,True,English,3.16,True,mature,0.7524500000000001,False,,-1,0.04355873,-0.1357086,0.09719792753458023,0.03772127628326416
418,chocolate,high_maturity,True,English,4.49,True,mature,0.160525,False,,-1,-0.34702444,-0.050299384,0.09719792753458023,0.03772127628326416
419,craychromobit,high_maturity,False,CLIPese,0.0,True,mature,0.39157500000000006,False,,-1,-0.16464494,0.1238933,0.09719792753458023,0.03772127628326416
420,chocol,high_maturity,False,CLIPese,0.0,True,mature,0.7122249999999999,False,,-1,-0.43308982,-0.049307063,0.09719792753458023,0.03772127628326416
421,daisies,high_maturity,True,English,2.9,True,mature,0.5595000000000001,False,,-1,-0.1577543,-0.05694106,0.09719792753458023,0.03772127628326416
422,aerobaircraft,high_maturity,False,CLIPese,0.0,True,mature,0.49187500000000006,False,,-1,-0.015652766,-0.106870666,0.09719792753458023,0.03772127628326416
423,bulldogrests,high_maturity,False,CLIPese,0.0,True,mature,0.38377500000000003,False,,-1,0.15499602,-0.2400501,0.09719792753458023,0.03772127628326416
424,categormachinelearning,high_maturity,False,CLIPese,0.0,True,mature,0.513725,False,,-1,-0.46528348,0.09789047,0.09719792753458023,0.03772127628326416
425,azerbaitasmanian,high_maturity,False,CLIPese,0.0,True,mature,0.502525,False,,-1,-0.23446685,-0.048984163,0.09719792753458023,0.03772127628326416
426,coralwebcam,high_maturity,False,CLIPese,0.0,True,mature,0.774975,True,mature_readable,271,0.19195165,0.01738207,0.09719792753458023,0.03772127628326416
427,bubblephotos,high_maturity,False,CLIPese,0.0,True,mature,0.241875,False,,-1,-0.16608597,0.19581103,0.09719792753458023,0.03772127628326416
428,backstreeteinstein,high_maturity,False,CLIPese,0.0,True,mature,0.5721750000000001,False,,-1,-0.16144785,-0.03723135,0.09719792753458023,0.03772127628326416
429,crochegiropipe,high_maturity,False,CLIPese,0.0,True,mature,0.5190750000000001,False,,-1,0.26408222,-0.026549779,0.09719792753458023,0.03772127628326416
430,cirtexture,high_maturity,False,CLIPese,0.0,True,mature,0.46967499999999995,False,,-1,-0.28812036,0.20306863,0.09719792753458023,0.03772127628326416
431,amritgiraffe,high_maturity,False,CLIPese,0.0,True,mature,0.329275,False,,-1,0.057471868,-0.2291116,0.09719792753458023,0.03772127628326416
432,commungogh,high_maturity,False,CLIPese,0.0,True,mature,0.28045,False,,-1,0.19006528,0.10084133,0.09719792753458023,0.03772127628326416
433,catloaf,high_maturity,False,CLIPese,0.0,True,mature,0.3573,False,,-1,0.003425245,-0.17342871,0.09719792753458023,0.03772127628326416
434,vujicic,high_maturity,True,English,1.22,True,mature,0.258225,False,,-1,0.15059389,-0.1254839,0.09719792753458023,0.03772127628326416
435,calibrchevron,high_maturity,False,CLIPese,0.0,True,mature,0.2146,False,,-1,0.082368664,0.074470684,0.09719792753458023,0.03772127628326416
436,animtetraemoji,high_maturity,False,CLIPese,0.0,True,mature,0.34355,False,,-1,-0.10872966,0.13192469,0.09719792753458023,0.03772127628326416
437,seapkaleidosimulation,high_maturity,False,CLIPese,0.0,True,mature,0.168575,False,,-1,0.44450048,0.41503632,0.09719792753458023,0.03772127628326416
438,daffodils,high_maturity,True,English,2.73,True,mature,0.41555,False,,-1,0.094895616,-0.052194964,0.09719792753458023,0.03772127628326416
439,bloodskateboard,high_maturity,False,CLIPese,0.0,True,mature,0.80015,True,mature_readable,200,-0.13150029,-0.05509279,0.09719792753458023,0.03772127628326416
440,pygxygeese,high_maturity,False,CLIPese,0.0,True,mature,0.34325,False,,-1,0.38244382,-0.20767006,0.09719792753458023,0.03772127628326416
441,cyberwhitesox,high_maturity,False,CLIPese,0.0,True,mature,0.47705,False,,-1,0.09478018,-0.017386874,0.09719792753458023,0.03772127628326416
442,cloudsoundcloud,high_maturity,False,CLIPese,0.0,True,mature,0.7319249999999999,False,,-1,-0.22638412,0.01703674,0.09719792753458023,0.03772127628326416
443,cyberchristmadecorations,high_maturity,False,CLIPese,0.0,True,mature,0.3927,False,,-1,0.093849465,0.06671185,0.09719792753458023,0.03772127628326416
444,cupbot,high_maturity,False,CLIPese,0.0,True,mature,0.700775,False,,-1,-0.048147984,-0.060273457,0.09719792753458023,0.03772127628326416
445,breadbox,high_maturity,True,English,1.46,True,mature,0.750525,True,mature_readable,272,-0.29757434,-0.06349259,0.09719792753458023,0.03772127628326416
446,augmenteimages,high_maturity,False,CLIPese,0.0,True,mature,0.09887500000000002,False,,-1,-0.006892061,0.2578271,0.09719792753458023,0.03772127628326416
447,interoperthunderbirds,high_maturity,False,CLIPese,0.0,True,mature,0.3436,False,,-1,0.29285267,-0.1563789,0.09719792753458023,0.03772127628326416
448,delavinrecipifaucet,high_maturity,False,CLIPese,0.0,True,mature,0.070775,True,mature_weak,383,0.39365935,-0.15138215,0.09719792753458023,0.03772127628326416
449,andtobago,high_maturity,False,CLIPese,0.0,True,mature,0.5961749999999999,False,,-1,-0.1595887,-0.09300282,0.09719792753458023,0.03772127628326416
450,clowcutout,high_maturity,False,CLIPese,0.0,True,mature,0.278575,False,,-1,0.17075022,0.14946917,0.09719792753458023,0.03772127628326416
451,cyberstormtrooper,high_maturity,False,CLIPese,0.0,True,mature,0.411025,False,,-1,0.12093107,-0.030558983,0.09719792753458023,0.03772127628326416
452,rwandcheetah,high_maturity,False,CLIPese,0.0,True,mature,0.6294000000000001,False,,-1,0.3869688,-0.2985601,0.09719792753458023,0.03772127628326416
453,cyberware,high_maturity,True,English,1.2,True,mature,0.8971499999999999,True,mature_readable,117,-0.35186782,0.007887267,0.09719792753458023,0.03772127628326416
454,bbcscrambled,high_maturity,False,CLIPese,0.0,True,mature,0.848125,True,mature_readable,274,0.03020954,0.27747154,0.09719792753458023,0.03772127628326416
455,carbokitties,high_maturity,False,CLIPese,0.0,True,mature,0.634375,False,,-1,0.19753796,-0.19654943,0.09719792753458023,0.03772127628326416
456,cubeimplemented,high_maturity,False,CLIPese,0.0,True,mature,0.4524,False,,-1,-0.2892759,0.23712265,0.09719792753458023,0.03772127628326416
457,cubescrum,high_maturity,False,CLIPese,0.0,True,mature,0.37597500000000006,False,,-1,0.04164966,0.083067454,0.09719792753458023,0.03772127628326416
458,azerbaipika,high_maturity,False,CLIPese,0.0,True,mature,0.49777499999999997,False,,-1,-0.14026116,-0.04180008,0.09719792753458023,0.03772127628326416
459,abstrdemenkaleidoweep,high_maturity,False,CLIPese,0.0,True,mature,0.09609999999999999,False,,-1,0.36449906,0.47517553,0.09719792753458023,0.03772127628326416
460,cyberpanoramic,high_maturity,False,CLIPese,0.0,True,mature,0.315975,False,,-1,-0.023215314,0.19771433,0.09719792753458023,0.03772127628326416
461,aeronautrafficsimulator,high_maturity,False,CLIPese,0.0,True,mature,0.38504999999999995,False,,-1,0.16777465,-0.025847638,0.09719792753458023,0.03772127628326416
462,chennaifc,high_maturity,False,CLIPese,0.0,True,mature,0.6867749999999999,True,orthographic_hard,38,-0.20515396,-0.10710495,0.09719792753458023,0.03772127628326416
463,apples,high_maturity,True,English,3.96,True,mature,0.5575000000000001,False,,-1,-0.23476434,-0.13447015,0.09719792753458023,0.03772127628326416
464,banknocgi,high_maturity,False,CLIPese,0.0,True,mature,0.26,False,,-1,0.17255189,0.14010717,0.09719792753458023,0.03772127628326416
465,coralfuzzy,high_maturity,False,CLIPese,0.0,True,mature,0.6191500000000001,False,,-1,-0.036024753,0.006057647,0.09719792753458023,0.03772127628326416
466,hydraudelavinthenburg,high_maturity,False,CLIPese,0.0,True,mature,0.024475,True,mature_weak,371,0.2831349,-0.16730344,0.09719792753458023,0.03772127628326416
467,cadbury,high_maturity,True,English,2.91,True,mature,0.8377,True,mature_readable,218,-0.26580626,-0.10063599,0.09719792753458023,0.03772127628326416
468,ophadoglohusky,high_maturity,False,CLIPese,0.0,True,mature,0.1679,False,,-1,0.44123843,-0.24425596,0.09719792753458023,0.03772127628326416
469,chromostraws,high_maturity,False,CLIPese,0.0,True,mature,0.4343,False,,-1,0.09827986,0.08192835,0.09719792753458023,0.03772127628326416
470,cubeforming,high_maturity,False,CLIPese,0.0,True,mature,0.639625,False,,-1,-0.28295648,0.12640561,0.09719792753458023,0.03772127628326416
471,beachchicas,high_maturity,False,CLIPese,0.0,True,mature,0.6880000000000001,False,,-1,-0.1464481,-0.07461528,0.09719792753458023,0.03772127628326416
472,facewavewarhol,high_maturity,False,CLIPese,0.0,True,mature,0.4809999999999999,False,,-1,0.35401765,0.29210892,0.09719792753458023,0.03772127628326416
473,batgirl,high_maturity,True,English,2.68,True,mature,0.76325,True,mature_readable,244,-0.18844114,-0.12573074,0.09719792753458023,0.03772127628326416
474,bubbparadigm,high_maturity,False,CLIPese,0.0,True,mature,0.46252499999999996,False,,-1,-0.012238955,0.10351656,0.09719792753458023,0.03772127628326416
475,jessicanigri,high_maturity,False,CLIPese,0.0,True,mature,0.28590000000000004,False,,-1,0.3053292,-0.17059766,0.09719792753458023,0.03772127628326416
476,barbados,high_maturity,True,English,3.5,True,mature,0.9609749999999999,True,mature_readable,101,-0.16183971,-0.058177505,0.09719792753458023,0.03772127628326416
477,chafgodawgs,high_maturity,False,CLIPese,0.0,True,mature,0.27095,False,,-1,0.27195138,-0.23594595,0.09719792753458023,0.03772127628326416
478,computerminals,high_maturity,False,CLIPese,0.0,True,mature,0.27357499999999996,False,,-1,0.03342661,-0.0033332375,0.09719792753458023,0.03772127628326416
479,arvindswami,high_maturity,False,CLIPese,0.0,True,mature,0.32565,False,,-1,0.109266795,-0.1336491,0.09719792753458023,0.03772127628326416
480,binoimpressionism,high_maturity,False,CLIPese,0.0,True,mature,0.31967500000000004,False,,-1,0.19800481,0.3052424,0.09719792753458023,0.03772127628326416
481,camouflazombiypg,high_maturity,False,CLIPese,0.0,True,mature,0.29875,False,,-1,0.1799255,0.06751338,0.09719792753458023,0.03772127628326416
482,augmentetranscript,high_maturity,False,CLIPese,0.0,True,mature,0.58755,False,,-1,-0.16423006,0.036622763,0.09719792753458023,0.03772127628326416
483,tapemichiganfineartamerica,high_maturity,False,CLIPese,0.0,True,mature,0.14775,False,,-1,0.3160267,0.14037718,0.09719792753458023,0.03772127628326416
484,assaudolphins,high_maturity,False,CLIPese,0.0,True,mature,0.523275,False,,-1,0.2029524,-0.22750399,0.09719792753458023,0.03772127628326416
485,gorakh,high_maturity,False,CLIPese,0.0,True,mature,0.82775,True,mature_readable,133,0.21502763,-0.111491755,0.09719792753458023,0.03772127628326416
486,darjepalcamelgiraffe,high_maturity,False,CLIPese,0.0,True,mature,0.31635,False,,-1,0.30544025,-0.23619847,0.09719792753458023,0.03772127628326416
487,breitboeing,high_maturity,False,CLIPese,0.0,True,mature,0.48415,False,,-1,0.09760173,-0.11506505,0.09719792753458023,0.03772127628326416
488,birdshifter,high_maturity,False,CLIPese,0.0,True,mature,0.77315,False,,-1,0.19154567,-0.09772497,0.09719792753458023,0.03772127628326416
489,brompton,high_maturity,True,English,2.55,True,mature,0.403725,False,,-1,0.045743562,-0.0908125,0.09719792753458023,0.03772127628326416
490,chennairain,high_maturity,False,CLIPese,0.0,True,mature,0.37227499999999997,False,,-1,-0.16355246,-0.049013898,0.09719792753458023,0.03772127628326416
491,yemencheetah,high_maturity,False,CLIPese,0.0,True,mature,0.9078,True,orthographic_hard,28,0.30405435,-0.2821244,0.09719792753458023,0.03772127628326416
492,christmaselves,high_maturity,False,CLIPese,0.0,True,mature,0.2148,True,mature_weak,441,-0.11834535,-0.020351063,0.09719792753458023,0.03772127628326416
493,bulgaria,high_maturity,True,English,3.9,True,mature,0.700125,True,orthographic_hard,34,-0.289754,-0.053247936,0.09719792753458023,0.03772127628326416
494,acanterrier,high_maturity,False,CLIPese,0.0,True,mature,0.347675,False,,-1,0.17286822,-0.27447426,0.09719792753458023,0.03772127628326416
495,okbokki,high_maturity,False,CLIPese,0.0,True,mature,0.166225,True,mature_weak,430,0.16806847,-0.13267617,0.09719792753458023,0.03772127628326416
496,coralplot,high_maturity,False,CLIPese,0.0,True,mature,0.946375,True,mature_readable,113,-0.055568833,0.10671259,0.09719792753458023,0.03772127628326416
497,beggdog,high_maturity,False,CLIPese,0.0,True,mature,0.7139,False,,-1,-0.11721339,-0.20416598,0.09719792753458023,0.03772127628326416
498,crabbonkers,high_maturity,False,CLIPese,0.0,True,mature,0.90485,True,mature_readable,124,-0.1716021,-0.10609977,0.09719792753458023,0.03772127628326416
499,baltistan,high_maturity,True,English,2.09,True,mature,0.47795,False,,-1,-0.16974656,-0.07265021,0.09719792753458023,0.03772127628326416
500,crystfractal,high_maturity,False,CLIPese,0.0,True,mature,0.155625,False,,-1,-0.17466766,0.38388175,0.09719792753458023,0.03772127628326416
501,golfpixelart,high_maturity,False,CLIPese,0.0,True,mature,0.442725,False,,-1,0.24308509,0.1701636,0.09719792753458023,0.03772127628326416
502,cattaxiderphotogenic,high_maturity,False,CLIPese,0.0,True,mature,0.036,True,mature_weak,391,0.29624653,-0.21926267,0.09719792753458023,0.03772127628326416
503,autudiversity,high_maturity,False,CLIPese,0.0,True,mature,0.5982750000000001,False,,-1,-0.13261653,0.06799136,0.09719792753458023,0.03772127628326416
504,adelaideoval,high_maturity,False,CLIPese,0.0,True,mature,0.34775,False,,-1,0.05165,-0.040879626,0.09719792753458023,0.03772127628326416
505,budweiser,high_maturity,True,English,2.9,True,mature,0.8864000000000001,True,mature_readable,139,-0.054944597,-0.09783378,0.09719792753458023,0.03772127628326416
506,segkaleidoscanned,high_maturity,False,CLIPese,0.0,True,mature,0.44089999999999996,False,,-1,0.39161834,0.5103719,0.09719792753458023,0.03772127628326416
507,coralspectrum,high_maturity,False,CLIPese,0.0,True,mature,0.35624999999999996,False,,-1,-0.087211706,0.17989928,0.09719792753458023,0.03772127628326416
508,matsukeerthyofficial,high_maturity,False,CLIPese,0.0,True,mature,0.080675,True,mature_weak,373,0.20611526,-0.15189326,0.09719792753458023,0.03772127628326416
509,counterfesynthesizer,high_maturity,False,CLIPese,0.0,True,mature,0.32280000000000003,False,,-1,0.09326961,0.0077961204,0.09719792753458023,0.03772127628326416
510,chromochromogerry,high_maturity,False,CLIPese,0.0,True,mature,0.15847499999999998,False,,-1,0.10452208,0.047058206,0.09719792753458023,0.03772127628326416
511,canadianozzy,high_maturity,False,CLIPese,0.0,True,mature,0.44489999999999996,False,,-1,-0.24794953,0.01596701,0.09719792753458023,0.03772127628326416
512,rohingdachshund,high_maturity,False,CLIPese,0.0,True,mature,0.78375,True,mature_readable,184,0.3001833,-0.31758144,0.09719792753458023,0.03772127628326416
513,birdwatching,high_maturity,True,English,2.37,True,mature,0.26497499999999996,False,,-1,-0.42565522,-0.1063014,0.09719792753458023,0.03772127628326416
514,bosniheader,high_maturity,False,CLIPese,0.0,True,mature,0.39399999999999996,False,,-1,-0.013071603,-0.015616386,0.09719792753458023,0.03772127628326416
515,backgammon,high_maturity,True,English,2.45,True,mature,0.71975,False,,-1,-0.11410013,-0.04210441,0.09719792753458023,0.03772127628326416
516,acrobdancing,high_maturity,False,CLIPese,0.0,True,mature,0.44547500000000007,False,,-1,-0.2767342,-0.043206904,0.09719792753458023,0.03772127628326416
517,clareparrot,high_maturity,False,CLIPese,0.0,True,mature,0.7463749999999999,True,mature_readable,181,0.27422342,-0.1556928,0.09719792753458023,0.03772127628326416
518,bikes,high_maturity,True,English,3.89,True,mature,0.712625,False,,-1,-0.21207461,-0.0441984,0.09719792753458023,0.03772127628326416
519,iglecairngorsmiling,high_maturity,False,CLIPese,0.0,True,mature,0.3629,False,,-1,0.2751502,-0.11131819,0.09719792753458023,0.03772127628326416
520,barrierreef,high_maturity,False,CLIPese,0.0,True,mature,0.709675,False,,-1,0.06118986,-0.034076598,0.09719792753458023,0.03772127628326416
521,cheddar,high_maturity,True,English,3.29,True,mature,0.7356499999999999,False,,-1,-0.27620643,-0.10333206,0.09719792753458023,0.03772127628326416
522,ctukicchasudeep,high_maturity,False,CLIPese,0.0,True,mature,0.21892500000000004,False,,-1,-0.01630307,-0.10094642,0.09719792753458023,0.03772127628326416
523,bestofmachinelearning,high_maturity,False,CLIPese,0.0,True,mature,0.399175,False,,-1,-0.45690528,0.1535999,0.09719792753458023,0.03772127628326416
524,birdcage,high_maturity,True,English,2.45,True,mature,0.6570499999999999,False,,-1,-0.06736054,-0.07968087,0.09719792753458023,0.03772127628326416
525,asters,high_maturity,True,English,1.93,True,mature,0.677575,False,,-1,0.09537675,-0.08149362,0.09719792753458023,0.03772127628326416
526,catsidewalk,high_maturity,False,CLIPese,0.0,True,mature,0.6673,False,,-1,0.07773019,-0.12016306,0.09719792753458023,0.03772127628326416
527,bassoon,high_maturity,True,English,2.53,True,mature,0.9687,True,mature_readable,51,-0.22192958,-0.1113465,0.09719792753458023,0.03772127628326416
528,cathocomb,high_maturity,False,CLIPese,0.0,True,mature,0.1683,True,mature_weak,407,0.102506354,0.026074648,0.09719792753458023,0.03772127628326416
529,crayfish,high_maturity,True,English,2.85,True,mature,0.454225,False,,-1,-0.20086266,-0.17809628,0.09719792753458023,0.03772127628326416
530,clipsnippet,high_maturity,False,CLIPese,0.0,True,mature,0.74685,False,,-1,-0.13275555,-0.055343512,0.09719792753458023,0.03772127628326416
531,colorcensus,high_maturity,False,CLIPese,0.0,True,mature,0.818625,True,mature_readable,147,0.20734106,0.12774922,0.09719792753458023,0.03772127628326416
532,compuwarhol,high_maturity,False,CLIPese,0.0,True,mature,0.370025,False,,-1,0.31952754,0.2959325,0.09719792753458023,0.03772127628326416
533,coraltransform,high_maturity,False,CLIPese,0.0,True,mature,0.47492499999999993,False,,-1,0.058779787,0.25816056,0.09719792753458023,0.03772127628326416
534,bearantlers,high_maturity,False,CLIPese,0.0,True,mature,0.231325,False,,-1,0.18717048,-0.18147315,0.09719792753458023,0.03772127628326416
535,bloafkitties,high_maturity,False,CLIPese,0.0,True,mature,0.59575,False,,-1,0.17629956,-0.10954169,0.09719792753458023,0.03772127628326416
536,cybermoss,high_maturity,False,CLIPese,0.0,True,mature,0.9663499999999999,True,mature_readable,50,0.0951536,0.012608257,0.09719792753458023,0.03772127628326416
537,buffalosab,high_maturity,False,CLIPese,0.0,True,mature,0.7274499999999999,False,,-1,0.17956205,-0.16858536,0.09719792753458023,0.03772127628326416
538,calibrsquare,high_maturity,False,CLIPese,0.0,True,mature,0.1901,False,,-1,-0.084149025,0.084780306,0.09719792753458023,0.03772127628326416
539,chromorandom,high_maturity,False,CLIPese,0.0,True,mature,0.635,False,,-1,-0.34319496,0.086125724,0.09719792753458023,0.03772127628326416
540,adaggubati,high_maturity,False,CLIPese,0.0,True,mature,0.510175,False,,-1,0.06556327,-0.121052556,0.09719792753458023,0.03772127628326416
541,piranmimic,high_maturity,False,CLIPese,0.0,True,mature,0.214425,False,,-1,0.2442418,-0.21686889,0.09719792753458023,0.03772127628326416
542,colordisintegremoji,high_maturity,False,CLIPese,0.0,True,mature,0.28702500000000003,False,,-1,0.06643686,0.17946932,0.09719792753458023,0.03772127628326416
543,colourweaving,high_maturity,False,CLIPese,0.0,True,mature,0.493375,False,,-1,0.1916135,0.2680864,0.09719792753458023,0.03772127628326416
544,halloweenbackstreetfractal,high_maturity,False,CLIPese,0.0,True,mature,0.37267500000000003,False,,-1,0.39231968,0.21735905,0.09719792753458023,0.03772127628326416
545,chromoquets,high_maturity,False,CLIPese,0.0,True,mature,0.23920000000000002,False,,-1,0.203788,0.16234635,0.09719792753458023,0.03772127628326416
546,kritikakar,high_maturity,False,CLIPese,0.0,True,mature,0.30210000000000004,False,,-1,0.25907165,-0.17103407,0.09719792753458023,0.03772127628326416
547,banan,high_maturity,True,English,1.43,True,mature,0.93445,True,orthographic_hard,33,-0.26112565,-0.12230305,0.09719792753458023,0.03772127628326416
548,babykubernetes,high_maturity,False,CLIPese,0.0,True,mature,0.86925,True,mature_readable,267,-0.03331509,-0.0061944323,0.09719792753458023,0.03772127628326416
549,chedserver,high_maturity,False,CLIPese,0.0,True,mature,0.908525,True,mature_readable,76,-0.07125406,-0.05929606,0.09719792753458023,0.03772127628326416
550,calibrdigits,high_maturity,False,CLIPese,0.0,True,mature,0.22385,False,,-1,-0.106233135,0.05451464,0.09719792753458023,0.03772127628326416
551,backstreettextures,high_maturity,False,CLIPese,0.0,True,mature,0.36624999999999996,False,,-1,0.09209775,0.2432543,0.09719792753458023,0.03772127628326416
552,fluorsquirrel,high_maturity,False,CLIPese,0.0,True,mature,0.7462,True,mature_readable,223,0.24284086,-0.32424325,0.09719792753458023,0.03772127628326416
553,anteater,high_maturity,True,English,2.28,True,mature,0.38285,False,,-1,-0.061392646,-0.24602547,0.09719792753458023,0.03772127628326416
554,dalmatispaniel,high_maturity,False,CLIPese,0.0,True,mature,0.12845,True,mature_weak,413,0.30154988,-0.260205,0.09719792753458023,0.03772127628326416
555,birdphotography,high_maturity,False,CLIPese,0.0,True,mature,0.046125,True,mature_weak,387,-0.16916691,-0.13299431,0.09719792753458023,0.03772127628326416
556,bicdogdog,high_maturity,False,CLIPese,0.0,True,mature,0.521325,False,,-1,0.038529344,-0.19887847,0.09719792753458023,0.03772127628326416
557,aishwaryarai,high_maturity,False,CLIPese,0.0,True,mature,0.0877,True,mature_weak,416,0.07118756,-0.14174886,0.09719792753458023,0.03772127628326416
558,coralalgorithm,high_maturity,False,CLIPese,0.0,True,mature,0.58865,False,,-1,0.19922756,0.26597998,0.09719792753458023,0.03772127628326416
559,bubblemite,high_maturity,False,CLIPese,0.0,True,mature,0.6504,False,,-1,-0.4687186,0.023067601,0.09719792753458023,0.03772127628326416
560,tibetmastiff,high_maturity,False,CLIPese,0.0,True,mature,0.265425,False,,-1,0.32676822,-0.26598918,0.09719792753458023,0.03772127628326416
561,louboutmanta,high_maturity,False,CLIPese,0.0,True,mature,0.14495000000000002,False,,-1,0.19540742,-0.09851162,0.09719792753458023,0.03772127628326416
562,halleimpressionism,high_maturity,False,CLIPese,0.0,True,mature,0.398275,False,,-1,0.2248164,0.3169684,0.09719792753458023,0.03772127628326416
563,crabsharkweek,high_maturity,False,CLIPese,0.0,True,mature,0.833875,True,orthographic_hard,20,-0.008149804,-0.15569925,0.09719792753458023,0.03772127628326416
564,californiawild,high_maturity,False,CLIPese,0.0,True,mature,0.632475,False,,-1,-0.27036393,-0.04571865,0.09719792753458023,0.03772127628326416
565,kaleidocolorized,high_maturity,False,CLIPese,0.0,True,mature,0.132825,False,,-1,0.37445965,0.5443325,0.09719792753458023,0.03772127628326416
566,chandigarh,high_maturity,True,English,2.96,True,mature,0.7549250000000001,False,,-1,-0.12054503,-0.053594366,0.09719792753458023,0.03772127628326416
567,catroblogenerator,high_maturity,False,CLIPese,0.0,True,mature,0.407675,False,,-1,0.114069745,-0.000873983,0.09719792753458023,0.03772127628326416
568,basketbal,high_maturity,True,English,1.2,True,mature,0.611775,False,,-1,-0.24785836,-0.04967016,0.09719792753458023,0.03772127628326416
569,mandelmosaic,high_maturity,False,CLIPese,0.0,True,mature,0.20125,False,,-1,0.27718875,0.17066655,0.09719792753458023,0.03772127628326416
570,camelzebra,high_maturity,False,CLIPese,0.0,True,mature,0.6201749999999999,False,,-1,0.04550946,-0.12523487,0.09719792753458023,0.03772127628326416
571,banknoecu,high_maturity,False,CLIPese,0.0,True,mature,0.2031,False,,-1,-0.15254843,0.029875122,0.09719792753458023,0.03772127628326416
572,chickens,high_maturity,True,English,3.82,True,mature,0.7692,False,,-1,-0.23087409,-0.15076137,0.09719792753458023,0.03772127628326416
573,aeroinfrared,high_maturity,False,CLIPese,0.0,True,mature,0.589475,False,,-1,0.19563262,0.058260802,0.09719792753458023,0.03772127628326416
574,chromoorice,high_maturity,False,CLIPese,0.0,True,mature,0.3982,False,,-1,-0.1332538,0.05907518,0.09719792753458023,0.03772127628326416
575,mandeloverpass,high_maturity,False,CLIPese,0.0,True,mature,0.394675,False,,-1,0.3013111,0.10626999,0.09719792753458023,0.03772127628326416
576,calibrinterference,high_maturity,False,CLIPese,0.0,True,mature,0.559775,False,,-1,-0.1313816,0.18562154,0.09719792753458023,0.03772127628326416
577,mandelfurncomposition,high_maturity,False,CLIPese,0.0,True,mature,0.3219,False,,-1,0.36751038,0.26673743,0.09719792753458023,0.03772127628326416
578,mandelrounding,high_maturity,False,CLIPese,0.0,True,mature,0.6017750000000001,False,,-1,0.33562464,0.091504306,0.09719792753458023,0.03772127628326416
579,cyberfallout,high_maturity,False,CLIPese,0.0,True,mature,0.44675,False,,-1,-0.102895275,0.08352674,0.09719792753458023,0.03772127628326416
580,crystorypixels,high_maturity,False,CLIPese,0.0,True,mature,0.223175,False,,-1,0.090518914,0.19908187,0.09719792753458023,0.03772127628326416
581,chromoblurry,high_maturity,False,CLIPese,0.0,True,mature,0.24935000000000002,False,,-1,-0.021951456,0.22905578,0.09719792753458023,0.03772127628326416
582,aberystwy,high_maturity,False,CLIPese,0.0,True,mature,0.60595,False,,-1,-0.11027684,-0.08608692,0.09719792753458023,0.03772127628326416
583,russellterrier,high_maturity,False,CLIPese,0.0,True,mature,0.243175,False,,-1,0.2089461,-0.31669047,0.09719792753458023,0.03772127628326416
584,chicagopd,high_maturity,False,CLIPese,0.0,True,mature,0.694575,True,fallback_fill,498,-0.29391527,-0.023998652,0.09719792753458023,0.03772127628326416
585,anarchi,high_maturity,False,CLIPese,0.0,True,mature,0.87395,False,,-1,-0.34301177,0.034457214,0.09719792753458023,0.03772127628326416
586,chinesemask,high_maturity,False,CLIPese,0.0,True,mature,0.8258,True,mature_readable,179,-0.009145199,-0.099416755,0.09719792753458023,0.03772127628326416
587,camouflacatfont,high_maturity,False,CLIPese,0.0,True,mature,0.19495,False,,-1,0.20667426,0.11527872,0.09719792753458023,0.03772127628326416
588,cyberdistorembroidery,high_maturity,False,CLIPese,0.0,True,mature,0.521375,False,,-1,0.1273265,0.10085345,0.09719792753458023,0.03772127628326416
589,soarspaniel,high_maturity,False,CLIPese,0.0,True,mature,0.3952,False,,-1,0.32530746,-0.22356938,0.09719792753458023,0.03772127628326416
590,cyberstargate,high_maturity,False,CLIPese,0.0,True,mature,0.689975,False,,-1,-0.090078674,0.068411045,0.09719792753458023,0.03772127628326416
591,chromocrayon,high_maturity,False,CLIPese,0.0,True,mature,0.5429,False,,-1,0.07328257,0.10612112,0.09719792753458023,0.03772127628326416
592,aubergpng,high_maturity,False,CLIPese,0.0,True,mature,0.41742500000000005,False,,-1,0.20412192,0.0016478179,0.09719792753458023,0.03772127628326416
593,bantams,high_maturity,True,English,2.12,True,mature,0.8094499999999999,True,mature_readable,162,0.23041706,-0.20268038,0.09719792753458023,0.03772127628326416
594,pugxbox,high_maturity,False,CLIPese,0.0,True,mature,0.5991250000000001,False,,-1,0.35655323,-0.1921798,0.09719792753458023,0.03772127628326416
595,kaleidorendering,high_maturity,False,CLIPese,0.0,True,mature,0.1916,False,,-1,0.37834322,0.56746167,0.09719792753458023,0.03772127628326416
596,clothespin,high_maturity,True,English,1.83,True,mature,0.1292,True,mature_weak,402,-0.09433025,-0.11378382,0.09719792753458023,0.03772127628326416
597,kaleidofreebies,high_maturity,False,CLIPese,0.0,True,mature,0.36349999999999993,False,,-1,0.32898152,0.32226402,0.09719792753458023,0.03772127628326416
598,bandicspectrum,high_maturity,False,CLIPese,0.0,True,mature,0.305975,False,,-1,0.20918605,-0.12339318,0.09719792753458023,0.03772127628326416
599,tuxcollie,high_maturity,False,CLIPese,0.0,True,mature,0.260025,False,,-1,0.32179853,-0.2593068,0.09719792753458023,0.03772127628326416
600,climbvolcano,high_maturity,False,CLIPese,0.0,True,mature,0.561675,False,,-1,0.13955946,-0.061810356,0.09719792753458023,0.03772127628326416
601,cheesespy,high_maturity,False,CLIPese,0.0,True,mature,0.7069249999999999,False,,-1,-0.21487309,-0.06404672,0.09719792753458023,0.03772127628326416
602,bahamas,high_maturity,True,English,3.53,True,mature,0.855725,True,mature_readable,279,-0.16988207,-0.0756391,0.09719792753458023,0.03772127628326416
603,bubbleuk,high_maturity,False,CLIPese,0.0,True,mature,0.791775,False,,-1,-0.3413715,-0.0076169167,0.09719792753458023,0.03772127628326416
604,contemplwildatlanticway,high_maturity,False,CLIPese,0.0,True,mature,0.16547499999999998,True,mature_weak,408,0.18511906,-0.037143398,0.09719792753458023,0.03772127628326416
605,mandeltrees,high_maturity,False,CLIPese,0.0,True,mature,0.548225,False,,-1,0.17699508,0.112197965,0.09719792753458023,0.03772127628326416
606,crystzorandom,high_maturity,False,CLIPese,0.0,True,mature,0.400775,False,,-1,-0.32083893,0.18221784,0.09719792753458023,0.03772127628326416
607,cyberembroidery,high_maturity,False,CLIPese,0.0,True,mature,0.44265,False,,-1,0.032464463,0.074203305,0.09719792753458023,0.03772127628326416
608,chickenbird,high_maturity,False,CLIPese,0.0,True,mature,0.519975,False,,-1,-0.09729572,-0.17569591,0.09719792753458023,0.03772127628326416
609,kaleidogrunge,high_maturity,False,CLIPese,0.0,True,mature,0.21375,False,,-1,0.32888246,0.5606125,0.09719792753458023,0.03772127628326416
610,compupikachu,high_maturity,False,CLIPese,0.0,True,mature,0.7374,False,,-1,0.32736465,-0.10288371,0.09719792753458023,0.03772127628326416
611,weirdmandelvapor,high_maturity,False,CLIPese,0.0,True,mature,0.12667499999999998,True,mature_weak,425,0.2733867,0.34385028,0.09719792753458023,0.03772127628326416
612,spectromandala,high_maturity,False,CLIPese,0.0,True,mature,0.44995,False,,-1,0.43420178,0.31285775,0.09719792753458023,0.03772127628326416
613,panorpsychowebcamtoy,high_maturity,False,CLIPese,0.0,True,mature,0.0753,True,mature_weak,374,0.09517453,0.24749427,0.09719792753458023,0.03772127628326416
614,chromorainbow,high_maturity,False,CLIPese,0.0,True,mature,0.63505,False,,-1,-0.117150486,0.11584666,0.09719792753458023,0.03772127628326416
615,mukfractal,high_maturity,False,CLIPese,0.0,True,mature,0.38772500000000004,False,,-1,0.41826838,0.27040714,0.09719792753458023,0.03772127628326416
616,cathebadge,high_maturity,False,CLIPese,0.0,True,mature,0.68815,False,,-1,0.0716262,-0.026255487,0.09719792753458023,0.03772127628326416
617,bbcmatrix,high_maturity,False,CLIPese,0.0,True,mature,0.45380000000000004,False,,-1,0.08838251,0.21135896,0.09719792753458023,0.03772127628326416
618,mandelinfrared,high_maturity,False,CLIPese,0.0,True,mature,0.339275,False,,-1,0.17287229,0.16298662,0.09719792753458023,0.03772127628326416
619,grumpmandala,high_maturity,False,CLIPese,0.0,True,mature,0.34500000000000003,False,,-1,0.4122074,0.087010734,0.09719792753458023,0.03772127628326416
620,calibrdot,high_maturity,False,CLIPese,0.0,True,mature,0.401875,False,,-1,-0.08615919,0.02218969,0.09719792753458023,0.03772127628326416
621,autuspectral,high_maturity,False,CLIPese,0.0,True,mature,0.557375,False,,-1,0.06787964,0.2113799,0.09719792753458023,0.03772127628326416
622,bayleywwe,high_maturity,False,CLIPese,0.0,True,mature,0.8752000000000001,True,mature_readable,89,-0.048865173,-0.078609414,0.09719792753458023,0.03772127628326416
623,sapispaniel,high_maturity,False,CLIPese,0.0,True,mature,0.25687499999999996,False,,-1,0.35560456,-0.26627553,0.09719792753458023,0.03772127628326416
624,laceychabert,high_maturity,False,CLIPese,0.0,True,mature,0.43427499999999997,False,,-1,0.30552542,-0.14301917,0.09719792753458023,0.03772127628326416
625,kaleidothanos,high_maturity,False,CLIPese,0.0,True,mature,0.5299,False,,-1,0.4165674,0.33643875,0.09719792753458023,0.03772127628326416
626,taxiderjehopikachu,high_maturity,False,CLIPese,0.0,True,mature,0.153,False,,-1,0.49774843,-0.21551813,0.09719792753458023,0.03772127628326416
627,imacelepopart,high_maturity,False,CLIPese,0.0,True,mature,0.08185,True,mature_weak,382,0.2549634,0.11270187,0.09719792753458023,0.03772127628326416
628,byzloafmarblepanel,high_maturity,False,CLIPese,0.0,True,mature,0.426775,False,,-1,0.21699715,0.07689895,0.09719792753458023,0.03772127628326416
629,bunnystags,high_maturity,False,CLIPese,0.0,True,mature,0.5945,False,,-1,-0.06550644,-0.16095984,0.09719792753458023,0.03772127628326416
630,seawcollie,high_maturity,False,CLIPese,0.0,True,mature,0.35295,False,,-1,0.32420942,-0.26095065,0.09719792753458023,0.03772127628326416
631,horriunhkaleidosurreal,high_maturity,False,CLIPese,0.0,True,mature,0.116825,False,,-1,0.32620677,0.50474155,0.09719792753458023,0.03772127628326416
632,colorspectral,high_maturity,False,CLIPese,0.0,True,mature,0.7085999999999999,True,orthographic_hard,24,0.076733924,0.213903,0.09719792753458023,0.03772127628326416
633,taxiderjavelin,high_maturity,False,CLIPese,0.0,True,mature,0.16219999999999998,False,,-1,0.36750138,-0.19998083,0.09719792753458023,0.03772127628326416
634,kaleidogopro,high_maturity,False,CLIPese,0.0,True,mature,0.24695,False,,-1,0.35054696,0.39944574,0.09719792753458023,0.03772127628326416
635,cartoontemplate,high_maturity,False,CLIPese,0.0,True,mature,0.4245250000000001,False,,-1,0.18159455,0.07131688,0.09719792753458023,0.03772127628326416
636,costucarving,high_maturity,False,CLIPese,0.0,True,mature,0.624475,False,,-1,-0.15190671,-0.027921002,0.09719792753458023,0.03772127628326416
637,oranguplush,high_maturity,False,CLIPese,0.0,True,mature,0.137075,False,,-1,0.36832663,-0.24957614,0.09719792753458023,0.03772127628326416
638,fursuitrooftop,high_maturity,False,CLIPese,0.0,True,mature,0.53775,False,,-1,0.2523427,-0.18388087,0.09719792753458023,0.03772127628326416
639,mandelnebula,high_maturity,False,CLIPese,0.0,True,mature,0.6841250000000001,False,,-1,0.23000576,0.0770604,0.09719792753458023,0.03772127628326416
640,aloe,high_maturity,True,English,3.06,True,mature,0.5744,False,,-1,0.08617971,-0.11652733,0.09719792753458023,0.03772127628326416
641,birders,high_maturity,True,English,2.1,True,mature,0.747025,False,,-1,-0.32570666,-0.12484741,0.09719792753458023,0.03772127628326416
642,bambooasparagus,high_maturity,False,CLIPese,0.0,True,mature,0.6198750000000001,True,orthographic_hard,45,0.088188,-0.14566344,0.09719792753458023,0.03772127628326416
643,oscillprintmandala,high_maturity,False,CLIPese,0.0,True,mature,0.186075,False,,-1,0.40260246,0.287977,0.09719792753458023,0.03772127628326416
644,chalkboard,high_maturity,True,English,2.77,True,mature,0.6307750000000001,False,,-1,-0.192182,-0.042792812,0.09719792753458023,0.03772127628326416
645,kaleidophotomcollage,high_maturity,False,CLIPese,0.0,True,mature,0.079675,False,,-1,0.31974658,0.57329094,0.09719792753458023,0.03772127628326416
646,categorpixels,high_maturity,False,CLIPese,0.0,True,mature,0.163375,False,,-1,0.13003623,0.24461888,0.09719792753458023,0.03772127628326416
647,cdnpixels,high_maturity,False,CLIPese,0.0,True,mature,0.464425,False,,-1,0.03533279,0.2426719,0.09719792753458023,0.03772127628326416
648,calibrfractal,high_maturity,False,CLIPese,0.0,True,mature,0.506675,False,,-1,0.25217137,0.3251071,0.09719792753458023,0.03772127628326416
649,berries,high_maturity,True,English,3.57,True,mature,0.705925,False,,-1,-0.2584636,-0.0946101,0.09719792753458023,0.03772127628326416
650,neighbkaleidorectaninva,high_maturity,False,CLIPese,0.0,True,mature,0.083625,True,mature_weak,389,0.4103001,0.36218184,0.09719792753458023,0.03772127628326416
651,hovertaxiderowls,high_maturity,False,CLIPese,0.0,True,mature,0.3667,False,,-1,0.32852727,-0.25178134,0.09719792753458023,0.03772127628326416
652,bitmagnechevron,high_maturity,False,CLIPese,0.0,True,mature,0.537675,False,,-1,0.08130772,0.16819263,0.09719792753458023,0.03772127628326416
653,kaleidoimagetexture,high_maturity,False,CLIPese,0.0,True,mature,0.0491,False,,-1,0.3019781,0.57343656,0.09719792753458023,0.03772127628326416
654,bikenyc,high_maturity,False,CLIPese,0.0,True,mature,0.7999499999999999,True,mature_readable,266,-0.1598904,-0.05680247,0.09719792753458023,0.03772127628326416
655,ornisphinx,high_maturity,False,CLIPese,0.0,True,mature,0.38415,False,,-1,0.19958515,-0.24234733,0.09719792753458023,0.03772127628326416
656,chondro,high_maturity,False,CLIPese,0.0,True,mature,0.4821000000000001,False,,-1,0.33507007,-0.0893383,0.09719792753458023,0.03772127628326416
657,pixelpopart,high_maturity,False,CLIPese,0.0,True,mature,0.17707499999999998,False,,-1,0.26771447,0.3016201,0.09719792753458023,0.03772127628326416
658,birdlife,high_maturity,True,English,2.31,True,mature,0.6181249999999999,False,,-1,-0.41691115,-0.13153291,0.09719792753458023,0.03772127628326416
659,chromomachinelearning,high_maturity,False,CLIPese,0.0,True,mature,0.5855,False,,-1,-0.12337137,0.08960405,0.09719792753458023,0.03772127628326416
660,airboat,high_maturity,True,English,1.82,True,mature,0.7064250000000001,False,,-1,0.051253553,-0.14225543,0.09719792753458023,0.03772127628326416
661,alinclip,high_maturity,False,CLIPese,0.0,True,mature,0.792125,False,,-1,-0.28889254,-0.020128269,0.09719792753458023,0.03772127628326416
662,colorghetti,high_maturity,False,CLIPese,0.0,True,mature,0.461025,False,,-1,0.10900549,-0.013896042,0.09719792753458023,0.03772127628326416
663,augmentephotograph,high_maturity,False,CLIPese,0.0,True,mature,0.08095000000000001,True,mature_weak,444,-0.0062908507,0.24085248,0.09719792753458023,0.03772127628326416
664,crystmosaic,high_maturity,False,CLIPese,0.0,True,mature,0.5300750000000001,False,,-1,-0.10905559,0.33623567,0.09719792753458023,0.03772127628326416
665,caicos,high_maturity,True,English,2.69,True,mature,0.856875,True,mature_readable,99,0.006725312,-0.090703726,0.09719792753458023,0.03772127628326416
666,catunit,high_maturity,False,CLIPese,0.0,True,mature,0.4312,False,,-1,0.021483751,-0.13197054,0.09719792753458023,0.03772127628326416
667,birdlovers,high_maturity,False,CLIPese,0.0,True,mature,0.596525,False,,-1,-0.3917922,-0.14354955,0.09719792753458023,0.03772127628326416
668,tetradinwarhol,high_maturity,False,CLIPese,0.0,True,mature,0.34375,False,,-1,0.34770787,0.25751314,0.09719792753458023,0.03772127628326416
669,camouflacat,high_maturity,False,CLIPese,0.0,True,mature,0.22435,False,,-1,0.23129287,0.009461878,0.09719792753458023,0.03772127628326416
670,cupcakes,high_maturity,True,English,3.41,True,mature,0.5052,False,,-1,-0.20903647,-0.06539989,0.09719792753458023,0.03772127628326416
671,babystartups,high_maturity,False,CLIPese,0.0,True,mature,0.8845500000000002,True,mature_readable,81,-0.3476214,-0.03839045,0.09719792753458023,0.03772127628326416
672,albania,high_maturity,True,English,3.35,True,mature,0.7877500000000001,False,,-1,-0.2533892,-0.03609466,0.09719792753458023,0.03772127628326416
673,baztexture,high_maturity,False,CLIPese,0.0,True,mature,0.8275,True,orthographic_hard,12,-0.16510898,0.28519696,0.09719792753458023,0.03772127628326416
674,choppizzas,high_maturity,False,CLIPese,0.0,True,mature,0.8557,True,mature_readable,104,0.031570453,-0.1447136,0.09719792753458023,0.03772127628326416
675,blowgun,high_maturity,True,English,1.62,True,mature,0.7606999999999999,False,,-1,-0.15951163,-0.08973839,0.09719792753458023,0.03772127628326416
676,disintegrkiefer,high_maturity,False,CLIPese,0.0,True,mature,0.20255000000000004,False,,-1,0.35780224,0.1088279,0.09719792753458023,0.03772127628326416
677,birdfootage,high_maturity,False,CLIPese,0.0,True,mature,0.5647249999999999,False,,-1,-0.20283507,-0.029429784,0.09719792753458023,0.03772127628326416
678,cummerbund,high_maturity,True,English,1.72,True,mature,0.682175,False,,-1,-0.079559036,-0.08176717,0.09719792753458023,0.03772127628326416
679,goldendogcelebration,high_maturity,False,CLIPese,0.0,True,mature,0.14997500000000002,False,,-1,0.2548617,-0.23118901,0.09719792753458023,0.03772127628326416
680,birdwat,high_maturity,False,CLIPese,0.0,True,mature,0.555575,False,,-1,-0.29528797,-0.18618603,0.09719792753458023,0.03772127628326416
681,mandelpepperoni,high_maturity,False,CLIPese,0.0,True,mature,0.54935,False,,-1,0.28207588,0.0006530174,0.09719792753458023,0.03772127628326416
682,balkan,high_maturity,True,English,3.19,True,mature,0.8488249999999999,True,mature_readable,220,-0.45412803,-0.020670494,0.09719792753458023,0.03772127628326416
683,azerbaijan,high_maturity,True,English,3.48,True,mature,0.6115999999999999,False,,-1,-0.3372526,-0.052374694,0.09719792753458023,0.03772127628326416
684,bierseaworld,high_maturity,False,CLIPese,0.0,True,mature,0.87195,True,mature_readable,178,0.05188561,-0.10232636,0.09719792753458023,0.03772127628326416
685,chamelepuzzle,high_maturity,False,CLIPese,0.0,True,mature,0.9308999999999998,True,mature_readable,55,0.010025614,0.145603,0.09719792753458023,0.03772127628326416
686,crayghetti,high_maturity,False,CLIPese,0.0,True,mature,0.6613,True,fallback_fill,506,-0.07505152,-0.073412836,0.09719792753458023,0.03772127628326416
687,acopter,high_maturity,False,CLIPese,0.0,True,mature,0.881425,True,mature_readable,82,-0.022770755,-0.12257208,0.09719792753458023,0.03772127628326416
688,tylerthisglitch,high_maturity,False,CLIPese,0.0,True,mature,0.25675,False,,-1,0.27185425,0.27411586,0.09719792753458023,0.03772127628326416
689,berrys,high_maturity,True,English,1.54,True,mature,0.8827,True,mature_readable,91,-0.26129404,-0.09305377,0.09719792753458023,0.03772127628326416
690,mandelterracotta,high_maturity,False,CLIPese,0.0,True,mature,0.1794,False,,-1,0.2793201,0.100983076,0.09719792753458023,0.03772127628326416
691,cannabcarved,high_maturity,False,CLIPese,0.0,True,mature,0.839925,True,mature_readable,149,-0.07512262,0.041334037,0.09719792753458023,0.03772127628326416
692,artyscreenshotkaleidorecurimage,high_maturity,False,CLIPese,0.0,True,mature,0.02265,False,,-1,0.36931878,0.56385285,0.09719792753458023,0.03772127628326416
693,belgisingapore,high_maturity,False,CLIPese,0.0,True,mature,0.7014,False,,-1,-0.2445676,-0.056410246,0.09719792753458023,0.03772127628326416
694,airhornets,high_maturity,False,CLIPese,0.0,True,mature,0.62025,False,,-1,-0.01756381,-0.11589317,0.09719792753458023,0.03772127628326416
695,catroblox,high_maturity,False,CLIPese,0.0,True,mature,0.65125,False,,-1,0.052046016,0.0053109447,0.09719792753458023,0.03772127628326416
696,rudoltaxiderpegasus,high_maturity,False,CLIPese,0.0,True,mature,0.14725,False,,-1,0.4185446,-0.23581497,0.09719792753458023,0.03772127628326416
697,giovpixelart,high_maturity,False,CLIPese,0.0,True,mature,0.1044,False,,-1,0.2671314,0.16753647,0.09719792753458023,0.03772127628326416
698,appledecal,high_maturity,False,CLIPese,0.0,True,mature,0.7761250000000001,True,mature_readable,156,0.13901435,0.010733716,0.09719792753458023,0.03772127628326416
699,taxidersquirrel,high_maturity,False,CLIPese,0.0,True,mature,0.61285,False,,-1,0.35705143,-0.3391393,0.09719792753458023,0.03772127628326416
700,chiropracbead,high_maturity,False,CLIPese,0.0,True,mature,0.7696000000000001,True,mature_readable,190,-0.09718059,-0.034318116,0.09719792753458023,0.03772127628326416
701,marblemandala,high_maturity,False,CLIPese,0.0,True,mature,0.310125,False,,-1,0.36815763,0.32025647,0.09719792753458023,0.03772127628326416
702,jovovich,high_maturity,True,English,1.94,True,mature,0.399225,False,,-1,0.099642456,-0.13550901,0.09719792753458023,0.03772127628326416
703,revelorntaxiderhare,high_maturity,False,CLIPese,0.0,True,mature,0.160475,False,,-1,0.36400685,-0.22552787,0.09719792753458023,0.03772127628326416
704,bbcthismatrix,high_maturity,False,CLIPese,0.0,True,mature,0.5856,False,,-1,0.068568304,0.15842383,0.09719792753458023,0.03772127628326416
705,calibrrgb,high_maturity,False,CLIPese,0.0,True,mature,0.5826749999999999,False,,-1,-0.001867176,0.13986751,0.09719792753458023,0.03772127628326416
706,autismaecstatic,high_maturity,False,CLIPese,0.0,True,mature,0.17717500000000003,False,,-1,-0.33509707,0.07902748,0.09719792753458023,0.03772127628326416
707,bbcfracstripe,high_maturity,False,CLIPese,0.0,True,mature,0.744075,False,,-1,0.039034627,0.07916893,0.09719792753458023,0.03772127628326416
708,arjunbijlani,high_maturity,False,CLIPese,0.0,True,mature,0.19822499999999998,False,,-1,0.11962787,-0.16991621,0.09719792753458023,0.03772127628326416
709,crab,high_maturity,True,English,3.76,True,mature,0.731675,False,,-1,-0.35404295,-0.13732876,0.09719792753458023,0.03772127628326416
710,algerantelope,high_maturity,False,CLIPese,0.0,True,mature,0.17117500000000002,False,,-1,0.18556899,-0.2615271,0.09719792753458023,0.03772127628326416
711,mandelstencil,high_maturity,False,CLIPese,0.0,True,mature,0.20315,False,,-1,0.31135935,0.17367694,0.09719792753458023,0.03772127628326416
712,bbcgenerative,high_maturity,False,CLIPese,0.0,True,mature,0.6711,False,,-1,0.07230022,0.36996844,0.09719792753458023,0.03772127628326416
713,catkatic,high_maturity,False,CLIPese,0.0,True,mature,0.202125,False,,-1,0.11574929,-0.157,0.09719792753458023,0.03772127628326416
714,bbcfractal,high_maturity,False,CLIPese,0.0,True,mature,0.416,False,,-1,0.2274147,0.42763698,0.09719792753458023,0.03772127628326416
715,chickenwren,high_maturity,False,CLIPese,0.0,True,mature,0.88945,True,mature_readable,100,0.15208282,-0.25231764,0.09719792753458023,0.03772127628326416
716,calibrglue,high_maturity,False,CLIPese,0.0,True,mature,0.41065,False,,-1,-0.106199406,0.032974105,0.09719792753458023,0.03772127628326416
717,artymosaic,high_maturity,False,CLIPese,0.0,True,mature,0.42572499999999996,False,,-1,0.0051495414,0.43748784,0.09719792753458023,0.03772127628326416
718,blueribbon,high_maturity,False,CLIPese,0.0,True,mature,0.7769250000000001,True,mature_readable,212,-0.13801914,0.016341913,0.09719792753458023,0.03772127628326416
719,banana,high_maturity,True,English,4.0,True,mature,0.36497499999999994,False,,-1,-0.33763564,-0.097870104,0.09719792753458023,0.03772127628326416
720,cybermaligncrystals,high_maturity,False,CLIPese,0.0,True,mature,0.42729999999999996,False,,-1,-0.04270122,0.1877765,0.09719792753458023,0.03772127628326416
721,backthebirds,high_maturity,False,CLIPese,0.0,True,mature,0.6269750000000001,False,,-1,-0.0073046824,-0.20328669,0.09719792753458023,0.03772127628326416
722,antenusaf,high_maturity,False,CLIPese,0.0,True,mature,0.44772500000000004,False,,-1,-0.09624731,-0.099363096,0.09719792753458023,0.03772127628326416
723,mandeloutfield,high_maturity,False,CLIPese,0.0,True,mature,0.7319249999999999,False,,-1,0.27842456,0.11169647,0.09719792753458023,0.03772127628326416
724,hillarypixelart,high_maturity,False,CLIPese,0.0,True,mature,0.13635,False,,-1,0.1736713,0.17721333,0.09719792753458023,0.03772127628326416
725,bokki,high_maturity,False,CLIPese,0.0,True,mature,0.330025,False,,-1,0.08535828,-0.116815485,0.09719792753458023,0.03772127628326416
726,kaleidopollock,high_maturity,False,CLIPese,0.0,True,mature,0.29295000000000004,False,,-1,0.39787492,0.47203177,0.09719792753458023,0.03772127628326416
727,dalmatikitten,high_maturity,False,CLIPese,0.0,True,mature,0.27885000000000004,False,,-1,0.3498137,-0.19468899,0.09719792753458023,0.03772127628326416
728,abstrrendergopro,high_maturity,False,CLIPese,0.0,True,mature,0.20875000000000002,False,,-1,0.25947377,0.2309213,0.09719792753458023,0.03772127628326416
729,orangucuddle,high_maturity,False,CLIPese,0.0,True,mature,0.41475,False,,-1,0.30784917,-0.2104029,0.09719792753458023,0.03772127628326416
730,bourgeocolorized,high_maturity,False,CLIPese,0.0,True,mature,0.35985,False,,-1,-0.11493473,0.10304633,0.09719792753458023,0.03772127628326416
731,catlogo,high_maturity,False,CLIPese,0.0,True,mature,0.562075,False,,-1,0.11774543,-0.06030543,0.09719792753458023,0.03772127628326416
732,birdwatch,high_maturity,True,English,1.57,True,mature,0.7527999999999999,False,,-1,-0.3846341,-0.107776575,0.09719792753458023,0.03772127628326416
733,foxtaxidersadness,high_maturity,False,CLIPese,0.0,True,mature,0.41325,False,,-1,0.343487,-0.2353185,0.09719792753458023,0.03772127628326416
734,bhutan,high_maturity,True,English,3.09,True,mature,0.736575,False,,-1,-0.13542128,-0.05947206,0.09719792753458023,0.03772127628326416
735,brutalglitch,high_maturity,False,CLIPese,0.0,True,mature,0.551875,False,,-1,0.11010213,0.29794782,0.09719792753458023,0.03772127628326416
736,braziliamazon,high_maturity,False,CLIPese,0.0,True,mature,0.504275,False,,-1,0.15698975,-0.198673,0.09719792753458023,0.03772127628326416
737,labrapitbull,high_maturity,False,CLIPese,0.0,True,mature,0.72275,False,,-1,0.26815832,-0.26988804,0.09719792753458023,0.03772127628326416
738,foxotters,high_maturity,False,CLIPese,0.0,True,mature,0.7921,True,mature_readable,163,0.2861398,-0.29332134,0.09719792753458023,0.03772127628326416
739,feathertaxiderowls,high_maturity,False,CLIPese,0.0,True,mature,0.353475,False,,-1,0.33554122,-0.22695963,0.09719792753458023,0.03772127628326416
740,interoperchromoglitch,high_maturity,False,CLIPese,0.0,True,mature,0.22085000000000002,False,,-1,0.21310616,0.4666491,0.09719792753458023,0.03772127628326416
741,rohingsalmonmangrove,high_maturity,False,CLIPese,0.0,True,mature,0.47029999999999994,False,,-1,0.14748667,-0.14703108,0.09719792753458023,0.03772127628326416
742,exoplanmapmapimagery,high_maturity,False,CLIPese,0.0,True,mature,0.272625,False,,-1,0.2887077,0.18107653,0.09719792753458023,0.03772127628326416
743,glowmandelmustache,high_maturity,False,CLIPese,0.0,True,mature,0.538025,False,,-1,0.25737727,0.041070692,0.09719792753458023,0.03772127628326416
744,chromoultrasound,high_maturity,False,CLIPese,0.0,True,mature,0.7842,True,mature_readable,152,0.050668593,0.06976735,0.09719792753458023,0.03772127628326416
745,bubbfball,high_maturity,False,CLIPese,0.0,True,mature,0.42932499999999996,False,,-1,-0.055869073,-0.03753566,0.09719792753458023,0.03772127628326416
746,taxidergiraffe,high_maturity,False,CLIPese,0.0,True,mature,0.36445,False,,-1,0.34614873,-0.23360358,0.09719792753458023,0.03772127628326416
747,zebrawildlifereflecting,high_maturity,False,CLIPese,0.0,True,mature,0.45105,False,,-1,0.33584467,-0.009497984,0.09719792753458023,0.03772127628326416
748,spherloaf,high_maturity,False,CLIPese,0.0,True,mature,0.645175,False,,-1,0.29956797,-0.16229017,0.09719792753458023,0.03772127628326416
749,bluepolariflybrowsing,high_maturity,False,CLIPese,0.0,True,mature,0.296675,False,,-1,0.022354262,0.08496096,0.09719792753458023,0.03772127628326416
750,cryocryocandace,high_maturity,False,CLIPese,0.0,True,mature,0.193775,True,mature_weak,436,-0.055903092,-0.048192244,0.09719792753458023,0.03772127628326416
751,chromogif,high_maturity,False,CLIPese,0.0,True,mature,0.38072500000000004,False,,-1,0.18810238,0.40065646,0.09719792753458023,0.03772127628326416
752,kaleidokoolgenerating,high_maturity,False,CLIPese,0.0,True,mature,0.1706,False,,-1,0.40471014,0.50632733,0.09719792753458023,0.03772127628326416
753,camouflaelephant,high_maturity,False,CLIPese,0.0,True,mature,0.27142499999999997,False,,-1,0.200759,-0.011256687,0.09719792753458023,0.03772127628326416
754,sphercalibrpaz,high_maturity,False,CLIPese,0.0,True,mature,0.28435,False,,-1,0.2937384,-0.02678744,0.09719792753458023,0.03772127628326416
755,appalachsimulation,high_maturity,False,CLIPese,0.0,True,mature,0.8188,True,mature_readable,103,-0.057922367,0.026962994,0.09719792753458023,0.03772127628326416
756,blindfold,high_maturity,True,English,2.8,True,mature,0.46675,False,,-1,-0.33075893,-0.055043172,0.09719792753458023,0.03772127628326416
757,lymphfrog,high_maturity,False,CLIPese,0.0,True,mature,0.824075,True,mature_readable,116,0.10852535,-0.18393536,0.09719792753458023,0.03772127628326416
758,kaleidofractal,high_maturity,False,CLIPese,0.0,True,mature,0.18595,False,,-1,0.31358537,0.5359696,0.09719792753458023,0.03772127628326416
759,cardinalcloseup,high_maturity,False,CLIPese,0.0,True,mature,0.45635000000000003,False,,-1,0.1739243,-0.08741368,0.09719792753458023,0.03772127628326416
760,cornheap,high_maturity,False,CLIPese,0.0,True,mature,0.792775,True,mature_readable,132,-0.029661573,-0.068352684,0.09719792753458023,0.03772127628326416
761,citrotomato,high_maturity,False,CLIPese,0.0,True,mature,0.828375,True,mature_readable,125,0.24293454,-0.057373386,0.09719792753458023,0.03772127628326416
762,birdclub,high_maturity,False,CLIPese,0.0,True,mature,0.8281750000000001,True,mature_readable,197,-0.2708592,-0.15266818,0.09719792753458023,0.03772127628326416
763,foxtaxiderstry,high_maturity,False,CLIPese,0.0,True,mature,0.14355,False,,-1,0.23694299,-0.24345031,0.09719792753458023,0.03772127628326416
764,bloons,high_maturity,True,English,1.75,True,mature,0.7886500000000001,True,mature_readable,214,-0.15410762,-0.034101468,0.09719792753458023,0.03772127628326416
765,chocolateday,high_maturity,False,CLIPese,0.0,True,mature,0.95285,True,mature_readable,54,-0.48598814,-0.024664043,0.09719792753458023,0.03772127628326416
766,taxiderwerewolf,high_maturity,False,CLIPese,0.0,True,mature,0.39275,False,,-1,0.37733722,-0.23704052,0.09719792753458023,0.03772127628326416
767,bambi,high_maturity,True,English,2.96,True,mature,0.8610249999999999,True,mature_readable,118,-0.10684088,-0.12728827,0.09719792753458023,0.03772127628326416
768,chocolat,high_maturity,True,English,2.5,True,mature,0.362275,False,,-1,-0.42551532,-0.08041515,0.09719792753458023,0.03772127628326416
769,roboroborobot,high_maturity,False,CLIPese,0.0,True,mature,0.42905,False,,-1,0.30813053,-0.060307223,0.09719792753458023,0.03772127628326416
770,taxiderpiranportraits,high_maturity,False,CLIPese,0.0,True,mature,0.152325,False,,-1,0.3746932,-0.12734166,0.09719792753458023,0.03772127628326416
771,locomospaniel,high_maturity,False,CLIPese,0.0,True,mature,0.2629,False,,-1,0.3036092,-0.28894424,0.09719792753458023,0.03772127628326416
772,chinesecropped,high_maturity,False,CLIPese,0.0,True,mature,0.56095,False,,-1,-0.2458941,0.033113733,0.09719792753458023,0.03772127628326416
773,bbcspecscrambled,high_maturity,False,CLIPese,0.0,True,mature,0.48792499999999994,False,,-1,0.05916152,0.28085375,0.09719792753458023,0.03772127628326416
774,sylvanian,high_maturity,True,English,1.39,True,mature,0.46157499999999996,False,,-1,0.1803142,-0.14885074,0.09719792753458023,0.03772127628326416
775,zombispongebob,high_maturity,False,CLIPese,0.0,True,mature,0.45622500000000005,False,,-1,0.28722844,-0.05433794,0.09719792753458023,0.03772127628326416
776,utaware,high_maturity,False,CLIPese,0.0,True,mature,0.6053,False,,-1,0.14621139,-0.07607239,0.09719792753458023,0.03772127628326416
777,longepsoristencil,high_maturity,False,CLIPese,0.0,True,mature,0.1222,True,mature_weak,390,0.3036191,0.064163655,0.09719792753458023,0.03772127628326416
778,clclips,high_maturity,False,CLIPese,0.0,True,mature,0.6602250000000001,False,,-1,-0.30302107,0.0016621914,0.09719792753458023,0.03772127628326416
779,anyscrambled,high_maturity,False,CLIPese,0.0,True,mature,0.8412250000000001,True,orthographic_hard,15,-0.11227004,0.18005757,0.09719792753458023,0.03772127628326416
780,baskets,high_maturity,True,English,3.45,True,mature,0.37037499999999995,False,,-1,-0.17785797,-0.034090467,0.09719792753458023,0.03772127628326416
781,akkuma,high_maturity,False,CLIPese,0.0,True,mature,0.516125,False,,-1,0.0711807,-0.15993355,0.09719792753458023,0.03772127628326416
782,buccanemarine,high_maturity,False,CLIPese,0.0,True,mature,0.4554,False,,-1,0.28573266,-0.2710505,0.09719792753458023,0.03772127628326416
783,antiqubigfoot,high_maturity,False,CLIPese,0.0,True,mature,0.48387500000000006,False,,-1,0.07424938,-0.11304323,0.09719792753458023,0.03772127628326416
784,trumppgestures,high_maturity,False,CLIPese,0.0,True,mature,0.49472499999999997,False,,-1,0.17790742,-0.118227735,0.09719792753458023,0.03772127628326416
785,minsmere,high_maturity,True,English,1.38,True,mature,0.5021,False,,-1,-0.004215132,-0.15710951,0.09719792753458023,0.03772127628326416
786,kaleidostacked,high_maturity,False,CLIPese,0.0,True,mature,0.291125,False,,-1,0.32854787,0.5402281,0.09719792753458023,0.03772127628326416
787,quokitten,high_maturity,False,CLIPese,0.0,True,mature,0.40554999999999997,False,,-1,0.21609762,-0.22295873,0.09719792753458023,0.03772127628326416
788,calibrbrightness,high_maturity,False,CLIPese,0.0,True,mature,0.388575,False,,-1,-0.14625052,0.17008187,0.09719792753458023,0.03772127628326416
789,ctfletcher,high_maturity,False,CLIPese,0.0,True,mature,0.279375,False,,-1,-0.06711146,-0.08136681,0.09719792753458023,0.03772127628326416
790,baszler,high_maturity,True,English,1.53,True,mature,0.51045,False,,-1,0.082547344,-0.1194235,0.09719792753458023,0.03772127628326416
791,mitochondrikaleidosteampunk,high_maturity,False,CLIPese,0.0,True,mature,0.273225,False,,-1,0.4609294,0.25808057,0.09719792753458023,0.03772127628326416
792,boxbrawl,high_maturity,False,CLIPese,0.0,True,mature,0.76675,True,mature_readable,210,-0.33244425,-0.015044954,0.09719792753458023,0.03772127628326416
793,bugatti,high_maturity,True,English,2.81,True,mature,0.8683000000000001,True,mature_readable,115,-0.027491197,-0.14664696,0.09719792753458023,0.03772127628326416
794,giantpixelart,high_maturity,False,CLIPese,0.0,True,mature,0.16485,False,,-1,0.19348018,0.21469338,0.09719792753458023,0.03772127628326416
795,goldengdistorcorruption,high_maturity,False,CLIPese,0.0,True,mature,0.415025,False,,-1,0.3695304,0.24822365,0.09719792753458023,0.03772127628326416
796,kaleidozombiinfrared,high_maturity,False,CLIPese,0.0,True,mature,0.413675,False,,-1,0.39585945,0.46418813,0.09719792753458023,0.03772127628326416
797,kefla,high_maturity,False,CLIPese,0.0,True,mature,0.499975,False,,-1,0.119224675,-0.0716275,0.09719792753458023,0.03772127628326416
798,birdsparrow,high_maturity,False,CLIPese,0.0,True,mature,0.556625,False,,-1,0.039324913,-0.24891642,0.09719792753458023,0.03772127628326416
799,jewelrypopart,high_maturity,False,CLIPese,0.0,True,mature,0.338575,False,,-1,0.18623748,0.11449935,0.09719792753458023,0.03772127628326416
800,kaleidoresults,high_maturity,False,CLIPese,0.0,True,mature,0.23267500000000002,False,,-1,0.23736511,0.58108586,0.09719792753458023,0.03772127628326416
801,pheepcot,high_maturity,False,CLIPese,0.0,True,mature,0.1487,True,mature_weak,397,0.03662595,-0.002588353,0.09719792753458023,0.03772127628326416
802,copernicuav,high_maturity,False,CLIPese,0.0,True,mature,0.501425,False,,-1,0.15603009,0.05950951,0.09719792753458023,0.03772127628326416
803,creepkitty,high_maturity,False,CLIPese,0.0,True,mature,0.43875,False,,-1,0.12825565,-0.141132,0.09719792753458023,0.03772127628326416
804,reindemarkings,high_maturity,False,CLIPese,0.0,True,mature,0.22512500000000002,False,,-1,0.18828967,-0.15067339,0.09719792753458023,0.03772127628326416
805,seagusculpture,high_maturity,False,CLIPese,0.0,True,mature,0.6970999999999999,True,fallback_fill,488,0.32452345,-0.13325384,0.09719792753458023,0.03772127628326416
806,vectorkendricklamar,high_maturity,False,CLIPese,0.0,True,mature,0.5181,False,,-1,0.36863616,0.13497904,0.09719792753458023,0.03772127628326416
807,taxiderreindeer,high_maturity,False,CLIPese,0.0,True,mature,0.6656500000000001,False,,-1,0.37884986,-0.2548591,0.09719792753458023,0.03772127628326416
808,shefftrees,high_maturity,False,CLIPese,0.0,True,mature,0.7371,True,mature_readable,268,0.15227923,-0.10414732,0.09719792753458023,0.03772127628326416
809,hfxglitch,high_maturity,False,CLIPese,0.0,True,mature,0.19,False,,-1,0.20983386,0.33941898,0.09719792753458023,0.03772127628326416
810,backstreetcgi,high_maturity,False,CLIPese,0.0,True,mature,0.4917750000000001,False,,-1,-0.12773255,0.046717793,0.09719792753458023,0.03772127628326416
811,bathrobe,high_maturity,True,English,2.68,True,mature,0.502675,False,,-1,-0.056870226,-0.10171267,0.09719792753458023,0.03772127628326416
812,coffeemaker,high_maturity,True,English,2.13,True,mature,0.8284250000000001,True,mature_readable,150,-0.3578263,-0.071415566,0.09719792753458023,0.03772127628326416
813,chrysanthe,high_maturity,False,CLIPese,0.0,True,mature,0.489275,False,,-1,-0.0120946625,-0.112792864,0.09719792753458023,0.03772127628326416
814,halloweenwalnuts,high_maturity,False,CLIPese,0.0,True,mature,0.6126250000000001,False,,-1,0.17913209,-0.15439829,0.09719792753458023,0.03772127628326416
815,gumnutcracker,high_maturity,False,CLIPese,0.0,True,mature,0.740075,True,mature_readable,273,0.1760446,-0.047965385,0.09719792753458023,0.03772127628326416
816,rottercranes,high_maturity,False,CLIPese,0.0,True,mature,0.568325,False,,-1,0.2556945,-0.10890924,0.09719792753458023,0.03772127628326416
817,lakshmirai,high_maturity,False,CLIPese,0.0,True,mature,0.20630000000000004,False,,-1,0.26767725,-0.15007746,0.09719792753458023,0.03772127628326416
818,rashmika,high_maturity,False,CLIPese,0.0,True,mature,0.44157500000000005,False,,-1,0.26393607,-0.19023752,0.09719792753458023,0.03772127628326416
819,catumbrella,high_maturity,False,CLIPese,0.0,True,mature,0.20055,False,,-1,0.1275356,-0.097173095,0.09719792753458023,0.03772127628326416
820,panoraustralianvhs,high_maturity,False,CLIPese,0.0,True,mature,0.5886,False,,-1,0.2411548,0.12523483,0.09719792753458023,0.03772127628326416
821,algermouse,high_maturity,False,CLIPese,0.0,True,mature,0.743175,True,mature_readable,276,0.19813927,-0.24074839,0.09719792753458023,0.03772127628326416
822,bsoazad,high_maturity,False,CLIPese,0.0,True,mature,0.368325,False,,-1,-0.059246607,-0.07067555,0.09719792753458023,0.03772127628326416
823,bharattrippy,high_maturity,False,CLIPese,0.0,True,mature,0.761725,False,,-1,-0.032273825,0.19226083,0.09719792753458023,0.03772127628326416
824,brettdalton,high_maturity,False,CLIPese,0.0,True,mature,0.4247000000000001,False,,-1,0.056732763,-0.1496183,0.09719792753458023,0.03772127628326416
825,compumask,high_maturity,False,CLIPese,0.0,True,mature,0.876725,True,orthographic_hard,16,-0.11377997,0.018737163,0.09719792753458023,0.03772127628326416
826,binoculars,high_maturity,True,English,3.1,True,mature,0.445975,False,,-1,-0.11642071,-0.038926885,0.09719792753458023,0.03772127628326416
827,shopkins,high_maturity,True,English,1.67,True,mature,0.49925,False,,-1,0.08449058,-0.0860704,0.09719792753458023,0.03772127628326416
828,arunvijay,high_maturity,False,CLIPese,0.0,True,mature,0.42450000000000004,False,,-1,-0.25942487,-0.112647854,0.09719792753458023,0.03772127628326416
829,kaleidoptsd,high_maturity,False,CLIPese,0.0,True,mature,0.3194,False,,-1,0.2937931,0.51569873,0.09719792753458023,0.03772127628326416
830,orangucolorized,high_maturity,False,CLIPese,0.0,True,mature,0.23167500000000002,False,,-1,0.38418183,-0.075168185,0.09719792753458023,0.03772127628326416
831,limergreenpeace,high_maturity,False,CLIPese,0.0,True,mature,0.6474,False,,-1,0.10836135,-0.0677869,0.09719792753458023,0.03772127628326416
832,mandelcubes,high_maturity,False,CLIPese,0.0,True,mature,0.88155,True,orthographic_hard,4,0.29813167,0.23703483,0.09719792753458023,0.03772127628326416
833,coralspectral,high_maturity,False,CLIPese,0.0,True,mature,0.5263,True,orthographic_hard,25,-0.038643636,0.20518313,0.09719792753458023,0.03772127628326416
834,bobcats,high_maturity,True,English,2.96,True,mature,0.784425,False,,-1,-0.058181167,-0.21631926,0.09719792753458023,0.03772127628326416
835,camouflasempercroissant,high_maturity,False,CLIPese,0.0,True,mature,0.236075,False,,-1,0.15200144,0.11336376,0.09719792753458023,0.03772127628326416
836,chromorgb,high_maturity,False,CLIPese,0.0,True,mature,0.641225,False,,-1,-0.25546023,0.061787885,0.09719792753458023,0.03772127628326416
837,pygdeer,high_maturity,False,CLIPese,0.0,True,mature,0.7384750000000001,True,mature_readable,277,0.29410887,-0.22471066,0.09719792753458023,0.03772127628326416
838,imagegilglitch,high_maturity,False,CLIPese,0.0,True,mature,0.20535,False,,-1,0.29768586,0.4042822,0.09719792753458023,0.03772127628326416
839,servepiranfreddy,high_maturity,False,CLIPese,0.0,True,mature,0.424625,False,,-1,0.3134226,-0.17746957,0.09719792753458023,0.03772127628326416
840,augmenterepetimage,high_maturity,False,CLIPese,0.0,True,mature,0.2903,False,,-1,-0.02424318,0.19577976,0.09719792753458023,0.03772127628326416
841,popsicadirondchairs,high_maturity,False,CLIPese,0.0,True,mature,0.10505,False,,-1,0.1905116,-0.080692366,0.09719792753458023,0.03772127628326416
842,catcollage,high_maturity,False,CLIPese,0.0,True,mature,0.32885,False,,-1,0.11568082,0.12793267,0.09719792753458023,0.03772127628326416
843,juddmonte,high_maturity,True,English,1.52,True,mature,0.6487999999999999,False,,-1,0.14402378,-0.0966693,0.09719792753458023,0.03772127628326416
844,cushions,high_maturity,True,English,3.19,True,mature,0.8280000000000001,True,mature_readable,199,-0.2167074,0.0031659242,0.09719792753458023,0.03772127628326416
845,cyberpunks,high_maturity,False,CLIPese,0.0,True,mature,0.797275,False,,-1,-0.25263342,0.026029287,0.09719792753458023,0.03772127628326416
846,bitscrambled,high_maturity,False,CLIPese,0.0,True,mature,0.23827499999999996,False,,-1,-0.05929503,0.3072909,0.09719792753458023,0.03772127628326416
847,anarchiscissors,high_maturity,False,CLIPese,0.0,True,mature,0.689975,False,,-1,-0.33384883,0.04119454,0.09719792753458023,0.03772127628326416
848,denosau,high_maturity,False,CLIPese,0.0,True,mature,0.7828249999999999,True,mature_readable,175,0.22754323,-0.15224533,0.09719792753458023,0.03772127628326416
849,runetaxidergallobunny,high_maturity,False,CLIPese,0.0,True,mature,0.30975,False,,-1,0.4647589,-0.1800127,0.09719792753458023,0.03772127628326416
850,avengersendgame,high_maturity,False,CLIPese,0.0,True,mature,0.427675,False,,-1,-0.38452443,-0.03955375,0.09719792753458023,0.03772127628326416
851,andalioloisa,high_maturity,False,CLIPese,0.0,True,mature,0.4703,False,,-1,0.10842943,-0.12947355,0.09719792753458023,0.03772127628326416
852,leicemoji,high_maturity,False,CLIPese,0.0,True,mature,0.5364,False,,-1,0.24475303,0.027845964,0.09719792753458023,0.03772127628326416
853,katiecassidy,high_maturity,False,CLIPese,0.0,True,mature,0.29435,False,,-1,0.09638037,-0.13687783,0.09719792753458023,0.03772127628326416
854,orangusentinsentinbarista,high_maturity,False,CLIPese,0.0,True,mature,0.17872500000000002,False,,-1,0.24500555,-0.26251745,0.09719792753458023,0.03772127628326416
855,zarkorel,high_maturity,False,CLIPese,0.0,True,mature,0.33730000000000004,False,,-1,0.15607646,-0.12753408,0.09719792753458023,0.03772127628326416
856,catlabelled,high_maturity,False,CLIPese,0.0,True,mature,0.330475,False,,-1,0.12287146,-0.09093172,0.09719792753458023,0.03772127628326416
857,adoplabrador,high_maturity,False,CLIPese,0.0,True,mature,0.59,False,,-1,0.23107174,-0.22117999,0.09719792753458023,0.03772127628326416
858,calibrselecting,high_maturity,False,CLIPese,0.0,True,mature,0.5602750000000001,False,,-1,-0.08093234,0.07698795,0.09719792753458023,0.03772127628326416
859,crystpng,high_maturity,False,CLIPese,0.0,True,mature,0.720725,True,mature_readable,227,0.15815419,0.2986331,0.09719792753458023,0.03772127628326416
860,kortajarena,high_maturity,False,CLIPese,0.0,True,mature,0.20205,True,mature_weak,443,0.048170973,-0.110199824,0.09719792753458023,0.03772127628326416
861,madhurigradepilsner,high_maturity,False,CLIPese,0.0,True,mature,0.509875,False,,-1,0.046967797,-0.07603014,0.09719792753458023,0.03772127628326416
862,blurmonochrome,high_maturity,False,CLIPese,0.0,True,mature,0.162525,True,mature_weak,426,-0.06899379,0.0945688,0.09719792753458023,0.03772127628326416
863,mariozaynmalik,high_maturity,False,CLIPese,0.0,True,mature,0.3878,False,,-1,0.15248437,-0.09448384,0.09719792753458023,0.03772127628326416
864,beckyg,high_maturity,False,CLIPese,0.0,True,mature,0.719325,False,,-1,0.094402805,-0.13737005,0.09719792753458023,0.03772127628326416
865,shkapoor,high_maturity,False,CLIPese,0.0,True,mature,0.5521,False,,-1,0.09504164,-0.009268712,0.09719792753458023,0.03772127628326416
866,griffintaxiderphl,high_maturity,False,CLIPese,0.0,True,mature,0.087975,False,,-1,0.406364,-0.19199157,0.09719792753458023,0.03772127628326416
867,jonathanrhysme,high_maturity,False,CLIPese,0.0,True,mature,0.26780000000000004,False,,-1,-0.0686451,-0.12974854,0.09719792753458023,0.03772127628326416
868,africbigfoot,high_maturity,False,CLIPese,0.0,True,mature,0.6326499999999999,False,,-1,-0.03644418,-0.16805322,0.09719792753458023,0.03772127628326416
869,tuxwhischibi,high_maturity,False,CLIPese,0.0,True,mature,0.23832499999999998,False,,-1,0.42076272,-0.13590114,0.09719792753458023,0.03772127628326416
870,chromoclouds,high_maturity,False,CLIPese,0.0,True,mature,0.41190000000000004,False,,-1,0.14561021,0.057467856,0.09719792753458023,0.03772127628326416
871,buteo,high_maturity,True,English,1.63,True,mature,0.829975,True,mature_readable,137,0.00018811962,-0.20285125,0.09719792753458023,0.03772127628326416
872,pizzmattel,high_maturity,False,CLIPese,0.0,True,mature,0.7029749999999999,False,,-1,0.14574957,-0.112407394,0.09719792753458023,0.03772127628326416
873,loafpurrmulticcube,high_maturity,False,CLIPese,0.0,True,mature,0.564075,False,,-1,0.22697984,-0.03283389,0.09719792753458023,0.03772127628326416
874,aviationgermany,high_maturity,False,CLIPese,0.0,True,mature,0.689175,False,,-1,-0.26623467,-0.043752566,0.09719792753458023,0.03772127628326416
875,calibrarbitrfbi,high_maturity,False,CLIPese,0.0,True,mature,0.593775,False,,-1,-0.04533907,0.07912877,0.09719792753458023,0.03772127628326416
876,climbpaws,high_maturity,False,CLIPese,0.0,True,mature,0.751575,True,mature_readable,207,0.045106307,-0.20596783,0.09719792753458023,0.03772127628326416
877,zubanski,high_maturity,False,CLIPese,0.0,True,mature,0.37905,False,,-1,0.10870063,-0.13234217,0.09719792753458023,0.03772127628326416
878,crystalliknitting,high_maturity,False,CLIPese,0.0,True,mature,0.343925,False,,-1,0.038156647,0.16107287,0.09719792753458023,0.03772127628326416
879,kaleidoportal,high_maturity,False,CLIPese,0.0,True,mature,0.20999999999999996,False,,-1,0.37896994,0.4050128,0.09719792753458023,0.03772127628326416
880,catpillow,high_maturity,False,CLIPese,0.0,True,mature,0.7623000000000001,True,mature_readable,261,-0.026809337,-0.11314853,0.09719792753458023,0.03772127628326416
881,churcheshour,high_maturity,False,CLIPese,0.0,True,mature,0.73955,True,mature_readable,249,0.14326462,-0.08063961,0.09719792753458023,0.03772127628326416
882,tegu,high_maturity,True,English,1.5,True,mature,0.7462250000000001,False,,-1,0.20282744,-0.18397987,0.09719792753458023,0.03772127628326416
883,bulbas,high_maturity,False,CLIPese,0.0,True,mature,0.87195,True,mature_readable,110,-0.0020642467,-0.08117778,0.09719792753458023,0.03772127628326416
884,azadimarch,high_maturity,False,CLIPese,0.0,True,mature,0.625275,False,,-1,-0.2024551,-0.015292435,0.09719792753458023,0.03772127628326416
885,adventcalendar,high_maturity,False,CLIPese,0.0,True,mature,0.646575,False,,-1,-0.06584188,0.018234832,0.09719792753458023,0.03772127628326416
886,methylmathematrender,high_maturity,False,CLIPese,0.0,True,mature,0.34305,False,,-1,0.32197633,0.11907711,0.09719792753458023,0.03772127628326416
887,calibrspeaker,high_maturity,False,CLIPese,0.0,True,mature,0.49824999999999997,False,,-1,-0.1606937,0.021187382,0.09719792753458023,0.03772127628326416
888,interopergogh,high_maturity,False,CLIPese,0.0,True,mature,0.46,False,,-1,0.30456623,0.20797051,0.09719792753458023,0.03772127628326416
889,nascarpixelart,high_maturity,False,CLIPese,0.0,True,mature,0.127925,False,,-1,0.24952286,0.21677911,0.09719792753458023,0.03772127628326416
890,kaleidochatbots,high_maturity,False,CLIPese,0.0,True,mature,0.4772,False,,-1,0.37922886,0.43480623,0.09719792753458023,0.03772127628326416
891,michelinguide,high_maturity,False,CLIPese,0.0,True,mature,0.27194999999999997,False,,-1,0.17320663,-0.1615493,0.09719792753458023,0.03772127628326416
892,bitcrystplot,high_maturity,False,CLIPese,0.0,True,mature,0.32835000000000003,False,,-1,-0.041421834,0.30500236,0.09719792753458023,0.03772127628326416
893,autiepilepsy,high_maturity,False,CLIPese,0.0,True,mature,0.3948,False,,-1,-0.34725937,0.09853093,0.09719792753458023,0.03772127628326416
894,taxidersculptures,high_maturity,False,CLIPese,0.0,True,mature,0.1328,False,,-1,0.23485935,-0.15118492,0.09719792753458023,0.03772127628326416
895,coffeehour,high_maturity,False,CLIPese,0.0,True,mature,0.7911250000000001,False,,-1,-0.470598,-0.026876638,0.09719792753458023,0.03772127628326416
896,sockdeteriorchimney,high_maturity,False,CLIPese,0.0,True,mature,0.411975,False,,-1,0.25765327,0.004679315,0.09719792753458023,0.03772127628326416
897,cartoonpolka,high_maturity,False,CLIPese,0.0,True,mature,0.424825,False,,-1,0.054977834,0.017335027,0.09719792753458023,0.03772127628326416
898,orangurooster,high_maturity,False,CLIPese,0.0,True,mature,0.28535,False,,-1,0.29424915,-0.26929694,0.09719792753458023,0.03772127628326416
899,britibatman,high_maturity,False,CLIPese,0.0,True,mature,0.5638,False,,-1,-0.03698537,-0.11341645,0.09719792753458023,0.03772127628326416
900,canola,high_maturity,True,English,2.74,True,mature,0.87035,True,mature_readable,173,0.08777912,-0.075152546,0.09719792753458023,0.03772127628326416
901,sevelcollie,high_maturity,False,CLIPese,0.0,True,mature,0.37234999999999996,False,,-1,0.3072649,-0.19170836,0.09719792753458023,0.03772127628326416
902,taxiderspinostare,high_maturity,False,CLIPese,0.0,True,mature,0.08157500000000001,False,,-1,0.31186098,-0.1632538,0.09719792753458023,0.03772127628326416
903,adjuzebra,high_maturity,False,CLIPese,0.0,True,mature,0.264,False,,-1,0.0679666,-0.19656248,0.09719792753458023,0.03772127628326416
904,aberdeencentri,high_maturity,False,CLIPese,0.0,True,mature,0.5557749999999999,False,,-1,0.0050489875,-0.07861189,0.09719792753458023,0.03772127628326416
905,configurdonut,high_maturity,False,CLIPese,0.0,True,mature,0.8402000000000001,True,mature_readable,109,0.050533175,0.06056283,0.09719792753458023,0.03772127628326416
906,spookaleidoretarmicroscopy,high_maturity,False,CLIPese,0.0,True,mature,0.137875,False,,-1,0.33172104,0.37226465,0.09719792753458023,0.03772127628326416
907,falkgregorwolfoscars,high_maturity,False,CLIPese,0.0,True,mature,0.45802499999999996,False,,-1,0.41985536,-0.28177887,0.09719792753458023,0.03772127628326416
908,crystalligenerative,high_maturity,False,CLIPese,0.0,True,mature,0.13757499999999998,False,,-1,0.09648843,0.42592886,0.09719792753458023,0.03772127628326416
909,bitimagespectral,high_maturity,False,CLIPese,0.0,True,mature,0.37177499999999997,False,,-1,-0.1667013,0.14994346,0.09719792753458023,0.03772127628326416
910,bloodywasher,high_maturity,False,CLIPese,0.0,True,mature,0.597425,False,,-1,0.046217706,-0.10569989,0.09719792753458023,0.03772127628326416
911,dinosawallpapers,high_maturity,False,CLIPese,0.0,True,mature,0.25117500000000004,False,,-1,0.039743375,0.003648852,0.09719792753458023,0.03772127628326416
912,bbcscanned,high_maturity,False,CLIPese,0.0,True,mature,0.506175,False,,-1,0.055626597,0.091663204,0.09719792753458023,0.03772127628326416
913,turbulmosaic,high_maturity,False,CLIPese,0.0,True,mature,0.39787500000000003,False,,-1,0.2895036,0.16775584,0.09719792753458023,0.03772127628326416
914,trusttowbars,high_maturity,False,CLIPese,0.0,True,mature,0.14237499999999997,True,mature_weak,406,0.057038564,-0.20728587,0.09719792753458023,0.03772127628326416
915,btsxfortnite,high_maturity,False,CLIPese,0.0,True,mature,0.5097499999999999,False,,-1,-0.045441847,-0.027484514,0.09719792753458023,0.03772127628326416
916,anatomfingers,high_maturity,False,CLIPese,0.0,True,mature,0.8562250000000001,True,orthographic_hard,48,-0.23483604,-0.029141711,0.09719792753458023,0.03772127628326416
917,willydigitalart,high_maturity,False,CLIPese,0.0,True,mature,0.04925,True,mature_weak,434,0.34241062,0.16984409,0.09719792753458023,0.03772127628326416
918,christmaglobe,high_maturity,False,CLIPese,0.0,True,mature,0.356675,False,,-1,-0.12157481,0.10246435,0.09719792753458023,0.03772127628326416
919,bubbwarp,high_maturity,False,CLIPese,0.0,True,mature,0.67935,False,,-1,-0.39113146,0.035597574,0.09719792753458023,0.03772127628326416
920,taxiderfigfoxy,high_maturity,False,CLIPese,0.0,True,mature,0.18164999999999998,False,,-1,0.36594734,-0.19844154,0.09719792753458023,0.03772127628326416
921,brutalbeetle,high_maturity,False,CLIPese,0.0,True,mature,0.6455,False,,-1,0.17744489,-0.11148193,0.09719792753458023,0.03772127628326416
922,satellchihuahua,high_maturity,False,CLIPese,0.0,True,mature,0.599925,False,,-1,0.37745392,-0.1792268,0.09719792753458023,0.03772127628326416
923,bitmeasles,high_maturity,False,CLIPese,0.0,True,mature,0.6458499999999999,False,,-1,-0.10893676,0.10832251,0.09719792753458023,0.03772127628326416
924,mandelwatercolor,high_maturity,False,CLIPese,0.0,True,mature,0.3654,False,,-1,0.23897666,0.14346085,0.09719792753458023,0.03772127628326416
925,anabhumidiadapter,high_maturity,False,CLIPese,0.0,True,mature,0.4609,False,,-1,-0.03168093,-0.021604132,0.09719792753458023,0.03772127628326416
926,museodel,high_maturity,False,CLIPese,0.0,True,mature,0.4377,False,,-1,-0.022510696,-0.05761691,0.09719792753458023,0.03772127628326416
927,mandelpixels,high_maturity,False,CLIPese,0.0,True,mature,0.22975,False,,-1,0.29603937,0.30195093,0.09719792753458023,0.03772127628326416
928,iphonewarhol,high_maturity,False,CLIPese,0.0,True,mature,0.7511000000000001,True,mature_readable,252,0.28686896,0.15609916,0.09719792753458023,0.03772127628326416
929,albatgalveston,high_maturity,False,CLIPese,0.0,True,mature,0.442225,False,,-1,0.395811,-0.19504862,0.09719792753458023,0.03772127628326416
930,clawjug,high_maturity,False,CLIPese,0.0,True,mature,0.7409749999999999,True,mature_readable,225,-0.014865299,-0.11954942,0.09719792753458023,0.03772127628326416
931,basketof,high_maturity,False,CLIPese,0.0,True,mature,0.7664,False,,-1,-0.13419926,0.0013816216,0.09719792753458023,0.03772127628326416
932,christmamessi,high_maturity,False,CLIPese,0.0,True,mature,0.634975,False,,-1,-0.26491895,0.006252425,0.09719792753458023,0.03772127628326416
933,ploughreservmagpie,high_maturity,False,CLIPese,0.0,True,mature,0.2367,False,,-1,0.37602672,-0.20711459,0.09719792753458023,0.03772127628326416
934,taxiderbat,high_maturity,False,CLIPese,0.0,True,mature,0.5332250000000001,False,,-1,0.244178,-0.20467305,0.09719792753458023,0.03772127628326416
935,sityimagenoise,high_maturity,False,CLIPese,0.0,True,mature,0.062725,True,mature_weak,384,0.056998428,-0.12781635,0.09719792753458023,0.03772127628326416
936,deancain,high_maturity,False,CLIPese,0.0,True,mature,0.8855,True,mature_readable,97,-0.0036395597,-0.13903984,0.09719792753458023,0.03772127628326416
937,dumbwaiter,high_maturity,True,English,1.78,True,mature,0.47487500000000005,False,,-1,0.041656412,-0.18648607,0.09719792753458023,0.03772127628326416
938,duffdachshund,high_maturity,False,CLIPese,0.0,True,mature,0.32815000000000005,False,,-1,0.26274762,-0.28466198,0.09719792753458023,0.03772127628326416
939,braincircuits,high_maturity,False,CLIPese,0.0,True,mature,0.60585,False,,-1,0.033681262,0.026394222,0.09719792753458023,0.03772127628326416
940,bunplatz,high_maturity,False,CLIPese,0.0,True,mature,0.694725,False,,-1,-0.3544598,-0.13850278,0.09719792753458023,0.03772127628326416
941,calibrtiff,high_maturity,False,CLIPese,0.0,True,mature,0.43365000000000004,False,,-1,-0.13341661,0.049471505,0.09719792753458023,0.03772127628326416
942,pyggoat,high_maturity,False,CLIPese,0.0,True,mature,0.6359,False,,-1,0.24683581,-0.24335068,0.09719792753458023,0.03772127628326416
943,mandelpollock,high_maturity,False,CLIPese,0.0,True,mature,0.295675,False,,-1,0.19513465,0.15894917,0.09719792753458023,0.03772127628326416
944,backstreetgenerator,high_maturity,False,CLIPese,0.0,True,mature,0.561625,False,,-1,-0.16419186,0.032509245,0.09719792753458023,0.03772127628326416
945,kaleidozombimedusa,high_maturity,False,CLIPese,0.0,True,mature,0.232625,False,,-1,0.3801814,0.31734952,0.09719792753458023,0.03772127628326416
946,thonknaubergkin,high_maturity,False,CLIPese,0.0,True,mature,0.154625,False,,-1,0.23866831,-0.16431141,0.09719792753458023,0.03772127628326416
947,crystplot,high_maturity,False,CLIPese,0.0,True,mature,0.50175,False,,-1,-0.22165243,0.24760133,0.09719792753458023,0.03772127628326416
948,louboutchicks,high_maturity,False,CLIPese,0.0,True,mature,0.512275,False,,-1,0.26830357,-0.127452,0.09719792753458023,0.03772127628326416
949,mandeldistormicroscopy,high_maturity,False,CLIPese,0.0,True,mature,0.225225,False,,-1,0.16195555,0.30457485,0.09719792753458023,0.03772127628326416
950,calliglitch,high_maturity,False,CLIPese,0.0,True,mature,0.48317499999999997,False,,-1,0.0020733115,0.4269302,0.09719792753458023,0.03772127628326416
951,manjaro,high_maturity,True,English,1.54,True,mature,0.60755,False,,-1,0.14914122,-0.05101777,0.09719792753458023,0.03772127628326416
952,bunnyhorse,high_maturity,False,CLIPese,0.0,True,mature,0.77345,True,mature_readable,221,0.043779977,-0.2145275,0.09719792753458023,0.03772127628326416
953,kaleidosprouts,high_maturity,False,CLIPese,0.0,True,mature,0.46172500000000005,False,,-1,0.32062438,0.30296,0.09719792753458023,0.03772127628326416
954,ophysafarilive,high_maturity,False,CLIPese,0.0,True,mature,0.13212500000000002,False,,-1,0.25871095,-0.20066056,0.09719792753458023,0.03772127628326416
955,eucalypautumnal,high_maturity,False,CLIPese,0.0,True,mature,0.355225,False,,-1,0.09478085,-0.0947622,0.09719792753458023,0.03772127628326416
956,bicondova,high_maturity,True,English,1.23,True,mature,0.48910000000000003,False,,-1,0.18311302,-0.13797584,0.09719792753458023,0.03772127628326416
957,blurgopro,high_maturity,False,CLIPese,0.0,True,mature,0.51565,False,,-1,0.1963487,0.14039868,0.09719792753458023,0.03772127628326416
958,pixelfracroblox,high_maturity,False,CLIPese,0.0,True,mature,0.278275,False,,-1,0.24241818,0.3490119,0.09719792753458023,0.03772127628326416
959,webcamantigua,high_maturity,False,CLIPese,0.0,True,mature,0.273275,False,,-1,0.16039161,-0.11497771,0.09719792753458023,0.03772127628326416
960,visualaugmenteshark,high_maturity,False,CLIPese,0.0,True,mature,0.393675,False,,-1,0.28884366,0.11242429,0.09719792753458023,0.03772127628326416
961,canadas,high_maturity,True,English,2.15,True,mature,0.512,False,,-1,-0.051491242,-0.18032,0.09719792753458023,0.03772127628326416
962,taxiderchievllama,high_maturity,False,CLIPese,0.0,True,mature,0.3474,False,,-1,0.3824722,-0.21897623,0.09719792753458023,0.03772127628326416
963,pygboerformations,high_maturity,False,CLIPese,0.0,True,mature,0.32627500000000004,False,,-1,0.30805498,-0.10589377,0.09719792753458023,0.03772127628326416
964,bonebombs,high_maturity,False,CLIPese,0.0,True,mature,0.8820749999999999,True,mature_readable,122,-0.08061292,-0.086415835,0.09719792753458023,0.03772127628326416
965,haunnebula,high_maturity,False,CLIPese,0.0,True,mature,0.769275,True,mature_readable,216,0.29675904,-0.02929995,0.09719792753458023,0.03772127628326416
966,kaleidodigitalart,high_maturity,False,CLIPese,0.0,True,mature,0.0242,True,mature_weak,368,0.23353675,0.5593159,0.09719792753458023,0.03772127628326416
967,beckylynch,high_maturity,False,CLIPese,0.0,True,mature,0.416825,False,,-1,0.099945314,-0.14492378,0.09719792753458023,0.03772127628326416
968,louboutlatex,high_maturity,False,CLIPese,0.0,True,mature,0.11405000000000001,True,mature_weak,392,0.13217199,-0.108092085,0.09719792753458023,0.03772127628326416
969,nocchi,high_maturity,False,CLIPese,0.0,True,mature,0.22857500000000003,False,,-1,0.21572886,-0.15645954,0.09719792753458023,0.03772127628326416
970,colordisintegrmeasles,high_maturity,False,CLIPese,0.0,True,mature,0.40762499999999996,False,,-1,0.1287389,0.34097323,0.09719792753458023,0.03772127628326416
971,slurcorn,high_maturity,False,CLIPese,0.0,True,mature,0.464225,False,,-1,0.032224316,-0.048167754,0.09719792753458023,0.03772127628326416
972,montessgauge,high_maturity,False,CLIPese,0.0,True,mature,0.45375,False,,-1,0.21448046,0.08419362,0.09719792753458023,0.03772127628326416
973,sagittsafarilive,high_maturity,False,CLIPese,0.0,True,mature,0.201775,False,,-1,0.25917757,-0.24584958,0.09719792753458023,0.03772127628326416
974,bunmotto,high_maturity,False,CLIPese,0.0,True,mature,0.6681,False,,-1,-0.104755625,-0.1562691,0.09719792753458023,0.03772127628326416
975,canadaday,high_maturity,False,CLIPese,0.0,True,mature,0.49712500000000004,False,,-1,-0.43041188,-0.019848617,0.09719792753458023,0.03772127628326416
976,atosaurus,high_maturity,False,CLIPese,0.0,True,mature,0.5765750000000001,False,,-1,-0.038164563,-0.17858925,0.09719792753458023,0.03772127628326416
977,bbcbratcompression,high_maturity,False,CLIPese,0.0,True,mature,0.455075,False,,-1,-0.025691476,0.33653584,0.09719792753458023,0.03772127628326416
978,christmamural,high_maturity,False,CLIPese,0.0,True,mature,0.35555000000000003,False,,-1,-0.2864518,0.0011142709,0.09719792753458023,0.03772127628326416
979,panordigitalart,high_maturity,False,CLIPese,0.0,True,mature,0.122775,False,,-1,0.17219134,0.38600028,0.09719792753458023,0.03772127628326416
980,cufflink,high_maturity,True,English,1.69,True,mature,0.66255,False,,-1,-0.07823988,-0.062374424,0.09719792753458023,0.03772127628326416
981,clipclip,high_maturity,False,CLIPese,0.0,True,mature,0.302825,False,,-1,-0.20160756,-0.037199825,0.09719792753458023,0.03772127628326416
982,taxiderrabbits,high_maturity,False,CLIPese,0.0,True,mature,0.5099499999999999,False,,-1,0.290219,-0.2610163,0.09719792753458023,0.03772127628326416
983,fracroblopixels,high_maturity,False,CLIPese,0.0,True,mature,0.348025,False,,-1,0.1833375,0.2934309,0.09719792753458023,0.03772127628326416
984,birdhouse,high_maturity,True,English,2.32,True,mature,0.561175,False,,-1,-0.15125471,-0.15171699,0.09719792753458023,0.03772127628326416
985,kaleidopete,high_maturity,False,CLIPese,0.0,True,mature,0.32839999999999997,False,,-1,0.31908542,0.46130875,0.09719792753458023,0.03772127628326416
986,bubbleimage,high_maturity,False,CLIPese,0.0,True,mature,0.3638,False,,-1,-0.3216202,0.22883067,0.09719792753458023,0.03772127628326416
987,easternbridgseleccardigan,high_maturity,False,CLIPese,0.0,True,mature,0.44677500000000003,False,,-1,0.27633768,-0.14673236,0.09719792753458023,0.03772127628326416
988,imagenoise,high_maturity,False,CLIPese,0.0,True,mature,0.2626,False,,-1,-0.022579247,-0.105507426,0.09719792753458023,0.03772127628326416
989,puppmightywentworth,high_maturity,False,CLIPese,0.0,True,mature,0.31079999999999997,False,,-1,0.28286287,-0.19172406,0.09719792753458023,0.03772127628326416
990,mandelchromatic,high_maturity,False,CLIPese,0.0,True,mature,0.49004999999999993,False,,-1,0.15626979,0.42270806,0.09719792753458023,0.03772127628326416
991,dalmatimammal,high_maturity,False,CLIPese,0.0,True,mature,0.2388,False,,-1,0.26320192,-0.24578734,0.09719792753458023,0.03772127628326416
992,piecehall,high_maturity,False,CLIPese,0.0,True,mature,0.4222,False,,-1,0.06332641,-0.052967794,0.09719792753458023,0.03772127628326416
993,chinesecommunist,high_maturity,False,CLIPese,0.0,True,mature,0.689125,False,,-1,-0.37853763,-0.050420027,0.09719792753458023,0.03772127628326416
994,artyalgorithm,high_maturity,False,CLIPese,0.0,True,mature,0.29925,False,,-1,0.17534012,0.24439831,0.09719792753458023,0.03772127628326416
995,lasagelengmicroscope,high_maturity,False,CLIPese,0.0,True,mature,0.49835,False,,-1,0.28799257,0.07031636,0.09719792753458023,0.03772127628326416
996,bridgpixels,high_maturity,False,CLIPese,0.0,True,mature,0.40142500000000003,False,,-1,-0.20309277,0.18404801,0.09719792753458023,0.03772127628326416
997,alyssdigitalart,high_maturity,False,CLIPese,0.0,True,mature,0.19565,False,,-1,0.33340085,0.38573685,0.09719792753458023,0.03772127628326416
998,cilantro,high_maturity,True,English,2.89,True,mature,0.546925,False,,-1,-0.041988917,-0.08389555,0.09719792753458023,0.03772127628326416
999,kaleidopixels,high_maturity,False,CLIPese,0.0,True,mature,0.08775,False,,-1,0.34703976,0.5747344,0.09719792753458023,0.03772127628326416
1000,coogs,high_maturity,True,English,1.11,True,mature,0.209125,False,,-1,-0.2734934,-0.14690658,0.09719792753458023,0.03772127628326416
1001,abstrexploexpirmonet,high_maturity,False,CLIPese,0.0,True,mature,0.30374999999999996,False,,-1,0.082242124,0.12661491,0.09719792753458023,0.03772127628326416
1002,runemaraulynx,high_maturity,False,CLIPese,0.0,True,mature,0.29335,False,,-1,0.342136,-0.19313195,0.09719792753458023,0.03772127628326416
1003,anatomveins,high_maturity,False,CLIPese,0.0,True,mature,0.708325,True,orthographic_hard,49,-0.029518768,-0.006198168,0.09719792753458023,0.03772127628326416
1004,cranes,high_maturity,True,English,3.33,True,mature,0.792325,True,orthographic_hard,26,-0.06832904,-0.10163684,0.09719792753458023,0.03772127628326416
1005,acrobjump,high_maturity,False,CLIPese,0.0,True,mature,0.798775,True,mature_readable,193,-0.23327109,-0.020914989,0.09719792753458023,0.03772127628326416
1006,bestofrainbowrandom,high_maturity,False,CLIPese,0.0,True,mature,0.39202499999999996,False,,-1,0.08645963,0.13552564,0.09719792753458023,0.03772127628326416
1007,nanopspherkeef,high_maturity,False,CLIPese,0.0,True,mature,0.5521750000000001,False,,-1,0.2494737,0.06918555,0.09719792753458023,0.03772127628326416
1008,rounbabymetal,high_maturity,False,CLIPese,0.0,True,mature,0.3719,False,,-1,0.20222536,-0.016077736,0.09719792753458023,0.03772127628326416
1009,crystcrayon,high_maturity,False,CLIPese,0.0,True,mature,0.581175,False,,-1,-0.0041890885,0.19876911,0.09719792753458023,0.03772127628326416
1010,bikelife,high_maturity,False,CLIPese,0.0,True,mature,0.33092499999999997,False,,-1,-0.34233433,0.011636248,0.09719792753458023,0.03772127628326416
1011,owlhyacinavian,high_maturity,False,CLIPese,0.0,True,mature,0.429525,False,,-1,0.309958,-0.17198238,0.09719792753458023,0.03772127628326416
1012,kaleidosurrealism,high_maturity,False,CLIPese,0.0,True,mature,0.24575000000000002,False,,-1,0.29182985,0.53798574,0.09719792753458023,0.03772127628326416
1013,tuxbulldog,high_maturity,False,CLIPese,0.0,True,mature,0.64805,False,,-1,0.3665331,-0.2747006,0.09719792753458023,0.03772127628326416
1014,spiderposing,high_maturity,False,CLIPese,0.0,True,mature,0.6655,False,,-1,0.2672208,-0.065123916,0.09719792753458023,0.03772127628326416
1015,calibrpixels,high_maturity,False,CLIPese,0.0,True,mature,0.284075,False,,-1,-0.031105202,0.21629371,0.09719792753458023,0.03772127628326416
1016,blackcosplay,high_maturity,False,CLIPese,0.0,True,mature,0.49422499999999997,False,,-1,-0.073411256,-0.111905545,0.09719792753458023,0.03772127628326416
1017,calibrpixel,high_maturity,False,CLIPese,0.0,True,mature,0.22435000000000002,False,,-1,0.0027899875,0.16318761,0.09719792753458023,0.03772127628326416
1018,acycling,high_maturity,False,CLIPese,0.0,True,mature,0.808175,True,orthographic_hard,23,-0.19721165,-0.04461293,0.09719792753458023,0.03772127628326416
1019,doortwickdoorghead,high_maturity,False,CLIPese,0.0,True,mature,0.452475,False,,-1,0.20337883,-0.06806878,0.09719792753458023,0.03772127628326416
1020,sonnybrushing,high_maturity,False,CLIPese,0.0,True,mature,0.8930750000000001,True,mature_readable,87,0.17253983,-0.10451812,0.09719792753458023,0.03772127628326416
1021,loafpersian,high_maturity,False,CLIPese,0.0,True,mature,0.677875,False,,-1,0.31356978,-0.21184173,0.09719792753458023,0.03772127628326416
1022,imagefuzzpepe,high_maturity,False,CLIPese,0.0,True,mature,0.45772500000000005,False,,-1,0.1940176,0.29462484,0.09719792753458023,0.03772127628326416
1023,chromobishue,high_maturity,False,CLIPese,0.0,True,mature,0.52435,False,,-1,-0.3504027,0.108182006,0.09719792753458023,0.03772127628326416
1024,chiranjeevi,high_maturity,True,English,1.98,True,mature,0.518425,False,,-1,-0.024643596,-0.122007996,0.09719792753458023,0.03772127628326416
1025,carriages,high_maturity,True,English,3.37,True,mature,0.841175,True,mature_readable,172,-0.11148298,-0.11502089,0.09719792753458023,0.03772127628326416
1026,bogota,high_maturity,True,English,2.9,True,mature,0.7501,False,,-1,-0.15275319,-0.0587977,0.09719792753458023,0.03772127628326416
1027,taxiderglufoxtele,high_maturity,False,CLIPese,0.0,True,mature,0.136725,False,,-1,0.3894335,-0.1573113,0.09719792753458023,0.03772127628326416
1028,codyseaworld,high_maturity,False,CLIPese,0.0,True,mature,0.8941,True,mature_readable,93,0.023440864,-0.13674454,0.09719792753458023,0.03772127628326416
1029,bobcsharkweek,high_maturity,False,CLIPese,0.0,True,mature,0.823275,True,orthographic_hard,21,0.12070649,-0.12841286,0.09719792753458023,0.03772127628326416
1030,mileypixar,high_maturity,False,CLIPese,0.0,True,mature,0.47435000000000005,False,,-1,0.17620274,-0.09248571,0.09719792753458023,0.03772127628326416
1031,copernicuse,high_maturity,False,CLIPese,0.0,True,mature,0.520425,False,,-1,-0.086918615,-0.00052440265,0.09719792753458023,0.03772127628326416
1032,chromoradiation,high_maturity,False,CLIPese,0.0,True,mature,0.46549999999999997,False,,-1,-0.41536608,0.09123455,0.09719792753458023,0.03772127628326416
1033,beverlogoraspberrymock,high_maturity,False,CLIPese,0.0,True,mature,0.85075,True,mature_readable,146,0.0822095,-0.07838287,0.09719792753458023,0.03772127628326416
1034,colourestimgraph,high_maturity,False,CLIPese,0.0,True,mature,0.030725000000000002,True,mature_weak,381,-0.044429213,0.1494824,0.09719792753458023,0.03772127628326416
1035,puppyoreo,high_maturity,False,CLIPese,0.0,True,mature,0.7110000000000001,False,,-1,0.30721515,-0.18018346,0.09719792753458023,0.03772127628326416
1036,kaleidosimulation,high_maturity,False,CLIPese,0.0,True,mature,0.29279999999999995,False,,-1,0.26088208,0.5675915,0.09719792753458023,0.03772127628326416
1037,duckchihuahua,high_maturity,False,CLIPese,0.0,True,mature,0.6330500000000001,False,,-1,0.35991517,-0.26328,0.09719792753458023,0.03772127628326416
1038,arthrelephant,high_maturity,False,CLIPese,0.0,True,mature,0.5776749999999999,False,,-1,-0.094818786,-0.17637989,0.09719792753458023,0.03772127628326416
1039,kaleidosweetie,high_maturity,False,CLIPese,0.0,True,mature,0.4181,False,,-1,0.31497294,0.35346898,0.09719792753458023,0.03772127628326416
1040,azerbai,high_maturity,False,CLIPese,0.0,True,mature,0.249,False,,-1,-0.37483117,-0.018055592,0.09719792753458023,0.03772127628326416
1041,calamari,high_maturity,True,English,2.57,True,mature,0.29952500000000004,False,,-1,0.055384204,-0.11770513,0.09719792753458023,0.03772127628326416
1042,louboutfertilicord,high_maturity,False,CLIPese,0.0,True,mature,0.443175,False,,-1,0.10126095,-0.013569433,0.09719792753458023,0.03772127628326416
1043,calibrcompression,high_maturity,False,CLIPese,0.0,True,mature,0.29055,False,,-1,-0.13056356,0.13562839,0.09719792753458023,0.03772127628326416
1044,slimbridge,high_maturity,True,English,1.58,True,mature,0.552025,False,,-1,0.03634376,-0.12424867,0.09719792753458023,0.03772127628326416
1045,kaleidoembroidefineartamerica,high_maturity,False,CLIPese,0.0,True,mature,0.026400000000000003,True,mature_weak,417,0.38135278,0.48012167,0.09719792753458023,0.03772127628326416
1046,crystcrystneural,high_maturity,False,CLIPese,0.0,True,mature,0.15952500000000003,False,,-1,-0.18399061,0.3334172,0.09719792753458023,0.03772127628326416
1047,cornbread,high_maturity,True,English,2.72,True,mature,0.758775,False,,-1,-0.35310245,-0.0792119,0.09719792753458023,0.03772127628326416
1048,dubaiprairiperched,high_maturity,False,CLIPese,0.0,True,mature,0.515275,False,,-1,0.2764031,-0.19000432,0.09719792753458023,0.03772127628326416
1049,penduballs,high_maturity,False,CLIPese,0.0,True,mature,0.7134,True,fallback_fill,489,0.23396684,-0.057933725,0.09719792753458023,0.03772127628326416
1050,cannonfencing,high_maturity,False,CLIPese,0.0,True,mature,0.755725,True,mature_readable,170,0.083292134,-0.12726164,0.09719792753458023,0.03772127628326416
1051,gorillapixelart,high_maturity,False,CLIPese,0.0,True,mature,0.39964999999999995,False,,-1,0.30014998,0.121242896,0.09719792753458023,0.03772127628326416
1052,owlmoths,high_maturity,False,CLIPese,0.0,True,mature,0.8834249999999999,True,mature_readable,78,0.20056213,-0.17417914,0.09719792753458023,0.03772127628326416
1053,tibetdogsoftwitter,high_maturity,False,CLIPese,0.0,True,mature,0.25087499999999996,False,,-1,0.36995864,-0.23530625,0.09719792753458023,0.03772127628326416
1054,bunrights,high_maturity,False,CLIPese,0.0,True,mature,0.8954249999999999,True,mature_readable,189,-0.24663267,-0.14742762,0.09719792753458023,0.03772127628326416
1055,bandanna,high_maturity,True,English,2.32,True,mature,0.8601,True,mature_readable,233,-0.22089064,-0.030494368,0.09719792753458023,0.03772127628326416
1056,taxidercrowneagle,high_maturity,False,CLIPese,0.0,True,mature,0.23485,False,,-1,0.41140038,-0.19529961,0.09719792753458023,0.03772127628326416
1057,calibrscattered,high_maturity,False,CLIPese,0.0,True,mature,0.43300000000000005,False,,-1,0.030788077,0.16074693,0.09719792753458023,0.03772127628326416
1058,cssdatascience,high_maturity,False,CLIPese,0.0,True,mature,0.6828,True,fallback_fill,497,-0.30506527,0.09048572,0.09719792753458023,0.03772127628326416
1059,darjegrizzlies,high_maturity,False,CLIPese,0.0,True,mature,0.5073000000000001,False,,-1,0.18812187,-0.20508671,0.09719792753458023,0.03772127628326416
1060,macedcoyote,high_maturity,False,CLIPese,0.0,True,mature,0.7028249999999998,False,,-1,0.28975648,-0.2738725,0.09719792753458023,0.03772127628326416
1061,bestfrienddesignwallets,high_maturity,False,CLIPese,0.0,True,mature,0.589425,False,,-1,-0.05993112,0.012566074,0.09719792753458023,0.03772127628326416
1062,rafideerhare,high_maturity,False,CLIPese,0.0,True,mature,0.546575,False,,-1,0.21136312,-0.22452573,0.09719792753458023,0.03772127628326416
1063,monstesneakers,high_maturity,False,CLIPese,0.0,True,mature,0.31744999999999995,False,,-1,0.1891983,-0.082770795,0.09719792753458023,0.03772127628326416
1064,vonerich,high_maturity,False,CLIPese,0.0,True,mature,0.42810000000000004,False,,-1,0.051649146,-0.113312885,0.09719792753458023,0.03772127628326416
1065,cattmesmeritranquility,high_maturity,False,CLIPese,0.0,True,mature,0.2584,False,,-1,-0.014148888,-0.11171652,0.09719792753458023,0.03772127628326416
1066,bison,high_maturity,True,English,3.26,True,mature,0.8536499999999999,True,mature_readable,158,0.023436766,-0.1872776,0.09719792753458023,0.03772127628326416
1067,acarhamburg,high_maturity,False,CLIPese,0.0,True,mature,0.8224499999999999,True,mature_readable,153,0.12107295,-0.14274865,0.09719792753458023,0.03772127628326416
1068,bodedog,high_maturity,False,CLIPese,0.0,True,mature,0.762275,False,,-1,-0.03654678,-0.24942045,0.09719792753458023,0.03772127628326416
1069,yugosafarilive,high_maturity,False,CLIPese,0.0,True,mature,0.209175,False,,-1,0.19436727,-0.17502995,0.09719792753458023,0.03772127628326416
1070,mayoretriever,high_maturity,False,CLIPese,0.0,True,mature,0.23175,False,,-1,0.29645067,-0.25670868,0.09719792753458023,0.03772127628326416
1071,acroncolours,high_maturity,False,CLIPese,0.0,True,mature,0.29875,False,,-1,-0.085673526,0.07054164,0.09719792753458023,0.03772127628326416
1072,prairiegret,high_maturity,False,CLIPese,0.0,True,mature,0.23302499999999998,False,,-1,0.13885944,-0.22842164,0.09719792753458023,0.03772127628326416
1073,algorimicroscope,high_maturity,False,CLIPese,0.0,True,mature,0.6882750000000001,False,,-1,0.23657598,0.22810942,0.09719792753458023,0.03772127628326416
1074,cyberpackers,high_maturity,False,CLIPese,0.0,True,mature,0.865925,True,mature_readable,155,-0.17434919,-0.05060283,0.09719792753458023,0.03772127628326416
1075,dalmatipossum,high_maturity,False,CLIPese,0.0,True,mature,0.37985,False,,-1,0.32459554,-0.26221922,0.09719792753458023,0.03772127628326416
1076,bulldogs,high_maturity,True,English,3.64,True,mature,0.6002,False,,-1,-0.0767054,-0.20197918,0.09719792753458023,0.03772127628326416
1077,calibrcorrupt,high_maturity,False,CLIPese,0.0,True,mature,0.2334,False,,-1,0.11927581,0.15381624,0.09719792753458023,0.03772127628326416
1078,humidigrinder,high_maturity,False,CLIPese,0.0,True,mature,0.8339749999999999,False,,-1,0.06344937,-0.0633304,0.09719792753458023,0.03772127628326416
1079,waratahs,high_maturity,True,English,2.32,True,mature,0.924775,True,mature_readable,58,0.19142903,-0.15089858,0.09719792753458023,0.03772127628326416
1080,bearcat,high_maturity,True,English,2.18,True,mature,0.5680999999999999,False,,-1,-0.07668629,-0.22767699,0.09719792753458023,0.03772127628326416
1081,kaleidoimage,high_maturity,False,CLIPese,0.0,True,mature,0.0754,False,,-1,0.28676102,0.5504711,0.09719792753458023,0.03772127628326416
1082,mathematzanziebony,high_maturity,False,CLIPese,0.0,True,mature,0.170225,True,mature_weak,421,0.22091162,0.021591976,0.09719792753458023,0.03772127628326416
1083,turtlebobcat,high_maturity,False,CLIPese,0.0,True,mature,0.39952499999999996,False,,-1,0.29456258,-0.2370915,0.09719792753458023,0.03772127628326416
1084,atarshark,high_maturity,False,CLIPese,0.0,True,mature,0.7997749999999999,True,mature_readable,236,-0.08542618,-0.12267922,0.09719792753458023,0.03772127628326416
1085,spraggan,high_maturity,True,English,1.26,True,mature,0.709125,False,,-1,0.09633063,-0.14223224,0.09719792753458023,0.03772127628326416
1086,kaleidotroops,high_maturity,False,CLIPese,0.0,True,mature,0.668075,False,,-1,0.29923242,0.42245603,0.09719792753458023,0.03772127628326416
1087,benfica,high_maturity,True,English,2.97,True,mature,0.8503250000000002,True,mature_readable,159,-0.119069844,-0.08550706,0.09719792753458023,0.03772127628326416
1088,boxingh,high_maturity,False,CLIPese,0.0,True,mature,0.7731,False,,-1,-0.36058226,-0.058998432,0.09719792753458023,0.03772127628326416
1089,gumbpixels,high_maturity,False,CLIPese,0.0,True,mature,0.417525,False,,-1,0.31913877,0.1798455,0.09719792753458023,0.03772127628326416
1090,datadigitalart,high_maturity,False,CLIPese,0.0,True,mature,0.145325,False,,-1,0.19915111,0.39695144,0.09719792753458023,0.03772127628326416
1091,taxiderbunny,high_maturity,False,CLIPese,0.0,True,mature,0.4672,False,,-1,0.37691072,-0.27974558,0.09719792753458023,0.03772127628326416
1092,containfrisbee,high_maturity,False,CLIPese,0.0,True,mature,0.42895,False,,-1,0.057118654,-0.06661768,0.09719792753458023,0.03772127628326416
1093,catwoman,high_maturity,True,English,2.81,True,mature,0.5534250000000001,False,,-1,-0.19429292,-0.1391429,0.09719792753458023,0.03772127628326416
1094,fracsharkphotograph,high_maturity,False,CLIPese,0.0,True,mature,0.27415,False,,-1,0.24860159,0.21511166,0.09719792753458023,0.03772127628326416
1095,carsondoggie,high_maturity,False,CLIPese,0.0,True,mature,0.6833,False,,-1,0.11456646,-0.18036346,0.09719792753458023,0.03772127628326416
1096,chromodensity,high_maturity,False,CLIPese,0.0,True,mature,0.5218,False,,-1,-0.048954993,0.18224838,0.09719792753458023,0.03772127628326416
1097,centrihospitgraph,high_maturity,False,CLIPese,0.0,True,mature,0.33740000000000003,False,,-1,0.20218186,-0.055608395,0.09719792753458023,0.03772127628326416
1098,schwarzlabrador,high_maturity,False,CLIPese,0.0,True,mature,0.37815,False,,-1,0.34565374,-0.21592274,0.09719792753458023,0.03772127628326416
1099,cycloclip,high_maturity,False,CLIPese,0.0,True,mature,0.594625,False,,-1,-0.1592843,-0.039553467,0.09719792753458023,0.03772127628326416
1100,biksymbol,high_maturity,False,CLIPese,0.0,True,mature,0.4057,False,,-1,0.04841157,-0.004162231,0.09719792753458023,0.03772127628326416
1101,birdowl,high_maturity,False,CLIPese,0.0,True,mature,0.516,False,,-1,-0.021192458,-0.22076438,0.09719792753458023,0.03772127628326416
1102,spectrocrystallistitchhare,high_maturity,False,CLIPese,0.0,True,mature,0.12497499999999997,True,mature_weak,409,0.23836255,0.13906093,0.09719792753458023,0.03772127628326416
1103,eritsyrianmarjmouse,high_maturity,False,CLIPese,0.0,True,mature,0.410925,False,,-1,0.24151164,-0.22453962,0.09719792753458023,0.03772127628326416
1104,cloudbot,high_maturity,False,CLIPese,0.0,True,mature,0.8107000000000001,True,mature_readable,145,-0.14513625,-0.055191096,0.09719792753458023,0.03772127628326416
1105,bubbooooooooooooooooglobrendered,high_maturity,False,CLIPese,0.0,True,mature,0.1616,False,,-1,-0.1609628,-0.05633969,0.09719792753458023,0.03772127628326416
1106,pygfrog,high_maturity,False,CLIPese,0.0,True,mature,0.45447499999999996,False,,-1,0.21930069,-0.20267773,0.09719792753458023,0.03772127628326416
1107,anarchitwenty,high_maturity,False,CLIPese,0.0,True,mature,0.33355,False,,-1,-0.4327684,0.031143656,0.09719792753458023,0.03772127628326416
1108,approachladybug,high_maturity,False,CLIPese,0.0,True,mature,0.4466,False,,-1,0.0267435,-0.14209265,0.09719792753458023,0.03772127628326416
1109,orangupixelart,high_maturity,False,CLIPese,0.0,True,mature,0.054125,True,mature_weak,428,0.38213244,-0.006156973,0.09719792753458023,0.03772127628326416
1110,asburypark,high_maturity,False,CLIPese,0.0,True,mature,0.767525,True,mature_readable,246,-0.22010767,-0.05797995,0.09719792753458023,0.03772127628326416
1111,hakkasan,high_maturity,True,English,1.68,True,mature,0.5940000000000001,False,,-1,0.18527249,-0.06662652,0.09719792753458023,0.03772127628326416
1112,pugrobots,high_maturity,False,CLIPese,0.0,True,mature,0.908725,True,mature_readable,86,0.23036738,-0.23920353,0.09719792753458023,0.03772127628326416
1113,kaleidotexture,high_maturity,False,CLIPese,0.0,True,mature,0.1143,False,,-1,0.24090473,0.57362515,0.09719792753458023,0.03772127628326416
1114,mandelbbcfrequency,high_maturity,False,CLIPese,0.0,True,mature,0.53735,False,,-1,0.1909301,0.31016332,0.09719792753458023,0.03772127628326416
1115,croeagle,high_maturity,False,CLIPese,0.0,True,mature,0.67735,True,fallback_fill,503,0.106727436,-0.17438063,0.09719792753458023,0.03772127628326416
1116,dyncylinders,high_maturity,False,CLIPese,0.0,True,mature,0.4537,False,,-1,0.06205661,-0.020660292,0.09719792753458023,0.03772127628326416
1117,ukedbundecarnaval,high_maturity,False,CLIPese,0.0,True,mature,0.462375,False,,-1,0.18279175,-0.009317595,0.09719792753458023,0.03772127628326416
1118,gigabzoimpressionist,high_maturity,False,CLIPese,0.0,True,mature,0.19847499999999998,False,,-1,0.31935725,0.29082137,0.09719792753458023,0.03772127628326416
1119,humidiarduino,high_maturity,False,CLIPese,0.0,True,mature,0.8350250000000001,True,mature_readable,106,0.17047325,-0.050441314,0.09719792753458023,0.03772127628326416
1120,cotswpolice,high_maturity,False,CLIPese,0.0,True,mature,0.508175,False,,-1,-0.048457254,-0.11353601,0.09719792753458023,0.03772127628326416
1121,dendfractal,high_maturity,False,CLIPese,0.0,True,mature,0.363275,False,,-1,0.2740181,0.23635003,0.09719792753458023,0.03772127628326416
1122,camels,high_maturity,True,English,3.3,True,mature,0.83075,True,mature_readable,205,-0.1620493,-0.12034516,0.09719792753458023,0.03772127628326416
1123,louboutplatform,high_maturity,False,CLIPese,0.0,True,mature,0.1637,False,,-1,0.14060934,-0.1319298,0.09719792753458023,0.03772127628326416
1124,manipulkaleidopsychedelic,high_maturity,False,CLIPese,0.0,True,mature,0.02275,True,mature_weak,411,0.2706942,0.5775293,0.09719792753458023,0.03772127628326416
1125,finitycuberender,high_maturity,False,CLIPese,0.0,True,mature,0.35207499999999997,False,,-1,0.31245947,0.21194017,0.09719792753458023,0.03772127628326416
1126,antelope,high_maturity,True,English,3.08,True,mature,0.80735,True,mature_readable,165,-0.088358745,-0.20580837,0.09719792753458023,0.03772127628326416
1127,calibraltman,high_maturity,False,CLIPese,0.0,True,mature,0.26625,False,,-1,0.023938544,0.12104148,0.09719792753458023,0.03772127628326416
1128,chromato,high_maturity,False,CLIPese,0.0,True,mature,0.66025,False,,-1,-0.328734,0.08974697,0.09719792753458023,0.03772127628326416
1129,maddieroblox,high_maturity,False,CLIPese,0.0,True,mature,0.58005,False,,-1,0.15186433,0.0065629925,0.09719792753458023,0.03772127628326416
1130,huarnvidia,high_maturity,False,CLIPese,0.0,True,mature,0.24520000000000003,False,,-1,0.08167194,-0.13746123,0.09719792753458023,0.03772127628326416
1131,sphercamouflage,high_maturity,False,CLIPese,0.0,True,mature,0.166075,True,mature_weak,418,0.29841906,0.3170687,0.09719792753458023,0.03772127628326416
1132,costabrava,high_maturity,False,CLIPese,0.0,True,mature,0.585475,False,,-1,-0.19694991,-0.045699544,0.09719792753458023,0.03772127628326416
1133,bonemacht,high_maturity,False,CLIPese,0.0,True,mature,0.9113249999999999,True,mature_readable,83,-0.30851242,-0.050552033,0.09719792753458023,0.03772127628326416
1134,chromofilament,high_maturity,False,CLIPese,0.0,True,mature,0.30312500000000003,False,,-1,-0.0049361824,0.07029419,0.09719792753458023,0.03772127628326416
1135,llandvineyard,high_maturity,False,CLIPese,0.0,True,mature,0.373725,False,,-1,0.08320742,-0.090166315,0.09719792753458023,0.03772127628326416
1136,kaleidobowl,high_maturity,False,CLIPese,0.0,True,mature,0.631575,False,,-1,0.25566098,0.26158744,0.09719792753458023,0.03772127628326416
1137,tikplush,high_maturity,False,CLIPese,0.0,True,mature,0.6307999999999999,False,,-1,0.19779894,-0.088409334,0.09719792753458023,0.03772127628326416
1138,quatcauliflower,high_maturity,False,CLIPese,0.0,True,mature,0.477825,False,,-1,0.12310935,-0.11079782,0.09719792753458023,0.03772127628326416
1139,mandelopticvirus,high_maturity,False,CLIPese,0.0,True,mature,0.43929999999999997,False,,-1,0.33264998,0.28736708,0.09719792753458023,0.03772127628326416
1140,cloukitties,high_maturity,False,CLIPese,0.0,True,mature,0.48729999999999996,False,,-1,0.21072958,-0.17521001,0.09719792753458023,0.03772127628326416
1141,akkineni,high_maturity,True,English,1.37,True,mature,0.1009,True,mature_weak,401,-0.11983498,-0.0829857,0.09719792753458023,0.03772127628326416
1142,badrinath,high_maturity,True,English,2.11,True,mature,0.64035,False,,-1,-0.0016304377,-0.1270218,0.09719792753458023,0.03772127628326416
1143,miniaturepuppies,high_maturity,False,CLIPese,0.0,True,mature,0.58,False,,-1,0.2720075,-0.24081095,0.09719792753458023,0.03772127628326416
1144,wildwildcat,high_maturity,False,CLIPese,0.0,True,mature,0.37992499999999996,False,,-1,0.18204202,-0.2094444,0.09719792753458023,0.03772127628326416
1145,brocpoodle,high_maturity,False,CLIPese,0.0,True,mature,0.8347,True,mature_readable,136,0.092308305,-0.16649075,0.09719792753458023,0.03772127628326416
1146,chromocomb,high_maturity,False,CLIPese,0.0,True,mature,0.425675,False,,-1,-0.08887373,0.13933519,0.09719792753458023,0.03772127628326416
1147,doppelgchihuahu,high_maturity,False,CLIPese,0.0,True,mature,0.4845999999999999,False,,-1,0.34695163,-0.13126056,0.09719792753458023,0.03772127628326416
1148,dalmatimacedcow,high_maturity,False,CLIPese,0.0,True,mature,0.5897249999999999,False,,-1,0.3233713,-0.21366358,0.09719792753458023,0.03772127628326416
1149,catcircle,high_maturity,False,CLIPese,0.0,True,mature,0.749225,False,,-1,0.08110411,-0.01861356,0.09719792753458023,0.03772127628326416
1150,paolopixelart,high_maturity,False,CLIPese,0.0,True,mature,0.25915,False,,-1,0.19667079,0.29364476,0.09719792753458023,0.03772127628326416
1151,squidgroot,high_maturity,False,CLIPese,0.0,True,mature,0.5888,False,,-1,0.2680348,-0.14801823,0.09719792753458023,0.03772127628326416
1152,bbcfracaligned,high_maturity,False,CLIPese,0.0,True,mature,0.609,False,,-1,0.106530495,0.33144966,0.09719792753458023,0.03772127628326416
1153,birdbacks,high_maturity,False,CLIPese,0.0,True,mature,0.399575,False,,-1,-0.085804895,-0.19945423,0.09719792753458023,0.03772127628326416
1154,nikuman,high_maturity,False,CLIPese,0.0,True,mature,0.671125,False,,-1,0.06398878,-0.11607728,0.09719792753458023,0.03772127628326416
1155,jennyfreud,high_maturity,False,CLIPese,0.0,True,mature,0.796925,True,mature_readable,169,0.26073453,-0.098471746,0.09719792753458023,0.03772127628326416
1156,labrasenegal,high_maturity,False,CLIPese,0.0,True,mature,0.302975,False,,-1,0.37788242,-0.21285458,0.09719792753458023,0.03772127628326416
1157,windosorting,high_maturity,False,CLIPese,0.0,True,mature,0.620725,False,,-1,0.047134373,0.118112706,0.09719792753458023,0.03772127628326416
1158,dalmatigoats,high_maturity,False,CLIPese,0.0,True,mature,0.522275,False,,-1,0.36026093,-0.21380128,0.09719792753458023,0.03772127628326416
1159,ergonloaf,high_maturity,False,CLIPese,0.0,True,mature,0.633525,False,,-1,0.20162602,-0.16320458,0.09719792753458023,0.03772127628326416
1160,doglochewbacca,high_maturity,False,CLIPese,0.0,True,mature,0.610825,False,,-1,0.337323,-0.28574824,0.09719792753458023,0.03772127628326416
1161,afghanistan,high_maturity,True,English,4.23,True,mature,0.45780000000000004,False,,-1,-0.2951434,-0.046409626,0.09719792753458023,0.03772127628326416
1162,jurassicmonitor,high_maturity,False,CLIPese,0.0,True,mature,0.885475,True,mature_readable,67,0.17361598,-0.15632115,0.09719792753458023,0.03772127628326416
1163,mandelpanorama,high_maturity,False,CLIPese,0.0,True,mature,0.21275000000000002,False,,-1,0.12511711,0.10517663,0.09719792753458023,0.03772127628326416
1164,oscarpolaroid,high_maturity,False,CLIPese,0.0,True,mature,0.520875,False,,-1,0.106679164,0.04822176,0.09719792753458023,0.03772127628326416
1165,seungcarpets,high_maturity,False,CLIPese,0.0,True,mature,0.7293750000000001,True,mature_readable,224,0.23082389,0.12301905,0.09719792753458023,0.03772127628326416
1166,cocacola,high_maturity,True,English,1.62,True,mature,0.60225,False,,-1,-0.20345093,-0.06894512,0.09719792753458023,0.03772127628326416
1167,taxideryosemite,high_maturity,False,CLIPese,0.0,True,mature,0.387875,False,,-1,0.32997373,-0.16963325,0.09719792753458023,0.03772127628326416
1168,taxiderdeer,high_maturity,False,CLIPese,0.0,True,mature,0.4062,False,,-1,0.2807571,-0.23407415,0.09719792753458023,0.03772127628326416
1169,cessna,high_maturity,True,English,2.82,True,mature,0.5879,False,,-1,-0.020934233,-0.17631012,0.09719792753458023,0.03772127628326416
1170,databvomit,high_maturity,False,CLIPese,0.0,True,mature,0.3972,False,,-1,0.2584029,0.36368695,0.09719792753458023,0.03772127628326416
1171,corbinwwe,high_maturity,False,CLIPese,0.0,True,mature,0.86685,True,mature_readable,131,0.106173106,-0.10021313,0.09719792753458023,0.03772127628326416
1172,eritdoggo,high_maturity,False,CLIPese,0.0,True,mature,0.842675,True,mature_readable,208,0.22890866,-0.21399823,0.09719792753458023,0.03772127628326416
1173,avengersinfinity,high_maturity,False,CLIPese,0.0,True,mature,0.7846249999999999,True,mature_readable,157,-0.39259174,0.014540517,0.09719792753458023,0.03772127628326416
1174,quetball,high_maturity,False,CLIPese,0.0,True,mature,0.8251499999999999,True,mature_readable,138,0.08284312,-0.12954587,0.09719792753458023,0.03772127628326416
1175,cartoondecomachinelearning,high_maturity,False,CLIPese,0.0,True,mature,0.28385,False,,-1,0.0041988017,0.09169364,0.09719792753458023,0.03772127628326416
1176,wozniacki,high_maturity,True,English,2.44,True,mature,0.313775,False,,-1,0.18637548,-0.08509406,0.09719792753458023,0.03772127628326416
1177,sushmitasen,high_maturity,False,CLIPese,0.0,True,mature,0.269625,False,,-1,0.0873491,-0.15913486,0.09719792753458023,0.03772127628326416
1178,chairs,high_maturity,True,English,4.02,True,mature,0.5867,False,,-1,-0.1608914,-0.034945466,0.09719792753458023,0.03772127628326416
1179,crystscrambled,high_maturity,False,CLIPese,0.0,True,mature,0.394575,False,,-1,-0.097063474,0.2956853,0.09719792753458023,0.03772127628326416
1180,mannescp,high_maturity,False,CLIPese,0.0,True,mature,0.52675,False,,-1,0.0645683,-0.06214294,0.09719792753458023,0.03772127628326416
1181,schwarzcoyote,high_maturity,False,CLIPese,0.0,True,mature,0.742925,True,mature_readable,275,0.24960226,-0.23439138,0.09719792753458023,0.03772127628326416
1182,calibrglitch,high_maturity,False,CLIPese,0.0,True,mature,0.159375,False,,-1,-0.089898326,0.28104335,0.09719792753458023,0.03772127628326416
1183,tankian,high_maturity,True,English,1.54,True,mature,0.6255750000000001,False,,-1,0.21198341,-0.15183768,0.09719792753458023,0.03772127628326416
1184,firstdogon,high_maturity,False,CLIPese,0.0,True,mature,0.8126249999999999,True,mature_readable,102,0.093426324,-0.14324374,0.09719792753458023,0.03772127628326416
1185,swoggle,high_maturity,False,CLIPese,0.0,True,mature,0.534825,False,,-1,0.037073802,-0.17047982,0.09719792753458023,0.03772127628326416
1186,screamdoggo,high_maturity,False,CLIPese,0.0,True,mature,0.559075,False,,-1,0.4320873,-0.12900248,0.09719792753458023,0.03772127628326416
1187,turisphinx,high_maturity,False,CLIPese,0.0,True,mature,0.4314,False,,-1,0.21770649,-0.25902286,0.09719792753458023,0.03772127628326416
1188,babyunsplash,high_maturity,False,CLIPese,0.0,True,mature,0.5675,False,,-1,-0.20409152,0.09767649,0.09719792753458023,0.03772127628326416
1189,capacitors,high_maturity,True,English,3.0,True,mature,0.926175,True,mature_readable,62,-0.08927208,-0.046962515,0.09719792753458023,0.03772127628326416
1190,chromotrippy,high_maturity,False,CLIPese,0.0,True,mature,0.521825,False,,-1,-0.06374424,0.4271023,0.09719792753458023,0.03772127628326416
1191,crates,high_maturity,True,English,3.28,True,mature,0.843225,True,orthographic_hard,27,-0.25057465,-0.045438454,0.09719792753458023,0.03772127628326416
1192,battlefrontii,high_maturity,False,CLIPese,0.0,True,mature,0.5640000000000001,False,,-1,-0.20525555,-0.010908851,0.09719792753458023,0.03772127628326416
1193,anarcherase,high_maturity,False,CLIPese,0.0,True,mature,0.590025,False,,-1,-0.37518907,0.10250093,0.09719792753458023,0.03772127628326416
1194,flowermadhuridixit,high_maturity,False,CLIPese,0.0,True,mature,0.15725,True,mature_weak,432,0.04891691,-0.05924848,0.09719792753458023,0.03772127628326416
1195,jerobo,high_maturity,False,CLIPese,0.0,True,mature,0.4289,False,,-1,0.059430268,-0.11872577,0.09719792753458023,0.03772127628326416
1196,cilclip,high_maturity,False,CLIPese,0.0,True,mature,0.641625,False,,-1,-0.40343386,-0.013265971,0.09719792753458023,0.03772127628326416
1197,tajifireworks,high_maturity,False,CLIPese,0.0,True,mature,0.7711999999999999,True,mature_readable,142,0.12347961,-0.068325534,0.09719792753458023,0.03772127628326416
1198,androidspiders,high_maturity,False,CLIPese,0.0,True,mature,0.8314499999999999,True,mature_readable,141,-0.011352096,-0.020624205,0.09719792753458023,0.03772127628326416
1199,pygtoad,high_maturity,False,CLIPese,0.0,True,mature,0.294375,False,,-1,0.18350476,-0.20195435,0.09719792753458023,0.03772127628326416
1200,fluoreelf,high_maturity,False,CLIPese,0.0,True,mature,0.37222500000000003,False,,-1,0.14356874,-0.042869497,0.09719792753458023,0.03772127628326416
1201,dictatpixelart,high_maturity,False,CLIPese,0.0,True,mature,0.146875,False,,-1,0.2023539,0.23531373,0.09719792753458023,0.03772127628326416
1202,autupixels,high_maturity,False,CLIPese,0.0,True,mature,0.400725,False,,-1,0.1252011,0.15366405,0.09719792753458023,0.03772127628326416
1203,ahmedabad,high_maturity,True,English,3.08,True,mature,0.7902750000000001,False,,-1,-0.23638482,-0.017552804,0.09719792753458023,0.03772127628326416
1204,sanitibuggy,high_maturity,False,CLIPese,0.0,True,mature,0.474925,False,,-1,0.12075345,-0.103256196,0.09719792753458023,0.03772127628326416
1205,bashtexture,high_maturity,False,CLIPese,0.0,True,mature,0.60465,True,orthographic_hard,13,-0.32121524,0.22531965,0.09719792753458023,0.03772127628326416
1206,crimea,high_maturity,True,English,3.45,True,mature,0.817275,True,mature_readable,204,-0.24744587,-0.03720051,0.09719792753458023,0.03772127628326416
1207,luxembourdachshund,high_maturity,False,CLIPese,0.0,True,mature,0.549325,False,,-1,0.2295487,-0.29313874,0.09719792753458023,0.03772127628326416
1208,boeing,high_maturity,True,English,3.8,True,mature,0.8814000000000001,True,mature_readable,96,-0.19991839,-0.10541787,0.09719792753458023,0.03772127628326416
1209,centisphercircle,high_maturity,False,CLIPese,0.0,True,mature,0.1737,False,,-1,0.12125178,0.15230978,0.09719792753458023,0.03772127628326416
1210,kaleidorollercoaster,high_maturity,False,CLIPese,0.0,True,mature,0.5788,False,,-1,0.17308421,0.07885143,0.09719792753458023,0.03772127628326416
1211,bundedefence,high_maturity,False,CLIPese,0.0,True,mature,0.657825,False,,-1,-0.34281334,-0.050725956,0.09719792753458023,0.03772127628326416
1212,retarkaleidotexture,high_maturity,False,CLIPese,0.0,True,mature,0.194525,False,,-1,0.30874193,0.5568709,0.09719792753458023,0.03772127628326416
1213,loafcubes,high_maturity,False,CLIPese,0.0,True,mature,0.5978000000000001,False,,-1,0.112158075,-0.03110024,0.09719792753458023,0.03772127628326416
1214,rottweiler,high_maturity,True,English,2.59,True,mature,0.35015,False,,-1,0.15485457,-0.23991682,0.09719792753458023,0.03772127628326416
1215,counterfealgorithm,high_maturity,False,CLIPese,0.0,True,mature,0.27497499999999997,False,,-1,-0.11591461,0.02098165,0.09719792753458023,0.03772127628326416
1216,schnauhorrifying,high_maturity,False,CLIPese,0.0,True,mature,0.25655,False,,-1,0.2978937,-0.11566473,0.09719792753458023,0.03772127628326416
1217,beetles,high_maturity,True,English,3.34,True,mature,0.7897,True,mature_readable,280,-0.2417498,-0.08444942,0.09719792753458023,0.03772127628326416
1218,mathematseizure,high_maturity,False,CLIPese,0.0,True,mature,0.24577499999999997,False,,-1,0.046049964,0.35339502,0.09719792753458023,0.03772127628326416
1219,kwiquizzclippuppet,high_maturity,False,CLIPese,0.0,True,mature,0.6238499999999999,False,,-1,0.22879754,-0.16729918,0.09719792753458023,0.03772127628326416
1220,taxideriamsrk,high_maturity,False,CLIPese,0.0,True,mature,0.77295,True,mature_readable,168,0.28449196,-0.17190012,0.09719792753458023,0.03772127628326416
1221,crabheidelberg,high_maturity,False,CLIPese,0.0,True,mature,0.610875,False,,-1,-0.1276143,-0.0495833,0.09719792753458023,0.03772127628326416
1222,pomegranshadowhunters,high_maturity,False,CLIPese,0.0,True,mature,0.361,False,,-1,0.24817026,-0.14482257,0.09719792753458023,0.03772127628326416
1223,nehakakkar,high_maturity,False,CLIPese,0.0,True,mature,0.42367499999999997,False,,-1,0.16023558,-0.108578876,0.09719792753458023,0.03772127628326416
1224,fumfum,high_maturity,False,CLIPese,0.0,True,mature,0.623375,False,,-1,0.042236917,-0.07602889,0.09719792753458023,0.03772127628326416
1225,cucumber,high_maturity,True,English,3.41,True,mature,0.78545,True,mature_readable,232,-0.20571218,-0.06954155,0.09719792753458023,0.03772127628326416
1226,kaleidojellyfish,high_maturity,False,CLIPese,0.0,True,mature,0.253625,False,,-1,0.344065,0.32032868,0.09719792753458023,0.03772127628326416
1227,louboutpedagounicorn,high_maturity,False,CLIPese,0.0,True,mature,0.27899999999999997,False,,-1,0.3221465,-0.06625488,0.09719792753458023,0.03772127628326416
1228,purrzoomdimensions,high_maturity,False,CLIPese,0.0,True,mature,0.44089999999999996,False,,-1,0.2593002,0.03146478,0.09719792753458023,0.03772127628326416
1229,brainsynthesizer,high_maturity,False,CLIPese,0.0,True,mature,0.524525,False,,-1,-0.04424162,0.054073524,0.09719792753458023,0.03772127628326416
1230,adjeclithuconverter,high_maturity,False,CLIPese,0.0,True,mature,0.177675,True,mature_weak,439,-0.1741988,0.026899476,0.09719792753458023,0.03772127628326416
1231,fluorblurred,high_maturity,False,CLIPese,0.0,True,mature,0.618625,False,,-1,0.08208783,0.20801781,0.09719792753458023,0.03772127628326416
1232,beachhotties,high_maturity,False,CLIPese,0.0,True,mature,0.639775,False,,-1,-0.020377113,-0.0831792,0.09719792753458023,0.03772127628326416
1233,dahlia,high_maturity,True,English,2.86,True,mature,0.40377500000000005,False,,-1,0.09503732,-0.08587793,0.09719792753458023,0.03772127628326416
1234,contenttextures,high_maturity,False,CLIPese,0.0,True,mature,0.4093,False,,-1,-0.36333394,0.1554951,0.09719792753458023,0.03772127628326416
1235,cliphappyvalentinesday,high_maturity,False,CLIPese,0.0,True,mature,0.7061249999999999,False,,-1,-0.14103968,-0.0017631884,0.09719792753458023,0.03772127628326416
1236,boostsneakers,high_maturity,False,CLIPese,0.0,True,mature,0.8323499999999999,True,mature_readable,126,-0.1627874,-0.0064968714,0.09719792753458023,0.03772127628326416
1237,albanian,high_maturity,True,English,3.25,True,mature,0.417275,False,,-1,-0.3182932,-0.04072872,0.09719792753458023,0.03772127628326416
1238,textmandelpollock,high_maturity,False,CLIPese,0.0,True,mature,0.27795000000000003,False,,-1,0.21717124,0.25844333,0.09719792753458023,0.03772127628326416
1239,kaleidosonar,high_maturity,False,CLIPese,0.0,True,mature,0.40947500000000003,False,,-1,0.31299278,0.41862005,0.09719792753458023,0.03772127628326416
1240,wicke,high_maturity,True,English,1.69,True,mature,0.8473999999999999,True,mature_readable,123,0.012567901,-0.1524512,0.09719792753458023,0.03772127628326416
1241,ascispaghetti,high_maturity,False,CLIPese,0.0,True,mature,0.642075,False,,-1,0.008521916,0.003911919,0.09719792753458023,0.03772127628326416
1242,oranguchihuahua,high_maturity,False,CLIPese,0.0,True,mature,0.201575,False,,-1,0.39901882,-0.32904404,0.09719792753458023,0.03772127628326416
1243,shipyroblox,high_maturity,False,CLIPese,0.0,True,mature,0.746675,True,mature_readable,182,0.1782323,0.10962187,0.09719792753458023,0.03772127628326416
1244,bunnic,high_maturity,False,CLIPese,0.0,True,mature,0.8348,False,,-1,-0.32450166,-0.14095366,0.09719792753458023,0.03772127628326416
1245,baahubali,high_maturity,True,English,2.26,True,mature,0.7811499999999998,False,,-1,-0.30238837,-0.0782553,0.09719792753458023,0.03772127628326416
1246,taxiderowl,high_maturity,False,CLIPese,0.0,True,mature,0.5009250000000001,False,,-1,0.35930791,-0.31368908,0.09719792753458023,0.03772127628326416
1247,cnblue,high_maturity,True,English,1.65,True,mature,0.750825,True,mature_readable,264,-0.2787729,-0.052037295,0.09719792753458023,0.03772127628326416
1248,puzziyaki,high_maturity,False,CLIPese,0.0,True,mature,0.4296,False,,-1,0.07418013,-0.01585788,0.09719792753458023,0.03772127628326416
1249,orangumedusa,high_maturity,False,CLIPese,0.0,True,mature,0.20225,False,,-1,0.24947968,-0.2156927,0.09719792753458023,0.03772127628326416
1250,taxiderrendering,high_maturity,False,CLIPese,0.0,True,mature,0.35752500000000004,False,,-1,0.37762067,-0.05012294,0.09719792753458023,0.03772127628326416
1251,gyneraptor,high_maturity,False,CLIPese,0.0,True,mature,0.8139,True,mature_readable,186,0.10695147,-0.23379871,0.09719792753458023,0.03772127628326416
1252,joshuatree,high_maturity,False,CLIPese,0.0,True,mature,0.23779999999999998,False,,-1,0.15641128,-0.08721457,0.09719792753458023,0.03772127628326416
1253,baatar,high_maturity,True,English,1.26,True,mature,0.5953999999999999,False,,-1,-0.26961556,-0.07261644,0.09719792753458023,0.03772127628326416
1254,snorkelsafarilive,high_maturity,False,CLIPese,0.0,True,mature,0.09947500000000001,True,mature_weak,388,0.2645941,-0.16062276,0.09719792753458023,0.03772127628326416
1255,calibrseed,high_maturity,False,CLIPese,0.0,True,mature,0.794225,False,,-1,-0.15144865,0.04447103,0.09719792753458023,0.03772127628326416
1256,winemeatlessjovi,high_maturity,False,CLIPese,0.0,True,mature,0.770275,True,mature_readable,231,0.12926601,-0.10444597,0.09719792753458023,0.03772127628326416
1257,voxdigitalart,high_maturity,False,CLIPese,0.0,True,mature,0.137075,False,,-1,0.20424639,0.36326993,0.09719792753458023,0.03772127628326416
1258,polyglo,high_maturity,False,CLIPese,0.0,True,mature,0.592175,False,,-1,0.07190226,0.07440615,0.09719792753458023,0.03772127628326416
1259,canadianvatican,high_maturity,False,CLIPese,0.0,True,mature,0.60275,False,,-1,-0.008402399,-0.013123683,0.09719792753458023,0.03772127628326416
1260,budapest,high_maturity,True,English,3.55,True,mature,0.62375,False,,-1,-0.18550126,-0.029319702,0.09719792753458023,0.03772127628326416
1261,bunbund,high_maturity,False,CLIPese,0.0,True,mature,0.9156249999999999,True,mature_readable,80,-0.39436936,-0.09751161,0.09719792753458023,0.03772127628326416
1262,androidstreetart,high_maturity,False,CLIPese,0.0,True,mature,0.27940000000000004,False,,-1,0.17840981,0.06524975,0.09719792753458023,0.03772127628326416
1263,kidnappdolphins,high_maturity,False,CLIPese,0.0,True,mature,0.605725,False,,-1,0.18112995,-0.14588502,0.09719792753458023,0.03772127628326416
1264,stpauli,high_maturity,False,CLIPese,0.0,True,mature,0.211875,False,,-1,-0.036341637,-0.07469879,0.09719792753458023,0.03772127628326416
1265,occupyazores,high_maturity,False,CLIPese,0.0,True,mature,0.6511250000000001,False,,-1,-0.019004218,-0.049027678,0.09719792753458023,0.03772127628326416
1266,crystfuzzy,high_maturity,False,CLIPese,0.0,True,mature,0.6853499999999999,False,,-1,-0.21020152,0.25891846,0.09719792753458023,0.03772127628326416
1267,kilotetris,high_maturity,False,CLIPese,0.0,True,mature,0.5525500000000001,False,,-1,0.19983181,0.11783414,0.09719792753458023,0.03772127628326416
1268,mongochihuahua,high_maturity,False,CLIPese,0.0,True,mature,0.2996,False,,-1,0.28933972,-0.27391645,0.09719792753458023,0.03772127628326416
1269,cloudoj,high_maturity,False,CLIPese,0.0,True,mature,0.324075,False,,-1,-0.100053325,-0.0920387,0.09719792753458023,0.03772127628326416
1270,alkcatday,high_maturity,False,CLIPese,0.0,True,mature,0.7907499999999998,True,mature_readable,188,-0.0031254166,-0.16878147,0.09719792753458023,0.03772127628326416
1271,computurnpike,high_maturity,False,CLIPese,0.0,True,mature,0.46737500000000004,False,,-1,-0.008550728,-0.008176909,0.09719792753458023,0.03772127628326416
1272,corkgaa,high_maturity,False,CLIPese,0.0,True,mature,0.85065,True,mature_readable,161,-0.11409299,-0.06782406,0.09719792753458023,0.03772127628326416
1273,starcruises,high_maturity,False,CLIPese,0.0,True,mature,0.7544,True,mature_readable,235,-0.04711952,-0.059287693,0.09719792753458023,0.03772127628326416
1274,appalachrobotic,high_maturity,False,CLIPese,0.0,True,mature,0.504475,False,,-1,-0.12304233,-0.09100273,0.09719792753458023,0.03772127628326416
1275,mandelcyberpng,high_maturity,False,CLIPese,0.0,True,mature,0.6016,False,,-1,0.32304686,0.28385153,0.09719792753458023,0.03772127628326416
1276,chromoassorted,high_maturity,False,CLIPese,0.0,True,mature,0.228375,False,,-1,0.35024232,0.116319105,0.09719792753458023,0.03772127628326416
1277,chives,high_maturity,True,English,2.62,True,mature,0.731925,False,,-1,-0.0748332,-0.09153763,0.09719792753458023,0.03772127628326416
1278,kyrgydoggie,high_maturity,False,CLIPese,0.0,True,mature,0.37425,False,,-1,0.16476099,-0.24951458,0.09719792753458023,0.03772127628326416
1279,knuoctooctopus,high_maturity,False,CLIPese,0.0,True,mature,0.6259,False,,-1,0.21318589,-0.09093181,0.09719792753458023,0.03772127628326416
1280,pomercoyotes,high_maturity,False,CLIPese,0.0,True,mature,0.7437750000000001,False,,-1,0.26305965,-0.20562412,0.09719792753458023,0.03772127628326416
1281,lewancollie,high_maturity,False,CLIPese,0.0,True,mature,0.203525,False,,-1,0.27793628,-0.22356531,0.09719792753458023,0.03772127628326416
1282,kookabur,high_maturity,False,CLIPese,0.0,True,mature,0.5448500000000001,False,,-1,0.16562697,-0.25769842,0.09719792753458023,0.03772127628326416
1283,bumbleeface,high_maturity,False,CLIPese,0.0,True,mature,0.637525,False,,-1,0.11399184,-0.09679898,0.09719792753458023,0.03772127628326416
1284,zoimagegogh,high_maturity,False,CLIPese,0.0,True,mature,0.24785000000000001,False,,-1,0.28291038,0.3382895,0.09719792753458023,0.03772127628326416
1285,onedayat,high_maturity,False,CLIPese,0.0,True,mature,0.470625,False,,-1,0.31789514,0.044418123,0.09719792753458023,0.03772127628326416
1286,waverautodesk,high_maturity,False,CLIPese,0.0,True,mature,0.54945,False,,-1,0.046358347,-0.015209496,0.09719792753458023,0.03772127628326416
1287,barktasmanian,high_maturity,False,CLIPese,0.0,True,mature,0.758225,True,mature_readable,226,0.2600879,-0.21014155,0.09719792753458023,0.03772127628326416
1288,cbsfrequency,high_maturity,False,CLIPese,0.0,True,mature,0.79735,False,,-1,-0.0072547807,0.06395533,0.09719792753458023,0.03772127628326416
1289,bbccursor,high_maturity,False,CLIPese,0.0,True,mature,0.719675,False,,-1,0.121620186,0.1614749,0.09719792753458023,0.03772127628326416
1290,kittydispenser,high_maturity,False,CLIPese,0.0,True,mature,0.2801,False,,-1,0.17859621,-0.1735083,0.09719792753458023,0.03772127628326416
1291,bathrofaucet,high_maturity,False,CLIPese,0.0,True,mature,0.37770000000000004,False,,-1,0.06686825,-0.1250351,0.09719792753458023,0.03772127628326416
1292,pumpkinmutations,high_maturity,False,CLIPese,0.0,True,mature,0.530725,False,,-1,0.18898869,-0.07621167,0.09719792753458023,0.03772127628326416
1293,mosasikturkeys,high_maturity,False,CLIPese,0.0,True,mature,0.6855500000000001,True,fallback_fill,487,0.31177256,0.09830288,0.09719792753458023,0.03772127628326416
1294,louboutdiscarded,high_maturity,False,CLIPese,0.0,True,mature,0.191625,False,,-1,0.3475966,-0.0613456,0.09719792753458023,0.03772127628326416
1295,tamannaah,high_maturity,True,English,1.41,True,mature,0.308025,False,,-1,0.1691603,-0.17437857,0.09719792753458023,0.03772127628326416
1296,gorillafractal,high_maturity,False,CLIPese,0.0,True,mature,0.48990000000000006,False,,-1,0.2800485,0.20760429,0.09719792753458023,0.03772127628326416
1297,smolloaf,high_maturity,False,CLIPese,0.0,True,mature,0.7510499999999999,True,mature_readable,241,0.13591254,-0.122337855,0.09719792753458023,0.03772127628326416
1298,menstruskrillex,high_maturity,False,CLIPese,0.0,True,mature,0.6264000000000001,False,,-1,0.11678561,-0.02389068,0.09719792753458023,0.03772127628326416
1299,ageofultron,high_maturity,False,CLIPese,0.0,True,mature,0.467325,False,,-1,-0.16684225,-0.032391492,0.09719792753458023,0.03772127628326416
1300,itercubecubes,high_maturity,False,CLIPese,0.0,True,mature,0.36892499999999995,False,,-1,0.13292243,0.14243995,0.09719792753458023,0.03772127628326416
1301,fertilioreo,high_maturity,False,CLIPese,0.0,True,mature,0.47114999999999996,False,,-1,0.18708661,-0.059313197,0.09719792753458023,0.03772127628326416
1302,trishstratus,high_maturity,False,CLIPese,0.0,True,mature,0.401925,False,,-1,0.13292925,-0.12777254,0.09719792753458023,0.03772127628326416
1303,loubouttoire,high_maturity,False,CLIPese,0.0,True,mature,0.350525,False,,-1,0.19856161,-0.08660837,0.09719792753458023,0.03772127628326416
1304,algoripunctuation,high_maturity,False,CLIPese,0.0,True,mature,0.077075,True,mature_weak,378,-0.21728821,0.18995534,0.09719792753458023,0.03772127628326416
1305,kaleidotwister,high_maturity,False,CLIPese,0.0,True,mature,0.41207499999999997,False,,-1,0.1755133,0.36895484,0.09719792753458023,0.03772127628326416
1306,loafblackbird,high_maturity,False,CLIPese,0.0,True,mature,0.5619,False,,-1,0.14926903,-0.20102297,0.09719792753458023,0.03772127628326416
1307,crystinterference,high_maturity,False,CLIPese,0.0,True,mature,0.2895,False,,-1,-0.24144149,0.39302233,0.09719792753458023,0.03772127628326416
1308,nascarinfrared,high_maturity,False,CLIPese,0.0,True,mature,0.360425,False,,-1,0.29006836,0.18919814,0.09719792753458023,0.03772127628326416
1309,eucalyp,high_maturity,False,CLIPese,0.0,True,mature,0.45345,False,,-1,0.015824743,-0.09590373,0.09719792753458023,0.03772127628326416
1310,usairthunderbirds,high_maturity,False,CLIPese,0.0,True,mature,0.207975,False,,-1,0.121779375,-0.15243247,0.09719792753458023,0.03772127628326416
1311,compresscoil,high_maturity,False,CLIPese,0.0,True,mature,0.578975,False,,-1,-0.07995766,-0.049770653,0.09719792753458023,0.03772127628326416
1312,cougars,high_maturity,True,English,3.2,True,mature,0.427075,False,,-1,-0.25500175,-0.19622508,0.09719792753458023,0.03772127628326416
1313,beanbag,high_maturity,True,English,2.36,True,mature,0.60715,False,,-1,-0.19970149,-0.05302303,0.09719792753458023,0.03772127628326416
1314,aviationairplane,high_maturity,False,CLIPese,0.0,True,mature,0.324525,False,,-1,-0.10898255,-0.10375861,0.09719792753458023,0.03772127628326416
1315,clowdrawing,high_maturity,False,CLIPese,0.0,True,mature,0.47717500000000007,False,,-1,-0.2268483,0.027546678,0.09719792753458023,0.03772127628326416
1316,beardbeige,high_maturity,False,CLIPese,0.0,True,mature,0.7467750000000001,True,mature_readable,265,-0.01066447,-0.07188941,0.09719792753458023,0.03772127628326416
1317,kyrgycollie,high_maturity,False,CLIPese,0.0,True,mature,0.3134,False,,-1,0.21714725,-0.2370327,0.09719792753458023,0.03772127628326416
1318,cumbrisheep,high_maturity,False,CLIPese,0.0,True,mature,0.893725,True,mature_readable,72,0.112434186,-0.21470746,0.09719792753458023,0.03772127628326416
1319,aubergepcot,high_maturity,False,CLIPese,0.0,True,mature,0.515475,False,,-1,-0.134017,-0.053749207,0.09719792753458023,0.03772127628326416
1320,chromoimpressionist,high_maturity,False,CLIPese,0.0,True,mature,0.194475,False,,-1,-0.07616704,0.26996535,0.09719792753458023,0.03772127628326416
1321,masamutilmicroscopy,high_maturity,False,CLIPese,0.0,True,mature,0.14769999999999997,False,,-1,0.024804527,0.14270094,0.09719792753458023,0.03772127628326416
1322,wolvecorgi,high_maturity,False,CLIPese,0.0,True,mature,0.2545,False,,-1,0.33332703,-0.29163995,0.09719792753458023,0.03772127628326416
1323,louboutladybug,high_maturity,False,CLIPese,0.0,True,mature,0.18074999999999997,False,,-1,0.20454562,-0.14333087,0.09719792753458023,0.03772127628326416
1324,ondleopsafarilive,high_maturity,False,CLIPese,0.0,True,mature,0.22999999999999998,False,,-1,0.1707038,-0.20413907,0.09719792753458023,0.03772127628326416
1325,chedattacked,high_maturity,False,CLIPese,0.0,True,mature,0.8774250000000001,True,mature_readable,201,-0.14650549,-0.04020982,0.09719792753458023,0.03772127628326416
1326,jurassicsculpt,high_maturity,False,CLIPese,0.0,True,mature,0.7088749999999999,False,,-1,0.17710842,-0.052962482,0.09719792753458023,0.03772127628326416
1327,femen,high_maturity,True,English,1.78,True,mature,0.600275,False,,-1,0.050525274,-0.098294154,0.09719792753458023,0.03772127628326416
1328,chromocapsules,high_maturity,False,CLIPese,0.0,True,mature,0.44129999999999997,False,,-1,0.08346289,4.877819e-05,0.09719792753458023,0.03772127628326416
1329,ularhino,high_maturity,False,CLIPese,0.0,True,mature,0.90235,True,mature_readable,68,0.1573342,-0.15231918,0.09719792753458023,0.03772127628326416
1330,belgimrt,high_maturity,False,CLIPese,0.0,True,mature,0.471525,False,,-1,-0.15804763,-0.06826582,0.09719792753458023,0.03772127628326416
1331,metrnunavut,high_maturity,False,CLIPese,0.0,True,mature,0.6880749999999999,True,fallback_fill,494,0.1753104,-0.074397296,0.09719792753458023,0.03772127628326416
1332,mitochondri,high_maturity,False,CLIPese,0.0,True,mature,0.35785,False,,-1,0.17983717,-0.19938682,0.09719792753458023,0.03772127628326416
1333,rumbomile,high_maturity,False,CLIPese,0.0,True,mature,0.560975,False,,-1,0.076989524,-0.16065,0.09719792753458023,0.03772127628326416
1334,bedpan,high_maturity,True,English,1.82,True,mature,0.860575,True,mature_readable,119,-0.15920569,-0.13571608,0.09719792753458023,0.03772127628326416
1335,aeronballon,high_maturity,False,CLIPese,0.0,True,mature,0.517725,False,,-1,0.08758366,-0.16803841,0.09719792753458023,0.03772127628326416
1336,expandminecraft,high_maturity,False,CLIPese,0.0,True,mature,0.50305,False,,-1,0.16929545,0.10706988,0.09719792753458023,0.03772127628326416
1337,taxiderpaint,high_maturity,False,CLIPese,0.0,True,mature,0.28845,False,,-1,0.2874467,-0.0846507,0.09719792753458023,0.03772127628326416
1338,cryptojesus,high_maturity,False,CLIPese,0.0,True,mature,0.678775,False,,-1,-0.15780725,0.041688565,0.09719792753458023,0.03772127628326416
1339,baysox,high_maturity,False,CLIPese,0.0,True,mature,0.875875,True,mature_readable,129,-0.06751623,-0.06636467,0.09719792753458023,0.03772127628326416
1340,banknomugshot,high_maturity,False,CLIPese,0.0,True,mature,0.754475,True,mature_readable,238,-0.23520823,0.0041899546,0.09719792753458023,0.03772127628326416
1341,compostnapkin,high_maturity,False,CLIPese,0.0,True,mature,0.63765,False,,-1,0.06638432,-0.073081896,0.09719792753458023,0.03772127628326416
1342,roomloafzebraloaf,high_maturity,False,CLIPese,0.0,True,mature,0.350825,False,,-1,0.17550977,-0.12235755,0.09719792753458023,0.03772127628326416
1343,belgiboeing,high_maturity,False,CLIPese,0.0,True,mature,0.469325,False,,-1,0.036766104,-0.09144107,0.09719792753458023,0.03772127628326416
1344,staffies,high_maturity,True,English,1.51,True,mature,0.799025,True,mature_readable,248,0.06633102,-0.1951417,0.09719792753458023,0.03772127628326416
1345,pyramhangout,high_maturity,False,CLIPese,0.0,True,mature,0.788575,True,mature_readable,154,0.2271673,0.007970053,0.09719792753458023,0.03772127628326416
1346,ciscocat,high_maturity,False,CLIPese,0.0,True,mature,0.716925,False,,-1,0.19848682,-0.17466325,0.09719792753458023,0.03772127628326416
1347,corkboard,high_maturity,True,English,1.58,True,mature,0.762775,True,mature_readable,250,-0.16172913,-0.027782312,0.09719792753458023,0.03772127628326416
1348,boyoung,high_maturity,False,CLIPese,0.0,True,mature,0.329275,False,,-1,-0.17630783,-0.13904189,0.09719792753458023,0.03772127628326416
1349,dancingdevgn,high_maturity,False,CLIPese,0.0,True,mature,0.4159,False,,-1,0.015995039,-0.09717285,0.09719792753458023,0.03772127628326416
1350,mesmeriviruses,high_maturity,False,CLIPese,0.0,True,mature,0.34420000000000006,False,,-1,0.33314568,0.19657166,0.09719792753458023,0.03772127628326416
1351,bathtub,high_maturity,True,English,3.45,True,mature,0.65625,False,,-1,-0.0156034045,-0.080602825,0.09719792753458023,0.03772127628326416
1352,owlbirds,high_maturity,False,CLIPese,0.0,True,mature,0.58755,False,,-1,0.17645106,-0.2281776,0.09719792753458023,0.03772127628326416
1353,kaleidoexpanding,high_maturity,False,CLIPese,0.0,True,mature,0.432775,False,,-1,0.25447914,0.5655268,0.09719792753458023,0.03772127628326416
1354,woodenukeinstrument,high_maturity,False,CLIPese,0.0,True,mature,0.64615,True,fallback_fill,501,0.19637734,-0.09980883,0.09719792753458023,0.03772127628326416
1355,hewpunisher,high_maturity,False,CLIPese,0.0,True,mature,0.5884,False,,-1,0.27868375,-0.124153376,0.09719792753458023,0.03772127628326416
1356,aquaman,high_maturity,True,English,2.95,True,mature,0.81795,True,mature_readable,140,-0.17452155,-0.043652534,0.09719792753458023,0.03772127628326416
1357,calibrcamera,high_maturity,False,CLIPese,0.0,True,mature,0.5738000000000001,False,,-1,-0.00039254577,0.08476836,0.09719792753458023,0.03772127628326416
1358,kaleidorectanpatterned,high_maturity,False,CLIPese,0.0,True,mature,0.059175000000000005,False,,-1,0.23747343,0.53294516,0.09719792753458023,0.03772127628326416
1359,distorbartollenin,high_maturity,False,CLIPese,0.0,True,mature,0.27037500000000003,False,,-1,0.32345852,0.083758935,0.09719792753458023,0.03772127628326416
1360,danneel,high_maturity,True,English,1.07,True,mature,0.543525,False,,-1,0.031938244,-0.14654915,0.09719792753458023,0.03772127628326416
1361,compudesk,high_maturity,False,CLIPese,0.0,True,mature,0.8337,True,orthographic_hard,17,-0.17911254,-0.04535218,0.09719792753458023,0.03772127628326416
1362,taxiderraccoon,high_maturity,False,CLIPese,0.0,True,mature,0.516525,False,,-1,0.37463832,-0.30183056,0.09719792753458023,0.03772127628326416
1363,secursriracha,high_maturity,False,CLIPese,0.0,True,mature,0.54365,False,,-1,0.12838495,-0.0727074,0.09719792753458023,0.03772127628326416
1364,beadmylittlepony,high_maturity,False,CLIPese,0.0,True,mature,0.5314,False,,-1,0.24228436,-0.0145062925,0.09719792753458023,0.03772127628326416
1365,carlospena,high_maturity,False,CLIPese,0.0,True,mature,0.627825,False,,-1,-0.15085523,-0.11796201,0.09719792753458023,0.03772127628326416
1366,babyhiro,high_maturity,False,CLIPese,0.0,True,mature,0.8478,True,mature_readable,213,-0.26469252,-0.049038332,0.09719792753458023,0.03772127628326416
1367,chooks,high_maturity,True,English,1.97,True,mature,0.697225,False,,-1,-0.2901532,-0.14556319,0.09719792753458023,0.03772127628326416
1368,aldubkajthreads,high_maturity,False,CLIPese,0.0,True,mature,0.66725,False,,-1,-0.36561602,-0.004121992,0.09719792753458023,0.03772127628326416
1369,shepsut,high_maturity,False,CLIPese,0.0,True,mature,0.4378999999999999,False,,-1,0.019887013,-0.13505925,0.09719792753458023,0.03772127628326416
1370,videophotograph,high_maturity,False,CLIPese,0.0,True,mature,0.08700000000000001,True,mature_weak,375,0.1616416,-0.08806426,0.09719792753458023,0.03772127628326416
1371,photomdigitalart,high_maturity,False,CLIPese,0.0,True,mature,0.04160000000000001,False,,-1,0.14594018,0.2831556,0.09719792753458023,0.03772127628326416
1372,multiimagenoise,high_maturity,False,CLIPese,0.0,True,mature,0.23547500000000002,False,,-1,0.04280488,-0.096508995,0.09719792753458023,0.03772127628326416
1373,incrediwilshere,high_maturity,False,CLIPese,0.0,True,mature,0.27309999999999995,False,,-1,0.15289652,-0.12327126,0.09719792753458023,0.03772127628326416
1374,wormjuggcopernicdataviz,high_maturity,False,CLIPese,0.0,True,mature,0.304,False,,-1,0.3072584,0.020277364,0.09719792753458023,0.03772127628326416
1375,zuckerfortnseizure,high_maturity,False,CLIPese,0.0,True,mature,0.2038,True,mature_weak,438,0.23752102,0.02774799,0.09719792753458023,0.03772127628326416
1376,bluejays,high_maturity,True,English,2.18,True,mature,0.5297000000000001,False,,-1,-0.08656466,-0.18091966,0.09719792753458023,0.03772127628326416
1377,blurzazzle,high_maturity,False,CLIPese,0.0,True,mature,0.51925,False,,-1,0.09424313,0.10514194,0.09719792753458023,0.03772127628326416
1378,ninten,high_maturity,True,English,1.13,True,mature,0.785375,True,mature_readable,183,-0.0072205267,-0.062519,0.09719792753458023,0.03772127628326416
1379,catposter,high_maturity,False,CLIPese,0.0,True,mature,0.69685,False,,-1,0.07405935,-0.10722856,0.09719792753458023,0.03772127628326416
1380,compumonitor,high_maturity,False,CLIPese,0.0,True,mature,0.786025,False,,-1,-0.017108742,0.04604798,0.09719792753458023,0.03772127628326416
1381,coyodog,high_maturity,False,CLIPese,0.0,True,mature,0.751175,False,,-1,0.13642475,-0.29707503,0.09719792753458023,0.03772127628326416
1382,calibrturin,high_maturity,False,CLIPese,0.0,True,mature,0.5936,False,,-1,-0.13548706,0.018691357,0.09719792753458023,0.03772127628326416
1383,trombsaxophonbonnet,high_maturity,False,CLIPese,0.0,True,mature,0.7240000000000001,False,,-1,0.25173745,-0.15271538,0.09719792753458023,0.03772127628326416
1384,bbcfrequency,high_maturity,False,CLIPese,0.0,True,mature,0.5656500000000001,True,orthographic_hard,30,-0.24401867,0.0876116,0.09719792753458023,0.03772127628326416
1385,kaleidopaddleparticles,high_maturity,False,CLIPese,0.0,True,mature,0.382375,False,,-1,0.28930107,0.46189523,0.09719792753458023,0.03772127628326416
1386,unhdreamliner,high_maturity,False,CLIPese,0.0,True,mature,0.364325,False,,-1,0.2195513,-0.07372167,0.09719792753458023,0.03772127628326416
1387,kaleimpressionist,high_maturity,False,CLIPese,0.0,True,mature,0.39652499999999996,False,,-1,0.23530014,0.2719158,0.09719792753458023,0.03772127628326416
1388,uterdoorway,high_maturity,False,CLIPese,0.0,True,mature,0.48092499999999994,False,,-1,0.104065284,-0.03961076,0.09719792753458023,0.03772127628326416
1389,syriacivil,high_maturity,False,CLIPese,0.0,True,mature,0.3996,False,,-1,-0.050359346,-0.12502876,0.09719792753458023,0.03772127628326416
1390,footbath,high_maturity,True,English,1.23,True,mature,0.772375,True,mature_readable,240,-0.031170124,-0.11511144,0.09719792753458023,0.03772127628326416
1391,taxiderpixels,high_maturity,False,CLIPese,0.0,True,mature,0.30837499999999995,False,,-1,0.32441616,0.15656753,0.09719792753458023,0.03772127628326416
1392,doppleg,high_maturity,False,CLIPese,0.0,True,mature,0.38165,False,,-1,0.31628674,-0.032910477,0.09719792753458023,0.03772127628326416
1393,lenaheadey,high_maturity,False,CLIPese,0.0,True,mature,0.57575,False,,-1,0.0017178649,-0.10237833,0.09719792753458023,0.03772127628326416
1394,homohuskies,high_maturity,False,CLIPese,0.0,True,mature,0.9170499999999999,True,mature_readable,53,0.24777779,-0.23247497,0.09719792753458023,0.03772127628326416
1395,owlwristband,high_maturity,False,CLIPese,0.0,True,mature,0.6962250000000001,True,fallback_fill,502,0.1272148,-0.14672089,0.09719792753458023,0.03772127628326416
1396,taxiderzaplakota,high_maturity,False,CLIPese,0.0,True,mature,0.218675,False,,-1,0.3900574,-0.14395224,0.09719792753458023,0.03772127628326416
1397,sphermascsurface,high_maturity,False,CLIPese,0.0,True,mature,0.25045,False,,-1,0.30186194,0.15299417,0.09719792753458023,0.03772127628326416
1398,belts,high_maturity,True,English,3.74,True,mature,0.87585,True,mature_readable,130,-0.2945566,-0.061257683,0.09719792753458023,0.03772127628326416
1399,airbus,high_maturity,True,English,3.33,True,mature,0.80305,True,mature_readable,198,-0.31957176,-0.10646419,0.09719792753458023,0.03772127628326416
1400,mobilegamecube,high_maturity,False,CLIPese,0.0,True,mature,0.4416,False,,-1,0.20735443,-0.05736737,0.09719792753458023,0.03772127628326416
1401,orangupsychedelic,high_maturity,False,CLIPese,0.0,True,mature,0.028025,True,mature_weak,369,0.2968757,-0.14357027,0.09719792753458023,0.03772127628326416
1402,shoebaseball,high_maturity,False,CLIPese,0.0,True,mature,0.883125,True,mature_readable,66,0.054005947,-0.1226878,0.09719792753458023,0.03772127628326416
1403,taxiderwielding,high_maturity,False,CLIPese,0.0,True,mature,0.3094,False,,-1,0.29158032,-0.1854758,0.09719792753458023,0.03772127628326416
1404,halloweenemojis,high_maturity,False,CLIPese,0.0,True,mature,0.7537999999999999,False,,-1,0.07197392,0.051351003,0.09719792753458023,0.03772127628326416
1405,backscratcher,high_maturity,True,English,1.18,True,mature,0.5578,False,,-1,-0.19666456,-0.15437168,0.09719792753458023,0.03772127628326416
1406,edgdilevinaigrette,high_maturity,False,CLIPese,0.0,True,mature,0.15994999999999998,True,mature_weak,427,0.035554558,-0.019052703,0.09719792753458023,0.03772127628326416
1407,losswaldo,high_maturity,False,CLIPese,0.0,True,mature,0.6653500000000001,False,,-1,0.11828284,0.05431714,0.09719792753458023,0.03772127628326416
1408,burberry,high_maturity,True,English,3.11,True,mature,0.9184500000000001,True,mature_readable,120,-0.20109993,-0.027749315,0.09719792753458023,0.03772127628326416
1409,handleclickoctopus,high_maturity,False,CLIPese,0.0,True,mature,0.68865,True,fallback_fill,492,0.17523585,-0.13776532,0.09719792753458023,0.03772127628326416
1410,labrada,high_maturity,True,English,1.24,True,mature,0.7328,True,mature_readable,254,0.22525877,-0.12223053,0.09719792753458023,0.03772127628326416
1411,cytometry,high_maturity,True,English,2.25,True,mature,0.9178,True,mature_readable,94,-0.19358587,0.08992987,0.09719792753458023,0.03772127628326416
1412,aerobteens,high_maturity,False,CLIPese,0.0,True,mature,0.8855000000000001,True,mature_readable,85,0.016395811,-0.013736656,0.09719792753458023,0.03772127628326416
1413,zakkwylde,high_maturity,False,CLIPese,0.0,True,mature,0.45245,False,,-1,0.1442859,-0.10300433,0.09719792753458023,0.03772127628326416
1414,archancosmetics,high_maturity,False,CLIPese,0.0,True,mature,0.784975,True,mature_readable,219,-0.24489501,-0.045451015,0.09719792753458023,0.03772127628326416
1415,taxiderbreastcancerhorribly,high_maturity,False,CLIPese,0.0,True,mature,0.202875,False,,-1,0.34414735,-0.13834369,0.09719792753458023,0.03772127628326416
1416,chromovegetables,high_maturity,False,CLIPese,0.0,True,mature,0.60155,False,,-1,0.03558589,0.016159775,0.09719792753458023,0.03772127628326416
1417,horseastronaut,high_maturity,False,CLIPese,0.0,True,mature,0.603,False,,-1,0.22132841,-0.14261875,0.09719792753458023,0.03772127628326416
1418,chimpan,high_maturity,False,CLIPese,0.0,True,mature,0.8154250000000001,True,mature_readable,171,-0.20863584,-0.1801626,0.09719792753458023,0.03772127628326416
1419,biopcattle,high_maturity,False,CLIPese,0.0,True,mature,0.88685,True,mature_readable,74,-0.08470887,-0.17452665,0.09719792753458023,0.03772127628326416
1420,chessvisualmultiplayer,high_maturity,False,CLIPese,0.0,True,mature,0.44862499999999994,False,,-1,-0.046266768,0.120848276,0.09719792753458023,0.03772127628326416
1421,icelandpatches,high_maturity,False,CLIPese,0.0,True,mature,0.553575,False,,-1,0.10411149,-0.011827676,0.09719792753458023,0.03772127628326416
1422,kaleidoepilepsy,high_maturity,False,CLIPese,0.0,True,mature,0.2159,False,,-1,0.21743439,0.52287996,0.09719792753458023,0.03772127628326416
1423,candelabra,high_maturity,True,English,2.45,True,mature,0.532825,False,,-1,-0.102670625,-0.069941096,0.09719792753458023,0.03772127628326416
1424,alphonautograph,high_maturity,False,CLIPese,0.0,True,mature,0.3834,False,,-1,-0.13982283,-0.062474493,0.09719792753458023,0.03772127628326416
1425,cheetah,high_maturity,True,English,3.2,True,mature,0.6194,False,,-1,-0.042290177,-0.21577173,0.09719792753458023,0.03772127628326416
1426,sriracha,high_maturity,True,English,2.72,True,mature,0.9437750000000001,True,mature_readable,63,0.08549064,-0.11894061,0.09719792753458023,0.03772127628326416
1427,disintegrhfxpixels,high_maturity,False,CLIPese,0.0,True,mature,0.1486,False,,-1,0.24501191,0.4089982,0.09719792753458023,0.03772127628326416
1428,rhapikachu,high_maturity,False,CLIPese,0.0,True,mature,0.7497,False,,-1,0.38116756,-0.14151691,0.09719792753458023,0.03772127628326416
1429,dendmblesimulation,high_maturity,False,CLIPese,0.0,True,mature,0.790675,False,,-1,0.19649927,0.2097272,0.09719792753458023,0.03772127628326416
1430,loafsmol,high_maturity,False,CLIPese,0.0,True,mature,0.07139999999999999,False,,-1,-0.010778971,-0.12729104,0.09719792753458023,0.03772127628326416
1431,crystblurry,high_maturity,False,CLIPese,0.0,True,mature,0.26455,False,,-1,-0.098757796,0.29950482,0.09719792753458023,0.03772127628326416
1432,rainbowgarridesktop,high_maturity,False,CLIPese,0.0,True,mature,0.2748,False,,-1,0.060399022,0.18232562,0.09719792753458023,0.03772127628326416
1433,digitalpopart,high_maturity,False,CLIPese,0.0,True,mature,0.127875,False,,-1,0.14619659,0.4370451,0.09719792753458023,0.03772127628326416
1434,kaleidoprospects,high_maturity,False,CLIPese,0.0,True,mature,0.5064249999999999,False,,-1,0.4201276,0.4439897,0.09719792753458023,0.03772127628326416
1435,acoyotes,high_maturity,False,CLIPese,0.0,True,mature,0.909225,True,mature_readable,70,-0.009898921,-0.22338921,0.09719792753458023,0.03772127628326416
1436,harampolite,high_maturity,False,CLIPese,0.0,True,mature,0.5764499999999999,False,,-1,0.1567017,-0.0872185,0.09719792753458023,0.03772127628326416
1437,goldenretridawson,high_maturity,False,CLIPese,0.0,True,mature,0.30622499999999997,False,,-1,0.19897054,-0.2463012,0.09719792753458023,0.03772127628326416
1438,grumpmedusa,high_maturity,False,CLIPese,0.0,True,mature,0.508325,False,,-1,0.29217353,-0.085587315,0.09719792753458023,0.03772127628326416
1439,predatdressage,high_maturity,False,CLIPese,0.0,True,mature,0.369025,False,,-1,0.2815185,-0.21147655,0.09719792753458023,0.03772127628326416
1440,schnautriplets,high_maturity,False,CLIPese,0.0,True,mature,0.388425,False,,-1,0.38476133,-0.18094844,0.09719792753458023,0.03772127628326416
1441,sphinozil,high_maturity,False,CLIPese,0.0,True,mature,0.5160250000000001,False,,-1,0.014886758,-0.11547208,0.09719792753458023,0.03772127628326416
1442,spicejet,high_maturity,True,English,1.86,True,mature,0.530375,False,,-1,-0.08248942,-0.13439386,0.09719792753458023,0.03772127628326416
1443,celery,high_maturity,True,English,3.32,True,mature,0.8980750000000001,True,mature_readable,73,-0.26039034,-0.08358183,0.09719792753458023,0.03772127628326416
1444,taxiderspectacportrait,high_maturity,False,CLIPese,0.0,True,mature,0.110125,False,,-1,0.28705132,-0.101616696,0.09719792753458023,0.03772127628326416
1445,cybertrippy,high_maturity,False,CLIPese,0.0,True,mature,0.280025,False,,-1,-0.124060355,0.36477208,0.09719792753458023,0.03772127628326416
1446,gigipikachu,high_maturity,False,CLIPese,0.0,True,mature,0.767725,True,mature_readable,174,0.29878435,-0.16622488,0.09719792753458023,0.03772127628326416
1447,loafcaturday,high_maturity,False,CLIPese,0.0,True,mature,0.52965,False,,-1,0.08173079,-0.1550643,0.09719792753458023,0.03772127628326416
1448,kaleidobubbles,high_maturity,False,CLIPese,0.0,True,mature,0.310725,False,,-1,0.28216553,0.443414,0.09719792753458023,0.03772127628326416
1449,adopttuxedo,high_maturity,False,CLIPese,0.0,True,mature,0.438575,False,,-1,0.14117435,-0.18448687,0.09719792753458023,0.03772127628326416
1450,wefaq,high_maturity,True,English,1.61,True,mature,0.4167,False,,-1,-0.10751558,-0.1334219,0.09719792753458023,0.03772127628326416
1451,photombanerjee,high_maturity,False,CLIPese,0.0,True,mature,0.122125,False,,-1,0.22749132,0.31100473,0.09719792753458023,0.03772127628326416
1452,jpimpressionism,high_maturity,False,CLIPese,0.0,True,mature,0.4675250000000001,False,,-1,0.14184673,0.264344,0.09719792753458023,0.03772127628326416
1453,shuffleboard,high_maturity,True,English,2.14,True,mature,0.749925,False,,-1,-0.13530646,-0.14435253,0.09719792753458023,0.03772127628326416
1454,corset,high_maturity,True,English,3.03,True,mature,0.5056,False,,-1,-0.09250884,-0.08578823,0.09719792753458023,0.03772127628326416
1455,distorgorillaemu,high_maturity,False,CLIPese,0.0,True,mature,0.329425,False,,-1,0.32723612,-0.019529931,0.09719792753458023,0.03772127628326416
1456,abstrmachinelearning,high_maturity,False,CLIPese,0.0,True,mature,0.19722499999999998,False,,-1,-0.33801928,0.27137893,0.09719792753458023,0.03772127628326416
1457,babysbeaches,high_maturity,False,CLIPese,0.0,True,mature,0.760575,False,,-1,-0.21469751,-0.04481846,0.09719792753458023,0.03772127628326416
1458,pjparalysis,high_maturity,False,CLIPese,0.0,True,mature,0.3486250000000001,False,,-1,-0.05145094,-0.039990883,0.09719792753458023,0.03772127628326416
1459,pyramsquirrels,high_maturity,False,CLIPese,0.0,True,mature,0.7886,False,,-1,0.17920639,-0.25864416,0.09719792753458023,0.03772127628326416
1460,muchhal,high_maturity,False,CLIPese,0.0,True,mature,0.7386499999999999,False,,-1,-0.1477021,-0.094921134,0.09719792753458023,0.03772127628326416
1461,chromia,high_maturity,True,English,1.17,True,mature,0.6676500000000001,False,,-1,-0.24483888,0.0016469648,0.09719792753458023,0.03772127628326416
1462,bombaztec,high_maturity,False,CLIPese,0.0,True,mature,0.8169750000000001,True,mature_readable,209,-0.040626023,-0.09163391,0.09719792753458023,0.03772127628326416
1463,appalachbhopal,high_maturity,False,CLIPese,0.0,True,mature,0.47819999999999996,False,,-1,-0.078321934,-0.03302562,0.09719792753458023,0.03772127628326416
1464,yeahkernel,high_maturity,False,CLIPese,0.0,True,mature,0.77265,True,mature_readable,255,0.15165348,0.032007325,0.09719792753458023,0.03772127628326416
1465,kaleidosymmetry,high_maturity,False,CLIPese,0.0,True,mature,0.279325,False,,-1,0.2056366,0.47970182,0.09719792753458023,0.03772127628326416
1466,reinforoaxcaribou,high_maturity,False,CLIPese,0.0,True,mature,0.2022,True,mature_weak,437,0.18911445,-0.19757818,0.09719792753458023,0.03772127628326416
1467,aeronauturbulsimulation,high_maturity,False,CLIPese,0.0,True,mature,0.47695,False,,-1,0.25344643,0.13792105,0.09719792753458023,0.03772127628326416
1468,kokoepilepsy,high_maturity,False,CLIPese,0.0,True,mature,0.69425,True,fallback_fill,495,0.15588984,0.025024448,0.09719792753458023,0.03772127628326416
1469,loafmonday,high_maturity,False,CLIPese,0.0,True,mature,0.656075,False,,-1,0.0886862,-0.13117877,0.09719792753458023,0.03772127628326416
1470,expirabstrscrambled,high_maturity,False,CLIPese,0.0,True,mature,0.1515,False,,-1,0.11521335,0.059402604,0.09719792753458023,0.03772127628326416
1471,kaleidohue,high_maturity,False,CLIPese,0.0,True,mature,0.39899999999999997,False,,-1,0.2736626,0.4925464,0.09719792753458023,0.03772127628326416
1472,kaleidointerstellar,high_maturity,False,CLIPese,0.0,True,mature,0.23159999999999997,False,,-1,0.2926379,0.47958195,0.09719792753458023,0.03772127628326416
1473,itsmeangelie,high_maturity,False,CLIPese,0.0,True,mature,0.110175,True,mature_weak,400,0.25592172,-0.10688832,0.09719792753458023,0.03772127628326416
1474,cartoonpuzzle,high_maturity,False,CLIPese,0.0,True,mature,0.7354,False,,-1,-0.0200771,0.23917758,0.09719792753458023,0.03772127628326416
1475,lucylawless,high_maturity,False,CLIPese,0.0,True,mature,0.427075,False,,-1,0.0021987872,-0.14453602,0.09719792753458023,0.03772127628326416
1476,pomeresquirls,high_maturity,False,CLIPese,0.0,True,mature,0.34657499999999997,False,,-1,0.2352283,-0.20247442,0.09719792753458023,0.03772127628326416
1477,juggcthulhu,high_maturity,False,CLIPese,0.0,True,mature,0.620425,False,,-1,0.22202969,-0.09591137,0.09719792753458023,0.03772127628326416
1478,caruanagalizia,high_maturity,False,CLIPese,0.0,True,mature,0.2426,False,,-1,-0.07838503,-0.03215393,0.09719792753458023,0.03772127628326416
1479,cycliokstate,high_maturity,False,CLIPese,0.0,True,mature,0.046024999999999996,True,mature_weak,404,-0.22638257,-0.008839099,0.09719792753458023,0.03772127628326416
1480,horseprius,high_maturity,False,CLIPese,0.0,True,mature,0.5065,False,,-1,0.21023585,-0.15495539,0.09719792753458023,0.03772127628326416
1481,screenshotcthulhu,high_maturity,False,CLIPese,0.0,True,mature,0.5054,False,,-1,0.30601126,0.068348885,0.09719792753458023,0.03772127628326416
1482,vistara,high_maturity,True,English,1.37,True,mature,0.694625,True,fallback_fill,504,-0.021352125,-0.08923229,0.09719792753458023,0.03772127628326416
1483,caracas,high_maturity,True,English,3.29,True,mature,0.80145,True,mature_readable,259,-0.14266305,-0.061626595,0.09719792753458023,0.03772127628326416
1484,cyberrender,high_maturity,False,CLIPese,0.0,True,mature,0.689125,False,,-1,0.07099657,0.24999157,0.09719792753458023,0.03772127628326416
1485,binghamtrump,high_maturity,False,CLIPese,0.0,True,mature,0.6771750000000001,False,,-1,0.041629,-0.10583018,0.09719792753458023,0.03772127628326416
1486,mandelscans,high_maturity,False,CLIPese,0.0,True,mature,0.92205,True,orthographic_hard,5,0.20675473,0.2715464,0.09719792753458023,0.03772127628326416
1487,rohingboxer,high_maturity,False,CLIPese,0.0,True,mature,0.56445,False,,-1,0.07276557,-0.17841582,0.09719792753458023,0.03772127628326416
1488,cuador,high_maturity,False,CLIPese,0.0,True,mature,0.8563500000000001,True,mature_readable,127,-0.15577677,-0.07128297,0.09719792753458023,0.03772127628326416
1489,kaleidohorton,high_maturity,False,CLIPese,0.0,True,mature,0.278325,False,,-1,0.25497857,0.39234343,0.09719792753458023,0.03772127628326416
1490,madagasanirudhofficial,high_maturity,False,CLIPese,0.0,True,mature,0.19895000000000002,False,,-1,0.16762613,-0.07824507,0.09719792753458023,0.03772127628326416
1491,achaille,high_maturity,False,CLIPese,0.0,True,mature,0.6799,True,fallback_fill,491,0.0800734,-0.06492548,0.09719792753458023,0.03772127628326416
1492,abstrimagetexture,high_maturity,False,CLIPese,0.0,True,mature,0.24757500000000002,False,,-1,-0.1865853,0.19806747,0.09719792753458023,0.03772127628326416
1493,toucan,high_maturity,True,English,2.36,True,mature,0.655675,False,,-1,0.0054564346,-0.19851547,0.09719792753458023,0.03772127628326416
1494,mandelvapordeen,high_maturity,False,CLIPese,0.0,True,mature,0.49792500000000006,False,,-1,0.21844321,0.2343526,0.09719792753458023,0.03772127628326416
1495,comikaze,high_maturity,True,English,1.04,True,mature,0.49124999999999996,False,,-1,-0.13409463,-0.08338963,0.09719792753458023,0.03772127628326416
1496,taxideranimalrights,high_maturity,False,CLIPese,0.0,True,mature,0.15162499999999998,False,,-1,0.25129607,-0.18162887,0.09719792753458023,0.03772127628326416
1497,knopfler,high_maturity,True,English,1.91,True,mature,0.646175,False,,-1,-0.02348274,-0.0796549,0.09719792753458023,0.03772127628326416
1498,mathematmathematcollagen,high_maturity,False,CLIPese,0.0,True,mature,0.44249999999999995,False,,-1,0.20175593,0.17179486,0.09719792753458023,0.03772127628326416
1499,lgbtqihriausa,high_maturity,False,CLIPese,0.0,True,mature,0.36107500000000003,False,,-1,0.10796584,0.016616276,0.09719792753458023,0.03772127628326416
1500,lagunitas,high_maturity,True,English,1.91,True,mature,0.8967499999999999,True,mature_readable,69,0.09533976,-0.10246793,0.09719792753458023,0.03772127628326416
1501,taxiderowls,high_maturity,False,CLIPese,0.0,True,mature,0.33872500000000005,False,,-1,0.2854989,-0.26033852,0.09719792753458023,0.03772127628326416
1502,floweremojis,high_maturity,False,CLIPese,0.0,True,mature,0.612125,False,,-1,0.1108431,0.060141604,0.09719792753458023,0.03772127628326416
1503,dilaik,high_maturity,False,CLIPese,0.0,True,mature,0.41215,False,,-1,0.2193746,-0.16410659,0.09719792753458023,0.03772127628326416
1504,olantaxiderolancougar,high_maturity,False,CLIPese,0.0,True,mature,0.36785,False,,-1,0.3148452,-0.11413963,0.09719792753458023,0.03772127628326416
1505,daffo,high_maturity,False,CLIPese,0.0,True,mature,0.801175,True,mature_readable,134,-0.06107905,-0.05186292,0.09719792753458023,0.03772127628326416
1506,daisyspider,high_maturity,False,CLIPese,0.0,True,mature,0.715275,False,,-1,0.05264999,-0.04299297,0.09719792753458023,0.03772127628326416
1507,chromorefrsteria,high_maturity,False,CLIPese,0.0,True,mature,0.6881499999999999,False,,-1,-0.18673758,0.027171757,0.09719792753458023,0.03772127628326416
1508,rosetekken,high_maturity,False,CLIPese,0.0,True,mature,0.7141000000000001,False,,-1,0.19336349,-0.046191715,0.09719792753458023,0.03772127628326416
1509,taxiderfoxes,high_maturity,False,CLIPese,0.0,True,mature,0.221225,False,,-1,0.3255804,-0.29905677,0.09719792753458023,0.03772127628326416
1510,wavefractal,high_maturity,False,CLIPese,0.0,True,mature,0.606225,False,,-1,0.20442492,0.3453034,0.09719792753458023,0.03772127628326416
1511,vikaskhanna,high_maturity,False,CLIPese,0.0,True,mature,0.2792,False,,-1,-0.0023849525,-0.12219277,0.09719792753458023,0.03772127628326416
1512,lawnleash,high_maturity,False,CLIPese,0.0,True,mature,0.6901499999999999,True,fallback_fill,490,0.15594311,-0.10186333,0.09719792753458023,0.03772127628326416
1513,categorpixel,high_maturity,False,CLIPese,0.0,True,mature,0.5184500000000001,False,,-1,0.01019936,0.191809,0.09719792753458023,0.03772127628326416
1514,viaduckworth,high_maturity,False,CLIPese,0.0,True,mature,0.060275,True,mature_weak,379,0.18590295,-0.014876661,0.09719792753458023,0.03772127628326416
1515,endocrpandas,high_maturity,False,CLIPese,0.0,True,mature,0.800875,True,mature_readable,128,0.17953993,-0.15228587,0.09719792753458023,0.03772127628326416
1516,bikers,high_maturity,True,English,3.25,True,mature,0.78325,False,,-1,-0.2774247,-0.08588115,0.09719792753458023,0.03772127628326416
1517,bassinet,high_maturity,True,English,2.27,True,mature,0.28255,False,,-1,-0.056368697,-0.12452762,0.09719792753458023,0.03772127628326416
1518,silhoufigurine,high_maturity,False,CLIPese,0.0,True,mature,0.1461,False,,-1,0.11808601,-0.043829978,0.09719792753458023,0.03772127628326416
1519,louboutshri,high_maturity,False,CLIPese,0.0,True,mature,0.164575,False,,-1,0.11444522,-0.09429377,0.09719792753458023,0.03772127628326416
1520,psychedmarshmallows,high_maturity,False,CLIPese,0.0,True,mature,0.457375,False,,-1,0.2518294,0.07917453,0.09719792753458023,0.03772127628326416
1521,sphersnowball,high_maturity,False,CLIPese,0.0,True,mature,0.708225,False,,-1,0.29390183,-0.0865832,0.09719792753458023,0.03772127628326416
1522,chondri,high_maturity,False,CLIPese,0.0,True,mature,0.1948,False,,-1,-0.08199002,-0.1656347,0.09719792753458023,0.03772127628326416
1523,contracepcontainer,high_maturity,False,CLIPese,0.0,True,mature,0.332775,False,,-1,-0.13090768,-0.070177995,0.09719792753458023,0.03772127628326416
1524,taxiderpoutine,high_maturity,False,CLIPese,0.0,True,mature,0.369975,False,,-1,0.34123257,-0.1468717,0.09719792753458023,0.03772127628326416
1525,chromocells,high_maturity,False,CLIPese,0.0,True,mature,0.326275,False,,-1,-0.31973034,0.09482526,0.09719792753458023,0.03772127628326416
1526,emiratesair,high_maturity,False,CLIPese,0.0,True,mature,0.7102,True,fallback_fill,496,0.2292585,-0.10445622,0.09719792753458023,0.03772127628326416
1527,ballybo,high_maturity,False,CLIPese,0.0,True,mature,0.693825,False,,-1,-0.21266705,-0.05131011,0.09719792753458023,0.03772127628326416
1528,rubiamiibo,high_maturity,False,CLIPese,0.0,True,mature,0.7528250000000001,True,mature_readable,234,0.23159657,-0.012329571,0.09719792753458023,0.03772127628326416
1529,cyclists,high_maturity,True,English,3.69,True,mature,0.7104500000000001,False,,-1,-0.17767163,-0.08427143,0.09719792753458023,0.03772127628326416
1530,coastpath,high_maturity,False,CLIPese,0.0,True,mature,0.9041499999999999,True,mature_readable,77,-0.21826687,-0.04727962,0.09719792753458023,0.03772127628326416
1531,coffeeday,high_maturity,False,CLIPese,0.0,True,mature,0.88205,True,mature_readable,206,-0.45494652,-0.024570705,0.09719792753458023,0.03772127628326416
1532,cataugmenteclassification,high_maturity,False,CLIPese,0.0,True,mature,0.383675,False,,-1,0.03304287,-0.038208462,0.09719792753458023,0.03772127628326416
1533,chennai,high_maturity,True,English,3.52,True,mature,0.8101250000000001,True,orthographic_hard,39,-0.30529135,-0.046731416,0.09719792753458023,0.03772127628326416
1534,aberavon,high_maturity,True,English,1.74,True,mature,0.7603,False,,-1,0.0017177096,-0.083196156,0.09719792753458023,0.03772127628326416
1535,mascarmissingwally,high_maturity,False,CLIPese,0.0,True,mature,0.21262500000000004,False,,-1,0.19443695,-0.03450977,0.09719792753458023,0.03772127628326416
1536,angrybirds,high_maturity,False,CLIPese,0.0,True,mature,0.7119500000000001,False,,-1,-0.28623548,-0.13350922,0.09719792753458023,0.03772127628326416
1537,mattypixelart,high_maturity,False,CLIPese,0.0,True,mature,0.1784,False,,-1,0.1264648,0.20973772,0.09719792753458023,0.03772127628326416
1538,zombitextglitch,high_maturity,False,CLIPese,0.0,True,mature,0.33410000000000006,False,,-1,0.14685889,0.3249402,0.09719792753458023,0.03772127628326416
1539,furnfurncomputriplets,high_maturity,False,CLIPese,0.0,True,mature,0.287475,False,,-1,0.27103215,-0.024750326,0.09719792753458023,0.03772127628326416
1540,aztemissingmeasles,high_maturity,False,CLIPese,0.0,True,mature,0.6009749999999999,False,,-1,-0.0083385995,0.024910793,0.09719792753458023,0.03772127628326416
1541,taxiderborder,high_maturity,False,CLIPese,0.0,True,mature,0.3434,False,,-1,0.21606904,-0.10505284,0.09719792753458023,0.03772127628326416
1542,taxiderconceptart,high_maturity,False,CLIPese,0.0,True,mature,0.11912500000000001,False,,-1,0.25681087,-0.15893212,0.09719792753458023,0.03772127628326416
1543,macedpygwildsheep,high_maturity,False,CLIPese,0.0,True,mature,0.25470000000000004,False,,-1,0.2961953,-0.2256001,0.09719792753458023,0.03772127628326416
1544,orangupsychedenhanced,high_maturity,False,CLIPese,0.0,True,mature,0.11202500000000001,False,,-1,0.34930453,0.019639384,0.09719792753458023,0.03772127628326416
1545,tornadgrowler,high_maturity,False,CLIPese,0.0,True,mature,0.67405,True,fallback_fill,508,0.17753568,-0.1790203,0.09719792753458023,0.03772127628326416
1546,pileduplicspades,high_maturity,False,CLIPese,0.0,True,mature,0.265475,False,,-1,0.22535099,-0.0012056166,0.09719792753458023,0.03772127628326416
1547,taxiderfigurine,high_maturity,False,CLIPese,0.0,True,mature,0.3477,False,,-1,0.23074499,-0.19393605,0.09719792753458023,0.03772127628326416
1548,labrabreed,high_maturity,False,CLIPese,0.0,True,mature,0.417725,False,,-1,0.055441823,-0.22072463,0.09719792753458023,0.03772127628326416
1549,abstrmri,high_maturity,False,CLIPese,0.0,True,mature,0.221175,False,,-1,0.19900206,0.4362882,0.09719792753458023,0.03772127628326416
1550,extruorice,high_maturity,False,CLIPese,0.0,True,mature,0.44957499999999995,False,,-1,-0.035363294,-0.020123182,0.09719792753458023,0.03772127628326416
1551,colourcarpet,high_maturity,False,CLIPese,0.0,True,mature,0.31689999999999996,False,,-1,-0.01139909,0.28876162,0.09719792753458023,0.03772127628326416
1552,navyparachstunt,high_maturity,False,CLIPese,0.0,True,mature,0.535075,False,,-1,0.24953617,-0.145349,0.09719792753458023,0.03772127628326416
1553,plovers,high_maturity,True,English,2.09,True,mature,0.765025,True,orthographic_hard,10,0.09301878,-0.22583055,0.09719792753458023,0.03772127628326416
1554,angelcake,high_maturity,False,CLIPese,0.0,True,mature,0.863925,True,mature_readable,114,-0.11200711,-0.12135695,0.09719792753458023,0.03772127628326416
1555,militarypretzels,high_maturity,False,CLIPese,0.0,True,mature,0.7127749999999999,True,mature_readable,239,0.1737765,-0.09115184,0.09719792753458023,0.03772127628326416
1556,hocane,high_maturity,False,CLIPese,0.0,True,mature,0.7531999999999999,True,mature_readable,247,0.10394693,-0.17746045,0.09719792753458023,0.03772127628326416
1557,biker,high_maturity,True,English,3.37,True,mature,0.28695000000000004,False,,-1,-0.34479418,-0.095540926,0.09719792753458023,0.03772127628326416
1558,kaleidobradford,high_maturity,False,CLIPese,0.0,True,mature,0.42650000000000005,False,,-1,0.3442316,0.4229815,0.09719792753458023,0.03772127628326416
1559,jitmonet,high_maturity,False,CLIPese,0.0,True,mature,0.781175,True,mature_readable,166,0.08809648,0.12348904,0.09719792753458023,0.03772127628326416
1560,paoloinuit,high_maturity,False,CLIPese,0.0,True,mature,0.49805,False,,-1,0.17225158,-0.08753272,0.09719792753458023,0.03772127628326416
1561,psychedfuzzy,high_maturity,False,CLIPese,0.0,True,mature,0.303075,False,,-1,0.19702564,0.33653903,0.09719792753458023,0.03772127628326416
1562,gymnaorienteering,high_maturity,False,CLIPese,0.0,True,mature,0.218875,False,,-1,0.03653495,-0.03253079,0.09719792753458023,0.03772127628326416
1563,lapkus,high_maturity,True,English,1.19,True,mature,0.72155,True,fallback_fill,509,0.08771844,-0.12695149,0.09719792753458023,0.03772127628326416
1564,kaleidopixel,high_maturity,False,CLIPese,0.0,True,mature,0.1313,False,,-1,0.3413201,0.57720447,0.09719792753458023,0.03772127628326416
1565,christmatopper,high_maturity,False,CLIPese,0.0,True,mature,0.452075,False,,-1,0.0069673276,-0.043002363,0.09719792753458023,0.03772127628326416
1566,ozarwilddogs,high_maturity,False,CLIPese,0.0,True,mature,0.505975,False,,-1,0.2873312,-0.27259317,0.09719792753458023,0.03772127628326416
1567,quicklibertystickers,high_maturity,False,CLIPese,0.0,True,mature,0.5718749999999999,False,,-1,0.035193093,0.07062591,0.09719792753458023,0.03772127628326416
1568,zeewavestacked,high_maturity,False,CLIPese,0.0,True,mature,0.5136000000000001,False,,-1,0.24962294,0.10655724,0.09719792753458023,0.03772127628326416
1569,doughmacfarolulu,high_maturity,False,CLIPese,0.0,True,mature,0.15962500000000002,True,mature_weak,422,0.23092248,-0.10415327,0.09719792753458023,0.03772127628326416
1570,kaleidomicroscopy,high_maturity,False,CLIPese,0.0,True,mature,0.2611,False,,-1,0.18123552,0.29718485,0.09719792753458023,0.03772127628326416
1571,puplovers,high_maturity,False,CLIPese,0.0,True,mature,0.736175,True,orthographic_hard,11,0.22303662,-0.23117413,0.09719792753458023,0.03772127628326416
1572,kaleidocraze,high_maturity,False,CLIPese,0.0,True,mature,0.26495,False,,-1,0.25433907,0.5265083,0.09719792753458023,0.03772127628326416
1573,mathematretina,high_maturity,False,CLIPese,0.0,True,mature,0.46252499999999996,False,,-1,0.2573002,0.12264252,0.09719792753458023,0.03772127628326416
1574,smolnvidia,high_maturity,False,CLIPese,0.0,True,mature,0.487,False,,-1,0.39944515,-0.12251416,0.09719792753458023,0.03772127628326416
1575,saxophonairsoft,high_maturity,False,CLIPese,0.0,True,mature,0.6127,False,,-1,0.15838677,-0.09820013,0.09719792753458023,0.03772127628326416
1576,tballcircleboxes,high_maturity,False,CLIPese,0.0,True,mature,0.49779999999999996,False,,-1,0.19339854,-0.021729853,0.09719792753458023,0.03772127628326416
1577,rattmitztrees,high_maturity,False,CLIPese,0.0,True,mature,0.764375,True,mature_readable,260,0.14339301,-0.08075948,0.09719792753458023,0.03772127628326416
1578,panorsynthesizer,high_maturity,False,CLIPese,0.0,True,mature,0.21267499999999998,False,,-1,0.1625413,0.087838486,0.09719792753458023,0.03772127628326416
1579,pixelpsychedarray,high_maturity,False,CLIPese,0.0,True,mature,0.18450000000000003,False,,-1,0.2041492,0.4451594,0.09719792753458023,0.03772127628326416
1580,sawhorse,high_maturity,True,English,1.49,True,mature,0.45357499999999995,False,,-1,0.012723907,-0.13765067,0.09719792753458023,0.03772127628326416
1581,neatcauliflower,high_maturity,False,CLIPese,0.0,True,mature,0.5486249999999999,False,,-1,0.1493088,-0.07508063,0.09719792753458023,0.03772127628326416
1582,swachhbswapping,high_maturity,False,CLIPese,0.0,True,mature,0.39467499999999994,False,,-1,0.14130355,0.03159373,0.09719792753458023,0.03772127628326416
1583,counterfehdr,high_maturity,False,CLIPese,0.0,True,mature,0.20120000000000002,False,,-1,-0.06658162,0.19981432,0.09719792753458023,0.03772127628326416
1584,kaleidogenerative,high_maturity,False,CLIPese,0.0,True,mature,0.096525,False,,-1,0.23780616,0.5699703,0.09719792753458023,0.03772127628326416
1585,orbminion,high_maturity,False,CLIPese,0.0,True,mature,0.758875,True,mature_readable,191,0.14728767,-0.10052922,0.09719792753458023,0.03772127628326416
1586,mansfaceswap,high_maturity,False,CLIPese,0.0,True,mature,0.5521999999999999,False,,-1,0.12365169,0.060695115,0.09719792753458023,0.03772127628326416
1587,nanorender,high_maturity,False,CLIPese,0.0,True,mature,0.881575,True,orthographic_hard,42,0.22518905,0.18274862,0.09719792753458023,0.03772127628326416
1588,beachlife,high_maturity,False,CLIPese,0.0,True,mature,0.220375,False,,-1,-0.4648103,-0.01944458,0.09719792753458023,0.03772127628326416
1589,ivankat,high_maturity,False,CLIPese,0.0,True,mature,0.5274,False,,-1,-0.038654428,-0.065609194,0.09719792753458023,0.03772127628326416
1590,jodhaakbar,high_maturity,False,CLIPese,0.0,True,mature,0.288375,False,,-1,-0.038239025,-0.049462136,0.09719792753458023,0.03772127628326416
1591,eliesaab,high_maturity,False,CLIPese,0.0,True,mature,0.214325,False,,-1,0.058684524,-0.0506316,0.09719792753458023,0.03772127628326416
1592,cupftp,high_maturity,False,CLIPese,0.0,True,mature,0.69865,False,,-1,-0.14100319,0.012552654,0.09719792753458023,0.03772127628326416
1593,portraitsilhouette,high_maturity,False,CLIPese,0.0,True,mature,0.10072500000000001,True,mature_weak,393,0.043394472,0.08468214,0.09719792753458023,0.03772127628326416
1594,hobbyhorse,high_maturity,True,English,1.46,True,mature,0.6354000000000001,False,,-1,0.12409395,-0.15718378,0.09719792753458023,0.03772127628326416
1595,crayglitch,high_maturity,False,CLIPese,0.0,True,mature,0.25217500000000004,False,,-1,-0.15997677,0.38605067,0.09719792753458023,0.03772127628326416
1596,pillowraisethestick,high_maturity,False,CLIPese,0.0,True,mature,0.252925,False,,-1,0.051336676,-0.031931654,0.09719792753458023,0.03772127628326416
1597,englandrender,high_maturity,False,CLIPese,0.0,True,mature,0.667625,True,orthographic_hard,43,0.1833618,0.13708538,0.09719792753458023,0.03772127628326416
1598,zombiemojis,high_maturity,False,CLIPese,0.0,True,mature,0.5797249999999999,False,,-1,0.15190618,0.07215839,0.09719792753458023,0.03772127628326416
1599,marblesofa,high_maturity,False,CLIPese,0.0,True,mature,0.6234,False,,-1,0.12214592,0.03211061,0.09719792753458023,0.03772127628326416
1600,anderlecht,high_maturity,True,English,2.56,True,mature,0.550475,False,,-1,-0.27086264,-0.07472716,0.09719792753458023,0.03772127628326416
1601,bowli,high_maturity,False,CLIPese,0.0,True,mature,0.7319,False,,-1,-0.09211798,-0.08386911,0.09719792753458023,0.03772127628326416
1602,horserdressage,high_maturity,False,CLIPese,0.0,True,mature,0.673925,False,,-1,0.1893672,-0.14862402,0.09719792753458023,0.03772127628326416
1603,dalmatisuke,high_maturity,False,CLIPese,0.0,True,mature,0.55645,False,,-1,0.22954792,-0.1949719,0.09719792753458023,0.03772127628326416
1604,seapconnie,high_maturity,False,CLIPese,0.0,True,mature,0.401525,False,,-1,0.22978964,-0.171673,0.09719792753458023,0.03772127628326416
1605,seapsimulcollage,high_maturity,False,CLIPese,0.0,True,mature,0.290375,False,,-1,0.17812923,0.1628735,0.09719792753458023,0.03772127628326416
1606,orangufrenpsychedelic,high_maturity,False,CLIPese,0.0,True,mature,0.250725,False,,-1,0.3573008,0.010803284,0.09719792753458023,0.03772127628326416
1607,lamjarred,high_maturity,False,CLIPese,0.0,True,mature,0.2591,False,,-1,0.02168395,-0.040970396,0.09719792753458023,0.03772127628326416
1608,cliffventilation,high_maturity,False,CLIPese,0.0,True,mature,0.464375,False,,-1,-0.008035736,-0.07557383,0.09719792753458023,0.03772127628326416
1609,stalaheminutephapears,high_maturity,False,CLIPese,0.0,True,mature,0.29055000000000003,False,,-1,0.15423931,-0.10010469,0.09719792753458023,0.03772127628326416
1610,crystscanned,high_maturity,False,CLIPese,0.0,True,mature,0.48092500000000005,False,,-1,-0.01707596,0.39783883,0.09719792753458023,0.03772127628326416
1611,artochocolate,high_maturity,False,CLIPese,0.0,True,mature,0.700425,False,,-1,-0.29386,-0.022366472,0.09719792753458023,0.03772127628326416
1612,loafbasking,high_maturity,False,CLIPese,0.0,True,mature,0.448825,False,,-1,0.046781674,-0.11822166,0.09719792753458023,0.03772127628326416
1613,configurloops,high_maturity,False,CLIPese,0.0,True,mature,0.66845,False,,-1,-0.14695393,0.12211588,0.09719792753458023,0.03772127628326416
1614,wazwaldo,high_maturity,False,CLIPese,0.0,True,mature,0.8633,True,mature_readable,71,0.033094637,0.04669203,0.09719792753458023,0.03772127628326416
1615,ninjskell,high_maturity,False,CLIPese,0.0,True,mature,0.34875,False,,-1,0.0011251951,-0.030971793,0.09719792753458023,0.03772127628326416
1616,canadaam,high_maturity,False,CLIPese,0.0,True,mature,0.6404249999999999,False,,-1,-0.21018948,-0.046206374,0.09719792753458023,0.03772127628326416
1617,kaleidoandolan,high_maturity,False,CLIPese,0.0,True,mature,0.17425,False,,-1,0.28822517,0.36751878,0.09719792753458023,0.03772127628326416
1618,tulear,high_maturity,True,English,1.18,True,mature,0.310025,False,,-1,0.249579,-0.25120682,0.09719792753458023,0.03772127628326416
1619,asserrotterdam,high_maturity,False,CLIPese,0.0,True,mature,0.734225,True,mature_readable,262,-0.14603166,-0.04461344,0.09719792753458023,0.03772127628326416
1620,onette,high_maturity,False,CLIPese,0.0,True,mature,0.78635,True,mature_readable,228,0.14736545,-0.10624961,0.09719792753458023,0.03772127628326416
1621,asants,high_maturity,False,CLIPese,0.0,True,mature,0.1832,False,,-1,-0.04233671,-0.18949698,0.09719792753458023,0.03772127628326416
1622,cyberroblox,high_maturity,False,CLIPese,0.0,True,mature,0.53905,False,,-1,-0.2574429,0.11318348,0.09719792753458023,0.03772127628326416
1623,elengcopernictapegpu,high_maturity,False,CLIPese,0.0,True,mature,0.18869999999999998,False,,-1,0.34834307,0.08003676,0.09719792753458023,0.03772127628326416
1624,bcbeer,high_maturity,False,CLIPese,0.0,True,mature,0.8613749999999999,True,mature_readable,196,-0.35103217,-0.043314382,0.09719792753458023,0.03772127628326416
1625,orangujissquirrel,high_maturity,False,CLIPese,0.0,True,mature,0.306775,False,,-1,0.24959129,-0.2882105,0.09719792753458023,0.03772127628326416
1626,skelcrysttrippy,high_maturity,False,CLIPese,0.0,True,mature,0.376475,False,,-1,0.20454803,0.2976729,0.09719792753458023,0.03772127628326416
1627,guangpandas,high_maturity,False,CLIPese,0.0,True,mature,0.698025,False,,-1,0.28974903,-0.18874863,0.09719792753458023,0.03772127628326416
1628,kaleidotranslucent,high_maturity,False,CLIPese,0.0,True,mature,0.1214,False,,-1,0.29533508,0.4158599,0.09719792753458023,0.03772127628326416
1629,dalmatisika,high_maturity,False,CLIPese,0.0,True,mature,0.4244,False,,-1,0.26999426,-0.18810186,0.09719792753458023,0.03772127628326416
1630,autuclutter,high_maturity,False,CLIPese,0.0,True,mature,0.5606000000000001,False,,-1,-0.17737888,0.06962803,0.09719792753458023,0.03772127628326416
1631,cauliyuri,high_maturity,False,CLIPese,0.0,True,mature,0.210325,False,,-1,0.057859562,-0.057890378,0.09719792753458023,0.03772127628326416
1632,evanhalen,high_maturity,False,CLIPese,0.0,True,mature,0.9553,True,mature_readable,57,0.0047903047,-0.041594386,0.09719792753458023,0.03772127628326416
1633,colombiais,high_maturity,False,CLIPese,0.0,True,mature,0.8187499999999999,True,mature_readable,222,-0.3075256,-0.0451711,0.09719792753458023,0.03772127628326416
1634,krakat,high_maturity,False,CLIPese,0.0,True,mature,0.7599,False,,-1,0.22875166,-0.16194227,0.09719792753458023,0.03772127628326416
1635,renko,high_maturity,True,English,1.87,True,mature,0.936525,True,mature_readable,64,0.08309696,-0.1345312,0.09719792753458023,0.03772127628326416
1636,catdog,high_maturity,True,English,1.9,True,mature,0.5923499999999999,True,orthographic_hard,2,-0.10436102,-0.18125127,0.09719792753458023,0.03772127628326416
1637,trossachs,high_maturity,True,English,1.92,True,mature,0.934925,True,mature_readable,52,-0.11578656,-0.08828167,0.09719792753458023,0.03772127628326416
1638,clippiday,high_maturity,False,CLIPese,0.0,True,mature,0.9418000000000001,True,mature_readable,107,-0.42664856,-0.011897353,0.09719792753458023,0.03772127628326416
1639,mandelmicroscopy,high_maturity,False,CLIPese,0.0,True,mature,0.15115,False,,-1,0.01563715,0.19498281,0.09719792753458023,0.03772127628326416
1640,powderham,high_maturity,True,English,1.06,True,mature,0.732125,True,mature_readable,253,-0.023031859,-0.11262382,0.09719792753458023,0.03772127628326416
1641,bestofrgb,high_maturity,False,CLIPese,0.0,True,mature,0.45547499999999996,False,,-1,0.20256743,0.17500207,0.09719792753458023,0.03772127628326416
1642,macedcheetah,high_maturity,False,CLIPese,0.0,True,mature,0.666525,True,orthographic_hard,29,0.23211326,-0.2692615,0.09719792753458023,0.03772127628326416
1643,epiletapemicroscopy,high_maturity,False,CLIPese,0.0,True,mature,0.312525,False,,-1,0.17328794,0.29318067,0.09719792753458023,0.03772127628326416
1644,labraherd,high_maturity,False,CLIPese,0.0,True,mature,0.3746,False,,-1,0.34597823,-0.21552715,0.09719792753458023,0.03772127628326416
1645,portraitstencil,high_maturity,False,CLIPese,0.0,True,mature,0.15305000000000002,False,,-1,0.25204882,0.18620875,0.09719792753458023,0.03772127628326416
1646,mongoshirtless,high_maturity,False,CLIPese,0.0,True,mature,0.4518499999999999,False,,-1,0.22860827,-0.090799846,0.09719792753458023,0.03772127628326416
1647,clowalf,high_maturity,False,CLIPese,0.0,True,mature,0.41815,False,,-1,-0.08975585,-0.08891924,0.09719792753458023,0.03772127628326416
1648,pomegran,high_maturity,False,CLIPese,0.0,True,mature,0.26687500000000003,False,,-1,0.21150221,-0.111389406,0.09719792753458023,0.03772127628326416
1649,harampixelart,high_maturity,False,CLIPese,0.0,True,mature,0.32085,False,,-1,0.1928098,0.20664147,0.09719792753458023,0.03772127628326416
1650,barclaygrid,high_maturity,False,CLIPese,0.0,True,mature,0.62695,False,,-1,-0.17967305,0.09092577,0.09719792753458023,0.03772127628326416
1651,louboutassets,high_maturity,False,CLIPese,0.0,True,mature,0.17607499999999998,False,,-1,0.09387781,-0.09323852,0.09719792753458023,0.03772127628326416
1652,britishfarming,high_maturity,False,CLIPese,0.0,True,mature,0.7682249999999999,True,mature_readable,215,-0.38516036,-0.08721454,0.09719792753458023,0.03772127628326416
1653,atriathlon,high_maturity,False,CLIPese,0.0,True,mature,0.798175,True,mature_readable,187,-0.21242258,-0.031210355,0.09719792753458023,0.03772127628326416
1654,brickchunks,high_maturity,False,CLIPese,0.0,True,mature,0.510475,False,,-1,-0.22988816,0.09485204,0.09719792753458023,0.03772127628326416
1655,distorkaleidostare,high_maturity,False,CLIPese,0.0,True,mature,0.1075,False,,-1,0.31505087,0.4697782,0.09719792753458023,0.03772127628326416
1656,photomkaleidomedusa,high_maturity,False,CLIPese,0.0,True,mature,0.081925,True,mature_weak,395,0.30678895,0.21333115,0.09719792753458023,0.03772127628326416
1657,kaleidosynthesis,high_maturity,False,CLIPese,0.0,True,mature,0.245475,False,,-1,0.2753575,0.5530359,0.09719792753458023,0.03772127628326416
1658,blondog,high_maturity,False,CLIPese,0.0,True,mature,0.7445,True,fallback_fill,505,0.020672193,-0.19906972,0.09719792753458023,0.03772127628326416
1659,candel,high_maturity,True,English,1.24,True,mature,0.947175,True,mature_readable,65,-0.3824913,0.011400003,0.09719792753458023,0.03772127628326416
1660,aluminmathematdeeply,high_maturity,False,CLIPese,0.0,True,mature,0.265725,False,,-1,0.15652373,0.24370012,0.09719792753458023,0.03772127628326416
1661,mysterywaldo,high_maturity,False,CLIPese,0.0,True,mature,0.4638,False,,-1,-0.044344954,0.03430973,0.09719792753458023,0.03772127628326416
1662,rummiku,high_maturity,False,CLIPese,0.0,True,mature,0.76755,True,mature_readable,256,0.05808595,-0.08125548,0.09719792753458023,0.03772127628326416
1663,artichorendering,high_maturity,False,CLIPese,0.0,True,mature,0.32257500000000006,False,,-1,0.3089733,-0.026119627,0.09719792753458023,0.03772127628326416
1664,attackdoors,high_maturity,False,CLIPese,0.0,True,mature,0.7646000000000001,True,mature_readable,278,-0.3126286,-0.03144538,0.09719792753458023,0.03772127628326416
1665,gigabkraft,high_maturity,False,CLIPese,0.0,True,mature,0.289175,False,,-1,0.020112257,-0.017490238,0.09719792753458023,0.03772127628326416
1666,navyfractal,high_maturity,False,CLIPese,0.0,True,mature,0.51115,False,,-1,0.26734582,0.3980449,0.09719792753458023,0.03772127628326416
1667,lawrenceearrings,high_maturity,False,CLIPese,0.0,True,mature,0.55205,False,,-1,0.09697869,-0.064085305,0.09719792753458023,0.03772127628326416
1668,stateoctagon,high_maturity,False,CLIPese,0.0,True,mature,0.8320749999999999,True,mature_readable,108,0.047731195,-0.012332889,0.09719792753458023,0.03772127628326416
1669,schwarzflurmugshot,high_maturity,False,CLIPese,0.0,True,mature,0.39005,False,,-1,0.17001179,0.022748495,0.09719792753458023,0.03772127628326416
1670,brownies,high_maturity,True,English,3.19,True,mature,0.88315,True,mature_readable,111,-0.29270884,-0.096572794,0.09719792753458023,0.03772127628326416
1671,shilpashetty,high_maturity,False,CLIPese,0.0,True,mature,0.293925,False,,-1,0.01640812,-0.16992863,0.09719792753458023,0.03772127628326416
1672,catdoge,high_maturity,False,CLIPese,0.0,True,mature,0.8110749999999999,True,orthographic_hard,3,-0.06103959,-0.17481641,0.09719792753458023,0.03772127628326416
1673,anglesey,high_maturity,True,English,2.9,True,mature,0.7096,False,,-1,-0.2907261,-0.06806239,0.09719792753458023,0.03772127628326416
1674,abasketball,high_maturity,False,CLIPese,0.0,True,mature,0.5949,False,,-1,-0.26327553,-0.051252082,0.09719792753458023,0.03772127628326416
1675,matisse,high_maturity,True,English,2.88,True,mature,0.595,False,,-1,-0.050534714,-0.012512837,0.09719792753458023,0.03772127628326416
1676,funkosnapchat,high_maturity,False,CLIPese,0.0,True,mature,0.5582,False,,-1,0.18360648,-0.014139767,0.09719792753458023,0.03772127628326416
1677,mboldo,high_maturity,False,CLIPese,0.0,True,mature,0.40764999999999996,False,,-1,0.23042145,-0.035520162,0.09719792753458023,0.03772127628326416
1678,chinasea,high_maturity,False,CLIPese,0.0,True,mature,0.7175750000000001,False,,-1,-0.16117842,-0.049780887,0.09719792753458023,0.03772127628326416
1679,taxiderouf,high_maturity,False,CLIPese,0.0,True,mature,0.24457500000000001,False,,-1,0.2852769,-0.20326547,0.09719792753458023,0.03772127628326416
1680,braids,high_maturity,True,English,3.01,True,mature,0.750475,False,,-1,-0.14842586,-0.013037507,0.09719792753458023,0.03772127628326416
1681,autisma,high_maturity,False,CLIPese,0.0,True,mature,0.5347,False,,-1,-0.30711782,0.016053313,0.09719792753458023,0.03772127628326416
1682,ducklookout,high_maturity,False,CLIPese,0.0,True,mature,0.6799750000000001,True,fallback_fill,486,0.15845926,-0.18773617,0.09719792753458023,0.03772127628326416
1683,cesaro,high_maturity,True,English,2.47,True,mature,0.7892499999999999,True,mature_readable,176,-0.01870425,-0.12476548,0.09719792753458023,0.03772127628326416
1684,swordlockheed,high_maturity,False,CLIPese,0.0,True,mature,0.5566749999999999,False,,-1,0.29037395,-0.13605462,0.09719792753458023,0.03772127628326416
1685,taxiderfox,high_maturity,False,CLIPese,0.0,True,mature,0.3209,False,,-1,0.37745976,-0.32519084,0.09719792753458023,0.03772127628326416
1686,disintegrmonet,high_maturity,False,CLIPese,0.0,True,mature,0.31957500000000005,False,,-1,0.24042772,0.26963732,0.09719792753458023,0.03772127628326416
1687,kaleidophotographing,high_maturity,False,CLIPese,0.0,True,mature,0.051750000000000004,False,,-1,0.25770307,0.500759,0.09719792753458023,0.03772127628326416
1688,giovgeometric,high_maturity,False,CLIPese,0.0,True,mature,0.33630000000000004,False,,-1,0.2755419,0.13197525,0.09719792753458023,0.03772127628326416
1689,cliffcliff,high_maturity,False,CLIPese,0.0,True,mature,0.555,False,,-1,-0.17643377,-0.072304256,0.09719792753458023,0.03772127628326416
1690,pomegranate,high_maturity,True,English,2.93,True,mature,0.611425,False,,-1,0.15946253,-0.14086464,0.09719792753458023,0.03772127628326416
1691,squidpixelart,high_maturity,False,CLIPese,0.0,True,mature,0.23920000000000002,False,,-1,0.15299186,0.11759614,0.09719792753458023,0.03772127628326416
1692,monkeyhdr,high_maturity,False,CLIPese,0.0,True,mature,0.47532499999999994,False,,-1,0.17096739,0.041144643,0.09719792753458023,0.03772127628326416
1693,buildtrooper,high_maturity,False,CLIPese,0.0,True,mature,0.764025,True,mature_readable,195,0.10077023,-0.07324967,0.09719792753458023,0.03772127628326416
1694,sheepfractal,high_maturity,False,CLIPese,0.0,True,mature,0.4317,False,,-1,0.3294469,0.3531223,0.09719792753458023,0.03772127628326416
1695,germinavocado,high_maturity,False,CLIPese,0.0,True,mature,0.59445,False,,-1,0.14662115,-0.13267513,0.09719792753458023,0.03772127628326416
1696,outburger,high_maturity,False,CLIPese,0.0,True,mature,0.9305249999999998,True,mature_readable,56,-0.09451685,-0.14940715,0.09719792753458023,0.03772127628326416
1697,kaleidoshulpixel,high_maturity,False,CLIPese,0.0,True,mature,0.19140000000000001,False,,-1,0.3257697,0.5529943,0.09719792753458023,0.03772127628326416
1698,adopttrees,high_maturity,False,CLIPese,0.0,True,mature,0.8054999999999999,True,mature_readable,160,-0.069599085,-0.09349524,0.09719792753458023,0.03772127628326416
1699,breweries,high_maturity,True,English,3.27,True,mature,0.897,True,mature_readable,88,-0.31871477,-0.106826015,0.09719792753458023,0.03772127628326416
1700,katrantzou,high_maturity,True,English,1.37,True,mature,0.3053,False,,-1,0.062141415,0.13015294,0.09719792753458023,0.03772127628326416
1701,frantaxidercoyotes,high_maturity,False,CLIPese,0.0,True,mature,0.7462000000000001,False,,-1,0.33266142,-0.21469726,0.09719792753458023,0.03772127628326416
1702,hypnopixelart,high_maturity,False,CLIPese,0.0,True,mature,0.25634999999999997,False,,-1,0.12615706,0.2904681,0.09719792753458023,0.03772127628326416
1703,colourpercentage,high_maturity,False,CLIPese,0.0,True,mature,0.57695,False,,-1,-0.0681421,0.1772158,0.09719792753458023,0.03772127628326416
1704,orangubrenda,high_maturity,False,CLIPese,0.0,True,mature,0.37085,False,,-1,0.22091976,-0.25332662,0.09719792753458023,0.03772127628326416
1705,nycemojis,high_maturity,False,CLIPese,0.0,True,mature,0.8134,False,,-1,0.05165354,0.086811,0.09719792753458023,0.03772127628326416
1706,photomfractal,high_maturity,False,CLIPese,0.0,True,mature,0.06627500000000001,True,mature_weak,370,0.0067726267,0.44103864,0.09719792753458023,0.03772127628326416
1707,sphermatrix,high_maturity,False,CLIPese,0.0,True,mature,0.18322499999999997,False,,-1,0.12683892,0.13451782,0.09719792753458023,0.03772127628326416
1708,democrsafarilive,high_maturity,False,CLIPese,0.0,True,mature,0.152675,False,,-1,0.05653353,-0.1203243,0.09719792753458023,0.03772127628326416
1709,sharkmathematgopro,high_maturity,False,CLIPese,0.0,True,mature,0.4861000000000001,False,,-1,0.2849834,-0.027144874,0.09719792753458023,0.03772127628326416
1710,lufalfa,high_maturity,False,CLIPese,0.0,True,mature,0.50945,False,,-1,-0.03497122,-0.1431802,0.09719792753458023,0.03772127628326416
1711,valuepixelart,high_maturity,False,CLIPese,0.0,True,mature,0.136475,False,,-1,-0.06099804,0.25677752,0.09719792753458023,0.03772127628326416
1712,bbcbratfrequency,high_maturity,False,CLIPese,0.0,True,mature,0.669025,True,orthographic_hard,31,-0.116473295,0.11727375,0.09719792753458023,0.03772127628326416
1713,medalcutout,high_maturity,False,CLIPese,0.0,True,mature,0.757725,True,mature_readable,203,0.16038933,0.16913477,0.09719792753458023,0.03772127628326416
1714,kaleidoinfrared,high_maturity,False,CLIPese,0.0,True,mature,0.34902500000000003,False,,-1,0.28271526,0.5248577,0.09719792753458023,0.03772127628326416
1715,pokladybug,high_maturity,False,CLIPese,0.0,True,mature,0.656475,True,fallback_fill,510,0.05664751,-0.14381434,0.09719792753458023,0.03772127628326416
1716,sunilgrover,high_maturity,False,CLIPese,0.0,True,mature,0.40122500000000005,False,,-1,-0.028883737,-0.12065334,0.09719792753458023,0.03772127628326416
1717,cannabismuenady,high_maturity,False,CLIPese,0.0,True,mature,0.9042250000000001,True,mature_readable,60,0.0759626,-0.01719774,0.09719792753458023,0.03772127628326416
1718,toga,high_maturity,True,English,2.73,True,mature,0.7922499999999999,True,mature_readable,180,0.013497096,-0.1313678,0.09719792753458023,0.03772127628326416
1719,bhopal,high_maturity,True,English,2.79,True,mature,0.84075,True,mature_readable,135,-0.096638165,-0.019472135,0.09719792753458023,0.03772127628326416
1720,gringodawgs,high_maturity,False,CLIPese,0.0,True,mature,0.2131,False,,-1,0.15620022,-0.2411435,0.09719792753458023,0.03772127628326416
1721,blanchett,high_maturity,True,English,2.53,True,mature,0.53775,False,,-1,-0.07989346,-0.12580775,0.09719792753458023,0.03772127628326416
1722,khound,high_maturity,False,CLIPese,0.0,True,mature,0.46914999999999996,False,,-1,0.24308726,-0.25841486,0.09719792753458023,0.03772127628326416
1723,tuxfluffymeowalfie,high_maturity,False,CLIPese,0.0,True,mature,0.365425,False,,-1,0.40894327,-0.15445177,0.09719792753458023,0.03772127628326416
1724,marathdelavinpikachu,high_maturity,False,CLIPese,0.0,True,mature,0.5754000000000001,False,,-1,0.1501194,-0.13483346,0.09719792753458023,0.03772127628326416
1725,pyarkeaisebhi,high_maturity,False,CLIPese,0.0,True,mature,0.4793,False,,-1,0.05916653,-0.040503975,0.09719792753458023,0.03772127628326416
1726,morphorender,high_maturity,False,CLIPese,0.0,True,mature,0.45185000000000003,False,,-1,0.1757124,0.19054194,0.09719792753458023,0.03772127628326416
1727,okuwarhol,high_maturity,False,CLIPese,0.0,True,mature,0.591775,False,,-1,0.21351211,0.14992264,0.09719792753458023,0.03772127628326416
1728,austrboar,high_maturity,False,CLIPese,0.0,True,mature,0.45587500000000003,False,,-1,0.22776292,-0.19782123,0.09719792753458023,0.03772127628326416
1729,psychedpepe,high_maturity,False,CLIPese,0.0,True,mature,0.5576,False,,-1,0.12907952,0.1990178,0.09719792753458023,0.03772127628326416
1730,alphabesymbol,high_maturity,False,CLIPese,0.0,True,mature,0.33594999999999997,False,,-1,-0.109289445,0.01537132,0.09719792753458023,0.03772127628326416
1731,agates,high_maturity,True,English,1.73,True,mature,0.8217749999999999,True,mature_readable,151,-0.09200036,0.0058595277,0.09719792753458023,0.03772127628326416
1732,dalmatitaurus,high_maturity,False,CLIPese,0.0,True,mature,0.59135,False,,-1,0.14718892,-0.17791505,0.09719792753458023,0.03772127628326416
1733,imageimpressionist,high_maturity,False,CLIPese,0.0,True,mature,0.23535,False,,-1,0.12769794,0.4130455,0.09719792753458023,0.03772127628326416
1734,cabbage,high_maturity,True,English,3.55,True,mature,0.8018,True,mature_readable,217,-0.387452,-0.0326844,0.09719792753458023,0.03772127628326416
1735,taxiderwolf,high_maturity,False,CLIPese,0.0,True,mature,0.44194999999999995,False,,-1,0.32137066,-0.26799706,0.09719792753458023,0.03772127628326416
1736,ohioemu,high_maturity,False,CLIPese,0.0,True,mature,0.5724999999999999,False,,-1,0.26470932,-0.23180719,0.09719792753458023,0.03772127628326416
1737,africanshep,high_maturity,False,CLIPese,0.0,True,mature,0.7432000000000001,True,mature_readable,257,0.24563375,-0.22930524,0.09719792753458023,0.03772127628326416
1738,attackjar,high_maturity,False,CLIPese,0.0,True,mature,0.8111250000000001,True,mature_readable,148,-0.29282162,-0.010462865,0.09719792753458023,0.03772127628326416
1739,coleslaw,high_maturity,True,English,2.64,True,mature,0.55995,False,,-1,-0.1718513,-0.014250373,0.09719792753458023,0.03772127628326416
1740,compupopup,high_maturity,False,CLIPese,0.0,True,mature,0.6636500000000001,False,,-1,-0.21418923,0.029569674,0.09719792753458023,0.03772127628326416
1741,taxidercolorful,high_maturity,False,CLIPese,0.0,True,mature,0.05075,False,,-1,0.25286323,-0.118421376,0.09719792753458023,0.03772127628326416
1742,poinsettia,high_maturity,True,English,2.12,True,mature,0.35475,False,,-1,0.010169393,-0.08284635,0.09719792753458023,0.03772127628326416
1743,seacdispenser,high_maturity,False,CLIPese,0.0,True,mature,0.559425,False,,-1,0.01756924,-0.07774427,0.09719792753458023,0.03772127628326416
1744,kalejigsaw,high_maturity,False,CLIPese,0.0,True,mature,0.401125,False,,-1,0.17967923,0.38278797,0.09719792753458023,0.03772127628326416
1745,pallimodernilegopauls,high_maturity,False,CLIPese,0.0,True,mature,0.16820000000000002,True,mature_weak,412,0.24121019,0.021136936,0.09719792753458023,0.03772127628326416
1746,abstrshrek,high_maturity,False,CLIPese,0.0,True,mature,0.48692500000000005,False,,-1,0.25574085,0.16018572,0.09719792753458023,0.03772127628326416
1747,gumblighthouse,high_maturity,False,CLIPese,0.0,True,mature,0.8882500000000001,True,mature_readable,59,0.16600688,-0.07962549,0.09719792753458023,0.03772127628326416
1748,japanesedodgeball,high_maturity,False,CLIPese,0.0,True,mature,0.7038249999999999,False,,-1,0.088722326,-0.13574453,0.09719792753458023,0.03772127628326416
1749,lautkorfighterjets,high_maturity,False,CLIPese,0.0,True,mature,0.53145,False,,-1,0.24221003,-0.12856157,0.09719792753458023,0.03772127628326416
1750,kaleidoeyenightmare,high_maturity,False,CLIPese,0.0,True,mature,0.310175,False,,-1,0.32890904,0.4391654,0.09719792753458023,0.03772127628326416
1751,lagann,high_maturity,True,English,1.94,True,mature,0.633775,False,,-1,0.044325054,0.0059674173,0.09719792753458023,0.03772127628326416
1752,testicspectrum,high_maturity,False,CLIPese,0.0,True,mature,0.6956249999999999,False,,-1,0.04434088,0.07031259,0.09719792753458023,0.03772127628326416
1753,ihrioural,high_maturity,False,CLIPese,0.0,True,mature,0.151125,True,mature_weak,414,0.5170626,0.015683597,0.09719792753458023,0.03772127628326416
1754,orangutoddlers,high_maturity,False,CLIPese,0.0,True,mature,0.339025,False,,-1,0.29043952,-0.22326717,0.09719792753458023,0.03772127628326416
1755,blackdatabdistorpixelart,high_maturity,False,CLIPese,0.0,True,mature,0.12955000000000003,True,mature_weak,423,0.07143376,0.46287853,0.09719792753458023,0.03772127628326416
1756,skimleakpaper,high_maturity,False,CLIPese,0.0,True,mature,0.6196750000000001,True,fallback_fill,500,0.030631086,0.012169904,0.09719792753458023,0.03772127628326416
1757,chlorop,high_maturity,False,CLIPese,0.0,True,mature,0.821725,True,mature_readable,144,-0.2199362,-0.028939601,0.09719792753458023,0.03772127628326416
1758,inducloafbowel,high_maturity,False,CLIPese,0.0,True,mature,0.40412499999999996,False,,-1,0.15839095,-0.06478338,0.09719792753458023,0.03772127628326416
1759,haring,high_maturity,True,English,2.37,True,mature,0.58135,False,,-1,0.04514955,-0.08970537,0.09719792753458023,0.03772127628326416
1760,chromofries,high_maturity,False,CLIPese,0.0,True,mature,0.48657500000000004,False,,-1,0.075981334,0.012293292,0.09719792753458023,0.03772127628326416
1761,pretztrombone,high_maturity,False,CLIPese,0.0,True,mature,0.58855,False,,-1,0.075133994,-0.070242256,0.09719792753458023,0.03772127628326416
1762,drakebeagle,high_maturity,False,CLIPese,0.0,True,mature,0.8579249999999999,True,mature_readable,79,0.22835985,-0.2699458,0.09719792753458023,0.03772127628326416
1763,barista,high_maturity,True,English,3.02,True,mature,0.7157,False,,-1,-0.19778839,-0.08147077,0.09719792753458023,0.03772127628326416
1764,nashvilleliberalantenna,high_maturity,False,CLIPese,0.0,True,mature,0.592775,False,,-1,0.18722858,-0.04945341,0.09719792753458023,0.03772127628326416
1765,genealowebcam,high_maturity,False,CLIPese,0.0,True,mature,0.18219999999999997,False,,-1,0.1798496,0.0021817149,0.09719792753458023,0.03772127628326416
1766,taxiderlewanczech,high_maturity,False,CLIPese,0.0,True,mature,0.2474,False,,-1,0.20733841,-0.13066868,0.09719792753458023,0.03772127628326416
1767,wolftekken,high_maturity,False,CLIPese,0.0,True,mature,0.5542750000000001,False,,-1,0.18414506,-0.14811264,0.09719792753458023,0.03772127628326416
1768,hydromtg,high_maturity,False,CLIPese,0.0,True,mature,0.377775,False,,-1,0.14645465,-0.06591579,0.09719792753458023,0.03772127628326416
1769,calvins,high_maturity,True,English,1.53,True,mature,0.69745,False,,-1,-0.08892081,-0.065798916,0.09719792753458023,0.03772127628326416
1770,pikachzombie,high_maturity,False,CLIPese,0.0,True,mature,0.64845,False,,-1,0.26336136,-0.076369904,0.09719792753458023,0.03772127628326416
1771,boxes,high_maturity,True,English,4.34,True,mature,0.593075,False,,-1,-0.4185331,0.01607679,0.09719792753458023,0.03772127628326416
1772,pixelwarhol,high_maturity,False,CLIPese,0.0,True,mature,0.49355000000000004,False,,-1,0.2608728,0.35998932,0.09719792753458023,0.03772127628326416
1773,duncanjames,high_maturity,False,CLIPese,0.0,True,mature,0.38262500000000005,False,,-1,-0.067432955,-0.1563504,0.09719792753458023,0.03772127628326416
1774,edmongreyhound,high_maturity,False,CLIPese,0.0,True,mature,0.43584999999999996,False,,-1,0.20634508,-0.25905278,0.09719792753458023,0.03772127628326416
1775,maersk,high_maturity,True,English,2.42,True,mature,0.7215750000000001,True,orthographic_hard,46,0.00036716994,-0.10235254,0.09719792753458023,0.03772127628326416
1776,mandelcgi,high_maturity,False,CLIPese,0.0,True,mature,0.20195000000000002,False,,-1,0.20500326,0.28658876,0.09719792753458023,0.03772127628326416
1777,elisicki,high_maturity,False,CLIPese,0.0,True,mature,0.42767499999999997,False,,-1,0.26911247,-0.16212712,0.09719792753458023,0.03772127628326416
1778,kaleidoclouds,high_maturity,False,CLIPese,0.0,True,mature,0.427775,False,,-1,0.25194323,0.43180007,0.09719792753458023,0.03772127628326416
1779,bulgarian,high_maturity,True,English,3.81,True,mature,0.5870500000000001,True,orthographic_hard,35,-0.37983727,-0.08123243,0.09719792753458023,0.03772127628326416
1780,raygrunge,high_maturity,False,CLIPese,0.0,True,mature,0.43989999999999996,False,,-1,-0.02253359,0.26583707,0.09719792753458023,0.03772127628326416
1781,albatros,high_maturity,True,English,1.84,True,mature,0.5986750000000001,False,,-1,0.14587367,-0.11864726,0.09719792753458023,0.03772127628326416
1782,specwarhol,high_maturity,False,CLIPese,0.0,True,mature,0.667225,False,,-1,0.24101588,0.22278741,0.09719792753458023,0.03772127628326416
1783,eleloom,high_maturity,False,CLIPese,0.0,True,mature,0.8748499999999999,True,mature_readable,98,-0.041566882,0.021744614,0.09719792753458023,0.03772127628326416
1784,pugbeethoven,high_maturity,False,CLIPese,0.0,True,mature,0.7948000000000001,False,,-1,0.3001774,-0.23108846,0.09719792753458023,0.03772127628326416
1785,paella,high_maturity,True,English,2.63,True,mature,0.38880000000000003,False,,-1,0.12065594,-0.05001443,0.09719792753458023,0.03772127628326416
1786,ozarrolltide,high_maturity,False,CLIPese,0.0,True,mature,0.44402500000000006,False,,-1,0.16191062,0.04861183,0.09719792753458023,0.03772127628326416
1787,preityzinta,high_maturity,False,CLIPese,0.0,True,mature,0.1857,False,,-1,0.024883775,-0.11680571,0.09719792753458023,0.03772127628326416
1788,extrupopcorn,high_maturity,False,CLIPese,0.0,True,mature,0.711625,True,fallback_fill,511,0.033033106,-0.05971035,0.09719792753458023,0.03772127628326416
1789,balochi,high_maturity,True,English,1.84,True,mature,0.863775,True,mature_readable,185,-0.3128265,-0.07092256,0.09719792753458023,0.03772127628326416
1790,fcthulhu,high_maturity,False,CLIPese,0.0,True,mature,0.6223,False,,-1,0.17593315,0.0013847237,0.09719792753458023,0.03772127628326416
1791,assaulharrier,high_maturity,False,CLIPese,0.0,True,mature,0.564325,False,,-1,0.089761876,-0.21154614,0.09719792753458023,0.03772127628326416
1792,mandelcloseup,high_maturity,False,CLIPese,0.0,True,mature,0.64505,False,,-1,0.24153268,0.1571789,0.09719792753458023,0.03772127628326416
1793,lufalfarraptors,high_maturity,False,CLIPese,0.0,True,mature,0.665625,False,,-1,0.09591392,-0.18868774,0.09719792753458023,0.03772127628326416
1794,bears,high_maturity,True,English,4.34,True,mature,0.765775,False,,-1,-0.2751954,-0.11632807,0.09719792753458023,0.03772127628326416
1795,kachneko,high_maturity,False,CLIPese,0.0,True,mature,0.46919999999999995,False,,-1,0.24509814,-0.20694013,0.09719792753458023,0.03772127628326416
1796,makarsankranti,high_maturity,False,CLIPese,0.0,True,mature,0.3395,False,,-1,0.119743384,-0.039001614,0.09719792753458023,0.03772127628326416
1797,imagefuzzrainbow,high_maturity,False,CLIPese,0.0,True,mature,0.3392,False,,-1,0.23910616,0.35018614,0.09719792753458023,0.03772127628326416
1798,axstv,high_maturity,False,CLIPese,0.0,True,mature,0.88885,True,mature_readable,90,-0.40105727,0.001520019,0.09719792753458023,0.03772127628326416
1799,crystalli,high_maturity,False,CLIPese,0.0,True,mature,0.4644499999999999,False,,-1,-0.3535245,0.15805404,0.09719792753458023,0.03772127628326416
1800,affiliated,low_maturity_control,True,English,3.96,False,immature,0.5197,False,,-1,-0.6275688,0.020079514,0.09719792753458023,0.03772127628326416
1801,alized,low_maturity_control,False,CLIPese,0.0,False,immature,0.3729,True,low_both,484,-0.5802362,0.05324296,0.09719792753458023,0.03772127628326416
1802,enters,low_maturity_control,True,English,4.01,False,immature,0.88875,True,immature_readable,295,-0.5013723,-0.023354791,0.09719792753458023,0.03772127628326416
1803,transmitted,low_maturity_control,True,English,3.87,False,immature,0.396125,False,,-1,-0.6458446,0.09938179,0.09719792753458023,0.03772127628326416
1804,followthe,low_maturity_control,False,CLIPese,0.0,False,immature,0.47135,False,,-1,-0.69443893,0.004723204,0.09719792753458023,0.03772127628326416
1805,brang,low_maturity_control,True,English,1.42,False,immature,0.6526,True,immature_readable,337,-0.7142826,0.03316997,0.09719792753458023,0.03772127628326416
1806,conoce,low_maturity_control,True,English,1.17,False,immature,0.6886000000000001,True,immature_readable,343,-0.6602244,0.021864792,0.09719792753458023,0.03772127628326416
1807,claiming,low_maturity_control,True,English,4.33,False,immature,0.9076,True,immature_readable,286,-0.63550335,-0.007390471,0.09719792753458023,0.03772127628326416
1808,givin,low_maturity_control,True,English,2.86,False,immature,0.330975,True,low_both,472,-0.6883073,-0.0019382939,0.09719792753458023,0.03772127628326416
1809,contains,low_maturity_control,True,English,4.68,False,immature,0.28725,True,low_both,465,-0.54723537,0.01373593,0.09719792753458023,0.03772127628326416
1810,beforeand,low_maturity_control,False,CLIPese,0.0,False,immature,0.39215,False,,-1,-0.5754898,-0.021545807,0.09719792753458023,0.03772127628326416
1811,defines,low_maturity_control,True,English,3.86,False,immature,0.8923,True,immature_readable,287,-0.6243136,-0.003982765,0.09719792753458023,0.03772127628326416
1812,hosted,low_maturity_control,True,English,4.25,False,immature,0.8680749999999999,True,immature_readable,297,-0.6322332,-0.016822005,0.09719792753458023,0.03772127628326416
1813,happens,low_maturity_control,True,English,4.96,False,immature,0.676875,True,immature_readable,351,-0.71175677,0.020021081,0.09719792753458023,0.03772127628326416
1814,requires,low_maturity_control,True,English,4.67,False,immature,0.32205,True,low_both,474,-0.62929654,0.01848819,0.09719792753458023,0.03772127628326416
1815,bothering,low_maturity_control,True,English,3.63,False,immature,0.832975,True,immature_readable,305,-0.6057519,-0.007968801,0.09719792753458023,0.03772127628326416
1816,acknowle,low_maturity_control,False,CLIPese,0.0,False,immature,0.20140000000000002,True,low_both,450,-0.6469601,0.019831087,0.09719792753458023,0.03772127628326416
1817,mustsee,low_maturity_control,False,CLIPese,0.0,False,immature,0.281725,True,low_both,466,-0.7040706,0.00727995,0.09719792753458023,0.03772127628326416
1818,artistsontwitter,low_maturity_control,False,CLIPese,0.0,False,immature,0.07805000000000001,True,low_both,445,-0.59530115,0.021069935,0.09719792753458023,0.03772127628326416
1819,passed,low_maturity_control,True,English,4.92,False,immature,0.82475,True,immature_readable,311,-0.60558224,-0.0034049938,0.09719792753458023,0.03772127628326416
1820,visuals,low_maturity_control,True,English,3.57,False,immature,0.48985000000000006,False,,-1,-0.660008,0.08521878,0.09719792753458023,0.03772127628326416
1821,while,low_maturity_control,True,English,5.86,False,immature,0.096,True,low_both,447,-0.7264457,0.0010567912,0.09719792753458023,0.03772127628326416
1822,denies,low_maturity_control,True,English,3.73,False,immature,0.7124499999999999,True,immature_readable,342,-0.55315846,0.023955734,0.09719792753458023,0.03772127628326416
1823,unfor,low_maturity_control,True,English,1.24,False,immature,0.810275,True,immature_readable,308,-0.7170089,0.026412994,0.09719792753458023,0.03772127628326416
1824,art,low_maturity_control,True,English,5.29,False,immature,0.29315,True,low_both,461,-0.5949825,0.105096966,0.09719792753458023,0.03772127628326416
1825,activated,low_maturity_control,True,English,4.01,False,immature,0.914675,True,immature_readable,288,-0.65125763,0.04017708,0.09719792753458023,0.03772127628326416
1826,version,low_maturity_control,True,English,5.07,False,immature,0.31725000000000003,True,low_both,468,-0.6294848,0.07670451,0.09719792753458023,0.03772127628326416
1827,agains,low_maturity_control,True,English,2.31,False,immature,0.604525,False,,-1,-0.6182243,-0.02909882,0.09719792753458023,0.03772127628326416
1828,gonna,low_maturity_control,True,English,5.29,False,immature,0.7001749999999999,True,immature_readable,335,-0.6121141,0.00027943347,0.09719792753458023,0.03772127628326416
1829,considers,low_maturity_control,True,English,4.03,False,immature,0.348475,True,low_both,476,-0.542922,-0.0031207285,0.09719792753458023,0.03772127628326416
1830,thekk,low_maturity_control,False,CLIPese,0.0,False,immature,0.51505,False,,-1,-0.720138,0.002301755,0.09719792753458023,0.03772127628326416
1831,alltimel,low_maturity_control,False,CLIPese,0.0,False,immature,0.65,True,immature_readable,346,-0.70096403,0.034155335,0.09719792753458023,0.03772127628326416
1832,looked,low_maturity_control,True,English,5.11,False,immature,0.4109,False,,-1,-0.6312261,0.018801933,0.09719792753458023,0.03772127628326416
1833,lingly,low_maturity_control,False,CLIPese,0.0,False,immature,0.716975,True,immature_readable,347,-0.6919077,-0.007812898,0.09719792753458023,0.03772127628326416
1834,violated,low_maturity_control,True,English,3.91,False,immature,0.5985,False,,-1,-0.6980663,0.011476145,0.09719792753458023,0.03772127628326416
1835,replied,low_maturity_control,True,English,4.28,False,immature,0.353225,True,low_both,477,-0.6865296,0.012794488,0.09719792753458023,0.03772127628326416
1836,searly,low_maturity_control,False,CLIPese,0.0,False,immature,0.59705,False,,-1,-0.6156787,0.0068620257,0.09719792753458023,0.03772127628326416
1837,realizes,low_maturity_control,True,English,3.75,False,immature,0.24245,True,low_both,464,-0.67838556,0.019388348,0.09719792753458023,0.03772127628326416
1838,ruled,low_maturity_control,True,English,4.3,False,immature,0.653875,True,immature_readable,353,-0.6106496,0.076333,0.09719792753458023,0.03772127628326416
1839,commi,low_maturity_control,True,English,1.78,False,immature,0.7231750000000001,True,immature_readable,324,-0.6453781,0.03446205,0.09719792753458023,0.03772127628326416
1840,allows,low_maturity_control,True,English,4.67,False,immature,0.4162,False,,-1,-0.56644493,0.013708419,0.09719792753458023,0.03772127628326416
1841,publishes,low_maturity_control,True,English,3.55,False,immature,0.6141000000000001,False,,-1,-0.65156454,0.015223801,0.09719792753458023,0.03772127628326416
1842,informing,low_maturity_control,True,English,3.58,False,immature,0.7253499999999999,True,immature_readable,338,-0.6156454,0.0032053194,0.09719792753458023,0.03772127628326416
1843,asked,low_maturity_control,True,English,5.3,False,immature,0.6729,True,immature_readable,356,-0.6327444,-0.004832666,0.09719792753458023,0.03772127628326416
1844,folks,low_maturity_control,True,English,4.59,False,immature,0.36807500000000004,True,low_both,482,-0.7140665,0.002979699,0.09719792753458023,0.03772127628326416
1845,mised,low_maturity_control,False,CLIPese,0.0,False,immature,0.7801250000000001,True,immature_readable,317,-0.674119,0.028584149,0.09719792753458023,0.03772127628326416
1846,gathere,low_maturity_control,False,CLIPese,0.0,False,immature,0.7907750000000001,True,immature_readable,312,-0.6917959,0.007307478,0.09719792753458023,0.03772127628326416
1847,concepts,low_maturity_control,True,English,4.26,False,immature,0.8061,True,immature_readable,301,-0.6225347,0.03229355,0.09719792753458023,0.03772127628326416
1848,weren,low_maturity_control,True,English,2.21,False,immature,0.34245000000000003,True,low_both,480,-0.7020605,0.0032489442,0.09719792753458023,0.03772127628326416
1849,onlined,low_maturity_control,False,CLIPese,0.0,False,immature,0.3161,True,low_both,470,-0.62986916,0.039534625,0.09719792753458023,0.03772127628326416
1850,diffu,low_maturity_control,False,CLIPese,0.0,False,immature,0.29102500000000003,True,low_both,463,-0.6147628,0.030423678,0.09719792753458023,0.03772127628326416
1851,tifully,low_maturity_control,False,CLIPese,0.0,False,immature,0.59795,False,,-1,-0.7039558,-0.00092191633,0.09719792753458023,0.03772127628326416
1852,matters,low_maturity_control,True,English,4.72,False,immature,0.888575,True,orthographic_hard,47,-0.66241896,0.017532688,0.09719792753458023,0.03772127628326416
1853,approx,low_maturity_control,True,English,3.51,False,immature,0.1475,True,low_both,446,-0.5785577,0.04407101,0.09719792753458023,0.03772127628326416
1854,required,low_maturity_control,True,English,5.02,False,immature,0.7177250000000001,True,immature_readable,345,-0.6063038,0.013342025,0.09719792753458023,0.03772127628326416
1855,vnthis,low_maturity_control,False,CLIPese,0.0,False,immature,0.44909999999999994,False,,-1,-0.71320945,0.0403353,0.09719792753458023,0.03772127628326416
1856,befri,low_maturity_control,False,CLIPese,0.0,False,immature,0.42807500000000004,False,,-1,-0.6411027,-0.012146881,0.09719792753458023,0.03772127628326416
1857,outcome,low_maturity_control,True,English,4.35,False,immature,0.8109500000000001,True,immature_readable,307,-0.6882698,0.033991124,0.09719792753458023,0.03772127628326416
1858,acreative,low_maturity_control,False,CLIPese,0.0,False,immature,0.6878250000000001,True,immature_readable,339,-0.64465487,0.04911982,0.09719792753458023,0.03772127628326416
1859,defining,low_maturity_control,True,English,3.96,False,immature,0.7112,True,immature_readable,352,-0.7019944,0.020341288,0.09719792753458023,0.03772127628326416
1860,thing,low_maturity_control,True,English,5.72,False,immature,0.54135,False,,-1,-0.67325526,0.017670311,0.09719792753458023,0.03772127628326416
1861,regards,low_maturity_control,True,English,4.2,False,immature,0.5489499999999999,False,,-1,-0.5995162,-0.021611016,0.09719792753458023,0.03772127628326416
1862,entitled,low_maturity_control,True,English,4.51,False,immature,0.763225,True,immature_readable,320,-0.641986,0.016938318,0.09719792753458023,0.03772127628326416
1863,ening,low_maturity_control,True,English,1.17,False,immature,0.549775,False,,-1,-0.72712475,-0.0067566177,0.09719792753458023,0.03772127628326416
1864,atment,low_maturity_control,False,CLIPese,0.0,False,immature,0.553775,False,,-1,-0.69368833,-0.0072866413,0.09719792753458023,0.03772127628326416
1865,atured,low_maturity_control,False,CLIPese,0.0,False,immature,0.42867500000000003,False,,-1,-0.66066617,0.009707795,0.09719792753458023,0.03772127628326416
1866,referred,low_maturity_control,True,English,4.61,False,immature,0.5433500000000001,False,,-1,-0.52726144,0.039379638,0.09719792753458023,0.03772127628326416
1867,clause,low_maturity_control,True,English,3.99,False,immature,0.918275,True,immature_readable,281,-0.55798227,-0.02132719,0.09719792753458023,0.03772127628326416
1868,aided,low_maturity_control,True,English,3.74,False,immature,0.629,True,immature_readable,355,-0.56916857,-0.007428955,0.09719792753458023,0.03772127628326416
1869,comingof,low_maturity_control,False,CLIPese,0.0,False,immature,0.458875,False,,-1,-0.6023497,0.0055588954,0.09719792753458023,0.03772127628326416
1870,consists,low_maturity_control,True,English,4.39,False,immature,0.621125,True,immature_readable,366,-0.6381735,-0.0021920318,0.09719792753458023,0.03772127628326416
1871,owned,low_maturity_control,True,English,4.76,False,immature,0.6436249999999999,True,immature_readable,365,-0.69129354,-0.0031619063,0.09719792753458023,0.03772127628326416
1872,banned,low_maturity_control,True,English,4.41,False,immature,0.842675,True,immature_readable,298,-0.659148,0.0111864675,0.09719792753458023,0.03772127628326416
1873,ously,low_maturity_control,True,English,1.23,False,immature,0.400675,False,,-1,-0.6578657,0.024248976,0.09719792753458023,0.03772127628326416
1874,madeby,low_maturity_control,False,CLIPese,0.0,False,immature,0.666525,True,immature_readable,349,-0.6119435,0.0621267,0.09719792753458023,0.03772127628326416
1875,asings,low_maturity_control,False,CLIPese,0.0,False,immature,0.914525,True,immature_readable,282,-0.6051286,0.004422918,0.09719792753458023,0.03772127628326416
1876,dunno,low_maturity_control,True,English,3.76,False,immature,0.4959,False,,-1,-0.6730409,0.0060700993,0.09719792753458023,0.03772127628326416
1877,coded,low_maturity_control,True,English,3.58,False,immature,0.5091000000000001,False,,-1,-0.60034394,0.12086799,0.09719792753458023,0.03772127628326416
1878,fromthe,low_maturity_control,True,English,1.82,False,immature,0.31595,True,low_both,467,-0.7078891,0.0030220554,0.09719792753458023,0.03772127628326416
1879,association,low_maturity_control,True,English,5.01,False,immature,0.6993499999999999,True,immature_readable,331,-0.62452936,-0.007152196,0.09719792753458023,0.03772127628326416
1880,consisted,low_maturity_control,True,English,3.91,False,immature,0.2024,True,low_both,457,-0.4599201,0.045504007,0.09719792753458023,0.03772127628326416
1881,authent,low_maturity_control,False,CLIPese,0.0,False,immature,0.56365,False,,-1,-0.6007523,-0.013493501,0.09719792753458023,0.03772127628326416
1882,assures,low_maturity_control,True,English,3.23,False,immature,0.23435000000000003,True,low_both,460,-0.67531383,0.003724575,0.09719792753458023,0.03772127628326416
1883,term,low_maturity_control,True,English,5.23,False,immature,0.8531,True,immature_readable,291,-0.5668086,0.009447908,0.09719792753458023,0.03772127628326416
1884,tured,low_maturity_control,True,English,1.08,False,immature,0.38605,False,,-1,-0.48669553,0.11763119,0.09719792753458023,0.03772127628326416
1885,couldbe,low_maturity_control,True,English,1.1,False,immature,0.497975,False,,-1,-0.59578484,0.018927066,0.09719792753458023,0.03772127628326416
1886,ailed,low_maturity_control,True,English,1.64,False,immature,0.26085,True,low_both,462,-0.6111821,0.030609721,0.09719792753458023,0.03772127628326416
1887,utilized,low_maturity_control,True,English,3.83,False,immature,0.406575,False,,-1,-0.5498571,0.0070150765,0.09719792753458023,0.03772127628326416
1888,doesn,low_maturity_control,True,English,3.22,False,immature,0.35855,True,low_both,483,-0.72164327,-0.017027942,0.09719792753458023,0.03772127628326416
1889,undul,low_maturity_control,False,CLIPese,0.0,False,immature,0.7875249999999999,True,immature_readable,306,-0.6987218,0.0088782,0.09719792753458023,0.03772127628326416
1890,alwayss,low_maturity_control,False,CLIPese,0.0,False,immature,0.5811999999999999,False,,-1,-0.69810736,-0.012698243,0.09719792753458023,0.03772127628326416
1891,dedicated,low_maturity_control,True,English,4.58,False,immature,0.8239,True,immature_readable,315,-0.6711124,0.023187438,0.09719792753458023,0.03772127628326416
1892,itated,low_maturity_control,False,CLIPese,0.0,False,immature,0.488675,False,,-1,-0.59085655,0.056709222,0.09719792753458023,0.03772127628326416
1893,reads,low_maturity_control,True,English,4.25,False,immature,0.564025,False,,-1,-0.65040404,0.005540546,0.09719792753458023,0.03772127628326416
1894,aforever,low_maturity_control,False,CLIPese,0.0,False,immature,0.43535000000000007,False,,-1,-0.57319695,0.013128589,0.09719792753458023,0.03772127628326416
1895,attending,low_maturity_control,True,English,4.31,False,immature,0.7588,True,immature_readable,329,-0.60369,-0.002243238,0.09719792753458023,0.03772127628326416
1896,became,low_maturity_control,True,English,5.15,False,immature,0.6121000000000001,False,,-1,-0.5158224,0.009792293,0.09719792753458023,0.03772127628326416
1897,test,low_maturity_control,True,English,5.19,False,immature,0.366875,True,low_both,481,-0.69217515,0.048382346,0.09719792753458023,0.03772127628326416
1898,accompanied,low_maturity_control,True,English,4.25,False,immature,0.347675,True,low_both,475,-0.6088022,-0.019491194,0.09719792753458023,0.03772127628326416
1899,uploaded,low_maturity_control,True,English,3.92,False,immature,0.196075,True,low_both,456,-0.69750947,0.015480289,0.09719792753458023,0.03772127628326416
1900,mbles,low_maturity_control,False,CLIPese,0.0,False,immature,0.528575,False,,-1,-0.7236653,0.02129797,0.09719792753458023,0.03772127628326416
1901,sends,low_maturity_control,True,English,4.15,False,immature,0.5222,False,,-1,-0.6746437,-0.008521598,0.09719792753458023,0.03772127628326416
1902,deptof,low_maturity_control,False,CLIPese,0.0,False,immature,0.405875,False,,-1,-0.6317287,0.029436689,0.09719792753458023,0.03772127628326416
1903,anote,low_maturity_control,True,English,1.25,False,immature,0.479425,False,,-1,-0.65824413,-0.020472944,0.09719792753458023,0.03772127628326416
1904,helped,low_maturity_control,True,English,4.88,False,immature,0.89225,True,immature_readable,299,-0.6698437,0.030639932,0.09719792753458023,0.03772127628326416
1905,sibly,low_maturity_control,True,English,1.13,False,immature,0.6541250000000001,True,immature_readable,330,-0.6857361,0.016064417,0.09719792753458023,0.03772127628326416
1906,withit,low_maturity_control,True,English,1.14,False,immature,0.48927500000000007,False,,-1,-0.70097095,0.0048384676,0.09719792753458023,0.03772127628326416
1907,fying,low_maturity_control,True,English,1.43,False,immature,0.348325,True,low_both,473,-0.6846725,0.02533661,0.09719792753458023,0.03772127628326416
1908,copy,low_maturity_control,True,English,4.77,False,immature,0.468275,False,,-1,-0.6740703,0.038576335,0.09719792753458023,0.03772127628326416
1909,pleasee,low_maturity_control,True,English,1.02,False,immature,0.682,True,immature_readable,362,-0.6449865,0.023515511,0.09719792753458023,0.03772127628326416
1910,fication,low_maturity_control,True,English,1.31,False,immature,0.6236,True,immature_readable,360,-0.56214464,0.038292482,0.09719792753458023,0.03772127628326416
1911,situation,low_maturity_control,True,English,5.09,False,immature,0.85275,True,immature_readable,302,-0.65891385,-0.003141527,0.09719792753458023,0.03772127628326416
1912,clashed,low_maturity_control,True,English,3.12,False,immature,0.91245,True,immature_readable,289,-0.6211098,0.044527896,0.09719792753458023,0.03772127628326416
1913,week,low_maturity_control,True,English,5.56,False,immature,0.92755,True,immature_readable,283,-0.6652194,-0.0028236213,0.09719792753458023,0.03772127628326416
1914,frommy,low_maturity_control,False,CLIPese,0.0,False,immature,0.21755,True,low_both,458,-0.7092848,-0.0103968205,0.09719792753458023,0.03772127628326416
1915,enjoys,low_maturity_control,True,English,3.93,False,immature,0.5604,False,,-1,-0.6415818,0.002712468,0.09719792753458023,0.03772127628326416
1916,wouldn,low_maturity_control,True,English,2.8,False,immature,0.644725,True,immature_readable,363,-0.54585236,0.028680693,0.09719792753458023,0.03772127628326416
1917,getin,low_maturity_control,True,English,1.44,False,immature,0.7698,True,immature_readable,309,-0.70269316,-0.0008108235,0.09719792753458023,0.03772127628326416
1918,interpreted,low_maturity_control,True,English,3.92,False,immature,0.53585,False,,-1,-0.6545344,0.06514476,0.09719792753458023,0.03772127628326416
1919,everythin,low_maturity_control,True,English,1.96,False,immature,0.6574,True,immature_readable,348,-0.6928818,0.010571851,0.09719792753458023,0.03772127628326416
1920,illating,low_maturity_control,False,CLIPese,0.0,False,immature,0.50055,False,,-1,-0.67372113,0.031454574,0.09719792753458023,0.03772127628326416
1921,appreciated,low_maturity_control,True,English,4.16,False,immature,0.360575,True,low_both,479,-0.6817209,0.01911207,0.09719792753458023,0.03772127628326416
1922,appreciates,low_maturity_control,True,English,3.38,False,immature,0.43095,False,,-1,-0.6195261,0.026072085,0.09719792753458023,0.03772127628326416
1923,compromised,low_maturity_control,True,English,3.78,False,immature,0.53145,False,,-1,-0.60971105,0.05967793,0.09719792753458023,0.03772127628326416
1924,enjoyed,low_maturity_control,True,English,4.59,False,immature,0.6109999999999999,False,,-1,-0.71480715,0.0026280642,0.09719792753458023,0.03772127628326416
1925,announcing,low_maturity_control,True,English,3.87,False,immature,0.7798999999999999,True,immature_readable,321,-0.62043655,-0.004263107,0.09719792753458023,0.03772127628326416
1926,probz,low_maturity_control,True,English,1.44,False,immature,0.21592500000000003,True,low_both,451,-0.71466213,0.010504258,0.09719792753458023,0.03772127628326416
1927,caused,low_maturity_control,True,English,4.88,False,immature,0.825225,True,immature_readable,313,-0.66590387,0.03197147,0.09719792753458023,0.03772127628326416
1928,murdered,low_maturity_control,True,English,4.32,False,immature,0.4455,False,,-1,-0.52140296,-0.014528413,0.09719792753458023,0.03772127628326416
1929,bringing,low_maturity_control,True,English,4.71,False,immature,0.813675,True,immature_readable,323,-0.65139353,0.010244406,0.09719792753458023,0.03772127628326416
1930,allowing,low_maturity_control,True,English,4.62,False,immature,0.7120499999999998,True,immature_readable,341,-0.47627303,-0.0058996687,0.09719792753458023,0.03772127628326416
1931,outs,low_maturity_control,True,English,3.86,False,immature,0.73735,True,immature_readable,328,-0.6636502,-0.0068918453,0.09719792753458023,0.03772127628326416
1932,stateof,low_maturity_control,True,English,1.36,False,immature,0.824825,True,immature_readable,300,-0.66904366,0.009421233,0.09719792753458023,0.03772127628326416
1933,alecoscino,low_maturity_control,False,CLIPese,0.0,False,immature,0.18025,True,low_both,448,-0.5943222,0.04766997,0.09719792753458023,0.03772127628326416
1934,argued,low_maturity_control,True,English,4.36,False,immature,0.7263749999999999,True,immature_readable,336,-0.63609743,-0.009522865,0.09719792753458023,0.03772127628326416
1935,succeeded,low_maturity_control,True,English,4.14,False,immature,0.950175,True,immature_readable,290,-0.6019899,0.041415576,0.09719792753458023,0.03772127628326416
1936,suggested,low_maturity_control,True,English,4.68,False,immature,0.77015,True,immature_readable,327,-0.6031726,0.001572842,0.09719792753458023,0.03772127628326416
1937,mizes,low_maturity_control,False,CLIPese,0.0,False,immature,0.7742999999999999,True,immature_readable,310,-0.7193583,-0.0067836405,0.09719792753458023,0.03772127628326416
1938,ftheday,low_maturity_control,False,CLIPese,0.0,False,immature,0.6134499999999999,False,,-1,-0.56542015,-4.386446e-05,0.09719792753458023,0.03772127628326416
1939,itation,low_maturity_control,False,CLIPese,0.0,False,immature,0.47117499999999995,False,,-1,-0.60517645,-0.010526629,0.09719792753458023,0.03772127628326416
1940,contr,low_maturity_control,True,English,2.21,False,immature,0.684175,True,immature_readable,344,-0.6512147,0.023538947,0.09719792753458023,0.03772127628326416
1941,athers,low_maturity_control,True,English,1.04,False,immature,0.39280000000000004,False,,-1,-0.4651189,-0.022703407,0.09719792753458023,0.03772127628326416
1942,avond,low_maturity_control,False,CLIPese,0.0,False,immature,0.523425,False,,-1,-0.5175397,-0.0038876745,0.09719792753458023,0.03772127628326416
1943,isure,low_maturity_control,False,CLIPese,0.0,False,immature,0.45972500000000005,False,,-1,-0.67826355,-0.0052577574,0.09719792753458023,0.03772127628326416
1944,nough,low_maturity_control,True,English,1.75,False,immature,0.6231,True,immature_readable,358,-0.6879309,-0.018587366,0.09719792753458023,0.03772127628326416
1945,picoftheday,low_maturity_control,True,English,1.18,False,immature,0.21982500000000002,True,low_both,455,-0.6841173,0.028785238,0.09719792753458023,0.03772127628326416
1946,reveals,low_maturity_control,True,English,4.34,False,immature,0.5625249999999999,False,,-1,-0.556864,0.064852394,0.09719792753458023,0.03772127628326416
1947,accomod,low_maturity_control,False,CLIPese,0.0,False,immature,0.665375,True,immature_readable,354,-0.63865453,-0.007937723,0.09719792753458023,0.03772127628326416
1948,abetter,low_maturity_control,True,English,1.19,False,immature,0.9072,True,immature_readable,285,-0.64750445,0.0003097993,0.09719792753458023,0.03772127628326416
1949,agood,low_maturity_control,True,English,1.69,False,immature,0.47227499999999994,False,,-1,-0.6985283,-0.011087964,0.09719792753458023,0.03772127628326416
1950,attributed,low_maturity_control,True,English,4.05,False,immature,0.15235,True,low_both,449,-0.53837764,0.00975572,0.09719792753458023,0.03772127628326416
1951,callsthe,low_maturity_control,False,CLIPese,0.0,False,immature,0.5814,False,,-1,-0.6808992,0.009117283,0.09719792753458023,0.03772127628326416
1952,extends,low_maturity_control,True,English,3.99,False,immature,0.5699000000000001,False,,-1,-0.49497724,-0.0017680705,0.09719792753458023,0.03772127628326416
1953,notbe,low_maturity_control,True,English,1.1,False,immature,0.5502,False,,-1,-0.7061846,-0.0020683955,0.09719792753458023,0.03772127628326416
1954,acquis,low_maturity_control,True,English,1.72,False,immature,0.5463250000000001,False,,-1,-0.6261571,0.02142837,0.09719792753458023,0.03772127628326416
1955,madewith,low_maturity_control,False,CLIPese,0.0,False,immature,0.288775,True,low_both,469,-0.59766555,0.11349603,0.09719792753458023,0.03772127628326416
1956,bestofthe,low_maturity_control,False,CLIPese,0.0,False,immature,0.6331,True,immature_readable,357,-0.70988935,0.026731832,0.09719792753458023,0.03772127628326416
1957,shared,low_maturity_control,True,English,4.68,False,immature,0.813525,True,immature_readable,314,-0.65632206,-0.008114288,0.09719792753458023,0.03772127628326416
1958,assisted,low_maturity_control,True,English,4.1,False,immature,0.91465,True,immature_readable,284,-0.632617,0.052721642,0.09719792753458023,0.03772127628326416
1959,acqui,low_maturity_control,True,English,1.63,False,immature,0.5221750000000001,False,,-1,-0.62500834,0.017136425,0.09719792753458023,0.03772127628326416
1960,joined,low_maturity_control,True,English,4.73,False,immature,0.8063750000000001,True,immature_readable,319,-0.54083365,0.017136868,0.09719792753458023,0.03772127628326416
1961,siest,low_maturity_control,False,CLIPese,0.0,False,immature,0.216625,True,low_both,452,-0.6766618,0.0041666394,0.09719792753458023,0.03772127628326416
1962,achem,low_maturity_control,False,CLIPese,0.0,False,immature,0.6791,True,immature_readable,332,-0.7068478,0.023093026,0.09719792753458023,0.03772127628326416
1963,exists,low_maturity_control,True,English,4.48,False,immature,0.73055,True,immature_readable,333,-0.57304174,0.037258785,0.09719792753458023,0.03772127628326416
1964,chered,low_maturity_control,False,CLIPese,0.0,False,immature,0.84315,True,immature_readable,303,-0.64860713,0.012474159,0.09719792753458023,0.03772127628326416
1965,atten,low_maturity_control,True,English,2.25,False,immature,0.8291249999999999,True,immature_readable,316,-0.6742935,0.011178657,0.09719792753458023,0.03772127628326416
1966,couldnt,low_maturity_control,True,English,3.43,False,immature,0.65615,True,immature_readable,359,-0.63733983,-0.022725655,0.09719792753458023,0.03772127628326416
1967,gives,low_maturity_control,True,English,5.03,False,immature,0.754275,True,immature_readable,326,-0.67232734,0.024602532,0.09719792753458023,0.03772127628326416
1968,aphoto,low_maturity_control,False,CLIPese,0.0,False,immature,0.23685,True,low_both,459,-0.67522836,0.004487945,0.09719792753458023,0.03772127628326416
1969,volved,low_maturity_control,False,CLIPese,0.0,False,immature,0.37422500000000003,True,low_both,471,-0.5412963,-0.01067545,0.09719792753458023,0.03772127628326416
1970,observed,low_maturity_control,True,English,4.39,False,immature,0.8356,True,orthographic_hard,18,-0.6115556,0.01749085,0.09719792753458023,0.03772127628326416
1971,referring,low_maturity_control,True,English,4.35,False,immature,0.765225,True,immature_readable,322,-0.56250936,-0.0061693205,0.09719792753458023,0.03772127628326416
1972,alizes,low_maturity_control,False,CLIPese,0.0,False,immature,0.609225,False,,-1,-0.58349,0.023096586,0.09719792753458023,0.03772127628326416
1973,blog,low_maturity_control,True,English,4.73,False,immature,0.6045,False,,-1,-0.67844385,-0.039117727,0.09719792753458023,0.03772127628326416
1974,introduced,low_maturity_control,True,English,4.72,False,immature,0.54125,False,,-1,-0.5398297,-0.007098211,0.09719792753458023,0.03772127628326416
1975,overlooked,low_maturity_control,True,English,3.82,False,immature,0.656375,True,immature_readable,364,-0.63301176,-0.0028656921,0.09719792753458023,0.03772127628326416
1976,areyou,low_maturity_control,True,English,1.29,False,immature,0.35045,True,low_both,478,-0.6742939,-0.021780796,0.09719792753458023,0.03772127628326416
1977,asserted,low_maturity_control,True,English,3.59,False,immature,0.923275,True,immature_readable,296,-0.6570331,0.03978517,0.09719792753458023,0.03772127628326416
1978,endif,low_maturity_control,True,English,1.67,False,immature,0.396625,False,,-1,-0.6635835,0.029760838,0.09719792753458023,0.03772127628326416
1979,second,low_maturity_control,True,English,5.63,False,immature,0.7282,True,immature_readable,340,-0.696741,0.009147029,0.09719792753458023,0.03772127628326416
1980,authored,low_maturity_control,True,English,3.49,False,immature,0.21015,True,low_both,454,-0.29049587,0.078379825,0.09719792753458023,0.03772127628326416
1981,lives,low_maturity_control,True,English,5.14,False,immature,0.871775,True,immature_readable,294,-0.56505746,-0.0071257395,0.09719792753458023,0.03772127628326416
1982,thenew,low_maturity_control,True,English,1.49,False,immature,0.670675,True,immature_readable,350,-0.6880654,0.009593009,0.09719792753458023,0.03772127628326416
1983,agrees,low_maturity_control,True,English,4.08,False,immature,0.62585,True,immature_readable,367,-0.67101145,0.0011054918,0.09719792753458023,0.03772127628326416
1984,todays,low_maturity_control,True,English,3.1,False,immature,0.511225,False,,-1,-0.6528659,0.012289103,0.09719792753458023,0.03772127628326416
1985,graced,low_maturity_control,True,English,2.99,False,immature,0.6677500000000001,True,immature_readable,361,-0.5996049,0.02610779,0.09719792753458023,0.03772127628326416
1986,proves,low_maturity_control,True,English,4.06,False,immature,0.7840750000000001,True,immature_readable,318,-0.53235036,0.018924424,0.09719792753458023,0.03772127628326416
1987,imagined,low_maturity_control,True,English,4.07,False,immature,0.7951250000000001,True,immature_readable,304,-0.6136349,0.07076552,0.09719792753458023,0.03772127628326416
1988,sumed,low_maturity_control,True,English,1.02,False,immature,0.7352000000000001,True,immature_readable,325,-0.69029576,0.015104701,0.09719792753458023,0.03772127628326416
1989,toknow,low_maturity_control,True,English,1.11,False,immature,0.387575,False,,-1,-0.72430027,-0.026859099,0.09719792753458023,0.03772127628326416
1990,example,low_maturity_control,True,English,5.27,False,immature,0.2152,True,low_both,453,-0.6847938,0.044437286,0.09719792753458023,0.03772127628326416
1991,alleged,low_maturity_control,True,English,4.37,False,immature,0.469025,False,,-1,-0.6527019,0.04940336,0.09719792753458023,0.03772127628326416
1992,madeto,low_maturity_control,False,CLIPese,0.0,False,immature,0.86255,True,immature_readable,293,-0.6139338,0.017781077,0.09719792753458023,0.03772127628326416
1993,andthe,low_maturity_control,True,English,2.12,False,immature,0.37079999999999996,True,low_both,485,-0.71723104,-0.0029992945,0.09719792753458023,0.03772127628326416
1994,constituted,low_maturity_control,True,English,3.58,False,immature,0.7048749999999999,True,immature_readable,334,-0.6503061,0.020167729,0.09719792753458023,0.03772127628326416
1995,terday,low_maturity_control,False,CLIPese,0.0,False,immature,0.8778,True,immature_readable,292,-0.71212465,0.004854962,0.09719792753458023,0.03772127628326416
1996,served,low_maturity_control,True,English,4.81,False,immature,0.887575,True,orthographic_hard,19,-0.55799323,-0.0017252677,0.09719792753458023,0.03772127628326416
1997,viewed,low_maturity_control,True,English,4.31,False,immature,0.504875,False,,-1,-0.5900262,0.076058075,0.09719792753458023,0.03772127628326416
1998,ative,low_maturity_control,True,English,1.22,False,immature,0.43865000000000004,False,,-1,-0.65874904,-0.0053168475,0.09719792753458023,0.03772127628326416
1999,named,low_maturity_control,True,English,4.95,False,immature,0.450325,False,,-1,-0.6063881,-0.009338954,0.09719792753458023,0.03772127628326416
