,image,image_duration,label,response,response_time,worker_id,objectnet,response_options
134623,0010c289bf9e42d.png,100,digital watch,digital watch,3.404,87aa1db6bfcd3fbd,True,"['Band-Aid', 'T-shirt', 'backpack', 'banana', 'cleaver', 'clothes iron', 'coffee mug', 'computer mouse', 'digital watch', 'doormat', 'dumbbell', 'envelope', 'hair dryer', 'hammer', 'lampshade', 'lemon', 'lipstick', 'match', 'mobile phone', 'necklace', 'padlock', 'paintbrush', 'paper towel', 'park bench', 'pill bottle', 'pillow', 'plastic bag', 'plunger', 'power drill', 'printer', 'racket', 'ruler', 'safety pin', 'salt shaker', 'sandal', 'screw', 'shovel', 'space heater', 'spatula', 'speaker', 'strainer', 'sunglasses', 'teddy bear', 'television', 'umbrella', 'vase', 'wallet', 'waste container', 'water bottle', 'whistle']"
149593,00f1a3cbe85542d.png,100,television,television,5.337,ea380039a0795dc7,True,"['Band-Aid', 'T-shirt', 'backpack', 'banana', 'cleaver', 'clothes iron', 'coffee mug', 'computer mouse', 'digital watch', 'doormat', 'dumbbell', 'envelope', 'hair dryer', 'hammer', 'lampshade', 'lemon', 'lipstick', 'match', 'mobile phone', 'necklace', 'padlock', 'paintbrush', 'paper towel', 'park bench', 'pill bottle', 'pillow', 'plastic bag', 'plunger', 'power drill', 'printer', 'racket', 'ruler', 'safety pin', 'salt shaker', 'sandal', 'screw', 'shovel', 'space heater', 'spatula', 'speaker', 'strainer', 'sunglasses', 'teddy bear', 'television', 'umbrella', 'vase', 'wallet', 'waste container', 'water bottle', 'whistle']"
140182,0199908e3ce3417.png,100,plastic bag,plastic bag,2.225,1b4ea904d4e8ca0b,True,"['Band-Aid', 'T-shirt', 'backpack', 'banana', 'cleaver', 'clothes iron', 'coffee mug', 'computer mouse', 'digital watch', 'doormat', 'dumbbell', 'envelope', 'hair dryer', 'hammer', 'lampshade', 'lemon', 'lipstick', 'match', 'mobile phone', 'necklace', 'padlock', 'paintbrush', 'paper towel', 'park bench', 'pill bottle', 'pillow', 'plastic bag', 'plunger', 'power drill', 'printer', 'racket', 'ruler', 'safety pin', 'salt shaker', 'sandal', 'screw', 'shovel', 'space heater', 'spatula', 'speaker', 'strainer', 'sunglasses', 'teddy bear', 'television', 'umbrella', 'vase', 'wallet', 'waste container', 'water bottle', 'whistle']"
163299,01a6a919725e405.png,100,mobile phone,mobile phone,4.411,70628194c8d0b3a9,True,"['Band-Aid', 'T-shirt', 'backpack', 'banana', 'cleaver', 'clothes iron', 'coffee mug', 'computer mouse', 'digital watch', 'doormat', 'dumbbell', 'envelope', 'hair dryer', 'hammer', 'lampshade', 'lemon', 'lipstick', 'match', 'mobile phone', 'necklace', 'padlock', 'paintbrush', 'paper towel', 'park bench', 'pill bottle', 'pillow', 'plastic bag', 'plunger', 'power drill', 'printer', 'racket', 'ruler', 'safety pin', 'salt shaker', 'sandal', 'screw', 'shovel', 'space heater', 'spatula', 'speaker', 'strainer', 'sunglasses', 'teddy bear', 'television', 'umbrella', 'vase', 'wallet', 'waste container', 'water bottle', 'whistle']"
134662,01a838c3c04a4d3.png,100,safety pin,safety pin,2.925,d89cfac324f0e406,True,"['Band-Aid', 'T-shirt', 'backpack', 'banana', 'cleaver', 'clothes iron', 'coffee mug', 'computer mouse', 'digital watch', 'doormat', 'dumbbell', 'envelope', 'hair dryer', 'hammer', 'lampshade', 'lemon', 'lipstick', 'match', 'mobile phone', 'necklace', 'padlock', 'paintbrush', 'paper towel', 'park bench', 'pill bottle', 'pillow', 'plastic bag', 'plunger', 'power drill', 'printer', 'racket', 'ruler', 'safety pin', 'salt shaker', 'sandal', 'screw', 'shovel', 'space heater', 'spatula', 'speaker', 'strainer', 'sunglasses', 'teddy bear', 'television', 'umbrella', 'vase', 'wallet', 'waste container', 'water bottle', 'whistle']"
160068,029961b1f7e042a.png,100,lemon,lemon,2.202,f6667d4a5298e717,True,"['Band-Aid', 'T-shirt', 'backpack', 'banana', 'cleaver', 'clothes iron', 'coffee mug', 'computer mouse', 'digital watch', 'doormat', 'dumbbell', 'envelope', 'hair dryer', 'hammer', 'lampshade', 'lemon', 'lipstick', 'match', 'mobile phone', 'necklace', 'padlock', 'paintbrush', 'paper towel', 'park bench', 'pill bottle', 'pillow', 'plastic bag', 'plunger', 'power drill', 'printer', 'racket', 'ruler', 'safety pin', 'salt shaker', 'sandal', 'screw', 'shovel', 'space heater', 'spatula', 'speaker', 'strainer', 'sunglasses', 'teddy bear', 'television', 'umbrella', 'vase', 'wallet', 'waste container', 'water bottle', 'whistle']"
135940,02b7e52a6c30420.png,100,strainer,strainer,2.21,1213dd808071fcca,True,"['Band-Aid', 'T-shirt', 'backpack', 'banana', 'cleaver', 'clothes iron', 'coffee mug', 'computer mouse', 'digital watch', 'doormat', 'dumbbell', 'envelope', 'hair dryer', 'hammer', 'lampshade', 'lemon', 'lipstick', 'match', 'mobile phone', 'necklace', 'padlock', 'paintbrush', 'paper towel', 'park bench', 'pill bottle', 'pillow', 'plastic bag', 'plunger', 'power drill', 'printer', 'racket', 'ruler', 'safety pin', 'salt shaker', 'sandal', 'screw', 'shovel', 'space heater', 'spatula', 'speaker', 'strainer', 'sunglasses', 'teddy bear', 'television', 'umbrella', 'vase', 'wallet', 'waste container', 'water bottle', 'whistle']"
141247,02dd2f1e8670401.png,100,banana,whistle,2.297,b13493ba185a2204,True,"['Band-Aid', 'T-shirt', 'backpack', 'banana', 'cleaver', 'clothes iron', 'coffee mug', 'computer mouse', 'digital watch', 'doormat', 'dumbbell', 'envelope', 'hair dryer', 'hammer', 'lampshade', 'lemon', 'lipstick', 'match', 'mobile phone', 'necklace', 'padlock', 'paintbrush', 'paper towel', 'park bench', 'pill bottle', 'pillow', 'plastic bag', 'plunger', 'power drill', 'printer', 'racket', 'ruler', 'safety pin', 'salt shaker', 'sandal', 'screw', 'shovel', 'space heater', 'spatula', 'speaker', 'strainer', 'sunglasses', 'teddy bear', 'television', 'umbrella', 'vase', 'wallet', 'waste container', 'water bottle', 'whistle']"
143909,02f3c92a47874cb.png,100,lemon,lemon,3.701,2fed2c25e5534329,True,"['Band-Aid', 'T-shirt', 'backpack', 'banana', 'cleaver', 'clothes iron', 'coffee mug', 'computer mouse', 'digital watch', 'doormat', 'dumbbell', 'envelope', 'hair dryer', 'hammer', 'lampshade', 'lemon', 'lipstick', 'match', 'mobile phone', 'necklace', 'padlock', 'paintbrush', 'paper towel', 'park bench', 'pill bottle', 'pillow', 'plastic bag', 'plunger', 'power drill', 'printer', 'racket', 'ruler', 'safety pin', 'salt shaker', 'sandal', 'screw', 'shovel', 'space heater', 'spatula', 'speaker', 'strainer', 'sunglasses', 'teddy bear', 'television', 'umbrella', 'vase', 'wallet', 'waste container', 'water bottle', 'whistle']"
142509,0332a175304e425.png,100,pill bottle,pill bottle,2.338,ea9cb26121454822,True,"['Band-Aid', 'T-shirt', 'backpack', 'banana', 'cleaver', 'clothes iron', 'coffee mug', 'computer mouse', 'digital watch', 'doormat', 'dumbbell', 'envelope', 'hair dryer', 'hammer', 'lampshade', 'lemon', 'lipstick', 'match', 'mobile phone', 'necklace', 'padlock', 'paintbrush', 'paper towel', 'park bench', 'pill bottle', 'pillow', 'plastic bag', 'plunger', 'power drill', 'printer', 'racket', 'ruler', 'safety pin', 'salt shaker', 'sandal', 'screw', 'shovel', 'space heater', 'spatula', 'speaker', 'strainer', 'sunglasses', 'teddy bear', 'television', 'umbrella', 'vase', 'wallet', 'waste container', 'water bottle', 'whistle']"
134427,035d5ce87842464.png,100,water bottle,water bottle,13.46,832cc66b544e205e,True,"['Band-Aid', 'T-shirt', 'backpack', 'banana', 'cleaver', 'clothes iron', 'coffee mug', 'computer mouse', 'digital watch', 'doormat', 'dumbbell', 'envelope', 'hair dryer', 'hammer', 'lampshade', 'lemon', 'lipstick', 'match', 'mobile phone', 'necklace', 'padlock', 'paintbrush', 'paper towel', 'park bench', 'pill bottle', 'pillow', 'plastic bag', 'plunger', 'power drill', 'printer', 'racket', 'ruler', 'safety pin', 'salt shaker', 'sandal', 'screw', 'shovel', 'space heater', 'spatula', 'speaker', 'strainer', 'sunglasses', 'teddy bear', 'television', 'umbrella', 'vase', 'wallet', 'waste container', 'water bottle', 'whistle']"
149875,043a0d44c0874ec.png,100,match,match,2.116,29d849592146aa90,True,"['Band-Aid', 'T-shirt', 'backpack', 'banana', 'cleaver', 'clothes iron', 'coffee mug', 'computer mouse', 'digital watch', 'doormat', 'dumbbell', 'envelope', 'hair dryer', 'hammer', 'lampshade', 'lemon', 'lipstick', 'match', 'mobile phone', 'necklace', 'padlock', 'paintbrush', 'paper towel', 'park bench', 'pill bottle', 'pillow', 'plastic bag', 'plunger', 'power drill', 'printer', 'racket', 'ruler', 'safety pin', 'salt shaker', 'sandal', 'screw', 'shovel', 'space heater', 'spatula', 'speaker', 'strainer', 'sunglasses', 'teddy bear', 'television', 'umbrella', 'vase', 'wallet', 'waste container', 'water bottle', 'whistle']"
165351,060cd93d9718413.png,100,cleaver,cleaver,17.7,d20bb886d00ac156,True,"['Band-Aid', 'T-shirt', 'backpack', 'banana', 'cleaver', 'clothes iron', 'coffee mug', 'computer mouse', 'digital watch', 'doormat', 'dumbbell', 'envelope', 'hair dryer', 'hammer', 'lampshade', 'lemon', 'lipstick', 'match', 'mobile phone', 'necklace', 'padlock', 'paintbrush', 'paper towel', 'park bench', 'pill bottle', 'pillow', 'plastic bag', 'plunger', 'power drill', 'printer', 'racket', 'ruler', 'safety pin', 'salt shaker', 'sandal', 'screw', 'shovel', 'space heater', 'spatula', 'speaker', 'strainer', 'sunglasses', 'teddy bear', 'television', 'umbrella', 'vase', 'wallet', 'waste container', 'water bottle', 'whistle']"
146730,074bc10d67384b5.png,100,paintbrush,paintbrush,2.333,55f862a00fb1db2a,True,"['Band-Aid', 'T-shirt', 'backpack', 'banana', 'cleaver', 'clothes iron', 'coffee mug', 'computer mouse', 'digital watch', 'doormat', 'dumbbell', 'envelope', 'hair dryer', 'hammer', 'lampshade', 'lemon', 'lipstick', 'match', 'mobile phone', 'necklace', 'padlock', 'paintbrush', 'paper towel', 'park bench', 'pill bottle', 'pillow', 'plastic bag', 'plunger', 'power drill', 'printer', 'racket', 'ruler', 'safety pin', 'salt shaker', 'sandal', 'screw', 'shovel', 'space heater', 'spatula', 'speaker', 'strainer', 'sunglasses', 'teddy bear', 'television', 'umbrella', 'vase', 'wallet', 'waste container', 'water bottle', 'whistle']"
143137,08feb4feaf8f45a.png,100,mobile phone,mobile phone,2.881,4c3df4ac9dc20573,True,"['Band-Aid', 'T-shirt', 'backpack', 'banana', 'cleaver', 'clothes iron', 'coffee mug', 'computer mouse', 'digital watch', 'doormat', 'dumbbell', 'envelope', 'hair dryer', 'hammer', 'lampshade', 'lemon', 'lipstick', 'match', 'mobile phone', 'necklace', 'padlock', 'paintbrush', 'paper towel', 'park bench', 'pill bottle', 'pillow', 'plastic bag', 'plunger', 'power drill', 'printer', 'racket', 'ruler', 'safety pin', 'salt shaker', 'sandal', 'screw', 'shovel', 'space heater', 'spatula', 'speaker', 'strainer', 'sunglasses', 'teddy bear', 'television', 'umbrella', 'vase', 'wallet', 'waste container', 'water bottle', 'whistle']"
149320,093813d9946f41c.png,100,teddy bear,teddy bear,2.351,00bc372cdfa32ee2,True,"['Band-Aid', 'T-shirt', 'backpack', 'banana', 'cleaver', 'clothes iron', 'coffee mug', 'computer mouse', 'digital watch', 'doormat', 'dumbbell', 'envelope', 'hair dryer', 'hammer', 'lampshade', 'lemon', 'lipstick', 'match', 'mobile phone', 'necklace', 'padlock', 'paintbrush', 'paper towel', 'park bench', 'pill bottle', 'pillow', 'plastic bag', 'plunger', 'power drill', 'printer', 'racket', 'ruler', 'safety pin', 'salt shaker', 'sandal', 'screw', 'shovel', 'space heater', 'spatula', 'speaker', 'strainer', 'sunglasses', 'teddy bear', 'television', 'umbrella', 'vase', 'wallet', 'waste container', 'water bottle', 'whistle']"
160552,0b0104e5678c4aa.png,100,hammer,hammer,3.074,9d2a517ae561c087,True,"['Band-Aid', 'T-shirt', 'backpack', 'banana', 'cleaver', 'clothes iron', 'coffee mug', 'computer mouse', 'digital watch', 'doormat', 'dumbbell', 'envelope', 'hair dryer', 'hammer', 'lampshade', 'lemon', 'lipstick', 'match', 'mobile phone', 'necklace', 'padlock', 'paintbrush', 'paper towel', 'park bench', 'pill bottle', 'pillow', 'plastic bag', 'plunger', 'power drill', 'printer', 'racket', 'ruler', 'safety pin', 'salt shaker', 'sandal', 'screw', 'shovel', 'space heater', 'spatula', 'speaker', 'strainer', 'sunglasses', 'teddy bear', 'television', 'umbrella', 'vase', 'wallet', 'waste container', 'water bottle', 'whistle']"
142958,0b2d027074d84db.png,100,umbrella,umbrella,26.576,594110e0d8e7a82b,True,"['Band-Aid', 'T-shirt', 'backpack', 'banana', 'cleaver', 'clothes iron', 'coffee mug', 'computer mouse', 'digital watch', 'doormat', 'dumbbell', 'envelope', 'hair dryer', 'hammer', 'lampshade', 'lemon', 'lipstick', 'match', 'mobile phone', 'necklace', 'padlock', 'paintbrush', 'paper towel', 'park bench', 'pill bottle', 'pillow', 'plastic bag', 'plunger', 'power drill', 'printer', 'racket', 'ruler', 'safety pin', 'salt shaker', 'sandal', 'screw', 'shovel', 'space heater', 'spatula', 'speaker', 'strainer', 'sunglasses', 'teddy bear', 'television', 'umbrella', 'vase', 'wallet', 'waste container', 'water bottle', 'whistle']"
135626,0b67d5b4a7bf49e.png,100,coffee mug,coffee mug,15.94,026772ccff637e47,True,"['Band-Aid', 'T-shirt', 'backpack', 'banana', 'cleaver', 'clothes iron', 'coffee mug', 'computer mouse', 'digital watch', 'doormat', 'dumbbell', 'envelope', 'hair dryer', 'hammer', 'lampshade', 'lemon', 'lipstick', 'match', 'mobile phone', 'necklace', 'padlock', 'paintbrush', 'paper towel', 'park bench', 'pill bottle', 'pillow', 'plastic bag', 'plunger', 'power drill', 'printer', 'racket', 'ruler', 'safety pin', 'salt shaker', 'sandal', 'screw', 'shovel', 'space heater', 'spatula', 'speaker', 'strainer', 'sunglasses', 'teddy bear', 'television', 'umbrella', 'vase', 'wallet', 'waste container', 'water bottle', 'whistle']"
161161,0caa37f87d1644a.png,100,clothes iron,clothes iron,3.036,c2c0cf74bab84c25,True,"['Band-Aid', 'T-shirt', 'backpack', 'banana', 'cleaver', 'clothes iron', 'coffee mug', 'computer mouse', 'digital watch', 'doormat', 'dumbbell', 'envelope', 'hair dryer', 'hammer', 'lampshade', 'lemon', 'lipstick', 'match', 'mobile phone', 'necklace', 'padlock', 'paintbrush', 'paper towel', 'park bench', 'pill bottle', 'pillow', 'plastic bag', 'plunger', 'power drill', 'printer', 'racket', 'ruler', 'safety pin', 'salt shaker', 'sandal', 'screw', 'shovel', 'space heater', 'spatula', 'speaker', 'strainer', 'sunglasses', 'teddy bear', 'television', 'umbrella', 'vase', 'wallet', 'waste container', 'water bottle', 'whistle']"
142569,0caf9153425c4f1.png,100,mobile phone,mobile phone,10.246,ccb694d035dd2455,True,"['Band-Aid', 'T-shirt', 'backpack', 'banana', 'cleaver', 'clothes iron', 'coffee mug', 'computer mouse', 'digital watch', 'doormat', 'dumbbell', 'envelope', 'hair dryer', 'hammer', 'lampshade', 'lemon', 'lipstick', 'match', 'mobile phone', 'necklace', 'padlock', 'paintbrush', 'paper towel', 'park bench', 'pill bottle', 'pillow', 'plastic bag', 'plunger', 'power drill', 'printer', 'racket', 'ruler', 'safety pin', 'salt shaker', 'sandal', 'screw', 'shovel', 'space heater', 'spatula', 'speaker', 'strainer', 'sunglasses', 'teddy bear', 'television', 'umbrella', 'vase', 'wallet', 'waste container', 'water bottle', 'whistle']"
136243,0d33d18284ef4f8.png,100,computer mouse,computer mouse,4.184,63a0c3827bb252e4,True,"['Band-Aid', 'T-shirt', 'backpack', 'banana', 'cleaver', 'clothes iron', 'coffee mug', 'computer mouse', 'digital watch', 'doormat', 'dumbbell', 'envelope', 'hair dryer', 'hammer', 'lampshade', 'lemon', 'lipstick', 'match', 'mobile phone', 'necklace', 'padlock', 'paintbrush', 'paper towel', 'park bench', 'pill bottle', 'pillow', 'plastic bag', 'plunger', 'power drill', 'printer', 'racket', 'ruler', 'safety pin', 'salt shaker', 'sandal', 'screw', 'shovel', 'space heater', 'spatula', 'speaker', 'strainer', 'sunglasses', 'teddy bear', 'television', 'umbrella', 'vase', 'wallet', 'waste container', 'water bottle', 'whistle']"
142815,0d5475d9bca4424.png,100,umbrella,umbrella,2.44,cd89161e9fcfd93f,True,"['Band-Aid', 'T-shirt', 'backpack', 'banana', 'cleaver', 'clothes iron', 'coffee mug', 'computer mouse', 'digital watch', 'doormat', 'dumbbell', 'envelope', 'hair dryer', 'hammer', 'lampshade', 'lemon', 'lipstick', 'match', 'mobile phone', 'necklace', 'padlock', 'paintbrush', 'paper towel', 'park bench', 'pill bottle', 'pillow', 'plastic bag', 'plunger', 'power drill', 'printer', 'racket', 'ruler', 'safety pin', 'salt shaker', 'sandal', 'screw', 'shovel', 'space heater', 'spatula', 'speaker', 'strainer', 'sunglasses', 'teddy bear', 'television', 'umbrella', 'vase', 'wallet', 'waste container', 'water bottle', 'whistle']"
143880,0e4a8812fe524aa.png,100,plastic bag,plastic bag,1.877,5e1407a5f978cc23,True,"['Band-Aid', 'T-shirt', 'backpack', 'banana', 'cleaver', 'clothes iron', 'coffee mug', 'computer mouse', 'digital watch', 'doormat', 'dumbbell', 'envelope', 'hair dryer', 'hammer', 'lampshade', 'lemon', 'lipstick', 'match', 'mobile phone', 'necklace', 'padlock', 'paintbrush', 'paper towel', 'park bench', 'pill bottle', 'pillow', 'plastic bag', 'plunger', 'power drill', 'printer', 'racket', 'ruler', 'safety pin', 'salt shaker', 'sandal', 'screw', 'shovel', 'space heater', 'spatula', 'speaker', 'strainer', 'sunglasses', 'teddy bear', 'television', 'umbrella', 'vase', 'wallet', 'waste container', 'water bottle', 'whistle']"
136054,0e8fffbabf8845a.png,100,necklace,necklace,31.243,cba1065ce0d50f13,True,"['Band-Aid', 'T-shirt', 'backpack', 'banana', 'cleaver', 'clothes iron', 'coffee mug', 'computer mouse', 'digital watch', 'doormat', 'dumbbell', 'envelope', 'hair dryer', 'hammer', 'lampshade', 'lemon', 'lipstick', 'match', 'mobile phone', 'necklace', 'padlock', 'paintbrush', 'paper towel', 'park bench', 'pill bottle', 'pillow', 'plastic bag', 'plunger', 'power drill', 'printer', 'racket', 'ruler', 'safety pin', 'salt shaker', 'sandal', 'screw', 'shovel', 'space heater', 'spatula', 'speaker', 'strainer', 'sunglasses', 'teddy bear', 'television', 'umbrella', 'vase', 'wallet', 'waste container', 'water bottle', 'whistle']"
144882,0fe5ef2fca1442f.png,100,sunglasses,sunglasses,20.498,334c7903f6940938,True,"['Band-Aid', 'T-shirt', 'backpack', 'banana', 'cleaver', 'clothes iron', 'coffee mug', 'computer mouse', 'digital watch', 'doormat', 'dumbbell', 'envelope', 'hair dryer', 'hammer', 'lampshade', 'lemon', 'lipstick', 'match', 'mobile phone', 'necklace', 'padlock', 'paintbrush', 'paper towel', 'park bench', 'pill bottle', 'pillow', 'plastic bag', 'plunger', 'power drill', 'printer', 'racket', 'ruler', 'safety pin', 'salt shaker', 'sandal', 'screw', 'shovel', 'space heater', 'spatula', 'speaker', 'strainer', 'sunglasses', 'teddy bear', 'television', 'umbrella', 'vase', 'wallet', 'waste container', 'water bottle', 'whistle']"
149614,10039e9b42c7444.png,100,envelope,envelope,2.278,3e26e474e2fc90fe,True,"['Band-Aid', 'T-shirt', 'backpack', 'banana', 'cleaver', 'clothes iron', 'coffee mug', 'computer mouse', 'digital watch', 'doormat', 'dumbbell', 'envelope', 'hair dryer', 'hammer', 'lampshade', 'lemon', 'lipstick', 'match', 'mobile phone', 'necklace', 'padlock', 'paintbrush', 'paper towel', 'park bench', 'pill bottle', 'pillow', 'plastic bag', 'plunger', 'power drill', 'printer', 'racket', 'ruler', 'safety pin', 'salt shaker', 'sandal', 'screw', 'shovel', 'space heater', 'spatula', 'speaker', 'strainer', 'sunglasses', 'teddy bear', 'television', 'umbrella', 'vase', 'wallet', 'waste container', 'water bottle', 'whistle']"
146338,101292a7703b43a.png,100,hammer,hammer,2.788,749ff9b112228311,True,"['Band-Aid', 'T-shirt', 'backpack', 'banana', 'cleaver', 'clothes iron', 'coffee mug', 'computer mouse', 'digital watch', 'doormat', 'dumbbell', 'envelope', 'hair dryer', 'hammer', 'lampshade', 'lemon', 'lipstick', 'match', 'mobile phone', 'necklace', 'padlock', 'paintbrush', 'paper towel', 'park bench', 'pill bottle', 'pillow', 'plastic bag', 'plunger', 'power drill', 'printer', 'racket', 'ruler', 'safety pin', 'salt shaker', 'sandal', 'screw', 'shovel', 'space heater', 'spatula', 'speaker', 'strainer', 'sunglasses', 'teddy bear', 'television', 'umbrella', 'vase', 'wallet', 'waste container', 'water bottle', 'whistle']"
139495,11dd7480bdb4463.png,100,vase,vase,2.413,082f3035cb3f182e,True,"['Band-Aid', 'T-shirt', 'backpack', 'banana', 'cleaver', 'clothes iron', 'coffee mug', 'computer mouse', 'digital watch', 'doormat', 'dumbbell', 'envelope', 'hair dryer', 'hammer', 'lampshade', 'lemon', 'lipstick', 'match', 'mobile phone', 'necklace', 'padlock', 'paintbrush', 'paper towel', 'park bench', 'pill bottle', 'pillow', 'plastic bag', 'plunger', 'power drill', 'printer', 'racket', 'ruler', 'safety pin', 'salt shaker', 'sandal', 'screw', 'shovel', 'space heater', 'spatula', 'speaker', 'strainer', 'sunglasses', 'teddy bear', 'television', 'umbrella', 'vase', 'wallet', 'waste container', 'water bottle', 'whistle']"
151531,12ed9ce3a98c4a3.png,100,clothes iron,clothes iron,2.36,5e1407a5f978cc23,True,"['Band-Aid', 'T-shirt', 'backpack', 'banana', 'cleaver', 'clothes iron', 'coffee mug', 'computer mouse', 'digital watch', 'doormat', 'dumbbell', 'envelope', 'hair dryer', 'hammer', 'lampshade', 'lemon', 'lipstick', 'match', 'mobile phone', 'necklace', 'padlock', 'paintbrush', 'paper towel', 'park bench', 'pill bottle', 'pillow', 'plastic bag', 'plunger', 'power drill', 'printer', 'racket', 'ruler', 'safety pin', 'salt shaker', 'sandal', 'screw', 'shovel', 'space heater', 'spatula', 'speaker', 'strainer', 'sunglasses', 'teddy bear', 'television', 'umbrella', 'vase', 'wallet', 'waste container', 'water bottle', 'whistle']"
137091,13371b6fd2e147d.png,100,padlock,padlock,2.074,2b7da23c1dfa7bb1,True,"['Band-Aid', 'T-shirt', 'backpack', 'banana', 'cleaver', 'clothes iron', 'coffee mug', 'computer mouse', 'digital watch', 'doormat', 'dumbbell', 'envelope', 'hair dryer', 'hammer', 'lampshade', 'lemon', 'lipstick', 'match', 'mobile phone', 'necklace', 'padlock', 'paintbrush', 'paper towel', 'park bench', 'pill bottle', 'pillow', 'plastic bag', 'plunger', 'power drill', 'printer', 'racket', 'ruler', 'safety pin', 'salt shaker', 'sandal', 'screw', 'shovel', 'space heater', 'spatula', 'speaker', 'strainer', 'sunglasses', 'teddy bear', 'television', 'umbrella', 'vase', 'wallet', 'waste container', 'water bottle', 'whistle']"
159009,13a6981c725d4e0.png,100,television,television,10.77,4e5184575acca7c9,True,"['Band-Aid', 'T-shirt', 'backpack', 'banana', 'cleaver', 'clothes iron', 'coffee mug', 'computer mouse', 'digital watch', 'doormat', 'dumbbell', 'envelope', 'hair dryer', 'hammer', 'lampshade', 'lemon', 'lipstick', 'match', 'mobile phone', 'necklace', 'padlock', 'paintbrush', 'paper towel', 'park bench', 'pill bottle', 'pillow', 'plastic bag', 'plunger', 'power drill', 'printer', 'racket', 'ruler', 'safety pin', 'salt shaker', 'sandal', 'screw', 'shovel', 'space heater', 'spatula', 'speaker', 'strainer', 'sunglasses', 'teddy bear', 'television', 'umbrella', 'vase', 'wallet', 'waste container', 'water bottle', 'whistle']"
134970,1662561d2f384ae.png,100,clothes iron,clothes iron,25.783,8e2eb069290ef426,True,"['Band-Aid', 'T-shirt', 'backpack', 'banana', 'cleaver', 'clothes iron', 'coffee mug', 'computer mouse', 'digital watch', 'doormat', 'dumbbell', 'envelope', 'hair dryer', 'hammer', 'lampshade', 'lemon', 'lipstick', 'match', 'mobile phone', 'necklace', 'padlock', 'paintbrush', 'paper towel', 'park bench', 'pill bottle', 'pillow', 'plastic bag', 'plunger', 'power drill', 'printer', 'racket', 'ruler', 'safety pin', 'salt shaker', 'sandal', 'screw', 'shovel', 'space heater', 'spatula', 'speaker', 'strainer', 'sunglasses', 'teddy bear', 'television', 'umbrella', 'vase', 'wallet', 'waste container', 'water bottle', 'whistle']"
142573,173ad192ed9a4f1.png,100,pill bottle,pill bottle,8.316,5195a4a4282cc06e,True,"['Band-Aid', 'T-shirt', 'backpack', 'banana', 'cleaver', 'clothes iron', 'coffee mug', 'computer mouse', 'digital watch', 'doormat', 'dumbbell', 'envelope', 'hair dryer', 'hammer', 'lampshade', 'lemon', 'lipstick', 'match', 'mobile phone', 'necklace', 'padlock', 'paintbrush', 'paper towel', 'park bench', 'pill bottle', 'pillow', 'plastic bag', 'plunger', 'power drill', 'printer', 'racket', 'ruler', 'safety pin', 'salt shaker', 'sandal', 'screw', 'shovel', 'space heater', 'spatula', 'speaker', 'strainer', 'sunglasses', 'teddy bear', 'television', 'umbrella', 'vase', 'wallet', 'waste container', 'water bottle', 'whistle']"
147557,17bfcbaf1b3d495.png,100,T-shirt,T-shirt,1.672,8fa7917f5ee4451c,True,"['Band-Aid', 'T-shirt', 'backpack', 'banana', 'cleaver', 'clothes iron', 'coffee mug', 'computer mouse', 'digital watch', 'doormat', 'dumbbell', 'envelope', 'hair dryer', 'hammer', 'lampshade', 'lemon', 'lipstick', 'match', 'mobile phone', 'necklace', 'padlock', 'paintbrush', 'paper towel', 'park bench', 'pill bottle', 'pillow', 'plastic bag', 'plunger', 'power drill', 'printer', 'racket', 'ruler', 'safety pin', 'salt shaker', 'sandal', 'screw', 'shovel', 'space heater', 'spatula', 'speaker', 'strainer', 'sunglasses', 'teddy bear', 'television', 'umbrella', 'vase', 'wallet', 'waste container', 'water bottle', 'whistle']"
152336,18d24606c6114b5.png,100,paintbrush,paintbrush,2.296,6ada519c0928b968,True,"['Band-Aid', 'T-shirt', 'backpack', 'banana', 'cleaver', 'clothes iron', 'coffee mug', 'computer mouse', 'digital watch', 'doormat', 'dumbbell', 'envelope', 'hair dryer', 'hammer', 'lampshade', 'lemon', 'lipstick', 'match', 'mobile phone', 'necklace', 'padlock', 'paintbrush', 'paper towel', 'park bench', 'pill bottle', 'pillow', 'plastic bag', 'plunger', 'power drill', 'printer', 'racket', 'ruler', 'safety pin', 'salt shaker', 'sandal', 'screw', 'shovel', 'space heater', 'spatula', 'speaker', 'strainer', 'sunglasses', 'teddy bear', 'television', 'umbrella', 'vase', 'wallet', 'waste container', 'water bottle', 'whistle']"
158460,18f9972580654ba.png,100,hammer,hammer,18.69,60230d46d938a9c1,True,"['Band-Aid', 'T-shirt', 'backpack', 'banana', 'cleaver', 'clothes iron', 'coffee mug', 'computer mouse', 'digital watch', 'doormat', 'dumbbell', 'envelope', 'hair dryer', 'hammer', 'lampshade', 'lemon', 'lipstick', 'match', 'mobile phone', 'necklace', 'padlock', 'paintbrush', 'paper towel', 'park bench', 'pill bottle', 'pillow', 'plastic bag', 'plunger', 'power drill', 'printer', 'racket', 'ruler', 'safety pin', 'salt shaker', 'sandal', 'screw', 'shovel', 'space heater', 'spatula', 'speaker', 'strainer', 'sunglasses', 'teddy bear', 'television', 'umbrella', 'vase', 'wallet', 'waste container', 'water bottle', 'whistle']"
154160,190f4632259847a.png,100,computer mouse,computer mouse,8.04,6413d75ac61ea14e,True,"['Band-Aid', 'T-shirt', 'backpack', 'banana', 'cleaver', 'clothes iron', 'coffee mug', 'computer mouse', 'digital watch', 'doormat', 'dumbbell', 'envelope', 'hair dryer', 'hammer', 'lampshade', 'lemon', 'lipstick', 'match', 'mobile phone', 'necklace', 'padlock', 'paintbrush', 'paper towel', 'park bench', 'pill bottle', 'pillow', 'plastic bag', 'plunger', 'power drill', 'printer', 'racket', 'ruler', 'safety pin', 'salt shaker', 'sandal', 'screw', 'shovel', 'space heater', 'spatula', 'speaker', 'strainer', 'sunglasses', 'teddy bear', 'television', 'umbrella', 'vase', 'wallet', 'waste container', 'water bottle', 'whistle']"
145210,19aecd05fd164b2.png,100,television,television,1.734,f70c3b3b113954f9,True,"['Band-Aid', 'T-shirt', 'backpack', 'banana', 'cleaver', 'clothes iron', 'coffee mug', 'computer mouse', 'digital watch', 'doormat', 'dumbbell', 'envelope', 'hair dryer', 'hammer', 'lampshade', 'lemon', 'lipstick', 'match', 'mobile phone', 'necklace', 'padlock', 'paintbrush', 'paper towel', 'park bench', 'pill bottle', 'pillow', 'plastic bag', 'plunger', 'power drill', 'printer', 'racket', 'ruler', 'safety pin', 'salt shaker', 'sandal', 'screw', 'shovel', 'space heater', 'spatula', 'speaker', 'strainer', 'sunglasses', 'teddy bear', 'television', 'umbrella', 'vase', 'wallet', 'waste container', 'water bottle', 'whistle']"
157196,1a165ec880fd4b7.png,100,screw,screw,8.916,410735ad037bfe92,True,"['Band-Aid', 'T-shirt', 'backpack', 'banana', 'cleaver', 'clothes iron', 'coffee mug', 'computer mouse', 'digital watch', 'doormat', 'dumbbell', 'envelope', 'hair dryer', 'hammer', 'lampshade', 'lemon', 'lipstick', 'match', 'mobile phone', 'necklace', 'padlock', 'paintbrush', 'paper towel', 'park bench', 'pill bottle', 'pillow', 'plastic bag', 'plunger', 'power drill', 'printer', 'racket', 'ruler', 'safety pin', 'salt shaker', 'sandal', 'screw', 'shovel', 'space heater', 'spatula', 'speaker', 'strainer', 'sunglasses', 'teddy bear', 'television', 'umbrella', 'vase', 'wallet', 'waste container', 'water bottle', 'whistle']"
135277,1a69df2a213a47e.png,100,safety pin,safety pin,3.547,9d616a3b1b25867b,True,"['Band-Aid', 'T-shirt', 'backpack', 'banana', 'cleaver', 'clothes iron', 'coffee mug', 'computer mouse', 'digital watch', 'doormat', 'dumbbell', 'envelope', 'hair dryer', 'hammer', 'lampshade', 'lemon', 'lipstick', 'match', 'mobile phone', 'necklace', 'padlock', 'paintbrush', 'paper towel', 'park bench', 'pill bottle', 'pillow', 'plastic bag', 'plunger', 'power drill', 'printer', 'racket', 'ruler', 'safety pin', 'salt shaker', 'sandal', 'screw', 'shovel', 'space heater', 'spatula', 'speaker', 'strainer', 'sunglasses', 'teddy bear', 'television', 'umbrella', 'vase', 'wallet', 'waste container', 'water bottle', 'whistle']"
138766,1a7cd2f2f1034ce.png,100,water bottle,water bottle,3.687,091ffad2600fd1e7,True,"['Band-Aid', 'T-shirt', 'backpack', 'banana', 'cleaver', 'clothes iron', 'coffee mug', 'computer mouse', 'digital watch', 'doormat', 'dumbbell', 'envelope', 'hair dryer', 'hammer', 'lampshade', 'lemon', 'lipstick', 'match', 'mobile phone', 'necklace', 'padlock', 'paintbrush', 'paper towel', 'park bench', 'pill bottle', 'pillow', 'plastic bag', 'plunger', 'power drill', 'printer', 'racket', 'ruler', 'safety pin', 'salt shaker', 'sandal', 'screw', 'shovel', 'space heater', 'spatula', 'speaker', 'strainer', 'sunglasses', 'teddy bear', 'television', 'umbrella', 'vase', 'wallet', 'waste container', 'water bottle', 'whistle']"
161947,1ad2690d02814f0.png,100,padlock,padlock,2.75,325a2ddec5776136,True,"['Band-Aid', 'T-shirt', 'backpack', 'banana', 'cleaver', 'clothes iron', 'coffee mug', 'computer mouse', 'digital watch', 'doormat', 'dumbbell', 'envelope', 'hair dryer', 'hammer', 'lampshade', 'lemon', 'lipstick', 'match', 'mobile phone', 'necklace', 'padlock', 'paintbrush', 'paper towel', 'park bench', 'pill bottle', 'pillow', 'plastic bag', 'plunger', 'power drill', 'printer', 'racket', 'ruler', 'safety pin', 'salt shaker', 'sandal', 'screw', 'shovel', 'space heater', 'spatula', 'speaker', 'strainer', 'sunglasses', 'teddy bear', 'television', 'umbrella', 'vase', 'wallet', 'waste container', 'water bottle', 'whistle']"
185145,1af2ad0e42c1412.png,100,teddy bear,teddy bear,1.47,c0d7b90449601aff,True,"['Band-Aid', 'T-shirt', 'backpack', 'banana', 'cleaver', 'clothes iron', 'coffee mug', 'computer mouse', 'digital watch', 'doormat', 'dumbbell', 'envelope', 'hair dryer', 'hammer', 'lampshade', 'lemon', 'lipstick', 'match', 'mobile phone', 'necklace', 'padlock', 'paintbrush', 'paper towel', 'park bench', 'pill bottle', 'pillow', 'plastic bag', 'plunger', 'power drill', 'printer', 'racket', 'ruler', 'safety pin', 'salt shaker', 'sandal', 'screw', 'shovel', 'space heater', 'spatula', 'speaker', 'strainer', 'sunglasses', 'teddy bear', 'television', 'umbrella', 'vase', 'wallet', 'waste container', 'water bottle', 'whistle']"
146462,1b14391bd8ae4b7.png,100,lemon,lemon,1.991,3386162c8d6012e5,True,"['Band-Aid', 'T-shirt', 'backpack', 'banana', 'cleaver', 'clothes iron', 'coffee mug', 'computer mouse', 'digital watch', 'doormat', 'dumbbell', 'envelope', 'hair dryer', 'hammer', 'lampshade', 'lemon', 'lipstick', 'match', 'mobile phone', 'necklace', 'padlock', 'paintbrush', 'paper towel', 'park bench', 'pill bottle', 'pillow', 'plastic bag', 'plunger', 'power drill', 'printer', 'racket', 'ruler', 'safety pin', 'salt shaker', 'sandal', 'screw', 'shovel', 'space heater', 'spatula', 'speaker', 'strainer', 'sunglasses', 'teddy bear', 'television', 'umbrella', 'vase', 'wallet', 'waste container', 'water bottle', 'whistle']"
139180,1b26450fa4b94c3.png,100,pillow,doormat,4.446,224b7dda140ae441,True,"['Band-Aid', 'T-shirt', 'backpack', 'banana', 'cleaver', 'clothes iron', 'coffee mug', 'computer mouse', 'digital watch', 'doormat', 'dumbbell', 'envelope', 'hair dryer', 'hammer', 'lampshade', 'lemon', 'lipstick', 'match', 'mobile phone', 'necklace', 'padlock', 'paintbrush', 'paper towel', 'park bench', 'pill bottle', 'pillow', 'plastic bag', 'plunger', 'power drill', 'printer', 'racket', 'ruler', 'safety pin', 'salt shaker', 'sandal', 'screw', 'shovel', 'space heater', 'spatula', 'speaker', 'strainer', 'sunglasses', 'teddy bear', 'television', 'umbrella', 'vase', 'wallet', 'waste container', 'water bottle', 'whistle']"
135381,1b8b56096fc843c.png,100,television,television,2.812,1b4ea904d4e8ca0b,True,"['Band-Aid', 'T-shirt', 'backpack', 'banana', 'cleaver', 'clothes iron', 'coffee mug', 'computer mouse', 'digital watch', 'doormat', 'dumbbell', 'envelope', 'hair dryer', 'hammer', 'lampshade', 'lemon', 'lipstick', 'match', 'mobile phone', 'necklace', 'padlock', 'paintbrush', 'paper towel', 'park bench', 'pill bottle', 'pillow', 'plastic bag', 'plunger', 'power drill', 'printer', 'racket', 'ruler', 'safety pin', 'salt shaker', 'sandal', 'screw', 'shovel', 'space heater', 'spatula', 'speaker', 'strainer', 'sunglasses', 'teddy bear', 'television', 'umbrella', 'vase', 'wallet', 'waste container', 'water bottle', 'whistle']"
148987,1bdfb9df2fcb47d.png,100,plastic bag,plastic bag,4.58,ea380039a0795dc7,True,"['Band-Aid', 'T-shirt', 'backpack', 'banana', 'cleaver', 'clothes iron', 'coffee mug', 'computer mouse', 'digital watch', 'doormat', 'dumbbell', 'envelope', 'hair dryer', 'hammer', 'lampshade', 'lemon', 'lipstick', 'match', 'mobile phone', 'necklace', 'padlock', 'paintbrush', 'paper towel', 'park bench', 'pill bottle', 'pillow', 'plastic bag', 'plunger', 'power drill', 'printer', 'racket', 'ruler', 'safety pin', 'salt shaker', 'sandal', 'screw', 'shovel', 'space heater', 'spatula', 'speaker', 'strainer', 'sunglasses', 'teddy bear', 'television', 'umbrella', 'vase', 'wallet', 'waste container', 'water bottle', 'whistle']"
167913,1bea491acfd7422.png,100,hair dryer,hair dryer,1.957,ccb4f6b37950a6d2,True,"['Band-Aid', 'T-shirt', 'backpack', 'banana', 'cleaver', 'clothes iron', 'coffee mug', 'computer mouse', 'digital watch', 'doormat', 'dumbbell', 'envelope', 'hair dryer', 'hammer', 'lampshade', 'lemon', 'lipstick', 'match', 'mobile phone', 'necklace', 'padlock', 'paintbrush', 'paper towel', 'park bench', 'pill bottle', 'pillow', 'plastic bag', 'plunger', 'power drill', 'printer', 'racket', 'ruler', 'safety pin', 'salt shaker', 'sandal', 'screw', 'shovel', 'space heater', 'spatula', 'speaker', 'strainer', 'sunglasses', 'teddy bear', 'television', 'umbrella', 'vase', 'wallet', 'waste container', 'water bottle', 'whistle']"
140632,1c285d8caa7341e.png,100,paintbrush,paintbrush,2.786,6fd0ffc8050f4f26,True,"['Band-Aid', 'T-shirt', 'backpack', 'banana', 'cleaver', 'clothes iron', 'coffee mug', 'computer mouse', 'digital watch', 'doormat', 'dumbbell', 'envelope', 'hair dryer', 'hammer', 'lampshade', 'lemon', 'lipstick', 'match', 'mobile phone', 'necklace', 'padlock', 'paintbrush', 'paper towel', 'park bench', 'pill bottle', 'pillow', 'plastic bag', 'plunger', 'power drill', 'printer', 'racket', 'ruler', 'safety pin', 'salt shaker', 'sandal', 'screw', 'shovel', 'space heater', 'spatula', 'speaker', 'strainer', 'sunglasses', 'teddy bear', 'television', 'umbrella', 'vase', 'wallet', 'waste container', 'water bottle', 'whistle']"
178100,1e3e72b7ad784c9.png,100,sunglasses,sunglasses,4.819,643f5c6834cb845c,True,"['Band-Aid', 'T-shirt', 'backpack', 'banana', 'cleaver', 'clothes iron', 'coffee mug', 'computer mouse', 'digital watch', 'doormat', 'dumbbell', 'envelope', 'hair dryer', 'hammer', 'lampshade', 'lemon', 'lipstick', 'match', 'mobile phone', 'necklace', 'padlock', 'paintbrush', 'paper towel', 'park bench', 'pill bottle', 'pillow', 'plastic bag', 'plunger', 'power drill', 'printer', 'racket', 'ruler', 'safety pin', 'salt shaker', 'sandal', 'screw', 'shovel', 'space heater', 'spatula', 'speaker', 'strainer', 'sunglasses', 'teddy bear', 'television', 'umbrella', 'vase', 'wallet', 'waste container', 'water bottle', 'whistle']"
161413,1e7b898f8fd1466.png,100,coffee mug,coffee mug,4.081,8cd7032cbad6a22d,True,"['Band-Aid', 'T-shirt', 'backpack', 'banana', 'cleaver', 'clothes iron', 'coffee mug', 'computer mouse', 'digital watch', 'doormat', 'dumbbell', 'envelope', 'hair dryer', 'hammer', 'lampshade', 'lemon', 'lipstick', 'match', 'mobile phone', 'necklace', 'padlock', 'paintbrush', 'paper towel', 'park bench', 'pill bottle', 'pillow', 'plastic bag', 'plunger', 'power drill', 'printer', 'racket', 'ruler', 'safety pin', 'salt shaker', 'sandal', 'screw', 'shovel', 'space heater', 'spatula', 'speaker', 'strainer', 'sunglasses', 'teddy bear', 'television', 'umbrella', 'vase', 'wallet', 'waste container', 'water bottle', 'whistle']"
140375,1eb4e76df2664de.png,100,screw,screw,13.828,842835f04055e7ab,True,"['Band-Aid', 'T-shirt', 'backpack', 'banana', 'cleaver', 'clothes iron', 'coffee mug', 'computer mouse', 'digital watch', 'doormat', 'dumbbell', 'envelope', 'hair dryer', 'hammer', 'lampshade', 'lemon', 'lipstick', 'match', 'mobile phone', 'necklace', 'padlock', 'paintbrush', 'paper towel', 'park bench', 'pill bottle', 'pillow', 'plastic bag', 'plunger', 'power drill', 'printer', 'racket', 'ruler', 'safety pin', 'salt shaker', 'sandal', 'screw', 'shovel', 'space heater', 'spatula', 'speaker', 'strainer', 'sunglasses', 'teddy bear', 'television', 'umbrella', 'vase', 'wallet', 'waste container', 'water bottle', 'whistle']"
156520,1ec907036a984b6.png,100,lipstick,lipstick,2.133,9268af5e97475de9,True,"['Band-Aid', 'T-shirt', 'backpack', 'banana', 'cleaver', 'clothes iron', 'coffee mug', 'computer mouse', 'digital watch', 'doormat', 'dumbbell', 'envelope', 'hair dryer', 'hammer', 'lampshade', 'lemon', 'lipstick', 'match', 'mobile phone', 'necklace', 'padlock', 'paintbrush', 'paper towel', 'park bench', 'pill bottle', 'pillow', 'plastic bag', 'plunger', 'power drill', 'printer', 'racket', 'ruler', 'safety pin', 'salt shaker', 'sandal', 'screw', 'shovel', 'space heater', 'spatula', 'speaker', 'strainer', 'sunglasses', 'teddy bear', 'television', 'umbrella', 'vase', 'wallet', 'waste container', 'water bottle', 'whistle']"
161408,1f8b098b124d4e8.png,100,computer mouse,computer mouse,25.564,928b359b934896f1,True,"['Band-Aid', 'T-shirt', 'backpack', 'banana', 'cleaver', 'clothes iron', 'coffee mug', 'computer mouse', 'digital watch', 'doormat', 'dumbbell', 'envelope', 'hair dryer', 'hammer', 'lampshade', 'lemon', 'lipstick', 'match', 'mobile phone', 'necklace', 'padlock', 'paintbrush', 'paper towel', 'park bench', 'pill bottle', 'pillow', 'plastic bag', 'plunger', 'power drill', 'printer', 'racket', 'ruler', 'safety pin', 'salt shaker', 'sandal', 'screw', 'shovel', 'space heater', 'spatula', 'speaker', 'strainer', 'sunglasses', 'teddy bear', 'television', 'umbrella', 'vase', 'wallet', 'waste container', 'water bottle', 'whistle']"
137447,1ff71bc60a2b450.png,100,sunglasses,sunglasses,6.16,d345767e62f62ce1,True,"['Band-Aid', 'T-shirt', 'backpack', 'banana', 'cleaver', 'clothes iron', 'coffee mug', 'computer mouse', 'digital watch', 'doormat', 'dumbbell', 'envelope', 'hair dryer', 'hammer', 'lampshade', 'lemon', 'lipstick', 'match', 'mobile phone', 'necklace', 'padlock', 'paintbrush', 'paper towel', 'park bench', 'pill bottle', 'pillow', 'plastic bag', 'plunger', 'power drill', 'printer', 'racket', 'ruler', 'safety pin', 'salt shaker', 'sandal', 'screw', 'shovel', 'space heater', 'spatula', 'speaker', 'strainer', 'sunglasses', 'teddy bear', 'television', 'umbrella', 'vase', 'wallet', 'waste container', 'water bottle', 'whistle']"
139830,205bd888104d47b.png,100,strainer,strainer,3.798,69ec7ca08838eded,True,"['Band-Aid', 'T-shirt', 'backpack', 'banana', 'cleaver', 'clothes iron', 'coffee mug', 'computer mouse', 'digital watch', 'doormat', 'dumbbell', 'envelope', 'hair dryer', 'hammer', 'lampshade', 'lemon', 'lipstick', 'match', 'mobile phone', 'necklace', 'padlock', 'paintbrush', 'paper towel', 'park bench', 'pill bottle', 'pillow', 'plastic bag', 'plunger', 'power drill', 'printer', 'racket', 'ruler', 'safety pin', 'salt shaker', 'sandal', 'screw', 'shovel', 'space heater', 'spatula', 'speaker', 'strainer', 'sunglasses', 'teddy bear', 'television', 'umbrella', 'vase', 'wallet', 'waste container', 'water bottle', 'whistle']"
142462,214d002bbedc42e.png,100,whistle,whistle,2.55,58f136fd1945da65,True,"['Band-Aid', 'T-shirt', 'backpack', 'banana', 'cleaver', 'clothes iron', 'coffee mug', 'computer mouse', 'digital watch', 'doormat', 'dumbbell', 'envelope', 'hair dryer', 'hammer', 'lampshade', 'lemon', 'lipstick', 'match', 'mobile phone', 'necklace', 'padlock', 'paintbrush', 'paper towel', 'park bench', 'pill bottle', 'pillow', 'plastic bag', 'plunger', 'power drill', 'printer', 'racket', 'ruler', 'safety pin', 'salt shaker', 'sandal', 'screw', 'shovel', 'space heater', 'spatula', 'speaker', 'strainer', 'sunglasses', 'teddy bear', 'television', 'umbrella', 'vase', 'wallet', 'waste container', 'water bottle', 'whistle']"
138797,219b006e8d80403.png,100,doormat,doormat,3.248,70628194c8d0b3a9,True,"['Band-Aid', 'T-shirt', 'backpack', 'banana', 'cleaver', 'clothes iron', 'coffee mug', 'computer mouse', 'digital watch', 'doormat', 'dumbbell', 'envelope', 'hair dryer', 'hammer', 'lampshade', 'lemon', 'lipstick', 'match', 'mobile phone', 'necklace', 'padlock', 'paintbrush', 'paper towel', 'park bench', 'pill bottle', 'pillow', 'plastic bag', 'plunger', 'power drill', 'printer', 'racket', 'ruler', 'safety pin', 'salt shaker', 'sandal', 'screw', 'shovel', 'space heater', 'spatula', 'speaker', 'strainer', 'sunglasses', 'teddy bear', 'television', 'umbrella', 'vase', 'wallet', 'waste container', 'water bottle', 'whistle']"
135115,21a2725e7ac342a.png,100,teddy bear,hammer,17.983,02c8827bf25f8118,True,"['Band-Aid', 'T-shirt', 'backpack', 'banana', 'cleaver', 'clothes iron', 'coffee mug', 'computer mouse', 'digital watch', 'doormat', 'dumbbell', 'envelope', 'hair dryer', 'hammer', 'lampshade', 'lemon', 'lipstick', 'match', 'mobile phone', 'necklace', 'padlock', 'paintbrush', 'paper towel', 'park bench', 'pill bottle', 'pillow', 'plastic bag', 'plunger', 'power drill', 'printer', 'racket', 'ruler', 'safety pin', 'salt shaker', 'sandal', 'screw', 'shovel', 'space heater', 'spatula', 'speaker', 'strainer', 'sunglasses', 'teddy bear', 'television', 'umbrella', 'vase', 'wallet', 'waste container', 'water bottle', 'whistle']"
136478,21a740f9bfed45b.png,100,safety pin,safety pin,3.019,eb92c9b9ca47fb5a,True,"['Band-Aid', 'T-shirt', 'backpack', 'banana', 'cleaver', 'clothes iron', 'coffee mug', 'computer mouse', 'digital watch', 'doormat', 'dumbbell', 'envelope', 'hair dryer', 'hammer', 'lampshade', 'lemon', 'lipstick', 'match', 'mobile phone', 'necklace', 'padlock', 'paintbrush', 'paper towel', 'park bench', 'pill bottle', 'pillow', 'plastic bag', 'plunger', 'power drill', 'printer', 'racket', 'ruler', 'safety pin', 'salt shaker', 'sandal', 'screw', 'shovel', 'space heater', 'spatula', 'speaker', 'strainer', 'sunglasses', 'teddy bear', 'television', 'umbrella', 'vase', 'wallet', 'waste container', 'water bottle', 'whistle']"
134464,2254ad5892744e4.png,100,teddy bear,teddy bear,6.992,d4c63837c4508ce1,True,"['Band-Aid', 'T-shirt', 'backpack', 'banana', 'cleaver', 'clothes iron', 'coffee mug', 'computer mouse', 'digital watch', 'doormat', 'dumbbell', 'envelope', 'hair dryer', 'hammer', 'lampshade', 'lemon', 'lipstick', 'match', 'mobile phone', 'necklace', 'padlock', 'paintbrush', 'paper towel', 'park bench', 'pill bottle', 'pillow', 'plastic bag', 'plunger', 'power drill', 'printer', 'racket', 'ruler', 'safety pin', 'salt shaker', 'sandal', 'screw', 'shovel', 'space heater', 'spatula', 'speaker', 'strainer', 'sunglasses', 'teddy bear', 'television', 'umbrella', 'vase', 'wallet', 'waste container', 'water bottle', 'whistle']"
136474,226a6033a4da4b1.png,100,speaker,speaker,4.477,f182deb32315e288,True,"['Band-Aid', 'T-shirt', 'backpack', 'banana', 'cleaver', 'clothes iron', 'coffee mug', 'computer mouse', 'digital watch', 'doormat', 'dumbbell', 'envelope', 'hair dryer', 'hammer', 'lampshade', 'lemon', 'lipstick', 'match', 'mobile phone', 'necklace', 'padlock', 'paintbrush', 'paper towel', 'park bench', 'pill bottle', 'pillow', 'plastic bag', 'plunger', 'power drill', 'printer', 'racket', 'ruler', 'safety pin', 'salt shaker', 'sandal', 'screw', 'shovel', 'space heater', 'spatula', 'speaker', 'strainer', 'sunglasses', 'teddy bear', 'television', 'umbrella', 'vase', 'wallet', 'waste container', 'water bottle', 'whistle']"
142230,2279faba665e471.png,100,doormat,doormat,2.956,7e1f71b2b30bbc31,True,"['Band-Aid', 'T-shirt', 'backpack', 'banana', 'cleaver', 'clothes iron', 'coffee mug', 'computer mouse', 'digital watch', 'doormat', 'dumbbell', 'envelope', 'hair dryer', 'hammer', 'lampshade', 'lemon', 'lipstick', 'match', 'mobile phone', 'necklace', 'padlock', 'paintbrush', 'paper towel', 'park bench', 'pill bottle', 'pillow', 'plastic bag', 'plunger', 'power drill', 'printer', 'racket', 'ruler', 'safety pin', 'salt shaker', 'sandal', 'screw', 'shovel', 'space heater', 'spatula', 'speaker', 'strainer', 'sunglasses', 'teddy bear', 'television', 'umbrella', 'vase', 'wallet', 'waste container', 'water bottle', 'whistle']"
154391,22aae1f3400d4af.png,100,mobile phone,mobile phone,6.069,1b4ea904d4e8ca0b,True,"['Band-Aid', 'T-shirt', 'backpack', 'banana', 'cleaver', 'clothes iron', 'coffee mug', 'computer mouse', 'digital watch', 'doormat', 'dumbbell', 'envelope', 'hair dryer', 'hammer', 'lampshade', 'lemon', 'lipstick', 'match', 'mobile phone', 'necklace', 'padlock', 'paintbrush', 'paper towel', 'park bench', 'pill bottle', 'pillow', 'plastic bag', 'plunger', 'power drill', 'printer', 'racket', 'ruler', 'safety pin', 'salt shaker', 'sandal', 'screw', 'shovel', 'space heater', 'spatula', 'speaker', 'strainer', 'sunglasses', 'teddy bear', 'television', 'umbrella', 'vase', 'wallet', 'waste container', 'water bottle', 'whistle']"
134757,22d9e718e993419.png,100,screw,screw,2.587,8ed7d9dae717093f,True,"['Band-Aid', 'T-shirt', 'backpack', 'banana', 'cleaver', 'clothes iron', 'coffee mug', 'computer mouse', 'digital watch', 'doormat', 'dumbbell', 'envelope', 'hair dryer', 'hammer', 'lampshade', 'lemon', 'lipstick', 'match', 'mobile phone', 'necklace', 'padlock', 'paintbrush', 'paper towel', 'park bench', 'pill bottle', 'pillow', 'plastic bag', 'plunger', 'power drill', 'printer', 'racket', 'ruler', 'safety pin', 'salt shaker', 'sandal', 'screw', 'shovel', 'space heater', 'spatula', 'speaker', 'strainer', 'sunglasses', 'teddy bear', 'television', 'umbrella', 'vase', 'wallet', 'waste container', 'water bottle', 'whistle']"
135345,22ea2cbb90a5476.png,100,padlock,padlock,7.095,f18008e96146f179,True,"['Band-Aid', 'T-shirt', 'backpack', 'banana', 'cleaver', 'clothes iron', 'coffee mug', 'computer mouse', 'digital watch', 'doormat', 'dumbbell', 'envelope', 'hair dryer', 'hammer', 'lampshade', 'lemon', 'lipstick', 'match', 'mobile phone', 'necklace', 'padlock', 'paintbrush', 'paper towel', 'park bench', 'pill bottle', 'pillow', 'plastic bag', 'plunger', 'power drill', 'printer', 'racket', 'ruler', 'safety pin', 'salt shaker', 'sandal', 'screw', 'shovel', 'space heater', 'spatula', 'speaker', 'strainer', 'sunglasses', 'teddy bear', 'television', 'umbrella', 'vase', 'wallet', 'waste container', 'water bottle', 'whistle']"
134873,238f10302d6446f.png,100,backpack,backpack,4.568,2e8fb6aef3792dd0,True,"['Band-Aid', 'T-shirt', 'backpack', 'banana', 'cleaver', 'clothes iron', 'coffee mug', 'computer mouse', 'digital watch', 'doormat', 'dumbbell', 'envelope', 'hair dryer', 'hammer', 'lampshade', 'lemon', 'lipstick', 'match', 'mobile phone', 'necklace', 'padlock', 'paintbrush', 'paper towel', 'park bench', 'pill bottle', 'pillow', 'plastic bag', 'plunger', 'power drill', 'printer', 'racket', 'ruler', 'safety pin', 'salt shaker', 'sandal', 'screw', 'shovel', 'space heater', 'spatula', 'speaker', 'strainer', 'sunglasses', 'teddy bear', 'television', 'umbrella', 'vase', 'wallet', 'waste container', 'water bottle', 'whistle']"
140066,23a7870d4bb2452.png,100,pill bottle,pill bottle,1.925,a32d377ff1a69195,True,"['Band-Aid', 'T-shirt', 'backpack', 'banana', 'cleaver', 'clothes iron', 'coffee mug', 'computer mouse', 'digital watch', 'doormat', 'dumbbell', 'envelope', 'hair dryer', 'hammer', 'lampshade', 'lemon', 'lipstick', 'match', 'mobile phone', 'necklace', 'padlock', 'paintbrush', 'paper towel', 'park bench', 'pill bottle', 'pillow', 'plastic bag', 'plunger', 'power drill', 'printer', 'racket', 'ruler', 'safety pin', 'salt shaker', 'sandal', 'screw', 'shovel', 'space heater', 'spatula', 'speaker', 'strainer', 'sunglasses', 'teddy bear', 'television', 'umbrella', 'vase', 'wallet', 'waste container', 'water bottle', 'whistle']"
142178,244ed82d81c3493.png,100,padlock,doormat,2.713,28b81e042f0a704c,True,"['Band-Aid', 'T-shirt', 'backpack', 'banana', 'cleaver', 'clothes iron', 'coffee mug', 'computer mouse', 'digital watch', 'doormat', 'dumbbell', 'envelope', 'hair dryer', 'hammer', 'lampshade', 'lemon', 'lipstick', 'match', 'mobile phone', 'necklace', 'padlock', 'paintbrush', 'paper towel', 'park bench', 'pill bottle', 'pillow', 'plastic bag', 'plunger', 'power drill', 'printer', 'racket', 'ruler', 'safety pin', 'salt shaker', 'sandal', 'screw', 'shovel', 'space heater', 'spatula', 'speaker', 'strainer', 'sunglasses', 'teddy bear', 'television', 'umbrella', 'vase', 'wallet', 'waste container', 'water bottle', 'whistle']"
156874,248bac548e98419.png,100,pill bottle,pill bottle,4.017,d345767e62f62ce1,True,"['Band-Aid', 'T-shirt', 'backpack', 'banana', 'cleaver', 'clothes iron', 'coffee mug', 'computer mouse', 'digital watch', 'doormat', 'dumbbell', 'envelope', 'hair dryer', 'hammer', 'lampshade', 'lemon', 'lipstick', 'match', 'mobile phone', 'necklace', 'padlock', 'paintbrush', 'paper towel', 'park bench', 'pill bottle', 'pillow', 'plastic bag', 'plunger', 'power drill', 'printer', 'racket', 'ruler', 'safety pin', 'salt shaker', 'sandal', 'screw', 'shovel', 'space heater', 'spatula', 'speaker', 'strainer', 'sunglasses', 'teddy bear', 'television', 'umbrella', 'vase', 'wallet', 'waste container', 'water bottle', 'whistle']"
141016,25e1cf6c9de14c0.png,100,mobile phone,mobile phone,8.737,1255a3a864887c73,True,"['Band-Aid', 'T-shirt', 'backpack', 'banana', 'cleaver', 'clothes iron', 'coffee mug', 'computer mouse', 'digital watch', 'doormat', 'dumbbell', 'envelope', 'hair dryer', 'hammer', 'lampshade', 'lemon', 'lipstick', 'match', 'mobile phone', 'necklace', 'padlock', 'paintbrush', 'paper towel', 'park bench', 'pill bottle', 'pillow', 'plastic bag', 'plunger', 'power drill', 'printer', 'racket', 'ruler', 'safety pin', 'salt shaker', 'sandal', 'screw', 'shovel', 'space heater', 'spatula', 'speaker', 'strainer', 'sunglasses', 'teddy bear', 'television', 'umbrella', 'vase', 'wallet', 'waste container', 'water bottle', 'whistle']"
133713,2681c9d32afd4c5.png,100,digital watch,digital watch,2.587,325a2ddec5776136,True,"['Band-Aid', 'T-shirt', 'backpack', 'banana', 'cleaver', 'clothes iron', 'coffee mug', 'computer mouse', 'digital watch', 'doormat', 'dumbbell', 'envelope', 'hair dryer', 'hammer', 'lampshade', 'lemon', 'lipstick', 'match', 'mobile phone', 'necklace', 'padlock', 'paintbrush', 'paper towel', 'park bench', 'pill bottle', 'pillow', 'plastic bag', 'plunger', 'power drill', 'printer', 'racket', 'ruler', 'safety pin', 'salt shaker', 'sandal', 'screw', 'shovel', 'space heater', 'spatula', 'speaker', 'strainer', 'sunglasses', 'teddy bear', 'television', 'umbrella', 'vase', 'wallet', 'waste container', 'water bottle', 'whistle']"
157542,26b670d052544d0.png,100,T-shirt,T-shirt,5.367,d345767e62f62ce1,True,"['Band-Aid', 'T-shirt', 'backpack', 'banana', 'cleaver', 'clothes iron', 'coffee mug', 'computer mouse', 'digital watch', 'doormat', 'dumbbell', 'envelope', 'hair dryer', 'hammer', 'lampshade', 'lemon', 'lipstick', 'match', 'mobile phone', 'necklace', 'padlock', 'paintbrush', 'paper towel', 'park bench', 'pill bottle', 'pillow', 'plastic bag', 'plunger', 'power drill', 'printer', 'racket', 'ruler', 'safety pin', 'salt shaker', 'sandal', 'screw', 'shovel', 'space heater', 'spatula', 'speaker', 'strainer', 'sunglasses', 'teddy bear', 'television', 'umbrella', 'vase', 'wallet', 'waste container', 'water bottle', 'whistle']"
139899,26bd6a149b8e462.png,100,coffee mug,coffee mug,4.117,97b6b99e5c32f701,True,"['Band-Aid', 'T-shirt', 'backpack', 'banana', 'cleaver', 'clothes iron', 'coffee mug', 'computer mouse', 'digital watch', 'doormat', 'dumbbell', 'envelope', 'hair dryer', 'hammer', 'lampshade', 'lemon', 'lipstick', 'match', 'mobile phone', 'necklace', 'padlock', 'paintbrush', 'paper towel', 'park bench', 'pill bottle', 'pillow', 'plastic bag', 'plunger', 'power drill', 'printer', 'racket', 'ruler', 'safety pin', 'salt shaker', 'sandal', 'screw', 'shovel', 'space heater', 'spatula', 'speaker', 'strainer', 'sunglasses', 'teddy bear', 'television', 'umbrella', 'vase', 'wallet', 'waste container', 'water bottle', 'whistle']"
134304,2733c3bef03b42c.png,100,teddy bear,teddy bear,2.649,09789f6bcfeb9000,True,"['Band-Aid', 'T-shirt', 'backpack', 'banana', 'cleaver', 'clothes iron', 'coffee mug', 'computer mouse', 'digital watch', 'doormat', 'dumbbell', 'envelope', 'hair dryer', 'hammer', 'lampshade', 'lemon', 'lipstick', 'match', 'mobile phone', 'necklace', 'padlock', 'paintbrush', 'paper towel', 'park bench', 'pill bottle', 'pillow', 'plastic bag', 'plunger', 'power drill', 'printer', 'racket', 'ruler', 'safety pin', 'salt shaker', 'sandal', 'screw', 'shovel', 'space heater', 'spatula', 'speaker', 'strainer', 'sunglasses', 'teddy bear', 'television', 'umbrella', 'vase', 'wallet', 'waste container', 'water bottle', 'whistle']"
134053,278e88f19a254cd.png,100,racket,match,110.115,266031d8f39babeb,True,"['Band-Aid', 'T-shirt', 'backpack', 'banana', 'cleaver', 'clothes iron', 'coffee mug', 'computer mouse', 'digital watch', 'doormat', 'dumbbell', 'envelope', 'hair dryer', 'hammer', 'lampshade', 'lemon', 'lipstick', 'match', 'mobile phone', 'necklace', 'padlock', 'paintbrush', 'paper towel', 'park bench', 'pill bottle', 'pillow', 'plastic bag', 'plunger', 'power drill', 'printer', 'racket', 'ruler', 'safety pin', 'salt shaker', 'sandal', 'screw', 'shovel', 'space heater', 'spatula', 'speaker', 'strainer', 'sunglasses', 'teddy bear', 'television', 'umbrella', 'vase', 'wallet', 'waste container', 'water bottle', 'whistle']"
151268,289f2c6b26434ec.png,100,padlock,padlock,2.51,d1baf8cc6548bb41,True,"['Band-Aid', 'T-shirt', 'backpack', 'banana', 'cleaver', 'clothes iron', 'coffee mug', 'computer mouse', 'digital watch', 'doormat', 'dumbbell', 'envelope', 'hair dryer', 'hammer', 'lampshade', 'lemon', 'lipstick', 'match', 'mobile phone', 'necklace', 'padlock', 'paintbrush', 'paper towel', 'park bench', 'pill bottle', 'pillow', 'plastic bag', 'plunger', 'power drill', 'printer', 'racket', 'ruler', 'safety pin', 'salt shaker', 'sandal', 'screw', 'shovel', 'space heater', 'spatula', 'speaker', 'strainer', 'sunglasses', 'teddy bear', 'television', 'umbrella', 'vase', 'wallet', 'waste container', 'water bottle', 'whistle']"
167704,2985300656784cf.png,100,coffee mug,coffee mug,2.761,d861da05be4e38d5,True,"['Band-Aid', 'T-shirt', 'backpack', 'banana', 'cleaver', 'clothes iron', 'coffee mug', 'computer mouse', 'digital watch', 'doormat', 'dumbbell', 'envelope', 'hair dryer', 'hammer', 'lampshade', 'lemon', 'lipstick', 'match', 'mobile phone', 'necklace', 'padlock', 'paintbrush', 'paper towel', 'park bench', 'pill bottle', 'pillow', 'plastic bag', 'plunger', 'power drill', 'printer', 'racket', 'ruler', 'safety pin', 'salt shaker', 'sandal', 'screw', 'shovel', 'space heater', 'spatula', 'speaker', 'strainer', 'sunglasses', 'teddy bear', 'television', 'umbrella', 'vase', 'wallet', 'waste container', 'water bottle', 'whistle']"
136005,2a828768181e4e1.png,100,coffee mug,coffee mug,5.791,012dcbd26610cc03,True,"['Band-Aid', 'T-shirt', 'backpack', 'banana', 'cleaver', 'clothes iron', 'coffee mug', 'computer mouse', 'digital watch', 'doormat', 'dumbbell', 'envelope', 'hair dryer', 'hammer', 'lampshade', 'lemon', 'lipstick', 'match', 'mobile phone', 'necklace', 'padlock', 'paintbrush', 'paper towel', 'park bench', 'pill bottle', 'pillow', 'plastic bag', 'plunger', 'power drill', 'printer', 'racket', 'ruler', 'safety pin', 'salt shaker', 'sandal', 'screw', 'shovel', 'space heater', 'spatula', 'speaker', 'strainer', 'sunglasses', 'teddy bear', 'television', 'umbrella', 'vase', 'wallet', 'waste container', 'water bottle', 'whistle']"
136134,2b2513f8786f485.png,100,necklace,racket,7.147,cbd192475bb7a33b,True,"['Band-Aid', 'T-shirt', 'backpack', 'banana', 'cleaver', 'clothes iron', 'coffee mug', 'computer mouse', 'digital watch', 'doormat', 'dumbbell', 'envelope', 'hair dryer', 'hammer', 'lampshade', 'lemon', 'lipstick', 'match', 'mobile phone', 'necklace', 'padlock', 'paintbrush', 'paper towel', 'park bench', 'pill bottle', 'pillow', 'plastic bag', 'plunger', 'power drill', 'printer', 'racket', 'ruler', 'safety pin', 'salt shaker', 'sandal', 'screw', 'shovel', 'space heater', 'spatula', 'speaker', 'strainer', 'sunglasses', 'teddy bear', 'television', 'umbrella', 'vase', 'wallet', 'waste container', 'water bottle', 'whistle']"
152183,2bb8051b88bc43c.png,100,screw,screw,5.47,3cdee7aa9125e552,True,"['Band-Aid', 'T-shirt', 'backpack', 'banana', 'cleaver', 'clothes iron', 'coffee mug', 'computer mouse', 'digital watch', 'doormat', 'dumbbell', 'envelope', 'hair dryer', 'hammer', 'lampshade', 'lemon', 'lipstick', 'match', 'mobile phone', 'necklace', 'padlock', 'paintbrush', 'paper towel', 'park bench', 'pill bottle', 'pillow', 'plastic bag', 'plunger', 'power drill', 'printer', 'racket', 'ruler', 'safety pin', 'salt shaker', 'sandal', 'screw', 'shovel', 'space heater', 'spatula', 'speaker', 'strainer', 'sunglasses', 'teddy bear', 'television', 'umbrella', 'vase', 'wallet', 'waste container', 'water bottle', 'whistle']"
144395,2bf49cbf758f43e.png,100,water bottle,water bottle,2.62,9429ead3ce164e19,True,"['Band-Aid', 'T-shirt', 'backpack', 'banana', 'cleaver', 'clothes iron', 'coffee mug', 'computer mouse', 'digital watch', 'doormat', 'dumbbell', 'envelope', 'hair dryer', 'hammer', 'lampshade', 'lemon', 'lipstick', 'match', 'mobile phone', 'necklace', 'padlock', 'paintbrush', 'paper towel', 'park bench', 'pill bottle', 'pillow', 'plastic bag', 'plunger', 'power drill', 'printer', 'racket', 'ruler', 'safety pin', 'salt shaker', 'sandal', 'screw', 'shovel', 'space heater', 'spatula', 'speaker', 'strainer', 'sunglasses', 'teddy bear', 'television', 'umbrella', 'vase', 'wallet', 'waste container', 'water bottle', 'whistle']"
134209,2bfef97363df4df.png,100,clothes iron,clothes iron,10.056,f688c7d46bbe7c3a,True,"['Band-Aid', 'T-shirt', 'backpack', 'banana', 'cleaver', 'clothes iron', 'coffee mug', 'computer mouse', 'digital watch', 'doormat', 'dumbbell', 'envelope', 'hair dryer', 'hammer', 'lampshade', 'lemon', 'lipstick', 'match', 'mobile phone', 'necklace', 'padlock', 'paintbrush', 'paper towel', 'park bench', 'pill bottle', 'pillow', 'plastic bag', 'plunger', 'power drill', 'printer', 'racket', 'ruler', 'safety pin', 'salt shaker', 'sandal', 'screw', 'shovel', 'space heater', 'spatula', 'speaker', 'strainer', 'sunglasses', 'teddy bear', 'television', 'umbrella', 'vase', 'wallet', 'waste container', 'water bottle', 'whistle']"
149168,2c3e4c82f8d44f8.png,100,power drill,power drill,1.555,65beba376c0f0b51,True,"['Band-Aid', 'T-shirt', 'backpack', 'banana', 'cleaver', 'clothes iron', 'coffee mug', 'computer mouse', 'digital watch', 'doormat', 'dumbbell', 'envelope', 'hair dryer', 'hammer', 'lampshade', 'lemon', 'lipstick', 'match', 'mobile phone', 'necklace', 'padlock', 'paintbrush', 'paper towel', 'park bench', 'pill bottle', 'pillow', 'plastic bag', 'plunger', 'power drill', 'printer', 'racket', 'ruler', 'safety pin', 'salt shaker', 'sandal', 'screw', 'shovel', 'space heater', 'spatula', 'speaker', 'strainer', 'sunglasses', 'teddy bear', 'television', 'umbrella', 'vase', 'wallet', 'waste container', 'water bottle', 'whistle']"
166815,2c51236e4466457.png,100,necklace,necklace,9.475,a1432526c2d54f3f,True,"['Band-Aid', 'T-shirt', 'backpack', 'banana', 'cleaver', 'clothes iron', 'coffee mug', 'computer mouse', 'digital watch', 'doormat', 'dumbbell', 'envelope', 'hair dryer', 'hammer', 'lampshade', 'lemon', 'lipstick', 'match', 'mobile phone', 'necklace', 'padlock', 'paintbrush', 'paper towel', 'park bench', 'pill bottle', 'pillow', 'plastic bag', 'plunger', 'power drill', 'printer', 'racket', 'ruler', 'safety pin', 'salt shaker', 'sandal', 'screw', 'shovel', 'space heater', 'spatula', 'speaker', 'strainer', 'sunglasses', 'teddy bear', 'television', 'umbrella', 'vase', 'wallet', 'waste container', 'water bottle', 'whistle']"
134241,2c5e41c99b6c4e2.png,100,digital watch,digital watch,78.605,dea2aabe02c18cd1,True,"['Band-Aid', 'T-shirt', 'backpack', 'banana', 'cleaver', 'clothes iron', 'coffee mug', 'computer mouse', 'digital watch', 'doormat', 'dumbbell', 'envelope', 'hair dryer', 'hammer', 'lampshade', 'lemon', 'lipstick', 'match', 'mobile phone', 'necklace', 'padlock', 'paintbrush', 'paper towel', 'park bench', 'pill bottle', 'pillow', 'plastic bag', 'plunger', 'power drill', 'printer', 'racket', 'ruler', 'safety pin', 'salt shaker', 'sandal', 'screw', 'shovel', 'space heater', 'spatula', 'speaker', 'strainer', 'sunglasses', 'teddy bear', 'television', 'umbrella', 'vase', 'wallet', 'waste container', 'water bottle', 'whistle']"
136204,2d2fd73e2330489.png,100,screw,screw,3.545,a687524dd48d14cd,True,"['Band-Aid', 'T-shirt', 'backpack', 'banana', 'cleaver', 'clothes iron', 'coffee mug', 'computer mouse', 'digital watch', 'doormat', 'dumbbell', 'envelope', 'hair dryer', 'hammer', 'lampshade', 'lemon', 'lipstick', 'match', 'mobile phone', 'necklace', 'padlock', 'paintbrush', 'paper towel', 'park bench', 'pill bottle', 'pillow', 'plastic bag', 'plunger', 'power drill', 'printer', 'racket', 'ruler', 'safety pin', 'salt shaker', 'sandal', 'screw', 'shovel', 'space heater', 'spatula', 'speaker', 'strainer', 'sunglasses', 'teddy bear', 'television', 'umbrella', 'vase', 'wallet', 'waste container', 'water bottle', 'whistle']"
138821,2e63e771fd084e9.png,100,umbrella,umbrella,2.07,2a3fd7ad64116e4e,True,"['Band-Aid', 'T-shirt', 'backpack', 'banana', 'cleaver', 'clothes iron', 'coffee mug', 'computer mouse', 'digital watch', 'doormat', 'dumbbell', 'envelope', 'hair dryer', 'hammer', 'lampshade', 'lemon', 'lipstick', 'match', 'mobile phone', 'necklace', 'padlock', 'paintbrush', 'paper towel', 'park bench', 'pill bottle', 'pillow', 'plastic bag', 'plunger', 'power drill', 'printer', 'racket', 'ruler', 'safety pin', 'salt shaker', 'sandal', 'screw', 'shovel', 'space heater', 'spatula', 'speaker', 'strainer', 'sunglasses', 'teddy bear', 'television', 'umbrella', 'vase', 'wallet', 'waste container', 'water bottle', 'whistle']"
144124,2ec71e15fc2b4f3.png,100,dumbbell,dumbbell,4.26,c2f1375244e57657,True,"['Band-Aid', 'T-shirt', 'backpack', 'banana', 'cleaver', 'clothes iron', 'coffee mug', 'computer mouse', 'digital watch', 'doormat', 'dumbbell', 'envelope', 'hair dryer', 'hammer', 'lampshade', 'lemon', 'lipstick', 'match', 'mobile phone', 'necklace', 'padlock', 'paintbrush', 'paper towel', 'park bench', 'pill bottle', 'pillow', 'plastic bag', 'plunger', 'power drill', 'printer', 'racket', 'ruler', 'safety pin', 'salt shaker', 'sandal', 'screw', 'shovel', 'space heater', 'spatula', 'speaker', 'strainer', 'sunglasses', 'teddy bear', 'television', 'umbrella', 'vase', 'wallet', 'waste container', 'water bottle', 'whistle']"
136545,2f513783b038453.png,100,pill bottle,pill bottle,15.082,caf0582d09d42b8a,True,"['Band-Aid', 'T-shirt', 'backpack', 'banana', 'cleaver', 'clothes iron', 'coffee mug', 'computer mouse', 'digital watch', 'doormat', 'dumbbell', 'envelope', 'hair dryer', 'hammer', 'lampshade', 'lemon', 'lipstick', 'match', 'mobile phone', 'necklace', 'padlock', 'paintbrush', 'paper towel', 'park bench', 'pill bottle', 'pillow', 'plastic bag', 'plunger', 'power drill', 'printer', 'racket', 'ruler', 'safety pin', 'salt shaker', 'sandal', 'screw', 'shovel', 'space heater', 'spatula', 'speaker', 'strainer', 'sunglasses', 'teddy bear', 'television', 'umbrella', 'vase', 'wallet', 'waste container', 'water bottle', 'whistle']"
135466,2f72831951bb407.png,100,T-shirt,T-shirt,5.016,238f389bf95416be,True,"['Band-Aid', 'T-shirt', 'backpack', 'banana', 'cleaver', 'clothes iron', 'coffee mug', 'computer mouse', 'digital watch', 'doormat', 'dumbbell', 'envelope', 'hair dryer', 'hammer', 'lampshade', 'lemon', 'lipstick', 'match', 'mobile phone', 'necklace', 'padlock', 'paintbrush', 'paper towel', 'park bench', 'pill bottle', 'pillow', 'plastic bag', 'plunger', 'power drill', 'printer', 'racket', 'ruler', 'safety pin', 'salt shaker', 'sandal', 'screw', 'shovel', 'space heater', 'spatula', 'speaker', 'strainer', 'sunglasses', 'teddy bear', 'television', 'umbrella', 'vase', 'wallet', 'waste container', 'water bottle', 'whistle']"
144444,2fc8c78f8cb949d.png,100,water bottle,envelope,3.83,7fb7364b8ea8cfe2,True,"['Band-Aid', 'T-shirt', 'backpack', 'banana', 'cleaver', 'clothes iron', 'coffee mug', 'computer mouse', 'digital watch', 'doormat', 'dumbbell', 'envelope', 'hair dryer', 'hammer', 'lampshade', 'lemon', 'lipstick', 'match', 'mobile phone', 'necklace', 'padlock', 'paintbrush', 'paper towel', 'park bench', 'pill bottle', 'pillow', 'plastic bag', 'plunger', 'power drill', 'printer', 'racket', 'ruler', 'safety pin', 'salt shaker', 'sandal', 'screw', 'shovel', 'space heater', 'spatula', 'speaker', 'strainer', 'sunglasses', 'teddy bear', 'television', 'umbrella', 'vase', 'wallet', 'waste container', 'water bottle', 'whistle']"
138819,30bbe9bded3b436.png,100,banana,banana,4.793,5cb72205dc6b45f8,True,"['Band-Aid', 'T-shirt', 'backpack', 'banana', 'cleaver', 'clothes iron', 'coffee mug', 'computer mouse', 'digital watch', 'doormat', 'dumbbell', 'envelope', 'hair dryer', 'hammer', 'lampshade', 'lemon', 'lipstick', 'match', 'mobile phone', 'necklace', 'padlock', 'paintbrush', 'paper towel', 'park bench', 'pill bottle', 'pillow', 'plastic bag', 'plunger', 'power drill', 'printer', 'racket', 'ruler', 'safety pin', 'salt shaker', 'sandal', 'screw', 'shovel', 'space heater', 'spatula', 'speaker', 'strainer', 'sunglasses', 'teddy bear', 'television', 'umbrella', 'vase', 'wallet', 'waste container', 'water bottle', 'whistle']"
136747,30e354746dff445.png,100,hammer,hammer,2.058,ccb4f6b37950a6d2,True,"['Band-Aid', 'T-shirt', 'backpack', 'banana', 'cleaver', 'clothes iron', 'coffee mug', 'computer mouse', 'digital watch', 'doormat', 'dumbbell', 'envelope', 'hair dryer', 'hammer', 'lampshade', 'lemon', 'lipstick', 'match', 'mobile phone', 'necklace', 'padlock', 'paintbrush', 'paper towel', 'park bench', 'pill bottle', 'pillow', 'plastic bag', 'plunger', 'power drill', 'printer', 'racket', 'ruler', 'safety pin', 'salt shaker', 'sandal', 'screw', 'shovel', 'space heater', 'spatula', 'speaker', 'strainer', 'sunglasses', 'teddy bear', 'television', 'umbrella', 'vase', 'wallet', 'waste container', 'water bottle', 'whistle']"
145585,313885d79dd54b5.png,100,vase,vase,3.254,41fd4c42d7d5f40a,True,"['Band-Aid', 'T-shirt', 'backpack', 'banana', 'cleaver', 'clothes iron', 'coffee mug', 'computer mouse', 'digital watch', 'doormat', 'dumbbell', 'envelope', 'hair dryer', 'hammer', 'lampshade', 'lemon', 'lipstick', 'match', 'mobile phone', 'necklace', 'padlock', 'paintbrush', 'paper towel', 'park bench', 'pill bottle', 'pillow', 'plastic bag', 'plunger', 'power drill', 'printer', 'racket', 'ruler', 'safety pin', 'salt shaker', 'sandal', 'screw', 'shovel', 'space heater', 'spatula', 'speaker', 'strainer', 'sunglasses', 'teddy bear', 'television', 'umbrella', 'vase', 'wallet', 'waste container', 'water bottle', 'whistle']"
141372,313e54068d474c0.png,100,waste container,waste container,1.763,70628194c8d0b3a9,True,"['Band-Aid', 'T-shirt', 'backpack', 'banana', 'cleaver', 'clothes iron', 'coffee mug', 'computer mouse', 'digital watch', 'doormat', 'dumbbell', 'envelope', 'hair dryer', 'hammer', 'lampshade', 'lemon', 'lipstick', 'match', 'mobile phone', 'necklace', 'padlock', 'paintbrush', 'paper towel', 'park bench', 'pill bottle', 'pillow', 'plastic bag', 'plunger', 'power drill', 'printer', 'racket', 'ruler', 'safety pin', 'salt shaker', 'sandal', 'screw', 'shovel', 'space heater', 'spatula', 'speaker', 'strainer', 'sunglasses', 'teddy bear', 'television', 'umbrella', 'vase', 'wallet', 'waste container', 'water bottle', 'whistle']"
136493,31b82c1745a7429.png,100,spatula,spatula,1.662,9d18ad4e72a69082,True,"['Band-Aid', 'T-shirt', 'backpack', 'banana', 'cleaver', 'clothes iron', 'coffee mug', 'computer mouse', 'digital watch', 'doormat', 'dumbbell', 'envelope', 'hair dryer', 'hammer', 'lampshade', 'lemon', 'lipstick', 'match', 'mobile phone', 'necklace', 'padlock', 'paintbrush', 'paper towel', 'park bench', 'pill bottle', 'pillow', 'plastic bag', 'plunger', 'power drill', 'printer', 'racket', 'ruler', 'safety pin', 'salt shaker', 'sandal', 'screw', 'shovel', 'space heater', 'spatula', 'speaker', 'strainer', 'sunglasses', 'teddy bear', 'television', 'umbrella', 'vase', 'wallet', 'waste container', 'water bottle', 'whistle']"
136498,328086be7a384f4.png,100,lemon,doormat,94.652,be683167ace1f4b0,True,"['Band-Aid', 'T-shirt', 'backpack', 'banana', 'cleaver', 'clothes iron', 'coffee mug', 'computer mouse', 'digital watch', 'doormat', 'dumbbell', 'envelope', 'hair dryer', 'hammer', 'lampshade', 'lemon', 'lipstick', 'match', 'mobile phone', 'necklace', 'padlock', 'paintbrush', 'paper towel', 'park bench', 'pill bottle', 'pillow', 'plastic bag', 'plunger', 'power drill', 'printer', 'racket', 'ruler', 'safety pin', 'salt shaker', 'sandal', 'screw', 'shovel', 'space heater', 'spatula', 'speaker', 'strainer', 'sunglasses', 'teddy bear', 'television', 'umbrella', 'vase', 'wallet', 'waste container', 'water bottle', 'whistle']"
136833,32c3046a366d4ce.png,100,T-shirt,T-shirt,4.444,d082e683fa0a456f,True,"['Band-Aid', 'T-shirt', 'backpack', 'banana', 'cleaver', 'clothes iron', 'coffee mug', 'computer mouse', 'digital watch', 'doormat', 'dumbbell', 'envelope', 'hair dryer', 'hammer', 'lampshade', 'lemon', 'lipstick', 'match', 'mobile phone', 'necklace', 'padlock', 'paintbrush', 'paper towel', 'park bench', 'pill bottle', 'pillow', 'plastic bag', 'plunger', 'power drill', 'printer', 'racket', 'ruler', 'safety pin', 'salt shaker', 'sandal', 'screw', 'shovel', 'space heater', 'spatula', 'speaker', 'strainer', 'sunglasses', 'teddy bear', 'television', 'umbrella', 'vase', 'wallet', 'waste container', 'water bottle', 'whistle']"
135814,32c642d9804f48e.png,100,hammer,hammer,3.128,1b4ea904d4e8ca0b,True,"['Band-Aid', 'T-shirt', 'backpack', 'banana', 'cleaver', 'clothes iron', 'coffee mug', 'computer mouse', 'digital watch', 'doormat', 'dumbbell', 'envelope', 'hair dryer', 'hammer', 'lampshade', 'lemon', 'lipstick', 'match', 'mobile phone', 'necklace', 'padlock', 'paintbrush', 'paper towel', 'park bench', 'pill bottle', 'pillow', 'plastic bag', 'plunger', 'power drill', 'printer', 'racket', 'ruler', 'safety pin', 'salt shaker', 'sandal', 'screw', 'shovel', 'space heater', 'spatula', 'speaker', 'strainer', 'sunglasses', 'teddy bear', 'television', 'umbrella', 'vase', 'wallet', 'waste container', 'water bottle', 'whistle']"
134640,34625269dce441d.png,100,lemon,lemon,2.433,bc3445ecefc79de1,True,"['Band-Aid', 'T-shirt', 'backpack', 'banana', 'cleaver', 'clothes iron', 'coffee mug', 'computer mouse', 'digital watch', 'doormat', 'dumbbell', 'envelope', 'hair dryer', 'hammer', 'lampshade', 'lemon', 'lipstick', 'match', 'mobile phone', 'necklace', 'padlock', 'paintbrush', 'paper towel', 'park bench', 'pill bottle', 'pillow', 'plastic bag', 'plunger', 'power drill', 'printer', 'racket', 'ruler', 'safety pin', 'salt shaker', 'sandal', 'screw', 'shovel', 'space heater', 'spatula', 'speaker', 'strainer', 'sunglasses', 'teddy bear', 'television', 'umbrella', 'vase', 'wallet', 'waste container', 'water bottle', 'whistle']"
137819,35647b77aed14c5.png,100,padlock,padlock,6.079,cc937257d8fa6dd2,True,"['Band-Aid', 'T-shirt', 'backpack', 'banana', 'cleaver', 'clothes iron', 'coffee mug', 'computer mouse', 'digital watch', 'doormat', 'dumbbell', 'envelope', 'hair dryer', 'hammer', 'lampshade', 'lemon', 'lipstick', 'match', 'mobile phone', 'necklace', 'padlock', 'paintbrush', 'paper towel', 'park bench', 'pill bottle', 'pillow', 'plastic bag', 'plunger', 'power drill', 'printer', 'racket', 'ruler', 'safety pin', 'salt shaker', 'sandal', 'screw', 'shovel', 'space heater', 'spatula', 'speaker', 'strainer', 'sunglasses', 'teddy bear', 'television', 'umbrella', 'vase', 'wallet', 'waste container', 'water bottle', 'whistle']"
147582,36141fe272f64bf.png,100,sunglasses,sunglasses,5.702,d861da05be4e38d5,True,"['Band-Aid', 'T-shirt', 'backpack', 'banana', 'cleaver', 'clothes iron', 'coffee mug', 'computer mouse', 'digital watch', 'doormat', 'dumbbell', 'envelope', 'hair dryer', 'hammer', 'lampshade', 'lemon', 'lipstick', 'match', 'mobile phone', 'necklace', 'padlock', 'paintbrush', 'paper towel', 'park bench', 'pill bottle', 'pillow', 'plastic bag', 'plunger', 'power drill', 'printer', 'racket', 'ruler', 'safety pin', 'salt shaker', 'sandal', 'screw', 'shovel', 'space heater', 'spatula', 'speaker', 'strainer', 'sunglasses', 'teddy bear', 'television', 'umbrella', 'vase', 'wallet', 'waste container', 'water bottle', 'whistle']"
145240,369ef4492ceb457.png,100,lemon,lemon,4.267,63a0c3827bb252e4,True,"['Band-Aid', 'T-shirt', 'backpack', 'banana', 'cleaver', 'clothes iron', 'coffee mug', 'computer mouse', 'digital watch', 'doormat', 'dumbbell', 'envelope', 'hair dryer', 'hammer', 'lampshade', 'lemon', 'lipstick', 'match', 'mobile phone', 'necklace', 'padlock', 'paintbrush', 'paper towel', 'park bench', 'pill bottle', 'pillow', 'plastic bag', 'plunger', 'power drill', 'printer', 'racket', 'ruler', 'safety pin', 'salt shaker', 'sandal', 'screw', 'shovel', 'space heater', 'spatula', 'speaker', 'strainer', 'sunglasses', 'teddy bear', 'television', 'umbrella', 'vase', 'wallet', 'waste container', 'water bottle', 'whistle']"
145189,36ebee544260494.png,100,coffee mug,coffee mug,2.331,d7a8e9a885e01c7f,True,"['Band-Aid', 'T-shirt', 'backpack', 'banana', 'cleaver', 'clothes iron', 'coffee mug', 'computer mouse', 'digital watch', 'doormat', 'dumbbell', 'envelope', 'hair dryer', 'hammer', 'lampshade', 'lemon', 'lipstick', 'match', 'mobile phone', 'necklace', 'padlock', 'paintbrush', 'paper towel', 'park bench', 'pill bottle', 'pillow', 'plastic bag', 'plunger', 'power drill', 'printer', 'racket', 'ruler', 'safety pin', 'salt shaker', 'sandal', 'screw', 'shovel', 'space heater', 'spatula', 'speaker', 'strainer', 'sunglasses', 'teddy bear', 'television', 'umbrella', 'vase', 'wallet', 'waste container', 'water bottle', 'whistle']"
147551,36f42368206a413.png,100,screw,screw,2.937,f18008e96146f179,True,"['Band-Aid', 'T-shirt', 'backpack', 'banana', 'cleaver', 'clothes iron', 'coffee mug', 'computer mouse', 'digital watch', 'doormat', 'dumbbell', 'envelope', 'hair dryer', 'hammer', 'lampshade', 'lemon', 'lipstick', 'match', 'mobile phone', 'necklace', 'padlock', 'paintbrush', 'paper towel', 'park bench', 'pill bottle', 'pillow', 'plastic bag', 'plunger', 'power drill', 'printer', 'racket', 'ruler', 'safety pin', 'salt shaker', 'sandal', 'screw', 'shovel', 'space heater', 'spatula', 'speaker', 'strainer', 'sunglasses', 'teddy bear', 'television', 'umbrella', 'vase', 'wallet', 'waste container', 'water bottle', 'whistle']"
158044,370c1dc884d7437.png,100,dumbbell,dumbbell,7.435,1d3845f3d9b313d5,True,"['Band-Aid', 'T-shirt', 'backpack', 'banana', 'cleaver', 'clothes iron', 'coffee mug', 'computer mouse', 'digital watch', 'doormat', 'dumbbell', 'envelope', 'hair dryer', 'hammer', 'lampshade', 'lemon', 'lipstick', 'match', 'mobile phone', 'necklace', 'padlock', 'paintbrush', 'paper towel', 'park bench', 'pill bottle', 'pillow', 'plastic bag', 'plunger', 'power drill', 'printer', 'racket', 'ruler', 'safety pin', 'salt shaker', 'sandal', 'screw', 'shovel', 'space heater', 'spatula', 'speaker', 'strainer', 'sunglasses', 'teddy bear', 'television', 'umbrella', 'vase', 'wallet', 'waste container', 'water bottle', 'whistle']"
150550,37134ee7b3024d2.png,100,teddy bear,teddy bear,38.554,69a5b4b9f81f8d1c,True,"['Band-Aid', 'T-shirt', 'backpack', 'banana', 'cleaver', 'clothes iron', 'coffee mug', 'computer mouse', 'digital watch', 'doormat', 'dumbbell', 'envelope', 'hair dryer', 'hammer', 'lampshade', 'lemon', 'lipstick', 'match', 'mobile phone', 'necklace', 'padlock', 'paintbrush', 'paper towel', 'park bench', 'pill bottle', 'pillow', 'plastic bag', 'plunger', 'power drill', 'printer', 'racket', 'ruler', 'safety pin', 'salt shaker', 'sandal', 'screw', 'shovel', 'space heater', 'spatula', 'speaker', 'strainer', 'sunglasses', 'teddy bear', 'television', 'umbrella', 'vase', 'wallet', 'waste container', 'water bottle', 'whistle']"
144323,375819faa88945e.png,100,sandal,sandal,1.988,f78279d966147b38,True,"['Band-Aid', 'T-shirt', 'backpack', 'banana', 'cleaver', 'clothes iron', 'coffee mug', 'computer mouse', 'digital watch', 'doormat', 'dumbbell', 'envelope', 'hair dryer', 'hammer', 'lampshade', 'lemon', 'lipstick', 'match', 'mobile phone', 'necklace', 'padlock', 'paintbrush', 'paper towel', 'park bench', 'pill bottle', 'pillow', 'plastic bag', 'plunger', 'power drill', 'printer', 'racket', 'ruler', 'safety pin', 'salt shaker', 'sandal', 'screw', 'shovel', 'space heater', 'spatula', 'speaker', 'strainer', 'sunglasses', 'teddy bear', 'television', 'umbrella', 'vase', 'wallet', 'waste container', 'water bottle', 'whistle']"
147667,3780f36eb8d446a.png,100,whistle,whistle,2.012,15d176c09b6d4877,True,"['Band-Aid', 'T-shirt', 'backpack', 'banana', 'cleaver', 'clothes iron', 'coffee mug', 'computer mouse', 'digital watch', 'doormat', 'dumbbell', 'envelope', 'hair dryer', 'hammer', 'lampshade', 'lemon', 'lipstick', 'match', 'mobile phone', 'necklace', 'padlock', 'paintbrush', 'paper towel', 'park bench', 'pill bottle', 'pillow', 'plastic bag', 'plunger', 'power drill', 'printer', 'racket', 'ruler', 'safety pin', 'salt shaker', 'sandal', 'screw', 'shovel', 'space heater', 'spatula', 'speaker', 'strainer', 'sunglasses', 'teddy bear', 'television', 'umbrella', 'vase', 'wallet', 'waste container', 'water bottle', 'whistle']"
150342,37890e9dc856449.png,100,water bottle,water bottle,2.095,29d849592146aa90,True,"['Band-Aid', 'T-shirt', 'backpack', 'banana', 'cleaver', 'clothes iron', 'coffee mug', 'computer mouse', 'digital watch', 'doormat', 'dumbbell', 'envelope', 'hair dryer', 'hammer', 'lampshade', 'lemon', 'lipstick', 'match', 'mobile phone', 'necklace', 'padlock', 'paintbrush', 'paper towel', 'park bench', 'pill bottle', 'pillow', 'plastic bag', 'plunger', 'power drill', 'printer', 'racket', 'ruler', 'safety pin', 'salt shaker', 'sandal', 'screw', 'shovel', 'space heater', 'spatula', 'speaker', 'strainer', 'sunglasses', 'teddy bear', 'television', 'umbrella', 'vase', 'wallet', 'waste container', 'water bottle', 'whistle']"
137874,37e1de15d4874dd.png,100,water bottle,water bottle,2.011,647e0dffff7ddd5e,True,"['Band-Aid', 'T-shirt', 'backpack', 'banana', 'cleaver', 'clothes iron', 'coffee mug', 'computer mouse', 'digital watch', 'doormat', 'dumbbell', 'envelope', 'hair dryer', 'hammer', 'lampshade', 'lemon', 'lipstick', 'match', 'mobile phone', 'necklace', 'padlock', 'paintbrush', 'paper towel', 'park bench', 'pill bottle', 'pillow', 'plastic bag', 'plunger', 'power drill', 'printer', 'racket', 'ruler', 'safety pin', 'salt shaker', 'sandal', 'screw', 'shovel', 'space heater', 'spatula', 'speaker', 'strainer', 'sunglasses', 'teddy bear', 'television', 'umbrella', 'vase', 'wallet', 'waste container', 'water bottle', 'whistle']"
141243,383af15aa86f44d.png,100,water bottle,water bottle,1.998,207cd7251076de2c,True,"['Band-Aid', 'T-shirt', 'backpack', 'banana', 'cleaver', 'clothes iron', 'coffee mug', 'computer mouse', 'digital watch', 'doormat', 'dumbbell', 'envelope', 'hair dryer', 'hammer', 'lampshade', 'lemon', 'lipstick', 'match', 'mobile phone', 'necklace', 'padlock', 'paintbrush', 'paper towel', 'park bench', 'pill bottle', 'pillow', 'plastic bag', 'plunger', 'power drill', 'printer', 'racket', 'ruler', 'safety pin', 'salt shaker', 'sandal', 'screw', 'shovel', 'space heater', 'spatula', 'speaker', 'strainer', 'sunglasses', 'teddy bear', 'television', 'umbrella', 'vase', 'wallet', 'waste container', 'water bottle', 'whistle']"
141542,399439d42856492.png,100,waste container,speaker,21.854,d20bb886d00ac156,True,"['Band-Aid', 'T-shirt', 'backpack', 'banana', 'cleaver', 'clothes iron', 'coffee mug', 'computer mouse', 'digital watch', 'doormat', 'dumbbell', 'envelope', 'hair dryer', 'hammer', 'lampshade', 'lemon', 'lipstick', 'match', 'mobile phone', 'necklace', 'padlock', 'paintbrush', 'paper towel', 'park bench', 'pill bottle', 'pillow', 'plastic bag', 'plunger', 'power drill', 'printer', 'racket', 'ruler', 'safety pin', 'salt shaker', 'sandal', 'screw', 'shovel', 'space heater', 'spatula', 'speaker', 'strainer', 'sunglasses', 'teddy bear', 'television', 'umbrella', 'vase', 'wallet', 'waste container', 'water bottle', 'whistle']"
137870,3affddaa72d94b7.png,100,match,match,3.349,b8c55bbd258347a1,True,"['Band-Aid', 'T-shirt', 'backpack', 'banana', 'cleaver', 'clothes iron', 'coffee mug', 'computer mouse', 'digital watch', 'doormat', 'dumbbell', 'envelope', 'hair dryer', 'hammer', 'lampshade', 'lemon', 'lipstick', 'match', 'mobile phone', 'necklace', 'padlock', 'paintbrush', 'paper towel', 'park bench', 'pill bottle', 'pillow', 'plastic bag', 'plunger', 'power drill', 'printer', 'racket', 'ruler', 'safety pin', 'salt shaker', 'sandal', 'screw', 'shovel', 'space heater', 'spatula', 'speaker', 'strainer', 'sunglasses', 'teddy bear', 'television', 'umbrella', 'vase', 'wallet', 'waste container', 'water bottle', 'whistle']"
156614,3c4dc853646a417.png,100,television,television,3.82,ed51fb92c9fb9998,True,"['Band-Aid', 'T-shirt', 'backpack', 'banana', 'cleaver', 'clothes iron', 'coffee mug', 'computer mouse', 'digital watch', 'doormat', 'dumbbell', 'envelope', 'hair dryer', 'hammer', 'lampshade', 'lemon', 'lipstick', 'match', 'mobile phone', 'necklace', 'padlock', 'paintbrush', 'paper towel', 'park bench', 'pill bottle', 'pillow', 'plastic bag', 'plunger', 'power drill', 'printer', 'racket', 'ruler', 'safety pin', 'salt shaker', 'sandal', 'screw', 'shovel', 'space heater', 'spatula', 'speaker', 'strainer', 'sunglasses', 'teddy bear', 'television', 'umbrella', 'vase', 'wallet', 'waste container', 'water bottle', 'whistle']"
144283,3ccc8193e45d434.png,100,banana,banana,5.123,65e4d4602a21a3e2,True,"['Band-Aid', 'T-shirt', 'backpack', 'banana', 'cleaver', 'clothes iron', 'coffee mug', 'computer mouse', 'digital watch', 'doormat', 'dumbbell', 'envelope', 'hair dryer', 'hammer', 'lampshade', 'lemon', 'lipstick', 'match', 'mobile phone', 'necklace', 'padlock', 'paintbrush', 'paper towel', 'park bench', 'pill bottle', 'pillow', 'plastic bag', 'plunger', 'power drill', 'printer', 'racket', 'ruler', 'safety pin', 'salt shaker', 'sandal', 'screw', 'shovel', 'space heater', 'spatula', 'speaker', 'strainer', 'sunglasses', 'teddy bear', 'television', 'umbrella', 'vase', 'wallet', 'waste container', 'water bottle', 'whistle']"
136712,3d13ddab558a4ef.png,100,lemon,lemon,2.841,4f8aa5804e48c4ef,True,"['Band-Aid', 'T-shirt', 'backpack', 'banana', 'cleaver', 'clothes iron', 'coffee mug', 'computer mouse', 'digital watch', 'doormat', 'dumbbell', 'envelope', 'hair dryer', 'hammer', 'lampshade', 'lemon', 'lipstick', 'match', 'mobile phone', 'necklace', 'padlock', 'paintbrush', 'paper towel', 'park bench', 'pill bottle', 'pillow', 'plastic bag', 'plunger', 'power drill', 'printer', 'racket', 'ruler', 'safety pin', 'salt shaker', 'sandal', 'screw', 'shovel', 'space heater', 'spatula', 'speaker', 'strainer', 'sunglasses', 'teddy bear', 'television', 'umbrella', 'vase', 'wallet', 'waste container', 'water bottle', 'whistle']"
141958,3d2242ab8b39400.png,100,wallet,wallet,2.538,fe3e20f47206d997,True,"['Band-Aid', 'T-shirt', 'backpack', 'banana', 'cleaver', 'clothes iron', 'coffee mug', 'computer mouse', 'digital watch', 'doormat', 'dumbbell', 'envelope', 'hair dryer', 'hammer', 'lampshade', 'lemon', 'lipstick', 'match', 'mobile phone', 'necklace', 'padlock', 'paintbrush', 'paper towel', 'park bench', 'pill bottle', 'pillow', 'plastic bag', 'plunger', 'power drill', 'printer', 'racket', 'ruler', 'safety pin', 'salt shaker', 'sandal', 'screw', 'shovel', 'space heater', 'spatula', 'speaker', 'strainer', 'sunglasses', 'teddy bear', 'television', 'umbrella', 'vase', 'wallet', 'waste container', 'water bottle', 'whistle']"
169526,3d760daf934b4e4.png,100,envelope,envelope,12.194,98850d51a34c88f4,True,"['Band-Aid', 'T-shirt', 'backpack', 'banana', 'cleaver', 'clothes iron', 'coffee mug', 'computer mouse', 'digital watch', 'doormat', 'dumbbell', 'envelope', 'hair dryer', 'hammer', 'lampshade', 'lemon', 'lipstick', 'match', 'mobile phone', 'necklace', 'padlock', 'paintbrush', 'paper towel', 'park bench', 'pill bottle', 'pillow', 'plastic bag', 'plunger', 'power drill', 'printer', 'racket', 'ruler', 'safety pin', 'salt shaker', 'sandal', 'screw', 'shovel', 'space heater', 'spatula', 'speaker', 'strainer', 'sunglasses', 'teddy bear', 'television', 'umbrella', 'vase', 'wallet', 'waste container', 'water bottle', 'whistle']"
138039,3d9690e191ac40f.png,100,clothes iron,speaker,2.379,1a60aabaa8aaca83,True,"['Band-Aid', 'T-shirt', 'backpack', 'banana', 'cleaver', 'clothes iron', 'coffee mug', 'computer mouse', 'digital watch', 'doormat', 'dumbbell', 'envelope', 'hair dryer', 'hammer', 'lampshade', 'lemon', 'lipstick', 'match', 'mobile phone', 'necklace', 'padlock', 'paintbrush', 'paper towel', 'park bench', 'pill bottle', 'pillow', 'plastic bag', 'plunger', 'power drill', 'printer', 'racket', 'ruler', 'safety pin', 'salt shaker', 'sandal', 'screw', 'shovel', 'space heater', 'spatula', 'speaker', 'strainer', 'sunglasses', 'teddy bear', 'television', 'umbrella', 'vase', 'wallet', 'waste container', 'water bottle', 'whistle']"
139236,3dbd4e3b0d93472.png,100,necklace,necklace,12.238,34955fead7914fb7,True,"['Band-Aid', 'T-shirt', 'backpack', 'banana', 'cleaver', 'clothes iron', 'coffee mug', 'computer mouse', 'digital watch', 'doormat', 'dumbbell', 'envelope', 'hair dryer', 'hammer', 'lampshade', 'lemon', 'lipstick', 'match', 'mobile phone', 'necklace', 'padlock', 'paintbrush', 'paper towel', 'park bench', 'pill bottle', 'pillow', 'plastic bag', 'plunger', 'power drill', 'printer', 'racket', 'ruler', 'safety pin', 'salt shaker', 'sandal', 'screw', 'shovel', 'space heater', 'spatula', 'speaker', 'strainer', 'sunglasses', 'teddy bear', 'television', 'umbrella', 'vase', 'wallet', 'waste container', 'water bottle', 'whistle']"
145033,3e5c43e55aa0491.png,100,clothes iron,plastic bag,43.865,70628194c8d0b3a9,True,"['Band-Aid', 'T-shirt', 'backpack', 'banana', 'cleaver', 'clothes iron', 'coffee mug', 'computer mouse', 'digital watch', 'doormat', 'dumbbell', 'envelope', 'hair dryer', 'hammer', 'lampshade', 'lemon', 'lipstick', 'match', 'mobile phone', 'necklace', 'padlock', 'paintbrush', 'paper towel', 'park bench', 'pill bottle', 'pillow', 'plastic bag', 'plunger', 'power drill', 'printer', 'racket', 'ruler', 'safety pin', 'salt shaker', 'sandal', 'screw', 'shovel', 'space heater', 'spatula', 'speaker', 'strainer', 'sunglasses', 'teddy bear', 'television', 'umbrella', 'vase', 'wallet', 'waste container', 'water bottle', 'whistle']"
147798,3e8b6cd7d11f436.png,100,water bottle,water bottle,1.916,47bdac273edc014c,True,"['Band-Aid', 'T-shirt', 'backpack', 'banana', 'cleaver', 'clothes iron', 'coffee mug', 'computer mouse', 'digital watch', 'doormat', 'dumbbell', 'envelope', 'hair dryer', 'hammer', 'lampshade', 'lemon', 'lipstick', 'match', 'mobile phone', 'necklace', 'padlock', 'paintbrush', 'paper towel', 'park bench', 'pill bottle', 'pillow', 'plastic bag', 'plunger', 'power drill', 'printer', 'racket', 'ruler', 'safety pin', 'salt shaker', 'sandal', 'screw', 'shovel', 'space heater', 'spatula', 'speaker', 'strainer', 'sunglasses', 'teddy bear', 'television', 'umbrella', 'vase', 'wallet', 'waste container', 'water bottle', 'whistle']"
147980,3ebb552028e4467.png,100,pill bottle,pill bottle,5.429,6a82f29e4e5756fe,True,"['Band-Aid', 'T-shirt', 'backpack', 'banana', 'cleaver', 'clothes iron', 'coffee mug', 'computer mouse', 'digital watch', 'doormat', 'dumbbell', 'envelope', 'hair dryer', 'hammer', 'lampshade', 'lemon', 'lipstick', 'match', 'mobile phone', 'necklace', 'padlock', 'paintbrush', 'paper towel', 'park bench', 'pill bottle', 'pillow', 'plastic bag', 'plunger', 'power drill', 'printer', 'racket', 'ruler', 'safety pin', 'salt shaker', 'sandal', 'screw', 'shovel', 'space heater', 'spatula', 'speaker', 'strainer', 'sunglasses', 'teddy bear', 'television', 'umbrella', 'vase', 'wallet', 'waste container', 'water bottle', 'whistle']"
136677,3f584ecb856c4d9.png,100,coffee mug,power drill,7.884,fb2b50e21d65e906,True,"['Band-Aid', 'T-shirt', 'backpack', 'banana', 'cleaver', 'clothes iron', 'coffee mug', 'computer mouse', 'digital watch', 'doormat', 'dumbbell', 'envelope', 'hair dryer', 'hammer', 'lampshade', 'lemon', 'lipstick', 'match', 'mobile phone', 'necklace', 'padlock', 'paintbrush', 'paper towel', 'park bench', 'pill bottle', 'pillow', 'plastic bag', 'plunger', 'power drill', 'printer', 'racket', 'ruler', 'safety pin', 'salt shaker', 'sandal', 'screw', 'shovel', 'space heater', 'spatula', 'speaker', 'strainer', 'sunglasses', 'teddy bear', 'television', 'umbrella', 'vase', 'wallet', 'waste container', 'water bottle', 'whistle']"
138012,3ffe1e138dad4cb.png,100,padlock,padlock,3.104,7b622f8066c7ef4f,True,"['Band-Aid', 'T-shirt', 'backpack', 'banana', 'cleaver', 'clothes iron', 'coffee mug', 'computer mouse', 'digital watch', 'doormat', 'dumbbell', 'envelope', 'hair dryer', 'hammer', 'lampshade', 'lemon', 'lipstick', 'match', 'mobile phone', 'necklace', 'padlock', 'paintbrush', 'paper towel', 'park bench', 'pill bottle', 'pillow', 'plastic bag', 'plunger', 'power drill', 'printer', 'racket', 'ruler', 'safety pin', 'salt shaker', 'sandal', 'screw', 'shovel', 'space heater', 'spatula', 'speaker', 'strainer', 'sunglasses', 'teddy bear', 'television', 'umbrella', 'vase', 'wallet', 'waste container', 'water bottle', 'whistle']"
135481,41fa25311bf64f3.png,100,padlock,padlock,2.868,6245cf3a4900f3ef,True,"['Band-Aid', 'T-shirt', 'backpack', 'banana', 'cleaver', 'clothes iron', 'coffee mug', 'computer mouse', 'digital watch', 'doormat', 'dumbbell', 'envelope', 'hair dryer', 'hammer', 'lampshade', 'lemon', 'lipstick', 'match', 'mobile phone', 'necklace', 'padlock', 'paintbrush', 'paper towel', 'park bench', 'pill bottle', 'pillow', 'plastic bag', 'plunger', 'power drill', 'printer', 'racket', 'ruler', 'safety pin', 'salt shaker', 'sandal', 'screw', 'shovel', 'space heater', 'spatula', 'speaker', 'strainer', 'sunglasses', 'teddy bear', 'television', 'umbrella', 'vase', 'wallet', 'waste container', 'water bottle', 'whistle']"
142650,4208ec492ff34b6.png,100,racket,racket,115.633,c4d76a9e612c1f58,True,"['Band-Aid', 'T-shirt', 'backpack', 'banana', 'cleaver', 'clothes iron', 'coffee mug', 'computer mouse', 'digital watch', 'doormat', 'dumbbell', 'envelope', 'hair dryer', 'hammer', 'lampshade', 'lemon', 'lipstick', 'match', 'mobile phone', 'necklace', 'padlock', 'paintbrush', 'paper towel', 'park bench', 'pill bottle', 'pillow', 'plastic bag', 'plunger', 'power drill', 'printer', 'racket', 'ruler', 'safety pin', 'salt shaker', 'sandal', 'screw', 'shovel', 'space heater', 'spatula', 'speaker', 'strainer', 'sunglasses', 'teddy bear', 'television', 'umbrella', 'vase', 'wallet', 'waste container', 'water bottle', 'whistle']"
133858,4308d3b4945b486.png,100,paintbrush,paintbrush,6.111,807ac53ac01af1a7,True,"['Band-Aid', 'T-shirt', 'backpack', 'banana', 'cleaver', 'clothes iron', 'coffee mug', 'computer mouse', 'digital watch', 'doormat', 'dumbbell', 'envelope', 'hair dryer', 'hammer', 'lampshade', 'lemon', 'lipstick', 'match', 'mobile phone', 'necklace', 'padlock', 'paintbrush', 'paper towel', 'park bench', 'pill bottle', 'pillow', 'plastic bag', 'plunger', 'power drill', 'printer', 'racket', 'ruler', 'safety pin', 'salt shaker', 'sandal', 'screw', 'shovel', 'space heater', 'spatula', 'speaker', 'strainer', 'sunglasses', 'teddy bear', 'television', 'umbrella', 'vase', 'wallet', 'waste container', 'water bottle', 'whistle']"
135469,431c1e378ecb494.png,100,lampshade,lampshade,4.678,d0146f532a5ff387,True,"['Band-Aid', 'T-shirt', 'backpack', 'banana', 'cleaver', 'clothes iron', 'coffee mug', 'computer mouse', 'digital watch', 'doormat', 'dumbbell', 'envelope', 'hair dryer', 'hammer', 'lampshade', 'lemon', 'lipstick', 'match', 'mobile phone', 'necklace', 'padlock', 'paintbrush', 'paper towel', 'park bench', 'pill bottle', 'pillow', 'plastic bag', 'plunger', 'power drill', 'printer', 'racket', 'ruler', 'safety pin', 'salt shaker', 'sandal', 'screw', 'shovel', 'space heater', 'spatula', 'speaker', 'strainer', 'sunglasses', 'teddy bear', 'television', 'umbrella', 'vase', 'wallet', 'waste container', 'water bottle', 'whistle']"
153432,433ead5fa6fd420.png,100,match,match,1.568,991398360dd5923c,True,"['Band-Aid', 'T-shirt', 'backpack', 'banana', 'cleaver', 'clothes iron', 'coffee mug', 'computer mouse', 'digital watch', 'doormat', 'dumbbell', 'envelope', 'hair dryer', 'hammer', 'lampshade', 'lemon', 'lipstick', 'match', 'mobile phone', 'necklace', 'padlock', 'paintbrush', 'paper towel', 'park bench', 'pill bottle', 'pillow', 'plastic bag', 'plunger', 'power drill', 'printer', 'racket', 'ruler', 'safety pin', 'salt shaker', 'sandal', 'screw', 'shovel', 'space heater', 'spatula', 'speaker', 'strainer', 'sunglasses', 'teddy bear', 'television', 'umbrella', 'vase', 'wallet', 'waste container', 'water bottle', 'whistle']"
139626,43725f690e23428.png,100,screw,screw,1.967,2d5e6a68741000b1,True,"['Band-Aid', 'T-shirt', 'backpack', 'banana', 'cleaver', 'clothes iron', 'coffee mug', 'computer mouse', 'digital watch', 'doormat', 'dumbbell', 'envelope', 'hair dryer', 'hammer', 'lampshade', 'lemon', 'lipstick', 'match', 'mobile phone', 'necklace', 'padlock', 'paintbrush', 'paper towel', 'park bench', 'pill bottle', 'pillow', 'plastic bag', 'plunger', 'power drill', 'printer', 'racket', 'ruler', 'safety pin', 'salt shaker', 'sandal', 'screw', 'shovel', 'space heater', 'spatula', 'speaker', 'strainer', 'sunglasses', 'teddy bear', 'television', 'umbrella', 'vase', 'wallet', 'waste container', 'water bottle', 'whistle']"
137852,43a7e38db63d405.png,100,speaker,speaker,9.284,eb92c9b9ca47fb5a,True,"['Band-Aid', 'T-shirt', 'backpack', 'banana', 'cleaver', 'clothes iron', 'coffee mug', 'computer mouse', 'digital watch', 'doormat', 'dumbbell', 'envelope', 'hair dryer', 'hammer', 'lampshade', 'lemon', 'lipstick', 'match', 'mobile phone', 'necklace', 'padlock', 'paintbrush', 'paper towel', 'park bench', 'pill bottle', 'pillow', 'plastic bag', 'plunger', 'power drill', 'printer', 'racket', 'ruler', 'safety pin', 'salt shaker', 'sandal', 'screw', 'shovel', 'space heater', 'spatula', 'speaker', 'strainer', 'sunglasses', 'teddy bear', 'television', 'umbrella', 'vase', 'wallet', 'waste container', 'water bottle', 'whistle']"
137832,43b0fbc442f041f.png,100,pill bottle,pill bottle,5.449,c549f4fc5f246b95,True,"['Band-Aid', 'T-shirt', 'backpack', 'banana', 'cleaver', 'clothes iron', 'coffee mug', 'computer mouse', 'digital watch', 'doormat', 'dumbbell', 'envelope', 'hair dryer', 'hammer', 'lampshade', 'lemon', 'lipstick', 'match', 'mobile phone', 'necklace', 'padlock', 'paintbrush', 'paper towel', 'park bench', 'pill bottle', 'pillow', 'plastic bag', 'plunger', 'power drill', 'printer', 'racket', 'ruler', 'safety pin', 'salt shaker', 'sandal', 'screw', 'shovel', 'space heater', 'spatula', 'speaker', 'strainer', 'sunglasses', 'teddy bear', 'television', 'umbrella', 'vase', 'wallet', 'waste container', 'water bottle', 'whistle']"
136510,43d91b8006c0432.png,100,wallet,wallet,2.092,a39640858e703bf2,True,"['Band-Aid', 'T-shirt', 'backpack', 'banana', 'cleaver', 'clothes iron', 'coffee mug', 'computer mouse', 'digital watch', 'doormat', 'dumbbell', 'envelope', 'hair dryer', 'hammer', 'lampshade', 'lemon', 'lipstick', 'match', 'mobile phone', 'necklace', 'padlock', 'paintbrush', 'paper towel', 'park bench', 'pill bottle', 'pillow', 'plastic bag', 'plunger', 'power drill', 'printer', 'racket', 'ruler', 'safety pin', 'salt shaker', 'sandal', 'screw', 'shovel', 'space heater', 'spatula', 'speaker', 'strainer', 'sunglasses', 'teddy bear', 'television', 'umbrella', 'vase', 'wallet', 'waste container', 'water bottle', 'whistle']"
139710,44b74bf961bd497.png,100,paintbrush,paintbrush,3.091,4c3df4ac9dc20573,True,"['Band-Aid', 'T-shirt', 'backpack', 'banana', 'cleaver', 'clothes iron', 'coffee mug', 'computer mouse', 'digital watch', 'doormat', 'dumbbell', 'envelope', 'hair dryer', 'hammer', 'lampshade', 'lemon', 'lipstick', 'match', 'mobile phone', 'necklace', 'padlock', 'paintbrush', 'paper towel', 'park bench', 'pill bottle', 'pillow', 'plastic bag', 'plunger', 'power drill', 'printer', 'racket', 'ruler', 'safety pin', 'salt shaker', 'sandal', 'screw', 'shovel', 'space heater', 'spatula', 'speaker', 'strainer', 'sunglasses', 'teddy bear', 'television', 'umbrella', 'vase', 'wallet', 'waste container', 'water bottle', 'whistle']"
158112,451339759535440.png,100,clothes iron,clothes iron,4.677,a4be1793d61f5542,True,"['Band-Aid', 'T-shirt', 'backpack', 'banana', 'cleaver', 'clothes iron', 'coffee mug', 'computer mouse', 'digital watch', 'doormat', 'dumbbell', 'envelope', 'hair dryer', 'hammer', 'lampshade', 'lemon', 'lipstick', 'match', 'mobile phone', 'necklace', 'padlock', 'paintbrush', 'paper towel', 'park bench', 'pill bottle', 'pillow', 'plastic bag', 'plunger', 'power drill', 'printer', 'racket', 'ruler', 'safety pin', 'salt shaker', 'sandal', 'screw', 'shovel', 'space heater', 'spatula', 'speaker', 'strainer', 'sunglasses', 'teddy bear', 'television', 'umbrella', 'vase', 'wallet', 'waste container', 'water bottle', 'whistle']"
135715,456456dc61af4f9.png,100,banana,banana,4.88,c76ef3bb7156ec9a,True,"['Band-Aid', 'T-shirt', 'backpack', 'banana', 'cleaver', 'clothes iron', 'coffee mug', 'computer mouse', 'digital watch', 'doormat', 'dumbbell', 'envelope', 'hair dryer', 'hammer', 'lampshade', 'lemon', 'lipstick', 'match', 'mobile phone', 'necklace', 'padlock', 'paintbrush', 'paper towel', 'park bench', 'pill bottle', 'pillow', 'plastic bag', 'plunger', 'power drill', 'printer', 'racket', 'ruler', 'safety pin', 'salt shaker', 'sandal', 'screw', 'shovel', 'space heater', 'spatula', 'speaker', 'strainer', 'sunglasses', 'teddy bear', 'television', 'umbrella', 'vase', 'wallet', 'waste container', 'water bottle', 'whistle']"
162452,45712a4b6ed643c.png,100,wallet,wallet,41.028,410e6f65437cf110,True,"['Band-Aid', 'T-shirt', 'backpack', 'banana', 'cleaver', 'clothes iron', 'coffee mug', 'computer mouse', 'digital watch', 'doormat', 'dumbbell', 'envelope', 'hair dryer', 'hammer', 'lampshade', 'lemon', 'lipstick', 'match', 'mobile phone', 'necklace', 'padlock', 'paintbrush', 'paper towel', 'park bench', 'pill bottle', 'pillow', 'plastic bag', 'plunger', 'power drill', 'printer', 'racket', 'ruler', 'safety pin', 'salt shaker', 'sandal', 'screw', 'shovel', 'space heater', 'spatula', 'speaker', 'strainer', 'sunglasses', 'teddy bear', 'television', 'umbrella', 'vase', 'wallet', 'waste container', 'water bottle', 'whistle']"
150022,45c420f6ae7d4e5.png,100,banana,banana,3.692,1d39c183bace219f,True,"['Band-Aid', 'T-shirt', 'backpack', 'banana', 'cleaver', 'clothes iron', 'coffee mug', 'computer mouse', 'digital watch', 'doormat', 'dumbbell', 'envelope', 'hair dryer', 'hammer', 'lampshade', 'lemon', 'lipstick', 'match', 'mobile phone', 'necklace', 'padlock', 'paintbrush', 'paper towel', 'park bench', 'pill bottle', 'pillow', 'plastic bag', 'plunger', 'power drill', 'printer', 'racket', 'ruler', 'safety pin', 'salt shaker', 'sandal', 'screw', 'shovel', 'space heater', 'spatula', 'speaker', 'strainer', 'sunglasses', 'teddy bear', 'television', 'umbrella', 'vase', 'wallet', 'waste container', 'water bottle', 'whistle']"
136636,45d18722b93d486.png,100,necklace,necklace,3.067,e6962d4465981fc5,True,"['Band-Aid', 'T-shirt', 'backpack', 'banana', 'cleaver', 'clothes iron', 'coffee mug', 'computer mouse', 'digital watch', 'doormat', 'dumbbell', 'envelope', 'hair dryer', 'hammer', 'lampshade', 'lemon', 'lipstick', 'match', 'mobile phone', 'necklace', 'padlock', 'paintbrush', 'paper towel', 'park bench', 'pill bottle', 'pillow', 'plastic bag', 'plunger', 'power drill', 'printer', 'racket', 'ruler', 'safety pin', 'salt shaker', 'sandal', 'screw', 'shovel', 'space heater', 'spatula', 'speaker', 'strainer', 'sunglasses', 'teddy bear', 'television', 'umbrella', 'vase', 'wallet', 'waste container', 'water bottle', 'whistle']"
158858,4657c6c8fc2941e.png,100,hammer,hammer,4.389,ba3f2c754d783b20,True,"['Band-Aid', 'T-shirt', 'backpack', 'banana', 'cleaver', 'clothes iron', 'coffee mug', 'computer mouse', 'digital watch', 'doormat', 'dumbbell', 'envelope', 'hair dryer', 'hammer', 'lampshade', 'lemon', 'lipstick', 'match', 'mobile phone', 'necklace', 'padlock', 'paintbrush', 'paper towel', 'park bench', 'pill bottle', 'pillow', 'plastic bag', 'plunger', 'power drill', 'printer', 'racket', 'ruler', 'safety pin', 'salt shaker', 'sandal', 'screw', 'shovel', 'space heater', 'spatula', 'speaker', 'strainer', 'sunglasses', 'teddy bear', 'television', 'umbrella', 'vase', 'wallet', 'waste container', 'water bottle', 'whistle']"
157700,466ef53e19bb4b7.png,100,mobile phone,mobile phone,5.446,9e4f88d67b566746,True,"['Band-Aid', 'T-shirt', 'backpack', 'banana', 'cleaver', 'clothes iron', 'coffee mug', 'computer mouse', 'digital watch', 'doormat', 'dumbbell', 'envelope', 'hair dryer', 'hammer', 'lampshade', 'lemon', 'lipstick', 'match', 'mobile phone', 'necklace', 'padlock', 'paintbrush', 'paper towel', 'park bench', 'pill bottle', 'pillow', 'plastic bag', 'plunger', 'power drill', 'printer', 'racket', 'ruler', 'safety pin', 'salt shaker', 'sandal', 'screw', 'shovel', 'space heater', 'spatula', 'speaker', 'strainer', 'sunglasses', 'teddy bear', 'television', 'umbrella', 'vase', 'wallet', 'waste container', 'water bottle', 'whistle']"
133660,46d97f80b896445.png,100,water bottle,water bottle,2.185,f6e367f1760ce50a,True,"['Band-Aid', 'T-shirt', 'backpack', 'banana', 'cleaver', 'clothes iron', 'coffee mug', 'computer mouse', 'digital watch', 'doormat', 'dumbbell', 'envelope', 'hair dryer', 'hammer', 'lampshade', 'lemon', 'lipstick', 'match', 'mobile phone', 'necklace', 'padlock', 'paintbrush', 'paper towel', 'park bench', 'pill bottle', 'pillow', 'plastic bag', 'plunger', 'power drill', 'printer', 'racket', 'ruler', 'safety pin', 'salt shaker', 'sandal', 'screw', 'shovel', 'space heater', 'spatula', 'speaker', 'strainer', 'sunglasses', 'teddy bear', 'television', 'umbrella', 'vase', 'wallet', 'waste container', 'water bottle', 'whistle']"
146339,476073ae83194ee.png,100,coffee mug,coffee mug,3.965,5be070c43b33b2a4,True,"['Band-Aid', 'T-shirt', 'backpack', 'banana', 'cleaver', 'clothes iron', 'coffee mug', 'computer mouse', 'digital watch', 'doormat', 'dumbbell', 'envelope', 'hair dryer', 'hammer', 'lampshade', 'lemon', 'lipstick', 'match', 'mobile phone', 'necklace', 'padlock', 'paintbrush', 'paper towel', 'park bench', 'pill bottle', 'pillow', 'plastic bag', 'plunger', 'power drill', 'printer', 'racket', 'ruler', 'safety pin', 'salt shaker', 'sandal', 'screw', 'shovel', 'space heater', 'spatula', 'speaker', 'strainer', 'sunglasses', 'teddy bear', 'television', 'umbrella', 'vase', 'wallet', 'waste container', 'water bottle', 'whistle']"
142932,477d2f9944d44b5.png,100,printer,printer,1.905,2a3c437395bdd17f,True,"['Band-Aid', 'T-shirt', 'backpack', 'banana', 'cleaver', 'clothes iron', 'coffee mug', 'computer mouse', 'digital watch', 'doormat', 'dumbbell', 'envelope', 'hair dryer', 'hammer', 'lampshade', 'lemon', 'lipstick', 'match', 'mobile phone', 'necklace', 'padlock', 'paintbrush', 'paper towel', 'park bench', 'pill bottle', 'pillow', 'plastic bag', 'plunger', 'power drill', 'printer', 'racket', 'ruler', 'safety pin', 'salt shaker', 'sandal', 'screw', 'shovel', 'space heater', 'spatula', 'speaker', 'strainer', 'sunglasses', 'teddy bear', 'television', 'umbrella', 'vase', 'wallet', 'waste container', 'water bottle', 'whistle']"
139560,47a2d2dc37e7462.png,100,clothes iron,clothes iron,9.58,13263ab044d1c950,True,"['Band-Aid', 'T-shirt', 'backpack', 'banana', 'cleaver', 'clothes iron', 'coffee mug', 'computer mouse', 'digital watch', 'doormat', 'dumbbell', 'envelope', 'hair dryer', 'hammer', 'lampshade', 'lemon', 'lipstick', 'match', 'mobile phone', 'necklace', 'padlock', 'paintbrush', 'paper towel', 'park bench', 'pill bottle', 'pillow', 'plastic bag', 'plunger', 'power drill', 'printer', 'racket', 'ruler', 'safety pin', 'salt shaker', 'sandal', 'screw', 'shovel', 'space heater', 'spatula', 'speaker', 'strainer', 'sunglasses', 'teddy bear', 'television', 'umbrella', 'vase', 'wallet', 'waste container', 'water bottle', 'whistle']"
139466,48027f609a5540e.png,100,banana,banana,4.66,2122f594e4b9be9d,True,"['Band-Aid', 'T-shirt', 'backpack', 'banana', 'cleaver', 'clothes iron', 'coffee mug', 'computer mouse', 'digital watch', 'doormat', 'dumbbell', 'envelope', 'hair dryer', 'hammer', 'lampshade', 'lemon', 'lipstick', 'match', 'mobile phone', 'necklace', 'padlock', 'paintbrush', 'paper towel', 'park bench', 'pill bottle', 'pillow', 'plastic bag', 'plunger', 'power drill', 'printer', 'racket', 'ruler', 'safety pin', 'salt shaker', 'sandal', 'screw', 'shovel', 'space heater', 'spatula', 'speaker', 'strainer', 'sunglasses', 'teddy bear', 'television', 'umbrella', 'vase', 'wallet', 'waste container', 'water bottle', 'whistle']"
151083,482a168858274d0.png,100,digital watch,digital watch,2.749,1b4ea904d4e8ca0b,True,"['Band-Aid', 'T-shirt', 'backpack', 'banana', 'cleaver', 'clothes iron', 'coffee mug', 'computer mouse', 'digital watch', 'doormat', 'dumbbell', 'envelope', 'hair dryer', 'hammer', 'lampshade', 'lemon', 'lipstick', 'match', 'mobile phone', 'necklace', 'padlock', 'paintbrush', 'paper towel', 'park bench', 'pill bottle', 'pillow', 'plastic bag', 'plunger', 'power drill', 'printer', 'racket', 'ruler', 'safety pin', 'salt shaker', 'sandal', 'screw', 'shovel', 'space heater', 'spatula', 'speaker', 'strainer', 'sunglasses', 'teddy bear', 'television', 'umbrella', 'vase', 'wallet', 'waste container', 'water bottle', 'whistle']"
135647,48623c5db04841d.png,100,umbrella,umbrella,1.657,9268af5e97475de9,True,"['Band-Aid', 'T-shirt', 'backpack', 'banana', 'cleaver', 'clothes iron', 'coffee mug', 'computer mouse', 'digital watch', 'doormat', 'dumbbell', 'envelope', 'hair dryer', 'hammer', 'lampshade', 'lemon', 'lipstick', 'match', 'mobile phone', 'necklace', 'padlock', 'paintbrush', 'paper towel', 'park bench', 'pill bottle', 'pillow', 'plastic bag', 'plunger', 'power drill', 'printer', 'racket', 'ruler', 'safety pin', 'salt shaker', 'sandal', 'screw', 'shovel', 'space heater', 'spatula', 'speaker', 'strainer', 'sunglasses', 'teddy bear', 'television', 'umbrella', 'vase', 'wallet', 'waste container', 'water bottle', 'whistle']"
136615,49012e91b294401.png,100,screw,screw,2.235,1b4ea904d4e8ca0b,True,"['Band-Aid', 'T-shirt', 'backpack', 'banana', 'cleaver', 'clothes iron', 'coffee mug', 'computer mouse', 'digital watch', 'doormat', 'dumbbell', 'envelope', 'hair dryer', 'hammer', 'lampshade', 'lemon', 'lipstick', 'match', 'mobile phone', 'necklace', 'padlock', 'paintbrush', 'paper towel', 'park bench', 'pill bottle', 'pillow', 'plastic bag', 'plunger', 'power drill', 'printer', 'racket', 'ruler', 'safety pin', 'salt shaker', 'sandal', 'screw', 'shovel', 'space heater', 'spatula', 'speaker', 'strainer', 'sunglasses', 'teddy bear', 'television', 'umbrella', 'vase', 'wallet', 'waste container', 'water bottle', 'whistle']"
136576,493b2362f63f4cf.png,100,banana,banana,4.613,746c96a2533500dd,True,"['Band-Aid', 'T-shirt', 'backpack', 'banana', 'cleaver', 'clothes iron', 'coffee mug', 'computer mouse', 'digital watch', 'doormat', 'dumbbell', 'envelope', 'hair dryer', 'hammer', 'lampshade', 'lemon', 'lipstick', 'match', 'mobile phone', 'necklace', 'padlock', 'paintbrush', 'paper towel', 'park bench', 'pill bottle', 'pillow', 'plastic bag', 'plunger', 'power drill', 'printer', 'racket', 'ruler', 'safety pin', 'salt shaker', 'sandal', 'screw', 'shovel', 'space heater', 'spatula', 'speaker', 'strainer', 'sunglasses', 'teddy bear', 'television', 'umbrella', 'vase', 'wallet', 'waste container', 'water bottle', 'whistle']"
146325,4a242b7cfe18444.png,100,wallet,wallet,169.407,7604e62cc632bfe2,True,"['Band-Aid', 'T-shirt', 'backpack', 'banana', 'cleaver', 'clothes iron', 'coffee mug', 'computer mouse', 'digital watch', 'doormat', 'dumbbell', 'envelope', 'hair dryer', 'hammer', 'lampshade', 'lemon', 'lipstick', 'match', 'mobile phone', 'necklace', 'padlock', 'paintbrush', 'paper towel', 'park bench', 'pill bottle', 'pillow', 'plastic bag', 'plunger', 'power drill', 'printer', 'racket', 'ruler', 'safety pin', 'salt shaker', 'sandal', 'screw', 'shovel', 'space heater', 'spatula', 'speaker', 'strainer', 'sunglasses', 'teddy bear', 'television', 'umbrella', 'vase', 'wallet', 'waste container', 'water bottle', 'whistle']"
140722,4a290a6eadf7436.png,100,safety pin,safety pin,1.941,670e8b404e188a85,True,"['Band-Aid', 'T-shirt', 'backpack', 'banana', 'cleaver', 'clothes iron', 'coffee mug', 'computer mouse', 'digital watch', 'doormat', 'dumbbell', 'envelope', 'hair dryer', 'hammer', 'lampshade', 'lemon', 'lipstick', 'match', 'mobile phone', 'necklace', 'padlock', 'paintbrush', 'paper towel', 'park bench', 'pill bottle', 'pillow', 'plastic bag', 'plunger', 'power drill', 'printer', 'racket', 'ruler', 'safety pin', 'salt shaker', 'sandal', 'screw', 'shovel', 'space heater', 'spatula', 'speaker', 'strainer', 'sunglasses', 'teddy bear', 'television', 'umbrella', 'vase', 'wallet', 'waste container', 'water bottle', 'whistle']"
139540,4b60ae48dc004fe.png,100,paintbrush,paintbrush,3.087,0ad8b37d878677cc,True,"['Band-Aid', 'T-shirt', 'backpack', 'banana', 'cleaver', 'clothes iron', 'coffee mug', 'computer mouse', 'digital watch', 'doormat', 'dumbbell', 'envelope', 'hair dryer', 'hammer', 'lampshade', 'lemon', 'lipstick', 'match', 'mobile phone', 'necklace', 'padlock', 'paintbrush', 'paper towel', 'park bench', 'pill bottle', 'pillow', 'plastic bag', 'plunger', 'power drill', 'printer', 'racket', 'ruler', 'safety pin', 'salt shaker', 'sandal', 'screw', 'shovel', 'space heater', 'spatula', 'speaker', 'strainer', 'sunglasses', 'teddy bear', 'television', 'umbrella', 'vase', 'wallet', 'waste container', 'water bottle', 'whistle']"
138438,4bb274c03a854e0.png,100,padlock,padlock,2.659,2677d04c78917599,True,"['Band-Aid', 'T-shirt', 'backpack', 'banana', 'cleaver', 'clothes iron', 'coffee mug', 'computer mouse', 'digital watch', 'doormat', 'dumbbell', 'envelope', 'hair dryer', 'hammer', 'lampshade', 'lemon', 'lipstick', 'match', 'mobile phone', 'necklace', 'padlock', 'paintbrush', 'paper towel', 'park bench', 'pill bottle', 'pillow', 'plastic bag', 'plunger', 'power drill', 'printer', 'racket', 'ruler', 'safety pin', 'salt shaker', 'sandal', 'screw', 'shovel', 'space heater', 'spatula', 'speaker', 'strainer', 'sunglasses', 'teddy bear', 'television', 'umbrella', 'vase', 'wallet', 'waste container', 'water bottle', 'whistle']"
146509,4ce2f60b3889411.png,100,hammer,hammer,2.284,5e1407a5f978cc23,True,"['Band-Aid', 'T-shirt', 'backpack', 'banana', 'cleaver', 'clothes iron', 'coffee mug', 'computer mouse', 'digital watch', 'doormat', 'dumbbell', 'envelope', 'hair dryer', 'hammer', 'lampshade', 'lemon', 'lipstick', 'match', 'mobile phone', 'necklace', 'padlock', 'paintbrush', 'paper towel', 'park bench', 'pill bottle', 'pillow', 'plastic bag', 'plunger', 'power drill', 'printer', 'racket', 'ruler', 'safety pin', 'salt shaker', 'sandal', 'screw', 'shovel', 'space heater', 'spatula', 'speaker', 'strainer', 'sunglasses', 'teddy bear', 'television', 'umbrella', 'vase', 'wallet', 'waste container', 'water bottle', 'whistle']"
149269,4d5ba0c18ef14b5.png,100,mobile phone,mobile phone,2.988,031f47554f0462f7,True,"['Band-Aid', 'T-shirt', 'backpack', 'banana', 'cleaver', 'clothes iron', 'coffee mug', 'computer mouse', 'digital watch', 'doormat', 'dumbbell', 'envelope', 'hair dryer', 'hammer', 'lampshade', 'lemon', 'lipstick', 'match', 'mobile phone', 'necklace', 'padlock', 'paintbrush', 'paper towel', 'park bench', 'pill bottle', 'pillow', 'plastic bag', 'plunger', 'power drill', 'printer', 'racket', 'ruler', 'safety pin', 'salt shaker', 'sandal', 'screw', 'shovel', 'space heater', 'spatula', 'speaker', 'strainer', 'sunglasses', 'teddy bear', 'television', 'umbrella', 'vase', 'wallet', 'waste container', 'water bottle', 'whistle']"
146465,4dd1b1df8f8b493.png,100,dumbbell,dumbbell,6.743,41b78d0a61f4a1ce,True,"['Band-Aid', 'T-shirt', 'backpack', 'banana', 'cleaver', 'clothes iron', 'coffee mug', 'computer mouse', 'digital watch', 'doormat', 'dumbbell', 'envelope', 'hair dryer', 'hammer', 'lampshade', 'lemon', 'lipstick', 'match', 'mobile phone', 'necklace', 'padlock', 'paintbrush', 'paper towel', 'park bench', 'pill bottle', 'pillow', 'plastic bag', 'plunger', 'power drill', 'printer', 'racket', 'ruler', 'safety pin', 'salt shaker', 'sandal', 'screw', 'shovel', 'space heater', 'spatula', 'speaker', 'strainer', 'sunglasses', 'teddy bear', 'television', 'umbrella', 'vase', 'wallet', 'waste container', 'water bottle', 'whistle']"
136119,4dece0a85358431.png,100,television,television,3.263,ead8d7995d77c6f1,True,"['Band-Aid', 'T-shirt', 'backpack', 'banana', 'cleaver', 'clothes iron', 'coffee mug', 'computer mouse', 'digital watch', 'doormat', 'dumbbell', 'envelope', 'hair dryer', 'hammer', 'lampshade', 'lemon', 'lipstick', 'match', 'mobile phone', 'necklace', 'padlock', 'paintbrush', 'paper towel', 'park bench', 'pill bottle', 'pillow', 'plastic bag', 'plunger', 'power drill', 'printer', 'racket', 'ruler', 'safety pin', 'salt shaker', 'sandal', 'screw', 'shovel', 'space heater', 'spatula', 'speaker', 'strainer', 'sunglasses', 'teddy bear', 'television', 'umbrella', 'vase', 'wallet', 'waste container', 'water bottle', 'whistle']"
158930,4df1d4a9f3574ed.png,100,pillow,pillow,2.654,0aa3e4eb1123960f,True,"['Band-Aid', 'T-shirt', 'backpack', 'banana', 'cleaver', 'clothes iron', 'coffee mug', 'computer mouse', 'digital watch', 'doormat', 'dumbbell', 'envelope', 'hair dryer', 'hammer', 'lampshade', 'lemon', 'lipstick', 'match', 'mobile phone', 'necklace', 'padlock', 'paintbrush', 'paper towel', 'park bench', 'pill bottle', 'pillow', 'plastic bag', 'plunger', 'power drill', 'printer', 'racket', 'ruler', 'safety pin', 'salt shaker', 'sandal', 'screw', 'shovel', 'space heater', 'spatula', 'speaker', 'strainer', 'sunglasses', 'teddy bear', 'television', 'umbrella', 'vase', 'wallet', 'waste container', 'water bottle', 'whistle']"
134348,4e616d396f584a9.png,100,sandal,sandal,146.918,1d39c183bace219f,True,"['Band-Aid', 'T-shirt', 'backpack', 'banana', 'cleaver', 'clothes iron', 'coffee mug', 'computer mouse', 'digital watch', 'doormat', 'dumbbell', 'envelope', 'hair dryer', 'hammer', 'lampshade', 'lemon', 'lipstick', 'match', 'mobile phone', 'necklace', 'padlock', 'paintbrush', 'paper towel', 'park bench', 'pill bottle', 'pillow', 'plastic bag', 'plunger', 'power drill', 'printer', 'racket', 'ruler', 'safety pin', 'salt shaker', 'sandal', 'screw', 'shovel', 'space heater', 'spatula', 'speaker', 'strainer', 'sunglasses', 'teddy bear', 'television', 'umbrella', 'vase', 'wallet', 'waste container', 'water bottle', 'whistle']"
144145,4f30e17b5da1439.png,100,sandal,sandal,9.69,9cab4217e098176b,True,"['Band-Aid', 'T-shirt', 'backpack', 'banana', 'cleaver', 'clothes iron', 'coffee mug', 'computer mouse', 'digital watch', 'doormat', 'dumbbell', 'envelope', 'hair dryer', 'hammer', 'lampshade', 'lemon', 'lipstick', 'match', 'mobile phone', 'necklace', 'padlock', 'paintbrush', 'paper towel', 'park bench', 'pill bottle', 'pillow', 'plastic bag', 'plunger', 'power drill', 'printer', 'racket', 'ruler', 'safety pin', 'salt shaker', 'sandal', 'screw', 'shovel', 'space heater', 'spatula', 'speaker', 'strainer', 'sunglasses', 'teddy bear', 'television', 'umbrella', 'vase', 'wallet', 'waste container', 'water bottle', 'whistle']"
134376,4f44fea9baf4400.png,100,hammer,hammer,4.74,de2a45474c296851,True,"['Band-Aid', 'T-shirt', 'backpack', 'banana', 'cleaver', 'clothes iron', 'coffee mug', 'computer mouse', 'digital watch', 'doormat', 'dumbbell', 'envelope', 'hair dryer', 'hammer', 'lampshade', 'lemon', 'lipstick', 'match', 'mobile phone', 'necklace', 'padlock', 'paintbrush', 'paper towel', 'park bench', 'pill bottle', 'pillow', 'plastic bag', 'plunger', 'power drill', 'printer', 'racket', 'ruler', 'safety pin', 'salt shaker', 'sandal', 'screw', 'shovel', 'space heater', 'spatula', 'speaker', 'strainer', 'sunglasses', 'teddy bear', 'television', 'umbrella', 'vase', 'wallet', 'waste container', 'water bottle', 'whistle']"
145756,4fe57983488f47f.png,100,padlock,padlock,4.212,55afa53fe3d08955,True,"['Band-Aid', 'T-shirt', 'backpack', 'banana', 'cleaver', 'clothes iron', 'coffee mug', 'computer mouse', 'digital watch', 'doormat', 'dumbbell', 'envelope', 'hair dryer', 'hammer', 'lampshade', 'lemon', 'lipstick', 'match', 'mobile phone', 'necklace', 'padlock', 'paintbrush', 'paper towel', 'park bench', 'pill bottle', 'pillow', 'plastic bag', 'plunger', 'power drill', 'printer', 'racket', 'ruler', 'safety pin', 'salt shaker', 'sandal', 'screw', 'shovel', 'space heater', 'spatula', 'speaker', 'strainer', 'sunglasses', 'teddy bear', 'television', 'umbrella', 'vase', 'wallet', 'waste container', 'water bottle', 'whistle']"
134294,501ab52804744f2.png,100,match,match,11.123,129c4d421df97a80,True,"['Band-Aid', 'T-shirt', 'backpack', 'banana', 'cleaver', 'clothes iron', 'coffee mug', 'computer mouse', 'digital watch', 'doormat', 'dumbbell', 'envelope', 'hair dryer', 'hammer', 'lampshade', 'lemon', 'lipstick', 'match', 'mobile phone', 'necklace', 'padlock', 'paintbrush', 'paper towel', 'park bench', 'pill bottle', 'pillow', 'plastic bag', 'plunger', 'power drill', 'printer', 'racket', 'ruler', 'safety pin', 'salt shaker', 'sandal', 'screw', 'shovel', 'space heater', 'spatula', 'speaker', 'strainer', 'sunglasses', 'teddy bear', 'television', 'umbrella', 'vase', 'wallet', 'waste container', 'water bottle', 'whistle']"
141107,50651a947c9647b.png,100,water bottle,water bottle,2.136,97b6b99e5c32f701,True,"['Band-Aid', 'T-shirt', 'backpack', 'banana', 'cleaver', 'clothes iron', 'coffee mug', 'computer mouse', 'digital watch', 'doormat', 'dumbbell', 'envelope', 'hair dryer', 'hammer', 'lampshade', 'lemon', 'lipstick', 'match', 'mobile phone', 'necklace', 'padlock', 'paintbrush', 'paper towel', 'park bench', 'pill bottle', 'pillow', 'plastic bag', 'plunger', 'power drill', 'printer', 'racket', 'ruler', 'safety pin', 'salt shaker', 'sandal', 'screw', 'shovel', 'space heater', 'spatula', 'speaker', 'strainer', 'sunglasses', 'teddy bear', 'television', 'umbrella', 'vase', 'wallet', 'waste container', 'water bottle', 'whistle']"
154478,50dc0afd274b484.png,100,whistle,whistle,2.123,a69fceabc019619b,True,"['Band-Aid', 'T-shirt', 'backpack', 'banana', 'cleaver', 'clothes iron', 'coffee mug', 'computer mouse', 'digital watch', 'doormat', 'dumbbell', 'envelope', 'hair dryer', 'hammer', 'lampshade', 'lemon', 'lipstick', 'match', 'mobile phone', 'necklace', 'padlock', 'paintbrush', 'paper towel', 'park bench', 'pill bottle', 'pillow', 'plastic bag', 'plunger', 'power drill', 'printer', 'racket', 'ruler', 'safety pin', 'salt shaker', 'sandal', 'screw', 'shovel', 'space heater', 'spatula', 'speaker', 'strainer', 'sunglasses', 'teddy bear', 'television', 'umbrella', 'vase', 'wallet', 'waste container', 'water bottle', 'whistle']"
150006,513eaaf4997042f.png,100,teddy bear,teddy bear,2.175,98850d51a34c88f4,True,"['Band-Aid', 'T-shirt', 'backpack', 'banana', 'cleaver', 'clothes iron', 'coffee mug', 'computer mouse', 'digital watch', 'doormat', 'dumbbell', 'envelope', 'hair dryer', 'hammer', 'lampshade', 'lemon', 'lipstick', 'match', 'mobile phone', 'necklace', 'padlock', 'paintbrush', 'paper towel', 'park bench', 'pill bottle', 'pillow', 'plastic bag', 'plunger', 'power drill', 'printer', 'racket', 'ruler', 'safety pin', 'salt shaker', 'sandal', 'screw', 'shovel', 'space heater', 'spatula', 'speaker', 'strainer', 'sunglasses', 'teddy bear', 'television', 'umbrella', 'vase', 'wallet', 'waste container', 'water bottle', 'whistle']"
161013,51c879e2e6e54fb.png,100,digital watch,digital watch,7.964,b209e409eee0a500,True,"['Band-Aid', 'T-shirt', 'backpack', 'banana', 'cleaver', 'clothes iron', 'coffee mug', 'computer mouse', 'digital watch', 'doormat', 'dumbbell', 'envelope', 'hair dryer', 'hammer', 'lampshade', 'lemon', 'lipstick', 'match', 'mobile phone', 'necklace', 'padlock', 'paintbrush', 'paper towel', 'park bench', 'pill bottle', 'pillow', 'plastic bag', 'plunger', 'power drill', 'printer', 'racket', 'ruler', 'safety pin', 'salt shaker', 'sandal', 'screw', 'shovel', 'space heater', 'spatula', 'speaker', 'strainer', 'sunglasses', 'teddy bear', 'television', 'umbrella', 'vase', 'wallet', 'waste container', 'water bottle', 'whistle']"
150992,5281d96d7eea4f1.png,100,television,television,5.759,d20bb886d00ac156,True,"['Band-Aid', 'T-shirt', 'backpack', 'banana', 'cleaver', 'clothes iron', 'coffee mug', 'computer mouse', 'digital watch', 'doormat', 'dumbbell', 'envelope', 'hair dryer', 'hammer', 'lampshade', 'lemon', 'lipstick', 'match', 'mobile phone', 'necklace', 'padlock', 'paintbrush', 'paper towel', 'park bench', 'pill bottle', 'pillow', 'plastic bag', 'plunger', 'power drill', 'printer', 'racket', 'ruler', 'safety pin', 'salt shaker', 'sandal', 'screw', 'shovel', 'space heater', 'spatula', 'speaker', 'strainer', 'sunglasses', 'teddy bear', 'television', 'umbrella', 'vase', 'wallet', 'waste container', 'water bottle', 'whistle']"
156701,52e09b285ac1425.png,100,sunglasses,sunglasses,3.653,0e808620feedbfb7,True,"['Band-Aid', 'T-shirt', 'backpack', 'banana', 'cleaver', 'clothes iron', 'coffee mug', 'computer mouse', 'digital watch', 'doormat', 'dumbbell', 'envelope', 'hair dryer', 'hammer', 'lampshade', 'lemon', 'lipstick', 'match', 'mobile phone', 'necklace', 'padlock', 'paintbrush', 'paper towel', 'park bench', 'pill bottle', 'pillow', 'plastic bag', 'plunger', 'power drill', 'printer', 'racket', 'ruler', 'safety pin', 'salt shaker', 'sandal', 'screw', 'shovel', 'space heater', 'spatula', 'speaker', 'strainer', 'sunglasses', 'teddy bear', 'television', 'umbrella', 'vase', 'wallet', 'waste container', 'water bottle', 'whistle']"
154162,53ae77a7c8ee460.png,100,lipstick,lipstick,2.424,046565b6bcf3a24b,True,"['Band-Aid', 'T-shirt', 'backpack', 'banana', 'cleaver', 'clothes iron', 'coffee mug', 'computer mouse', 'digital watch', 'doormat', 'dumbbell', 'envelope', 'hair dryer', 'hammer', 'lampshade', 'lemon', 'lipstick', 'match', 'mobile phone', 'necklace', 'padlock', 'paintbrush', 'paper towel', 'park bench', 'pill bottle', 'pillow', 'plastic bag', 'plunger', 'power drill', 'printer', 'racket', 'ruler', 'safety pin', 'salt shaker', 'sandal', 'screw', 'shovel', 'space heater', 'spatula', 'speaker', 'strainer', 'sunglasses', 'teddy bear', 'television', 'umbrella', 'vase', 'wallet', 'waste container', 'water bottle', 'whistle']"
152473,53bf82d4c5fb474.png,100,paintbrush,paintbrush,3.089,94ea559815ac5981,True,"['Band-Aid', 'T-shirt', 'backpack', 'banana', 'cleaver', 'clothes iron', 'coffee mug', 'computer mouse', 'digital watch', 'doormat', 'dumbbell', 'envelope', 'hair dryer', 'hammer', 'lampshade', 'lemon', 'lipstick', 'match', 'mobile phone', 'necklace', 'padlock', 'paintbrush', 'paper towel', 'park bench', 'pill bottle', 'pillow', 'plastic bag', 'plunger', 'power drill', 'printer', 'racket', 'ruler', 'safety pin', 'salt shaker', 'sandal', 'screw', 'shovel', 'space heater', 'spatula', 'speaker', 'strainer', 'sunglasses', 'teddy bear', 'television', 'umbrella', 'vase', 'wallet', 'waste container', 'water bottle', 'whistle']"
136049,53d2d19d3bc749a.png,100,sandal,sandal,2.174,082f3035cb3f182e,True,"['Band-Aid', 'T-shirt', 'backpack', 'banana', 'cleaver', 'clothes iron', 'coffee mug', 'computer mouse', 'digital watch', 'doormat', 'dumbbell', 'envelope', 'hair dryer', 'hammer', 'lampshade', 'lemon', 'lipstick', 'match', 'mobile phone', 'necklace', 'padlock', 'paintbrush', 'paper towel', 'park bench', 'pill bottle', 'pillow', 'plastic bag', 'plunger', 'power drill', 'printer', 'racket', 'ruler', 'safety pin', 'salt shaker', 'sandal', 'screw', 'shovel', 'space heater', 'spatula', 'speaker', 'strainer', 'sunglasses', 'teddy bear', 'television', 'umbrella', 'vase', 'wallet', 'waste container', 'water bottle', 'whistle']"
136055,541c251c1ea14ea.png,100,mobile phone,mobile phone,4.214,c0f3a50b2366b91d,True,"['Band-Aid', 'T-shirt', 'backpack', 'banana', 'cleaver', 'clothes iron', 'coffee mug', 'computer mouse', 'digital watch', 'doormat', 'dumbbell', 'envelope', 'hair dryer', 'hammer', 'lampshade', 'lemon', 'lipstick', 'match', 'mobile phone', 'necklace', 'padlock', 'paintbrush', 'paper towel', 'park bench', 'pill bottle', 'pillow', 'plastic bag', 'plunger', 'power drill', 'printer', 'racket', 'ruler', 'safety pin', 'salt shaker', 'sandal', 'screw', 'shovel', 'space heater', 'spatula', 'speaker', 'strainer', 'sunglasses', 'teddy bear', 'television', 'umbrella', 'vase', 'wallet', 'waste container', 'water bottle', 'whistle']"
166552,542ac0683ddd49b.png,100,safety pin,safety pin,3.146,40f60776f46cbd03,True,"['Band-Aid', 'T-shirt', 'backpack', 'banana', 'cleaver', 'clothes iron', 'coffee mug', 'computer mouse', 'digital watch', 'doormat', 'dumbbell', 'envelope', 'hair dryer', 'hammer', 'lampshade', 'lemon', 'lipstick', 'match', 'mobile phone', 'necklace', 'padlock', 'paintbrush', 'paper towel', 'park bench', 'pill bottle', 'pillow', 'plastic bag', 'plunger', 'power drill', 'printer', 'racket', 'ruler', 'safety pin', 'salt shaker', 'sandal', 'screw', 'shovel', 'space heater', 'spatula', 'speaker', 'strainer', 'sunglasses', 'teddy bear', 'television', 'umbrella', 'vase', 'wallet', 'waste container', 'water bottle', 'whistle']"
144449,544a4e3a20b74a1.png,100,digital watch,digital watch,3.523,5cb72205dc6b45f8,True,"['Band-Aid', 'T-shirt', 'backpack', 'banana', 'cleaver', 'clothes iron', 'coffee mug', 'computer mouse', 'digital watch', 'doormat', 'dumbbell', 'envelope', 'hair dryer', 'hammer', 'lampshade', 'lemon', 'lipstick', 'match', 'mobile phone', 'necklace', 'padlock', 'paintbrush', 'paper towel', 'park bench', 'pill bottle', 'pillow', 'plastic bag', 'plunger', 'power drill', 'printer', 'racket', 'ruler', 'safety pin', 'salt shaker', 'sandal', 'screw', 'shovel', 'space heater', 'spatula', 'speaker', 'strainer', 'sunglasses', 'teddy bear', 'television', 'umbrella', 'vase', 'wallet', 'waste container', 'water bottle', 'whistle']"
140471,54923e1fbaba480.png,100,banana,banana,2.285,670e8b404e188a85,True,"['Band-Aid', 'T-shirt', 'backpack', 'banana', 'cleaver', 'clothes iron', 'coffee mug', 'computer mouse', 'digital watch', 'doormat', 'dumbbell', 'envelope', 'hair dryer', 'hammer', 'lampshade', 'lemon', 'lipstick', 'match', 'mobile phone', 'necklace', 'padlock', 'paintbrush', 'paper towel', 'park bench', 'pill bottle', 'pillow', 'plastic bag', 'plunger', 'power drill', 'printer', 'racket', 'ruler', 'safety pin', 'salt shaker', 'sandal', 'screw', 'shovel', 'space heater', 'spatula', 'speaker', 'strainer', 'sunglasses', 'teddy bear', 'television', 'umbrella', 'vase', 'wallet', 'waste container', 'water bottle', 'whistle']"
136441,55cfd6594e614dd.png,100,computer mouse,computer mouse,3.848,9429ead3ce164e19,True,"['Band-Aid', 'T-shirt', 'backpack', 'banana', 'cleaver', 'clothes iron', 'coffee mug', 'computer mouse', 'digital watch', 'doormat', 'dumbbell', 'envelope', 'hair dryer', 'hammer', 'lampshade', 'lemon', 'lipstick', 'match', 'mobile phone', 'necklace', 'padlock', 'paintbrush', 'paper towel', 'park bench', 'pill bottle', 'pillow', 'plastic bag', 'plunger', 'power drill', 'printer', 'racket', 'ruler', 'safety pin', 'salt shaker', 'sandal', 'screw', 'shovel', 'space heater', 'spatula', 'speaker', 'strainer', 'sunglasses', 'teddy bear', 'television', 'umbrella', 'vase', 'wallet', 'waste container', 'water bottle', 'whistle']"
134092,568ac989a16f4dd.png,100,padlock,padlock,2.62,d082e683fa0a456f,True,"['Band-Aid', 'T-shirt', 'backpack', 'banana', 'cleaver', 'clothes iron', 'coffee mug', 'computer mouse', 'digital watch', 'doormat', 'dumbbell', 'envelope', 'hair dryer', 'hammer', 'lampshade', 'lemon', 'lipstick', 'match', 'mobile phone', 'necklace', 'padlock', 'paintbrush', 'paper towel', 'park bench', 'pill bottle', 'pillow', 'plastic bag', 'plunger', 'power drill', 'printer', 'racket', 'ruler', 'safety pin', 'salt shaker', 'sandal', 'screw', 'shovel', 'space heater', 'spatula', 'speaker', 'strainer', 'sunglasses', 'teddy bear', 'television', 'umbrella', 'vase', 'wallet', 'waste container', 'water bottle', 'whistle']"
138120,56965f41edb14aa.png,100,padlock,padlock,9.883,ac154fa2533bcb0b,True,"['Band-Aid', 'T-shirt', 'backpack', 'banana', 'cleaver', 'clothes iron', 'coffee mug', 'computer mouse', 'digital watch', 'doormat', 'dumbbell', 'envelope', 'hair dryer', 'hammer', 'lampshade', 'lemon', 'lipstick', 'match', 'mobile phone', 'necklace', 'padlock', 'paintbrush', 'paper towel', 'park bench', 'pill bottle', 'pillow', 'plastic bag', 'plunger', 'power drill', 'printer', 'racket', 'ruler', 'safety pin', 'salt shaker', 'sandal', 'screw', 'shovel', 'space heater', 'spatula', 'speaker', 'strainer', 'sunglasses', 'teddy bear', 'television', 'umbrella', 'vase', 'wallet', 'waste container', 'water bottle', 'whistle']"
141155,56ced207dd664bb.png,100,dumbbell,dumbbell,5.218,c71a3b0c753e8922,True,"['Band-Aid', 'T-shirt', 'backpack', 'banana', 'cleaver', 'clothes iron', 'coffee mug', 'computer mouse', 'digital watch', 'doormat', 'dumbbell', 'envelope', 'hair dryer', 'hammer', 'lampshade', 'lemon', 'lipstick', 'match', 'mobile phone', 'necklace', 'padlock', 'paintbrush', 'paper towel', 'park bench', 'pill bottle', 'pillow', 'plastic bag', 'plunger', 'power drill', 'printer', 'racket', 'ruler', 'safety pin', 'salt shaker', 'sandal', 'screw', 'shovel', 'space heater', 'spatula', 'speaker', 'strainer', 'sunglasses', 'teddy bear', 'television', 'umbrella', 'vase', 'wallet', 'waste container', 'water bottle', 'whistle']"
145618,56d6f056bf154b4.png,100,power drill,power drill,2.788,755e02b542686c21,True,"['Band-Aid', 'T-shirt', 'backpack', 'banana', 'cleaver', 'clothes iron', 'coffee mug', 'computer mouse', 'digital watch', 'doormat', 'dumbbell', 'envelope', 'hair dryer', 'hammer', 'lampshade', 'lemon', 'lipstick', 'match', 'mobile phone', 'necklace', 'padlock', 'paintbrush', 'paper towel', 'park bench', 'pill bottle', 'pillow', 'plastic bag', 'plunger', 'power drill', 'printer', 'racket', 'ruler', 'safety pin', 'salt shaker', 'sandal', 'screw', 'shovel', 'space heater', 'spatula', 'speaker', 'strainer', 'sunglasses', 'teddy bear', 'television', 'umbrella', 'vase', 'wallet', 'waste container', 'water bottle', 'whistle']"
138159,570497bcb7c3442.png,100,television,television,3.512,b539a25062aeff9c,True,"['Band-Aid', 'T-shirt', 'backpack', 'banana', 'cleaver', 'clothes iron', 'coffee mug', 'computer mouse', 'digital watch', 'doormat', 'dumbbell', 'envelope', 'hair dryer', 'hammer', 'lampshade', 'lemon', 'lipstick', 'match', 'mobile phone', 'necklace', 'padlock', 'paintbrush', 'paper towel', 'park bench', 'pill bottle', 'pillow', 'plastic bag', 'plunger', 'power drill', 'printer', 'racket', 'ruler', 'safety pin', 'salt shaker', 'sandal', 'screw', 'shovel', 'space heater', 'spatula', 'speaker', 'strainer', 'sunglasses', 'teddy bear', 'television', 'umbrella', 'vase', 'wallet', 'waste container', 'water bottle', 'whistle']"
146314,5826618f9159495.png,100,digital watch,digital watch,3.174,975f28f5cfca4ab7,True,"['Band-Aid', 'T-shirt', 'backpack', 'banana', 'cleaver', 'clothes iron', 'coffee mug', 'computer mouse', 'digital watch', 'doormat', 'dumbbell', 'envelope', 'hair dryer', 'hammer', 'lampshade', 'lemon', 'lipstick', 'match', 'mobile phone', 'necklace', 'padlock', 'paintbrush', 'paper towel', 'park bench', 'pill bottle', 'pillow', 'plastic bag', 'plunger', 'power drill', 'printer', 'racket', 'ruler', 'safety pin', 'salt shaker', 'sandal', 'screw', 'shovel', 'space heater', 'spatula', 'speaker', 'strainer', 'sunglasses', 'teddy bear', 'television', 'umbrella', 'vase', 'wallet', 'waste container', 'water bottle', 'whistle']"
138349,586c2a7693e24ea.png,100,hair dryer,hair dryer,2.981,a69fceabc019619b,True,"['Band-Aid', 'T-shirt', 'backpack', 'banana', 'cleaver', 'clothes iron', 'coffee mug', 'computer mouse', 'digital watch', 'doormat', 'dumbbell', 'envelope', 'hair dryer', 'hammer', 'lampshade', 'lemon', 'lipstick', 'match', 'mobile phone', 'necklace', 'padlock', 'paintbrush', 'paper towel', 'park bench', 'pill bottle', 'pillow', 'plastic bag', 'plunger', 'power drill', 'printer', 'racket', 'ruler', 'safety pin', 'salt shaker', 'sandal', 'screw', 'shovel', 'space heater', 'spatula', 'speaker', 'strainer', 'sunglasses', 'teddy bear', 'television', 'umbrella', 'vase', 'wallet', 'waste container', 'water bottle', 'whistle']"
149201,5875005d00a047b.png,100,paper towel,paper towel,3.155,f8a6fb58c6c20984,True,"['Band-Aid', 'T-shirt', 'backpack', 'banana', 'cleaver', 'clothes iron', 'coffee mug', 'computer mouse', 'digital watch', 'doormat', 'dumbbell', 'envelope', 'hair dryer', 'hammer', 'lampshade', 'lemon', 'lipstick', 'match', 'mobile phone', 'necklace', 'padlock', 'paintbrush', 'paper towel', 'park bench', 'pill bottle', 'pillow', 'plastic bag', 'plunger', 'power drill', 'printer', 'racket', 'ruler', 'safety pin', 'salt shaker', 'sandal', 'screw', 'shovel', 'space heater', 'spatula', 'speaker', 'strainer', 'sunglasses', 'teddy bear', 'television', 'umbrella', 'vase', 'wallet', 'waste container', 'water bottle', 'whistle']"
139212,5880dc99339543e.png,100,coffee mug,coffee mug,3.473,c8dabe256bd8deba,True,"['Band-Aid', 'T-shirt', 'backpack', 'banana', 'cleaver', 'clothes iron', 'coffee mug', 'computer mouse', 'digital watch', 'doormat', 'dumbbell', 'envelope', 'hair dryer', 'hammer', 'lampshade', 'lemon', 'lipstick', 'match', 'mobile phone', 'necklace', 'padlock', 'paintbrush', 'paper towel', 'park bench', 'pill bottle', 'pillow', 'plastic bag', 'plunger', 'power drill', 'printer', 'racket', 'ruler', 'safety pin', 'salt shaker', 'sandal', 'screw', 'shovel', 'space heater', 'spatula', 'speaker', 'strainer', 'sunglasses', 'teddy bear', 'television', 'umbrella', 'vase', 'wallet', 'waste container', 'water bottle', 'whistle']"
141942,5889d780bd2249d.png,100,dumbbell,dumbbell,5.312,8ea69064a17aa389,True,"['Band-Aid', 'T-shirt', 'backpack', 'banana', 'cleaver', 'clothes iron', 'coffee mug', 'computer mouse', 'digital watch', 'doormat', 'dumbbell', 'envelope', 'hair dryer', 'hammer', 'lampshade', 'lemon', 'lipstick', 'match', 'mobile phone', 'necklace', 'padlock', 'paintbrush', 'paper towel', 'park bench', 'pill bottle', 'pillow', 'plastic bag', 'plunger', 'power drill', 'printer', 'racket', 'ruler', 'safety pin', 'salt shaker', 'sandal', 'screw', 'shovel', 'space heater', 'spatula', 'speaker', 'strainer', 'sunglasses', 'teddy bear', 'television', 'umbrella', 'vase', 'wallet', 'waste container', 'water bottle', 'whistle']"
152363,594a657d5b364c1.png,100,wallet,wallet,2.115,a9a80b6b1346015a,True,"['Band-Aid', 'T-shirt', 'backpack', 'banana', 'cleaver', 'clothes iron', 'coffee mug', 'computer mouse', 'digital watch', 'doormat', 'dumbbell', 'envelope', 'hair dryer', 'hammer', 'lampshade', 'lemon', 'lipstick', 'match', 'mobile phone', 'necklace', 'padlock', 'paintbrush', 'paper towel', 'park bench', 'pill bottle', 'pillow', 'plastic bag', 'plunger', 'power drill', 'printer', 'racket', 'ruler', 'safety pin', 'salt shaker', 'sandal', 'screw', 'shovel', 'space heater', 'spatula', 'speaker', 'strainer', 'sunglasses', 'teddy bear', 'television', 'umbrella', 'vase', 'wallet', 'waste container', 'water bottle', 'whistle']"
154062,59527b35e854464.png,100,teddy bear,teddy bear,2.412,49bc13553e959e70,True,"['Band-Aid', 'T-shirt', 'backpack', 'banana', 'cleaver', 'clothes iron', 'coffee mug', 'computer mouse', 'digital watch', 'doormat', 'dumbbell', 'envelope', 'hair dryer', 'hammer', 'lampshade', 'lemon', 'lipstick', 'match', 'mobile phone', 'necklace', 'padlock', 'paintbrush', 'paper towel', 'park bench', 'pill bottle', 'pillow', 'plastic bag', 'plunger', 'power drill', 'printer', 'racket', 'ruler', 'safety pin', 'salt shaker', 'sandal', 'screw', 'shovel', 'space heater', 'spatula', 'speaker', 'strainer', 'sunglasses', 'teddy bear', 'television', 'umbrella', 'vase', 'wallet', 'waste container', 'water bottle', 'whistle']"
148421,59a279d873484d3.png,100,sandal,sandal,11.459,80661a35d95721ff,True,"['Band-Aid', 'T-shirt', 'backpack', 'banana', 'cleaver', 'clothes iron', 'coffee mug', 'computer mouse', 'digital watch', 'doormat', 'dumbbell', 'envelope', 'hair dryer', 'hammer', 'lampshade', 'lemon', 'lipstick', 'match', 'mobile phone', 'necklace', 'padlock', 'paintbrush', 'paper towel', 'park bench', 'pill bottle', 'pillow', 'plastic bag', 'plunger', 'power drill', 'printer', 'racket', 'ruler', 'safety pin', 'salt shaker', 'sandal', 'screw', 'shovel', 'space heater', 'spatula', 'speaker', 'strainer', 'sunglasses', 'teddy bear', 'television', 'umbrella', 'vase', 'wallet', 'waste container', 'water bottle', 'whistle']"
138365,59f794f0b45d41d.png,100,necklace,necklace,15.646,91c36c7fb979f028,True,"['Band-Aid', 'T-shirt', 'backpack', 'banana', 'cleaver', 'clothes iron', 'coffee mug', 'computer mouse', 'digital watch', 'doormat', 'dumbbell', 'envelope', 'hair dryer', 'hammer', 'lampshade', 'lemon', 'lipstick', 'match', 'mobile phone', 'necklace', 'padlock', 'paintbrush', 'paper towel', 'park bench', 'pill bottle', 'pillow', 'plastic bag', 'plunger', 'power drill', 'printer', 'racket', 'ruler', 'safety pin', 'salt shaker', 'sandal', 'screw', 'shovel', 'space heater', 'spatula', 'speaker', 'strainer', 'sunglasses', 'teddy bear', 'television', 'umbrella', 'vase', 'wallet', 'waste container', 'water bottle', 'whistle']"
134285,5b7a03a1585341e.png,100,computer mouse,cleaver,28.719,f0f8e2b7579a82fb,True,"['Band-Aid', 'T-shirt', 'backpack', 'banana', 'cleaver', 'clothes iron', 'coffee mug', 'computer mouse', 'digital watch', 'doormat', 'dumbbell', 'envelope', 'hair dryer', 'hammer', 'lampshade', 'lemon', 'lipstick', 'match', 'mobile phone', 'necklace', 'padlock', 'paintbrush', 'paper towel', 'park bench', 'pill bottle', 'pillow', 'plastic bag', 'plunger', 'power drill', 'printer', 'racket', 'ruler', 'safety pin', 'salt shaker', 'sandal', 'screw', 'shovel', 'space heater', 'spatula', 'speaker', 'strainer', 'sunglasses', 'teddy bear', 'television', 'umbrella', 'vase', 'wallet', 'waste container', 'water bottle', 'whistle']"
136673,5bd259919774480.png,100,printer,speaker,3.861,01771bf651299919,True,"['Band-Aid', 'T-shirt', 'backpack', 'banana', 'cleaver', 'clothes iron', 'coffee mug', 'computer mouse', 'digital watch', 'doormat', 'dumbbell', 'envelope', 'hair dryer', 'hammer', 'lampshade', 'lemon', 'lipstick', 'match', 'mobile phone', 'necklace', 'padlock', 'paintbrush', 'paper towel', 'park bench', 'pill bottle', 'pillow', 'plastic bag', 'plunger', 'power drill', 'printer', 'racket', 'ruler', 'safety pin', 'salt shaker', 'sandal', 'screw', 'shovel', 'space heater', 'spatula', 'speaker', 'strainer', 'sunglasses', 'teddy bear', 'television', 'umbrella', 'vase', 'wallet', 'waste container', 'water bottle', 'whistle']"
138318,5c99b6a0b8a8489.png,100,T-shirt,T-shirt,3.237,494b2886a1fb4472,True,"['Band-Aid', 'T-shirt', 'backpack', 'banana', 'cleaver', 'clothes iron', 'coffee mug', 'computer mouse', 'digital watch', 'doormat', 'dumbbell', 'envelope', 'hair dryer', 'hammer', 'lampshade', 'lemon', 'lipstick', 'match', 'mobile phone', 'necklace', 'padlock', 'paintbrush', 'paper towel', 'park bench', 'pill bottle', 'pillow', 'plastic bag', 'plunger', 'power drill', 'printer', 'racket', 'ruler', 'safety pin', 'salt shaker', 'sandal', 'screw', 'shovel', 'space heater', 'spatula', 'speaker', 'strainer', 'sunglasses', 'teddy bear', 'television', 'umbrella', 'vase', 'wallet', 'waste container', 'water bottle', 'whistle']"
144278,5c9b1e636f5e41c.png,100,clothes iron,clothes iron,6.338,f8bc975b73658907,True,"['Band-Aid', 'T-shirt', 'backpack', 'banana', 'cleaver', 'clothes iron', 'coffee mug', 'computer mouse', 'digital watch', 'doormat', 'dumbbell', 'envelope', 'hair dryer', 'hammer', 'lampshade', 'lemon', 'lipstick', 'match', 'mobile phone', 'necklace', 'padlock', 'paintbrush', 'paper towel', 'park bench', 'pill bottle', 'pillow', 'plastic bag', 'plunger', 'power drill', 'printer', 'racket', 'ruler', 'safety pin', 'salt shaker', 'sandal', 'screw', 'shovel', 'space heater', 'spatula', 'speaker', 'strainer', 'sunglasses', 'teddy bear', 'television', 'umbrella', 'vase', 'wallet', 'waste container', 'water bottle', 'whistle']"
165124,5f64b2d645214ab.png,100,dumbbell,dumbbell,5.968,c3132e022497b3b8,True,"['Band-Aid', 'T-shirt', 'backpack', 'banana', 'cleaver', 'clothes iron', 'coffee mug', 'computer mouse', 'digital watch', 'doormat', 'dumbbell', 'envelope', 'hair dryer', 'hammer', 'lampshade', 'lemon', 'lipstick', 'match', 'mobile phone', 'necklace', 'padlock', 'paintbrush', 'paper towel', 'park bench', 'pill bottle', 'pillow', 'plastic bag', 'plunger', 'power drill', 'printer', 'racket', 'ruler', 'safety pin', 'salt shaker', 'sandal', 'screw', 'shovel', 'space heater', 'spatula', 'speaker', 'strainer', 'sunglasses', 'teddy bear', 'television', 'umbrella', 'vase', 'wallet', 'waste container', 'water bottle', 'whistle']"
150955,5fbb8c74bfe944b.png,100,umbrella,umbrella,2.478,a4be1793d61f5542,True,"['Band-Aid', 'T-shirt', 'backpack', 'banana', 'cleaver', 'clothes iron', 'coffee mug', 'computer mouse', 'digital watch', 'doormat', 'dumbbell', 'envelope', 'hair dryer', 'hammer', 'lampshade', 'lemon', 'lipstick', 'match', 'mobile phone', 'necklace', 'padlock', 'paintbrush', 'paper towel', 'park bench', 'pill bottle', 'pillow', 'plastic bag', 'plunger', 'power drill', 'printer', 'racket', 'ruler', 'safety pin', 'salt shaker', 'sandal', 'screw', 'shovel', 'space heater', 'spatula', 'speaker', 'strainer', 'sunglasses', 'teddy bear', 'television', 'umbrella', 'vase', 'wallet', 'waste container', 'water bottle', 'whistle']"
163024,60258f4b79704b2.png,100,lemon,lemon,17.403,0a2b30e0e0e63ad4,True,"['Band-Aid', 'T-shirt', 'backpack', 'banana', 'cleaver', 'clothes iron', 'coffee mug', 'computer mouse', 'digital watch', 'doormat', 'dumbbell', 'envelope', 'hair dryer', 'hammer', 'lampshade', 'lemon', 'lipstick', 'match', 'mobile phone', 'necklace', 'padlock', 'paintbrush', 'paper towel', 'park bench', 'pill bottle', 'pillow', 'plastic bag', 'plunger', 'power drill', 'printer', 'racket', 'ruler', 'safety pin', 'salt shaker', 'sandal', 'screw', 'shovel', 'space heater', 'spatula', 'speaker', 'strainer', 'sunglasses', 'teddy bear', 'television', 'umbrella', 'vase', 'wallet', 'waste container', 'water bottle', 'whistle']"
144624,607733a1ce4d4ef.png,100,lemon,lemon,3.602,7a7a62ec36139368,True,"['Band-Aid', 'T-shirt', 'backpack', 'banana', 'cleaver', 'clothes iron', 'coffee mug', 'computer mouse', 'digital watch', 'doormat', 'dumbbell', 'envelope', 'hair dryer', 'hammer', 'lampshade', 'lemon', 'lipstick', 'match', 'mobile phone', 'necklace', 'padlock', 'paintbrush', 'paper towel', 'park bench', 'pill bottle', 'pillow', 'plastic bag', 'plunger', 'power drill', 'printer', 'racket', 'ruler', 'safety pin', 'salt shaker', 'sandal', 'screw', 'shovel', 'space heater', 'spatula', 'speaker', 'strainer', 'sunglasses', 'teddy bear', 'television', 'umbrella', 'vase', 'wallet', 'waste container', 'water bottle', 'whistle']"
135264,61572c10927b451.png,100,mobile phone,mobile phone,30.716,2310f31f9cbf74a0,True,"['Band-Aid', 'T-shirt', 'backpack', 'banana', 'cleaver', 'clothes iron', 'coffee mug', 'computer mouse', 'digital watch', 'doormat', 'dumbbell', 'envelope', 'hair dryer', 'hammer', 'lampshade', 'lemon', 'lipstick', 'match', 'mobile phone', 'necklace', 'padlock', 'paintbrush', 'paper towel', 'park bench', 'pill bottle', 'pillow', 'plastic bag', 'plunger', 'power drill', 'printer', 'racket', 'ruler', 'safety pin', 'salt shaker', 'sandal', 'screw', 'shovel', 'space heater', 'spatula', 'speaker', 'strainer', 'sunglasses', 'teddy bear', 'television', 'umbrella', 'vase', 'wallet', 'waste container', 'water bottle', 'whistle']"
133591,6219c96b6f374d7.png,100,match,match,2.983,8ef454db5569e7ac,True,"['Band-Aid', 'T-shirt', 'backpack', 'banana', 'cleaver', 'clothes iron', 'coffee mug', 'computer mouse', 'digital watch', 'doormat', 'dumbbell', 'envelope', 'hair dryer', 'hammer', 'lampshade', 'lemon', 'lipstick', 'match', 'mobile phone', 'necklace', 'padlock', 'paintbrush', 'paper towel', 'park bench', 'pill bottle', 'pillow', 'plastic bag', 'plunger', 'power drill', 'printer', 'racket', 'ruler', 'safety pin', 'salt shaker', 'sandal', 'screw', 'shovel', 'space heater', 'spatula', 'speaker', 'strainer', 'sunglasses', 'teddy bear', 'television', 'umbrella', 'vase', 'wallet', 'waste container', 'water bottle', 'whistle']"
149850,622d7a0fc880442.png,100,coffee mug,coffee mug,21.589,cbe137c1a984c4b4,True,"['Band-Aid', 'T-shirt', 'backpack', 'banana', 'cleaver', 'clothes iron', 'coffee mug', 'computer mouse', 'digital watch', 'doormat', 'dumbbell', 'envelope', 'hair dryer', 'hammer', 'lampshade', 'lemon', 'lipstick', 'match', 'mobile phone', 'necklace', 'padlock', 'paintbrush', 'paper towel', 'park bench', 'pill bottle', 'pillow', 'plastic bag', 'plunger', 'power drill', 'printer', 'racket', 'ruler', 'safety pin', 'salt shaker', 'sandal', 'screw', 'shovel', 'space heater', 'spatula', 'speaker', 'strainer', 'sunglasses', 'teddy bear', 'television', 'umbrella', 'vase', 'wallet', 'waste container', 'water bottle', 'whistle']"
133600,6255222b43164fc.png,100,teddy bear,teddy bear,4.268,e0206ec332c6f36a,True,"['Band-Aid', 'T-shirt', 'backpack', 'banana', 'cleaver', 'clothes iron', 'coffee mug', 'computer mouse', 'digital watch', 'doormat', 'dumbbell', 'envelope', 'hair dryer', 'hammer', 'lampshade', 'lemon', 'lipstick', 'match', 'mobile phone', 'necklace', 'padlock', 'paintbrush', 'paper towel', 'park bench', 'pill bottle', 'pillow', 'plastic bag', 'plunger', 'power drill', 'printer', 'racket', 'ruler', 'safety pin', 'salt shaker', 'sandal', 'screw', 'shovel', 'space heater', 'spatula', 'speaker', 'strainer', 'sunglasses', 'teddy bear', 'television', 'umbrella', 'vase', 'wallet', 'waste container', 'water bottle', 'whistle']"
135169,626e21413d16493.png,100,water bottle,water bottle,31.054,ccb694d035dd2455,True,"['Band-Aid', 'T-shirt', 'backpack', 'banana', 'cleaver', 'clothes iron', 'coffee mug', 'computer mouse', 'digital watch', 'doormat', 'dumbbell', 'envelope', 'hair dryer', 'hammer', 'lampshade', 'lemon', 'lipstick', 'match', 'mobile phone', 'necklace', 'padlock', 'paintbrush', 'paper towel', 'park bench', 'pill bottle', 'pillow', 'plastic bag', 'plunger', 'power drill', 'printer', 'racket', 'ruler', 'safety pin', 'salt shaker', 'sandal', 'screw', 'shovel', 'space heater', 'spatula', 'speaker', 'strainer', 'sunglasses', 'teddy bear', 'television', 'umbrella', 'vase', 'wallet', 'waste container', 'water bottle', 'whistle']"
136630,631b2cac4205475.png,100,digital watch,digital watch,12.0,ce04470eaaa291ce,True,"['Band-Aid', 'T-shirt', 'backpack', 'banana', 'cleaver', 'clothes iron', 'coffee mug', 'computer mouse', 'digital watch', 'doormat', 'dumbbell', 'envelope', 'hair dryer', 'hammer', 'lampshade', 'lemon', 'lipstick', 'match', 'mobile phone', 'necklace', 'padlock', 'paintbrush', 'paper towel', 'park bench', 'pill bottle', 'pillow', 'plastic bag', 'plunger', 'power drill', 'printer', 'racket', 'ruler', 'safety pin', 'salt shaker', 'sandal', 'screw', 'shovel', 'space heater', 'spatula', 'speaker', 'strainer', 'sunglasses', 'teddy bear', 'television', 'umbrella', 'vase', 'wallet', 'waste container', 'water bottle', 'whistle']"
173848,632b4ab7546045d.png,100,teddy bear,teddy bear,2.054,8ae069b89d6250de,True,"['Band-Aid', 'T-shirt', 'backpack', 'banana', 'cleaver', 'clothes iron', 'coffee mug', 'computer mouse', 'digital watch', 'doormat', 'dumbbell', 'envelope', 'hair dryer', 'hammer', 'lampshade', 'lemon', 'lipstick', 'match', 'mobile phone', 'necklace', 'padlock', 'paintbrush', 'paper towel', 'park bench', 'pill bottle', 'pillow', 'plastic bag', 'plunger', 'power drill', 'printer', 'racket', 'ruler', 'safety pin', 'salt shaker', 'sandal', 'screw', 'shovel', 'space heater', 'spatula', 'speaker', 'strainer', 'sunglasses', 'teddy bear', 'television', 'umbrella', 'vase', 'wallet', 'waste container', 'water bottle', 'whistle']"
145831,632dd18e1aef400.png,100,whistle,whistle,4.085,8b189a27796bf940,True,"['Band-Aid', 'T-shirt', 'backpack', 'banana', 'cleaver', 'clothes iron', 'coffee mug', 'computer mouse', 'digital watch', 'doormat', 'dumbbell', 'envelope', 'hair dryer', 'hammer', 'lampshade', 'lemon', 'lipstick', 'match', 'mobile phone', 'necklace', 'padlock', 'paintbrush', 'paper towel', 'park bench', 'pill bottle', 'pillow', 'plastic bag', 'plunger', 'power drill', 'printer', 'racket', 'ruler', 'safety pin', 'salt shaker', 'sandal', 'screw', 'shovel', 'space heater', 'spatula', 'speaker', 'strainer', 'sunglasses', 'teddy bear', 'television', 'umbrella', 'vase', 'wallet', 'waste container', 'water bottle', 'whistle']"
133970,641d4a6aa6474e0.png,100,lemon,lemon,2.837,abab57e2f531166c,True,"['Band-Aid', 'T-shirt', 'backpack', 'banana', 'cleaver', 'clothes iron', 'coffee mug', 'computer mouse', 'digital watch', 'doormat', 'dumbbell', 'envelope', 'hair dryer', 'hammer', 'lampshade', 'lemon', 'lipstick', 'match', 'mobile phone', 'necklace', 'padlock', 'paintbrush', 'paper towel', 'park bench', 'pill bottle', 'pillow', 'plastic bag', 'plunger', 'power drill', 'printer', 'racket', 'ruler', 'safety pin', 'salt shaker', 'sandal', 'screw', 'shovel', 'space heater', 'spatula', 'speaker', 'strainer', 'sunglasses', 'teddy bear', 'television', 'umbrella', 'vase', 'wallet', 'waste container', 'water bottle', 'whistle']"
140075,64ce31f16d06474.png,100,banana,banana,3.893,0855e3de7bf0736d,True,"['Band-Aid', 'T-shirt', 'backpack', 'banana', 'cleaver', 'clothes iron', 'coffee mug', 'computer mouse', 'digital watch', 'doormat', 'dumbbell', 'envelope', 'hair dryer', 'hammer', 'lampshade', 'lemon', 'lipstick', 'match', 'mobile phone', 'necklace', 'padlock', 'paintbrush', 'paper towel', 'park bench', 'pill bottle', 'pillow', 'plastic bag', 'plunger', 'power drill', 'printer', 'racket', 'ruler', 'safety pin', 'salt shaker', 'sandal', 'screw', 'shovel', 'space heater', 'spatula', 'speaker', 'strainer', 'sunglasses', 'teddy bear', 'television', 'umbrella', 'vase', 'wallet', 'waste container', 'water bottle', 'whistle']"
164795,6696c964bd5d468.png,100,safety pin,safety pin,2.653,755e02b542686c21,True,"['Band-Aid', 'T-shirt', 'backpack', 'banana', 'cleaver', 'clothes iron', 'coffee mug', 'computer mouse', 'digital watch', 'doormat', 'dumbbell', 'envelope', 'hair dryer', 'hammer', 'lampshade', 'lemon', 'lipstick', 'match', 'mobile phone', 'necklace', 'padlock', 'paintbrush', 'paper towel', 'park bench', 'pill bottle', 'pillow', 'plastic bag', 'plunger', 'power drill', 'printer', 'racket', 'ruler', 'safety pin', 'salt shaker', 'sandal', 'screw', 'shovel', 'space heater', 'spatula', 'speaker', 'strainer', 'sunglasses', 'teddy bear', 'television', 'umbrella', 'vase', 'wallet', 'waste container', 'water bottle', 'whistle']"
145406,66aed1c75c6a449.png,100,safety pin,safety pin,1.995,81c58a919d387c05,True,"['Band-Aid', 'T-shirt', 'backpack', 'banana', 'cleaver', 'clothes iron', 'coffee mug', 'computer mouse', 'digital watch', 'doormat', 'dumbbell', 'envelope', 'hair dryer', 'hammer', 'lampshade', 'lemon', 'lipstick', 'match', 'mobile phone', 'necklace', 'padlock', 'paintbrush', 'paper towel', 'park bench', 'pill bottle', 'pillow', 'plastic bag', 'plunger', 'power drill', 'printer', 'racket', 'ruler', 'safety pin', 'salt shaker', 'sandal', 'screw', 'shovel', 'space heater', 'spatula', 'speaker', 'strainer', 'sunglasses', 'teddy bear', 'television', 'umbrella', 'vase', 'wallet', 'waste container', 'water bottle', 'whistle']"
134900,66c9463bb57b43e.png,100,paintbrush,paintbrush,17.964,419329d352d780ca,True,"['Band-Aid', 'T-shirt', 'backpack', 'banana', 'cleaver', 'clothes iron', 'coffee mug', 'computer mouse', 'digital watch', 'doormat', 'dumbbell', 'envelope', 'hair dryer', 'hammer', 'lampshade', 'lemon', 'lipstick', 'match', 'mobile phone', 'necklace', 'padlock', 'paintbrush', 'paper towel', 'park bench', 'pill bottle', 'pillow', 'plastic bag', 'plunger', 'power drill', 'printer', 'racket', 'ruler', 'safety pin', 'salt shaker', 'sandal', 'screw', 'shovel', 'space heater', 'spatula', 'speaker', 'strainer', 'sunglasses', 'teddy bear', 'television', 'umbrella', 'vase', 'wallet', 'waste container', 'water bottle', 'whistle']"
143218,67124522c3ef461.png,100,banana,banana,2.148,8c69d2ae203af014,True,"['Band-Aid', 'T-shirt', 'backpack', 'banana', 'cleaver', 'clothes iron', 'coffee mug', 'computer mouse', 'digital watch', 'doormat', 'dumbbell', 'envelope', 'hair dryer', 'hammer', 'lampshade', 'lemon', 'lipstick', 'match', 'mobile phone', 'necklace', 'padlock', 'paintbrush', 'paper towel', 'park bench', 'pill bottle', 'pillow', 'plastic bag', 'plunger', 'power drill', 'printer', 'racket', 'ruler', 'safety pin', 'salt shaker', 'sandal', 'screw', 'shovel', 'space heater', 'spatula', 'speaker', 'strainer', 'sunglasses', 'teddy bear', 'television', 'umbrella', 'vase', 'wallet', 'waste container', 'water bottle', 'whistle']"
140581,67153c433c6f44c.png,100,pill bottle,pill bottle,3.535,647e0dffff7ddd5e,True,"['Band-Aid', 'T-shirt', 'backpack', 'banana', 'cleaver', 'clothes iron', 'coffee mug', 'computer mouse', 'digital watch', 'doormat', 'dumbbell', 'envelope', 'hair dryer', 'hammer', 'lampshade', 'lemon', 'lipstick', 'match', 'mobile phone', 'necklace', 'padlock', 'paintbrush', 'paper towel', 'park bench', 'pill bottle', 'pillow', 'plastic bag', 'plunger', 'power drill', 'printer', 'racket', 'ruler', 'safety pin', 'salt shaker', 'sandal', 'screw', 'shovel', 'space heater', 'spatula', 'speaker', 'strainer', 'sunglasses', 'teddy bear', 'television', 'umbrella', 'vase', 'wallet', 'waste container', 'water bottle', 'whistle']"
150492,6751db01fb6e462.png,100,lemon,lemon,3.627,abab57e2f531166c,True,"['Band-Aid', 'T-shirt', 'backpack', 'banana', 'cleaver', 'clothes iron', 'coffee mug', 'computer mouse', 'digital watch', 'doormat', 'dumbbell', 'envelope', 'hair dryer', 'hammer', 'lampshade', 'lemon', 'lipstick', 'match', 'mobile phone', 'necklace', 'padlock', 'paintbrush', 'paper towel', 'park bench', 'pill bottle', 'pillow', 'plastic bag', 'plunger', 'power drill', 'printer', 'racket', 'ruler', 'safety pin', 'salt shaker', 'sandal', 'screw', 'shovel', 'space heater', 'spatula', 'speaker', 'strainer', 'sunglasses', 'teddy bear', 'television', 'umbrella', 'vase', 'wallet', 'waste container', 'water bottle', 'whistle']"
142173,676f3eef6ed94da.png,100,shovel,shovel,3.591,9cab4217e098176b,True,"['Band-Aid', 'T-shirt', 'backpack', 'banana', 'cleaver', 'clothes iron', 'coffee mug', 'computer mouse', 'digital watch', 'doormat', 'dumbbell', 'envelope', 'hair dryer', 'hammer', 'lampshade', 'lemon', 'lipstick', 'match', 'mobile phone', 'necklace', 'padlock', 'paintbrush', 'paper towel', 'park bench', 'pill bottle', 'pillow', 'plastic bag', 'plunger', 'power drill', 'printer', 'racket', 'ruler', 'safety pin', 'salt shaker', 'sandal', 'screw', 'shovel', 'space heater', 'spatula', 'speaker', 'strainer', 'sunglasses', 'teddy bear', 'television', 'umbrella', 'vase', 'wallet', 'waste container', 'water bottle', 'whistle']"
135372,67e316f6edd74a7.png,100,power drill,hair dryer,3.53,03f52d2f38387b20,True,"['Band-Aid', 'T-shirt', 'backpack', 'banana', 'cleaver', 'clothes iron', 'coffee mug', 'computer mouse', 'digital watch', 'doormat', 'dumbbell', 'envelope', 'hair dryer', 'hammer', 'lampshade', 'lemon', 'lipstick', 'match', 'mobile phone', 'necklace', 'padlock', 'paintbrush', 'paper towel', 'park bench', 'pill bottle', 'pillow', 'plastic bag', 'plunger', 'power drill', 'printer', 'racket', 'ruler', 'safety pin', 'salt shaker', 'sandal', 'screw', 'shovel', 'space heater', 'spatula', 'speaker', 'strainer', 'sunglasses', 'teddy bear', 'television', 'umbrella', 'vase', 'wallet', 'waste container', 'water bottle', 'whistle']"
136692,67ee541d113c4e0.png,100,wallet,wallet,11.844,5910fda1b04afc67,True,"['Band-Aid', 'T-shirt', 'backpack', 'banana', 'cleaver', 'clothes iron', 'coffee mug', 'computer mouse', 'digital watch', 'doormat', 'dumbbell', 'envelope', 'hair dryer', 'hammer', 'lampshade', 'lemon', 'lipstick', 'match', 'mobile phone', 'necklace', 'padlock', 'paintbrush', 'paper towel', 'park bench', 'pill bottle', 'pillow', 'plastic bag', 'plunger', 'power drill', 'printer', 'racket', 'ruler', 'safety pin', 'salt shaker', 'sandal', 'screw', 'shovel', 'space heater', 'spatula', 'speaker', 'strainer', 'sunglasses', 'teddy bear', 'television', 'umbrella', 'vase', 'wallet', 'waste container', 'water bottle', 'whistle']"
148506,68a22b99b8354fe.png,100,envelope,envelope,11.722,95c530dedb255d2e,True,"['Band-Aid', 'T-shirt', 'backpack', 'banana', 'cleaver', 'clothes iron', 'coffee mug', 'computer mouse', 'digital watch', 'doormat', 'dumbbell', 'envelope', 'hair dryer', 'hammer', 'lampshade', 'lemon', 'lipstick', 'match', 'mobile phone', 'necklace', 'padlock', 'paintbrush', 'paper towel', 'park bench', 'pill bottle', 'pillow', 'plastic bag', 'plunger', 'power drill', 'printer', 'racket', 'ruler', 'safety pin', 'salt shaker', 'sandal', 'screw', 'shovel', 'space heater', 'spatula', 'speaker', 'strainer', 'sunglasses', 'teddy bear', 'television', 'umbrella', 'vase', 'wallet', 'waste container', 'water bottle', 'whistle']"
135210,697b47cec443416.png,100,wallet,wallet,2.562,63a0c3827bb252e4,True,"['Band-Aid', 'T-shirt', 'backpack', 'banana', 'cleaver', 'clothes iron', 'coffee mug', 'computer mouse', 'digital watch', 'doormat', 'dumbbell', 'envelope', 'hair dryer', 'hammer', 'lampshade', 'lemon', 'lipstick', 'match', 'mobile phone', 'necklace', 'padlock', 'paintbrush', 'paper towel', 'park bench', 'pill bottle', 'pillow', 'plastic bag', 'plunger', 'power drill', 'printer', 'racket', 'ruler', 'safety pin', 'salt shaker', 'sandal', 'screw', 'shovel', 'space heater', 'spatula', 'speaker', 'strainer', 'sunglasses', 'teddy bear', 'television', 'umbrella', 'vase', 'wallet', 'waste container', 'water bottle', 'whistle']"
159178,69dd2e6549b84e6.png,100,padlock,padlock,5.389,773ec6ad690e4a40,True,"['Band-Aid', 'T-shirt', 'backpack', 'banana', 'cleaver', 'clothes iron', 'coffee mug', 'computer mouse', 'digital watch', 'doormat', 'dumbbell', 'envelope', 'hair dryer', 'hammer', 'lampshade', 'lemon', 'lipstick', 'match', 'mobile phone', 'necklace', 'padlock', 'paintbrush', 'paper towel', 'park bench', 'pill bottle', 'pillow', 'plastic bag', 'plunger', 'power drill', 'printer', 'racket', 'ruler', 'safety pin', 'salt shaker', 'sandal', 'screw', 'shovel', 'space heater', 'spatula', 'speaker', 'strainer', 'sunglasses', 'teddy bear', 'television', 'umbrella', 'vase', 'wallet', 'waste container', 'water bottle', 'whistle']"
134453,6aca88743def4dd.png,100,park bench,park bench,33.823,6a82f29e4e5756fe,True,"['Band-Aid', 'T-shirt', 'backpack', 'banana', 'cleaver', 'clothes iron', 'coffee mug', 'computer mouse', 'digital watch', 'doormat', 'dumbbell', 'envelope', 'hair dryer', 'hammer', 'lampshade', 'lemon', 'lipstick', 'match', 'mobile phone', 'necklace', 'padlock', 'paintbrush', 'paper towel', 'park bench', 'pill bottle', 'pillow', 'plastic bag', 'plunger', 'power drill', 'printer', 'racket', 'ruler', 'safety pin', 'salt shaker', 'sandal', 'screw', 'shovel', 'space heater', 'spatula', 'speaker', 'strainer', 'sunglasses', 'teddy bear', 'television', 'umbrella', 'vase', 'wallet', 'waste container', 'water bottle', 'whistle']"
137897,6adee7e3a02d4cf.png,100,necklace,plunger,2.693,7fb7364b8ea8cfe2,True,"['Band-Aid', 'T-shirt', 'backpack', 'banana', 'cleaver', 'clothes iron', 'coffee mug', 'computer mouse', 'digital watch', 'doormat', 'dumbbell', 'envelope', 'hair dryer', 'hammer', 'lampshade', 'lemon', 'lipstick', 'match', 'mobile phone', 'necklace', 'padlock', 'paintbrush', 'paper towel', 'park bench', 'pill bottle', 'pillow', 'plastic bag', 'plunger', 'power drill', 'printer', 'racket', 'ruler', 'safety pin', 'salt shaker', 'sandal', 'screw', 'shovel', 'space heater', 'spatula', 'speaker', 'strainer', 'sunglasses', 'teddy bear', 'television', 'umbrella', 'vase', 'wallet', 'waste container', 'water bottle', 'whistle']"
134466,6aedaf131d3d480.png,100,water bottle,ruler,3.512,0a2b30e0e0e63ad4,True,"['Band-Aid', 'T-shirt', 'backpack', 'banana', 'cleaver', 'clothes iron', 'coffee mug', 'computer mouse', 'digital watch', 'doormat', 'dumbbell', 'envelope', 'hair dryer', 'hammer', 'lampshade', 'lemon', 'lipstick', 'match', 'mobile phone', 'necklace', 'padlock', 'paintbrush', 'paper towel', 'park bench', 'pill bottle', 'pillow', 'plastic bag', 'plunger', 'power drill', 'printer', 'racket', 'ruler', 'safety pin', 'salt shaker', 'sandal', 'screw', 'shovel', 'space heater', 'spatula', 'speaker', 'strainer', 'sunglasses', 'teddy bear', 'television', 'umbrella', 'vase', 'wallet', 'waste container', 'water bottle', 'whistle']"
136403,6b3af9c66345433.png,100,sandal,cleaver,6.634,0e808620feedbfb7,True,"['Band-Aid', 'T-shirt', 'backpack', 'banana', 'cleaver', 'clothes iron', 'coffee mug', 'computer mouse', 'digital watch', 'doormat', 'dumbbell', 'envelope', 'hair dryer', 'hammer', 'lampshade', 'lemon', 'lipstick', 'match', 'mobile phone', 'necklace', 'padlock', 'paintbrush', 'paper towel', 'park bench', 'pill bottle', 'pillow', 'plastic bag', 'plunger', 'power drill', 'printer', 'racket', 'ruler', 'safety pin', 'salt shaker', 'sandal', 'screw', 'shovel', 'space heater', 'spatula', 'speaker', 'strainer', 'sunglasses', 'teddy bear', 'television', 'umbrella', 'vase', 'wallet', 'waste container', 'water bottle', 'whistle']"
143336,6b91e4c08c464f7.png,100,coffee mug,coffee mug,2.336,77f9bac90edbf0a5,True,"['Band-Aid', 'T-shirt', 'backpack', 'banana', 'cleaver', 'clothes iron', 'coffee mug', 'computer mouse', 'digital watch', 'doormat', 'dumbbell', 'envelope', 'hair dryer', 'hammer', 'lampshade', 'lemon', 'lipstick', 'match', 'mobile phone', 'necklace', 'padlock', 'paintbrush', 'paper towel', 'park bench', 'pill bottle', 'pillow', 'plastic bag', 'plunger', 'power drill', 'printer', 'racket', 'ruler', 'safety pin', 'salt shaker', 'sandal', 'screw', 'shovel', 'space heater', 'spatula', 'speaker', 'strainer', 'sunglasses', 'teddy bear', 'television', 'umbrella', 'vase', 'wallet', 'waste container', 'water bottle', 'whistle']"
134945,6c137e203b7e461.png,100,strainer,strainer,2.69,03f52d2f38387b20,True,"['Band-Aid', 'T-shirt', 'backpack', 'banana', 'cleaver', 'clothes iron', 'coffee mug', 'computer mouse', 'digital watch', 'doormat', 'dumbbell', 'envelope', 'hair dryer', 'hammer', 'lampshade', 'lemon', 'lipstick', 'match', 'mobile phone', 'necklace', 'padlock', 'paintbrush', 'paper towel', 'park bench', 'pill bottle', 'pillow', 'plastic bag', 'plunger', 'power drill', 'printer', 'racket', 'ruler', 'safety pin', 'salt shaker', 'sandal', 'screw', 'shovel', 'space heater', 'spatula', 'speaker', 'strainer', 'sunglasses', 'teddy bear', 'television', 'umbrella', 'vase', 'wallet', 'waste container', 'water bottle', 'whistle']"
152390,6c7c50b1a4f4493.png,100,mobile phone,mobile phone,4.09,d4c63837c4508ce1,True,"['Band-Aid', 'T-shirt', 'backpack', 'banana', 'cleaver', 'clothes iron', 'coffee mug', 'computer mouse', 'digital watch', 'doormat', 'dumbbell', 'envelope', 'hair dryer', 'hammer', 'lampshade', 'lemon', 'lipstick', 'match', 'mobile phone', 'necklace', 'padlock', 'paintbrush', 'paper towel', 'park bench', 'pill bottle', 'pillow', 'plastic bag', 'plunger', 'power drill', 'printer', 'racket', 'ruler', 'safety pin', 'salt shaker', 'sandal', 'screw', 'shovel', 'space heater', 'spatula', 'speaker', 'strainer', 'sunglasses', 'teddy bear', 'television', 'umbrella', 'vase', 'wallet', 'waste container', 'water bottle', 'whistle']"
157932,6c8e856e8b0f47d.png,100,lampshade,lampshade,1.806,9268af5e97475de9,True,"['Band-Aid', 'T-shirt', 'backpack', 'banana', 'cleaver', 'clothes iron', 'coffee mug', 'computer mouse', 'digital watch', 'doormat', 'dumbbell', 'envelope', 'hair dryer', 'hammer', 'lampshade', 'lemon', 'lipstick', 'match', 'mobile phone', 'necklace', 'padlock', 'paintbrush', 'paper towel', 'park bench', 'pill bottle', 'pillow', 'plastic bag', 'plunger', 'power drill', 'printer', 'racket', 'ruler', 'safety pin', 'salt shaker', 'sandal', 'screw', 'shovel', 'space heater', 'spatula', 'speaker', 'strainer', 'sunglasses', 'teddy bear', 'television', 'umbrella', 'vase', 'wallet', 'waste container', 'water bottle', 'whistle']"
134929,6d4292fdbee3472.png,100,banana,banana,5.153,a74bea18f9039208,True,"['Band-Aid', 'T-shirt', 'backpack', 'banana', 'cleaver', 'clothes iron', 'coffee mug', 'computer mouse', 'digital watch', 'doormat', 'dumbbell', 'envelope', 'hair dryer', 'hammer', 'lampshade', 'lemon', 'lipstick', 'match', 'mobile phone', 'necklace', 'padlock', 'paintbrush', 'paper towel', 'park bench', 'pill bottle', 'pillow', 'plastic bag', 'plunger', 'power drill', 'printer', 'racket', 'ruler', 'safety pin', 'salt shaker', 'sandal', 'screw', 'shovel', 'space heater', 'spatula', 'speaker', 'strainer', 'sunglasses', 'teddy bear', 'television', 'umbrella', 'vase', 'wallet', 'waste container', 'water bottle', 'whistle']"
134625,6db8487ae1fd406.png,100,digital watch,digital watch,2.156,1773d3e1354bdd2f,True,"['Band-Aid', 'T-shirt', 'backpack', 'banana', 'cleaver', 'clothes iron', 'coffee mug', 'computer mouse', 'digital watch', 'doormat', 'dumbbell', 'envelope', 'hair dryer', 'hammer', 'lampshade', 'lemon', 'lipstick', 'match', 'mobile phone', 'necklace', 'padlock', 'paintbrush', 'paper towel', 'park bench', 'pill bottle', 'pillow', 'plastic bag', 'plunger', 'power drill', 'printer', 'racket', 'ruler', 'safety pin', 'salt shaker', 'sandal', 'screw', 'shovel', 'space heater', 'spatula', 'speaker', 'strainer', 'sunglasses', 'teddy bear', 'television', 'umbrella', 'vase', 'wallet', 'waste container', 'water bottle', 'whistle']"
140132,6e056fd9b0634f7.png,100,pill bottle,pill bottle,4.302,991398360dd5923c,True,"['Band-Aid', 'T-shirt', 'backpack', 'banana', 'cleaver', 'clothes iron', 'coffee mug', 'computer mouse', 'digital watch', 'doormat', 'dumbbell', 'envelope', 'hair dryer', 'hammer', 'lampshade', 'lemon', 'lipstick', 'match', 'mobile phone', 'necklace', 'padlock', 'paintbrush', 'paper towel', 'park bench', 'pill bottle', 'pillow', 'plastic bag', 'plunger', 'power drill', 'printer', 'racket', 'ruler', 'safety pin', 'salt shaker', 'sandal', 'screw', 'shovel', 'space heater', 'spatula', 'speaker', 'strainer', 'sunglasses', 'teddy bear', 'television', 'umbrella', 'vase', 'wallet', 'waste container', 'water bottle', 'whistle']"
146551,6e70776138da47e.png,100,envelope,envelope,4.421,8ae069b89d6250de,True,"['Band-Aid', 'T-shirt', 'backpack', 'banana', 'cleaver', 'clothes iron', 'coffee mug', 'computer mouse', 'digital watch', 'doormat', 'dumbbell', 'envelope', 'hair dryer', 'hammer', 'lampshade', 'lemon', 'lipstick', 'match', 'mobile phone', 'necklace', 'padlock', 'paintbrush', 'paper towel', 'park bench', 'pill bottle', 'pillow', 'plastic bag', 'plunger', 'power drill', 'printer', 'racket', 'ruler', 'safety pin', 'salt shaker', 'sandal', 'screw', 'shovel', 'space heater', 'spatula', 'speaker', 'strainer', 'sunglasses', 'teddy bear', 'television', 'umbrella', 'vase', 'wallet', 'waste container', 'water bottle', 'whistle']"
139860,6ec30c4dde454c3.png,100,safety pin,safety pin,3.009,44885cf94b1b90db,True,"['Band-Aid', 'T-shirt', 'backpack', 'banana', 'cleaver', 'clothes iron', 'coffee mug', 'computer mouse', 'digital watch', 'doormat', 'dumbbell', 'envelope', 'hair dryer', 'hammer', 'lampshade', 'lemon', 'lipstick', 'match', 'mobile phone', 'necklace', 'padlock', 'paintbrush', 'paper towel', 'park bench', 'pill bottle', 'pillow', 'plastic bag', 'plunger', 'power drill', 'printer', 'racket', 'ruler', 'safety pin', 'salt shaker', 'sandal', 'screw', 'shovel', 'space heater', 'spatula', 'speaker', 'strainer', 'sunglasses', 'teddy bear', 'television', 'umbrella', 'vase', 'wallet', 'waste container', 'water bottle', 'whistle']"
137850,6ecae19dbb82439.png,100,sandal,sandal,6.857,a8a8cd374f052fcb,True,"['Band-Aid', 'T-shirt', 'backpack', 'banana', 'cleaver', 'clothes iron', 'coffee mug', 'computer mouse', 'digital watch', 'doormat', 'dumbbell', 'envelope', 'hair dryer', 'hammer', 'lampshade', 'lemon', 'lipstick', 'match', 'mobile phone', 'necklace', 'padlock', 'paintbrush', 'paper towel', 'park bench', 'pill bottle', 'pillow', 'plastic bag', 'plunger', 'power drill', 'printer', 'racket', 'ruler', 'safety pin', 'salt shaker', 'sandal', 'screw', 'shovel', 'space heater', 'spatula', 'speaker', 'strainer', 'sunglasses', 'teddy bear', 'television', 'umbrella', 'vase', 'wallet', 'waste container', 'water bottle', 'whistle']"
141172,6eda0f47adba444.png,100,screw,screw,23.163,1956838b340009dd,True,"['Band-Aid', 'T-shirt', 'backpack', 'banana', 'cleaver', 'clothes iron', 'coffee mug', 'computer mouse', 'digital watch', 'doormat', 'dumbbell', 'envelope', 'hair dryer', 'hammer', 'lampshade', 'lemon', 'lipstick', 'match', 'mobile phone', 'necklace', 'padlock', 'paintbrush', 'paper towel', 'park bench', 'pill bottle', 'pillow', 'plastic bag', 'plunger', 'power drill', 'printer', 'racket', 'ruler', 'safety pin', 'salt shaker', 'sandal', 'screw', 'shovel', 'space heater', 'spatula', 'speaker', 'strainer', 'sunglasses', 'teddy bear', 'television', 'umbrella', 'vase', 'wallet', 'waste container', 'water bottle', 'whistle']"
137733,6f087b5880a844e.png,100,paintbrush,paintbrush,3.597,c57dbcb36fa6b802,True,"['Band-Aid', 'T-shirt', 'backpack', 'banana', 'cleaver', 'clothes iron', 'coffee mug', 'computer mouse', 'digital watch', 'doormat', 'dumbbell', 'envelope', 'hair dryer', 'hammer', 'lampshade', 'lemon', 'lipstick', 'match', 'mobile phone', 'necklace', 'padlock', 'paintbrush', 'paper towel', 'park bench', 'pill bottle', 'pillow', 'plastic bag', 'plunger', 'power drill', 'printer', 'racket', 'ruler', 'safety pin', 'salt shaker', 'sandal', 'screw', 'shovel', 'space heater', 'spatula', 'speaker', 'strainer', 'sunglasses', 'teddy bear', 'television', 'umbrella', 'vase', 'wallet', 'waste container', 'water bottle', 'whistle']"
137623,6fdf1d8b59f0404.png,100,lemon,lemon,10.02,4c213b4b7784da52,True,"['Band-Aid', 'T-shirt', 'backpack', 'banana', 'cleaver', 'clothes iron', 'coffee mug', 'computer mouse', 'digital watch', 'doormat', 'dumbbell', 'envelope', 'hair dryer', 'hammer', 'lampshade', 'lemon', 'lipstick', 'match', 'mobile phone', 'necklace', 'padlock', 'paintbrush', 'paper towel', 'park bench', 'pill bottle', 'pillow', 'plastic bag', 'plunger', 'power drill', 'printer', 'racket', 'ruler', 'safety pin', 'salt shaker', 'sandal', 'screw', 'shovel', 'space heater', 'spatula', 'speaker', 'strainer', 'sunglasses', 'teddy bear', 'television', 'umbrella', 'vase', 'wallet', 'waste container', 'water bottle', 'whistle']"
138031,7087416b0da9434.png,100,speaker,speaker,2.848,f18008e96146f179,True,"['Band-Aid', 'T-shirt', 'backpack', 'banana', 'cleaver', 'clothes iron', 'coffee mug', 'computer mouse', 'digital watch', 'doormat', 'dumbbell', 'envelope', 'hair dryer', 'hammer', 'lampshade', 'lemon', 'lipstick', 'match', 'mobile phone', 'necklace', 'padlock', 'paintbrush', 'paper towel', 'park bench', 'pill bottle', 'pillow', 'plastic bag', 'plunger', 'power drill', 'printer', 'racket', 'ruler', 'safety pin', 'salt shaker', 'sandal', 'screw', 'shovel', 'space heater', 'spatula', 'speaker', 'strainer', 'sunglasses', 'teddy bear', 'television', 'umbrella', 'vase', 'wallet', 'waste container', 'water bottle', 'whistle']"
151582,709eaaebfaee4e9.png,100,match,sandal,4.922,1213dd808071fcca,True,"['Band-Aid', 'T-shirt', 'backpack', 'banana', 'cleaver', 'clothes iron', 'coffee mug', 'computer mouse', 'digital watch', 'doormat', 'dumbbell', 'envelope', 'hair dryer', 'hammer', 'lampshade', 'lemon', 'lipstick', 'match', 'mobile phone', 'necklace', 'padlock', 'paintbrush', 'paper towel', 'park bench', 'pill bottle', 'pillow', 'plastic bag', 'plunger', 'power drill', 'printer', 'racket', 'ruler', 'safety pin', 'salt shaker', 'sandal', 'screw', 'shovel', 'space heater', 'spatula', 'speaker', 'strainer', 'sunglasses', 'teddy bear', 'television', 'umbrella', 'vase', 'wallet', 'waste container', 'water bottle', 'whistle']"
148797,714413d03a8845a.png,100,water bottle,water bottle,2.362,81c58a919d387c05,True,"['Band-Aid', 'T-shirt', 'backpack', 'banana', 'cleaver', 'clothes iron', 'coffee mug', 'computer mouse', 'digital watch', 'doormat', 'dumbbell', 'envelope', 'hair dryer', 'hammer', 'lampshade', 'lemon', 'lipstick', 'match', 'mobile phone', 'necklace', 'padlock', 'paintbrush', 'paper towel', 'park bench', 'pill bottle', 'pillow', 'plastic bag', 'plunger', 'power drill', 'printer', 'racket', 'ruler', 'safety pin', 'salt shaker', 'sandal', 'screw', 'shovel', 'space heater', 'spatula', 'speaker', 'strainer', 'sunglasses', 'teddy bear', 'television', 'umbrella', 'vase', 'wallet', 'waste container', 'water bottle', 'whistle']"
139842,71d4abb582de459.png,100,mobile phone,mobile phone,4.944,f18008e96146f179,True,"['Band-Aid', 'T-shirt', 'backpack', 'banana', 'cleaver', 'clothes iron', 'coffee mug', 'computer mouse', 'digital watch', 'doormat', 'dumbbell', 'envelope', 'hair dryer', 'hammer', 'lampshade', 'lemon', 'lipstick', 'match', 'mobile phone', 'necklace', 'padlock', 'paintbrush', 'paper towel', 'park bench', 'pill bottle', 'pillow', 'plastic bag', 'plunger', 'power drill', 'printer', 'racket', 'ruler', 'safety pin', 'salt shaker', 'sandal', 'screw', 'shovel', 'space heater', 'spatula', 'speaker', 'strainer', 'sunglasses', 'teddy bear', 'television', 'umbrella', 'vase', 'wallet', 'waste container', 'water bottle', 'whistle']"
134677,730b9e1c97144de.png,100,safety pin,safety pin,83.15,63a0c3827bb252e4,True,"['Band-Aid', 'T-shirt', 'backpack', 'banana', 'cleaver', 'clothes iron', 'coffee mug', 'computer mouse', 'digital watch', 'doormat', 'dumbbell', 'envelope', 'hair dryer', 'hammer', 'lampshade', 'lemon', 'lipstick', 'match', 'mobile phone', 'necklace', 'padlock', 'paintbrush', 'paper towel', 'park bench', 'pill bottle', 'pillow', 'plastic bag', 'plunger', 'power drill', 'printer', 'racket', 'ruler', 'safety pin', 'salt shaker', 'sandal', 'screw', 'shovel', 'space heater', 'spatula', 'speaker', 'strainer', 'sunglasses', 'teddy bear', 'television', 'umbrella', 'vase', 'wallet', 'waste container', 'water bottle', 'whistle']"
146720,731d0d88ad58409.png,100,digital watch,digital watch,7.337,a32d377ff1a69195,True,"['Band-Aid', 'T-shirt', 'backpack', 'banana', 'cleaver', 'clothes iron', 'coffee mug', 'computer mouse', 'digital watch', 'doormat', 'dumbbell', 'envelope', 'hair dryer', 'hammer', 'lampshade', 'lemon', 'lipstick', 'match', 'mobile phone', 'necklace', 'padlock', 'paintbrush', 'paper towel', 'park bench', 'pill bottle', 'pillow', 'plastic bag', 'plunger', 'power drill', 'printer', 'racket', 'ruler', 'safety pin', 'salt shaker', 'sandal', 'screw', 'shovel', 'space heater', 'spatula', 'speaker', 'strainer', 'sunglasses', 'teddy bear', 'television', 'umbrella', 'vase', 'wallet', 'waste container', 'water bottle', 'whistle']"
137426,73f3c94da79c429.png,100,sunglasses,whistle,3.866,c71a3b0c753e8922,True,"['Band-Aid', 'T-shirt', 'backpack', 'banana', 'cleaver', 'clothes iron', 'coffee mug', 'computer mouse', 'digital watch', 'doormat', 'dumbbell', 'envelope', 'hair dryer', 'hammer', 'lampshade', 'lemon', 'lipstick', 'match', 'mobile phone', 'necklace', 'padlock', 'paintbrush', 'paper towel', 'park bench', 'pill bottle', 'pillow', 'plastic bag', 'plunger', 'power drill', 'printer', 'racket', 'ruler', 'safety pin', 'salt shaker', 'sandal', 'screw', 'shovel', 'space heater', 'spatula', 'speaker', 'strainer', 'sunglasses', 'teddy bear', 'television', 'umbrella', 'vase', 'wallet', 'waste container', 'water bottle', 'whistle']"
135409,7577b23edd86418.png,100,backpack,backpack,3.3,a32d377ff1a69195,True,"['Band-Aid', 'T-shirt', 'backpack', 'banana', 'cleaver', 'clothes iron', 'coffee mug', 'computer mouse', 'digital watch', 'doormat', 'dumbbell', 'envelope', 'hair dryer', 'hammer', 'lampshade', 'lemon', 'lipstick', 'match', 'mobile phone', 'necklace', 'padlock', 'paintbrush', 'paper towel', 'park bench', 'pill bottle', 'pillow', 'plastic bag', 'plunger', 'power drill', 'printer', 'racket', 'ruler', 'safety pin', 'salt shaker', 'sandal', 'screw', 'shovel', 'space heater', 'spatula', 'speaker', 'strainer', 'sunglasses', 'teddy bear', 'television', 'umbrella', 'vase', 'wallet', 'waste container', 'water bottle', 'whistle']"
156455,758ec6711355427.png,100,ruler,ruler,7.597,755e02b542686c21,True,"['Band-Aid', 'T-shirt', 'backpack', 'banana', 'cleaver', 'clothes iron', 'coffee mug', 'computer mouse', 'digital watch', 'doormat', 'dumbbell', 'envelope', 'hair dryer', 'hammer', 'lampshade', 'lemon', 'lipstick', 'match', 'mobile phone', 'necklace', 'padlock', 'paintbrush', 'paper towel', 'park bench', 'pill bottle', 'pillow', 'plastic bag', 'plunger', 'power drill', 'printer', 'racket', 'ruler', 'safety pin', 'salt shaker', 'sandal', 'screw', 'shovel', 'space heater', 'spatula', 'speaker', 'strainer', 'sunglasses', 'teddy bear', 'television', 'umbrella', 'vase', 'wallet', 'waste container', 'water bottle', 'whistle']"
144856,75dfa3043080451.png,100,screw,screw,5.601,48e5bff94f5041e7,True,"['Band-Aid', 'T-shirt', 'backpack', 'banana', 'cleaver', 'clothes iron', 'coffee mug', 'computer mouse', 'digital watch', 'doormat', 'dumbbell', 'envelope', 'hair dryer', 'hammer', 'lampshade', 'lemon', 'lipstick', 'match', 'mobile phone', 'necklace', 'padlock', 'paintbrush', 'paper towel', 'park bench', 'pill bottle', 'pillow', 'plastic bag', 'plunger', 'power drill', 'printer', 'racket', 'ruler', 'safety pin', 'salt shaker', 'sandal', 'screw', 'shovel', 'space heater', 'spatula', 'speaker', 'strainer', 'sunglasses', 'teddy bear', 'television', 'umbrella', 'vase', 'wallet', 'waste container', 'water bottle', 'whistle']"
135188,75e6a1e28b6e44f.png,100,lemon,lemon,1.207,bcab73ed64bf3be5,True,"['Band-Aid', 'T-shirt', 'backpack', 'banana', 'cleaver', 'clothes iron', 'coffee mug', 'computer mouse', 'digital watch', 'doormat', 'dumbbell', 'envelope', 'hair dryer', 'hammer', 'lampshade', 'lemon', 'lipstick', 'match', 'mobile phone', 'necklace', 'padlock', 'paintbrush', 'paper towel', 'park bench', 'pill bottle', 'pillow', 'plastic bag', 'plunger', 'power drill', 'printer', 'racket', 'ruler', 'safety pin', 'salt shaker', 'sandal', 'screw', 'shovel', 'space heater', 'spatula', 'speaker', 'strainer', 'sunglasses', 'teddy bear', 'television', 'umbrella', 'vase', 'wallet', 'waste container', 'water bottle', 'whistle']"
161009,76fc3dbb9b7648b.png,100,banana,banana,3.904,1213dd808071fcca,True,"['Band-Aid', 'T-shirt', 'backpack', 'banana', 'cleaver', 'clothes iron', 'coffee mug', 'computer mouse', 'digital watch', 'doormat', 'dumbbell', 'envelope', 'hair dryer', 'hammer', 'lampshade', 'lemon', 'lipstick', 'match', 'mobile phone', 'necklace', 'padlock', 'paintbrush', 'paper towel', 'park bench', 'pill bottle', 'pillow', 'plastic bag', 'plunger', 'power drill', 'printer', 'racket', 'ruler', 'safety pin', 'salt shaker', 'sandal', 'screw', 'shovel', 'space heater', 'spatula', 'speaker', 'strainer', 'sunglasses', 'teddy bear', 'television', 'umbrella', 'vase', 'wallet', 'waste container', 'water bottle', 'whistle']"
144968,780ec3760b344cc.png,100,banana,banana,2.937,3cb8ef5d9765dd28,True,"['Band-Aid', 'T-shirt', 'backpack', 'banana', 'cleaver', 'clothes iron', 'coffee mug', 'computer mouse', 'digital watch', 'doormat', 'dumbbell', 'envelope', 'hair dryer', 'hammer', 'lampshade', 'lemon', 'lipstick', 'match', 'mobile phone', 'necklace', 'padlock', 'paintbrush', 'paper towel', 'park bench', 'pill bottle', 'pillow', 'plastic bag', 'plunger', 'power drill', 'printer', 'racket', 'ruler', 'safety pin', 'salt shaker', 'sandal', 'screw', 'shovel', 'space heater', 'spatula', 'speaker', 'strainer', 'sunglasses', 'teddy bear', 'television', 'umbrella', 'vase', 'wallet', 'waste container', 'water bottle', 'whistle']"
134545,781fbdf24dc0436.png,100,pill bottle,pill bottle,16.335,33b1ed152b101b6f,True,"['Band-Aid', 'T-shirt', 'backpack', 'banana', 'cleaver', 'clothes iron', 'coffee mug', 'computer mouse', 'digital watch', 'doormat', 'dumbbell', 'envelope', 'hair dryer', 'hammer', 'lampshade', 'lemon', 'lipstick', 'match', 'mobile phone', 'necklace', 'padlock', 'paintbrush', 'paper towel', 'park bench', 'pill bottle', 'pillow', 'plastic bag', 'plunger', 'power drill', 'printer', 'racket', 'ruler', 'safety pin', 'salt shaker', 'sandal', 'screw', 'shovel', 'space heater', 'spatula', 'speaker', 'strainer', 'sunglasses', 'teddy bear', 'television', 'umbrella', 'vase', 'wallet', 'waste container', 'water bottle', 'whistle']"
137541,783fd722a73a40e.png,100,racket,racket,3.189,b3667292b757e945,True,"['Band-Aid', 'T-shirt', 'backpack', 'banana', 'cleaver', 'clothes iron', 'coffee mug', 'computer mouse', 'digital watch', 'doormat', 'dumbbell', 'envelope', 'hair dryer', 'hammer', 'lampshade', 'lemon', 'lipstick', 'match', 'mobile phone', 'necklace', 'padlock', 'paintbrush', 'paper towel', 'park bench', 'pill bottle', 'pillow', 'plastic bag', 'plunger', 'power drill', 'printer', 'racket', 'ruler', 'safety pin', 'salt shaker', 'sandal', 'screw', 'shovel', 'space heater', 'spatula', 'speaker', 'strainer', 'sunglasses', 'teddy bear', 'television', 'umbrella', 'vase', 'wallet', 'waste container', 'water bottle', 'whistle']"
135229,79e1363dfbef45f.png,100,strainer,strainer,8.227,8077bb818867f089,True,"['Band-Aid', 'T-shirt', 'backpack', 'banana', 'cleaver', 'clothes iron', 'coffee mug', 'computer mouse', 'digital watch', 'doormat', 'dumbbell', 'envelope', 'hair dryer', 'hammer', 'lampshade', 'lemon', 'lipstick', 'match', 'mobile phone', 'necklace', 'padlock', 'paintbrush', 'paper towel', 'park bench', 'pill bottle', 'pillow', 'plastic bag', 'plunger', 'power drill', 'printer', 'racket', 'ruler', 'safety pin', 'salt shaker', 'sandal', 'screw', 'shovel', 'space heater', 'spatula', 'speaker', 'strainer', 'sunglasses', 'teddy bear', 'television', 'umbrella', 'vase', 'wallet', 'waste container', 'water bottle', 'whistle']"
140219,7a767491f53d4d3.png,100,hammer,hammer,5.328,6f6457fd5e11ffd0,True,"['Band-Aid', 'T-shirt', 'backpack', 'banana', 'cleaver', 'clothes iron', 'coffee mug', 'computer mouse', 'digital watch', 'doormat', 'dumbbell', 'envelope', 'hair dryer', 'hammer', 'lampshade', 'lemon', 'lipstick', 'match', 'mobile phone', 'necklace', 'padlock', 'paintbrush', 'paper towel', 'park bench', 'pill bottle', 'pillow', 'plastic bag', 'plunger', 'power drill', 'printer', 'racket', 'ruler', 'safety pin', 'salt shaker', 'sandal', 'screw', 'shovel', 'space heater', 'spatula', 'speaker', 'strainer', 'sunglasses', 'teddy bear', 'television', 'umbrella', 'vase', 'wallet', 'waste container', 'water bottle', 'whistle']"
152575,7a8b528bffda486.png,100,safety pin,safety pin,5.801,14b1840c3dac7ba7,True,"['Band-Aid', 'T-shirt', 'backpack', 'banana', 'cleaver', 'clothes iron', 'coffee mug', 'computer mouse', 'digital watch', 'doormat', 'dumbbell', 'envelope', 'hair dryer', 'hammer', 'lampshade', 'lemon', 'lipstick', 'match', 'mobile phone', 'necklace', 'padlock', 'paintbrush', 'paper towel', 'park bench', 'pill bottle', 'pillow', 'plastic bag', 'plunger', 'power drill', 'printer', 'racket', 'ruler', 'safety pin', 'salt shaker', 'sandal', 'screw', 'shovel', 'space heater', 'spatula', 'speaker', 'strainer', 'sunglasses', 'teddy bear', 'television', 'umbrella', 'vase', 'wallet', 'waste container', 'water bottle', 'whistle']"
156789,7b9d86455c1e46e.png,100,computer mouse,computer mouse,4.561,808493a55016d050,True,"['Band-Aid', 'T-shirt', 'backpack', 'banana', 'cleaver', 'clothes iron', 'coffee mug', 'computer mouse', 'digital watch', 'doormat', 'dumbbell', 'envelope', 'hair dryer', 'hammer', 'lampshade', 'lemon', 'lipstick', 'match', 'mobile phone', 'necklace', 'padlock', 'paintbrush', 'paper towel', 'park bench', 'pill bottle', 'pillow', 'plastic bag', 'plunger', 'power drill', 'printer', 'racket', 'ruler', 'safety pin', 'salt shaker', 'sandal', 'screw', 'shovel', 'space heater', 'spatula', 'speaker', 'strainer', 'sunglasses', 'teddy bear', 'television', 'umbrella', 'vase', 'wallet', 'waste container', 'water bottle', 'whistle']"
134847,7c88847886eb41a.png,100,necklace,necklace,28.532,509f0e92782bdd37,True,"['Band-Aid', 'T-shirt', 'backpack', 'banana', 'cleaver', 'clothes iron', 'coffee mug', 'computer mouse', 'digital watch', 'doormat', 'dumbbell', 'envelope', 'hair dryer', 'hammer', 'lampshade', 'lemon', 'lipstick', 'match', 'mobile phone', 'necklace', 'padlock', 'paintbrush', 'paper towel', 'park bench', 'pill bottle', 'pillow', 'plastic bag', 'plunger', 'power drill', 'printer', 'racket', 'ruler', 'safety pin', 'salt shaker', 'sandal', 'screw', 'shovel', 'space heater', 'spatula', 'speaker', 'strainer', 'sunglasses', 'teddy bear', 'television', 'umbrella', 'vase', 'wallet', 'waste container', 'water bottle', 'whistle']"
153470,7cce9cfa6c15404.png,100,umbrella,umbrella,1.824,0855e3de7bf0736d,True,"['Band-Aid', 'T-shirt', 'backpack', 'banana', 'cleaver', 'clothes iron', 'coffee mug', 'computer mouse', 'digital watch', 'doormat', 'dumbbell', 'envelope', 'hair dryer', 'hammer', 'lampshade', 'lemon', 'lipstick', 'match', 'mobile phone', 'necklace', 'padlock', 'paintbrush', 'paper towel', 'park bench', 'pill bottle', 'pillow', 'plastic bag', 'plunger', 'power drill', 'printer', 'racket', 'ruler', 'safety pin', 'salt shaker', 'sandal', 'screw', 'shovel', 'space heater', 'spatula', 'speaker', 'strainer', 'sunglasses', 'teddy bear', 'television', 'umbrella', 'vase', 'wallet', 'waste container', 'water bottle', 'whistle']"
156652,7cea0c98451848e.png,100,lampshade,lampshade,2.878,d082e683fa0a456f,True,"['Band-Aid', 'T-shirt', 'backpack', 'banana', 'cleaver', 'clothes iron', 'coffee mug', 'computer mouse', 'digital watch', 'doormat', 'dumbbell', 'envelope', 'hair dryer', 'hammer', 'lampshade', 'lemon', 'lipstick', 'match', 'mobile phone', 'necklace', 'padlock', 'paintbrush', 'paper towel', 'park bench', 'pill bottle', 'pillow', 'plastic bag', 'plunger', 'power drill', 'printer', 'racket', 'ruler', 'safety pin', 'salt shaker', 'sandal', 'screw', 'shovel', 'space heater', 'spatula', 'speaker', 'strainer', 'sunglasses', 'teddy bear', 'television', 'umbrella', 'vase', 'wallet', 'waste container', 'water bottle', 'whistle']"
167968,7daf8c3584c8497.png,100,paintbrush,paintbrush,2.067,091ffad2600fd1e7,True,"['Band-Aid', 'T-shirt', 'backpack', 'banana', 'cleaver', 'clothes iron', 'coffee mug', 'computer mouse', 'digital watch', 'doormat', 'dumbbell', 'envelope', 'hair dryer', 'hammer', 'lampshade', 'lemon', 'lipstick', 'match', 'mobile phone', 'necklace', 'padlock', 'paintbrush', 'paper towel', 'park bench', 'pill bottle', 'pillow', 'plastic bag', 'plunger', 'power drill', 'printer', 'racket', 'ruler', 'safety pin', 'salt shaker', 'sandal', 'screw', 'shovel', 'space heater', 'spatula', 'speaker', 'strainer', 'sunglasses', 'teddy bear', 'television', 'umbrella', 'vase', 'wallet', 'waste container', 'water bottle', 'whistle']"
140351,7dfc5240acef4f9.png,100,sunglasses,sunglasses,4.803,b2d2ce93938a93bb,True,"['Band-Aid', 'T-shirt', 'backpack', 'banana', 'cleaver', 'clothes iron', 'coffee mug', 'computer mouse', 'digital watch', 'doormat', 'dumbbell', 'envelope', 'hair dryer', 'hammer', 'lampshade', 'lemon', 'lipstick', 'match', 'mobile phone', 'necklace', 'padlock', 'paintbrush', 'paper towel', 'park bench', 'pill bottle', 'pillow', 'plastic bag', 'plunger', 'power drill', 'printer', 'racket', 'ruler', 'safety pin', 'salt shaker', 'sandal', 'screw', 'shovel', 'space heater', 'spatula', 'speaker', 'strainer', 'sunglasses', 'teddy bear', 'television', 'umbrella', 'vase', 'wallet', 'waste container', 'water bottle', 'whistle']"
138460,7f13dd5c9ced442.png,100,doormat,doormat,1.845,42047cd7259fe45f,True,"['Band-Aid', 'T-shirt', 'backpack', 'banana', 'cleaver', 'clothes iron', 'coffee mug', 'computer mouse', 'digital watch', 'doormat', 'dumbbell', 'envelope', 'hair dryer', 'hammer', 'lampshade', 'lemon', 'lipstick', 'match', 'mobile phone', 'necklace', 'padlock', 'paintbrush', 'paper towel', 'park bench', 'pill bottle', 'pillow', 'plastic bag', 'plunger', 'power drill', 'printer', 'racket', 'ruler', 'safety pin', 'salt shaker', 'sandal', 'screw', 'shovel', 'space heater', 'spatula', 'speaker', 'strainer', 'sunglasses', 'teddy bear', 'television', 'umbrella', 'vase', 'wallet', 'waste container', 'water bottle', 'whistle']"
138469,7f4d2863b684432.png,100,power drill,power drill,69.317,b13493ba185a2204,True,"['Band-Aid', 'T-shirt', 'backpack', 'banana', 'cleaver', 'clothes iron', 'coffee mug', 'computer mouse', 'digital watch', 'doormat', 'dumbbell', 'envelope', 'hair dryer', 'hammer', 'lampshade', 'lemon', 'lipstick', 'match', 'mobile phone', 'necklace', 'padlock', 'paintbrush', 'paper towel', 'park bench', 'pill bottle', 'pillow', 'plastic bag', 'plunger', 'power drill', 'printer', 'racket', 'ruler', 'safety pin', 'salt shaker', 'sandal', 'screw', 'shovel', 'space heater', 'spatula', 'speaker', 'strainer', 'sunglasses', 'teddy bear', 'television', 'umbrella', 'vase', 'wallet', 'waste container', 'water bottle', 'whistle']"
140304,7fc538d7f008402.png,100,ruler,ruler,3.129,6245cf3a4900f3ef,True,"['Band-Aid', 'T-shirt', 'backpack', 'banana', 'cleaver', 'clothes iron', 'coffee mug', 'computer mouse', 'digital watch', 'doormat', 'dumbbell', 'envelope', 'hair dryer', 'hammer', 'lampshade', 'lemon', 'lipstick', 'match', 'mobile phone', 'necklace', 'padlock', 'paintbrush', 'paper towel', 'park bench', 'pill bottle', 'pillow', 'plastic bag', 'plunger', 'power drill', 'printer', 'racket', 'ruler', 'safety pin', 'salt shaker', 'sandal', 'screw', 'shovel', 'space heater', 'spatula', 'speaker', 'strainer', 'sunglasses', 'teddy bear', 'television', 'umbrella', 'vase', 'wallet', 'waste container', 'water bottle', 'whistle']"
141892,803d196c89d8423.png,100,digital watch,digital watch,29.755,b1ef339e0dd50051,True,"['Band-Aid', 'T-shirt', 'backpack', 'banana', 'cleaver', 'clothes iron', 'coffee mug', 'computer mouse', 'digital watch', 'doormat', 'dumbbell', 'envelope', 'hair dryer', 'hammer', 'lampshade', 'lemon', 'lipstick', 'match', 'mobile phone', 'necklace', 'padlock', 'paintbrush', 'paper towel', 'park bench', 'pill bottle', 'pillow', 'plastic bag', 'plunger', 'power drill', 'printer', 'racket', 'ruler', 'safety pin', 'salt shaker', 'sandal', 'screw', 'shovel', 'space heater', 'spatula', 'speaker', 'strainer', 'sunglasses', 'teddy bear', 'television', 'umbrella', 'vase', 'wallet', 'waste container', 'water bottle', 'whistle']"
141957,80d55c40ad4d46b.png,100,necklace,necklace,2.139,ebee8d1e6bc74afd,True,"['Band-Aid', 'T-shirt', 'backpack', 'banana', 'cleaver', 'clothes iron', 'coffee mug', 'computer mouse', 'digital watch', 'doormat', 'dumbbell', 'envelope', 'hair dryer', 'hammer', 'lampshade', 'lemon', 'lipstick', 'match', 'mobile phone', 'necklace', 'padlock', 'paintbrush', 'paper towel', 'park bench', 'pill bottle', 'pillow', 'plastic bag', 'plunger', 'power drill', 'printer', 'racket', 'ruler', 'safety pin', 'salt shaker', 'sandal', 'screw', 'shovel', 'space heater', 'spatula', 'speaker', 'strainer', 'sunglasses', 'teddy bear', 'television', 'umbrella', 'vase', 'wallet', 'waste container', 'water bottle', 'whistle']"
135008,8118909ed22442d.png,100,lemon,lemon,11.698,db71f3bdb025e3bd,True,"['Band-Aid', 'T-shirt', 'backpack', 'banana', 'cleaver', 'clothes iron', 'coffee mug', 'computer mouse', 'digital watch', 'doormat', 'dumbbell', 'envelope', 'hair dryer', 'hammer', 'lampshade', 'lemon', 'lipstick', 'match', 'mobile phone', 'necklace', 'padlock', 'paintbrush', 'paper towel', 'park bench', 'pill bottle', 'pillow', 'plastic bag', 'plunger', 'power drill', 'printer', 'racket', 'ruler', 'safety pin', 'salt shaker', 'sandal', 'screw', 'shovel', 'space heater', 'spatula', 'speaker', 'strainer', 'sunglasses', 'teddy bear', 'television', 'umbrella', 'vase', 'wallet', 'waste container', 'water bottle', 'whistle']"
138395,813c7a77acfd476.png,100,sandal,sandal,7.115,1d3845f3d9b313d5,True,"['Band-Aid', 'T-shirt', 'backpack', 'banana', 'cleaver', 'clothes iron', 'coffee mug', 'computer mouse', 'digital watch', 'doormat', 'dumbbell', 'envelope', 'hair dryer', 'hammer', 'lampshade', 'lemon', 'lipstick', 'match', 'mobile phone', 'necklace', 'padlock', 'paintbrush', 'paper towel', 'park bench', 'pill bottle', 'pillow', 'plastic bag', 'plunger', 'power drill', 'printer', 'racket', 'ruler', 'safety pin', 'salt shaker', 'sandal', 'screw', 'shovel', 'space heater', 'spatula', 'speaker', 'strainer', 'sunglasses', 'teddy bear', 'television', 'umbrella', 'vase', 'wallet', 'waste container', 'water bottle', 'whistle']"
138453,81eb385542a94fc.png,100,clothes iron,clothes iron,3.485,8ba912adb9fe83d6,True,"['Band-Aid', 'T-shirt', 'backpack', 'banana', 'cleaver', 'clothes iron', 'coffee mug', 'computer mouse', 'digital watch', 'doormat', 'dumbbell', 'envelope', 'hair dryer', 'hammer', 'lampshade', 'lemon', 'lipstick', 'match', 'mobile phone', 'necklace', 'padlock', 'paintbrush', 'paper towel', 'park bench', 'pill bottle', 'pillow', 'plastic bag', 'plunger', 'power drill', 'printer', 'racket', 'ruler', 'safety pin', 'salt shaker', 'sandal', 'screw', 'shovel', 'space heater', 'spatula', 'speaker', 'strainer', 'sunglasses', 'teddy bear', 'television', 'umbrella', 'vase', 'wallet', 'waste container', 'water bottle', 'whistle']"
170796,8266429b9d26483.png,100,speaker,speaker,1.746,a8ccdc7feb37c68d,True,"['Band-Aid', 'T-shirt', 'backpack', 'banana', 'cleaver', 'clothes iron', 'coffee mug', 'computer mouse', 'digital watch', 'doormat', 'dumbbell', 'envelope', 'hair dryer', 'hammer', 'lampshade', 'lemon', 'lipstick', 'match', 'mobile phone', 'necklace', 'padlock', 'paintbrush', 'paper towel', 'park bench', 'pill bottle', 'pillow', 'plastic bag', 'plunger', 'power drill', 'printer', 'racket', 'ruler', 'safety pin', 'salt shaker', 'sandal', 'screw', 'shovel', 'space heater', 'spatula', 'speaker', 'strainer', 'sunglasses', 'teddy bear', 'television', 'umbrella', 'vase', 'wallet', 'waste container', 'water bottle', 'whistle']"
149077,82b3b15930a3493.png,100,envelope,envelope,2.285,cf609473198ea909,True,"['Band-Aid', 'T-shirt', 'backpack', 'banana', 'cleaver', 'clothes iron', 'coffee mug', 'computer mouse', 'digital watch', 'doormat', 'dumbbell', 'envelope', 'hair dryer', 'hammer', 'lampshade', 'lemon', 'lipstick', 'match', 'mobile phone', 'necklace', 'padlock', 'paintbrush', 'paper towel', 'park bench', 'pill bottle', 'pillow', 'plastic bag', 'plunger', 'power drill', 'printer', 'racket', 'ruler', 'safety pin', 'salt shaker', 'sandal', 'screw', 'shovel', 'space heater', 'spatula', 'speaker', 'strainer', 'sunglasses', 'teddy bear', 'television', 'umbrella', 'vase', 'wallet', 'waste container', 'water bottle', 'whistle']"
134938,83361c17182c46f.png,100,water bottle,lampshade,2.017,5a818211fa2ca63e,True,"['Band-Aid', 'T-shirt', 'backpack', 'banana', 'cleaver', 'clothes iron', 'coffee mug', 'computer mouse', 'digital watch', 'doormat', 'dumbbell', 'envelope', 'hair dryer', 'hammer', 'lampshade', 'lemon', 'lipstick', 'match', 'mobile phone', 'necklace', 'padlock', 'paintbrush', 'paper towel', 'park bench', 'pill bottle', 'pillow', 'plastic bag', 'plunger', 'power drill', 'printer', 'racket', 'ruler', 'safety pin', 'salt shaker', 'sandal', 'screw', 'shovel', 'space heater', 'spatula', 'speaker', 'strainer', 'sunglasses', 'teddy bear', 'television', 'umbrella', 'vase', 'wallet', 'waste container', 'water bottle', 'whistle']"
174052,84d008b4e24a455.png,100,banana,banana,6.198,6b9fab9ff65e9aab,True,"['Band-Aid', 'T-shirt', 'backpack', 'banana', 'cleaver', 'clothes iron', 'coffee mug', 'computer mouse', 'digital watch', 'doormat', 'dumbbell', 'envelope', 'hair dryer', 'hammer', 'lampshade', 'lemon', 'lipstick', 'match', 'mobile phone', 'necklace', 'padlock', 'paintbrush', 'paper towel', 'park bench', 'pill bottle', 'pillow', 'plastic bag', 'plunger', 'power drill', 'printer', 'racket', 'ruler', 'safety pin', 'salt shaker', 'sandal', 'screw', 'shovel', 'space heater', 'spatula', 'speaker', 'strainer', 'sunglasses', 'teddy bear', 'television', 'umbrella', 'vase', 'wallet', 'waste container', 'water bottle', 'whistle']"
146419,84fd9e87d206425.png,100,T-shirt,T-shirt,1.75,02591e07ab79a6bb,True,"['Band-Aid', 'T-shirt', 'backpack', 'banana', 'cleaver', 'clothes iron', 'coffee mug', 'computer mouse', 'digital watch', 'doormat', 'dumbbell', 'envelope', 'hair dryer', 'hammer', 'lampshade', 'lemon', 'lipstick', 'match', 'mobile phone', 'necklace', 'padlock', 'paintbrush', 'paper towel', 'park bench', 'pill bottle', 'pillow', 'plastic bag', 'plunger', 'power drill', 'printer', 'racket', 'ruler', 'safety pin', 'salt shaker', 'sandal', 'screw', 'shovel', 'space heater', 'spatula', 'speaker', 'strainer', 'sunglasses', 'teddy bear', 'television', 'umbrella', 'vase', 'wallet', 'waste container', 'water bottle', 'whistle']"
138598,869d1d76227441f.png,100,digital watch,digital watch,4.326,a0f29f8e23687eef,True,"['Band-Aid', 'T-shirt', 'backpack', 'banana', 'cleaver', 'clothes iron', 'coffee mug', 'computer mouse', 'digital watch', 'doormat', 'dumbbell', 'envelope', 'hair dryer', 'hammer', 'lampshade', 'lemon', 'lipstick', 'match', 'mobile phone', 'necklace', 'padlock', 'paintbrush', 'paper towel', 'park bench', 'pill bottle', 'pillow', 'plastic bag', 'plunger', 'power drill', 'printer', 'racket', 'ruler', 'safety pin', 'salt shaker', 'sandal', 'screw', 'shovel', 'space heater', 'spatula', 'speaker', 'strainer', 'sunglasses', 'teddy bear', 'television', 'umbrella', 'vase', 'wallet', 'waste container', 'water bottle', 'whistle']"
152920,86b003b44fa14f7.png,100,whistle,pill bottle,6.951,db8701bb1d93133c,True,"['Band-Aid', 'T-shirt', 'backpack', 'banana', 'cleaver', 'clothes iron', 'coffee mug', 'computer mouse', 'digital watch', 'doormat', 'dumbbell', 'envelope', 'hair dryer', 'hammer', 'lampshade', 'lemon', 'lipstick', 'match', 'mobile phone', 'necklace', 'padlock', 'paintbrush', 'paper towel', 'park bench', 'pill bottle', 'pillow', 'plastic bag', 'plunger', 'power drill', 'printer', 'racket', 'ruler', 'safety pin', 'salt shaker', 'sandal', 'screw', 'shovel', 'space heater', 'spatula', 'speaker', 'strainer', 'sunglasses', 'teddy bear', 'television', 'umbrella', 'vase', 'wallet', 'waste container', 'water bottle', 'whistle']"
148697,87327bc974ac45a.png,100,match,lipstick,17.695,c9f58781138737e8,True,"['Band-Aid', 'T-shirt', 'backpack', 'banana', 'cleaver', 'clothes iron', 'coffee mug', 'computer mouse', 'digital watch', 'doormat', 'dumbbell', 'envelope', 'hair dryer', 'hammer', 'lampshade', 'lemon', 'lipstick', 'match', 'mobile phone', 'necklace', 'padlock', 'paintbrush', 'paper towel', 'park bench', 'pill bottle', 'pillow', 'plastic bag', 'plunger', 'power drill', 'printer', 'racket', 'ruler', 'safety pin', 'salt shaker', 'sandal', 'screw', 'shovel', 'space heater', 'spatula', 'speaker', 'strainer', 'sunglasses', 'teddy bear', 'television', 'umbrella', 'vase', 'wallet', 'waste container', 'water bottle', 'whistle']"
148398,887c5a94342e4cf.png,100,necklace,necklace,2.811,f18008e96146f179,True,"['Band-Aid', 'T-shirt', 'backpack', 'banana', 'cleaver', 'clothes iron', 'coffee mug', 'computer mouse', 'digital watch', 'doormat', 'dumbbell', 'envelope', 'hair dryer', 'hammer', 'lampshade', 'lemon', 'lipstick', 'match', 'mobile phone', 'necklace', 'padlock', 'paintbrush', 'paper towel', 'park bench', 'pill bottle', 'pillow', 'plastic bag', 'plunger', 'power drill', 'printer', 'racket', 'ruler', 'safety pin', 'salt shaker', 'sandal', 'screw', 'shovel', 'space heater', 'spatula', 'speaker', 'strainer', 'sunglasses', 'teddy bear', 'television', 'umbrella', 'vase', 'wallet', 'waste container', 'water bottle', 'whistle']"
137391,88d036c6677b42a.png,100,cleaver,cleaver,3.165,a0f29f8e23687eef,True,"['Band-Aid', 'T-shirt', 'backpack', 'banana', 'cleaver', 'clothes iron', 'coffee mug', 'computer mouse', 'digital watch', 'doormat', 'dumbbell', 'envelope', 'hair dryer', 'hammer', 'lampshade', 'lemon', 'lipstick', 'match', 'mobile phone', 'necklace', 'padlock', 'paintbrush', 'paper towel', 'park bench', 'pill bottle', 'pillow', 'plastic bag', 'plunger', 'power drill', 'printer', 'racket', 'ruler', 'safety pin', 'salt shaker', 'sandal', 'screw', 'shovel', 'space heater', 'spatula', 'speaker', 'strainer', 'sunglasses', 'teddy bear', 'television', 'umbrella', 'vase', 'wallet', 'waste container', 'water bottle', 'whistle']"
133588,8931ce3feb9841f.png,100,teddy bear,teddy bear,3.379,807ac53ac01af1a7,True,"['Band-Aid', 'T-shirt', 'backpack', 'banana', 'cleaver', 'clothes iron', 'coffee mug', 'computer mouse', 'digital watch', 'doormat', 'dumbbell', 'envelope', 'hair dryer', 'hammer', 'lampshade', 'lemon', 'lipstick', 'match', 'mobile phone', 'necklace', 'padlock', 'paintbrush', 'paper towel', 'park bench', 'pill bottle', 'pillow', 'plastic bag', 'plunger', 'power drill', 'printer', 'racket', 'ruler', 'safety pin', 'salt shaker', 'sandal', 'screw', 'shovel', 'space heater', 'spatula', 'speaker', 'strainer', 'sunglasses', 'teddy bear', 'television', 'umbrella', 'vase', 'wallet', 'waste container', 'water bottle', 'whistle']"
158607,893f12e46b7444d.png,100,umbrella,umbrella,14.977,0dad8e48637f46a3,True,"['Band-Aid', 'T-shirt', 'backpack', 'banana', 'cleaver', 'clothes iron', 'coffee mug', 'computer mouse', 'digital watch', 'doormat', 'dumbbell', 'envelope', 'hair dryer', 'hammer', 'lampshade', 'lemon', 'lipstick', 'match', 'mobile phone', 'necklace', 'padlock', 'paintbrush', 'paper towel', 'park bench', 'pill bottle', 'pillow', 'plastic bag', 'plunger', 'power drill', 'printer', 'racket', 'ruler', 'safety pin', 'salt shaker', 'sandal', 'screw', 'shovel', 'space heater', 'spatula', 'speaker', 'strainer', 'sunglasses', 'teddy bear', 'television', 'umbrella', 'vase', 'wallet', 'waste container', 'water bottle', 'whistle']"
149484,8969376cb287473.png,100,sandal,sandal,2.692,11717e35b2bfa9c7,True,"['Band-Aid', 'T-shirt', 'backpack', 'banana', 'cleaver', 'clothes iron', 'coffee mug', 'computer mouse', 'digital watch', 'doormat', 'dumbbell', 'envelope', 'hair dryer', 'hammer', 'lampshade', 'lemon', 'lipstick', 'match', 'mobile phone', 'necklace', 'padlock', 'paintbrush', 'paper towel', 'park bench', 'pill bottle', 'pillow', 'plastic bag', 'plunger', 'power drill', 'printer', 'racket', 'ruler', 'safety pin', 'salt shaker', 'sandal', 'screw', 'shovel', 'space heater', 'spatula', 'speaker', 'strainer', 'sunglasses', 'teddy bear', 'television', 'umbrella', 'vase', 'wallet', 'waste container', 'water bottle', 'whistle']"
133638,898e532b28b5445.png,100,screw,screw,3.379,48544b6b6914b63f,True,"['Band-Aid', 'T-shirt', 'backpack', 'banana', 'cleaver', 'clothes iron', 'coffee mug', 'computer mouse', 'digital watch', 'doormat', 'dumbbell', 'envelope', 'hair dryer', 'hammer', 'lampshade', 'lemon', 'lipstick', 'match', 'mobile phone', 'necklace', 'padlock', 'paintbrush', 'paper towel', 'park bench', 'pill bottle', 'pillow', 'plastic bag', 'plunger', 'power drill', 'printer', 'racket', 'ruler', 'safety pin', 'salt shaker', 'sandal', 'screw', 'shovel', 'space heater', 'spatula', 'speaker', 'strainer', 'sunglasses', 'teddy bear', 'television', 'umbrella', 'vase', 'wallet', 'waste container', 'water bottle', 'whistle']"
135235,8a24a8accbbc4d3.png,100,computer mouse,computer mouse,3.928,b0d045bc388a68e5,True,"['Band-Aid', 'T-shirt', 'backpack', 'banana', 'cleaver', 'clothes iron', 'coffee mug', 'computer mouse', 'digital watch', 'doormat', 'dumbbell', 'envelope', 'hair dryer', 'hammer', 'lampshade', 'lemon', 'lipstick', 'match', 'mobile phone', 'necklace', 'padlock', 'paintbrush', 'paper towel', 'park bench', 'pill bottle', 'pillow', 'plastic bag', 'plunger', 'power drill', 'printer', 'racket', 'ruler', 'safety pin', 'salt shaker', 'sandal', 'screw', 'shovel', 'space heater', 'spatula', 'speaker', 'strainer', 'sunglasses', 'teddy bear', 'television', 'umbrella', 'vase', 'wallet', 'waste container', 'water bottle', 'whistle']"
145220,8aaea7e369b343e.png,100,teddy bear,padlock,9.529,6417c8fbeba89d69,True,"['Band-Aid', 'T-shirt', 'backpack', 'banana', 'cleaver', 'clothes iron', 'coffee mug', 'computer mouse', 'digital watch', 'doormat', 'dumbbell', 'envelope', 'hair dryer', 'hammer', 'lampshade', 'lemon', 'lipstick', 'match', 'mobile phone', 'necklace', 'padlock', 'paintbrush', 'paper towel', 'park bench', 'pill bottle', 'pillow', 'plastic bag', 'plunger', 'power drill', 'printer', 'racket', 'ruler', 'safety pin', 'salt shaker', 'sandal', 'screw', 'shovel', 'space heater', 'spatula', 'speaker', 'strainer', 'sunglasses', 'teddy bear', 'television', 'umbrella', 'vase', 'wallet', 'waste container', 'water bottle', 'whistle']"
139118,8b1f3dbc70144b4.png,100,envelope,pillow,6.571,0bdc46306836aeab,True,"['Band-Aid', 'T-shirt', 'backpack', 'banana', 'cleaver', 'clothes iron', 'coffee mug', 'computer mouse', 'digital watch', 'doormat', 'dumbbell', 'envelope', 'hair dryer', 'hammer', 'lampshade', 'lemon', 'lipstick', 'match', 'mobile phone', 'necklace', 'padlock', 'paintbrush', 'paper towel', 'park bench', 'pill bottle', 'pillow', 'plastic bag', 'plunger', 'power drill', 'printer', 'racket', 'ruler', 'safety pin', 'salt shaker', 'sandal', 'screw', 'shovel', 'space heater', 'spatula', 'speaker', 'strainer', 'sunglasses', 'teddy bear', 'television', 'umbrella', 'vase', 'wallet', 'waste container', 'water bottle', 'whistle']"
133774,8b710e44bcec493.png,100,screw,screw,2.946,26d8ebaff544cf47,True,"['Band-Aid', 'T-shirt', 'backpack', 'banana', 'cleaver', 'clothes iron', 'coffee mug', 'computer mouse', 'digital watch', 'doormat', 'dumbbell', 'envelope', 'hair dryer', 'hammer', 'lampshade', 'lemon', 'lipstick', 'match', 'mobile phone', 'necklace', 'padlock', 'paintbrush', 'paper towel', 'park bench', 'pill bottle', 'pillow', 'plastic bag', 'plunger', 'power drill', 'printer', 'racket', 'ruler', 'safety pin', 'salt shaker', 'sandal', 'screw', 'shovel', 'space heater', 'spatula', 'speaker', 'strainer', 'sunglasses', 'teddy bear', 'television', 'umbrella', 'vase', 'wallet', 'waste container', 'water bottle', 'whistle']"
135180,8c13ee9077c5425.png,100,safety pin,vase,25.452,beb48f2ff9225f2e,True,"['Band-Aid', 'T-shirt', 'backpack', 'banana', 'cleaver', 'clothes iron', 'coffee mug', 'computer mouse', 'digital watch', 'doormat', 'dumbbell', 'envelope', 'hair dryer', 'hammer', 'lampshade', 'lemon', 'lipstick', 'match', 'mobile phone', 'necklace', 'padlock', 'paintbrush', 'paper towel', 'park bench', 'pill bottle', 'pillow', 'plastic bag', 'plunger', 'power drill', 'printer', 'racket', 'ruler', 'safety pin', 'salt shaker', 'sandal', 'screw', 'shovel', 'space heater', 'spatula', 'speaker', 'strainer', 'sunglasses', 'teddy bear', 'television', 'umbrella', 'vase', 'wallet', 'waste container', 'water bottle', 'whistle']"
146197,8c60a81e1f794b3.png,100,hammer,hammer,2.862,63a0c3827bb252e4,True,"['Band-Aid', 'T-shirt', 'backpack', 'banana', 'cleaver', 'clothes iron', 'coffee mug', 'computer mouse', 'digital watch', 'doormat', 'dumbbell', 'envelope', 'hair dryer', 'hammer', 'lampshade', 'lemon', 'lipstick', 'match', 'mobile phone', 'necklace', 'padlock', 'paintbrush', 'paper towel', 'park bench', 'pill bottle', 'pillow', 'plastic bag', 'plunger', 'power drill', 'printer', 'racket', 'ruler', 'safety pin', 'salt shaker', 'sandal', 'screw', 'shovel', 'space heater', 'spatula', 'speaker', 'strainer', 'sunglasses', 'teddy bear', 'television', 'umbrella', 'vase', 'wallet', 'waste container', 'water bottle', 'whistle']"
133716,8c8b612db5244d7.png,100,racket,racket,4.553,88f77d733608aed5,True,"['Band-Aid', 'T-shirt', 'backpack', 'banana', 'cleaver', 'clothes iron', 'coffee mug', 'computer mouse', 'digital watch', 'doormat', 'dumbbell', 'envelope', 'hair dryer', 'hammer', 'lampshade', 'lemon', 'lipstick', 'match', 'mobile phone', 'necklace', 'padlock', 'paintbrush', 'paper towel', 'park bench', 'pill bottle', 'pillow', 'plastic bag', 'plunger', 'power drill', 'printer', 'racket', 'ruler', 'safety pin', 'salt shaker', 'sandal', 'screw', 'shovel', 'space heater', 'spatula', 'speaker', 'strainer', 'sunglasses', 'teddy bear', 'television', 'umbrella', 'vase', 'wallet', 'waste container', 'water bottle', 'whistle']"
135222,8d22ab7bf0e14e4.png,100,lemon,lemon,2.258,8b4a6dec6203d3b7,True,"['Band-Aid', 'T-shirt', 'backpack', 'banana', 'cleaver', 'clothes iron', 'coffee mug', 'computer mouse', 'digital watch', 'doormat', 'dumbbell', 'envelope', 'hair dryer', 'hammer', 'lampshade', 'lemon', 'lipstick', 'match', 'mobile phone', 'necklace', 'padlock', 'paintbrush', 'paper towel', 'park bench', 'pill bottle', 'pillow', 'plastic bag', 'plunger', 'power drill', 'printer', 'racket', 'ruler', 'safety pin', 'salt shaker', 'sandal', 'screw', 'shovel', 'space heater', 'spatula', 'speaker', 'strainer', 'sunglasses', 'teddy bear', 'television', 'umbrella', 'vase', 'wallet', 'waste container', 'water bottle', 'whistle']"
143584,8dd14100215e475.png,100,water bottle,water bottle,1.317,03f52d2f38387b20,True,"['Band-Aid', 'T-shirt', 'backpack', 'banana', 'cleaver', 'clothes iron', 'coffee mug', 'computer mouse', 'digital watch', 'doormat', 'dumbbell', 'envelope', 'hair dryer', 'hammer', 'lampshade', 'lemon', 'lipstick', 'match', 'mobile phone', 'necklace', 'padlock', 'paintbrush', 'paper towel', 'park bench', 'pill bottle', 'pillow', 'plastic bag', 'plunger', 'power drill', 'printer', 'racket', 'ruler', 'safety pin', 'salt shaker', 'sandal', 'screw', 'shovel', 'space heater', 'spatula', 'speaker', 'strainer', 'sunglasses', 'teddy bear', 'television', 'umbrella', 'vase', 'wallet', 'waste container', 'water bottle', 'whistle']"
137581,8de4e46898374a8.png,100,coffee mug,coffee mug,1.784,3463275e7a82dc16,True,"['Band-Aid', 'T-shirt', 'backpack', 'banana', 'cleaver', 'clothes iron', 'coffee mug', 'computer mouse', 'digital watch', 'doormat', 'dumbbell', 'envelope', 'hair dryer', 'hammer', 'lampshade', 'lemon', 'lipstick', 'match', 'mobile phone', 'necklace', 'padlock', 'paintbrush', 'paper towel', 'park bench', 'pill bottle', 'pillow', 'plastic bag', 'plunger', 'power drill', 'printer', 'racket', 'ruler', 'safety pin', 'salt shaker', 'sandal', 'screw', 'shovel', 'space heater', 'spatula', 'speaker', 'strainer', 'sunglasses', 'teddy bear', 'television', 'umbrella', 'vase', 'wallet', 'waste container', 'water bottle', 'whistle']"
135395,8f037bce96a84ad.png,100,padlock,padlock,3.258,88f77d733608aed5,True,"['Band-Aid', 'T-shirt', 'backpack', 'banana', 'cleaver', 'clothes iron', 'coffee mug', 'computer mouse', 'digital watch', 'doormat', 'dumbbell', 'envelope', 'hair dryer', 'hammer', 'lampshade', 'lemon', 'lipstick', 'match', 'mobile phone', 'necklace', 'padlock', 'paintbrush', 'paper towel', 'park bench', 'pill bottle', 'pillow', 'plastic bag', 'plunger', 'power drill', 'printer', 'racket', 'ruler', 'safety pin', 'salt shaker', 'sandal', 'screw', 'shovel', 'space heater', 'spatula', 'speaker', 'strainer', 'sunglasses', 'teddy bear', 'television', 'umbrella', 'vase', 'wallet', 'waste container', 'water bottle', 'whistle']"
138300,8f73542ccb334b2.png,100,envelope,paper towel,6.698,19a4814912fbd3a0,True,"['Band-Aid', 'T-shirt', 'backpack', 'banana', 'cleaver', 'clothes iron', 'coffee mug', 'computer mouse', 'digital watch', 'doormat', 'dumbbell', 'envelope', 'hair dryer', 'hammer', 'lampshade', 'lemon', 'lipstick', 'match', 'mobile phone', 'necklace', 'padlock', 'paintbrush', 'paper towel', 'park bench', 'pill bottle', 'pillow', 'plastic bag', 'plunger', 'power drill', 'printer', 'racket', 'ruler', 'safety pin', 'salt shaker', 'sandal', 'screw', 'shovel', 'space heater', 'spatula', 'speaker', 'strainer', 'sunglasses', 'teddy bear', 'television', 'umbrella', 'vase', 'wallet', 'waste container', 'water bottle', 'whistle']"
140873,8f794df48e5a480.png,100,digital watch,digital watch,13.698,9cab4217e098176b,True,"['Band-Aid', 'T-shirt', 'backpack', 'banana', 'cleaver', 'clothes iron', 'coffee mug', 'computer mouse', 'digital watch', 'doormat', 'dumbbell', 'envelope', 'hair dryer', 'hammer', 'lampshade', 'lemon', 'lipstick', 'match', 'mobile phone', 'necklace', 'padlock', 'paintbrush', 'paper towel', 'park bench', 'pill bottle', 'pillow', 'plastic bag', 'plunger', 'power drill', 'printer', 'racket', 'ruler', 'safety pin', 'salt shaker', 'sandal', 'screw', 'shovel', 'space heater', 'spatula', 'speaker', 'strainer', 'sunglasses', 'teddy bear', 'television', 'umbrella', 'vase', 'wallet', 'waste container', 'water bottle', 'whistle']"
152011,8fcb00e6bf7347a.png,100,necklace,clothes iron,10.205,40ea3d36e396e7be,True,"['Band-Aid', 'T-shirt', 'backpack', 'banana', 'cleaver', 'clothes iron', 'coffee mug', 'computer mouse', 'digital watch', 'doormat', 'dumbbell', 'envelope', 'hair dryer', 'hammer', 'lampshade', 'lemon', 'lipstick', 'match', 'mobile phone', 'necklace', 'padlock', 'paintbrush', 'paper towel', 'park bench', 'pill bottle', 'pillow', 'plastic bag', 'plunger', 'power drill', 'printer', 'racket', 'ruler', 'safety pin', 'salt shaker', 'sandal', 'screw', 'shovel', 'space heater', 'spatula', 'speaker', 'strainer', 'sunglasses', 'teddy bear', 'television', 'umbrella', 'vase', 'wallet', 'waste container', 'water bottle', 'whistle']"
135370,906196b73fcf447.png,100,speaker,cleaver,8.914,d36b933bfde251c2,True,"['Band-Aid', 'T-shirt', 'backpack', 'banana', 'cleaver', 'clothes iron', 'coffee mug', 'computer mouse', 'digital watch', 'doormat', 'dumbbell', 'envelope', 'hair dryer', 'hammer', 'lampshade', 'lemon', 'lipstick', 'match', 'mobile phone', 'necklace', 'padlock', 'paintbrush', 'paper towel', 'park bench', 'pill bottle', 'pillow', 'plastic bag', 'plunger', 'power drill', 'printer', 'racket', 'ruler', 'safety pin', 'salt shaker', 'sandal', 'screw', 'shovel', 'space heater', 'spatula', 'speaker', 'strainer', 'sunglasses', 'teddy bear', 'television', 'umbrella', 'vase', 'wallet', 'waste container', 'water bottle', 'whistle']"
157978,90e4564833f044f.png,100,lemon,lemon,3.352,ce04470eaaa291ce,True,"['Band-Aid', 'T-shirt', 'backpack', 'banana', 'cleaver', 'clothes iron', 'coffee mug', 'computer mouse', 'digital watch', 'doormat', 'dumbbell', 'envelope', 'hair dryer', 'hammer', 'lampshade', 'lemon', 'lipstick', 'match', 'mobile phone', 'necklace', 'padlock', 'paintbrush', 'paper towel', 'park bench', 'pill bottle', 'pillow', 'plastic bag', 'plunger', 'power drill', 'printer', 'racket', 'ruler', 'safety pin', 'salt shaker', 'sandal', 'screw', 'shovel', 'space heater', 'spatula', 'speaker', 'strainer', 'sunglasses', 'teddy bear', 'television', 'umbrella', 'vase', 'wallet', 'waste container', 'water bottle', 'whistle']"
158184,92a056315bb54de.png,100,mobile phone,mobile phone,5.144,34955fead7914fb7,True,"['Band-Aid', 'T-shirt', 'backpack', 'banana', 'cleaver', 'clothes iron', 'coffee mug', 'computer mouse', 'digital watch', 'doormat', 'dumbbell', 'envelope', 'hair dryer', 'hammer', 'lampshade', 'lemon', 'lipstick', 'match', 'mobile phone', 'necklace', 'padlock', 'paintbrush', 'paper towel', 'park bench', 'pill bottle', 'pillow', 'plastic bag', 'plunger', 'power drill', 'printer', 'racket', 'ruler', 'safety pin', 'salt shaker', 'sandal', 'screw', 'shovel', 'space heater', 'spatula', 'speaker', 'strainer', 'sunglasses', 'teddy bear', 'television', 'umbrella', 'vase', 'wallet', 'waste container', 'water bottle', 'whistle']"
140819,92fde386b47d43f.png,100,banana,banana,4.621,6245cf3a4900f3ef,True,"['Band-Aid', 'T-shirt', 'backpack', 'banana', 'cleaver', 'clothes iron', 'coffee mug', 'computer mouse', 'digital watch', 'doormat', 'dumbbell', 'envelope', 'hair dryer', 'hammer', 'lampshade', 'lemon', 'lipstick', 'match', 'mobile phone', 'necklace', 'padlock', 'paintbrush', 'paper towel', 'park bench', 'pill bottle', 'pillow', 'plastic bag', 'plunger', 'power drill', 'printer', 'racket', 'ruler', 'safety pin', 'salt shaker', 'sandal', 'screw', 'shovel', 'space heater', 'spatula', 'speaker', 'strainer', 'sunglasses', 'teddy bear', 'television', 'umbrella', 'vase', 'wallet', 'waste container', 'water bottle', 'whistle']"
158249,9466b1699d4249e.png,100,sandal,sandal,4.002,8ab3d0750dca2e6d,True,"['Band-Aid', 'T-shirt', 'backpack', 'banana', 'cleaver', 'clothes iron', 'coffee mug', 'computer mouse', 'digital watch', 'doormat', 'dumbbell', 'envelope', 'hair dryer', 'hammer', 'lampshade', 'lemon', 'lipstick', 'match', 'mobile phone', 'necklace', 'padlock', 'paintbrush', 'paper towel', 'park bench', 'pill bottle', 'pillow', 'plastic bag', 'plunger', 'power drill', 'printer', 'racket', 'ruler', 'safety pin', 'salt shaker', 'sandal', 'screw', 'shovel', 'space heater', 'spatula', 'speaker', 'strainer', 'sunglasses', 'teddy bear', 'television', 'umbrella', 'vase', 'wallet', 'waste container', 'water bottle', 'whistle']"
147462,94ae596e705f4df.png,100,safety pin,safety pin,2.412,08638924a321b467,True,"['Band-Aid', 'T-shirt', 'backpack', 'banana', 'cleaver', 'clothes iron', 'coffee mug', 'computer mouse', 'digital watch', 'doormat', 'dumbbell', 'envelope', 'hair dryer', 'hammer', 'lampshade', 'lemon', 'lipstick', 'match', 'mobile phone', 'necklace', 'padlock', 'paintbrush', 'paper towel', 'park bench', 'pill bottle', 'pillow', 'plastic bag', 'plunger', 'power drill', 'printer', 'racket', 'ruler', 'safety pin', 'salt shaker', 'sandal', 'screw', 'shovel', 'space heater', 'spatula', 'speaker', 'strainer', 'sunglasses', 'teddy bear', 'television', 'umbrella', 'vase', 'wallet', 'waste container', 'water bottle', 'whistle']"
134078,959191271159488.png,100,digital watch,digital watch,2.165,abab57e2f531166c,True,"['Band-Aid', 'T-shirt', 'backpack', 'banana', 'cleaver', 'clothes iron', 'coffee mug', 'computer mouse', 'digital watch', 'doormat', 'dumbbell', 'envelope', 'hair dryer', 'hammer', 'lampshade', 'lemon', 'lipstick', 'match', 'mobile phone', 'necklace', 'padlock', 'paintbrush', 'paper towel', 'park bench', 'pill bottle', 'pillow', 'plastic bag', 'plunger', 'power drill', 'printer', 'racket', 'ruler', 'safety pin', 'salt shaker', 'sandal', 'screw', 'shovel', 'space heater', 'spatula', 'speaker', 'strainer', 'sunglasses', 'teddy bear', 'television', 'umbrella', 'vase', 'wallet', 'waste container', 'water bottle', 'whistle']"
135092,961f8df1a1a8471.png,100,banana,banana,3.786,8ab3d0750dca2e6d,True,"['Band-Aid', 'T-shirt', 'backpack', 'banana', 'cleaver', 'clothes iron', 'coffee mug', 'computer mouse', 'digital watch', 'doormat', 'dumbbell', 'envelope', 'hair dryer', 'hammer', 'lampshade', 'lemon', 'lipstick', 'match', 'mobile phone', 'necklace', 'padlock', 'paintbrush', 'paper towel', 'park bench', 'pill bottle', 'pillow', 'plastic bag', 'plunger', 'power drill', 'printer', 'racket', 'ruler', 'safety pin', 'salt shaker', 'sandal', 'screw', 'shovel', 'space heater', 'spatula', 'speaker', 'strainer', 'sunglasses', 'teddy bear', 'television', 'umbrella', 'vase', 'wallet', 'waste container', 'water bottle', 'whistle']"
148726,964301cd5783419.png,100,plastic bag,plastic bag,2.445,ea380039a0795dc7,True,"['Band-Aid', 'T-shirt', 'backpack', 'banana', 'cleaver', 'clothes iron', 'coffee mug', 'computer mouse', 'digital watch', 'doormat', 'dumbbell', 'envelope', 'hair dryer', 'hammer', 'lampshade', 'lemon', 'lipstick', 'match', 'mobile phone', 'necklace', 'padlock', 'paintbrush', 'paper towel', 'park bench', 'pill bottle', 'pillow', 'plastic bag', 'plunger', 'power drill', 'printer', 'racket', 'ruler', 'safety pin', 'salt shaker', 'sandal', 'screw', 'shovel', 'space heater', 'spatula', 'speaker', 'strainer', 'sunglasses', 'teddy bear', 'television', 'umbrella', 'vase', 'wallet', 'waste container', 'water bottle', 'whistle']"
140996,9690ea3721574e1.png,100,banana,paper towel,2.156,563d683567ba0b6a,True,"['Band-Aid', 'T-shirt', 'backpack', 'banana', 'cleaver', 'clothes iron', 'coffee mug', 'computer mouse', 'digital watch', 'doormat', 'dumbbell', 'envelope', 'hair dryer', 'hammer', 'lampshade', 'lemon', 'lipstick', 'match', 'mobile phone', 'necklace', 'padlock', 'paintbrush', 'paper towel', 'park bench', 'pill bottle', 'pillow', 'plastic bag', 'plunger', 'power drill', 'printer', 'racket', 'ruler', 'safety pin', 'salt shaker', 'sandal', 'screw', 'shovel', 'space heater', 'spatula', 'speaker', 'strainer', 'sunglasses', 'teddy bear', 'television', 'umbrella', 'vase', 'wallet', 'waste container', 'water bottle', 'whistle']"
156528,9698a4dd1e544b8.png,100,umbrella,umbrella,2.564,0aa3e4eb1123960f,True,"['Band-Aid', 'T-shirt', 'backpack', 'banana', 'cleaver', 'clothes iron', 'coffee mug', 'computer mouse', 'digital watch', 'doormat', 'dumbbell', 'envelope', 'hair dryer', 'hammer', 'lampshade', 'lemon', 'lipstick', 'match', 'mobile phone', 'necklace', 'padlock', 'paintbrush', 'paper towel', 'park bench', 'pill bottle', 'pillow', 'plastic bag', 'plunger', 'power drill', 'printer', 'racket', 'ruler', 'safety pin', 'salt shaker', 'sandal', 'screw', 'shovel', 'space heater', 'spatula', 'speaker', 'strainer', 'sunglasses', 'teddy bear', 'television', 'umbrella', 'vase', 'wallet', 'waste container', 'water bottle', 'whistle']"
151034,96ce799d9a074c3.png,100,necklace,necklace,2.934,d89cfac324f0e406,True,"['Band-Aid', 'T-shirt', 'backpack', 'banana', 'cleaver', 'clothes iron', 'coffee mug', 'computer mouse', 'digital watch', 'doormat', 'dumbbell', 'envelope', 'hair dryer', 'hammer', 'lampshade', 'lemon', 'lipstick', 'match', 'mobile phone', 'necklace', 'padlock', 'paintbrush', 'paper towel', 'park bench', 'pill bottle', 'pillow', 'plastic bag', 'plunger', 'power drill', 'printer', 'racket', 'ruler', 'safety pin', 'salt shaker', 'sandal', 'screw', 'shovel', 'space heater', 'spatula', 'speaker', 'strainer', 'sunglasses', 'teddy bear', 'television', 'umbrella', 'vase', 'wallet', 'waste container', 'water bottle', 'whistle']"
155357,9892f46acb9646f.png,100,water bottle,water bottle,1.908,f6e367f1760ce50a,True,"['Band-Aid', 'T-shirt', 'backpack', 'banana', 'cleaver', 'clothes iron', 'coffee mug', 'computer mouse', 'digital watch', 'doormat', 'dumbbell', 'envelope', 'hair dryer', 'hammer', 'lampshade', 'lemon', 'lipstick', 'match', 'mobile phone', 'necklace', 'padlock', 'paintbrush', 'paper towel', 'park bench', 'pill bottle', 'pillow', 'plastic bag', 'plunger', 'power drill', 'printer', 'racket', 'ruler', 'safety pin', 'salt shaker', 'sandal', 'screw', 'shovel', 'space heater', 'spatula', 'speaker', 'strainer', 'sunglasses', 'teddy bear', 'television', 'umbrella', 'vase', 'wallet', 'waste container', 'water bottle', 'whistle']"
161840,99b1ec72a4c24e8.png,100,necklace,necklace,2.282,e10aed2a1a8e51cf,True,"['Band-Aid', 'T-shirt', 'backpack', 'banana', 'cleaver', 'clothes iron', 'coffee mug', 'computer mouse', 'digital watch', 'doormat', 'dumbbell', 'envelope', 'hair dryer', 'hammer', 'lampshade', 'lemon', 'lipstick', 'match', 'mobile phone', 'necklace', 'padlock', 'paintbrush', 'paper towel', 'park bench', 'pill bottle', 'pillow', 'plastic bag', 'plunger', 'power drill', 'printer', 'racket', 'ruler', 'safety pin', 'salt shaker', 'sandal', 'screw', 'shovel', 'space heater', 'spatula', 'speaker', 'strainer', 'sunglasses', 'teddy bear', 'television', 'umbrella', 'vase', 'wallet', 'waste container', 'water bottle', 'whistle']"
174720,99c0dbce95e9445.png,100,pill bottle,pill bottle,2.691,6417c8fbeba89d69,True,"['Band-Aid', 'T-shirt', 'backpack', 'banana', 'cleaver', 'clothes iron', 'coffee mug', 'computer mouse', 'digital watch', 'doormat', 'dumbbell', 'envelope', 'hair dryer', 'hammer', 'lampshade', 'lemon', 'lipstick', 'match', 'mobile phone', 'necklace', 'padlock', 'paintbrush', 'paper towel', 'park bench', 'pill bottle', 'pillow', 'plastic bag', 'plunger', 'power drill', 'printer', 'racket', 'ruler', 'safety pin', 'salt shaker', 'sandal', 'screw', 'shovel', 'space heater', 'spatula', 'speaker', 'strainer', 'sunglasses', 'teddy bear', 'television', 'umbrella', 'vase', 'wallet', 'waste container', 'water bottle', 'whistle']"
134110,99d63339a028472.png,100,safety pin,safety pin,2.16,eed9c4d7ab6386a5,True,"['Band-Aid', 'T-shirt', 'backpack', 'banana', 'cleaver', 'clothes iron', 'coffee mug', 'computer mouse', 'digital watch', 'doormat', 'dumbbell', 'envelope', 'hair dryer', 'hammer', 'lampshade', 'lemon', 'lipstick', 'match', 'mobile phone', 'necklace', 'padlock', 'paintbrush', 'paper towel', 'park bench', 'pill bottle', 'pillow', 'plastic bag', 'plunger', 'power drill', 'printer', 'racket', 'ruler', 'safety pin', 'salt shaker', 'sandal', 'screw', 'shovel', 'space heater', 'spatula', 'speaker', 'strainer', 'sunglasses', 'teddy bear', 'television', 'umbrella', 'vase', 'wallet', 'waste container', 'water bottle', 'whistle']"
139449,9af3fa70d77a408.png,100,strainer,strainer,2.204,091ffad2600fd1e7,True,"['Band-Aid', 'T-shirt', 'backpack', 'banana', 'cleaver', 'clothes iron', 'coffee mug', 'computer mouse', 'digital watch', 'doormat', 'dumbbell', 'envelope', 'hair dryer', 'hammer', 'lampshade', 'lemon', 'lipstick', 'match', 'mobile phone', 'necklace', 'padlock', 'paintbrush', 'paper towel', 'park bench', 'pill bottle', 'pillow', 'plastic bag', 'plunger', 'power drill', 'printer', 'racket', 'ruler', 'safety pin', 'salt shaker', 'sandal', 'screw', 'shovel', 'space heater', 'spatula', 'speaker', 'strainer', 'sunglasses', 'teddy bear', 'television', 'umbrella', 'vase', 'wallet', 'waste container', 'water bottle', 'whistle']"
140526,9af957eb53934bb.png,100,banana,banana,7.387,788da5292bce6803,True,"['Band-Aid', 'T-shirt', 'backpack', 'banana', 'cleaver', 'clothes iron', 'coffee mug', 'computer mouse', 'digital watch', 'doormat', 'dumbbell', 'envelope', 'hair dryer', 'hammer', 'lampshade', 'lemon', 'lipstick', 'match', 'mobile phone', 'necklace', 'padlock', 'paintbrush', 'paper towel', 'park bench', 'pill bottle', 'pillow', 'plastic bag', 'plunger', 'power drill', 'printer', 'racket', 'ruler', 'safety pin', 'salt shaker', 'sandal', 'screw', 'shovel', 'space heater', 'spatula', 'speaker', 'strainer', 'sunglasses', 'teddy bear', 'television', 'umbrella', 'vase', 'wallet', 'waste container', 'water bottle', 'whistle']"
136187,9b79ce57c39b419.png,100,computer mouse,computer mouse,3.354,a1e7c21b55e1b487,True,"['Band-Aid', 'T-shirt', 'backpack', 'banana', 'cleaver', 'clothes iron', 'coffee mug', 'computer mouse', 'digital watch', 'doormat', 'dumbbell', 'envelope', 'hair dryer', 'hammer', 'lampshade', 'lemon', 'lipstick', 'match', 'mobile phone', 'necklace', 'padlock', 'paintbrush', 'paper towel', 'park bench', 'pill bottle', 'pillow', 'plastic bag', 'plunger', 'power drill', 'printer', 'racket', 'ruler', 'safety pin', 'salt shaker', 'sandal', 'screw', 'shovel', 'space heater', 'spatula', 'speaker', 'strainer', 'sunglasses', 'teddy bear', 'television', 'umbrella', 'vase', 'wallet', 'waste container', 'water bottle', 'whistle']"
136201,9bf6922fad484a0.png,100,paintbrush,cleaver,3.386,8ba317eb088c553d,True,"['Band-Aid', 'T-shirt', 'backpack', 'banana', 'cleaver', 'clothes iron', 'coffee mug', 'computer mouse', 'digital watch', 'doormat', 'dumbbell', 'envelope', 'hair dryer', 'hammer', 'lampshade', 'lemon', 'lipstick', 'match', 'mobile phone', 'necklace', 'padlock', 'paintbrush', 'paper towel', 'park bench', 'pill bottle', 'pillow', 'plastic bag', 'plunger', 'power drill', 'printer', 'racket', 'ruler', 'safety pin', 'salt shaker', 'sandal', 'screw', 'shovel', 'space heater', 'spatula', 'speaker', 'strainer', 'sunglasses', 'teddy bear', 'television', 'umbrella', 'vase', 'wallet', 'waste container', 'water bottle', 'whistle']"
157297,9c8d5c972abb48f.png,100,computer mouse,computer mouse,3.385,be34ded15dcf6e99,True,"['Band-Aid', 'T-shirt', 'backpack', 'banana', 'cleaver', 'clothes iron', 'coffee mug', 'computer mouse', 'digital watch', 'doormat', 'dumbbell', 'envelope', 'hair dryer', 'hammer', 'lampshade', 'lemon', 'lipstick', 'match', 'mobile phone', 'necklace', 'padlock', 'paintbrush', 'paper towel', 'park bench', 'pill bottle', 'pillow', 'plastic bag', 'plunger', 'power drill', 'printer', 'racket', 'ruler', 'safety pin', 'salt shaker', 'sandal', 'screw', 'shovel', 'space heater', 'spatula', 'speaker', 'strainer', 'sunglasses', 'teddy bear', 'television', 'umbrella', 'vase', 'wallet', 'waste container', 'water bottle', 'whistle']"
139360,9d19b4acb2034b9.png,100,racket,racket,2.226,f00ed54d165149a9,True,"['Band-Aid', 'T-shirt', 'backpack', 'banana', 'cleaver', 'clothes iron', 'coffee mug', 'computer mouse', 'digital watch', 'doormat', 'dumbbell', 'envelope', 'hair dryer', 'hammer', 'lampshade', 'lemon', 'lipstick', 'match', 'mobile phone', 'necklace', 'padlock', 'paintbrush', 'paper towel', 'park bench', 'pill bottle', 'pillow', 'plastic bag', 'plunger', 'power drill', 'printer', 'racket', 'ruler', 'safety pin', 'salt shaker', 'sandal', 'screw', 'shovel', 'space heater', 'spatula', 'speaker', 'strainer', 'sunglasses', 'teddy bear', 'television', 'umbrella', 'vase', 'wallet', 'waste container', 'water bottle', 'whistle']"
154892,9da78dfdd0514e0.png,100,necklace,necklace,14.732,9d616a3b1b25867b,True,"['Band-Aid', 'T-shirt', 'backpack', 'banana', 'cleaver', 'clothes iron', 'coffee mug', 'computer mouse', 'digital watch', 'doormat', 'dumbbell', 'envelope', 'hair dryer', 'hammer', 'lampshade', 'lemon', 'lipstick', 'match', 'mobile phone', 'necklace', 'padlock', 'paintbrush', 'paper towel', 'park bench', 'pill bottle', 'pillow', 'plastic bag', 'plunger', 'power drill', 'printer', 'racket', 'ruler', 'safety pin', 'salt shaker', 'sandal', 'screw', 'shovel', 'space heater', 'spatula', 'speaker', 'strainer', 'sunglasses', 'teddy bear', 'television', 'umbrella', 'vase', 'wallet', 'waste container', 'water bottle', 'whistle']"
136264,9e1a34eb11f748b.png,100,cleaver,cleaver,3.269,b4ee99a227e34250,True,"['Band-Aid', 'T-shirt', 'backpack', 'banana', 'cleaver', 'clothes iron', 'coffee mug', 'computer mouse', 'digital watch', 'doormat', 'dumbbell', 'envelope', 'hair dryer', 'hammer', 'lampshade', 'lemon', 'lipstick', 'match', 'mobile phone', 'necklace', 'padlock', 'paintbrush', 'paper towel', 'park bench', 'pill bottle', 'pillow', 'plastic bag', 'plunger', 'power drill', 'printer', 'racket', 'ruler', 'safety pin', 'salt shaker', 'sandal', 'screw', 'shovel', 'space heater', 'spatula', 'speaker', 'strainer', 'sunglasses', 'teddy bear', 'television', 'umbrella', 'vase', 'wallet', 'waste container', 'water bottle', 'whistle']"
178844,9e35cf6d64a1406.png,100,water bottle,waste container,8.477,db71f3bdb025e3bd,True,"['Band-Aid', 'T-shirt', 'backpack', 'banana', 'cleaver', 'clothes iron', 'coffee mug', 'computer mouse', 'digital watch', 'doormat', 'dumbbell', 'envelope', 'hair dryer', 'hammer', 'lampshade', 'lemon', 'lipstick', 'match', 'mobile phone', 'necklace', 'padlock', 'paintbrush', 'paper towel', 'park bench', 'pill bottle', 'pillow', 'plastic bag', 'plunger', 'power drill', 'printer', 'racket', 'ruler', 'safety pin', 'salt shaker', 'sandal', 'screw', 'shovel', 'space heater', 'spatula', 'speaker', 'strainer', 'sunglasses', 'teddy bear', 'television', 'umbrella', 'vase', 'wallet', 'waste container', 'water bottle', 'whistle']"
149000,9e87020f98074ae.png,100,water bottle,water bottle,2.032,2677d04c78917599,True,"['Band-Aid', 'T-shirt', 'backpack', 'banana', 'cleaver', 'clothes iron', 'coffee mug', 'computer mouse', 'digital watch', 'doormat', 'dumbbell', 'envelope', 'hair dryer', 'hammer', 'lampshade', 'lemon', 'lipstick', 'match', 'mobile phone', 'necklace', 'padlock', 'paintbrush', 'paper towel', 'park bench', 'pill bottle', 'pillow', 'plastic bag', 'plunger', 'power drill', 'printer', 'racket', 'ruler', 'safety pin', 'salt shaker', 'sandal', 'screw', 'shovel', 'space heater', 'spatula', 'speaker', 'strainer', 'sunglasses', 'teddy bear', 'television', 'umbrella', 'vase', 'wallet', 'waste container', 'water bottle', 'whistle']"
142641,9f341cb9abfe458.png,100,hammer,hammer,2.862,0ea6ad3493ac0b82,True,"['Band-Aid', 'T-shirt', 'backpack', 'banana', 'cleaver', 'clothes iron', 'coffee mug', 'computer mouse', 'digital watch', 'doormat', 'dumbbell', 'envelope', 'hair dryer', 'hammer', 'lampshade', 'lemon', 'lipstick', 'match', 'mobile phone', 'necklace', 'padlock', 'paintbrush', 'paper towel', 'park bench', 'pill bottle', 'pillow', 'plastic bag', 'plunger', 'power drill', 'printer', 'racket', 'ruler', 'safety pin', 'salt shaker', 'sandal', 'screw', 'shovel', 'space heater', 'spatula', 'speaker', 'strainer', 'sunglasses', 'teddy bear', 'television', 'umbrella', 'vase', 'wallet', 'waste container', 'water bottle', 'whistle']"
151189,9fb13a06f85944f.png,100,match,match,3.462,92b29c17612c5a4e,True,"['Band-Aid', 'T-shirt', 'backpack', 'banana', 'cleaver', 'clothes iron', 'coffee mug', 'computer mouse', 'digital watch', 'doormat', 'dumbbell', 'envelope', 'hair dryer', 'hammer', 'lampshade', 'lemon', 'lipstick', 'match', 'mobile phone', 'necklace', 'padlock', 'paintbrush', 'paper towel', 'park bench', 'pill bottle', 'pillow', 'plastic bag', 'plunger', 'power drill', 'printer', 'racket', 'ruler', 'safety pin', 'salt shaker', 'sandal', 'screw', 'shovel', 'space heater', 'spatula', 'speaker', 'strainer', 'sunglasses', 'teddy bear', 'television', 'umbrella', 'vase', 'wallet', 'waste container', 'water bottle', 'whistle']"
163839,9ff8605daf444ac.png,100,pill bottle,plunger,1.56,56ce4cf17bd89efa,True,"['Band-Aid', 'T-shirt', 'backpack', 'banana', 'cleaver', 'clothes iron', 'coffee mug', 'computer mouse', 'digital watch', 'doormat', 'dumbbell', 'envelope', 'hair dryer', 'hammer', 'lampshade', 'lemon', 'lipstick', 'match', 'mobile phone', 'necklace', 'padlock', 'paintbrush', 'paper towel', 'park bench', 'pill bottle', 'pillow', 'plastic bag', 'plunger', 'power drill', 'printer', 'racket', 'ruler', 'safety pin', 'salt shaker', 'sandal', 'screw', 'shovel', 'space heater', 'spatula', 'speaker', 'strainer', 'sunglasses', 'teddy bear', 'television', 'umbrella', 'vase', 'wallet', 'waste container', 'water bottle', 'whistle']"
136000,ILSVRC2012_val_00000109.JPEG,100,speaker,speaker,1.693,3386162c8d6012e5,False,"['Band-Aid', 'T-shirt', 'backpack', 'banana', 'cleaver', 'clothes iron', 'coffee mug', 'computer mouse', 'digital watch', 'doormat', 'dumbbell', 'envelope', 'hair dryer', 'hammer', 'lampshade', 'lemon', 'lipstick', 'match', 'mobile phone', 'necklace', 'padlock', 'paintbrush', 'paper towel', 'park bench', 'pill bottle', 'pillow', 'plastic bag', 'plunger', 'power drill', 'printer', 'racket', 'ruler', 'safety pin', 'salt shaker', 'sandal', 'screw', 'shovel', 'space heater', 'spatula', 'speaker', 'strainer', 'sunglasses', 'teddy bear', 'television', 'umbrella', 'vase', 'wallet', 'waste container', 'water bottle', 'whistle']"
139530,ILSVRC2012_val_00000112.JPEG,100,pill bottle,pill bottle,3.359,e59262cb6b569cdb,False,"['Band-Aid', 'T-shirt', 'backpack', 'banana', 'cleaver', 'clothes iron', 'coffee mug', 'computer mouse', 'digital watch', 'doormat', 'dumbbell', 'envelope', 'hair dryer', 'hammer', 'lampshade', 'lemon', 'lipstick', 'match', 'mobile phone', 'necklace', 'padlock', 'paintbrush', 'paper towel', 'park bench', 'pill bottle', 'pillow', 'plastic bag', 'plunger', 'power drill', 'printer', 'racket', 'ruler', 'safety pin', 'salt shaker', 'sandal', 'screw', 'shovel', 'space heater', 'spatula', 'speaker', 'strainer', 'sunglasses', 'teddy bear', 'television', 'umbrella', 'vase', 'wallet', 'waste container', 'water bottle', 'whistle']"
139534,ILSVRC2012_val_00000208.JPEG,100,clothes iron,clothes iron,11.214,face01bdcdb35bd8,False,"['Band-Aid', 'T-shirt', 'backpack', 'banana', 'cleaver', 'clothes iron', 'coffee mug', 'computer mouse', 'digital watch', 'doormat', 'dumbbell', 'envelope', 'hair dryer', 'hammer', 'lampshade', 'lemon', 'lipstick', 'match', 'mobile phone', 'necklace', 'padlock', 'paintbrush', 'paper towel', 'park bench', 'pill bottle', 'pillow', 'plastic bag', 'plunger', 'power drill', 'printer', 'racket', 'ruler', 'safety pin', 'salt shaker', 'sandal', 'screw', 'shovel', 'space heater', 'spatula', 'speaker', 'strainer', 'sunglasses', 'teddy bear', 'television', 'umbrella', 'vase', 'wallet', 'waste container', 'water bottle', 'whistle']"
151323,ILSVRC2012_val_00000219.JPEG,100,T-shirt,T-shirt,2.81,2a3fd7ad64116e4e,False,"['Band-Aid', 'T-shirt', 'backpack', 'banana', 'cleaver', 'clothes iron', 'coffee mug', 'computer mouse', 'digital watch', 'doormat', 'dumbbell', 'envelope', 'hair dryer', 'hammer', 'lampshade', 'lemon', 'lipstick', 'match', 'mobile phone', 'necklace', 'padlock', 'paintbrush', 'paper towel', 'park bench', 'pill bottle', 'pillow', 'plastic bag', 'plunger', 'power drill', 'printer', 'racket', 'ruler', 'safety pin', 'salt shaker', 'sandal', 'screw', 'shovel', 'space heater', 'spatula', 'speaker', 'strainer', 'sunglasses', 'teddy bear', 'television', 'umbrella', 'vase', 'wallet', 'waste container', 'water bottle', 'whistle']"
153252,ILSVRC2012_val_00000257.JPEG,100,mobile phone,wallet,33.623,face01bdcdb35bd8,False,"['Band-Aid', 'T-shirt', 'backpack', 'banana', 'cleaver', 'clothes iron', 'coffee mug', 'computer mouse', 'digital watch', 'doormat', 'dumbbell', 'envelope', 'hair dryer', 'hammer', 'lampshade', 'lemon', 'lipstick', 'match', 'mobile phone', 'necklace', 'padlock', 'paintbrush', 'paper towel', 'park bench', 'pill bottle', 'pillow', 'plastic bag', 'plunger', 'power drill', 'printer', 'racket', 'ruler', 'safety pin', 'salt shaker', 'sandal', 'screw', 'shovel', 'space heater', 'spatula', 'speaker', 'strainer', 'sunglasses', 'teddy bear', 'television', 'umbrella', 'vase', 'wallet', 'waste container', 'water bottle', 'whistle']"
142981,ILSVRC2012_val_00000265.JPEG,100,padlock,padlock,2.174,91939890003b7953,False,"['Band-Aid', 'T-shirt', 'backpack', 'banana', 'cleaver', 'clothes iron', 'coffee mug', 'computer mouse', 'digital watch', 'doormat', 'dumbbell', 'envelope', 'hair dryer', 'hammer', 'lampshade', 'lemon', 'lipstick', 'match', 'mobile phone', 'necklace', 'padlock', 'paintbrush', 'paper towel', 'park bench', 'pill bottle', 'pillow', 'plastic bag', 'plunger', 'power drill', 'printer', 'racket', 'ruler', 'safety pin', 'salt shaker', 'sandal', 'screw', 'shovel', 'space heater', 'spatula', 'speaker', 'strainer', 'sunglasses', 'teddy bear', 'television', 'umbrella', 'vase', 'wallet', 'waste container', 'water bottle', 'whistle']"
134058,ILSVRC2012_val_00000282.JPEG,100,T-shirt,doormat,7.297,a9a80b6b1346015a,False,"['Band-Aid', 'T-shirt', 'backpack', 'banana', 'cleaver', 'clothes iron', 'coffee mug', 'computer mouse', 'digital watch', 'doormat', 'dumbbell', 'envelope', 'hair dryer', 'hammer', 'lampshade', 'lemon', 'lipstick', 'match', 'mobile phone', 'necklace', 'padlock', 'paintbrush', 'paper towel', 'park bench', 'pill bottle', 'pillow', 'plastic bag', 'plunger', 'power drill', 'printer', 'racket', 'ruler', 'safety pin', 'salt shaker', 'sandal', 'screw', 'shovel', 'space heater', 'spatula', 'speaker', 'strainer', 'sunglasses', 'teddy bear', 'television', 'umbrella', 'vase', 'wallet', 'waste container', 'water bottle', 'whistle']"
140725,ILSVRC2012_val_00000339.JPEG,100,digital watch,digital watch,43.862,f70c3b3b113954f9,False,"['Band-Aid', 'T-shirt', 'backpack', 'banana', 'cleaver', 'clothes iron', 'coffee mug', 'computer mouse', 'digital watch', 'doormat', 'dumbbell', 'envelope', 'hair dryer', 'hammer', 'lampshade', 'lemon', 'lipstick', 'match', 'mobile phone', 'necklace', 'padlock', 'paintbrush', 'paper towel', 'park bench', 'pill bottle', 'pillow', 'plastic bag', 'plunger', 'power drill', 'printer', 'racket', 'ruler', 'safety pin', 'salt shaker', 'sandal', 'screw', 'shovel', 'space heater', 'spatula', 'speaker', 'strainer', 'sunglasses', 'teddy bear', 'television', 'umbrella', 'vase', 'wallet', 'waste container', 'water bottle', 'whistle']"
151099,ILSVRC2012_val_00000419.JPEG,100,envelope,envelope,2.89,129c4d421df97a80,False,"['Band-Aid', 'T-shirt', 'backpack', 'banana', 'cleaver', 'clothes iron', 'coffee mug', 'computer mouse', 'digital watch', 'doormat', 'dumbbell', 'envelope', 'hair dryer', 'hammer', 'lampshade', 'lemon', 'lipstick', 'match', 'mobile phone', 'necklace', 'padlock', 'paintbrush', 'paper towel', 'park bench', 'pill bottle', 'pillow', 'plastic bag', 'plunger', 'power drill', 'printer', 'racket', 'ruler', 'safety pin', 'salt shaker', 'sandal', 'screw', 'shovel', 'space heater', 'spatula', 'speaker', 'strainer', 'sunglasses', 'teddy bear', 'television', 'umbrella', 'vase', 'wallet', 'waste container', 'water bottle', 'whistle']"
136147,ILSVRC2012_val_00000427.JPEG,100,lampshade,lampshade,1.72,a5f7c98059b11680,False,"['Band-Aid', 'T-shirt', 'backpack', 'banana', 'cleaver', 'clothes iron', 'coffee mug', 'computer mouse', 'digital watch', 'doormat', 'dumbbell', 'envelope', 'hair dryer', 'hammer', 'lampshade', 'lemon', 'lipstick', 'match', 'mobile phone', 'necklace', 'padlock', 'paintbrush', 'paper towel', 'park bench', 'pill bottle', 'pillow', 'plastic bag', 'plunger', 'power drill', 'printer', 'racket', 'ruler', 'safety pin', 'salt shaker', 'sandal', 'screw', 'shovel', 'space heater', 'spatula', 'speaker', 'strainer', 'sunglasses', 'teddy bear', 'television', 'umbrella', 'vase', 'wallet', 'waste container', 'water bottle', 'whistle']"
145068,ILSVRC2012_val_00000451.JPEG,100,clothes iron,clothes iron,11.062,b3667292b757e945,False,"['Band-Aid', 'T-shirt', 'backpack', 'banana', 'cleaver', 'clothes iron', 'coffee mug', 'computer mouse', 'digital watch', 'doormat', 'dumbbell', 'envelope', 'hair dryer', 'hammer', 'lampshade', 'lemon', 'lipstick', 'match', 'mobile phone', 'necklace', 'padlock', 'paintbrush', 'paper towel', 'park bench', 'pill bottle', 'pillow', 'plastic bag', 'plunger', 'power drill', 'printer', 'racket', 'ruler', 'safety pin', 'salt shaker', 'sandal', 'screw', 'shovel', 'space heater', 'spatula', 'speaker', 'strainer', 'sunglasses', 'teddy bear', 'television', 'umbrella', 'vase', 'wallet', 'waste container', 'water bottle', 'whistle']"
139518,ILSVRC2012_val_00000602.JPEG,100,teddy bear,teddy bear,3.876,ac154fa2533bcb0b,False,"['Band-Aid', 'T-shirt', 'backpack', 'banana', 'cleaver', 'clothes iron', 'coffee mug', 'computer mouse', 'digital watch', 'doormat', 'dumbbell', 'envelope', 'hair dryer', 'hammer', 'lampshade', 'lemon', 'lipstick', 'match', 'mobile phone', 'necklace', 'padlock', 'paintbrush', 'paper towel', 'park bench', 'pill bottle', 'pillow', 'plastic bag', 'plunger', 'power drill', 'printer', 'racket', 'ruler', 'safety pin', 'salt shaker', 'sandal', 'screw', 'shovel', 'space heater', 'spatula', 'speaker', 'strainer', 'sunglasses', 'teddy bear', 'television', 'umbrella', 'vase', 'wallet', 'waste container', 'water bottle', 'whistle']"
144829,ILSVRC2012_val_00000640.JPEG,100,speaker,speaker,2.299,1a60aabaa8aaca83,False,"['Band-Aid', 'T-shirt', 'backpack', 'banana', 'cleaver', 'clothes iron', 'coffee mug', 'computer mouse', 'digital watch', 'doormat', 'dumbbell', 'envelope', 'hair dryer', 'hammer', 'lampshade', 'lemon', 'lipstick', 'match', 'mobile phone', 'necklace', 'padlock', 'paintbrush', 'paper towel', 'park bench', 'pill bottle', 'pillow', 'plastic bag', 'plunger', 'power drill', 'printer', 'racket', 'ruler', 'safety pin', 'salt shaker', 'sandal', 'screw', 'shovel', 'space heater', 'spatula', 'speaker', 'strainer', 'sunglasses', 'teddy bear', 'television', 'umbrella', 'vase', 'wallet', 'waste container', 'water bottle', 'whistle']"
149381,ILSVRC2012_val_00000895.JPEG,100,vase,vase,3.757,8e414fddfb4eddcf,False,"['Band-Aid', 'T-shirt', 'backpack', 'banana', 'cleaver', 'clothes iron', 'coffee mug', 'computer mouse', 'digital watch', 'doormat', 'dumbbell', 'envelope', 'hair dryer', 'hammer', 'lampshade', 'lemon', 'lipstick', 'match', 'mobile phone', 'necklace', 'padlock', 'paintbrush', 'paper towel', 'park bench', 'pill bottle', 'pillow', 'plastic bag', 'plunger', 'power drill', 'printer', 'racket', 'ruler', 'safety pin', 'salt shaker', 'sandal', 'screw', 'shovel', 'space heater', 'spatula', 'speaker', 'strainer', 'sunglasses', 'teddy bear', 'television', 'umbrella', 'vase', 'wallet', 'waste container', 'water bottle', 'whistle']"
136876,ILSVRC2012_val_00000984.JPEG,100,lipstick,pill bottle,2.997,c1176031f1cb761d,False,"['Band-Aid', 'T-shirt', 'backpack', 'banana', 'cleaver', 'clothes iron', 'coffee mug', 'computer mouse', 'digital watch', 'doormat', 'dumbbell', 'envelope', 'hair dryer', 'hammer', 'lampshade', 'lemon', 'lipstick', 'match', 'mobile phone', 'necklace', 'padlock', 'paintbrush', 'paper towel', 'park bench', 'pill bottle', 'pillow', 'plastic bag', 'plunger', 'power drill', 'printer', 'racket', 'ruler', 'safety pin', 'salt shaker', 'sandal', 'screw', 'shovel', 'space heater', 'spatula', 'speaker', 'strainer', 'sunglasses', 'teddy bear', 'television', 'umbrella', 'vase', 'wallet', 'waste container', 'water bottle', 'whistle']"
149707,ILSVRC2012_val_00001045.JPEG,100,dumbbell,dumbbell,1.383,03f52d2f38387b20,False,"['Band-Aid', 'T-shirt', 'backpack', 'banana', 'cleaver', 'clothes iron', 'coffee mug', 'computer mouse', 'digital watch', 'doormat', 'dumbbell', 'envelope', 'hair dryer', 'hammer', 'lampshade', 'lemon', 'lipstick', 'match', 'mobile phone', 'necklace', 'padlock', 'paintbrush', 'paper towel', 'park bench', 'pill bottle', 'pillow', 'plastic bag', 'plunger', 'power drill', 'printer', 'racket', 'ruler', 'safety pin', 'salt shaker', 'sandal', 'screw', 'shovel', 'space heater', 'spatula', 'speaker', 'strainer', 'sunglasses', 'teddy bear', 'television', 'umbrella', 'vase', 'wallet', 'waste container', 'water bottle', 'whistle']"
138569,ILSVRC2012_val_00001110.JPEG,100,hammer,T-shirt,8.776,53135735640507a9,False,"['Band-Aid', 'T-shirt', 'backpack', 'banana', 'cleaver', 'clothes iron', 'coffee mug', 'computer mouse', 'digital watch', 'doormat', 'dumbbell', 'envelope', 'hair dryer', 'hammer', 'lampshade', 'lemon', 'lipstick', 'match', 'mobile phone', 'necklace', 'padlock', 'paintbrush', 'paper towel', 'park bench', 'pill bottle', 'pillow', 'plastic bag', 'plunger', 'power drill', 'printer', 'racket', 'ruler', 'safety pin', 'salt shaker', 'sandal', 'screw', 'shovel', 'space heater', 'spatula', 'speaker', 'strainer', 'sunglasses', 'teddy bear', 'television', 'umbrella', 'vase', 'wallet', 'waste container', 'water bottle', 'whistle']"
152389,ILSVRC2012_val_00001134.JPEG,100,pill bottle,pill bottle,15.096,d345767e62f62ce1,False,"['Band-Aid', 'T-shirt', 'backpack', 'banana', 'cleaver', 'clothes iron', 'coffee mug', 'computer mouse', 'digital watch', 'doormat', 'dumbbell', 'envelope', 'hair dryer', 'hammer', 'lampshade', 'lemon', 'lipstick', 'match', 'mobile phone', 'necklace', 'padlock', 'paintbrush', 'paper towel', 'park bench', 'pill bottle', 'pillow', 'plastic bag', 'plunger', 'power drill', 'printer', 'racket', 'ruler', 'safety pin', 'salt shaker', 'sandal', 'screw', 'shovel', 'space heater', 'spatula', 'speaker', 'strainer', 'sunglasses', 'teddy bear', 'television', 'umbrella', 'vase', 'wallet', 'waste container', 'water bottle', 'whistle']"
136887,ILSVRC2012_val_00001139.JPEG,100,clothes iron,clothes iron,4.099,8ed7d9dae717093f,False,"['Band-Aid', 'T-shirt', 'backpack', 'banana', 'cleaver', 'clothes iron', 'coffee mug', 'computer mouse', 'digital watch', 'doormat', 'dumbbell', 'envelope', 'hair dryer', 'hammer', 'lampshade', 'lemon', 'lipstick', 'match', 'mobile phone', 'necklace', 'padlock', 'paintbrush', 'paper towel', 'park bench', 'pill bottle', 'pillow', 'plastic bag', 'plunger', 'power drill', 'printer', 'racket', 'ruler', 'safety pin', 'salt shaker', 'sandal', 'screw', 'shovel', 'space heater', 'spatula', 'speaker', 'strainer', 'sunglasses', 'teddy bear', 'television', 'umbrella', 'vase', 'wallet', 'waste container', 'water bottle', 'whistle']"
134355,ILSVRC2012_val_00001245.JPEG,100,whistle,whistle,2.222,4b9bf9075b5d9f64,False,"['Band-Aid', 'T-shirt', 'backpack', 'banana', 'cleaver', 'clothes iron', 'coffee mug', 'computer mouse', 'digital watch', 'doormat', 'dumbbell', 'envelope', 'hair dryer', 'hammer', 'lampshade', 'lemon', 'lipstick', 'match', 'mobile phone', 'necklace', 'padlock', 'paintbrush', 'paper towel', 'park bench', 'pill bottle', 'pillow', 'plastic bag', 'plunger', 'power drill', 'printer', 'racket', 'ruler', 'safety pin', 'salt shaker', 'sandal', 'screw', 'shovel', 'space heater', 'spatula', 'speaker', 'strainer', 'sunglasses', 'teddy bear', 'television', 'umbrella', 'vase', 'wallet', 'waste container', 'water bottle', 'whistle']"
158958,ILSVRC2012_val_00001276.JPEG,100,lipstick,lipstick,3.067,92b29c17612c5a4e,False,"['Band-Aid', 'T-shirt', 'backpack', 'banana', 'cleaver', 'clothes iron', 'coffee mug', 'computer mouse', 'digital watch', 'doormat', 'dumbbell', 'envelope', 'hair dryer', 'hammer', 'lampshade', 'lemon', 'lipstick', 'match', 'mobile phone', 'necklace', 'padlock', 'paintbrush', 'paper towel', 'park bench', 'pill bottle', 'pillow', 'plastic bag', 'plunger', 'power drill', 'printer', 'racket', 'ruler', 'safety pin', 'salt shaker', 'sandal', 'screw', 'shovel', 'space heater', 'spatula', 'speaker', 'strainer', 'sunglasses', 'teddy bear', 'television', 'umbrella', 'vase', 'wallet', 'waste container', 'water bottle', 'whistle']"
139396,ILSVRC2012_val_00001287.JPEG,100,dumbbell,dumbbell,56.271,ba3f2c754d783b20,False,"['Band-Aid', 'T-shirt', 'backpack', 'banana', 'cleaver', 'clothes iron', 'coffee mug', 'computer mouse', 'digital watch', 'doormat', 'dumbbell', 'envelope', 'hair dryer', 'hammer', 'lampshade', 'lemon', 'lipstick', 'match', 'mobile phone', 'necklace', 'padlock', 'paintbrush', 'paper towel', 'park bench', 'pill bottle', 'pillow', 'plastic bag', 'plunger', 'power drill', 'printer', 'racket', 'ruler', 'safety pin', 'salt shaker', 'sandal', 'screw', 'shovel', 'space heater', 'spatula', 'speaker', 'strainer', 'sunglasses', 'teddy bear', 'television', 'umbrella', 'vase', 'wallet', 'waste container', 'water bottle', 'whistle']"
169958,ILSVRC2012_val_00001501.JPEG,100,pillow,pillow,5.724,d91852489b657428,False,"['Band-Aid', 'T-shirt', 'backpack', 'banana', 'cleaver', 'clothes iron', 'coffee mug', 'computer mouse', 'digital watch', 'doormat', 'dumbbell', 'envelope', 'hair dryer', 'hammer', 'lampshade', 'lemon', 'lipstick', 'match', 'mobile phone', 'necklace', 'padlock', 'paintbrush', 'paper towel', 'park bench', 'pill bottle', 'pillow', 'plastic bag', 'plunger', 'power drill', 'printer', 'racket', 'ruler', 'safety pin', 'salt shaker', 'sandal', 'screw', 'shovel', 'space heater', 'spatula', 'speaker', 'strainer', 'sunglasses', 'teddy bear', 'television', 'umbrella', 'vase', 'wallet', 'waste container', 'water bottle', 'whistle']"
143495,ILSVRC2012_val_00001639.JPEG,100,screw,screw,41.634,f2374b79007f9de2,False,"['Band-Aid', 'T-shirt', 'backpack', 'banana', 'cleaver', 'clothes iron', 'coffee mug', 'computer mouse', 'digital watch', 'doormat', 'dumbbell', 'envelope', 'hair dryer', 'hammer', 'lampshade', 'lemon', 'lipstick', 'match', 'mobile phone', 'necklace', 'padlock', 'paintbrush', 'paper towel', 'park bench', 'pill bottle', 'pillow', 'plastic bag', 'plunger', 'power drill', 'printer', 'racket', 'ruler', 'safety pin', 'salt shaker', 'sandal', 'screw', 'shovel', 'space heater', 'spatula', 'speaker', 'strainer', 'sunglasses', 'teddy bear', 'television', 'umbrella', 'vase', 'wallet', 'waste container', 'water bottle', 'whistle']"
144630,ILSVRC2012_val_00001671.JPEG,100,lemon,lemon,6.038,bb98e9c3784f8b25,False,"['Band-Aid', 'T-shirt', 'backpack', 'banana', 'cleaver', 'clothes iron', 'coffee mug', 'computer mouse', 'digital watch', 'doormat', 'dumbbell', 'envelope', 'hair dryer', 'hammer', 'lampshade', 'lemon', 'lipstick', 'match', 'mobile phone', 'necklace', 'padlock', 'paintbrush', 'paper towel', 'park bench', 'pill bottle', 'pillow', 'plastic bag', 'plunger', 'power drill', 'printer', 'racket', 'ruler', 'safety pin', 'salt shaker', 'sandal', 'screw', 'shovel', 'space heater', 'spatula', 'speaker', 'strainer', 'sunglasses', 'teddy bear', 'television', 'umbrella', 'vase', 'wallet', 'waste container', 'water bottle', 'whistle']"
144727,ILSVRC2012_val_00001730.JPEG,100,power drill,power drill,65.544,af8895a205fe37db,False,"['Band-Aid', 'T-shirt', 'backpack', 'banana', 'cleaver', 'clothes iron', 'coffee mug', 'computer mouse', 'digital watch', 'doormat', 'dumbbell', 'envelope', 'hair dryer', 'hammer', 'lampshade', 'lemon', 'lipstick', 'match', 'mobile phone', 'necklace', 'padlock', 'paintbrush', 'paper towel', 'park bench', 'pill bottle', 'pillow', 'plastic bag', 'plunger', 'power drill', 'printer', 'racket', 'ruler', 'safety pin', 'salt shaker', 'sandal', 'screw', 'shovel', 'space heater', 'spatula', 'speaker', 'strainer', 'sunglasses', 'teddy bear', 'television', 'umbrella', 'vase', 'wallet', 'waste container', 'water bottle', 'whistle']"
134196,ILSVRC2012_val_00001833.JPEG,100,paper towel,paper towel,1.509,2765da6df642fdf0,False,"['Band-Aid', 'T-shirt', 'backpack', 'banana', 'cleaver', 'clothes iron', 'coffee mug', 'computer mouse', 'digital watch', 'doormat', 'dumbbell', 'envelope', 'hair dryer', 'hammer', 'lampshade', 'lemon', 'lipstick', 'match', 'mobile phone', 'necklace', 'padlock', 'paintbrush', 'paper towel', 'park bench', 'pill bottle', 'pillow', 'plastic bag', 'plunger', 'power drill', 'printer', 'racket', 'ruler', 'safety pin', 'salt shaker', 'sandal', 'screw', 'shovel', 'space heater', 'spatula', 'speaker', 'strainer', 'sunglasses', 'teddy bear', 'television', 'umbrella', 'vase', 'wallet', 'waste container', 'water bottle', 'whistle']"
136836,ILSVRC2012_val_00001878.JPEG,100,screw,screw,5.646,f78279d966147b38,False,"['Band-Aid', 'T-shirt', 'backpack', 'banana', 'cleaver', 'clothes iron', 'coffee mug', 'computer mouse', 'digital watch', 'doormat', 'dumbbell', 'envelope', 'hair dryer', 'hammer', 'lampshade', 'lemon', 'lipstick', 'match', 'mobile phone', 'necklace', 'padlock', 'paintbrush', 'paper towel', 'park bench', 'pill bottle', 'pillow', 'plastic bag', 'plunger', 'power drill', 'printer', 'racket', 'ruler', 'safety pin', 'salt shaker', 'sandal', 'screw', 'shovel', 'space heater', 'spatula', 'speaker', 'strainer', 'sunglasses', 'teddy bear', 'television', 'umbrella', 'vase', 'wallet', 'waste container', 'water bottle', 'whistle']"
147739,ILSVRC2012_val_00002065.JPEG,100,shovel,shovel,2.949,9658b49943a27105,False,"['Band-Aid', 'T-shirt', 'backpack', 'banana', 'cleaver', 'clothes iron', 'coffee mug', 'computer mouse', 'digital watch', 'doormat', 'dumbbell', 'envelope', 'hair dryer', 'hammer', 'lampshade', 'lemon', 'lipstick', 'match', 'mobile phone', 'necklace', 'padlock', 'paintbrush', 'paper towel', 'park bench', 'pill bottle', 'pillow', 'plastic bag', 'plunger', 'power drill', 'printer', 'racket', 'ruler', 'safety pin', 'salt shaker', 'sandal', 'screw', 'shovel', 'space heater', 'spatula', 'speaker', 'strainer', 'sunglasses', 'teddy bear', 'television', 'umbrella', 'vase', 'wallet', 'waste container', 'water bottle', 'whistle']"
164189,ILSVRC2012_val_00002098.JPEG,100,lemon,lemon,14.223,20a6f4de273d17df,False,"['Band-Aid', 'T-shirt', 'backpack', 'banana', 'cleaver', 'clothes iron', 'coffee mug', 'computer mouse', 'digital watch', 'doormat', 'dumbbell', 'envelope', 'hair dryer', 'hammer', 'lampshade', 'lemon', 'lipstick', 'match', 'mobile phone', 'necklace', 'padlock', 'paintbrush', 'paper towel', 'park bench', 'pill bottle', 'pillow', 'plastic bag', 'plunger', 'power drill', 'printer', 'racket', 'ruler', 'safety pin', 'salt shaker', 'sandal', 'screw', 'shovel', 'space heater', 'spatula', 'speaker', 'strainer', 'sunglasses', 'teddy bear', 'television', 'umbrella', 'vase', 'wallet', 'waste container', 'water bottle', 'whistle']"
153560,ILSVRC2012_val_00002115.JPEG,100,padlock,padlock,5.188,f1ad65c2e3807718,False,"['Band-Aid', 'T-shirt', 'backpack', 'banana', 'cleaver', 'clothes iron', 'coffee mug', 'computer mouse', 'digital watch', 'doormat', 'dumbbell', 'envelope', 'hair dryer', 'hammer', 'lampshade', 'lemon', 'lipstick', 'match', 'mobile phone', 'necklace', 'padlock', 'paintbrush', 'paper towel', 'park bench', 'pill bottle', 'pillow', 'plastic bag', 'plunger', 'power drill', 'printer', 'racket', 'ruler', 'safety pin', 'salt shaker', 'sandal', 'screw', 'shovel', 'space heater', 'spatula', 'speaker', 'strainer', 'sunglasses', 'teddy bear', 'television', 'umbrella', 'vase', 'wallet', 'waste container', 'water bottle', 'whistle']"
150067,ILSVRC2012_val_00002182.JPEG,100,T-shirt,T-shirt,4.85,be683167ace1f4b0,False,"['Band-Aid', 'T-shirt', 'backpack', 'banana', 'cleaver', 'clothes iron', 'coffee mug', 'computer mouse', 'digital watch', 'doormat', 'dumbbell', 'envelope', 'hair dryer', 'hammer', 'lampshade', 'lemon', 'lipstick', 'match', 'mobile phone', 'necklace', 'padlock', 'paintbrush', 'paper towel', 'park bench', 'pill bottle', 'pillow', 'plastic bag', 'plunger', 'power drill', 'printer', 'racket', 'ruler', 'safety pin', 'salt shaker', 'sandal', 'screw', 'shovel', 'space heater', 'spatula', 'speaker', 'strainer', 'sunglasses', 'teddy bear', 'television', 'umbrella', 'vase', 'wallet', 'waste container', 'water bottle', 'whistle']"
156364,ILSVRC2012_val_00002248.JPEG,100,T-shirt,T-shirt,3.765,799d440def7f5fe3,False,"['Band-Aid', 'T-shirt', 'backpack', 'banana', 'cleaver', 'clothes iron', 'coffee mug', 'computer mouse', 'digital watch', 'doormat', 'dumbbell', 'envelope', 'hair dryer', 'hammer', 'lampshade', 'lemon', 'lipstick', 'match', 'mobile phone', 'necklace', 'padlock', 'paintbrush', 'paper towel', 'park bench', 'pill bottle', 'pillow', 'plastic bag', 'plunger', 'power drill', 'printer', 'racket', 'ruler', 'safety pin', 'salt shaker', 'sandal', 'screw', 'shovel', 'space heater', 'spatula', 'speaker', 'strainer', 'sunglasses', 'teddy bear', 'television', 'umbrella', 'vase', 'wallet', 'waste container', 'water bottle', 'whistle']"
175506,ILSVRC2012_val_00002359.JPEG,100,speaker,speaker,2.115,c57dbcb36fa6b802,False,"['Band-Aid', 'T-shirt', 'backpack', 'banana', 'cleaver', 'clothes iron', 'coffee mug', 'computer mouse', 'digital watch', 'doormat', 'dumbbell', 'envelope', 'hair dryer', 'hammer', 'lampshade', 'lemon', 'lipstick', 'match', 'mobile phone', 'necklace', 'padlock', 'paintbrush', 'paper towel', 'park bench', 'pill bottle', 'pillow', 'plastic bag', 'plunger', 'power drill', 'printer', 'racket', 'ruler', 'safety pin', 'salt shaker', 'sandal', 'screw', 'shovel', 'space heater', 'spatula', 'speaker', 'strainer', 'sunglasses', 'teddy bear', 'television', 'umbrella', 'vase', 'wallet', 'waste container', 'water bottle', 'whistle']"
142803,ILSVRC2012_val_00002363.JPEG,100,lemon,lemon,4.106,8c4a93ed5379a20b,False,"['Band-Aid', 'T-shirt', 'backpack', 'banana', 'cleaver', 'clothes iron', 'coffee mug', 'computer mouse', 'digital watch', 'doormat', 'dumbbell', 'envelope', 'hair dryer', 'hammer', 'lampshade', 'lemon', 'lipstick', 'match', 'mobile phone', 'necklace', 'padlock', 'paintbrush', 'paper towel', 'park bench', 'pill bottle', 'pillow', 'plastic bag', 'plunger', 'power drill', 'printer', 'racket', 'ruler', 'safety pin', 'salt shaker', 'sandal', 'screw', 'shovel', 'space heater', 'spatula', 'speaker', 'strainer', 'sunglasses', 'teddy bear', 'television', 'umbrella', 'vase', 'wallet', 'waste container', 'water bottle', 'whistle']"
171238,ILSVRC2012_val_00002419.JPEG,100,lipstick,lipstick,2.653,5b892a96468ef990,False,"['Band-Aid', 'T-shirt', 'backpack', 'banana', 'cleaver', 'clothes iron', 'coffee mug', 'computer mouse', 'digital watch', 'doormat', 'dumbbell', 'envelope', 'hair dryer', 'hammer', 'lampshade', 'lemon', 'lipstick', 'match', 'mobile phone', 'necklace', 'padlock', 'paintbrush', 'paper towel', 'park bench', 'pill bottle', 'pillow', 'plastic bag', 'plunger', 'power drill', 'printer', 'racket', 'ruler', 'safety pin', 'salt shaker', 'sandal', 'screw', 'shovel', 'space heater', 'spatula', 'speaker', 'strainer', 'sunglasses', 'teddy bear', 'television', 'umbrella', 'vase', 'wallet', 'waste container', 'water bottle', 'whistle']"
147276,ILSVRC2012_val_00002458.JPEG,100,power drill,screw,1.78,c1f7ab282e109b68,False,"['Band-Aid', 'T-shirt', 'backpack', 'banana', 'cleaver', 'clothes iron', 'coffee mug', 'computer mouse', 'digital watch', 'doormat', 'dumbbell', 'envelope', 'hair dryer', 'hammer', 'lampshade', 'lemon', 'lipstick', 'match', 'mobile phone', 'necklace', 'padlock', 'paintbrush', 'paper towel', 'park bench', 'pill bottle', 'pillow', 'plastic bag', 'plunger', 'power drill', 'printer', 'racket', 'ruler', 'safety pin', 'salt shaker', 'sandal', 'screw', 'shovel', 'space heater', 'spatula', 'speaker', 'strainer', 'sunglasses', 'teddy bear', 'television', 'umbrella', 'vase', 'wallet', 'waste container', 'water bottle', 'whistle']"
142822,ILSVRC2012_val_00002545.JPEG,100,paper towel,paper towel,4.917,1b4ea904d4e8ca0b,False,"['Band-Aid', 'T-shirt', 'backpack', 'banana', 'cleaver', 'clothes iron', 'coffee mug', 'computer mouse', 'digital watch', 'doormat', 'dumbbell', 'envelope', 'hair dryer', 'hammer', 'lampshade', 'lemon', 'lipstick', 'match', 'mobile phone', 'necklace', 'padlock', 'paintbrush', 'paper towel', 'park bench', 'pill bottle', 'pillow', 'plastic bag', 'plunger', 'power drill', 'printer', 'racket', 'ruler', 'safety pin', 'salt shaker', 'sandal', 'screw', 'shovel', 'space heater', 'spatula', 'speaker', 'strainer', 'sunglasses', 'teddy bear', 'television', 'umbrella', 'vase', 'wallet', 'waste container', 'water bottle', 'whistle']"
143866,ILSVRC2012_val_00002577.JPEG,100,speaker,speaker,4.066,9d18ad4e72a69082,False,"['Band-Aid', 'T-shirt', 'backpack', 'banana', 'cleaver', 'clothes iron', 'coffee mug', 'computer mouse', 'digital watch', 'doormat', 'dumbbell', 'envelope', 'hair dryer', 'hammer', 'lampshade', 'lemon', 'lipstick', 'match', 'mobile phone', 'necklace', 'padlock', 'paintbrush', 'paper towel', 'park bench', 'pill bottle', 'pillow', 'plastic bag', 'plunger', 'power drill', 'printer', 'racket', 'ruler', 'safety pin', 'salt shaker', 'sandal', 'screw', 'shovel', 'space heater', 'spatula', 'speaker', 'strainer', 'sunglasses', 'teddy bear', 'television', 'umbrella', 'vase', 'wallet', 'waste container', 'water bottle', 'whistle']"
154933,ILSVRC2012_val_00002716.JPEG,100,padlock,padlock,4.804,c549f4fc5f246b95,False,"['Band-Aid', 'T-shirt', 'backpack', 'banana', 'cleaver', 'clothes iron', 'coffee mug', 'computer mouse', 'digital watch', 'doormat', 'dumbbell', 'envelope', 'hair dryer', 'hammer', 'lampshade', 'lemon', 'lipstick', 'match', 'mobile phone', 'necklace', 'padlock', 'paintbrush', 'paper towel', 'park bench', 'pill bottle', 'pillow', 'plastic bag', 'plunger', 'power drill', 'printer', 'racket', 'ruler', 'safety pin', 'salt shaker', 'sandal', 'screw', 'shovel', 'space heater', 'spatula', 'speaker', 'strainer', 'sunglasses', 'teddy bear', 'television', 'umbrella', 'vase', 'wallet', 'waste container', 'water bottle', 'whistle']"
154884,ILSVRC2012_val_00002808.JPEG,100,lampshade,lampshade,120.217,98850d51a34c88f4,False,"['Band-Aid', 'T-shirt', 'backpack', 'banana', 'cleaver', 'clothes iron', 'coffee mug', 'computer mouse', 'digital watch', 'doormat', 'dumbbell', 'envelope', 'hair dryer', 'hammer', 'lampshade', 'lemon', 'lipstick', 'match', 'mobile phone', 'necklace', 'padlock', 'paintbrush', 'paper towel', 'park bench', 'pill bottle', 'pillow', 'plastic bag', 'plunger', 'power drill', 'printer', 'racket', 'ruler', 'safety pin', 'salt shaker', 'sandal', 'screw', 'shovel', 'space heater', 'spatula', 'speaker', 'strainer', 'sunglasses', 'teddy bear', 'television', 'umbrella', 'vase', 'wallet', 'waste container', 'water bottle', 'whistle']"
153329,ILSVRC2012_val_00002885.JPEG,100,plastic bag,plastic bag,3.417,8ba317eb088c553d,False,"['Band-Aid', 'T-shirt', 'backpack', 'banana', 'cleaver', 'clothes iron', 'coffee mug', 'computer mouse', 'digital watch', 'doormat', 'dumbbell', 'envelope', 'hair dryer', 'hammer', 'lampshade', 'lemon', 'lipstick', 'match', 'mobile phone', 'necklace', 'padlock', 'paintbrush', 'paper towel', 'park bench', 'pill bottle', 'pillow', 'plastic bag', 'plunger', 'power drill', 'printer', 'racket', 'ruler', 'safety pin', 'salt shaker', 'sandal', 'screw', 'shovel', 'space heater', 'spatula', 'speaker', 'strainer', 'sunglasses', 'teddy bear', 'television', 'umbrella', 'vase', 'wallet', 'waste container', 'water bottle', 'whistle']"
168979,ILSVRC2012_val_00002908.JPEG,100,padlock,padlock,10.163,68f0b2224da44dbe,False,"['Band-Aid', 'T-shirt', 'backpack', 'banana', 'cleaver', 'clothes iron', 'coffee mug', 'computer mouse', 'digital watch', 'doormat', 'dumbbell', 'envelope', 'hair dryer', 'hammer', 'lampshade', 'lemon', 'lipstick', 'match', 'mobile phone', 'necklace', 'padlock', 'paintbrush', 'paper towel', 'park bench', 'pill bottle', 'pillow', 'plastic bag', 'plunger', 'power drill', 'printer', 'racket', 'ruler', 'safety pin', 'salt shaker', 'sandal', 'screw', 'shovel', 'space heater', 'spatula', 'speaker', 'strainer', 'sunglasses', 'teddy bear', 'television', 'umbrella', 'vase', 'wallet', 'waste container', 'water bottle', 'whistle']"
147103,ILSVRC2012_val_00002975.JPEG,100,safety pin,safety pin,34.763,34955fead7914fb7,False,"['Band-Aid', 'T-shirt', 'backpack', 'banana', 'cleaver', 'clothes iron', 'coffee mug', 'computer mouse', 'digital watch', 'doormat', 'dumbbell', 'envelope', 'hair dryer', 'hammer', 'lampshade', 'lemon', 'lipstick', 'match', 'mobile phone', 'necklace', 'padlock', 'paintbrush', 'paper towel', 'park bench', 'pill bottle', 'pillow', 'plastic bag', 'plunger', 'power drill', 'printer', 'racket', 'ruler', 'safety pin', 'salt shaker', 'sandal', 'screw', 'shovel', 'space heater', 'spatula', 'speaker', 'strainer', 'sunglasses', 'teddy bear', 'television', 'umbrella', 'vase', 'wallet', 'waste container', 'water bottle', 'whistle']"
141401,ILSVRC2012_val_00002976.JPEG,100,umbrella,umbrella,1.811,3d26ad5273d21b86,False,"['Band-Aid', 'T-shirt', 'backpack', 'banana', 'cleaver', 'clothes iron', 'coffee mug', 'computer mouse', 'digital watch', 'doormat', 'dumbbell', 'envelope', 'hair dryer', 'hammer', 'lampshade', 'lemon', 'lipstick', 'match', 'mobile phone', 'necklace', 'padlock', 'paintbrush', 'paper towel', 'park bench', 'pill bottle', 'pillow', 'plastic bag', 'plunger', 'power drill', 'printer', 'racket', 'ruler', 'safety pin', 'salt shaker', 'sandal', 'screw', 'shovel', 'space heater', 'spatula', 'speaker', 'strainer', 'sunglasses', 'teddy bear', 'television', 'umbrella', 'vase', 'wallet', 'waste container', 'water bottle', 'whistle']"
141416,ILSVRC2012_val_00003057.JPEG,100,screw,screw,7.856,8ba317eb088c553d,False,"['Band-Aid', 'T-shirt', 'backpack', 'banana', 'cleaver', 'clothes iron', 'coffee mug', 'computer mouse', 'digital watch', 'doormat', 'dumbbell', 'envelope', 'hair dryer', 'hammer', 'lampshade', 'lemon', 'lipstick', 'match', 'mobile phone', 'necklace', 'padlock', 'paintbrush', 'paper towel', 'park bench', 'pill bottle', 'pillow', 'plastic bag', 'plunger', 'power drill', 'printer', 'racket', 'ruler', 'safety pin', 'salt shaker', 'sandal', 'screw', 'shovel', 'space heater', 'spatula', 'speaker', 'strainer', 'sunglasses', 'teddy bear', 'television', 'umbrella', 'vase', 'wallet', 'waste container', 'water bottle', 'whistle']"
143988,ILSVRC2012_val_00003096.JPEG,100,necklace,necklace,2.178,0ab188ff246ad0ef,False,"['Band-Aid', 'T-shirt', 'backpack', 'banana', 'cleaver', 'clothes iron', 'coffee mug', 'computer mouse', 'digital watch', 'doormat', 'dumbbell', 'envelope', 'hair dryer', 'hammer', 'lampshade', 'lemon', 'lipstick', 'match', 'mobile phone', 'necklace', 'padlock', 'paintbrush', 'paper towel', 'park bench', 'pill bottle', 'pillow', 'plastic bag', 'plunger', 'power drill', 'printer', 'racket', 'ruler', 'safety pin', 'salt shaker', 'sandal', 'screw', 'shovel', 'space heater', 'spatula', 'speaker', 'strainer', 'sunglasses', 'teddy bear', 'television', 'umbrella', 'vase', 'wallet', 'waste container', 'water bottle', 'whistle']"
141408,ILSVRC2012_val_00003131.JPEG,100,coffee mug,coffee mug,3.549,90c1d5ab62605645,False,"['Band-Aid', 'T-shirt', 'backpack', 'banana', 'cleaver', 'clothes iron', 'coffee mug', 'computer mouse', 'digital watch', 'doormat', 'dumbbell', 'envelope', 'hair dryer', 'hammer', 'lampshade', 'lemon', 'lipstick', 'match', 'mobile phone', 'necklace', 'padlock', 'paintbrush', 'paper towel', 'park bench', 'pill bottle', 'pillow', 'plastic bag', 'plunger', 'power drill', 'printer', 'racket', 'ruler', 'safety pin', 'salt shaker', 'sandal', 'screw', 'shovel', 'space heater', 'spatula', 'speaker', 'strainer', 'sunglasses', 'teddy bear', 'television', 'umbrella', 'vase', 'wallet', 'waste container', 'water bottle', 'whistle']"
136915,ILSVRC2012_val_00003340.JPEG,100,water bottle,water bottle,2.153,adc143b46753aa7c,False,"['Band-Aid', 'T-shirt', 'backpack', 'banana', 'cleaver', 'clothes iron', 'coffee mug', 'computer mouse', 'digital watch', 'doormat', 'dumbbell', 'envelope', 'hair dryer', 'hammer', 'lampshade', 'lemon', 'lipstick', 'match', 'mobile phone', 'necklace', 'padlock', 'paintbrush', 'paper towel', 'park bench', 'pill bottle', 'pillow', 'plastic bag', 'plunger', 'power drill', 'printer', 'racket', 'ruler', 'safety pin', 'salt shaker', 'sandal', 'screw', 'shovel', 'space heater', 'spatula', 'speaker', 'strainer', 'sunglasses', 'teddy bear', 'television', 'umbrella', 'vase', 'wallet', 'waste container', 'water bottle', 'whistle']"
164568,ILSVRC2012_val_00003345.JPEG,100,lemon,lemon,2.15,670e8b404e188a85,False,"['Band-Aid', 'T-shirt', 'backpack', 'banana', 'cleaver', 'clothes iron', 'coffee mug', 'computer mouse', 'digital watch', 'doormat', 'dumbbell', 'envelope', 'hair dryer', 'hammer', 'lampshade', 'lemon', 'lipstick', 'match', 'mobile phone', 'necklace', 'padlock', 'paintbrush', 'paper towel', 'park bench', 'pill bottle', 'pillow', 'plastic bag', 'plunger', 'power drill', 'printer', 'racket', 'ruler', 'safety pin', 'salt shaker', 'sandal', 'screw', 'shovel', 'space heater', 'spatula', 'speaker', 'strainer', 'sunglasses', 'teddy bear', 'television', 'umbrella', 'vase', 'wallet', 'waste container', 'water bottle', 'whistle']"
154029,ILSVRC2012_val_00003387.JPEG,100,hammer,hammer,3.913,8abb9db297c4d761,False,"['Band-Aid', 'T-shirt', 'backpack', 'banana', 'cleaver', 'clothes iron', 'coffee mug', 'computer mouse', 'digital watch', 'doormat', 'dumbbell', 'envelope', 'hair dryer', 'hammer', 'lampshade', 'lemon', 'lipstick', 'match', 'mobile phone', 'necklace', 'padlock', 'paintbrush', 'paper towel', 'park bench', 'pill bottle', 'pillow', 'plastic bag', 'plunger', 'power drill', 'printer', 'racket', 'ruler', 'safety pin', 'salt shaker', 'sandal', 'screw', 'shovel', 'space heater', 'spatula', 'speaker', 'strainer', 'sunglasses', 'teddy bear', 'television', 'umbrella', 'vase', 'wallet', 'waste container', 'water bottle', 'whistle']"
155089,ILSVRC2012_val_00003412.JPEG,100,banana,banana,3.275,84f5706a8eb85eaf,False,"['Band-Aid', 'T-shirt', 'backpack', 'banana', 'cleaver', 'clothes iron', 'coffee mug', 'computer mouse', 'digital watch', 'doormat', 'dumbbell', 'envelope', 'hair dryer', 'hammer', 'lampshade', 'lemon', 'lipstick', 'match', 'mobile phone', 'necklace', 'padlock', 'paintbrush', 'paper towel', 'park bench', 'pill bottle', 'pillow', 'plastic bag', 'plunger', 'power drill', 'printer', 'racket', 'ruler', 'safety pin', 'salt shaker', 'sandal', 'screw', 'shovel', 'space heater', 'spatula', 'speaker', 'strainer', 'sunglasses', 'teddy bear', 'television', 'umbrella', 'vase', 'wallet', 'waste container', 'water bottle', 'whistle']"
150801,ILSVRC2012_val_00003474.JPEG,100,lipstick,lipstick,2.461,ea9cb26121454822,False,"['Band-Aid', 'T-shirt', 'backpack', 'banana', 'cleaver', 'clothes iron', 'coffee mug', 'computer mouse', 'digital watch', 'doormat', 'dumbbell', 'envelope', 'hair dryer', 'hammer', 'lampshade', 'lemon', 'lipstick', 'match', 'mobile phone', 'necklace', 'padlock', 'paintbrush', 'paper towel', 'park bench', 'pill bottle', 'pillow', 'plastic bag', 'plunger', 'power drill', 'printer', 'racket', 'ruler', 'safety pin', 'salt shaker', 'sandal', 'screw', 'shovel', 'space heater', 'spatula', 'speaker', 'strainer', 'sunglasses', 'teddy bear', 'television', 'umbrella', 'vase', 'wallet', 'waste container', 'water bottle', 'whistle']"
133769,ILSVRC2012_val_00003634.JPEG,100,digital watch,digital watch,4.391,58f136fd1945da65,False,"['Band-Aid', 'T-shirt', 'backpack', 'banana', 'cleaver', 'clothes iron', 'coffee mug', 'computer mouse', 'digital watch', 'doormat', 'dumbbell', 'envelope', 'hair dryer', 'hammer', 'lampshade', 'lemon', 'lipstick', 'match', 'mobile phone', 'necklace', 'padlock', 'paintbrush', 'paper towel', 'park bench', 'pill bottle', 'pillow', 'plastic bag', 'plunger', 'power drill', 'printer', 'racket', 'ruler', 'safety pin', 'salt shaker', 'sandal', 'screw', 'shovel', 'space heater', 'spatula', 'speaker', 'strainer', 'sunglasses', 'teddy bear', 'television', 'umbrella', 'vase', 'wallet', 'waste container', 'water bottle', 'whistle']"
135662,ILSVRC2012_val_00003770.JPEG,100,screw,screw,2.49,7d22204be12bf7c6,False,"['Band-Aid', 'T-shirt', 'backpack', 'banana', 'cleaver', 'clothes iron', 'coffee mug', 'computer mouse', 'digital watch', 'doormat', 'dumbbell', 'envelope', 'hair dryer', 'hammer', 'lampshade', 'lemon', 'lipstick', 'match', 'mobile phone', 'necklace', 'padlock', 'paintbrush', 'paper towel', 'park bench', 'pill bottle', 'pillow', 'plastic bag', 'plunger', 'power drill', 'printer', 'racket', 'ruler', 'safety pin', 'salt shaker', 'sandal', 'screw', 'shovel', 'space heater', 'spatula', 'speaker', 'strainer', 'sunglasses', 'teddy bear', 'television', 'umbrella', 'vase', 'wallet', 'waste container', 'water bottle', 'whistle']"
149056,ILSVRC2012_val_00003921.JPEG,100,television,television,2.27,98850d51a34c88f4,False,"['Band-Aid', 'T-shirt', 'backpack', 'banana', 'cleaver', 'clothes iron', 'coffee mug', 'computer mouse', 'digital watch', 'doormat', 'dumbbell', 'envelope', 'hair dryer', 'hammer', 'lampshade', 'lemon', 'lipstick', 'match', 'mobile phone', 'necklace', 'padlock', 'paintbrush', 'paper towel', 'park bench', 'pill bottle', 'pillow', 'plastic bag', 'plunger', 'power drill', 'printer', 'racket', 'ruler', 'safety pin', 'salt shaker', 'sandal', 'screw', 'shovel', 'space heater', 'spatula', 'speaker', 'strainer', 'sunglasses', 'teddy bear', 'television', 'umbrella', 'vase', 'wallet', 'waste container', 'water bottle', 'whistle']"
137312,ILSVRC2012_val_00003970.JPEG,100,computer mouse,computer mouse,9.934,112afc37b2708a85,False,"['Band-Aid', 'T-shirt', 'backpack', 'banana', 'cleaver', 'clothes iron', 'coffee mug', 'computer mouse', 'digital watch', 'doormat', 'dumbbell', 'envelope', 'hair dryer', 'hammer', 'lampshade', 'lemon', 'lipstick', 'match', 'mobile phone', 'necklace', 'padlock', 'paintbrush', 'paper towel', 'park bench', 'pill bottle', 'pillow', 'plastic bag', 'plunger', 'power drill', 'printer', 'racket', 'ruler', 'safety pin', 'salt shaker', 'sandal', 'screw', 'shovel', 'space heater', 'spatula', 'speaker', 'strainer', 'sunglasses', 'teddy bear', 'television', 'umbrella', 'vase', 'wallet', 'waste container', 'water bottle', 'whistle']"
144867,ILSVRC2012_val_00004025.JPEG,100,dumbbell,dumbbell,1.952,639b690770cb3688,False,"['Band-Aid', 'T-shirt', 'backpack', 'banana', 'cleaver', 'clothes iron', 'coffee mug', 'computer mouse', 'digital watch', 'doormat', 'dumbbell', 'envelope', 'hair dryer', 'hammer', 'lampshade', 'lemon', 'lipstick', 'match', 'mobile phone', 'necklace', 'padlock', 'paintbrush', 'paper towel', 'park bench', 'pill bottle', 'pillow', 'plastic bag', 'plunger', 'power drill', 'printer', 'racket', 'ruler', 'safety pin', 'salt shaker', 'sandal', 'screw', 'shovel', 'space heater', 'spatula', 'speaker', 'strainer', 'sunglasses', 'teddy bear', 'television', 'umbrella', 'vase', 'wallet', 'waste container', 'water bottle', 'whistle']"
135698,ILSVRC2012_val_00004039.JPEG,100,digital watch,digital watch,11.959,6417c8fbeba89d69,False,"['Band-Aid', 'T-shirt', 'backpack', 'banana', 'cleaver', 'clothes iron', 'coffee mug', 'computer mouse', 'digital watch', 'doormat', 'dumbbell', 'envelope', 'hair dryer', 'hammer', 'lampshade', 'lemon', 'lipstick', 'match', 'mobile phone', 'necklace', 'padlock', 'paintbrush', 'paper towel', 'park bench', 'pill bottle', 'pillow', 'plastic bag', 'plunger', 'power drill', 'printer', 'racket', 'ruler', 'safety pin', 'salt shaker', 'sandal', 'screw', 'shovel', 'space heater', 'spatula', 'speaker', 'strainer', 'sunglasses', 'teddy bear', 'television', 'umbrella', 'vase', 'wallet', 'waste container', 'water bottle', 'whistle']"
150651,ILSVRC2012_val_00004115.JPEG,100,T-shirt,T-shirt,2.852,ce04470eaaa291ce,False,"['Band-Aid', 'T-shirt', 'backpack', 'banana', 'cleaver', 'clothes iron', 'coffee mug', 'computer mouse', 'digital watch', 'doormat', 'dumbbell', 'envelope', 'hair dryer', 'hammer', 'lampshade', 'lemon', 'lipstick', 'match', 'mobile phone', 'necklace', 'padlock', 'paintbrush', 'paper towel', 'park bench', 'pill bottle', 'pillow', 'plastic bag', 'plunger', 'power drill', 'printer', 'racket', 'ruler', 'safety pin', 'salt shaker', 'sandal', 'screw', 'shovel', 'space heater', 'spatula', 'speaker', 'strainer', 'sunglasses', 'teddy bear', 'television', 'umbrella', 'vase', 'wallet', 'waste container', 'water bottle', 'whistle']"
144914,ILSVRC2012_val_00004174.JPEG,100,ruler,ruler,5.884,01771bf651299919,False,"['Band-Aid', 'T-shirt', 'backpack', 'banana', 'cleaver', 'clothes iron', 'coffee mug', 'computer mouse', 'digital watch', 'doormat', 'dumbbell', 'envelope', 'hair dryer', 'hammer', 'lampshade', 'lemon', 'lipstick', 'match', 'mobile phone', 'necklace', 'padlock', 'paintbrush', 'paper towel', 'park bench', 'pill bottle', 'pillow', 'plastic bag', 'plunger', 'power drill', 'printer', 'racket', 'ruler', 'safety pin', 'salt shaker', 'sandal', 'screw', 'shovel', 'space heater', 'spatula', 'speaker', 'strainer', 'sunglasses', 'teddy bear', 'television', 'umbrella', 'vase', 'wallet', 'waste container', 'water bottle', 'whistle']"
139288,ILSVRC2012_val_00004456.JPEG,100,whistle,whistle,8.049,52b019791939e0cf,False,"['Band-Aid', 'T-shirt', 'backpack', 'banana', 'cleaver', 'clothes iron', 'coffee mug', 'computer mouse', 'digital watch', 'doormat', 'dumbbell', 'envelope', 'hair dryer', 'hammer', 'lampshade', 'lemon', 'lipstick', 'match', 'mobile phone', 'necklace', 'padlock', 'paintbrush', 'paper towel', 'park bench', 'pill bottle', 'pillow', 'plastic bag', 'plunger', 'power drill', 'printer', 'racket', 'ruler', 'safety pin', 'salt shaker', 'sandal', 'screw', 'shovel', 'space heater', 'spatula', 'speaker', 'strainer', 'sunglasses', 'teddy bear', 'television', 'umbrella', 'vase', 'wallet', 'waste container', 'water bottle', 'whistle']"
171146,ILSVRC2012_val_00004523.JPEG,100,teddy bear,teddy bear,2.122,8b4a6dec6203d3b7,False,"['Band-Aid', 'T-shirt', 'backpack', 'banana', 'cleaver', 'clothes iron', 'coffee mug', 'computer mouse', 'digital watch', 'doormat', 'dumbbell', 'envelope', 'hair dryer', 'hammer', 'lampshade', 'lemon', 'lipstick', 'match', 'mobile phone', 'necklace', 'padlock', 'paintbrush', 'paper towel', 'park bench', 'pill bottle', 'pillow', 'plastic bag', 'plunger', 'power drill', 'printer', 'racket', 'ruler', 'safety pin', 'salt shaker', 'sandal', 'screw', 'shovel', 'space heater', 'spatula', 'speaker', 'strainer', 'sunglasses', 'teddy bear', 'television', 'umbrella', 'vase', 'wallet', 'waste container', 'water bottle', 'whistle']"
133795,ILSVRC2012_val_00004692.JPEG,100,sunglasses,sunglasses,9.284,27f8e728a6f2b84b,False,"['Band-Aid', 'T-shirt', 'backpack', 'banana', 'cleaver', 'clothes iron', 'coffee mug', 'computer mouse', 'digital watch', 'doormat', 'dumbbell', 'envelope', 'hair dryer', 'hammer', 'lampshade', 'lemon', 'lipstick', 'match', 'mobile phone', 'necklace', 'padlock', 'paintbrush', 'paper towel', 'park bench', 'pill bottle', 'pillow', 'plastic bag', 'plunger', 'power drill', 'printer', 'racket', 'ruler', 'safety pin', 'salt shaker', 'sandal', 'screw', 'shovel', 'space heater', 'spatula', 'speaker', 'strainer', 'sunglasses', 'teddy bear', 'television', 'umbrella', 'vase', 'wallet', 'waste container', 'water bottle', 'whistle']"
137256,ILSVRC2012_val_00004708.JPEG,100,T-shirt,T-shirt,2.678,1c9d636bf17edb27,False,"['Band-Aid', 'T-shirt', 'backpack', 'banana', 'cleaver', 'clothes iron', 'coffee mug', 'computer mouse', 'digital watch', 'doormat', 'dumbbell', 'envelope', 'hair dryer', 'hammer', 'lampshade', 'lemon', 'lipstick', 'match', 'mobile phone', 'necklace', 'padlock', 'paintbrush', 'paper towel', 'park bench', 'pill bottle', 'pillow', 'plastic bag', 'plunger', 'power drill', 'printer', 'racket', 'ruler', 'safety pin', 'salt shaker', 'sandal', 'screw', 'shovel', 'space heater', 'spatula', 'speaker', 'strainer', 'sunglasses', 'teddy bear', 'television', 'umbrella', 'vase', 'wallet', 'waste container', 'water bottle', 'whistle']"
141773,ILSVRC2012_val_00004742.JPEG,100,lipstick,lipstick,6.422,80d3db92396f1ced,False,"['Band-Aid', 'T-shirt', 'backpack', 'banana', 'cleaver', 'clothes iron', 'coffee mug', 'computer mouse', 'digital watch', 'doormat', 'dumbbell', 'envelope', 'hair dryer', 'hammer', 'lampshade', 'lemon', 'lipstick', 'match', 'mobile phone', 'necklace', 'padlock', 'paintbrush', 'paper towel', 'park bench', 'pill bottle', 'pillow', 'plastic bag', 'plunger', 'power drill', 'printer', 'racket', 'ruler', 'safety pin', 'salt shaker', 'sandal', 'screw', 'shovel', 'space heater', 'spatula', 'speaker', 'strainer', 'sunglasses', 'teddy bear', 'television', 'umbrella', 'vase', 'wallet', 'waste container', 'water bottle', 'whistle']"
162128,ILSVRC2012_val_00004826.JPEG,100,padlock,padlock,3.319,8ba317eb088c553d,False,"['Band-Aid', 'T-shirt', 'backpack', 'banana', 'cleaver', 'clothes iron', 'coffee mug', 'computer mouse', 'digital watch', 'doormat', 'dumbbell', 'envelope', 'hair dryer', 'hammer', 'lampshade', 'lemon', 'lipstick', 'match', 'mobile phone', 'necklace', 'padlock', 'paintbrush', 'paper towel', 'park bench', 'pill bottle', 'pillow', 'plastic bag', 'plunger', 'power drill', 'printer', 'racket', 'ruler', 'safety pin', 'salt shaker', 'sandal', 'screw', 'shovel', 'space heater', 'spatula', 'speaker', 'strainer', 'sunglasses', 'teddy bear', 'television', 'umbrella', 'vase', 'wallet', 'waste container', 'water bottle', 'whistle']"
147918,ILSVRC2012_val_00004827.JPEG,100,paintbrush,paintbrush,5.109,f6e367f1760ce50a,False,"['Band-Aid', 'T-shirt', 'backpack', 'banana', 'cleaver', 'clothes iron', 'coffee mug', 'computer mouse', 'digital watch', 'doormat', 'dumbbell', 'envelope', 'hair dryer', 'hammer', 'lampshade', 'lemon', 'lipstick', 'match', 'mobile phone', 'necklace', 'padlock', 'paintbrush', 'paper towel', 'park bench', 'pill bottle', 'pillow', 'plastic bag', 'plunger', 'power drill', 'printer', 'racket', 'ruler', 'safety pin', 'salt shaker', 'sandal', 'screw', 'shovel', 'space heater', 'spatula', 'speaker', 'strainer', 'sunglasses', 'teddy bear', 'television', 'umbrella', 'vase', 'wallet', 'waste container', 'water bottle', 'whistle']"
137802,ILSVRC2012_val_00004924.JPEG,100,waste container,waste container,4.773,bce37f483a6d9a84,False,"['Band-Aid', 'T-shirt', 'backpack', 'banana', 'cleaver', 'clothes iron', 'coffee mug', 'computer mouse', 'digital watch', 'doormat', 'dumbbell', 'envelope', 'hair dryer', 'hammer', 'lampshade', 'lemon', 'lipstick', 'match', 'mobile phone', 'necklace', 'padlock', 'paintbrush', 'paper towel', 'park bench', 'pill bottle', 'pillow', 'plastic bag', 'plunger', 'power drill', 'printer', 'racket', 'ruler', 'safety pin', 'salt shaker', 'sandal', 'screw', 'shovel', 'space heater', 'spatula', 'speaker', 'strainer', 'sunglasses', 'teddy bear', 'television', 'umbrella', 'vase', 'wallet', 'waste container', 'water bottle', 'whistle']"
156487,ILSVRC2012_val_00004949.JPEG,100,dumbbell,dumbbell,4.17,783dda732e379c42,False,"['Band-Aid', 'T-shirt', 'backpack', 'banana', 'cleaver', 'clothes iron', 'coffee mug', 'computer mouse', 'digital watch', 'doormat', 'dumbbell', 'envelope', 'hair dryer', 'hammer', 'lampshade', 'lemon', 'lipstick', 'match', 'mobile phone', 'necklace', 'padlock', 'paintbrush', 'paper towel', 'park bench', 'pill bottle', 'pillow', 'plastic bag', 'plunger', 'power drill', 'printer', 'racket', 'ruler', 'safety pin', 'salt shaker', 'sandal', 'screw', 'shovel', 'space heater', 'spatula', 'speaker', 'strainer', 'sunglasses', 'teddy bear', 'television', 'umbrella', 'vase', 'wallet', 'waste container', 'water bottle', 'whistle']"
133859,ILSVRC2012_val_00005063.JPEG,100,clothes iron,clothes iron,21.876,2d5e6a68741000b1,False,"['Band-Aid', 'T-shirt', 'backpack', 'banana', 'cleaver', 'clothes iron', 'coffee mug', 'computer mouse', 'digital watch', 'doormat', 'dumbbell', 'envelope', 'hair dryer', 'hammer', 'lampshade', 'lemon', 'lipstick', 'match', 'mobile phone', 'necklace', 'padlock', 'paintbrush', 'paper towel', 'park bench', 'pill bottle', 'pillow', 'plastic bag', 'plunger', 'power drill', 'printer', 'racket', 'ruler', 'safety pin', 'salt shaker', 'sandal', 'screw', 'shovel', 'space heater', 'spatula', 'speaker', 'strainer', 'sunglasses', 'teddy bear', 'television', 'umbrella', 'vase', 'wallet', 'waste container', 'water bottle', 'whistle']"
134919,ILSVRC2012_val_00005177.JPEG,100,banana,banana,3.962,c0cb246e032a6593,False,"['Band-Aid', 'T-shirt', 'backpack', 'banana', 'cleaver', 'clothes iron', 'coffee mug', 'computer mouse', 'digital watch', 'doormat', 'dumbbell', 'envelope', 'hair dryer', 'hammer', 'lampshade', 'lemon', 'lipstick', 'match', 'mobile phone', 'necklace', 'padlock', 'paintbrush', 'paper towel', 'park bench', 'pill bottle', 'pillow', 'plastic bag', 'plunger', 'power drill', 'printer', 'racket', 'ruler', 'safety pin', 'salt shaker', 'sandal', 'screw', 'shovel', 'space heater', 'spatula', 'speaker', 'strainer', 'sunglasses', 'teddy bear', 'television', 'umbrella', 'vase', 'wallet', 'waste container', 'water bottle', 'whistle']"
139170,ILSVRC2012_val_00005257.JPEG,100,pillow,pillow,3.805,688acec7a8ccd224,False,"['Band-Aid', 'T-shirt', 'backpack', 'banana', 'cleaver', 'clothes iron', 'coffee mug', 'computer mouse', 'digital watch', 'doormat', 'dumbbell', 'envelope', 'hair dryer', 'hammer', 'lampshade', 'lemon', 'lipstick', 'match', 'mobile phone', 'necklace', 'padlock', 'paintbrush', 'paper towel', 'park bench', 'pill bottle', 'pillow', 'plastic bag', 'plunger', 'power drill', 'printer', 'racket', 'ruler', 'safety pin', 'salt shaker', 'sandal', 'screw', 'shovel', 'space heater', 'spatula', 'speaker', 'strainer', 'sunglasses', 'teddy bear', 'television', 'umbrella', 'vase', 'wallet', 'waste container', 'water bottle', 'whistle']"
157461,ILSVRC2012_val_00005350.JPEG,100,whistle,whistle,44.377,f8a6fb58c6c20984,False,"['Band-Aid', 'T-shirt', 'backpack', 'banana', 'cleaver', 'clothes iron', 'coffee mug', 'computer mouse', 'digital watch', 'doormat', 'dumbbell', 'envelope', 'hair dryer', 'hammer', 'lampshade', 'lemon', 'lipstick', 'match', 'mobile phone', 'necklace', 'padlock', 'paintbrush', 'paper towel', 'park bench', 'pill bottle', 'pillow', 'plastic bag', 'plunger', 'power drill', 'printer', 'racket', 'ruler', 'safety pin', 'salt shaker', 'sandal', 'screw', 'shovel', 'space heater', 'spatula', 'speaker', 'strainer', 'sunglasses', 'teddy bear', 'television', 'umbrella', 'vase', 'wallet', 'waste container', 'water bottle', 'whistle']"
141918,ILSVRC2012_val_00005386.JPEG,100,match,match,2.508,23661cb5c776fa34,False,"['Band-Aid', 'T-shirt', 'backpack', 'banana', 'cleaver', 'clothes iron', 'coffee mug', 'computer mouse', 'digital watch', 'doormat', 'dumbbell', 'envelope', 'hair dryer', 'hammer', 'lampshade', 'lemon', 'lipstick', 'match', 'mobile phone', 'necklace', 'padlock', 'paintbrush', 'paper towel', 'park bench', 'pill bottle', 'pillow', 'plastic bag', 'plunger', 'power drill', 'printer', 'racket', 'ruler', 'safety pin', 'salt shaker', 'sandal', 'screw', 'shovel', 'space heater', 'spatula', 'speaker', 'strainer', 'sunglasses', 'teddy bear', 'television', 'umbrella', 'vase', 'wallet', 'waste container', 'water bottle', 'whistle']"
137373,ILSVRC2012_val_00005406.JPEG,100,plastic bag,T-shirt,2.845,d6ec4548438ae84d,False,"['Band-Aid', 'T-shirt', 'backpack', 'banana', 'cleaver', 'clothes iron', 'coffee mug', 'computer mouse', 'digital watch', 'doormat', 'dumbbell', 'envelope', 'hair dryer', 'hammer', 'lampshade', 'lemon', 'lipstick', 'match', 'mobile phone', 'necklace', 'padlock', 'paintbrush', 'paper towel', 'park bench', 'pill bottle', 'pillow', 'plastic bag', 'plunger', 'power drill', 'printer', 'racket', 'ruler', 'safety pin', 'salt shaker', 'sandal', 'screw', 'shovel', 'space heater', 'spatula', 'speaker', 'strainer', 'sunglasses', 'teddy bear', 'television', 'umbrella', 'vase', 'wallet', 'waste container', 'water bottle', 'whistle']"
137687,ILSVRC2012_val_00005437.JPEG,100,sunglasses,sunglasses,2.708,4532759b8d8a57c6,False,"['Band-Aid', 'T-shirt', 'backpack', 'banana', 'cleaver', 'clothes iron', 'coffee mug', 'computer mouse', 'digital watch', 'doormat', 'dumbbell', 'envelope', 'hair dryer', 'hammer', 'lampshade', 'lemon', 'lipstick', 'match', 'mobile phone', 'necklace', 'padlock', 'paintbrush', 'paper towel', 'park bench', 'pill bottle', 'pillow', 'plastic bag', 'plunger', 'power drill', 'printer', 'racket', 'ruler', 'safety pin', 'salt shaker', 'sandal', 'screw', 'shovel', 'space heater', 'spatula', 'speaker', 'strainer', 'sunglasses', 'teddy bear', 'television', 'umbrella', 'vase', 'wallet', 'waste container', 'water bottle', 'whistle']"
144688,ILSVRC2012_val_00005519.JPEG,100,pill bottle,pill bottle,1.708,b868fca50ebe5eba,False,"['Band-Aid', 'T-shirt', 'backpack', 'banana', 'cleaver', 'clothes iron', 'coffee mug', 'computer mouse', 'digital watch', 'doormat', 'dumbbell', 'envelope', 'hair dryer', 'hammer', 'lampshade', 'lemon', 'lipstick', 'match', 'mobile phone', 'necklace', 'padlock', 'paintbrush', 'paper towel', 'park bench', 'pill bottle', 'pillow', 'plastic bag', 'plunger', 'power drill', 'printer', 'racket', 'ruler', 'safety pin', 'salt shaker', 'sandal', 'screw', 'shovel', 'space heater', 'spatula', 'speaker', 'strainer', 'sunglasses', 'teddy bear', 'television', 'umbrella', 'vase', 'wallet', 'waste container', 'water bottle', 'whistle']"
144738,ILSVRC2012_val_00005571.JPEG,100,teddy bear,teddy bear,3.564,7f9f82a27d57e36d,False,"['Band-Aid', 'T-shirt', 'backpack', 'banana', 'cleaver', 'clothes iron', 'coffee mug', 'computer mouse', 'digital watch', 'doormat', 'dumbbell', 'envelope', 'hair dryer', 'hammer', 'lampshade', 'lemon', 'lipstick', 'match', 'mobile phone', 'necklace', 'padlock', 'paintbrush', 'paper towel', 'park bench', 'pill bottle', 'pillow', 'plastic bag', 'plunger', 'power drill', 'printer', 'racket', 'ruler', 'safety pin', 'salt shaker', 'sandal', 'screw', 'shovel', 'space heater', 'spatula', 'speaker', 'strainer', 'sunglasses', 'teddy bear', 'television', 'umbrella', 'vase', 'wallet', 'waste container', 'water bottle', 'whistle']"
135537,ILSVRC2012_val_00005596.JPEG,100,T-shirt,T-shirt,6.609,c9f58781138737e8,False,"['Band-Aid', 'T-shirt', 'backpack', 'banana', 'cleaver', 'clothes iron', 'coffee mug', 'computer mouse', 'digital watch', 'doormat', 'dumbbell', 'envelope', 'hair dryer', 'hammer', 'lampshade', 'lemon', 'lipstick', 'match', 'mobile phone', 'necklace', 'padlock', 'paintbrush', 'paper towel', 'park bench', 'pill bottle', 'pillow', 'plastic bag', 'plunger', 'power drill', 'printer', 'racket', 'ruler', 'safety pin', 'salt shaker', 'sandal', 'screw', 'shovel', 'space heater', 'spatula', 'speaker', 'strainer', 'sunglasses', 'teddy bear', 'television', 'umbrella', 'vase', 'wallet', 'waste container', 'water bottle', 'whistle']"
135547,ILSVRC2012_val_00005632.JPEG,100,teddy bear,teddy bear,2.257,d1baf8cc6548bb41,False,"['Band-Aid', 'T-shirt', 'backpack', 'banana', 'cleaver', 'clothes iron', 'coffee mug', 'computer mouse', 'digital watch', 'doormat', 'dumbbell', 'envelope', 'hair dryer', 'hammer', 'lampshade', 'lemon', 'lipstick', 'match', 'mobile phone', 'necklace', 'padlock', 'paintbrush', 'paper towel', 'park bench', 'pill bottle', 'pillow', 'plastic bag', 'plunger', 'power drill', 'printer', 'racket', 'ruler', 'safety pin', 'salt shaker', 'sandal', 'screw', 'shovel', 'space heater', 'spatula', 'speaker', 'strainer', 'sunglasses', 'teddy bear', 'television', 'umbrella', 'vase', 'wallet', 'waste container', 'water bottle', 'whistle']"
137345,ILSVRC2012_val_00005688.JPEG,100,mobile phone,mobile phone,13.168,ac154fa2533bcb0b,False,"['Band-Aid', 'T-shirt', 'backpack', 'banana', 'cleaver', 'clothes iron', 'coffee mug', 'computer mouse', 'digital watch', 'doormat', 'dumbbell', 'envelope', 'hair dryer', 'hammer', 'lampshade', 'lemon', 'lipstick', 'match', 'mobile phone', 'necklace', 'padlock', 'paintbrush', 'paper towel', 'park bench', 'pill bottle', 'pillow', 'plastic bag', 'plunger', 'power drill', 'printer', 'racket', 'ruler', 'safety pin', 'salt shaker', 'sandal', 'screw', 'shovel', 'space heater', 'spatula', 'speaker', 'strainer', 'sunglasses', 'teddy bear', 'television', 'umbrella', 'vase', 'wallet', 'waste container', 'water bottle', 'whistle']"
138006,ILSVRC2012_val_00005824.JPEG,100,hair dryer,hair dryer,3.604,63a0c3827bb252e4,False,"['Band-Aid', 'T-shirt', 'backpack', 'banana', 'cleaver', 'clothes iron', 'coffee mug', 'computer mouse', 'digital watch', 'doormat', 'dumbbell', 'envelope', 'hair dryer', 'hammer', 'lampshade', 'lemon', 'lipstick', 'match', 'mobile phone', 'necklace', 'padlock', 'paintbrush', 'paper towel', 'park bench', 'pill bottle', 'pillow', 'plastic bag', 'plunger', 'power drill', 'printer', 'racket', 'ruler', 'safety pin', 'salt shaker', 'sandal', 'screw', 'shovel', 'space heater', 'spatula', 'speaker', 'strainer', 'sunglasses', 'teddy bear', 'television', 'umbrella', 'vase', 'wallet', 'waste container', 'water bottle', 'whistle']"
144656,ILSVRC2012_val_00006015.JPEG,100,T-shirt,T-shirt,4.032,d345767e62f62ce1,False,"['Band-Aid', 'T-shirt', 'backpack', 'banana', 'cleaver', 'clothes iron', 'coffee mug', 'computer mouse', 'digital watch', 'doormat', 'dumbbell', 'envelope', 'hair dryer', 'hammer', 'lampshade', 'lemon', 'lipstick', 'match', 'mobile phone', 'necklace', 'padlock', 'paintbrush', 'paper towel', 'park bench', 'pill bottle', 'pillow', 'plastic bag', 'plunger', 'power drill', 'printer', 'racket', 'ruler', 'safety pin', 'salt shaker', 'sandal', 'screw', 'shovel', 'space heater', 'spatula', 'speaker', 'strainer', 'sunglasses', 'teddy bear', 'television', 'umbrella', 'vase', 'wallet', 'waste container', 'water bottle', 'whistle']"
141529,ILSVRC2012_val_00006028.JPEG,100,T-shirt,T-shirt,3.229,ad770ee2cb048c53,False,"['Band-Aid', 'T-shirt', 'backpack', 'banana', 'cleaver', 'clothes iron', 'coffee mug', 'computer mouse', 'digital watch', 'doormat', 'dumbbell', 'envelope', 'hair dryer', 'hammer', 'lampshade', 'lemon', 'lipstick', 'match', 'mobile phone', 'necklace', 'padlock', 'paintbrush', 'paper towel', 'park bench', 'pill bottle', 'pillow', 'plastic bag', 'plunger', 'power drill', 'printer', 'racket', 'ruler', 'safety pin', 'salt shaker', 'sandal', 'screw', 'shovel', 'space heater', 'spatula', 'speaker', 'strainer', 'sunglasses', 'teddy bear', 'television', 'umbrella', 'vase', 'wallet', 'waste container', 'water bottle', 'whistle']"
137985,ILSVRC2012_val_00006034.JPEG,100,digital watch,digital watch,2.673,112afc37b2708a85,False,"['Band-Aid', 'T-shirt', 'backpack', 'banana', 'cleaver', 'clothes iron', 'coffee mug', 'computer mouse', 'digital watch', 'doormat', 'dumbbell', 'envelope', 'hair dryer', 'hammer', 'lampshade', 'lemon', 'lipstick', 'match', 'mobile phone', 'necklace', 'padlock', 'paintbrush', 'paper towel', 'park bench', 'pill bottle', 'pillow', 'plastic bag', 'plunger', 'power drill', 'printer', 'racket', 'ruler', 'safety pin', 'salt shaker', 'sandal', 'screw', 'shovel', 'space heater', 'spatula', 'speaker', 'strainer', 'sunglasses', 'teddy bear', 'television', 'umbrella', 'vase', 'wallet', 'waste container', 'water bottle', 'whistle']"
140220,ILSVRC2012_val_00006074.JPEG,100,strainer,plunger,4.452,de2a45474c296851,False,"['Band-Aid', 'T-shirt', 'backpack', 'banana', 'cleaver', 'clothes iron', 'coffee mug', 'computer mouse', 'digital watch', 'doormat', 'dumbbell', 'envelope', 'hair dryer', 'hammer', 'lampshade', 'lemon', 'lipstick', 'match', 'mobile phone', 'necklace', 'padlock', 'paintbrush', 'paper towel', 'park bench', 'pill bottle', 'pillow', 'plastic bag', 'plunger', 'power drill', 'printer', 'racket', 'ruler', 'safety pin', 'salt shaker', 'sandal', 'screw', 'shovel', 'space heater', 'spatula', 'speaker', 'strainer', 'sunglasses', 'teddy bear', 'television', 'umbrella', 'vase', 'wallet', 'waste container', 'water bottle', 'whistle']"
142338,ILSVRC2012_val_00006226.JPEG,100,T-shirt,T-shirt,4.044,de2a45474c296851,False,"['Band-Aid', 'T-shirt', 'backpack', 'banana', 'cleaver', 'clothes iron', 'coffee mug', 'computer mouse', 'digital watch', 'doormat', 'dumbbell', 'envelope', 'hair dryer', 'hammer', 'lampshade', 'lemon', 'lipstick', 'match', 'mobile phone', 'necklace', 'padlock', 'paintbrush', 'paper towel', 'park bench', 'pill bottle', 'pillow', 'plastic bag', 'plunger', 'power drill', 'printer', 'racket', 'ruler', 'safety pin', 'salt shaker', 'sandal', 'screw', 'shovel', 'space heater', 'spatula', 'speaker', 'strainer', 'sunglasses', 'teddy bear', 'television', 'umbrella', 'vase', 'wallet', 'waste container', 'water bottle', 'whistle']"
134872,ILSVRC2012_val_00006379.JPEG,100,backpack,backpack,3.246,031f47554f0462f7,False,"['Band-Aid', 'T-shirt', 'backpack', 'banana', 'cleaver', 'clothes iron', 'coffee mug', 'computer mouse', 'digital watch', 'doormat', 'dumbbell', 'envelope', 'hair dryer', 'hammer', 'lampshade', 'lemon', 'lipstick', 'match', 'mobile phone', 'necklace', 'padlock', 'paintbrush', 'paper towel', 'park bench', 'pill bottle', 'pillow', 'plastic bag', 'plunger', 'power drill', 'printer', 'racket', 'ruler', 'safety pin', 'salt shaker', 'sandal', 'screw', 'shovel', 'space heater', 'spatula', 'speaker', 'strainer', 'sunglasses', 'teddy bear', 'television', 'umbrella', 'vase', 'wallet', 'waste container', 'water bottle', 'whistle']"
169018,ILSVRC2012_val_00006559.JPEG,100,paintbrush,paintbrush,2.675,a4bb7f25df020fdb,False,"['Band-Aid', 'T-shirt', 'backpack', 'banana', 'cleaver', 'clothes iron', 'coffee mug', 'computer mouse', 'digital watch', 'doormat', 'dumbbell', 'envelope', 'hair dryer', 'hammer', 'lampshade', 'lemon', 'lipstick', 'match', 'mobile phone', 'necklace', 'padlock', 'paintbrush', 'paper towel', 'park bench', 'pill bottle', 'pillow', 'plastic bag', 'plunger', 'power drill', 'printer', 'racket', 'ruler', 'safety pin', 'salt shaker', 'sandal', 'screw', 'shovel', 'space heater', 'spatula', 'speaker', 'strainer', 'sunglasses', 'teddy bear', 'television', 'umbrella', 'vase', 'wallet', 'waste container', 'water bottle', 'whistle']"
134501,ILSVRC2012_val_00006606.JPEG,100,necklace,necklace,2.63,4c3df4ac9dc20573,False,"['Band-Aid', 'T-shirt', 'backpack', 'banana', 'cleaver', 'clothes iron', 'coffee mug', 'computer mouse', 'digital watch', 'doormat', 'dumbbell', 'envelope', 'hair dryer', 'hammer', 'lampshade', 'lemon', 'lipstick', 'match', 'mobile phone', 'necklace', 'padlock', 'paintbrush', 'paper towel', 'park bench', 'pill bottle', 'pillow', 'plastic bag', 'plunger', 'power drill', 'printer', 'racket', 'ruler', 'safety pin', 'salt shaker', 'sandal', 'screw', 'shovel', 'space heater', 'spatula', 'speaker', 'strainer', 'sunglasses', 'teddy bear', 'television', 'umbrella', 'vase', 'wallet', 'waste container', 'water bottle', 'whistle']"
139927,ILSVRC2012_val_00006712.JPEG,100,vase,vase,2.084,2122f594e4b9be9d,False,"['Band-Aid', 'T-shirt', 'backpack', 'banana', 'cleaver', 'clothes iron', 'coffee mug', 'computer mouse', 'digital watch', 'doormat', 'dumbbell', 'envelope', 'hair dryer', 'hammer', 'lampshade', 'lemon', 'lipstick', 'match', 'mobile phone', 'necklace', 'padlock', 'paintbrush', 'paper towel', 'park bench', 'pill bottle', 'pillow', 'plastic bag', 'plunger', 'power drill', 'printer', 'racket', 'ruler', 'safety pin', 'salt shaker', 'sandal', 'screw', 'shovel', 'space heater', 'spatula', 'speaker', 'strainer', 'sunglasses', 'teddy bear', 'television', 'umbrella', 'vase', 'wallet', 'waste container', 'water bottle', 'whistle']"
135882,ILSVRC2012_val_00006728.JPEG,100,banana,banana,7.814,810d6c5bc89f1af2,False,"['Band-Aid', 'T-shirt', 'backpack', 'banana', 'cleaver', 'clothes iron', 'coffee mug', 'computer mouse', 'digital watch', 'doormat', 'dumbbell', 'envelope', 'hair dryer', 'hammer', 'lampshade', 'lemon', 'lipstick', 'match', 'mobile phone', 'necklace', 'padlock', 'paintbrush', 'paper towel', 'park bench', 'pill bottle', 'pillow', 'plastic bag', 'plunger', 'power drill', 'printer', 'racket', 'ruler', 'safety pin', 'salt shaker', 'sandal', 'screw', 'shovel', 'space heater', 'spatula', 'speaker', 'strainer', 'sunglasses', 'teddy bear', 'television', 'umbrella', 'vase', 'wallet', 'waste container', 'water bottle', 'whistle']"
152958,ILSVRC2012_val_00006731.JPEG,100,necklace,necklace,6.732,d4c63837c4508ce1,False,"['Band-Aid', 'T-shirt', 'backpack', 'banana', 'cleaver', 'clothes iron', 'coffee mug', 'computer mouse', 'digital watch', 'doormat', 'dumbbell', 'envelope', 'hair dryer', 'hammer', 'lampshade', 'lemon', 'lipstick', 'match', 'mobile phone', 'necklace', 'padlock', 'paintbrush', 'paper towel', 'park bench', 'pill bottle', 'pillow', 'plastic bag', 'plunger', 'power drill', 'printer', 'racket', 'ruler', 'safety pin', 'salt shaker', 'sandal', 'screw', 'shovel', 'space heater', 'spatula', 'speaker', 'strainer', 'sunglasses', 'teddy bear', 'television', 'umbrella', 'vase', 'wallet', 'waste container', 'water bottle', 'whistle']"
134471,ILSVRC2012_val_00006774.JPEG,100,T-shirt,digital watch,9.572,97cfefe6e0949e91,False,"['Band-Aid', 'T-shirt', 'backpack', 'banana', 'cleaver', 'clothes iron', 'coffee mug', 'computer mouse', 'digital watch', 'doormat', 'dumbbell', 'envelope', 'hair dryer', 'hammer', 'lampshade', 'lemon', 'lipstick', 'match', 'mobile phone', 'necklace', 'padlock', 'paintbrush', 'paper towel', 'park bench', 'pill bottle', 'pillow', 'plastic bag', 'plunger', 'power drill', 'printer', 'racket', 'ruler', 'safety pin', 'salt shaker', 'sandal', 'screw', 'shovel', 'space heater', 'spatula', 'speaker', 'strainer', 'sunglasses', 'teddy bear', 'television', 'umbrella', 'vase', 'wallet', 'waste container', 'water bottle', 'whistle']"
142306,ILSVRC2012_val_00006807.JPEG,100,T-shirt,T-shirt,3.204,eb92c9b9ca47fb5a,False,"['Band-Aid', 'T-shirt', 'backpack', 'banana', 'cleaver', 'clothes iron', 'coffee mug', 'computer mouse', 'digital watch', 'doormat', 'dumbbell', 'envelope', 'hair dryer', 'hammer', 'lampshade', 'lemon', 'lipstick', 'match', 'mobile phone', 'necklace', 'padlock', 'paintbrush', 'paper towel', 'park bench', 'pill bottle', 'pillow', 'plastic bag', 'plunger', 'power drill', 'printer', 'racket', 'ruler', 'safety pin', 'salt shaker', 'sandal', 'screw', 'shovel', 'space heater', 'spatula', 'speaker', 'strainer', 'sunglasses', 'teddy bear', 'television', 'umbrella', 'vase', 'wallet', 'waste container', 'water bottle', 'whistle']"
157010,ILSVRC2012_val_00006813.JPEG,100,clothes iron,clothes iron,3.516,7deeda14388b2582,False,"['Band-Aid', 'T-shirt', 'backpack', 'banana', 'cleaver', 'clothes iron', 'coffee mug', 'computer mouse', 'digital watch', 'doormat', 'dumbbell', 'envelope', 'hair dryer', 'hammer', 'lampshade', 'lemon', 'lipstick', 'match', 'mobile phone', 'necklace', 'padlock', 'paintbrush', 'paper towel', 'park bench', 'pill bottle', 'pillow', 'plastic bag', 'plunger', 'power drill', 'printer', 'racket', 'ruler', 'safety pin', 'salt shaker', 'sandal', 'screw', 'shovel', 'space heater', 'spatula', 'speaker', 'strainer', 'sunglasses', 'teddy bear', 'television', 'umbrella', 'vase', 'wallet', 'waste container', 'water bottle', 'whistle']"
147489,ILSVRC2012_val_00006949.JPEG,100,water bottle,water bottle,3.509,976563e4afd76090,False,"['Band-Aid', 'T-shirt', 'backpack', 'banana', 'cleaver', 'clothes iron', 'coffee mug', 'computer mouse', 'digital watch', 'doormat', 'dumbbell', 'envelope', 'hair dryer', 'hammer', 'lampshade', 'lemon', 'lipstick', 'match', 'mobile phone', 'necklace', 'padlock', 'paintbrush', 'paper towel', 'park bench', 'pill bottle', 'pillow', 'plastic bag', 'plunger', 'power drill', 'printer', 'racket', 'ruler', 'safety pin', 'salt shaker', 'sandal', 'screw', 'shovel', 'space heater', 'spatula', 'speaker', 'strainer', 'sunglasses', 'teddy bear', 'television', 'umbrella', 'vase', 'wallet', 'waste container', 'water bottle', 'whistle']"
152735,ILSVRC2012_val_00006996.JPEG,100,teddy bear,padlock,2.512,7bd4f01d17c6a4aa,False,"['Band-Aid', 'T-shirt', 'backpack', 'banana', 'cleaver', 'clothes iron', 'coffee mug', 'computer mouse', 'digital watch', 'doormat', 'dumbbell', 'envelope', 'hair dryer', 'hammer', 'lampshade', 'lemon', 'lipstick', 'match', 'mobile phone', 'necklace', 'padlock', 'paintbrush', 'paper towel', 'park bench', 'pill bottle', 'pillow', 'plastic bag', 'plunger', 'power drill', 'printer', 'racket', 'ruler', 'safety pin', 'salt shaker', 'sandal', 'screw', 'shovel', 'space heater', 'spatula', 'speaker', 'strainer', 'sunglasses', 'teddy bear', 'television', 'umbrella', 'vase', 'wallet', 'waste container', 'water bottle', 'whistle']"
145880,ILSVRC2012_val_00007017.JPEG,100,water bottle,water bottle,1.872,6f6457fd5e11ffd0,False,"['Band-Aid', 'T-shirt', 'backpack', 'banana', 'cleaver', 'clothes iron', 'coffee mug', 'computer mouse', 'digital watch', 'doormat', 'dumbbell', 'envelope', 'hair dryer', 'hammer', 'lampshade', 'lemon', 'lipstick', 'match', 'mobile phone', 'necklace', 'padlock', 'paintbrush', 'paper towel', 'park bench', 'pill bottle', 'pillow', 'plastic bag', 'plunger', 'power drill', 'printer', 'racket', 'ruler', 'safety pin', 'salt shaker', 'sandal', 'screw', 'shovel', 'space heater', 'spatula', 'speaker', 'strainer', 'sunglasses', 'teddy bear', 'television', 'umbrella', 'vase', 'wallet', 'waste container', 'water bottle', 'whistle']"
141481,ILSVRC2012_val_00007045.JPEG,100,teddy bear,teddy bear,1.941,65beba376c0f0b51,False,"['Band-Aid', 'T-shirt', 'backpack', 'banana', 'cleaver', 'clothes iron', 'coffee mug', 'computer mouse', 'digital watch', 'doormat', 'dumbbell', 'envelope', 'hair dryer', 'hammer', 'lampshade', 'lemon', 'lipstick', 'match', 'mobile phone', 'necklace', 'padlock', 'paintbrush', 'paper towel', 'park bench', 'pill bottle', 'pillow', 'plastic bag', 'plunger', 'power drill', 'printer', 'racket', 'ruler', 'safety pin', 'salt shaker', 'sandal', 'screw', 'shovel', 'space heater', 'spatula', 'speaker', 'strainer', 'sunglasses', 'teddy bear', 'television', 'umbrella', 'vase', 'wallet', 'waste container', 'water bottle', 'whistle']"
145896,ILSVRC2012_val_00007160.JPEG,100,sandal,sandal,4.341,98850d51a34c88f4,False,"['Band-Aid', 'T-shirt', 'backpack', 'banana', 'cleaver', 'clothes iron', 'coffee mug', 'computer mouse', 'digital watch', 'doormat', 'dumbbell', 'envelope', 'hair dryer', 'hammer', 'lampshade', 'lemon', 'lipstick', 'match', 'mobile phone', 'necklace', 'padlock', 'paintbrush', 'paper towel', 'park bench', 'pill bottle', 'pillow', 'plastic bag', 'plunger', 'power drill', 'printer', 'racket', 'ruler', 'safety pin', 'salt shaker', 'sandal', 'screw', 'shovel', 'space heater', 'spatula', 'speaker', 'strainer', 'sunglasses', 'teddy bear', 'television', 'umbrella', 'vase', 'wallet', 'waste container', 'water bottle', 'whistle']"
137922,ILSVRC2012_val_00007298.JPEG,100,teddy bear,teddy bear,2.546,2eb094514afba8fc,False,"['Band-Aid', 'T-shirt', 'backpack', 'banana', 'cleaver', 'clothes iron', 'coffee mug', 'computer mouse', 'digital watch', 'doormat', 'dumbbell', 'envelope', 'hair dryer', 'hammer', 'lampshade', 'lemon', 'lipstick', 'match', 'mobile phone', 'necklace', 'padlock', 'paintbrush', 'paper towel', 'park bench', 'pill bottle', 'pillow', 'plastic bag', 'plunger', 'power drill', 'printer', 'racket', 'ruler', 'safety pin', 'salt shaker', 'sandal', 'screw', 'shovel', 'space heater', 'spatula', 'speaker', 'strainer', 'sunglasses', 'teddy bear', 'television', 'umbrella', 'vase', 'wallet', 'waste container', 'water bottle', 'whistle']"
137936,ILSVRC2012_val_00007341.JPEG,100,backpack,backpack,1.833,ebee8d1e6bc74afd,False,"['Band-Aid', 'T-shirt', 'backpack', 'banana', 'cleaver', 'clothes iron', 'coffee mug', 'computer mouse', 'digital watch', 'doormat', 'dumbbell', 'envelope', 'hair dryer', 'hammer', 'lampshade', 'lemon', 'lipstick', 'match', 'mobile phone', 'necklace', 'padlock', 'paintbrush', 'paper towel', 'park bench', 'pill bottle', 'pillow', 'plastic bag', 'plunger', 'power drill', 'printer', 'racket', 'ruler', 'safety pin', 'salt shaker', 'sandal', 'screw', 'shovel', 'space heater', 'spatula', 'speaker', 'strainer', 'sunglasses', 'teddy bear', 'television', 'umbrella', 'vase', 'wallet', 'waste container', 'water bottle', 'whistle']"
157191,ILSVRC2012_val_00007391.JPEG,100,hammer,hammer,7.88,d0146f532a5ff387,False,"['Band-Aid', 'T-shirt', 'backpack', 'banana', 'cleaver', 'clothes iron', 'coffee mug', 'computer mouse', 'digital watch', 'doormat', 'dumbbell', 'envelope', 'hair dryer', 'hammer', 'lampshade', 'lemon', 'lipstick', 'match', 'mobile phone', 'necklace', 'padlock', 'paintbrush', 'paper towel', 'park bench', 'pill bottle', 'pillow', 'plastic bag', 'plunger', 'power drill', 'printer', 'racket', 'ruler', 'safety pin', 'salt shaker', 'sandal', 'screw', 'shovel', 'space heater', 'spatula', 'speaker', 'strainer', 'sunglasses', 'teddy bear', 'television', 'umbrella', 'vase', 'wallet', 'waste container', 'water bottle', 'whistle']"
150341,ILSVRC2012_val_00007401.JPEG,100,teddy bear,plunger,3.073,2e8fb6aef3792dd0,False,"['Band-Aid', 'T-shirt', 'backpack', 'banana', 'cleaver', 'clothes iron', 'coffee mug', 'computer mouse', 'digital watch', 'doormat', 'dumbbell', 'envelope', 'hair dryer', 'hammer', 'lampshade', 'lemon', 'lipstick', 'match', 'mobile phone', 'necklace', 'padlock', 'paintbrush', 'paper towel', 'park bench', 'pill bottle', 'pillow', 'plastic bag', 'plunger', 'power drill', 'printer', 'racket', 'ruler', 'safety pin', 'salt shaker', 'sandal', 'screw', 'shovel', 'space heater', 'spatula', 'speaker', 'strainer', 'sunglasses', 'teddy bear', 'television', 'umbrella', 'vase', 'wallet', 'waste container', 'water bottle', 'whistle']"
142457,ILSVRC2012_val_00007420.JPEG,100,power drill,power drill,16.887,e4ea18503492b09e,False,"['Band-Aid', 'T-shirt', 'backpack', 'banana', 'cleaver', 'clothes iron', 'coffee mug', 'computer mouse', 'digital watch', 'doormat', 'dumbbell', 'envelope', 'hair dryer', 'hammer', 'lampshade', 'lemon', 'lipstick', 'match', 'mobile phone', 'necklace', 'padlock', 'paintbrush', 'paper towel', 'park bench', 'pill bottle', 'pillow', 'plastic bag', 'plunger', 'power drill', 'printer', 'racket', 'ruler', 'safety pin', 'salt shaker', 'sandal', 'screw', 'shovel', 'space heater', 'spatula', 'speaker', 'strainer', 'sunglasses', 'teddy bear', 'television', 'umbrella', 'vase', 'wallet', 'waste container', 'water bottle', 'whistle']"
137128,ILSVRC2012_val_00007439.JPEG,100,teddy bear,teddy bear,3.275,aefe03f01e09e5d5,False,"['Band-Aid', 'T-shirt', 'backpack', 'banana', 'cleaver', 'clothes iron', 'coffee mug', 'computer mouse', 'digital watch', 'doormat', 'dumbbell', 'envelope', 'hair dryer', 'hammer', 'lampshade', 'lemon', 'lipstick', 'match', 'mobile phone', 'necklace', 'padlock', 'paintbrush', 'paper towel', 'park bench', 'pill bottle', 'pillow', 'plastic bag', 'plunger', 'power drill', 'printer', 'racket', 'ruler', 'safety pin', 'salt shaker', 'sandal', 'screw', 'shovel', 'space heater', 'spatula', 'speaker', 'strainer', 'sunglasses', 'teddy bear', 'television', 'umbrella', 'vase', 'wallet', 'waste container', 'water bottle', 'whistle']"
147025,ILSVRC2012_val_00007502.JPEG,100,paper towel,paper towel,6.924,479a2f2dc939540d,False,"['Band-Aid', 'T-shirt', 'backpack', 'banana', 'cleaver', 'clothes iron', 'coffee mug', 'computer mouse', 'digital watch', 'doormat', 'dumbbell', 'envelope', 'hair dryer', 'hammer', 'lampshade', 'lemon', 'lipstick', 'match', 'mobile phone', 'necklace', 'padlock', 'paintbrush', 'paper towel', 'park bench', 'pill bottle', 'pillow', 'plastic bag', 'plunger', 'power drill', 'printer', 'racket', 'ruler', 'safety pin', 'salt shaker', 'sandal', 'screw', 'shovel', 'space heater', 'spatula', 'speaker', 'strainer', 'sunglasses', 'teddy bear', 'television', 'umbrella', 'vase', 'wallet', 'waste container', 'water bottle', 'whistle']"
158251,ILSVRC2012_val_00007656.JPEG,100,lampshade,space heater,37.023,dd34e1d896d5d5e1,False,"['Band-Aid', 'T-shirt', 'backpack', 'banana', 'cleaver', 'clothes iron', 'coffee mug', 'computer mouse', 'digital watch', 'doormat', 'dumbbell', 'envelope', 'hair dryer', 'hammer', 'lampshade', 'lemon', 'lipstick', 'match', 'mobile phone', 'necklace', 'padlock', 'paintbrush', 'paper towel', 'park bench', 'pill bottle', 'pillow', 'plastic bag', 'plunger', 'power drill', 'printer', 'racket', 'ruler', 'safety pin', 'salt shaker', 'sandal', 'screw', 'shovel', 'space heater', 'spatula', 'speaker', 'strainer', 'sunglasses', 'teddy bear', 'television', 'umbrella', 'vase', 'wallet', 'waste container', 'water bottle', 'whistle']"
147692,ILSVRC2012_val_00007720.JPEG,100,paintbrush,shovel,4.939,5dc26d05ac8c2bf8,False,"['Band-Aid', 'T-shirt', 'backpack', 'banana', 'cleaver', 'clothes iron', 'coffee mug', 'computer mouse', 'digital watch', 'doormat', 'dumbbell', 'envelope', 'hair dryer', 'hammer', 'lampshade', 'lemon', 'lipstick', 'match', 'mobile phone', 'necklace', 'padlock', 'paintbrush', 'paper towel', 'park bench', 'pill bottle', 'pillow', 'plastic bag', 'plunger', 'power drill', 'printer', 'racket', 'ruler', 'safety pin', 'salt shaker', 'sandal', 'screw', 'shovel', 'space heater', 'spatula', 'speaker', 'strainer', 'sunglasses', 'teddy bear', 'television', 'umbrella', 'vase', 'wallet', 'waste container', 'water bottle', 'whistle']"
145328,ILSVRC2012_val_00007744.JPEG,100,necklace,necklace,2.103,1e1f6da46d2530c9,False,"['Band-Aid', 'T-shirt', 'backpack', 'banana', 'cleaver', 'clothes iron', 'coffee mug', 'computer mouse', 'digital watch', 'doormat', 'dumbbell', 'envelope', 'hair dryer', 'hammer', 'lampshade', 'lemon', 'lipstick', 'match', 'mobile phone', 'necklace', 'padlock', 'paintbrush', 'paper towel', 'park bench', 'pill bottle', 'pillow', 'plastic bag', 'plunger', 'power drill', 'printer', 'racket', 'ruler', 'safety pin', 'salt shaker', 'sandal', 'screw', 'shovel', 'space heater', 'spatula', 'speaker', 'strainer', 'sunglasses', 'teddy bear', 'television', 'umbrella', 'vase', 'wallet', 'waste container', 'water bottle', 'whistle']"
134693,ILSVRC2012_val_00007780.JPEG,100,padlock,padlock,5.126,c57dbcb36fa6b802,False,"['Band-Aid', 'T-shirt', 'backpack', 'banana', 'cleaver', 'clothes iron', 'coffee mug', 'computer mouse', 'digital watch', 'doormat', 'dumbbell', 'envelope', 'hair dryer', 'hammer', 'lampshade', 'lemon', 'lipstick', 'match', 'mobile phone', 'necklace', 'padlock', 'paintbrush', 'paper towel', 'park bench', 'pill bottle', 'pillow', 'plastic bag', 'plunger', 'power drill', 'printer', 'racket', 'ruler', 'safety pin', 'salt shaker', 'sandal', 'screw', 'shovel', 'space heater', 'spatula', 'speaker', 'strainer', 'sunglasses', 'teddy bear', 'television', 'umbrella', 'vase', 'wallet', 'waste container', 'water bottle', 'whistle']"
141718,ILSVRC2012_val_00007865.JPEG,100,Band-Aid,Band-Aid,3.961,8fa7917f5ee4451c,False,"['Band-Aid', 'T-shirt', 'backpack', 'banana', 'cleaver', 'clothes iron', 'coffee mug', 'computer mouse', 'digital watch', 'doormat', 'dumbbell', 'envelope', 'hair dryer', 'hammer', 'lampshade', 'lemon', 'lipstick', 'match', 'mobile phone', 'necklace', 'padlock', 'paintbrush', 'paper towel', 'park bench', 'pill bottle', 'pillow', 'plastic bag', 'plunger', 'power drill', 'printer', 'racket', 'ruler', 'safety pin', 'salt shaker', 'sandal', 'screw', 'shovel', 'space heater', 'spatula', 'speaker', 'strainer', 'sunglasses', 'teddy bear', 'television', 'umbrella', 'vase', 'wallet', 'waste container', 'water bottle', 'whistle']"
150626,ILSVRC2012_val_00007959.JPEG,100,paintbrush,paintbrush,1.743,753f2e0558901629,False,"['Band-Aid', 'T-shirt', 'backpack', 'banana', 'cleaver', 'clothes iron', 'coffee mug', 'computer mouse', 'digital watch', 'doormat', 'dumbbell', 'envelope', 'hair dryer', 'hammer', 'lampshade', 'lemon', 'lipstick', 'match', 'mobile phone', 'necklace', 'padlock', 'paintbrush', 'paper towel', 'park bench', 'pill bottle', 'pillow', 'plastic bag', 'plunger', 'power drill', 'printer', 'racket', 'ruler', 'safety pin', 'salt shaker', 'sandal', 'screw', 'shovel', 'space heater', 'spatula', 'speaker', 'strainer', 'sunglasses', 'teddy bear', 'television', 'umbrella', 'vase', 'wallet', 'waste container', 'water bottle', 'whistle']"
137211,ILSVRC2012_val_00007961.JPEG,100,T-shirt,T-shirt,2.588,a5f7c98059b11680,False,"['Band-Aid', 'T-shirt', 'backpack', 'banana', 'cleaver', 'clothes iron', 'coffee mug', 'computer mouse', 'digital watch', 'doormat', 'dumbbell', 'envelope', 'hair dryer', 'hammer', 'lampshade', 'lemon', 'lipstick', 'match', 'mobile phone', 'necklace', 'padlock', 'paintbrush', 'paper towel', 'park bench', 'pill bottle', 'pillow', 'plastic bag', 'plunger', 'power drill', 'printer', 'racket', 'ruler', 'safety pin', 'salt shaker', 'sandal', 'screw', 'shovel', 'space heater', 'spatula', 'speaker', 'strainer', 'sunglasses', 'teddy bear', 'television', 'umbrella', 'vase', 'wallet', 'waste container', 'water bottle', 'whistle']"
149449,ILSVRC2012_val_00008022.JPEG,100,T-shirt,T-shirt,4.015,57fbbe40b49bfe82,False,"['Band-Aid', 'T-shirt', 'backpack', 'banana', 'cleaver', 'clothes iron', 'coffee mug', 'computer mouse', 'digital watch', 'doormat', 'dumbbell', 'envelope', 'hair dryer', 'hammer', 'lampshade', 'lemon', 'lipstick', 'match', 'mobile phone', 'necklace', 'padlock', 'paintbrush', 'paper towel', 'park bench', 'pill bottle', 'pillow', 'plastic bag', 'plunger', 'power drill', 'printer', 'racket', 'ruler', 'safety pin', 'salt shaker', 'sandal', 'screw', 'shovel', 'space heater', 'spatula', 'speaker', 'strainer', 'sunglasses', 'teddy bear', 'television', 'umbrella', 'vase', 'wallet', 'waste container', 'water bottle', 'whistle']"
164464,ILSVRC2012_val_00008273.JPEG,100,T-shirt,T-shirt,2.381,b5278343d4c1c88d,False,"['Band-Aid', 'T-shirt', 'backpack', 'banana', 'cleaver', 'clothes iron', 'coffee mug', 'computer mouse', 'digital watch', 'doormat', 'dumbbell', 'envelope', 'hair dryer', 'hammer', 'lampshade', 'lemon', 'lipstick', 'match', 'mobile phone', 'necklace', 'padlock', 'paintbrush', 'paper towel', 'park bench', 'pill bottle', 'pillow', 'plastic bag', 'plunger', 'power drill', 'printer', 'racket', 'ruler', 'safety pin', 'salt shaker', 'sandal', 'screw', 'shovel', 'space heater', 'spatula', 'speaker', 'strainer', 'sunglasses', 'teddy bear', 'television', 'umbrella', 'vase', 'wallet', 'waste container', 'water bottle', 'whistle']"
169596,ILSVRC2012_val_00008296.JPEG,100,digital watch,digital watch,8.831,6add2963ec12d422,False,"['Band-Aid', 'T-shirt', 'backpack', 'banana', 'cleaver', 'clothes iron', 'coffee mug', 'computer mouse', 'digital watch', 'doormat', 'dumbbell', 'envelope', 'hair dryer', 'hammer', 'lampshade', 'lemon', 'lipstick', 'match', 'mobile phone', 'necklace', 'padlock', 'paintbrush', 'paper towel', 'park bench', 'pill bottle', 'pillow', 'plastic bag', 'plunger', 'power drill', 'printer', 'racket', 'ruler', 'safety pin', 'salt shaker', 'sandal', 'screw', 'shovel', 'space heater', 'spatula', 'speaker', 'strainer', 'sunglasses', 'teddy bear', 'television', 'umbrella', 'vase', 'wallet', 'waste container', 'water bottle', 'whistle']"
153303,ILSVRC2012_val_00008306.JPEG,100,sunglasses,sunglasses,2.935,a0372fe41848cab6,False,"['Band-Aid', 'T-shirt', 'backpack', 'banana', 'cleaver', 'clothes iron', 'coffee mug', 'computer mouse', 'digital watch', 'doormat', 'dumbbell', 'envelope', 'hair dryer', 'hammer', 'lampshade', 'lemon', 'lipstick', 'match', 'mobile phone', 'necklace', 'padlock', 'paintbrush', 'paper towel', 'park bench', 'pill bottle', 'pillow', 'plastic bag', 'plunger', 'power drill', 'printer', 'racket', 'ruler', 'safety pin', 'salt shaker', 'sandal', 'screw', 'shovel', 'space heater', 'spatula', 'speaker', 'strainer', 'sunglasses', 'teddy bear', 'television', 'umbrella', 'vase', 'wallet', 'waste container', 'water bottle', 'whistle']"
146807,ILSVRC2012_val_00008314.JPEG,100,mobile phone,mobile phone,4.956,810d6c5bc89f1af2,False,"['Band-Aid', 'T-shirt', 'backpack', 'banana', 'cleaver', 'clothes iron', 'coffee mug', 'computer mouse', 'digital watch', 'doormat', 'dumbbell', 'envelope', 'hair dryer', 'hammer', 'lampshade', 'lemon', 'lipstick', 'match', 'mobile phone', 'necklace', 'padlock', 'paintbrush', 'paper towel', 'park bench', 'pill bottle', 'pillow', 'plastic bag', 'plunger', 'power drill', 'printer', 'racket', 'ruler', 'safety pin', 'salt shaker', 'sandal', 'screw', 'shovel', 'space heater', 'spatula', 'speaker', 'strainer', 'sunglasses', 'teddy bear', 'television', 'umbrella', 'vase', 'wallet', 'waste container', 'water bottle', 'whistle']"
138020,ILSVRC2012_val_00008345.JPEG,100,printer,printer,8.294,4bca4b679a668f40,False,"['Band-Aid', 'T-shirt', 'backpack', 'banana', 'cleaver', 'clothes iron', 'coffee mug', 'computer mouse', 'digital watch', 'doormat', 'dumbbell', 'envelope', 'hair dryer', 'hammer', 'lampshade', 'lemon', 'lipstick', 'match', 'mobile phone', 'necklace', 'padlock', 'paintbrush', 'paper towel', 'park bench', 'pill bottle', 'pillow', 'plastic bag', 'plunger', 'power drill', 'printer', 'racket', 'ruler', 'safety pin', 'salt shaker', 'sandal', 'screw', 'shovel', 'space heater', 'spatula', 'speaker', 'strainer', 'sunglasses', 'teddy bear', 'television', 'umbrella', 'vase', 'wallet', 'waste container', 'water bottle', 'whistle']"
146823,ILSVRC2012_val_00008403.JPEG,100,wallet,wallet,2.37,f7bbd7b93bafb575,False,"['Band-Aid', 'T-shirt', 'backpack', 'banana', 'cleaver', 'clothes iron', 'coffee mug', 'computer mouse', 'digital watch', 'doormat', 'dumbbell', 'envelope', 'hair dryer', 'hammer', 'lampshade', 'lemon', 'lipstick', 'match', 'mobile phone', 'necklace', 'padlock', 'paintbrush', 'paper towel', 'park bench', 'pill bottle', 'pillow', 'plastic bag', 'plunger', 'power drill', 'printer', 'racket', 'ruler', 'safety pin', 'salt shaker', 'sandal', 'screw', 'shovel', 'space heater', 'spatula', 'speaker', 'strainer', 'sunglasses', 'teddy bear', 'television', 'umbrella', 'vase', 'wallet', 'waste container', 'water bottle', 'whistle']"
137180,ILSVRC2012_val_00008467.JPEG,100,screw,screw,2.121,87523b20b793c2fb,False,"['Band-Aid', 'T-shirt', 'backpack', 'banana', 'cleaver', 'clothes iron', 'coffee mug', 'computer mouse', 'digital watch', 'doormat', 'dumbbell', 'envelope', 'hair dryer', 'hammer', 'lampshade', 'lemon', 'lipstick', 'match', 'mobile phone', 'necklace', 'padlock', 'paintbrush', 'paper towel', 'park bench', 'pill bottle', 'pillow', 'plastic bag', 'plunger', 'power drill', 'printer', 'racket', 'ruler', 'safety pin', 'salt shaker', 'sandal', 'screw', 'shovel', 'space heater', 'spatula', 'speaker', 'strainer', 'sunglasses', 'teddy bear', 'television', 'umbrella', 'vase', 'wallet', 'waste container', 'water bottle', 'whistle']"
134600,ILSVRC2012_val_00008489.JPEG,100,clothes iron,clothes iron,14.936,db9de0a72959b0d5,False,"['Band-Aid', 'T-shirt', 'backpack', 'banana', 'cleaver', 'clothes iron', 'coffee mug', 'computer mouse', 'digital watch', 'doormat', 'dumbbell', 'envelope', 'hair dryer', 'hammer', 'lampshade', 'lemon', 'lipstick', 'match', 'mobile phone', 'necklace', 'padlock', 'paintbrush', 'paper towel', 'park bench', 'pill bottle', 'pillow', 'plastic bag', 'plunger', 'power drill', 'printer', 'racket', 'ruler', 'safety pin', 'salt shaker', 'sandal', 'screw', 'shovel', 'space heater', 'spatula', 'speaker', 'strainer', 'sunglasses', 'teddy bear', 'television', 'umbrella', 'vase', 'wallet', 'waste container', 'water bottle', 'whistle']"
142254,ILSVRC2012_val_00008541.JPEG,100,mobile phone,television,2.268,3cf68b1ff11771db,False,"['Band-Aid', 'T-shirt', 'backpack', 'banana', 'cleaver', 'clothes iron', 'coffee mug', 'computer mouse', 'digital watch', 'doormat', 'dumbbell', 'envelope', 'hair dryer', 'hammer', 'lampshade', 'lemon', 'lipstick', 'match', 'mobile phone', 'necklace', 'padlock', 'paintbrush', 'paper towel', 'park bench', 'pill bottle', 'pillow', 'plastic bag', 'plunger', 'power drill', 'printer', 'racket', 'ruler', 'safety pin', 'salt shaker', 'sandal', 'screw', 'shovel', 'space heater', 'spatula', 'speaker', 'strainer', 'sunglasses', 'teddy bear', 'television', 'umbrella', 'vase', 'wallet', 'waste container', 'water bottle', 'whistle']"
145534,ILSVRC2012_val_00008544.JPEG,100,printer,waste container,6.946,0dad8e48637f46a3,False,"['Band-Aid', 'T-shirt', 'backpack', 'banana', 'cleaver', 'clothes iron', 'coffee mug', 'computer mouse', 'digital watch', 'doormat', 'dumbbell', 'envelope', 'hair dryer', 'hammer', 'lampshade', 'lemon', 'lipstick', 'match', 'mobile phone', 'necklace', 'padlock', 'paintbrush', 'paper towel', 'park bench', 'pill bottle', 'pillow', 'plastic bag', 'plunger', 'power drill', 'printer', 'racket', 'ruler', 'safety pin', 'salt shaker', 'sandal', 'screw', 'shovel', 'space heater', 'spatula', 'speaker', 'strainer', 'sunglasses', 'teddy bear', 'television', 'umbrella', 'vase', 'wallet', 'waste container', 'water bottle', 'whistle']"
134571,ILSVRC2012_val_00008583.JPEG,100,mobile phone,mobile phone,3.906,ea380039a0795dc7,False,"['Band-Aid', 'T-shirt', 'backpack', 'banana', 'cleaver', 'clothes iron', 'coffee mug', 'computer mouse', 'digital watch', 'doormat', 'dumbbell', 'envelope', 'hair dryer', 'hammer', 'lampshade', 'lemon', 'lipstick', 'match', 'mobile phone', 'necklace', 'padlock', 'paintbrush', 'paper towel', 'park bench', 'pill bottle', 'pillow', 'plastic bag', 'plunger', 'power drill', 'printer', 'racket', 'ruler', 'safety pin', 'salt shaker', 'sandal', 'screw', 'shovel', 'space heater', 'spatula', 'speaker', 'strainer', 'sunglasses', 'teddy bear', 'television', 'umbrella', 'vase', 'wallet', 'waste container', 'water bottle', 'whistle']"
143433,ILSVRC2012_val_00008596.JPEG,100,digital watch,digital watch,6.329,0e808620feedbfb7,False,"['Band-Aid', 'T-shirt', 'backpack', 'banana', 'cleaver', 'clothes iron', 'coffee mug', 'computer mouse', 'digital watch', 'doormat', 'dumbbell', 'envelope', 'hair dryer', 'hammer', 'lampshade', 'lemon', 'lipstick', 'match', 'mobile phone', 'necklace', 'padlock', 'paintbrush', 'paper towel', 'park bench', 'pill bottle', 'pillow', 'plastic bag', 'plunger', 'power drill', 'printer', 'racket', 'ruler', 'safety pin', 'salt shaker', 'sandal', 'screw', 'shovel', 'space heater', 'spatula', 'speaker', 'strainer', 'sunglasses', 'teddy bear', 'television', 'umbrella', 'vase', 'wallet', 'waste container', 'water bottle', 'whistle']"
141651,ILSVRC2012_val_00008610.JPEG,100,screw,screw,2.829,cf4201300353bb2e,False,"['Band-Aid', 'T-shirt', 'backpack', 'banana', 'cleaver', 'clothes iron', 'coffee mug', 'computer mouse', 'digital watch', 'doormat', 'dumbbell', 'envelope', 'hair dryer', 'hammer', 'lampshade', 'lemon', 'lipstick', 'match', 'mobile phone', 'necklace', 'padlock', 'paintbrush', 'paper towel', 'park bench', 'pill bottle', 'pillow', 'plastic bag', 'plunger', 'power drill', 'printer', 'racket', 'ruler', 'safety pin', 'salt shaker', 'sandal', 'screw', 'shovel', 'space heater', 'spatula', 'speaker', 'strainer', 'sunglasses', 'teddy bear', 'television', 'umbrella', 'vase', 'wallet', 'waste container', 'water bottle', 'whistle']"
141562,ILSVRC2012_val_00008645.JPEG,100,speaker,speaker,15.233,aa384473d8f77015,False,"['Band-Aid', 'T-shirt', 'backpack', 'banana', 'cleaver', 'clothes iron', 'coffee mug', 'computer mouse', 'digital watch', 'doormat', 'dumbbell', 'envelope', 'hair dryer', 'hammer', 'lampshade', 'lemon', 'lipstick', 'match', 'mobile phone', 'necklace', 'padlock', 'paintbrush', 'paper towel', 'park bench', 'pill bottle', 'pillow', 'plastic bag', 'plunger', 'power drill', 'printer', 'racket', 'ruler', 'safety pin', 'salt shaker', 'sandal', 'screw', 'shovel', 'space heater', 'spatula', 'speaker', 'strainer', 'sunglasses', 'teddy bear', 'television', 'umbrella', 'vase', 'wallet', 'waste container', 'water bottle', 'whistle']"
135825,ILSVRC2012_val_00008711.JPEG,100,ruler,ruler,4.607,b98c278f70d8f591,False,"['Band-Aid', 'T-shirt', 'backpack', 'banana', 'cleaver', 'clothes iron', 'coffee mug', 'computer mouse', 'digital watch', 'doormat', 'dumbbell', 'envelope', 'hair dryer', 'hammer', 'lampshade', 'lemon', 'lipstick', 'match', 'mobile phone', 'necklace', 'padlock', 'paintbrush', 'paper towel', 'park bench', 'pill bottle', 'pillow', 'plastic bag', 'plunger', 'power drill', 'printer', 'racket', 'ruler', 'safety pin', 'salt shaker', 'sandal', 'screw', 'shovel', 'space heater', 'spatula', 'speaker', 'strainer', 'sunglasses', 'teddy bear', 'television', 'umbrella', 'vase', 'wallet', 'waste container', 'water bottle', 'whistle']"
137199,ILSVRC2012_val_00008733.JPEG,100,park bench,park bench,1.567,37ad8e26faed8bab,False,"['Band-Aid', 'T-shirt', 'backpack', 'banana', 'cleaver', 'clothes iron', 'coffee mug', 'computer mouse', 'digital watch', 'doormat', 'dumbbell', 'envelope', 'hair dryer', 'hammer', 'lampshade', 'lemon', 'lipstick', 'match', 'mobile phone', 'necklace', 'padlock', 'paintbrush', 'paper towel', 'park bench', 'pill bottle', 'pillow', 'plastic bag', 'plunger', 'power drill', 'printer', 'racket', 'ruler', 'safety pin', 'salt shaker', 'sandal', 'screw', 'shovel', 'space heater', 'spatula', 'speaker', 'strainer', 'sunglasses', 'teddy bear', 'television', 'umbrella', 'vase', 'wallet', 'waste container', 'water bottle', 'whistle']"
135817,ILSVRC2012_val_00008908.JPEG,100,paintbrush,paintbrush,2.509,3463275e7a82dc16,False,"['Band-Aid', 'T-shirt', 'backpack', 'banana', 'cleaver', 'clothes iron', 'coffee mug', 'computer mouse', 'digital watch', 'doormat', 'dumbbell', 'envelope', 'hair dryer', 'hammer', 'lampshade', 'lemon', 'lipstick', 'match', 'mobile phone', 'necklace', 'padlock', 'paintbrush', 'paper towel', 'park bench', 'pill bottle', 'pillow', 'plastic bag', 'plunger', 'power drill', 'printer', 'racket', 'ruler', 'safety pin', 'salt shaker', 'sandal', 'screw', 'shovel', 'space heater', 'spatula', 'speaker', 'strainer', 'sunglasses', 'teddy bear', 'television', 'umbrella', 'vase', 'wallet', 'waste container', 'water bottle', 'whistle']"
134619,ILSVRC2012_val_00009005.JPEG,100,necklace,necklace,2.875,1e9066b6e7a6a867,False,"['Band-Aid', 'T-shirt', 'backpack', 'banana', 'cleaver', 'clothes iron', 'coffee mug', 'computer mouse', 'digital watch', 'doormat', 'dumbbell', 'envelope', 'hair dryer', 'hammer', 'lampshade', 'lemon', 'lipstick', 'match', 'mobile phone', 'necklace', 'padlock', 'paintbrush', 'paper towel', 'park bench', 'pill bottle', 'pillow', 'plastic bag', 'plunger', 'power drill', 'printer', 'racket', 'ruler', 'safety pin', 'salt shaker', 'sandal', 'screw', 'shovel', 'space heater', 'spatula', 'speaker', 'strainer', 'sunglasses', 'teddy bear', 'television', 'umbrella', 'vase', 'wallet', 'waste container', 'water bottle', 'whistle']"
143217,ILSVRC2012_val_00009070.JPEG,100,hammer,hammer,9.378,eaf45f822966acc3,False,"['Band-Aid', 'T-shirt', 'backpack', 'banana', 'cleaver', 'clothes iron', 'coffee mug', 'computer mouse', 'digital watch', 'doormat', 'dumbbell', 'envelope', 'hair dryer', 'hammer', 'lampshade', 'lemon', 'lipstick', 'match', 'mobile phone', 'necklace', 'padlock', 'paintbrush', 'paper towel', 'park bench', 'pill bottle', 'pillow', 'plastic bag', 'plunger', 'power drill', 'printer', 'racket', 'ruler', 'safety pin', 'salt shaker', 'sandal', 'screw', 'shovel', 'space heater', 'spatula', 'speaker', 'strainer', 'sunglasses', 'teddy bear', 'television', 'umbrella', 'vase', 'wallet', 'waste container', 'water bottle', 'whistle']"
140056,ILSVRC2012_val_00009084.JPEG,100,coffee mug,coffee mug,3.267,98295485c87e968f,False,"['Band-Aid', 'T-shirt', 'backpack', 'banana', 'cleaver', 'clothes iron', 'coffee mug', 'computer mouse', 'digital watch', 'doormat', 'dumbbell', 'envelope', 'hair dryer', 'hammer', 'lampshade', 'lemon', 'lipstick', 'match', 'mobile phone', 'necklace', 'padlock', 'paintbrush', 'paper towel', 'park bench', 'pill bottle', 'pillow', 'plastic bag', 'plunger', 'power drill', 'printer', 'racket', 'ruler', 'safety pin', 'salt shaker', 'sandal', 'screw', 'shovel', 'space heater', 'spatula', 'speaker', 'strainer', 'sunglasses', 'teddy bear', 'television', 'umbrella', 'vase', 'wallet', 'waste container', 'water bottle', 'whistle']"
140046,ILSVRC2012_val_00009109.JPEG,100,digital watch,shovel,1.761,f0f8e2b7579a82fb,False,"['Band-Aid', 'T-shirt', 'backpack', 'banana', 'cleaver', 'clothes iron', 'coffee mug', 'computer mouse', 'digital watch', 'doormat', 'dumbbell', 'envelope', 'hair dryer', 'hammer', 'lampshade', 'lemon', 'lipstick', 'match', 'mobile phone', 'necklace', 'padlock', 'paintbrush', 'paper towel', 'park bench', 'pill bottle', 'pillow', 'plastic bag', 'plunger', 'power drill', 'printer', 'racket', 'ruler', 'safety pin', 'salt shaker', 'sandal', 'screw', 'shovel', 'space heater', 'spatula', 'speaker', 'strainer', 'sunglasses', 'teddy bear', 'television', 'umbrella', 'vase', 'wallet', 'waste container', 'water bottle', 'whistle']"
137835,ILSVRC2012_val_00009174.JPEG,100,teddy bear,water bottle,4.869,d8ed2743063b2cee,False,"['Band-Aid', 'T-shirt', 'backpack', 'banana', 'cleaver', 'clothes iron', 'coffee mug', 'computer mouse', 'digital watch', 'doormat', 'dumbbell', 'envelope', 'hair dryer', 'hammer', 'lampshade', 'lemon', 'lipstick', 'match', 'mobile phone', 'necklace', 'padlock', 'paintbrush', 'paper towel', 'park bench', 'pill bottle', 'pillow', 'plastic bag', 'plunger', 'power drill', 'printer', 'racket', 'ruler', 'safety pin', 'salt shaker', 'sandal', 'screw', 'shovel', 'space heater', 'spatula', 'speaker', 'strainer', 'sunglasses', 'teddy bear', 'television', 'umbrella', 'vase', 'wallet', 'waste container', 'water bottle', 'whistle']"
141675,ILSVRC2012_val_00009386.JPEG,100,lipstick,lipstick,1.768,639b690770cb3688,False,"['Band-Aid', 'T-shirt', 'backpack', 'banana', 'cleaver', 'clothes iron', 'coffee mug', 'computer mouse', 'digital watch', 'doormat', 'dumbbell', 'envelope', 'hair dryer', 'hammer', 'lampshade', 'lemon', 'lipstick', 'match', 'mobile phone', 'necklace', 'padlock', 'paintbrush', 'paper towel', 'park bench', 'pill bottle', 'pillow', 'plastic bag', 'plunger', 'power drill', 'printer', 'racket', 'ruler', 'safety pin', 'salt shaker', 'sandal', 'screw', 'shovel', 'space heater', 'spatula', 'speaker', 'strainer', 'sunglasses', 'teddy bear', 'television', 'umbrella', 'vase', 'wallet', 'waste container', 'water bottle', 'whistle']"
137827,ILSVRC2012_val_00009433.JPEG,100,plunger,match,6.922,a9a80b6b1346015a,False,"['Band-Aid', 'T-shirt', 'backpack', 'banana', 'cleaver', 'clothes iron', 'coffee mug', 'computer mouse', 'digital watch', 'doormat', 'dumbbell', 'envelope', 'hair dryer', 'hammer', 'lampshade', 'lemon', 'lipstick', 'match', 'mobile phone', 'necklace', 'padlock', 'paintbrush', 'paper towel', 'park bench', 'pill bottle', 'pillow', 'plastic bag', 'plunger', 'power drill', 'printer', 'racket', 'ruler', 'safety pin', 'salt shaker', 'sandal', 'screw', 'shovel', 'space heater', 'spatula', 'speaker', 'strainer', 'sunglasses', 'teddy bear', 'television', 'umbrella', 'vase', 'wallet', 'waste container', 'water bottle', 'whistle']"
134567,ILSVRC2012_val_00009455.JPEG,100,clothes iron,clothes iron,4.758,54f32164656f5497,False,"['Band-Aid', 'T-shirt', 'backpack', 'banana', 'cleaver', 'clothes iron', 'coffee mug', 'computer mouse', 'digital watch', 'doormat', 'dumbbell', 'envelope', 'hair dryer', 'hammer', 'lampshade', 'lemon', 'lipstick', 'match', 'mobile phone', 'necklace', 'padlock', 'paintbrush', 'paper towel', 'park bench', 'pill bottle', 'pillow', 'plastic bag', 'plunger', 'power drill', 'printer', 'racket', 'ruler', 'safety pin', 'salt shaker', 'sandal', 'screw', 'shovel', 'space heater', 'spatula', 'speaker', 'strainer', 'sunglasses', 'teddy bear', 'television', 'umbrella', 'vase', 'wallet', 'waste container', 'water bottle', 'whistle']"
150459,ILSVRC2012_val_00009545.JPEG,100,pill bottle,pill bottle,1.837,80d9e356a528b3c2,False,"['Band-Aid', 'T-shirt', 'backpack', 'banana', 'cleaver', 'clothes iron', 'coffee mug', 'computer mouse', 'digital watch', 'doormat', 'dumbbell', 'envelope', 'hair dryer', 'hammer', 'lampshade', 'lemon', 'lipstick', 'match', 'mobile phone', 'necklace', 'padlock', 'paintbrush', 'paper towel', 'park bench', 'pill bottle', 'pillow', 'plastic bag', 'plunger', 'power drill', 'printer', 'racket', 'ruler', 'safety pin', 'salt shaker', 'sandal', 'screw', 'shovel', 'space heater', 'spatula', 'speaker', 'strainer', 'sunglasses', 'teddy bear', 'television', 'umbrella', 'vase', 'wallet', 'waste container', 'water bottle', 'whistle']"
142268,ILSVRC2012_val_00009630.JPEG,100,match,match,15.924,a32d377ff1a69195,False,"['Band-Aid', 'T-shirt', 'backpack', 'banana', 'cleaver', 'clothes iron', 'coffee mug', 'computer mouse', 'digital watch', 'doormat', 'dumbbell', 'envelope', 'hair dryer', 'hammer', 'lampshade', 'lemon', 'lipstick', 'match', 'mobile phone', 'necklace', 'padlock', 'paintbrush', 'paper towel', 'park bench', 'pill bottle', 'pillow', 'plastic bag', 'plunger', 'power drill', 'printer', 'racket', 'ruler', 'safety pin', 'salt shaker', 'sandal', 'screw', 'shovel', 'space heater', 'spatula', 'speaker', 'strainer', 'sunglasses', 'teddy bear', 'television', 'umbrella', 'vase', 'wallet', 'waste container', 'water bottle', 'whistle']"
135844,ILSVRC2012_val_00009661.JPEG,100,clothes iron,clothes iron,2.73,ec8257416dfa7c48,False,"['Band-Aid', 'T-shirt', 'backpack', 'banana', 'cleaver', 'clothes iron', 'coffee mug', 'computer mouse', 'digital watch', 'doormat', 'dumbbell', 'envelope', 'hair dryer', 'hammer', 'lampshade', 'lemon', 'lipstick', 'match', 'mobile phone', 'necklace', 'padlock', 'paintbrush', 'paper towel', 'park bench', 'pill bottle', 'pillow', 'plastic bag', 'plunger', 'power drill', 'printer', 'racket', 'ruler', 'safety pin', 'salt shaker', 'sandal', 'screw', 'shovel', 'space heater', 'spatula', 'speaker', 'strainer', 'sunglasses', 'teddy bear', 'television', 'umbrella', 'vase', 'wallet', 'waste container', 'water bottle', 'whistle']"
143397,ILSVRC2012_val_00009727.JPEG,100,lampshade,lampshade,2.477,238f389bf95416be,False,"['Band-Aid', 'T-shirt', 'backpack', 'banana', 'cleaver', 'clothes iron', 'coffee mug', 'computer mouse', 'digital watch', 'doormat', 'dumbbell', 'envelope', 'hair dryer', 'hammer', 'lampshade', 'lemon', 'lipstick', 'match', 'mobile phone', 'necklace', 'padlock', 'paintbrush', 'paper towel', 'park bench', 'pill bottle', 'pillow', 'plastic bag', 'plunger', 'power drill', 'printer', 'racket', 'ruler', 'safety pin', 'salt shaker', 'sandal', 'screw', 'shovel', 'space heater', 'spatula', 'speaker', 'strainer', 'sunglasses', 'teddy bear', 'television', 'umbrella', 'vase', 'wallet', 'waste container', 'water bottle', 'whistle']"
146879,ILSVRC2012_val_00009815.JPEG,100,lipstick,vase,10.575,3386162c8d6012e5,False,"['Band-Aid', 'T-shirt', 'backpack', 'banana', 'cleaver', 'clothes iron', 'coffee mug', 'computer mouse', 'digital watch', 'doormat', 'dumbbell', 'envelope', 'hair dryer', 'hammer', 'lampshade', 'lemon', 'lipstick', 'match', 'mobile phone', 'necklace', 'padlock', 'paintbrush', 'paper towel', 'park bench', 'pill bottle', 'pillow', 'plastic bag', 'plunger', 'power drill', 'printer', 'racket', 'ruler', 'safety pin', 'salt shaker', 'sandal', 'screw', 'shovel', 'space heater', 'spatula', 'speaker', 'strainer', 'sunglasses', 'teddy bear', 'television', 'umbrella', 'vase', 'wallet', 'waste container', 'water bottle', 'whistle']"
153620,ILSVRC2012_val_00009834.JPEG,100,clothes iron,clothes iron,13.146,c2c0cf74bab84c25,False,"['Band-Aid', 'T-shirt', 'backpack', 'banana', 'cleaver', 'clothes iron', 'coffee mug', 'computer mouse', 'digital watch', 'doormat', 'dumbbell', 'envelope', 'hair dryer', 'hammer', 'lampshade', 'lemon', 'lipstick', 'match', 'mobile phone', 'necklace', 'padlock', 'paintbrush', 'paper towel', 'park bench', 'pill bottle', 'pillow', 'plastic bag', 'plunger', 'power drill', 'printer', 'racket', 'ruler', 'safety pin', 'salt shaker', 'sandal', 'screw', 'shovel', 'space heater', 'spatula', 'speaker', 'strainer', 'sunglasses', 'teddy bear', 'television', 'umbrella', 'vase', 'wallet', 'waste container', 'water bottle', 'whistle']"
149674,ILSVRC2012_val_00009845.JPEG,100,salt shaker,salt shaker,1.628,e1716906d6f9ca8f,False,"['Band-Aid', 'T-shirt', 'backpack', 'banana', 'cleaver', 'clothes iron', 'coffee mug', 'computer mouse', 'digital watch', 'doormat', 'dumbbell', 'envelope', 'hair dryer', 'hammer', 'lampshade', 'lemon', 'lipstick', 'match', 'mobile phone', 'necklace', 'padlock', 'paintbrush', 'paper towel', 'park bench', 'pill bottle', 'pillow', 'plastic bag', 'plunger', 'power drill', 'printer', 'racket', 'ruler', 'safety pin', 'salt shaker', 'sandal', 'screw', 'shovel', 'space heater', 'spatula', 'speaker', 'strainer', 'sunglasses', 'teddy bear', 'television', 'umbrella', 'vase', 'wallet', 'waste container', 'water bottle', 'whistle']"
149688,ILSVRC2012_val_00010216.JPEG,100,clothes iron,clothes iron,3.252,f84ace5f5d29a0ea,False,"['Band-Aid', 'T-shirt', 'backpack', 'banana', 'cleaver', 'clothes iron', 'coffee mug', 'computer mouse', 'digital watch', 'doormat', 'dumbbell', 'envelope', 'hair dryer', 'hammer', 'lampshade', 'lemon', 'lipstick', 'match', 'mobile phone', 'necklace', 'padlock', 'paintbrush', 'paper towel', 'park bench', 'pill bottle', 'pillow', 'plastic bag', 'plunger', 'power drill', 'printer', 'racket', 'ruler', 'safety pin', 'salt shaker', 'sandal', 'screw', 'shovel', 'space heater', 'spatula', 'speaker', 'strainer', 'sunglasses', 'teddy bear', 'television', 'umbrella', 'vase', 'wallet', 'waste container', 'water bottle', 'whistle']"
134728,ILSVRC2012_val_00010237.JPEG,100,banana,banana,4.271,8b4a6dec6203d3b7,False,"['Band-Aid', 'T-shirt', 'backpack', 'banana', 'cleaver', 'clothes iron', 'coffee mug', 'computer mouse', 'digital watch', 'doormat', 'dumbbell', 'envelope', 'hair dryer', 'hammer', 'lampshade', 'lemon', 'lipstick', 'match', 'mobile phone', 'necklace', 'padlock', 'paintbrush', 'paper towel', 'park bench', 'pill bottle', 'pillow', 'plastic bag', 'plunger', 'power drill', 'printer', 'racket', 'ruler', 'safety pin', 'salt shaker', 'sandal', 'screw', 'shovel', 'space heater', 'spatula', 'speaker', 'strainer', 'sunglasses', 'teddy bear', 'television', 'umbrella', 'vase', 'wallet', 'waste container', 'water bottle', 'whistle']"
140199,ILSVRC2012_val_00010350.JPEG,100,television,television,2.595,9cab4217e098176b,False,"['Band-Aid', 'T-shirt', 'backpack', 'banana', 'cleaver', 'clothes iron', 'coffee mug', 'computer mouse', 'digital watch', 'doormat', 'dumbbell', 'envelope', 'hair dryer', 'hammer', 'lampshade', 'lemon', 'lipstick', 'match', 'mobile phone', 'necklace', 'padlock', 'paintbrush', 'paper towel', 'park bench', 'pill bottle', 'pillow', 'plastic bag', 'plunger', 'power drill', 'printer', 'racket', 'ruler', 'safety pin', 'salt shaker', 'sandal', 'screw', 'shovel', 'space heater', 'spatula', 'speaker', 'strainer', 'sunglasses', 'teddy bear', 'television', 'umbrella', 'vase', 'wallet', 'waste container', 'water bottle', 'whistle']"
138062,ILSVRC2012_val_00010459.JPEG,100,water bottle,water bottle,2.468,b274046c29f885ae,False,"['Band-Aid', 'T-shirt', 'backpack', 'banana', 'cleaver', 'clothes iron', 'coffee mug', 'computer mouse', 'digital watch', 'doormat', 'dumbbell', 'envelope', 'hair dryer', 'hammer', 'lampshade', 'lemon', 'lipstick', 'match', 'mobile phone', 'necklace', 'padlock', 'paintbrush', 'paper towel', 'park bench', 'pill bottle', 'pillow', 'plastic bag', 'plunger', 'power drill', 'printer', 'racket', 'ruler', 'safety pin', 'salt shaker', 'sandal', 'screw', 'shovel', 'space heater', 'spatula', 'speaker', 'strainer', 'sunglasses', 'teddy bear', 'television', 'umbrella', 'vase', 'wallet', 'waste container', 'water bottle', 'whistle']"
166295,ILSVRC2012_val_00010577.JPEG,100,cleaver,cleaver,3.745,92b29c17612c5a4e,False,"['Band-Aid', 'T-shirt', 'backpack', 'banana', 'cleaver', 'clothes iron', 'coffee mug', 'computer mouse', 'digital watch', 'doormat', 'dumbbell', 'envelope', 'hair dryer', 'hammer', 'lampshade', 'lemon', 'lipstick', 'match', 'mobile phone', 'necklace', 'padlock', 'paintbrush', 'paper towel', 'park bench', 'pill bottle', 'pillow', 'plastic bag', 'plunger', 'power drill', 'printer', 'racket', 'ruler', 'safety pin', 'salt shaker', 'sandal', 'screw', 'shovel', 'space heater', 'spatula', 'speaker', 'strainer', 'sunglasses', 'teddy bear', 'television', 'umbrella', 'vase', 'wallet', 'waste container', 'water bottle', 'whistle']"
142119,ILSVRC2012_val_00010662.JPEG,100,lipstick,lipstick,1.96,5c8aec5e079f8661,False,"['Band-Aid', 'T-shirt', 'backpack', 'banana', 'cleaver', 'clothes iron', 'coffee mug', 'computer mouse', 'digital watch', 'doormat', 'dumbbell', 'envelope', 'hair dryer', 'hammer', 'lampshade', 'lemon', 'lipstick', 'match', 'mobile phone', 'necklace', 'padlock', 'paintbrush', 'paper towel', 'park bench', 'pill bottle', 'pillow', 'plastic bag', 'plunger', 'power drill', 'printer', 'racket', 'ruler', 'safety pin', 'salt shaker', 'sandal', 'screw', 'shovel', 'space heater', 'spatula', 'speaker', 'strainer', 'sunglasses', 'teddy bear', 'television', 'umbrella', 'vase', 'wallet', 'waste container', 'water bottle', 'whistle']"
142131,ILSVRC2012_val_00010737.JPEG,100,mobile phone,mobile phone,26.248,c8d305705bd4abee,False,"['Band-Aid', 'T-shirt', 'backpack', 'banana', 'cleaver', 'clothes iron', 'coffee mug', 'computer mouse', 'digital watch', 'doormat', 'dumbbell', 'envelope', 'hair dryer', 'hammer', 'lampshade', 'lemon', 'lipstick', 'match', 'mobile phone', 'necklace', 'padlock', 'paintbrush', 'paper towel', 'park bench', 'pill bottle', 'pillow', 'plastic bag', 'plunger', 'power drill', 'printer', 'racket', 'ruler', 'safety pin', 'salt shaker', 'sandal', 'screw', 'shovel', 'space heater', 'spatula', 'speaker', 'strainer', 'sunglasses', 'teddy bear', 'television', 'umbrella', 'vase', 'wallet', 'waste container', 'water bottle', 'whistle']"
145186,ILSVRC2012_val_00010753.JPEG,100,digital watch,digital watch,26.337,f34cc990c13bc3a8,False,"['Band-Aid', 'T-shirt', 'backpack', 'banana', 'cleaver', 'clothes iron', 'coffee mug', 'computer mouse', 'digital watch', 'doormat', 'dumbbell', 'envelope', 'hair dryer', 'hammer', 'lampshade', 'lemon', 'lipstick', 'match', 'mobile phone', 'necklace', 'padlock', 'paintbrush', 'paper towel', 'park bench', 'pill bottle', 'pillow', 'plastic bag', 'plunger', 'power drill', 'printer', 'racket', 'ruler', 'safety pin', 'salt shaker', 'sandal', 'screw', 'shovel', 'space heater', 'spatula', 'speaker', 'strainer', 'sunglasses', 'teddy bear', 'television', 'umbrella', 'vase', 'wallet', 'waste container', 'water bottle', 'whistle']"
135782,ILSVRC2012_val_00010790.JPEG,100,paintbrush,paintbrush,3.734,14b1840c3dac7ba7,False,"['Band-Aid', 'T-shirt', 'backpack', 'banana', 'cleaver', 'clothes iron', 'coffee mug', 'computer mouse', 'digital watch', 'doormat', 'dumbbell', 'envelope', 'hair dryer', 'hammer', 'lampshade', 'lemon', 'lipstick', 'match', 'mobile phone', 'necklace', 'padlock', 'paintbrush', 'paper towel', 'park bench', 'pill bottle', 'pillow', 'plastic bag', 'plunger', 'power drill', 'printer', 'racket', 'ruler', 'safety pin', 'salt shaker', 'sandal', 'screw', 'shovel', 'space heater', 'spatula', 'speaker', 'strainer', 'sunglasses', 'teddy bear', 'television', 'umbrella', 'vase', 'wallet', 'waste container', 'water bottle', 'whistle']"
140143,ILSVRC2012_val_00010791.JPEG,100,speaker,hammer,2.355,2d3d6dbbf10d1bf1,False,"['Band-Aid', 'T-shirt', 'backpack', 'banana', 'cleaver', 'clothes iron', 'coffee mug', 'computer mouse', 'digital watch', 'doormat', 'dumbbell', 'envelope', 'hair dryer', 'hammer', 'lampshade', 'lemon', 'lipstick', 'match', 'mobile phone', 'necklace', 'padlock', 'paintbrush', 'paper towel', 'park bench', 'pill bottle', 'pillow', 'plastic bag', 'plunger', 'power drill', 'printer', 'racket', 'ruler', 'safety pin', 'salt shaker', 'sandal', 'screw', 'shovel', 'space heater', 'spatula', 'speaker', 'strainer', 'sunglasses', 'teddy bear', 'television', 'umbrella', 'vase', 'wallet', 'waste container', 'water bottle', 'whistle']"
142112,ILSVRC2012_val_00010819.JPEG,100,speaker,speaker,3.601,b802299d10d48c8d,False,"['Band-Aid', 'T-shirt', 'backpack', 'banana', 'cleaver', 'clothes iron', 'coffee mug', 'computer mouse', 'digital watch', 'doormat', 'dumbbell', 'envelope', 'hair dryer', 'hammer', 'lampshade', 'lemon', 'lipstick', 'match', 'mobile phone', 'necklace', 'padlock', 'paintbrush', 'paper towel', 'park bench', 'pill bottle', 'pillow', 'plastic bag', 'plunger', 'power drill', 'printer', 'racket', 'ruler', 'safety pin', 'salt shaker', 'sandal', 'screw', 'shovel', 'space heater', 'spatula', 'speaker', 'strainer', 'sunglasses', 'teddy bear', 'television', 'umbrella', 'vase', 'wallet', 'waste container', 'water bottle', 'whistle']"
149512,ILSVRC2012_val_00010847.JPEG,100,hammer,hammer,4.652,488167a089309c46,False,"['Band-Aid', 'T-shirt', 'backpack', 'banana', 'cleaver', 'clothes iron', 'coffee mug', 'computer mouse', 'digital watch', 'doormat', 'dumbbell', 'envelope', 'hair dryer', 'hammer', 'lampshade', 'lemon', 'lipstick', 'match', 'mobile phone', 'necklace', 'padlock', 'paintbrush', 'paper towel', 'park bench', 'pill bottle', 'pillow', 'plastic bag', 'plunger', 'power drill', 'printer', 'racket', 'ruler', 'safety pin', 'salt shaker', 'sandal', 'screw', 'shovel', 'space heater', 'spatula', 'speaker', 'strainer', 'sunglasses', 'teddy bear', 'television', 'umbrella', 'vase', 'wallet', 'waste container', 'water bottle', 'whistle']"
137951,ILSVRC2012_val_00010877.JPEG,100,waste container,waste container,52.848,91ec632c560a79da,False,"['Band-Aid', 'T-shirt', 'backpack', 'banana', 'cleaver', 'clothes iron', 'coffee mug', 'computer mouse', 'digital watch', 'doormat', 'dumbbell', 'envelope', 'hair dryer', 'hammer', 'lampshade', 'lemon', 'lipstick', 'match', 'mobile phone', 'necklace', 'padlock', 'paintbrush', 'paper towel', 'park bench', 'pill bottle', 'pillow', 'plastic bag', 'plunger', 'power drill', 'printer', 'racket', 'ruler', 'safety pin', 'salt shaker', 'sandal', 'screw', 'shovel', 'space heater', 'spatula', 'speaker', 'strainer', 'sunglasses', 'teddy bear', 'television', 'umbrella', 'vase', 'wallet', 'waste container', 'water bottle', 'whistle']"
141313,ILSVRC2012_val_00011005.JPEG,100,teddy bear,teddy bear,13.875,1eb1ca8164ca9c62,False,"['Band-Aid', 'T-shirt', 'backpack', 'banana', 'cleaver', 'clothes iron', 'coffee mug', 'computer mouse', 'digital watch', 'doormat', 'dumbbell', 'envelope', 'hair dryer', 'hammer', 'lampshade', 'lemon', 'lipstick', 'match', 'mobile phone', 'necklace', 'padlock', 'paintbrush', 'paper towel', 'park bench', 'pill bottle', 'pillow', 'plastic bag', 'plunger', 'power drill', 'printer', 'racket', 'ruler', 'safety pin', 'salt shaker', 'sandal', 'screw', 'shovel', 'space heater', 'spatula', 'speaker', 'strainer', 'sunglasses', 'teddy bear', 'television', 'umbrella', 'vase', 'wallet', 'waste container', 'water bottle', 'whistle']"
149499,ILSVRC2012_val_00011031.JPEG,100,match,match,1.774,7f8ecc94a11ea966,False,"['Band-Aid', 'T-shirt', 'backpack', 'banana', 'cleaver', 'clothes iron', 'coffee mug', 'computer mouse', 'digital watch', 'doormat', 'dumbbell', 'envelope', 'hair dryer', 'hammer', 'lampshade', 'lemon', 'lipstick', 'match', 'mobile phone', 'necklace', 'padlock', 'paintbrush', 'paper towel', 'park bench', 'pill bottle', 'pillow', 'plastic bag', 'plunger', 'power drill', 'printer', 'racket', 'ruler', 'safety pin', 'salt shaker', 'sandal', 'screw', 'shovel', 'space heater', 'spatula', 'speaker', 'strainer', 'sunglasses', 'teddy bear', 'television', 'umbrella', 'vase', 'wallet', 'waste container', 'water bottle', 'whistle']"
134440,ILSVRC2012_val_00011081.JPEG,100,cleaver,cleaver,207.305,026dbbe488d06d69,False,"['Band-Aid', 'T-shirt', 'backpack', 'banana', 'cleaver', 'clothes iron', 'coffee mug', 'computer mouse', 'digital watch', 'doormat', 'dumbbell', 'envelope', 'hair dryer', 'hammer', 'lampshade', 'lemon', 'lipstick', 'match', 'mobile phone', 'necklace', 'padlock', 'paintbrush', 'paper towel', 'park bench', 'pill bottle', 'pillow', 'plastic bag', 'plunger', 'power drill', 'printer', 'racket', 'ruler', 'safety pin', 'salt shaker', 'sandal', 'screw', 'shovel', 'space heater', 'spatula', 'speaker', 'strainer', 'sunglasses', 'teddy bear', 'television', 'umbrella', 'vase', 'wallet', 'waste container', 'water bottle', 'whistle']"
147684,ILSVRC2012_val_00011121.JPEG,100,vase,vase,2.345,13230de4ca8a561e,False,"['Band-Aid', 'T-shirt', 'backpack', 'banana', 'cleaver', 'clothes iron', 'coffee mug', 'computer mouse', 'digital watch', 'doormat', 'dumbbell', 'envelope', 'hair dryer', 'hammer', 'lampshade', 'lemon', 'lipstick', 'match', 'mobile phone', 'necklace', 'padlock', 'paintbrush', 'paper towel', 'park bench', 'pill bottle', 'pillow', 'plastic bag', 'plunger', 'power drill', 'printer', 'racket', 'ruler', 'safety pin', 'salt shaker', 'sandal', 'screw', 'shovel', 'space heater', 'spatula', 'speaker', 'strainer', 'sunglasses', 'teddy bear', 'television', 'umbrella', 'vase', 'wallet', 'waste container', 'water bottle', 'whistle']"
137927,ILSVRC2012_val_00011172.JPEG,100,digital watch,digital watch,3.196,04c4227068e32eee,False,"['Band-Aid', 'T-shirt', 'backpack', 'banana', 'cleaver', 'clothes iron', 'coffee mug', 'computer mouse', 'digital watch', 'doormat', 'dumbbell', 'envelope', 'hair dryer', 'hammer', 'lampshade', 'lemon', 'lipstick', 'match', 'mobile phone', 'necklace', 'padlock', 'paintbrush', 'paper towel', 'park bench', 'pill bottle', 'pillow', 'plastic bag', 'plunger', 'power drill', 'printer', 'racket', 'ruler', 'safety pin', 'salt shaker', 'sandal', 'screw', 'shovel', 'space heater', 'spatula', 'speaker', 'strainer', 'sunglasses', 'teddy bear', 'television', 'umbrella', 'vase', 'wallet', 'waste container', 'water bottle', 'whistle']"
142418,ILSVRC2012_val_00011290.JPEG,100,dumbbell,dumbbell,7.632,003571781f42af3f,False,"['Band-Aid', 'T-shirt', 'backpack', 'banana', 'cleaver', 'clothes iron', 'coffee mug', 'computer mouse', 'digital watch', 'doormat', 'dumbbell', 'envelope', 'hair dryer', 'hammer', 'lampshade', 'lemon', 'lipstick', 'match', 'mobile phone', 'necklace', 'padlock', 'paintbrush', 'paper towel', 'park bench', 'pill bottle', 'pillow', 'plastic bag', 'plunger', 'power drill', 'printer', 'racket', 'ruler', 'safety pin', 'salt shaker', 'sandal', 'screw', 'shovel', 'space heater', 'spatula', 'speaker', 'strainer', 'sunglasses', 'teddy bear', 'television', 'umbrella', 'vase', 'wallet', 'waste container', 'water bottle', 'whistle']"
143891,ILSVRC2012_val_00011421.JPEG,100,digital watch,digital watch,3.364,b274046c29f885ae,False,"['Band-Aid', 'T-shirt', 'backpack', 'banana', 'cleaver', 'clothes iron', 'coffee mug', 'computer mouse', 'digital watch', 'doormat', 'dumbbell', 'envelope', 'hair dryer', 'hammer', 'lampshade', 'lemon', 'lipstick', 'match', 'mobile phone', 'necklace', 'padlock', 'paintbrush', 'paper towel', 'park bench', 'pill bottle', 'pillow', 'plastic bag', 'plunger', 'power drill', 'printer', 'racket', 'ruler', 'safety pin', 'salt shaker', 'sandal', 'screw', 'shovel', 'space heater', 'spatula', 'speaker', 'strainer', 'sunglasses', 'teddy bear', 'television', 'umbrella', 'vase', 'wallet', 'waste container', 'water bottle', 'whistle']"
141179,ILSVRC2012_val_00011469.JPEG,100,pillow,pillow,1.684,d89cfac324f0e406,False,"['Band-Aid', 'T-shirt', 'backpack', 'banana', 'cleaver', 'clothes iron', 'coffee mug', 'computer mouse', 'digital watch', 'doormat', 'dumbbell', 'envelope', 'hair dryer', 'hammer', 'lampshade', 'lemon', 'lipstick', 'match', 'mobile phone', 'necklace', 'padlock', 'paintbrush', 'paper towel', 'park bench', 'pill bottle', 'pillow', 'plastic bag', 'plunger', 'power drill', 'printer', 'racket', 'ruler', 'safety pin', 'salt shaker', 'sandal', 'screw', 'shovel', 'space heater', 'spatula', 'speaker', 'strainer', 'sunglasses', 'teddy bear', 'television', 'umbrella', 'vase', 'wallet', 'waste container', 'water bottle', 'whistle']"
135944,ILSVRC2012_val_00011529.JPEG,100,plunger,plunger,3.75,68f0b2224da44dbe,False,"['Band-Aid', 'T-shirt', 'backpack', 'banana', 'cleaver', 'clothes iron', 'coffee mug', 'computer mouse', 'digital watch', 'doormat', 'dumbbell', 'envelope', 'hair dryer', 'hammer', 'lampshade', 'lemon', 'lipstick', 'match', 'mobile phone', 'necklace', 'padlock', 'paintbrush', 'paper towel', 'park bench', 'pill bottle', 'pillow', 'plastic bag', 'plunger', 'power drill', 'printer', 'racket', 'ruler', 'safety pin', 'salt shaker', 'sandal', 'screw', 'shovel', 'space heater', 'spatula', 'speaker', 'strainer', 'sunglasses', 'teddy bear', 'television', 'umbrella', 'vase', 'wallet', 'waste container', 'water bottle', 'whistle']"
137108,ILSVRC2012_val_00011644.JPEG,100,match,match,5.681,639b690770cb3688,False,"['Band-Aid', 'T-shirt', 'backpack', 'banana', 'cleaver', 'clothes iron', 'coffee mug', 'computer mouse', 'digital watch', 'doormat', 'dumbbell', 'envelope', 'hair dryer', 'hammer', 'lampshade', 'lemon', 'lipstick', 'match', 'mobile phone', 'necklace', 'padlock', 'paintbrush', 'paper towel', 'park bench', 'pill bottle', 'pillow', 'plastic bag', 'plunger', 'power drill', 'printer', 'racket', 'ruler', 'safety pin', 'salt shaker', 'sandal', 'screw', 'shovel', 'space heater', 'spatula', 'speaker', 'strainer', 'sunglasses', 'teddy bear', 'television', 'umbrella', 'vase', 'wallet', 'waste container', 'water bottle', 'whistle']"
143925,ILSVRC2012_val_00011663.JPEG,100,racket,racket,6.566,87aa1db6bfcd3fbd,False,"['Band-Aid', 'T-shirt', 'backpack', 'banana', 'cleaver', 'clothes iron', 'coffee mug', 'computer mouse', 'digital watch', 'doormat', 'dumbbell', 'envelope', 'hair dryer', 'hammer', 'lampshade', 'lemon', 'lipstick', 'match', 'mobile phone', 'necklace', 'padlock', 'paintbrush', 'paper towel', 'park bench', 'pill bottle', 'pillow', 'plastic bag', 'plunger', 'power drill', 'printer', 'racket', 'ruler', 'safety pin', 'salt shaker', 'sandal', 'screw', 'shovel', 'space heater', 'spatula', 'speaker', 'strainer', 'sunglasses', 'teddy bear', 'television', 'umbrella', 'vase', 'wallet', 'waste container', 'water bottle', 'whistle']"
154347,ILSVRC2012_val_00011742.JPEG,100,lipstick,lipstick,3.074,8081885d4dd2a121,False,"['Band-Aid', 'T-shirt', 'backpack', 'banana', 'cleaver', 'clothes iron', 'coffee mug', 'computer mouse', 'digital watch', 'doormat', 'dumbbell', 'envelope', 'hair dryer', 'hammer', 'lampshade', 'lemon', 'lipstick', 'match', 'mobile phone', 'necklace', 'padlock', 'paintbrush', 'paper towel', 'park bench', 'pill bottle', 'pillow', 'plastic bag', 'plunger', 'power drill', 'printer', 'racket', 'ruler', 'safety pin', 'salt shaker', 'sandal', 'screw', 'shovel', 'space heater', 'spatula', 'speaker', 'strainer', 'sunglasses', 'teddy bear', 'television', 'umbrella', 'vase', 'wallet', 'waste container', 'water bottle', 'whistle']"
150036,ILSVRC2012_val_00011809.JPEG,100,mobile phone,mobile phone,1.985,54aeadb91a00b8d1,False,"['Band-Aid', 'T-shirt', 'backpack', 'banana', 'cleaver', 'clothes iron', 'coffee mug', 'computer mouse', 'digital watch', 'doormat', 'dumbbell', 'envelope', 'hair dryer', 'hammer', 'lampshade', 'lemon', 'lipstick', 'match', 'mobile phone', 'necklace', 'padlock', 'paintbrush', 'paper towel', 'park bench', 'pill bottle', 'pillow', 'plastic bag', 'plunger', 'power drill', 'printer', 'racket', 'ruler', 'safety pin', 'salt shaker', 'sandal', 'screw', 'shovel', 'space heater', 'spatula', 'speaker', 'strainer', 'sunglasses', 'teddy bear', 'television', 'umbrella', 'vase', 'wallet', 'waste container', 'water bottle', 'whistle']"
142475,ILSVRC2012_val_00011939.JPEG,100,T-shirt,T-shirt,5.208,b7cf2b67e8960185,False,"['Band-Aid', 'T-shirt', 'backpack', 'banana', 'cleaver', 'clothes iron', 'coffee mug', 'computer mouse', 'digital watch', 'doormat', 'dumbbell', 'envelope', 'hair dryer', 'hammer', 'lampshade', 'lemon', 'lipstick', 'match', 'mobile phone', 'necklace', 'padlock', 'paintbrush', 'paper towel', 'park bench', 'pill bottle', 'pillow', 'plastic bag', 'plunger', 'power drill', 'printer', 'racket', 'ruler', 'safety pin', 'salt shaker', 'sandal', 'screw', 'shovel', 'space heater', 'spatula', 'speaker', 'strainer', 'sunglasses', 'teddy bear', 'television', 'umbrella', 'vase', 'wallet', 'waste container', 'water bottle', 'whistle']"
134534,ILSVRC2012_val_00012032.JPEG,100,clothes iron,clothes iron,3.993,ac154fa2533bcb0b,False,"['Band-Aid', 'T-shirt', 'backpack', 'banana', 'cleaver', 'clothes iron', 'coffee mug', 'computer mouse', 'digital watch', 'doormat', 'dumbbell', 'envelope', 'hair dryer', 'hammer', 'lampshade', 'lemon', 'lipstick', 'match', 'mobile phone', 'necklace', 'padlock', 'paintbrush', 'paper towel', 'park bench', 'pill bottle', 'pillow', 'plastic bag', 'plunger', 'power drill', 'printer', 'racket', 'ruler', 'safety pin', 'salt shaker', 'sandal', 'screw', 'shovel', 'space heater', 'spatula', 'speaker', 'strainer', 'sunglasses', 'teddy bear', 'television', 'umbrella', 'vase', 'wallet', 'waste container', 'water bottle', 'whistle']"
152698,ILSVRC2012_val_00012059.JPEG,100,racket,racket,2.473,a57f51ff184717d9,False,"['Band-Aid', 'T-shirt', 'backpack', 'banana', 'cleaver', 'clothes iron', 'coffee mug', 'computer mouse', 'digital watch', 'doormat', 'dumbbell', 'envelope', 'hair dryer', 'hammer', 'lampshade', 'lemon', 'lipstick', 'match', 'mobile phone', 'necklace', 'padlock', 'paintbrush', 'paper towel', 'park bench', 'pill bottle', 'pillow', 'plastic bag', 'plunger', 'power drill', 'printer', 'racket', 'ruler', 'safety pin', 'salt shaker', 'sandal', 'screw', 'shovel', 'space heater', 'spatula', 'speaker', 'strainer', 'sunglasses', 'teddy bear', 'television', 'umbrella', 'vase', 'wallet', 'waste container', 'water bottle', 'whistle']"
137860,ILSVRC2012_val_00012131.JPEG,100,banana,banana,3.485,2123f9391032263b,False,"['Band-Aid', 'T-shirt', 'backpack', 'banana', 'cleaver', 'clothes iron', 'coffee mug', 'computer mouse', 'digital watch', 'doormat', 'dumbbell', 'envelope', 'hair dryer', 'hammer', 'lampshade', 'lemon', 'lipstick', 'match', 'mobile phone', 'necklace', 'padlock', 'paintbrush', 'paper towel', 'park bench', 'pill bottle', 'pillow', 'plastic bag', 'plunger', 'power drill', 'printer', 'racket', 'ruler', 'safety pin', 'salt shaker', 'sandal', 'screw', 'shovel', 'space heater', 'spatula', 'speaker', 'strainer', 'sunglasses', 'teddy bear', 'television', 'umbrella', 'vase', 'wallet', 'waste container', 'water bottle', 'whistle']"
150420,ILSVRC2012_val_00012184.JPEG,100,power drill,power drill,1085.745,24ca01b598fc7e4a,False,"['Band-Aid', 'T-shirt', 'backpack', 'banana', 'cleaver', 'clothes iron', 'coffee mug', 'computer mouse', 'digital watch', 'doormat', 'dumbbell', 'envelope', 'hair dryer', 'hammer', 'lampshade', 'lemon', 'lipstick', 'match', 'mobile phone', 'necklace', 'padlock', 'paintbrush', 'paper towel', 'park bench', 'pill bottle', 'pillow', 'plastic bag', 'plunger', 'power drill', 'printer', 'racket', 'ruler', 'safety pin', 'salt shaker', 'sandal', 'screw', 'shovel', 'space heater', 'spatula', 'speaker', 'strainer', 'sunglasses', 'teddy bear', 'television', 'umbrella', 'vase', 'wallet', 'waste container', 'water bottle', 'whistle']"
141464,ILSVRC2012_val_00012191.JPEG,100,safety pin,safety pin,2.149,3cd2fea924635c5f,False,"['Band-Aid', 'T-shirt', 'backpack', 'banana', 'cleaver', 'clothes iron', 'coffee mug', 'computer mouse', 'digital watch', 'doormat', 'dumbbell', 'envelope', 'hair dryer', 'hammer', 'lampshade', 'lemon', 'lipstick', 'match', 'mobile phone', 'necklace', 'padlock', 'paintbrush', 'paper towel', 'park bench', 'pill bottle', 'pillow', 'plastic bag', 'plunger', 'power drill', 'printer', 'racket', 'ruler', 'safety pin', 'salt shaker', 'sandal', 'screw', 'shovel', 'space heater', 'spatula', 'speaker', 'strainer', 'sunglasses', 'teddy bear', 'television', 'umbrella', 'vase', 'wallet', 'waste container', 'water bottle', 'whistle']"
185048,ILSVRC2012_val_00012280.JPEG,100,computer mouse,computer mouse,3.658,749ff9b112228311,False,"['Band-Aid', 'T-shirt', 'backpack', 'banana', 'cleaver', 'clothes iron', 'coffee mug', 'computer mouse', 'digital watch', 'doormat', 'dumbbell', 'envelope', 'hair dryer', 'hammer', 'lampshade', 'lemon', 'lipstick', 'match', 'mobile phone', 'necklace', 'padlock', 'paintbrush', 'paper towel', 'park bench', 'pill bottle', 'pillow', 'plastic bag', 'plunger', 'power drill', 'printer', 'racket', 'ruler', 'safety pin', 'salt shaker', 'sandal', 'screw', 'shovel', 'space heater', 'spatula', 'speaker', 'strainer', 'sunglasses', 'teddy bear', 'television', 'umbrella', 'vase', 'wallet', 'waste container', 'water bottle', 'whistle']"
149752,ILSVRC2012_val_00012383.JPEG,100,digital watch,digital watch,46.212,a4993a159714c7e6,False,"['Band-Aid', 'T-shirt', 'backpack', 'banana', 'cleaver', 'clothes iron', 'coffee mug', 'computer mouse', 'digital watch', 'doormat', 'dumbbell', 'envelope', 'hair dryer', 'hammer', 'lampshade', 'lemon', 'lipstick', 'match', 'mobile phone', 'necklace', 'padlock', 'paintbrush', 'paper towel', 'park bench', 'pill bottle', 'pillow', 'plastic bag', 'plunger', 'power drill', 'printer', 'racket', 'ruler', 'safety pin', 'salt shaker', 'sandal', 'screw', 'shovel', 'space heater', 'spatula', 'speaker', 'strainer', 'sunglasses', 'teddy bear', 'television', 'umbrella', 'vase', 'wallet', 'waste container', 'water bottle', 'whistle']"
134561,ILSVRC2012_val_00012444.JPEG,100,banana,banana,3.714,9d18ad4e72a69082,False,"['Band-Aid', 'T-shirt', 'backpack', 'banana', 'cleaver', 'clothes iron', 'coffee mug', 'computer mouse', 'digital watch', 'doormat', 'dumbbell', 'envelope', 'hair dryer', 'hammer', 'lampshade', 'lemon', 'lipstick', 'match', 'mobile phone', 'necklace', 'padlock', 'paintbrush', 'paper towel', 'park bench', 'pill bottle', 'pillow', 'plastic bag', 'plunger', 'power drill', 'printer', 'racket', 'ruler', 'safety pin', 'salt shaker', 'sandal', 'screw', 'shovel', 'space heater', 'spatula', 'speaker', 'strainer', 'sunglasses', 'teddy bear', 'television', 'umbrella', 'vase', 'wallet', 'waste container', 'water bottle', 'whistle']"
152975,ILSVRC2012_val_00012452.JPEG,100,banana,banana,3.412,04b4064eb90c5ee3,False,"['Band-Aid', 'T-shirt', 'backpack', 'banana', 'cleaver', 'clothes iron', 'coffee mug', 'computer mouse', 'digital watch', 'doormat', 'dumbbell', 'envelope', 'hair dryer', 'hammer', 'lampshade', 'lemon', 'lipstick', 'match', 'mobile phone', 'necklace', 'padlock', 'paintbrush', 'paper towel', 'park bench', 'pill bottle', 'pillow', 'plastic bag', 'plunger', 'power drill', 'printer', 'racket', 'ruler', 'safety pin', 'salt shaker', 'sandal', 'screw', 'shovel', 'space heater', 'spatula', 'speaker', 'strainer', 'sunglasses', 'teddy bear', 'television', 'umbrella', 'vase', 'wallet', 'waste container', 'water bottle', 'whistle']"
139957,ILSVRC2012_val_00012464.JPEG,100,park bench,park bench,2.133,cf4201300353bb2e,False,"['Band-Aid', 'T-shirt', 'backpack', 'banana', 'cleaver', 'clothes iron', 'coffee mug', 'computer mouse', 'digital watch', 'doormat', 'dumbbell', 'envelope', 'hair dryer', 'hammer', 'lampshade', 'lemon', 'lipstick', 'match', 'mobile phone', 'necklace', 'padlock', 'paintbrush', 'paper towel', 'park bench', 'pill bottle', 'pillow', 'plastic bag', 'plunger', 'power drill', 'printer', 'racket', 'ruler', 'safety pin', 'salt shaker', 'sandal', 'screw', 'shovel', 'space heater', 'spatula', 'speaker', 'strainer', 'sunglasses', 'teddy bear', 'television', 'umbrella', 'vase', 'wallet', 'waste container', 'water bottle', 'whistle']"
137170,ILSVRC2012_val_00012514.JPEG,100,clothes iron,clothes iron,53.587,7b4895ac560aa47f,False,"['Band-Aid', 'T-shirt', 'backpack', 'banana', 'cleaver', 'clothes iron', 'coffee mug', 'computer mouse', 'digital watch', 'doormat', 'dumbbell', 'envelope', 'hair dryer', 'hammer', 'lampshade', 'lemon', 'lipstick', 'match', 'mobile phone', 'necklace', 'padlock', 'paintbrush', 'paper towel', 'park bench', 'pill bottle', 'pillow', 'plastic bag', 'plunger', 'power drill', 'printer', 'racket', 'ruler', 'safety pin', 'salt shaker', 'sandal', 'screw', 'shovel', 'space heater', 'spatula', 'speaker', 'strainer', 'sunglasses', 'teddy bear', 'television', 'umbrella', 'vase', 'wallet', 'waste container', 'water bottle', 'whistle']"
134515,ILSVRC2012_val_00012525.JPEG,100,water bottle,water bottle,3.225,1772a12efc9cde85,False,"['Band-Aid', 'T-shirt', 'backpack', 'banana', 'cleaver', 'clothes iron', 'coffee mug', 'computer mouse', 'digital watch', 'doormat', 'dumbbell', 'envelope', 'hair dryer', 'hammer', 'lampshade', 'lemon', 'lipstick', 'match', 'mobile phone', 'necklace', 'padlock', 'paintbrush', 'paper towel', 'park bench', 'pill bottle', 'pillow', 'plastic bag', 'plunger', 'power drill', 'printer', 'racket', 'ruler', 'safety pin', 'salt shaker', 'sandal', 'screw', 'shovel', 'space heater', 'spatula', 'speaker', 'strainer', 'sunglasses', 'teddy bear', 'television', 'umbrella', 'vase', 'wallet', 'waste container', 'water bottle', 'whistle']"
183657,ILSVRC2012_val_00012545.JPEG,100,sunglasses,sandal,3.652,d767d97b8706c57c,False,"['Band-Aid', 'T-shirt', 'backpack', 'banana', 'cleaver', 'clothes iron', 'coffee mug', 'computer mouse', 'digital watch', 'doormat', 'dumbbell', 'envelope', 'hair dryer', 'hammer', 'lampshade', 'lemon', 'lipstick', 'match', 'mobile phone', 'necklace', 'padlock', 'paintbrush', 'paper towel', 'park bench', 'pill bottle', 'pillow', 'plastic bag', 'plunger', 'power drill', 'printer', 'racket', 'ruler', 'safety pin', 'salt shaker', 'sandal', 'screw', 'shovel', 'space heater', 'spatula', 'speaker', 'strainer', 'sunglasses', 'teddy bear', 'television', 'umbrella', 'vase', 'wallet', 'waste container', 'water bottle', 'whistle']"
149869,ILSVRC2012_val_00012602.JPEG,100,speaker,speaker,2.354,2b7da23c1dfa7bb1,False,"['Band-Aid', 'T-shirt', 'backpack', 'banana', 'cleaver', 'clothes iron', 'coffee mug', 'computer mouse', 'digital watch', 'doormat', 'dumbbell', 'envelope', 'hair dryer', 'hammer', 'lampshade', 'lemon', 'lipstick', 'match', 'mobile phone', 'necklace', 'padlock', 'paintbrush', 'paper towel', 'park bench', 'pill bottle', 'pillow', 'plastic bag', 'plunger', 'power drill', 'printer', 'racket', 'ruler', 'safety pin', 'salt shaker', 'sandal', 'screw', 'shovel', 'space heater', 'spatula', 'speaker', 'strainer', 'sunglasses', 'teddy bear', 'television', 'umbrella', 'vase', 'wallet', 'waste container', 'water bottle', 'whistle']"
134470,ILSVRC2012_val_00012641.JPEG,100,clothes iron,clothes iron,3.746,9429ead3ce164e19,False,"['Band-Aid', 'T-shirt', 'backpack', 'banana', 'cleaver', 'clothes iron', 'coffee mug', 'computer mouse', 'digital watch', 'doormat', 'dumbbell', 'envelope', 'hair dryer', 'hammer', 'lampshade', 'lemon', 'lipstick', 'match', 'mobile phone', 'necklace', 'padlock', 'paintbrush', 'paper towel', 'park bench', 'pill bottle', 'pillow', 'plastic bag', 'plunger', 'power drill', 'printer', 'racket', 'ruler', 'safety pin', 'salt shaker', 'sandal', 'screw', 'shovel', 'space heater', 'spatula', 'speaker', 'strainer', 'sunglasses', 'teddy bear', 'television', 'umbrella', 'vase', 'wallet', 'waste container', 'water bottle', 'whistle']"
156011,ILSVRC2012_val_00012780.JPEG,100,computer mouse,computer mouse,2.381,003571781f42af3f,False,"['Band-Aid', 'T-shirt', 'backpack', 'banana', 'cleaver', 'clothes iron', 'coffee mug', 'computer mouse', 'digital watch', 'doormat', 'dumbbell', 'envelope', 'hair dryer', 'hammer', 'lampshade', 'lemon', 'lipstick', 'match', 'mobile phone', 'necklace', 'padlock', 'paintbrush', 'paper towel', 'park bench', 'pill bottle', 'pillow', 'plastic bag', 'plunger', 'power drill', 'printer', 'racket', 'ruler', 'safety pin', 'salt shaker', 'sandal', 'screw', 'shovel', 'space heater', 'spatula', 'speaker', 'strainer', 'sunglasses', 'teddy bear', 'television', 'umbrella', 'vase', 'wallet', 'waste container', 'water bottle', 'whistle']"
148138,ILSVRC2012_val_00012784.JPEG,100,teddy bear,teddy bear,1.18,28641b4cd3241c57,False,"['Band-Aid', 'T-shirt', 'backpack', 'banana', 'cleaver', 'clothes iron', 'coffee mug', 'computer mouse', 'digital watch', 'doormat', 'dumbbell', 'envelope', 'hair dryer', 'hammer', 'lampshade', 'lemon', 'lipstick', 'match', 'mobile phone', 'necklace', 'padlock', 'paintbrush', 'paper towel', 'park bench', 'pill bottle', 'pillow', 'plastic bag', 'plunger', 'power drill', 'printer', 'racket', 'ruler', 'safety pin', 'salt shaker', 'sandal', 'screw', 'shovel', 'space heater', 'spatula', 'speaker', 'strainer', 'sunglasses', 'teddy bear', 'television', 'umbrella', 'vase', 'wallet', 'waste container', 'water bottle', 'whistle']"
150386,ILSVRC2012_val_00012863.JPEG,100,pill bottle,pill bottle,3.241,de2a45474c296851,False,"['Band-Aid', 'T-shirt', 'backpack', 'banana', 'cleaver', 'clothes iron', 'coffee mug', 'computer mouse', 'digital watch', 'doormat', 'dumbbell', 'envelope', 'hair dryer', 'hammer', 'lampshade', 'lemon', 'lipstick', 'match', 'mobile phone', 'necklace', 'padlock', 'paintbrush', 'paper towel', 'park bench', 'pill bottle', 'pillow', 'plastic bag', 'plunger', 'power drill', 'printer', 'racket', 'ruler', 'safety pin', 'salt shaker', 'sandal', 'screw', 'shovel', 'space heater', 'spatula', 'speaker', 'strainer', 'sunglasses', 'teddy bear', 'television', 'umbrella', 'vase', 'wallet', 'waste container', 'water bottle', 'whistle']"
155989,ILSVRC2012_val_00012914.JPEG,100,T-shirt,T-shirt,4.056,cce56af9dc920d52,False,"['Band-Aid', 'T-shirt', 'backpack', 'banana', 'cleaver', 'clothes iron', 'coffee mug', 'computer mouse', 'digital watch', 'doormat', 'dumbbell', 'envelope', 'hair dryer', 'hammer', 'lampshade', 'lemon', 'lipstick', 'match', 'mobile phone', 'necklace', 'padlock', 'paintbrush', 'paper towel', 'park bench', 'pill bottle', 'pillow', 'plastic bag', 'plunger', 'power drill', 'printer', 'racket', 'ruler', 'safety pin', 'salt shaker', 'sandal', 'screw', 'shovel', 'space heater', 'spatula', 'speaker', 'strainer', 'sunglasses', 'teddy bear', 'television', 'umbrella', 'vase', 'wallet', 'waste container', 'water bottle', 'whistle']"
150389,ILSVRC2012_val_00012929.JPEG,100,racket,racket,2.729,639b690770cb3688,False,"['Band-Aid', 'T-shirt', 'backpack', 'banana', 'cleaver', 'clothes iron', 'coffee mug', 'computer mouse', 'digital watch', 'doormat', 'dumbbell', 'envelope', 'hair dryer', 'hammer', 'lampshade', 'lemon', 'lipstick', 'match', 'mobile phone', 'necklace', 'padlock', 'paintbrush', 'paper towel', 'park bench', 'pill bottle', 'pillow', 'plastic bag', 'plunger', 'power drill', 'printer', 'racket', 'ruler', 'safety pin', 'salt shaker', 'sandal', 'screw', 'shovel', 'space heater', 'spatula', 'speaker', 'strainer', 'sunglasses', 'teddy bear', 'television', 'umbrella', 'vase', 'wallet', 'waste container', 'water bottle', 'whistle']"
149768,ILSVRC2012_val_00012988.JPEG,100,sunglasses,sunglasses,2.646,0ad8b37d878677cc,False,"['Band-Aid', 'T-shirt', 'backpack', 'banana', 'cleaver', 'clothes iron', 'coffee mug', 'computer mouse', 'digital watch', 'doormat', 'dumbbell', 'envelope', 'hair dryer', 'hammer', 'lampshade', 'lemon', 'lipstick', 'match', 'mobile phone', 'necklace', 'padlock', 'paintbrush', 'paper towel', 'park bench', 'pill bottle', 'pillow', 'plastic bag', 'plunger', 'power drill', 'printer', 'racket', 'ruler', 'safety pin', 'salt shaker', 'sandal', 'screw', 'shovel', 'space heater', 'spatula', 'speaker', 'strainer', 'sunglasses', 'teddy bear', 'television', 'umbrella', 'vase', 'wallet', 'waste container', 'water bottle', 'whistle']"
134499,ILSVRC2012_val_00013031.JPEG,100,mobile phone,mobile phone,16.459,a357b547151b2972,False,"['Band-Aid', 'T-shirt', 'backpack', 'banana', 'cleaver', 'clothes iron', 'coffee mug', 'computer mouse', 'digital watch', 'doormat', 'dumbbell', 'envelope', 'hair dryer', 'hammer', 'lampshade', 'lemon', 'lipstick', 'match', 'mobile phone', 'necklace', 'padlock', 'paintbrush', 'paper towel', 'park bench', 'pill bottle', 'pillow', 'plastic bag', 'plunger', 'power drill', 'printer', 'racket', 'ruler', 'safety pin', 'salt shaker', 'sandal', 'screw', 'shovel', 'space heater', 'spatula', 'speaker', 'strainer', 'sunglasses', 'teddy bear', 'television', 'umbrella', 'vase', 'wallet', 'waste container', 'water bottle', 'whistle']"
165724,ILSVRC2012_val_00013161.JPEG,100,computer mouse,computer mouse,6.988,2eb094514afba8fc,False,"['Band-Aid', 'T-shirt', 'backpack', 'banana', 'cleaver', 'clothes iron', 'coffee mug', 'computer mouse', 'digital watch', 'doormat', 'dumbbell', 'envelope', 'hair dryer', 'hammer', 'lampshade', 'lemon', 'lipstick', 'match', 'mobile phone', 'necklace', 'padlock', 'paintbrush', 'paper towel', 'park bench', 'pill bottle', 'pillow', 'plastic bag', 'plunger', 'power drill', 'printer', 'racket', 'ruler', 'safety pin', 'salt shaker', 'sandal', 'screw', 'shovel', 'space heater', 'spatula', 'speaker', 'strainer', 'sunglasses', 'teddy bear', 'television', 'umbrella', 'vase', 'wallet', 'waste container', 'water bottle', 'whistle']"
134925,ILSVRC2012_val_00013228.JPEG,100,park bench,backpack,135.61,d36b933bfde251c2,False,"['Band-Aid', 'T-shirt', 'backpack', 'banana', 'cleaver', 'clothes iron', 'coffee mug', 'computer mouse', 'digital watch', 'doormat', 'dumbbell', 'envelope', 'hair dryer', 'hammer', 'lampshade', 'lemon', 'lipstick', 'match', 'mobile phone', 'necklace', 'padlock', 'paintbrush', 'paper towel', 'park bench', 'pill bottle', 'pillow', 'plastic bag', 'plunger', 'power drill', 'printer', 'racket', 'ruler', 'safety pin', 'salt shaker', 'sandal', 'screw', 'shovel', 'space heater', 'spatula', 'speaker', 'strainer', 'sunglasses', 'teddy bear', 'television', 'umbrella', 'vase', 'wallet', 'waste container', 'water bottle', 'whistle']"
135868,ILSVRC2012_val_00013233.JPEG,100,screw,screw,2.383,031f47554f0462f7,False,"['Band-Aid', 'T-shirt', 'backpack', 'banana', 'cleaver', 'clothes iron', 'coffee mug', 'computer mouse', 'digital watch', 'doormat', 'dumbbell', 'envelope', 'hair dryer', 'hammer', 'lampshade', 'lemon', 'lipstick', 'match', 'mobile phone', 'necklace', 'padlock', 'paintbrush', 'paper towel', 'park bench', 'pill bottle', 'pillow', 'plastic bag', 'plunger', 'power drill', 'printer', 'racket', 'ruler', 'safety pin', 'salt shaker', 'sandal', 'screw', 'shovel', 'space heater', 'spatula', 'speaker', 'strainer', 'sunglasses', 'teddy bear', 'television', 'umbrella', 'vase', 'wallet', 'waste container', 'water bottle', 'whistle']"
135886,ILSVRC2012_val_00013296.JPEG,100,pillow,pillow,16.699,991398360dd5923c,False,"['Band-Aid', 'T-shirt', 'backpack', 'banana', 'cleaver', 'clothes iron', 'coffee mug', 'computer mouse', 'digital watch', 'doormat', 'dumbbell', 'envelope', 'hair dryer', 'hammer', 'lampshade', 'lemon', 'lipstick', 'match', 'mobile phone', 'necklace', 'padlock', 'paintbrush', 'paper towel', 'park bench', 'pill bottle', 'pillow', 'plastic bag', 'plunger', 'power drill', 'printer', 'racket', 'ruler', 'safety pin', 'salt shaker', 'sandal', 'screw', 'shovel', 'space heater', 'spatula', 'speaker', 'strainer', 'sunglasses', 'teddy bear', 'television', 'umbrella', 'vase', 'wallet', 'waste container', 'water bottle', 'whistle']"
138074,ILSVRC2012_val_00013307.JPEG,100,digital watch,digital watch,41.983,135a74f1b6c0c3fe,False,"['Band-Aid', 'T-shirt', 'backpack', 'banana', 'cleaver', 'clothes iron', 'coffee mug', 'computer mouse', 'digital watch', 'doormat', 'dumbbell', 'envelope', 'hair dryer', 'hammer', 'lampshade', 'lemon', 'lipstick', 'match', 'mobile phone', 'necklace', 'padlock', 'paintbrush', 'paper towel', 'park bench', 'pill bottle', 'pillow', 'plastic bag', 'plunger', 'power drill', 'printer', 'racket', 'ruler', 'safety pin', 'salt shaker', 'sandal', 'screw', 'shovel', 'space heater', 'spatula', 'speaker', 'strainer', 'sunglasses', 'teddy bear', 'television', 'umbrella', 'vase', 'wallet', 'waste container', 'water bottle', 'whistle']"
138075,ILSVRC2012_val_00013324.JPEG,100,television,television,2.05,3b6a92ad58e4b8da,False,"['Band-Aid', 'T-shirt', 'backpack', 'banana', 'cleaver', 'clothes iron', 'coffee mug', 'computer mouse', 'digital watch', 'doormat', 'dumbbell', 'envelope', 'hair dryer', 'hammer', 'lampshade', 'lemon', 'lipstick', 'match', 'mobile phone', 'necklace', 'padlock', 'paintbrush', 'paper towel', 'park bench', 'pill bottle', 'pillow', 'plastic bag', 'plunger', 'power drill', 'printer', 'racket', 'ruler', 'safety pin', 'salt shaker', 'sandal', 'screw', 'shovel', 'space heater', 'spatula', 'speaker', 'strainer', 'sunglasses', 'teddy bear', 'television', 'umbrella', 'vase', 'wallet', 'waste container', 'water bottle', 'whistle']"
135902,ILSVRC2012_val_00013325.JPEG,100,sunglasses,sunglasses,2.364,aa1f814de7798f22,False,"['Band-Aid', 'T-shirt', 'backpack', 'banana', 'cleaver', 'clothes iron', 'coffee mug', 'computer mouse', 'digital watch', 'doormat', 'dumbbell', 'envelope', 'hair dryer', 'hammer', 'lampshade', 'lemon', 'lipstick', 'match', 'mobile phone', 'necklace', 'padlock', 'paintbrush', 'paper towel', 'park bench', 'pill bottle', 'pillow', 'plastic bag', 'plunger', 'power drill', 'printer', 'racket', 'ruler', 'safety pin', 'salt shaker', 'sandal', 'screw', 'shovel', 'space heater', 'spatula', 'speaker', 'strainer', 'sunglasses', 'teddy bear', 'television', 'umbrella', 'vase', 'wallet', 'waste container', 'water bottle', 'whistle']"
145143,ILSVRC2012_val_00013644.JPEG,100,umbrella,umbrella,2.916,42047cd7259fe45f,False,"['Band-Aid', 'T-shirt', 'backpack', 'banana', 'cleaver', 'clothes iron', 'coffee mug', 'computer mouse', 'digital watch', 'doormat', 'dumbbell', 'envelope', 'hair dryer', 'hammer', 'lampshade', 'lemon', 'lipstick', 'match', 'mobile phone', 'necklace', 'padlock', 'paintbrush', 'paper towel', 'park bench', 'pill bottle', 'pillow', 'plastic bag', 'plunger', 'power drill', 'printer', 'racket', 'ruler', 'safety pin', 'salt shaker', 'sandal', 'screw', 'shovel', 'space heater', 'spatula', 'speaker', 'strainer', 'sunglasses', 'teddy bear', 'television', 'umbrella', 'vase', 'wallet', 'waste container', 'water bottle', 'whistle']"
137317,ILSVRC2012_val_00013720.JPEG,100,padlock,padlock,2.848,037bcb4c37069736,False,"['Band-Aid', 'T-shirt', 'backpack', 'banana', 'cleaver', 'clothes iron', 'coffee mug', 'computer mouse', 'digital watch', 'doormat', 'dumbbell', 'envelope', 'hair dryer', 'hammer', 'lampshade', 'lemon', 'lipstick', 'match', 'mobile phone', 'necklace', 'padlock', 'paintbrush', 'paper towel', 'park bench', 'pill bottle', 'pillow', 'plastic bag', 'plunger', 'power drill', 'printer', 'racket', 'ruler', 'safety pin', 'salt shaker', 'sandal', 'screw', 'shovel', 'space heater', 'spatula', 'speaker', 'strainer', 'sunglasses', 'teddy bear', 'television', 'umbrella', 'vase', 'wallet', 'waste container', 'water bottle', 'whistle']"
135888,ILSVRC2012_val_00013842.JPEG,100,padlock,padlock,11.337,38886603cac2d3ae,False,"['Band-Aid', 'T-shirt', 'backpack', 'banana', 'cleaver', 'clothes iron', 'coffee mug', 'computer mouse', 'digital watch', 'doormat', 'dumbbell', 'envelope', 'hair dryer', 'hammer', 'lampshade', 'lemon', 'lipstick', 'match', 'mobile phone', 'necklace', 'padlock', 'paintbrush', 'paper towel', 'park bench', 'pill bottle', 'pillow', 'plastic bag', 'plunger', 'power drill', 'printer', 'racket', 'ruler', 'safety pin', 'salt shaker', 'sandal', 'screw', 'shovel', 'space heater', 'spatula', 'speaker', 'strainer', 'sunglasses', 'teddy bear', 'television', 'umbrella', 'vase', 'wallet', 'waste container', 'water bottle', 'whistle']"
134759,ILSVRC2012_val_00013881.JPEG,100,paintbrush,paintbrush,4.556,ebee8d1e6bc74afd,False,"['Band-Aid', 'T-shirt', 'backpack', 'banana', 'cleaver', 'clothes iron', 'coffee mug', 'computer mouse', 'digital watch', 'doormat', 'dumbbell', 'envelope', 'hair dryer', 'hammer', 'lampshade', 'lemon', 'lipstick', 'match', 'mobile phone', 'necklace', 'padlock', 'paintbrush', 'paper towel', 'park bench', 'pill bottle', 'pillow', 'plastic bag', 'plunger', 'power drill', 'printer', 'racket', 'ruler', 'safety pin', 'salt shaker', 'sandal', 'screw', 'shovel', 'space heater', 'spatula', 'speaker', 'strainer', 'sunglasses', 'teddy bear', 'television', 'umbrella', 'vase', 'wallet', 'waste container', 'water bottle', 'whistle']"
143595,ILSVRC2012_val_00013889.JPEG,100,paper towel,paper towel,3.037,b4ee99a227e34250,False,"['Band-Aid', 'T-shirt', 'backpack', 'banana', 'cleaver', 'clothes iron', 'coffee mug', 'computer mouse', 'digital watch', 'doormat', 'dumbbell', 'envelope', 'hair dryer', 'hammer', 'lampshade', 'lemon', 'lipstick', 'match', 'mobile phone', 'necklace', 'padlock', 'paintbrush', 'paper towel', 'park bench', 'pill bottle', 'pillow', 'plastic bag', 'plunger', 'power drill', 'printer', 'racket', 'ruler', 'safety pin', 'salt shaker', 'sandal', 'screw', 'shovel', 'space heater', 'spatula', 'speaker', 'strainer', 'sunglasses', 'teddy bear', 'television', 'umbrella', 'vase', 'wallet', 'waste container', 'water bottle', 'whistle']"
141989,ILSVRC2012_val_00013907.JPEG,100,hair dryer,lipstick,8.234,72484631ec7dd5a2,False,"['Band-Aid', 'T-shirt', 'backpack', 'banana', 'cleaver', 'clothes iron', 'coffee mug', 'computer mouse', 'digital watch', 'doormat', 'dumbbell', 'envelope', 'hair dryer', 'hammer', 'lampshade', 'lemon', 'lipstick', 'match', 'mobile phone', 'necklace', 'padlock', 'paintbrush', 'paper towel', 'park bench', 'pill bottle', 'pillow', 'plastic bag', 'plunger', 'power drill', 'printer', 'racket', 'ruler', 'safety pin', 'salt shaker', 'sandal', 'screw', 'shovel', 'space heater', 'spatula', 'speaker', 'strainer', 'sunglasses', 'teddy bear', 'television', 'umbrella', 'vase', 'wallet', 'waste container', 'water bottle', 'whistle']"
134844,ILSVRC2012_val_00014015.JPEG,100,T-shirt,plastic bag,3.512,cb5b64ecfe2404a0,False,"['Band-Aid', 'T-shirt', 'backpack', 'banana', 'cleaver', 'clothes iron', 'coffee mug', 'computer mouse', 'digital watch', 'doormat', 'dumbbell', 'envelope', 'hair dryer', 'hammer', 'lampshade', 'lemon', 'lipstick', 'match', 'mobile phone', 'necklace', 'padlock', 'paintbrush', 'paper towel', 'park bench', 'pill bottle', 'pillow', 'plastic bag', 'plunger', 'power drill', 'printer', 'racket', 'ruler', 'safety pin', 'salt shaker', 'sandal', 'screw', 'shovel', 'space heater', 'spatula', 'speaker', 'strainer', 'sunglasses', 'teddy bear', 'television', 'umbrella', 'vase', 'wallet', 'waste container', 'water bottle', 'whistle']"
167914,ILSVRC2012_val_00014039.JPEG,100,padlock,spatula,3.893,c1176031f1cb761d,False,"['Band-Aid', 'T-shirt', 'backpack', 'banana', 'cleaver', 'clothes iron', 'coffee mug', 'computer mouse', 'digital watch', 'doormat', 'dumbbell', 'envelope', 'hair dryer', 'hammer', 'lampshade', 'lemon', 'lipstick', 'match', 'mobile phone', 'necklace', 'padlock', 'paintbrush', 'paper towel', 'park bench', 'pill bottle', 'pillow', 'plastic bag', 'plunger', 'power drill', 'printer', 'racket', 'ruler', 'safety pin', 'salt shaker', 'sandal', 'screw', 'shovel', 'space heater', 'spatula', 'speaker', 'strainer', 'sunglasses', 'teddy bear', 'television', 'umbrella', 'vase', 'wallet', 'waste container', 'water bottle', 'whistle']"
148859,ILSVRC2012_val_00014197.JPEG,100,padlock,padlock,3.026,2fed2c25e5534329,False,"['Band-Aid', 'T-shirt', 'backpack', 'banana', 'cleaver', 'clothes iron', 'coffee mug', 'computer mouse', 'digital watch', 'doormat', 'dumbbell', 'envelope', 'hair dryer', 'hammer', 'lampshade', 'lemon', 'lipstick', 'match', 'mobile phone', 'necklace', 'padlock', 'paintbrush', 'paper towel', 'park bench', 'pill bottle', 'pillow', 'plastic bag', 'plunger', 'power drill', 'printer', 'racket', 'ruler', 'safety pin', 'salt shaker', 'sandal', 'screw', 'shovel', 'space heater', 'spatula', 'speaker', 'strainer', 'sunglasses', 'teddy bear', 'television', 'umbrella', 'vase', 'wallet', 'waste container', 'water bottle', 'whistle']"
155485,ILSVRC2012_val_00014215.JPEG,100,water bottle,water bottle,2.432,93063cca880167f3,False,"['Band-Aid', 'T-shirt', 'backpack', 'banana', 'cleaver', 'clothes iron', 'coffee mug', 'computer mouse', 'digital watch', 'doormat', 'dumbbell', 'envelope', 'hair dryer', 'hammer', 'lampshade', 'lemon', 'lipstick', 'match', 'mobile phone', 'necklace', 'padlock', 'paintbrush', 'paper towel', 'park bench', 'pill bottle', 'pillow', 'plastic bag', 'plunger', 'power drill', 'printer', 'racket', 'ruler', 'safety pin', 'salt shaker', 'sandal', 'screw', 'shovel', 'space heater', 'spatula', 'speaker', 'strainer', 'sunglasses', 'teddy bear', 'television', 'umbrella', 'vase', 'wallet', 'waste container', 'water bottle', 'whistle']"
157859,ILSVRC2012_val_00014373.JPEG,100,lemon,lemon,4.923,74fa340f7ebd2d13,False,"['Band-Aid', 'T-shirt', 'backpack', 'banana', 'cleaver', 'clothes iron', 'coffee mug', 'computer mouse', 'digital watch', 'doormat', 'dumbbell', 'envelope', 'hair dryer', 'hammer', 'lampshade', 'lemon', 'lipstick', 'match', 'mobile phone', 'necklace', 'padlock', 'paintbrush', 'paper towel', 'park bench', 'pill bottle', 'pillow', 'plastic bag', 'plunger', 'power drill', 'printer', 'racket', 'ruler', 'safety pin', 'salt shaker', 'sandal', 'screw', 'shovel', 'space heater', 'spatula', 'speaker', 'strainer', 'sunglasses', 'teddy bear', 'television', 'umbrella', 'vase', 'wallet', 'waste container', 'water bottle', 'whistle']"
134830,ILSVRC2012_val_00014562.JPEG,100,mobile phone,mobile phone,2.413,dba3b3e2cf2ff560,False,"['Band-Aid', 'T-shirt', 'backpack', 'banana', 'cleaver', 'clothes iron', 'coffee mug', 'computer mouse', 'digital watch', 'doormat', 'dumbbell', 'envelope', 'hair dryer', 'hammer', 'lampshade', 'lemon', 'lipstick', 'match', 'mobile phone', 'necklace', 'padlock', 'paintbrush', 'paper towel', 'park bench', 'pill bottle', 'pillow', 'plastic bag', 'plunger', 'power drill', 'printer', 'racket', 'ruler', 'safety pin', 'salt shaker', 'sandal', 'screw', 'shovel', 'space heater', 'spatula', 'speaker', 'strainer', 'sunglasses', 'teddy bear', 'television', 'umbrella', 'vase', 'wallet', 'waste container', 'water bottle', 'whistle']"
143559,ILSVRC2012_val_00014615.JPEG,100,umbrella,umbrella,2.549,92b29c17612c5a4e,False,"['Band-Aid', 'T-shirt', 'backpack', 'banana', 'cleaver', 'clothes iron', 'coffee mug', 'computer mouse', 'digital watch', 'doormat', 'dumbbell', 'envelope', 'hair dryer', 'hammer', 'lampshade', 'lemon', 'lipstick', 'match', 'mobile phone', 'necklace', 'padlock', 'paintbrush', 'paper towel', 'park bench', 'pill bottle', 'pillow', 'plastic bag', 'plunger', 'power drill', 'printer', 'racket', 'ruler', 'safety pin', 'salt shaker', 'sandal', 'screw', 'shovel', 'space heater', 'spatula', 'speaker', 'strainer', 'sunglasses', 'teddy bear', 'television', 'umbrella', 'vase', 'wallet', 'waste container', 'water bottle', 'whistle']"
137369,ILSVRC2012_val_00014624.JPEG,100,T-shirt,T-shirt,3.94,8ba317eb088c553d,False,"['Band-Aid', 'T-shirt', 'backpack', 'banana', 'cleaver', 'clothes iron', 'coffee mug', 'computer mouse', 'digital watch', 'doormat', 'dumbbell', 'envelope', 'hair dryer', 'hammer', 'lampshade', 'lemon', 'lipstick', 'match', 'mobile phone', 'necklace', 'padlock', 'paintbrush', 'paper towel', 'park bench', 'pill bottle', 'pillow', 'plastic bag', 'plunger', 'power drill', 'printer', 'racket', 'ruler', 'safety pin', 'salt shaker', 'sandal', 'screw', 'shovel', 'space heater', 'spatula', 'speaker', 'strainer', 'sunglasses', 'teddy bear', 'television', 'umbrella', 'vase', 'wallet', 'waste container', 'water bottle', 'whistle']"
144530,ILSVRC2012_val_00014725.JPEG,100,padlock,padlock,2.494,f62520f7444fd5c6,False,"['Band-Aid', 'T-shirt', 'backpack', 'banana', 'cleaver', 'clothes iron', 'coffee mug', 'computer mouse', 'digital watch', 'doormat', 'dumbbell', 'envelope', 'hair dryer', 'hammer', 'lampshade', 'lemon', 'lipstick', 'match', 'mobile phone', 'necklace', 'padlock', 'paintbrush', 'paper towel', 'park bench', 'pill bottle', 'pillow', 'plastic bag', 'plunger', 'power drill', 'printer', 'racket', 'ruler', 'safety pin', 'salt shaker', 'sandal', 'screw', 'shovel', 'space heater', 'spatula', 'speaker', 'strainer', 'sunglasses', 'teddy bear', 'television', 'umbrella', 'vase', 'wallet', 'waste container', 'water bottle', 'whistle']"
134858,ILSVRC2012_val_00014772.JPEG,100,umbrella,umbrella,2.831,fe3e20f47206d997,False,"['Band-Aid', 'T-shirt', 'backpack', 'banana', 'cleaver', 'clothes iron', 'coffee mug', 'computer mouse', 'digital watch', 'doormat', 'dumbbell', 'envelope', 'hair dryer', 'hammer', 'lampshade', 'lemon', 'lipstick', 'match', 'mobile phone', 'necklace', 'padlock', 'paintbrush', 'paper towel', 'park bench', 'pill bottle', 'pillow', 'plastic bag', 'plunger', 'power drill', 'printer', 'racket', 'ruler', 'safety pin', 'salt shaker', 'sandal', 'screw', 'shovel', 'space heater', 'spatula', 'speaker', 'strainer', 'sunglasses', 'teddy bear', 'television', 'umbrella', 'vase', 'wallet', 'waste container', 'water bottle', 'whistle']"
163687,ILSVRC2012_val_00014929.JPEG,100,lemon,lemon,2.096,54aeadb91a00b8d1,False,"['Band-Aid', 'T-shirt', 'backpack', 'banana', 'cleaver', 'clothes iron', 'coffee mug', 'computer mouse', 'digital watch', 'doormat', 'dumbbell', 'envelope', 'hair dryer', 'hammer', 'lampshade', 'lemon', 'lipstick', 'match', 'mobile phone', 'necklace', 'padlock', 'paintbrush', 'paper towel', 'park bench', 'pill bottle', 'pillow', 'plastic bag', 'plunger', 'power drill', 'printer', 'racket', 'ruler', 'safety pin', 'salt shaker', 'sandal', 'screw', 'shovel', 'space heater', 'spatula', 'speaker', 'strainer', 'sunglasses', 'teddy bear', 'television', 'umbrella', 'vase', 'wallet', 'waste container', 'water bottle', 'whistle']"
135587,ILSVRC2012_val_00014936.JPEG,100,pillow,doormat,3.046,494b2886a1fb4472,False,"['Band-Aid', 'T-shirt', 'backpack', 'banana', 'cleaver', 'clothes iron', 'coffee mug', 'computer mouse', 'digital watch', 'doormat', 'dumbbell', 'envelope', 'hair dryer', 'hammer', 'lampshade', 'lemon', 'lipstick', 'match', 'mobile phone', 'necklace', 'padlock', 'paintbrush', 'paper towel', 'park bench', 'pill bottle', 'pillow', 'plastic bag', 'plunger', 'power drill', 'printer', 'racket', 'ruler', 'safety pin', 'salt shaker', 'sandal', 'screw', 'shovel', 'space heater', 'spatula', 'speaker', 'strainer', 'sunglasses', 'teddy bear', 'television', 'umbrella', 'vase', 'wallet', 'waste container', 'water bottle', 'whistle']"
134764,ILSVRC2012_val_00014969.JPEG,100,padlock,padlock,4.395,8ab3d0750dca2e6d,False,"['Band-Aid', 'T-shirt', 'backpack', 'banana', 'cleaver', 'clothes iron', 'coffee mug', 'computer mouse', 'digital watch', 'doormat', 'dumbbell', 'envelope', 'hair dryer', 'hammer', 'lampshade', 'lemon', 'lipstick', 'match', 'mobile phone', 'necklace', 'padlock', 'paintbrush', 'paper towel', 'park bench', 'pill bottle', 'pillow', 'plastic bag', 'plunger', 'power drill', 'printer', 'racket', 'ruler', 'safety pin', 'salt shaker', 'sandal', 'screw', 'shovel', 'space heater', 'spatula', 'speaker', 'strainer', 'sunglasses', 'teddy bear', 'television', 'umbrella', 'vase', 'wallet', 'waste container', 'water bottle', 'whistle']"
137375,ILSVRC2012_val_00015016.JPEG,100,plunger,plunger,19.188,1d3845f3d9b313d5,False,"['Band-Aid', 'T-shirt', 'backpack', 'banana', 'cleaver', 'clothes iron', 'coffee mug', 'computer mouse', 'digital watch', 'doormat', 'dumbbell', 'envelope', 'hair dryer', 'hammer', 'lampshade', 'lemon', 'lipstick', 'match', 'mobile phone', 'necklace', 'padlock', 'paintbrush', 'paper towel', 'park bench', 'pill bottle', 'pillow', 'plastic bag', 'plunger', 'power drill', 'printer', 'racket', 'ruler', 'safety pin', 'salt shaker', 'sandal', 'screw', 'shovel', 'space heater', 'spatula', 'speaker', 'strainer', 'sunglasses', 'teddy bear', 'television', 'umbrella', 'vase', 'wallet', 'waste container', 'water bottle', 'whistle']"
155816,ILSVRC2012_val_00015083.JPEG,100,sandal,sandal,2.635,f4e1aadebb9399f8,False,"['Band-Aid', 'T-shirt', 'backpack', 'banana', 'cleaver', 'clothes iron', 'coffee mug', 'computer mouse', 'digital watch', 'doormat', 'dumbbell', 'envelope', 'hair dryer', 'hammer', 'lampshade', 'lemon', 'lipstick', 'match', 'mobile phone', 'necklace', 'padlock', 'paintbrush', 'paper towel', 'park bench', 'pill bottle', 'pillow', 'plastic bag', 'plunger', 'power drill', 'printer', 'racket', 'ruler', 'safety pin', 'salt shaker', 'sandal', 'screw', 'shovel', 'space heater', 'spatula', 'speaker', 'strainer', 'sunglasses', 'teddy bear', 'television', 'umbrella', 'vase', 'wallet', 'waste container', 'water bottle', 'whistle']"
164810,ILSVRC2012_val_00015090.JPEG,100,teddy bear,envelope,4.612,d7a8e9a885e01c7f,False,"['Band-Aid', 'T-shirt', 'backpack', 'banana', 'cleaver', 'clothes iron', 'coffee mug', 'computer mouse', 'digital watch', 'doormat', 'dumbbell', 'envelope', 'hair dryer', 'hammer', 'lampshade', 'lemon', 'lipstick', 'match', 'mobile phone', 'necklace', 'padlock', 'paintbrush', 'paper towel', 'park bench', 'pill bottle', 'pillow', 'plastic bag', 'plunger', 'power drill', 'printer', 'racket', 'ruler', 'safety pin', 'salt shaker', 'sandal', 'screw', 'shovel', 'space heater', 'spatula', 'speaker', 'strainer', 'sunglasses', 'teddy bear', 'television', 'umbrella', 'vase', 'wallet', 'waste container', 'water bottle', 'whistle']"
155438,ILSVRC2012_val_00015212.JPEG,100,whistle,whistle,3.934,c7d44271d4bcb9fe,False,"['Band-Aid', 'T-shirt', 'backpack', 'banana', 'cleaver', 'clothes iron', 'coffee mug', 'computer mouse', 'digital watch', 'doormat', 'dumbbell', 'envelope', 'hair dryer', 'hammer', 'lampshade', 'lemon', 'lipstick', 'match', 'mobile phone', 'necklace', 'padlock', 'paintbrush', 'paper towel', 'park bench', 'pill bottle', 'pillow', 'plastic bag', 'plunger', 'power drill', 'printer', 'racket', 'ruler', 'safety pin', 'salt shaker', 'sandal', 'screw', 'shovel', 'space heater', 'spatula', 'speaker', 'strainer', 'sunglasses', 'teddy bear', 'television', 'umbrella', 'vase', 'wallet', 'waste container', 'water bottle', 'whistle']"
146799,ILSVRC2012_val_00015263.JPEG,100,paper towel,paper towel,2.05,6413d75ac61ea14e,False,"['Band-Aid', 'T-shirt', 'backpack', 'banana', 'cleaver', 'clothes iron', 'coffee mug', 'computer mouse', 'digital watch', 'doormat', 'dumbbell', 'envelope', 'hair dryer', 'hammer', 'lampshade', 'lemon', 'lipstick', 'match', 'mobile phone', 'necklace', 'padlock', 'paintbrush', 'paper towel', 'park bench', 'pill bottle', 'pillow', 'plastic bag', 'plunger', 'power drill', 'printer', 'racket', 'ruler', 'safety pin', 'salt shaker', 'sandal', 'screw', 'shovel', 'space heater', 'spatula', 'speaker', 'strainer', 'sunglasses', 'teddy bear', 'television', 'umbrella', 'vase', 'wallet', 'waste container', 'water bottle', 'whistle']"
135479,ILSVRC2012_val_00015297.JPEG,100,lipstick,lipstick,3.021,0dad8e48637f46a3,False,"['Band-Aid', 'T-shirt', 'backpack', 'banana', 'cleaver', 'clothes iron', 'coffee mug', 'computer mouse', 'digital watch', 'doormat', 'dumbbell', 'envelope', 'hair dryer', 'hammer', 'lampshade', 'lemon', 'lipstick', 'match', 'mobile phone', 'necklace', 'padlock', 'paintbrush', 'paper towel', 'park bench', 'pill bottle', 'pillow', 'plastic bag', 'plunger', 'power drill', 'printer', 'racket', 'ruler', 'safety pin', 'salt shaker', 'sandal', 'screw', 'shovel', 'space heater', 'spatula', 'speaker', 'strainer', 'sunglasses', 'teddy bear', 'television', 'umbrella', 'vase', 'wallet', 'waste container', 'water bottle', 'whistle']"
135462,ILSVRC2012_val_00015472.JPEG,100,computer mouse,computer mouse,3.998,d555f77b7859b116,False,"['Band-Aid', 'T-shirt', 'backpack', 'banana', 'cleaver', 'clothes iron', 'coffee mug', 'computer mouse', 'digital watch', 'doormat', 'dumbbell', 'envelope', 'hair dryer', 'hammer', 'lampshade', 'lemon', 'lipstick', 'match', 'mobile phone', 'necklace', 'padlock', 'paintbrush', 'paper towel', 'park bench', 'pill bottle', 'pillow', 'plastic bag', 'plunger', 'power drill', 'printer', 'racket', 'ruler', 'safety pin', 'salt shaker', 'sandal', 'screw', 'shovel', 'space heater', 'spatula', 'speaker', 'strainer', 'sunglasses', 'teddy bear', 'television', 'umbrella', 'vase', 'wallet', 'waste container', 'water bottle', 'whistle']"
146681,ILSVRC2012_val_00015602.JPEG,100,sandal,sandal,12.597,43c8476a04fcdc54,False,"['Band-Aid', 'T-shirt', 'backpack', 'banana', 'cleaver', 'clothes iron', 'coffee mug', 'computer mouse', 'digital watch', 'doormat', 'dumbbell', 'envelope', 'hair dryer', 'hammer', 'lampshade', 'lemon', 'lipstick', 'match', 'mobile phone', 'necklace', 'padlock', 'paintbrush', 'paper towel', 'park bench', 'pill bottle', 'pillow', 'plastic bag', 'plunger', 'power drill', 'printer', 'racket', 'ruler', 'safety pin', 'salt shaker', 'sandal', 'screw', 'shovel', 'space heater', 'spatula', 'speaker', 'strainer', 'sunglasses', 'teddy bear', 'television', 'umbrella', 'vase', 'wallet', 'waste container', 'water bottle', 'whistle']"
143663,ILSVRC2012_val_00015697.JPEG,100,sunglasses,sunglasses,2.034,f6e367f1760ce50a,False,"['Band-Aid', 'T-shirt', 'backpack', 'banana', 'cleaver', 'clothes iron', 'coffee mug', 'computer mouse', 'digital watch', 'doormat', 'dumbbell', 'envelope', 'hair dryer', 'hammer', 'lampshade', 'lemon', 'lipstick', 'match', 'mobile phone', 'necklace', 'padlock', 'paintbrush', 'paper towel', 'park bench', 'pill bottle', 'pillow', 'plastic bag', 'plunger', 'power drill', 'printer', 'racket', 'ruler', 'safety pin', 'salt shaker', 'sandal', 'screw', 'shovel', 'space heater', 'spatula', 'speaker', 'strainer', 'sunglasses', 'teddy bear', 'television', 'umbrella', 'vase', 'wallet', 'waste container', 'water bottle', 'whistle']"
133837,ILSVRC2012_val_00015771.JPEG,100,umbrella,umbrella,15.054,be34ded15dcf6e99,False,"['Band-Aid', 'T-shirt', 'backpack', 'banana', 'cleaver', 'clothes iron', 'coffee mug', 'computer mouse', 'digital watch', 'doormat', 'dumbbell', 'envelope', 'hair dryer', 'hammer', 'lampshade', 'lemon', 'lipstick', 'match', 'mobile phone', 'necklace', 'padlock', 'paintbrush', 'paper towel', 'park bench', 'pill bottle', 'pillow', 'plastic bag', 'plunger', 'power drill', 'printer', 'racket', 'ruler', 'safety pin', 'salt shaker', 'sandal', 'screw', 'shovel', 'space heater', 'spatula', 'speaker', 'strainer', 'sunglasses', 'teddy bear', 'television', 'umbrella', 'vase', 'wallet', 'waste container', 'water bottle', 'whistle']"
137273,ILSVRC2012_val_00015880.JPEG,100,hammer,hammer,2.313,6f6457fd5e11ffd0,False,"['Band-Aid', 'T-shirt', 'backpack', 'banana', 'cleaver', 'clothes iron', 'coffee mug', 'computer mouse', 'digital watch', 'doormat', 'dumbbell', 'envelope', 'hair dryer', 'hammer', 'lampshade', 'lemon', 'lipstick', 'match', 'mobile phone', 'necklace', 'padlock', 'paintbrush', 'paper towel', 'park bench', 'pill bottle', 'pillow', 'plastic bag', 'plunger', 'power drill', 'printer', 'racket', 'ruler', 'safety pin', 'salt shaker', 'sandal', 'screw', 'shovel', 'space heater', 'spatula', 'speaker', 'strainer', 'sunglasses', 'teddy bear', 'television', 'umbrella', 'vase', 'wallet', 'waste container', 'water bottle', 'whistle']"
143723,ILSVRC2012_val_00015912.JPEG,100,padlock,padlock,3.001,97b6b99e5c32f701,False,"['Band-Aid', 'T-shirt', 'backpack', 'banana', 'cleaver', 'clothes iron', 'coffee mug', 'computer mouse', 'digital watch', 'doormat', 'dumbbell', 'envelope', 'hair dryer', 'hammer', 'lampshade', 'lemon', 'lipstick', 'match', 'mobile phone', 'necklace', 'padlock', 'paintbrush', 'paper towel', 'park bench', 'pill bottle', 'pillow', 'plastic bag', 'plunger', 'power drill', 'printer', 'racket', 'ruler', 'safety pin', 'salt shaker', 'sandal', 'screw', 'shovel', 'space heater', 'spatula', 'speaker', 'strainer', 'sunglasses', 'teddy bear', 'television', 'umbrella', 'vase', 'wallet', 'waste container', 'water bottle', 'whistle']"
141752,ILSVRC2012_val_00016044.JPEG,100,sunglasses,sunglasses,2.375,ebee8d1e6bc74afd,False,"['Band-Aid', 'T-shirt', 'backpack', 'banana', 'cleaver', 'clothes iron', 'coffee mug', 'computer mouse', 'digital watch', 'doormat', 'dumbbell', 'envelope', 'hair dryer', 'hammer', 'lampshade', 'lemon', 'lipstick', 'match', 'mobile phone', 'necklace', 'padlock', 'paintbrush', 'paper towel', 'park bench', 'pill bottle', 'pillow', 'plastic bag', 'plunger', 'power drill', 'printer', 'racket', 'ruler', 'safety pin', 'salt shaker', 'sandal', 'screw', 'shovel', 'space heater', 'spatula', 'speaker', 'strainer', 'sunglasses', 'teddy bear', 'television', 'umbrella', 'vase', 'wallet', 'waste container', 'water bottle', 'whistle']"
143104,ILSVRC2012_val_00016088.JPEG,100,sunglasses,sunglasses,5.448,92b29c17612c5a4e,False,"['Band-Aid', 'T-shirt', 'backpack', 'banana', 'cleaver', 'clothes iron', 'coffee mug', 'computer mouse', 'digital watch', 'doormat', 'dumbbell', 'envelope', 'hair dryer', 'hammer', 'lampshade', 'lemon', 'lipstick', 'match', 'mobile phone', 'necklace', 'padlock', 'paintbrush', 'paper towel', 'park bench', 'pill bottle', 'pillow', 'plastic bag', 'plunger', 'power drill', 'printer', 'racket', 'ruler', 'safety pin', 'salt shaker', 'sandal', 'screw', 'shovel', 'space heater', 'spatula', 'speaker', 'strainer', 'sunglasses', 'teddy bear', 'television', 'umbrella', 'vase', 'wallet', 'waste container', 'water bottle', 'whistle']"
135504,ILSVRC2012_val_00016256.JPEG,100,wallet,wallet,3.466,41b78d0a61f4a1ce,False,"['Band-Aid', 'T-shirt', 'backpack', 'banana', 'cleaver', 'clothes iron', 'coffee mug', 'computer mouse', 'digital watch', 'doormat', 'dumbbell', 'envelope', 'hair dryer', 'hammer', 'lampshade', 'lemon', 'lipstick', 'match', 'mobile phone', 'necklace', 'padlock', 'paintbrush', 'paper towel', 'park bench', 'pill bottle', 'pillow', 'plastic bag', 'plunger', 'power drill', 'printer', 'racket', 'ruler', 'safety pin', 'salt shaker', 'sandal', 'screw', 'shovel', 'space heater', 'spatula', 'speaker', 'strainer', 'sunglasses', 'teddy bear', 'television', 'umbrella', 'vase', 'wallet', 'waste container', 'water bottle', 'whistle']"
145081,ILSVRC2012_val_00016334.JPEG,100,T-shirt,T-shirt,1.834,3386162c8d6012e5,False,"['Band-Aid', 'T-shirt', 'backpack', 'banana', 'cleaver', 'clothes iron', 'coffee mug', 'computer mouse', 'digital watch', 'doormat', 'dumbbell', 'envelope', 'hair dryer', 'hammer', 'lampshade', 'lemon', 'lipstick', 'match', 'mobile phone', 'necklace', 'padlock', 'paintbrush', 'paper towel', 'park bench', 'pill bottle', 'pillow', 'plastic bag', 'plunger', 'power drill', 'printer', 'racket', 'ruler', 'safety pin', 'salt shaker', 'sandal', 'screw', 'shovel', 'space heater', 'spatula', 'speaker', 'strainer', 'sunglasses', 'teddy bear', 'television', 'umbrella', 'vase', 'wallet', 'waste container', 'water bottle', 'whistle']"
162287,ILSVRC2012_val_00016436.JPEG,100,safety pin,safety pin,7.609,419329d352d780ca,False,"['Band-Aid', 'T-shirt', 'backpack', 'banana', 'cleaver', 'clothes iron', 'coffee mug', 'computer mouse', 'digital watch', 'doormat', 'dumbbell', 'envelope', 'hair dryer', 'hammer', 'lampshade', 'lemon', 'lipstick', 'match', 'mobile phone', 'necklace', 'padlock', 'paintbrush', 'paper towel', 'park bench', 'pill bottle', 'pillow', 'plastic bag', 'plunger', 'power drill', 'printer', 'racket', 'ruler', 'safety pin', 'salt shaker', 'sandal', 'screw', 'shovel', 'space heater', 'spatula', 'speaker', 'strainer', 'sunglasses', 'teddy bear', 'television', 'umbrella', 'vase', 'wallet', 'waste container', 'water bottle', 'whistle']"
152885,ILSVRC2012_val_00016479.JPEG,100,backpack,racket,32.142,155e84bc040483da,False,"['Band-Aid', 'T-shirt', 'backpack', 'banana', 'cleaver', 'clothes iron', 'coffee mug', 'computer mouse', 'digital watch', 'doormat', 'dumbbell', 'envelope', 'hair dryer', 'hammer', 'lampshade', 'lemon', 'lipstick', 'match', 'mobile phone', 'necklace', 'padlock', 'paintbrush', 'paper towel', 'park bench', 'pill bottle', 'pillow', 'plastic bag', 'plunger', 'power drill', 'printer', 'racket', 'ruler', 'safety pin', 'salt shaker', 'sandal', 'screw', 'shovel', 'space heater', 'spatula', 'speaker', 'strainer', 'sunglasses', 'teddy bear', 'television', 'umbrella', 'vase', 'wallet', 'waste container', 'water bottle', 'whistle']"
154642,ILSVRC2012_val_00016485.JPEG,100,salt shaker,salt shaker,2.313,3e46558855710410,False,"['Band-Aid', 'T-shirt', 'backpack', 'banana', 'cleaver', 'clothes iron', 'coffee mug', 'computer mouse', 'digital watch', 'doormat', 'dumbbell', 'envelope', 'hair dryer', 'hammer', 'lampshade', 'lemon', 'lipstick', 'match', 'mobile phone', 'necklace', 'padlock', 'paintbrush', 'paper towel', 'park bench', 'pill bottle', 'pillow', 'plastic bag', 'plunger', 'power drill', 'printer', 'racket', 'ruler', 'safety pin', 'salt shaker', 'sandal', 'screw', 'shovel', 'space heater', 'spatula', 'speaker', 'strainer', 'sunglasses', 'teddy bear', 'television', 'umbrella', 'vase', 'wallet', 'waste container', 'water bottle', 'whistle']"
149312,ILSVRC2012_val_00016576.JPEG,100,coffee mug,coffee mug,2.244,15d176c09b6d4877,False,"['Band-Aid', 'T-shirt', 'backpack', 'banana', 'cleaver', 'clothes iron', 'coffee mug', 'computer mouse', 'digital watch', 'doormat', 'dumbbell', 'envelope', 'hair dryer', 'hammer', 'lampshade', 'lemon', 'lipstick', 'match', 'mobile phone', 'necklace', 'padlock', 'paintbrush', 'paper towel', 'park bench', 'pill bottle', 'pillow', 'plastic bag', 'plunger', 'power drill', 'printer', 'racket', 'ruler', 'safety pin', 'salt shaker', 'sandal', 'screw', 'shovel', 'space heater', 'spatula', 'speaker', 'strainer', 'sunglasses', 'teddy bear', 'television', 'umbrella', 'vase', 'wallet', 'waste container', 'water bottle', 'whistle']"
150676,ILSVRC2012_val_00016605.JPEG,100,television,television,2.407,f18008e96146f179,False,"['Band-Aid', 'T-shirt', 'backpack', 'banana', 'cleaver', 'clothes iron', 'coffee mug', 'computer mouse', 'digital watch', 'doormat', 'dumbbell', 'envelope', 'hair dryer', 'hammer', 'lampshade', 'lemon', 'lipstick', 'match', 'mobile phone', 'necklace', 'padlock', 'paintbrush', 'paper towel', 'park bench', 'pill bottle', 'pillow', 'plastic bag', 'plunger', 'power drill', 'printer', 'racket', 'ruler', 'safety pin', 'salt shaker', 'sandal', 'screw', 'shovel', 'space heater', 'spatula', 'speaker', 'strainer', 'sunglasses', 'teddy bear', 'television', 'umbrella', 'vase', 'wallet', 'waste container', 'water bottle', 'whistle']"
141588,ILSVRC2012_val_00016727.JPEG,100,T-shirt,T-shirt,33.223,2814582714c38298,False,"['Band-Aid', 'T-shirt', 'backpack', 'banana', 'cleaver', 'clothes iron', 'coffee mug', 'computer mouse', 'digital watch', 'doormat', 'dumbbell', 'envelope', 'hair dryer', 'hammer', 'lampshade', 'lemon', 'lipstick', 'match', 'mobile phone', 'necklace', 'padlock', 'paintbrush', 'paper towel', 'park bench', 'pill bottle', 'pillow', 'plastic bag', 'plunger', 'power drill', 'printer', 'racket', 'ruler', 'safety pin', 'salt shaker', 'sandal', 'screw', 'shovel', 'space heater', 'spatula', 'speaker', 'strainer', 'sunglasses', 'teddy bear', 'television', 'umbrella', 'vase', 'wallet', 'waste container', 'water bottle', 'whistle']"
147793,ILSVRC2012_val_00016786.JPEG,100,whistle,whistle,2.198,9429ead3ce164e19,False,"['Band-Aid', 'T-shirt', 'backpack', 'banana', 'cleaver', 'clothes iron', 'coffee mug', 'computer mouse', 'digital watch', 'doormat', 'dumbbell', 'envelope', 'hair dryer', 'hammer', 'lampshade', 'lemon', 'lipstick', 'match', 'mobile phone', 'necklace', 'padlock', 'paintbrush', 'paper towel', 'park bench', 'pill bottle', 'pillow', 'plastic bag', 'plunger', 'power drill', 'printer', 'racket', 'ruler', 'safety pin', 'salt shaker', 'sandal', 'screw', 'shovel', 'space heater', 'spatula', 'speaker', 'strainer', 'sunglasses', 'teddy bear', 'television', 'umbrella', 'vase', 'wallet', 'waste container', 'water bottle', 'whistle']"
149327,ILSVRC2012_val_00016799.JPEG,100,ruler,ruler,3.309,e87c05fb19adc0c6,False,"['Band-Aid', 'T-shirt', 'backpack', 'banana', 'cleaver', 'clothes iron', 'coffee mug', 'computer mouse', 'digital watch', 'doormat', 'dumbbell', 'envelope', 'hair dryer', 'hammer', 'lampshade', 'lemon', 'lipstick', 'match', 'mobile phone', 'necklace', 'padlock', 'paintbrush', 'paper towel', 'park bench', 'pill bottle', 'pillow', 'plastic bag', 'plunger', 'power drill', 'printer', 'racket', 'ruler', 'safety pin', 'salt shaker', 'sandal', 'screw', 'shovel', 'space heater', 'spatula', 'speaker', 'strainer', 'sunglasses', 'teddy bear', 'television', 'umbrella', 'vase', 'wallet', 'waste container', 'water bottle', 'whistle']"
135666,ILSVRC2012_val_00016870.JPEG,100,lipstick,lipstick,2.387,59a82372bbdb9378,False,"['Band-Aid', 'T-shirt', 'backpack', 'banana', 'cleaver', 'clothes iron', 'coffee mug', 'computer mouse', 'digital watch', 'doormat', 'dumbbell', 'envelope', 'hair dryer', 'hammer', 'lampshade', 'lemon', 'lipstick', 'match', 'mobile phone', 'necklace', 'padlock', 'paintbrush', 'paper towel', 'park bench', 'pill bottle', 'pillow', 'plastic bag', 'plunger', 'power drill', 'printer', 'racket', 'ruler', 'safety pin', 'salt shaker', 'sandal', 'screw', 'shovel', 'space heater', 'spatula', 'speaker', 'strainer', 'sunglasses', 'teddy bear', 'television', 'umbrella', 'vase', 'wallet', 'waste container', 'water bottle', 'whistle']"
147164,ILSVRC2012_val_00016972.JPEG,100,umbrella,umbrella,1.797,c71a3b0c753e8922,False,"['Band-Aid', 'T-shirt', 'backpack', 'banana', 'cleaver', 'clothes iron', 'coffee mug', 'computer mouse', 'digital watch', 'doormat', 'dumbbell', 'envelope', 'hair dryer', 'hammer', 'lampshade', 'lemon', 'lipstick', 'match', 'mobile phone', 'necklace', 'padlock', 'paintbrush', 'paper towel', 'park bench', 'pill bottle', 'pillow', 'plastic bag', 'plunger', 'power drill', 'printer', 'racket', 'ruler', 'safety pin', 'salt shaker', 'sandal', 'screw', 'shovel', 'space heater', 'spatula', 'speaker', 'strainer', 'sunglasses', 'teddy bear', 'television', 'umbrella', 'vase', 'wallet', 'waste container', 'water bottle', 'whistle']"
139273,ILSVRC2012_val_00017021.JPEG,100,banana,banana,7.265,8e2eb069290ef426,False,"['Band-Aid', 'T-shirt', 'backpack', 'banana', 'cleaver', 'clothes iron', 'coffee mug', 'computer mouse', 'digital watch', 'doormat', 'dumbbell', 'envelope', 'hair dryer', 'hammer', 'lampshade', 'lemon', 'lipstick', 'match', 'mobile phone', 'necklace', 'padlock', 'paintbrush', 'paper towel', 'park bench', 'pill bottle', 'pillow', 'plastic bag', 'plunger', 'power drill', 'printer', 'racket', 'ruler', 'safety pin', 'salt shaker', 'sandal', 'screw', 'shovel', 'space heater', 'spatula', 'speaker', 'strainer', 'sunglasses', 'teddy bear', 'television', 'umbrella', 'vase', 'wallet', 'waste container', 'water bottle', 'whistle']"
138393,ILSVRC2012_val_00017144.JPEG,100,banana,banana,3.073,991398360dd5923c,False,"['Band-Aid', 'T-shirt', 'backpack', 'banana', 'cleaver', 'clothes iron', 'coffee mug', 'computer mouse', 'digital watch', 'doormat', 'dumbbell', 'envelope', 'hair dryer', 'hammer', 'lampshade', 'lemon', 'lipstick', 'match', 'mobile phone', 'necklace', 'padlock', 'paintbrush', 'paper towel', 'park bench', 'pill bottle', 'pillow', 'plastic bag', 'plunger', 'power drill', 'printer', 'racket', 'ruler', 'safety pin', 'salt shaker', 'sandal', 'screw', 'shovel', 'space heater', 'spatula', 'speaker', 'strainer', 'sunglasses', 'teddy bear', 'television', 'umbrella', 'vase', 'wallet', 'waste container', 'water bottle', 'whistle']"
135714,ILSVRC2012_val_00017149.JPEG,100,digital watch,digital watch,15.625,c1176031f1cb761d,False,"['Band-Aid', 'T-shirt', 'backpack', 'banana', 'cleaver', 'clothes iron', 'coffee mug', 'computer mouse', 'digital watch', 'doormat', 'dumbbell', 'envelope', 'hair dryer', 'hammer', 'lampshade', 'lemon', 'lipstick', 'match', 'mobile phone', 'necklace', 'padlock', 'paintbrush', 'paper towel', 'park bench', 'pill bottle', 'pillow', 'plastic bag', 'plunger', 'power drill', 'printer', 'racket', 'ruler', 'safety pin', 'salt shaker', 'sandal', 'screw', 'shovel', 'space heater', 'spatula', 'speaker', 'strainer', 'sunglasses', 'teddy bear', 'television', 'umbrella', 'vase', 'wallet', 'waste container', 'water bottle', 'whistle']"
149024,ILSVRC2012_val_00017184.JPEG,100,lemon,lemon,3.833,27b9c44acc7eb0d9,False,"['Band-Aid', 'T-shirt', 'backpack', 'banana', 'cleaver', 'clothes iron', 'coffee mug', 'computer mouse', 'digital watch', 'doormat', 'dumbbell', 'envelope', 'hair dryer', 'hammer', 'lampshade', 'lemon', 'lipstick', 'match', 'mobile phone', 'necklace', 'padlock', 'paintbrush', 'paper towel', 'park bench', 'pill bottle', 'pillow', 'plastic bag', 'plunger', 'power drill', 'printer', 'racket', 'ruler', 'safety pin', 'salt shaker', 'sandal', 'screw', 'shovel', 'space heater', 'spatula', 'speaker', 'strainer', 'sunglasses', 'teddy bear', 'television', 'umbrella', 'vase', 'wallet', 'waste container', 'water bottle', 'whistle']"
133900,ILSVRC2012_val_00017262.JPEG,100,mobile phone,mobile phone,14.714,3281ebf4d7bbf245,False,"['Band-Aid', 'T-shirt', 'backpack', 'banana', 'cleaver', 'clothes iron', 'coffee mug', 'computer mouse', 'digital watch', 'doormat', 'dumbbell', 'envelope', 'hair dryer', 'hammer', 'lampshade', 'lemon', 'lipstick', 'match', 'mobile phone', 'necklace', 'padlock', 'paintbrush', 'paper towel', 'park bench', 'pill bottle', 'pillow', 'plastic bag', 'plunger', 'power drill', 'printer', 'racket', 'ruler', 'safety pin', 'salt shaker', 'sandal', 'screw', 'shovel', 'space heater', 'spatula', 'speaker', 'strainer', 'sunglasses', 'teddy bear', 'television', 'umbrella', 'vase', 'wallet', 'waste container', 'water bottle', 'whistle']"
160075,ILSVRC2012_val_00017312.JPEG,100,lampshade,lampshade,3.91,f70c3b3b113954f9,False,"['Band-Aid', 'T-shirt', 'backpack', 'banana', 'cleaver', 'clothes iron', 'coffee mug', 'computer mouse', 'digital watch', 'doormat', 'dumbbell', 'envelope', 'hair dryer', 'hammer', 'lampshade', 'lemon', 'lipstick', 'match', 'mobile phone', 'necklace', 'padlock', 'paintbrush', 'paper towel', 'park bench', 'pill bottle', 'pillow', 'plastic bag', 'plunger', 'power drill', 'printer', 'racket', 'ruler', 'safety pin', 'salt shaker', 'sandal', 'screw', 'shovel', 'space heater', 'spatula', 'speaker', 'strainer', 'sunglasses', 'teddy bear', 'television', 'umbrella', 'vase', 'wallet', 'waste container', 'water bottle', 'whistle']"
148208,ILSVRC2012_val_00017320.JPEG,100,hammer,hammer,2.88,80d3db92396f1ced,False,"['Band-Aid', 'T-shirt', 'backpack', 'banana', 'cleaver', 'clothes iron', 'coffee mug', 'computer mouse', 'digital watch', 'doormat', 'dumbbell', 'envelope', 'hair dryer', 'hammer', 'lampshade', 'lemon', 'lipstick', 'match', 'mobile phone', 'necklace', 'padlock', 'paintbrush', 'paper towel', 'park bench', 'pill bottle', 'pillow', 'plastic bag', 'plunger', 'power drill', 'printer', 'racket', 'ruler', 'safety pin', 'salt shaker', 'sandal', 'screw', 'shovel', 'space heater', 'spatula', 'speaker', 'strainer', 'sunglasses', 'teddy bear', 'television', 'umbrella', 'vase', 'wallet', 'waste container', 'water bottle', 'whistle']"
158936,ILSVRC2012_val_00017385.JPEG,100,doormat,doormat,3.422,308f63dc402d8816,False,"['Band-Aid', 'T-shirt', 'backpack', 'banana', 'cleaver', 'clothes iron', 'coffee mug', 'computer mouse', 'digital watch', 'doormat', 'dumbbell', 'envelope', 'hair dryer', 'hammer', 'lampshade', 'lemon', 'lipstick', 'match', 'mobile phone', 'necklace', 'padlock', 'paintbrush', 'paper towel', 'park bench', 'pill bottle', 'pillow', 'plastic bag', 'plunger', 'power drill', 'printer', 'racket', 'ruler', 'safety pin', 'salt shaker', 'sandal', 'screw', 'shovel', 'space heater', 'spatula', 'speaker', 'strainer', 'sunglasses', 'teddy bear', 'television', 'umbrella', 'vase', 'wallet', 'waste container', 'water bottle', 'whistle']"
142992,ILSVRC2012_val_00017395.JPEG,100,teddy bear,teddy bear,3.394,ac7d11e3f531e7cb,False,"['Band-Aid', 'T-shirt', 'backpack', 'banana', 'cleaver', 'clothes iron', 'coffee mug', 'computer mouse', 'digital watch', 'doormat', 'dumbbell', 'envelope', 'hair dryer', 'hammer', 'lampshade', 'lemon', 'lipstick', 'match', 'mobile phone', 'necklace', 'padlock', 'paintbrush', 'paper towel', 'park bench', 'pill bottle', 'pillow', 'plastic bag', 'plunger', 'power drill', 'printer', 'racket', 'ruler', 'safety pin', 'salt shaker', 'sandal', 'screw', 'shovel', 'space heater', 'spatula', 'speaker', 'strainer', 'sunglasses', 'teddy bear', 'television', 'umbrella', 'vase', 'wallet', 'waste container', 'water bottle', 'whistle']"
143515,ILSVRC2012_val_00017824.JPEG,100,umbrella,umbrella,2.649,0d2502db0e15db02,False,"['Band-Aid', 'T-shirt', 'backpack', 'banana', 'cleaver', 'clothes iron', 'coffee mug', 'computer mouse', 'digital watch', 'doormat', 'dumbbell', 'envelope', 'hair dryer', 'hammer', 'lampshade', 'lemon', 'lipstick', 'match', 'mobile phone', 'necklace', 'padlock', 'paintbrush', 'paper towel', 'park bench', 'pill bottle', 'pillow', 'plastic bag', 'plunger', 'power drill', 'printer', 'racket', 'ruler', 'safety pin', 'salt shaker', 'sandal', 'screw', 'shovel', 'space heater', 'spatula', 'speaker', 'strainer', 'sunglasses', 'teddy bear', 'television', 'umbrella', 'vase', 'wallet', 'waste container', 'water bottle', 'whistle']"
148032,ILSVRC2012_val_00017833.JPEG,100,mobile phone,mobile phone,1.569,395ab2469d10f84f,False,"['Band-Aid', 'T-shirt', 'backpack', 'banana', 'cleaver', 'clothes iron', 'coffee mug', 'computer mouse', 'digital watch', 'doormat', 'dumbbell', 'envelope', 'hair dryer', 'hammer', 'lampshade', 'lemon', 'lipstick', 'match', 'mobile phone', 'necklace', 'padlock', 'paintbrush', 'paper towel', 'park bench', 'pill bottle', 'pillow', 'plastic bag', 'plunger', 'power drill', 'printer', 'racket', 'ruler', 'safety pin', 'salt shaker', 'sandal', 'screw', 'shovel', 'space heater', 'spatula', 'speaker', 'strainer', 'sunglasses', 'teddy bear', 'television', 'umbrella', 'vase', 'wallet', 'waste container', 'water bottle', 'whistle']"
154876,ILSVRC2012_val_00017956.JPEG,100,teddy bear,teddy bear,3.213,9d18ad4e72a69082,False,"['Band-Aid', 'T-shirt', 'backpack', 'banana', 'cleaver', 'clothes iron', 'coffee mug', 'computer mouse', 'digital watch', 'doormat', 'dumbbell', 'envelope', 'hair dryer', 'hammer', 'lampshade', 'lemon', 'lipstick', 'match', 'mobile phone', 'necklace', 'padlock', 'paintbrush', 'paper towel', 'park bench', 'pill bottle', 'pillow', 'plastic bag', 'plunger', 'power drill', 'printer', 'racket', 'ruler', 'safety pin', 'salt shaker', 'sandal', 'screw', 'shovel', 'space heater', 'spatula', 'speaker', 'strainer', 'sunglasses', 'teddy bear', 'television', 'umbrella', 'vase', 'wallet', 'waste container', 'water bottle', 'whistle']"
133678,ILSVRC2012_val_00018021.JPEG,100,backpack,backpack,20.907,8ae069b89d6250de,False,"['Band-Aid', 'T-shirt', 'backpack', 'banana', 'cleaver', 'clothes iron', 'coffee mug', 'computer mouse', 'digital watch', 'doormat', 'dumbbell', 'envelope', 'hair dryer', 'hammer', 'lampshade', 'lemon', 'lipstick', 'match', 'mobile phone', 'necklace', 'padlock', 'paintbrush', 'paper towel', 'park bench', 'pill bottle', 'pillow', 'plastic bag', 'plunger', 'power drill', 'printer', 'racket', 'ruler', 'safety pin', 'salt shaker', 'sandal', 'screw', 'shovel', 'space heater', 'spatula', 'speaker', 'strainer', 'sunglasses', 'teddy bear', 'television', 'umbrella', 'vase', 'wallet', 'waste container', 'water bottle', 'whistle']"
171011,ILSVRC2012_val_00018275.JPEG,100,pillow,pillow,8.235,807ac53ac01af1a7,False,"['Band-Aid', 'T-shirt', 'backpack', 'banana', 'cleaver', 'clothes iron', 'coffee mug', 'computer mouse', 'digital watch', 'doormat', 'dumbbell', 'envelope', 'hair dryer', 'hammer', 'lampshade', 'lemon', 'lipstick', 'match', 'mobile phone', 'necklace', 'padlock', 'paintbrush', 'paper towel', 'park bench', 'pill bottle', 'pillow', 'plastic bag', 'plunger', 'power drill', 'printer', 'racket', 'ruler', 'safety pin', 'salt shaker', 'sandal', 'screw', 'shovel', 'space heater', 'spatula', 'speaker', 'strainer', 'sunglasses', 'teddy bear', 'television', 'umbrella', 'vase', 'wallet', 'waste container', 'water bottle', 'whistle']"
159144,ILSVRC2012_val_00018338.JPEG,100,lemon,lemon,3.106,04c4227068e32eee,False,"['Band-Aid', 'T-shirt', 'backpack', 'banana', 'cleaver', 'clothes iron', 'coffee mug', 'computer mouse', 'digital watch', 'doormat', 'dumbbell', 'envelope', 'hair dryer', 'hammer', 'lampshade', 'lemon', 'lipstick', 'match', 'mobile phone', 'necklace', 'padlock', 'paintbrush', 'paper towel', 'park bench', 'pill bottle', 'pillow', 'plastic bag', 'plunger', 'power drill', 'printer', 'racket', 'ruler', 'safety pin', 'salt shaker', 'sandal', 'screw', 'shovel', 'space heater', 'spatula', 'speaker', 'strainer', 'sunglasses', 'teddy bear', 'television', 'umbrella', 'vase', 'wallet', 'waste container', 'water bottle', 'whistle']"
133590,ILSVRC2012_val_00018355.JPEG,100,necklace,necklace,9.703,98295485c87e968f,False,"['Band-Aid', 'T-shirt', 'backpack', 'banana', 'cleaver', 'clothes iron', 'coffee mug', 'computer mouse', 'digital watch', 'doormat', 'dumbbell', 'envelope', 'hair dryer', 'hammer', 'lampshade', 'lemon', 'lipstick', 'match', 'mobile phone', 'necklace', 'padlock', 'paintbrush', 'paper towel', 'park bench', 'pill bottle', 'pillow', 'plastic bag', 'plunger', 'power drill', 'printer', 'racket', 'ruler', 'safety pin', 'salt shaker', 'sandal', 'screw', 'shovel', 'space heater', 'spatula', 'speaker', 'strainer', 'sunglasses', 'teddy bear', 'television', 'umbrella', 'vase', 'wallet', 'waste container', 'water bottle', 'whistle']"
147516,ILSVRC2012_val_00018374.JPEG,100,sunglasses,sunglasses,5.03,ab89c9864c1e7a49,False,"['Band-Aid', 'T-shirt', 'backpack', 'banana', 'cleaver', 'clothes iron', 'coffee mug', 'computer mouse', 'digital watch', 'doormat', 'dumbbell', 'envelope', 'hair dryer', 'hammer', 'lampshade', 'lemon', 'lipstick', 'match', 'mobile phone', 'necklace', 'padlock', 'paintbrush', 'paper towel', 'park bench', 'pill bottle', 'pillow', 'plastic bag', 'plunger', 'power drill', 'printer', 'racket', 'ruler', 'safety pin', 'salt shaker', 'sandal', 'screw', 'shovel', 'space heater', 'spatula', 'speaker', 'strainer', 'sunglasses', 'teddy bear', 'television', 'umbrella', 'vase', 'wallet', 'waste container', 'water bottle', 'whistle']"
133632,ILSVRC2012_val_00018732.JPEG,100,whistle,whistle,9.542,84f5706a8eb85eaf,False,"['Band-Aid', 'T-shirt', 'backpack', 'banana', 'cleaver', 'clothes iron', 'coffee mug', 'computer mouse', 'digital watch', 'doormat', 'dumbbell', 'envelope', 'hair dryer', 'hammer', 'lampshade', 'lemon', 'lipstick', 'match', 'mobile phone', 'necklace', 'padlock', 'paintbrush', 'paper towel', 'park bench', 'pill bottle', 'pillow', 'plastic bag', 'plunger', 'power drill', 'printer', 'racket', 'ruler', 'safety pin', 'salt shaker', 'sandal', 'screw', 'shovel', 'space heater', 'spatula', 'speaker', 'strainer', 'sunglasses', 'teddy bear', 'television', 'umbrella', 'vase', 'wallet', 'waste container', 'water bottle', 'whistle']"
136908,ILSVRC2012_val_00018734.JPEG,100,computer mouse,computer mouse,12.249,1b348e57b2a8ec0b,False,"['Band-Aid', 'T-shirt', 'backpack', 'banana', 'cleaver', 'clothes iron', 'coffee mug', 'computer mouse', 'digital watch', 'doormat', 'dumbbell', 'envelope', 'hair dryer', 'hammer', 'lampshade', 'lemon', 'lipstick', 'match', 'mobile phone', 'necklace', 'padlock', 'paintbrush', 'paper towel', 'park bench', 'pill bottle', 'pillow', 'plastic bag', 'plunger', 'power drill', 'printer', 'racket', 'ruler', 'safety pin', 'salt shaker', 'sandal', 'screw', 'shovel', 'space heater', 'spatula', 'speaker', 'strainer', 'sunglasses', 'teddy bear', 'television', 'umbrella', 'vase', 'wallet', 'waste container', 'water bottle', 'whistle']"
141409,ILSVRC2012_val_00018790.JPEG,100,necklace,necklace,14.251,e498dd80104a4a5c,False,"['Band-Aid', 'T-shirt', 'backpack', 'banana', 'cleaver', 'clothes iron', 'coffee mug', 'computer mouse', 'digital watch', 'doormat', 'dumbbell', 'envelope', 'hair dryer', 'hammer', 'lampshade', 'lemon', 'lipstick', 'match', 'mobile phone', 'necklace', 'padlock', 'paintbrush', 'paper towel', 'park bench', 'pill bottle', 'pillow', 'plastic bag', 'plunger', 'power drill', 'printer', 'racket', 'ruler', 'safety pin', 'salt shaker', 'sandal', 'screw', 'shovel', 'space heater', 'spatula', 'speaker', 'strainer', 'sunglasses', 'teddy bear', 'television', 'umbrella', 'vase', 'wallet', 'waste container', 'water bottle', 'whistle']"
139676,ILSVRC2012_val_00018816.JPEG,100,whistle,whistle,1.554,77f9bac90edbf0a5,False,"['Band-Aid', 'T-shirt', 'backpack', 'banana', 'cleaver', 'clothes iron', 'coffee mug', 'computer mouse', 'digital watch', 'doormat', 'dumbbell', 'envelope', 'hair dryer', 'hammer', 'lampshade', 'lemon', 'lipstick', 'match', 'mobile phone', 'necklace', 'padlock', 'paintbrush', 'paper towel', 'park bench', 'pill bottle', 'pillow', 'plastic bag', 'plunger', 'power drill', 'printer', 'racket', 'ruler', 'safety pin', 'salt shaker', 'sandal', 'screw', 'shovel', 'space heater', 'spatula', 'speaker', 'strainer', 'sunglasses', 'teddy bear', 'television', 'umbrella', 'vase', 'wallet', 'waste container', 'water bottle', 'whistle']"
142624,ILSVRC2012_val_00018854.JPEG,100,necklace,necklace,1.947,ec8257416dfa7c48,False,"['Band-Aid', 'T-shirt', 'backpack', 'banana', 'cleaver', 'clothes iron', 'coffee mug', 'computer mouse', 'digital watch', 'doormat', 'dumbbell', 'envelope', 'hair dryer', 'hammer', 'lampshade', 'lemon', 'lipstick', 'match', 'mobile phone', 'necklace', 'padlock', 'paintbrush', 'paper towel', 'park bench', 'pill bottle', 'pillow', 'plastic bag', 'plunger', 'power drill', 'printer', 'racket', 'ruler', 'safety pin', 'salt shaker', 'sandal', 'screw', 'shovel', 'space heater', 'spatula', 'speaker', 'strainer', 'sunglasses', 'teddy bear', 'television', 'umbrella', 'vase', 'wallet', 'waste container', 'water bottle', 'whistle']"
133618,ILSVRC2012_val_00018896.JPEG,100,banana,clothes iron,3.729,8b4a6dec6203d3b7,False,"['Band-Aid', 'T-shirt', 'backpack', 'banana', 'cleaver', 'clothes iron', 'coffee mug', 'computer mouse', 'digital watch', 'doormat', 'dumbbell', 'envelope', 'hair dryer', 'hammer', 'lampshade', 'lemon', 'lipstick', 'match', 'mobile phone', 'necklace', 'padlock', 'paintbrush', 'paper towel', 'park bench', 'pill bottle', 'pillow', 'plastic bag', 'plunger', 'power drill', 'printer', 'racket', 'ruler', 'safety pin', 'salt shaker', 'sandal', 'screw', 'shovel', 'space heater', 'spatula', 'speaker', 'strainer', 'sunglasses', 'teddy bear', 'television', 'umbrella', 'vase', 'wallet', 'waste container', 'water bottle', 'whistle']"
158428,ILSVRC2012_val_00018918.JPEG,100,match,match,2.264,cb5b64ecfe2404a0,False,"['Band-Aid', 'T-shirt', 'backpack', 'banana', 'cleaver', 'clothes iron', 'coffee mug', 'computer mouse', 'digital watch', 'doormat', 'dumbbell', 'envelope', 'hair dryer', 'hammer', 'lampshade', 'lemon', 'lipstick', 'match', 'mobile phone', 'necklace', 'padlock', 'paintbrush', 'paper towel', 'park bench', 'pill bottle', 'pillow', 'plastic bag', 'plunger', 'power drill', 'printer', 'racket', 'ruler', 'safety pin', 'salt shaker', 'sandal', 'screw', 'shovel', 'space heater', 'spatula', 'speaker', 'strainer', 'sunglasses', 'teddy bear', 'television', 'umbrella', 'vase', 'wallet', 'waste container', 'water bottle', 'whistle']"
142562,ILSVRC2012_val_00018920.JPEG,100,lipstick,lipstick,3.814,fad1b1a4722758b9,False,"['Band-Aid', 'T-shirt', 'backpack', 'banana', 'cleaver', 'clothes iron', 'coffee mug', 'computer mouse', 'digital watch', 'doormat', 'dumbbell', 'envelope', 'hair dryer', 'hammer', 'lampshade', 'lemon', 'lipstick', 'match', 'mobile phone', 'necklace', 'padlock', 'paintbrush', 'paper towel', 'park bench', 'pill bottle', 'pillow', 'plastic bag', 'plunger', 'power drill', 'printer', 'racket', 'ruler', 'safety pin', 'salt shaker', 'sandal', 'screw', 'shovel', 'space heater', 'spatula', 'speaker', 'strainer', 'sunglasses', 'teddy bear', 'television', 'umbrella', 'vase', 'wallet', 'waste container', 'water bottle', 'whistle']"
133639,ILSVRC2012_val_00018977.JPEG,100,vase,vase,12.402,ce04470eaaa291ce,False,"['Band-Aid', 'T-shirt', 'backpack', 'banana', 'cleaver', 'clothes iron', 'coffee mug', 'computer mouse', 'digital watch', 'doormat', 'dumbbell', 'envelope', 'hair dryer', 'hammer', 'lampshade', 'lemon', 'lipstick', 'match', 'mobile phone', 'necklace', 'padlock', 'paintbrush', 'paper towel', 'park bench', 'pill bottle', 'pillow', 'plastic bag', 'plunger', 'power drill', 'printer', 'racket', 'ruler', 'safety pin', 'salt shaker', 'sandal', 'screw', 'shovel', 'space heater', 'spatula', 'speaker', 'strainer', 'sunglasses', 'teddy bear', 'television', 'umbrella', 'vase', 'wallet', 'waste container', 'water bottle', 'whistle']"
141439,ILSVRC2012_val_00019127.JPEG,100,sunglasses,sunglasses,1.986,1dc989a371bfdd4b,False,"['Band-Aid', 'T-shirt', 'backpack', 'banana', 'cleaver', 'clothes iron', 'coffee mug', 'computer mouse', 'digital watch', 'doormat', 'dumbbell', 'envelope', 'hair dryer', 'hammer', 'lampshade', 'lemon', 'lipstick', 'match', 'mobile phone', 'necklace', 'padlock', 'paintbrush', 'paper towel', 'park bench', 'pill bottle', 'pillow', 'plastic bag', 'plunger', 'power drill', 'printer', 'racket', 'ruler', 'safety pin', 'salt shaker', 'sandal', 'screw', 'shovel', 'space heater', 'spatula', 'speaker', 'strainer', 'sunglasses', 'teddy bear', 'television', 'umbrella', 'vase', 'wallet', 'waste container', 'water bottle', 'whistle']"
147732,ILSVRC2012_val_00019174.JPEG,100,necklace,necklace,7.936,68f0b2224da44dbe,False,"['Band-Aid', 'T-shirt', 'backpack', 'banana', 'cleaver', 'clothes iron', 'coffee mug', 'computer mouse', 'digital watch', 'doormat', 'dumbbell', 'envelope', 'hair dryer', 'hammer', 'lampshade', 'lemon', 'lipstick', 'match', 'mobile phone', 'necklace', 'padlock', 'paintbrush', 'paper towel', 'park bench', 'pill bottle', 'pillow', 'plastic bag', 'plunger', 'power drill', 'printer', 'racket', 'ruler', 'safety pin', 'salt shaker', 'sandal', 'screw', 'shovel', 'space heater', 'spatula', 'speaker', 'strainer', 'sunglasses', 'teddy bear', 'television', 'umbrella', 'vase', 'wallet', 'waste container', 'water bottle', 'whistle']"
136233,ILSVRC2012_val_00019337.JPEG,100,dumbbell,dumbbell,2.816,36825ec259af25a5,False,"['Band-Aid', 'T-shirt', 'backpack', 'banana', 'cleaver', 'clothes iron', 'coffee mug', 'computer mouse', 'digital watch', 'doormat', 'dumbbell', 'envelope', 'hair dryer', 'hammer', 'lampshade', 'lemon', 'lipstick', 'match', 'mobile phone', 'necklace', 'padlock', 'paintbrush', 'paper towel', 'park bench', 'pill bottle', 'pillow', 'plastic bag', 'plunger', 'power drill', 'printer', 'racket', 'ruler', 'safety pin', 'salt shaker', 'sandal', 'screw', 'shovel', 'space heater', 'spatula', 'speaker', 'strainer', 'sunglasses', 'teddy bear', 'television', 'umbrella', 'vase', 'wallet', 'waste container', 'water bottle', 'whistle']"
136238,ILSVRC2012_val_00019358.JPEG,100,cleaver,cleaver,3.822,eaf45f822966acc3,False,"['Band-Aid', 'T-shirt', 'backpack', 'banana', 'cleaver', 'clothes iron', 'coffee mug', 'computer mouse', 'digital watch', 'doormat', 'dumbbell', 'envelope', 'hair dryer', 'hammer', 'lampshade', 'lemon', 'lipstick', 'match', 'mobile phone', 'necklace', 'padlock', 'paintbrush', 'paper towel', 'park bench', 'pill bottle', 'pillow', 'plastic bag', 'plunger', 'power drill', 'printer', 'racket', 'ruler', 'safety pin', 'salt shaker', 'sandal', 'screw', 'shovel', 'space heater', 'spatula', 'speaker', 'strainer', 'sunglasses', 'teddy bear', 'television', 'umbrella', 'vase', 'wallet', 'waste container', 'water bottle', 'whistle']"
149266,ILSVRC2012_val_00019436.JPEG,100,digital watch,digital watch,3.213,a07cd49a113c8809,False,"['Band-Aid', 'T-shirt', 'backpack', 'banana', 'cleaver', 'clothes iron', 'coffee mug', 'computer mouse', 'digital watch', 'doormat', 'dumbbell', 'envelope', 'hair dryer', 'hammer', 'lampshade', 'lemon', 'lipstick', 'match', 'mobile phone', 'necklace', 'padlock', 'paintbrush', 'paper towel', 'park bench', 'pill bottle', 'pillow', 'plastic bag', 'plunger', 'power drill', 'printer', 'racket', 'ruler', 'safety pin', 'salt shaker', 'sandal', 'screw', 'shovel', 'space heater', 'spatula', 'speaker', 'strainer', 'sunglasses', 'teddy bear', 'television', 'umbrella', 'vase', 'wallet', 'waste container', 'water bottle', 'whistle']"
154730,ILSVRC2012_val_00019508.JPEG,100,teddy bear,teddy bear,2.7,35562ad2d7eb9561,False,"['Band-Aid', 'T-shirt', 'backpack', 'banana', 'cleaver', 'clothes iron', 'coffee mug', 'computer mouse', 'digital watch', 'doormat', 'dumbbell', 'envelope', 'hair dryer', 'hammer', 'lampshade', 'lemon', 'lipstick', 'match', 'mobile phone', 'necklace', 'padlock', 'paintbrush', 'paper towel', 'park bench', 'pill bottle', 'pillow', 'plastic bag', 'plunger', 'power drill', 'printer', 'racket', 'ruler', 'safety pin', 'salt shaker', 'sandal', 'screw', 'shovel', 'space heater', 'spatula', 'speaker', 'strainer', 'sunglasses', 'teddy bear', 'television', 'umbrella', 'vase', 'wallet', 'waste container', 'water bottle', 'whistle']"
153309,ILSVRC2012_val_00019522.JPEG,100,T-shirt,T-shirt,3.642,b5278343d4c1c88d,False,"['Band-Aid', 'T-shirt', 'backpack', 'banana', 'cleaver', 'clothes iron', 'coffee mug', 'computer mouse', 'digital watch', 'doormat', 'dumbbell', 'envelope', 'hair dryer', 'hammer', 'lampshade', 'lemon', 'lipstick', 'match', 'mobile phone', 'necklace', 'padlock', 'paintbrush', 'paper towel', 'park bench', 'pill bottle', 'pillow', 'plastic bag', 'plunger', 'power drill', 'printer', 'racket', 'ruler', 'safety pin', 'salt shaker', 'sandal', 'screw', 'shovel', 'space heater', 'spatula', 'speaker', 'strainer', 'sunglasses', 'teddy bear', 'television', 'umbrella', 'vase', 'wallet', 'waste container', 'water bottle', 'whistle']"
141515,ILSVRC2012_val_00019529.JPEG,100,coffee mug,coffee mug,51.128,b6073b25a18c9269,False,"['Band-Aid', 'T-shirt', 'backpack', 'banana', 'cleaver', 'clothes iron', 'coffee mug', 'computer mouse', 'digital watch', 'doormat', 'dumbbell', 'envelope', 'hair dryer', 'hammer', 'lampshade', 'lemon', 'lipstick', 'match', 'mobile phone', 'necklace', 'padlock', 'paintbrush', 'paper towel', 'park bench', 'pill bottle', 'pillow', 'plastic bag', 'plunger', 'power drill', 'printer', 'racket', 'ruler', 'safety pin', 'salt shaker', 'sandal', 'screw', 'shovel', 'space heater', 'spatula', 'speaker', 'strainer', 'sunglasses', 'teddy bear', 'television', 'umbrella', 'vase', 'wallet', 'waste container', 'water bottle', 'whistle']"
138420,ILSVRC2012_val_00019637.JPEG,100,safety pin,safety pin,2.049,f6e367f1760ce50a,False,"['Band-Aid', 'T-shirt', 'backpack', 'banana', 'cleaver', 'clothes iron', 'coffee mug', 'computer mouse', 'digital watch', 'doormat', 'dumbbell', 'envelope', 'hair dryer', 'hammer', 'lampshade', 'lemon', 'lipstick', 'match', 'mobile phone', 'necklace', 'padlock', 'paintbrush', 'paper towel', 'park bench', 'pill bottle', 'pillow', 'plastic bag', 'plunger', 'power drill', 'printer', 'racket', 'ruler', 'safety pin', 'salt shaker', 'sandal', 'screw', 'shovel', 'space heater', 'spatula', 'speaker', 'strainer', 'sunglasses', 'teddy bear', 'television', 'umbrella', 'vase', 'wallet', 'waste container', 'water bottle', 'whistle']"
149164,ILSVRC2012_val_00019685.JPEG,100,mobile phone,mobile phone,1.802,9e9279ab0a9dd553,False,"['Band-Aid', 'T-shirt', 'backpack', 'banana', 'cleaver', 'clothes iron', 'coffee mug', 'computer mouse', 'digital watch', 'doormat', 'dumbbell', 'envelope', 'hair dryer', 'hammer', 'lampshade', 'lemon', 'lipstick', 'match', 'mobile phone', 'necklace', 'padlock', 'paintbrush', 'paper towel', 'park bench', 'pill bottle', 'pillow', 'plastic bag', 'plunger', 'power drill', 'printer', 'racket', 'ruler', 'safety pin', 'salt shaker', 'sandal', 'screw', 'shovel', 'space heater', 'spatula', 'speaker', 'strainer', 'sunglasses', 'teddy bear', 'television', 'umbrella', 'vase', 'wallet', 'waste container', 'water bottle', 'whistle']"
133700,ILSVRC2012_val_00019706.JPEG,100,dumbbell,dumbbell,44.006,21f569eee40c8a32,False,"['Band-Aid', 'T-shirt', 'backpack', 'banana', 'cleaver', 'clothes iron', 'coffee mug', 'computer mouse', 'digital watch', 'doormat', 'dumbbell', 'envelope', 'hair dryer', 'hammer', 'lampshade', 'lemon', 'lipstick', 'match', 'mobile phone', 'necklace', 'padlock', 'paintbrush', 'paper towel', 'park bench', 'pill bottle', 'pillow', 'plastic bag', 'plunger', 'power drill', 'printer', 'racket', 'ruler', 'safety pin', 'salt shaker', 'sandal', 'screw', 'shovel', 'space heater', 'spatula', 'speaker', 'strainer', 'sunglasses', 'teddy bear', 'television', 'umbrella', 'vase', 'wallet', 'waste container', 'water bottle', 'whistle']"
136180,ILSVRC2012_val_00019739.JPEG,100,T-shirt,clothes iron,5.652,de2a45474c296851,False,"['Band-Aid', 'T-shirt', 'backpack', 'banana', 'cleaver', 'clothes iron', 'coffee mug', 'computer mouse', 'digital watch', 'doormat', 'dumbbell', 'envelope', 'hair dryer', 'hammer', 'lampshade', 'lemon', 'lipstick', 'match', 'mobile phone', 'necklace', 'padlock', 'paintbrush', 'paper towel', 'park bench', 'pill bottle', 'pillow', 'plastic bag', 'plunger', 'power drill', 'printer', 'racket', 'ruler', 'safety pin', 'salt shaker', 'sandal', 'screw', 'shovel', 'space heater', 'spatula', 'speaker', 'strainer', 'sunglasses', 'teddy bear', 'television', 'umbrella', 'vase', 'wallet', 'waste container', 'water bottle', 'whistle']"
147567,ILSVRC2012_val_00019798.JPEG,100,necklace,necklace,2.52,5a818211fa2ca63e,False,"['Band-Aid', 'T-shirt', 'backpack', 'banana', 'cleaver', 'clothes iron', 'coffee mug', 'computer mouse', 'digital watch', 'doormat', 'dumbbell', 'envelope', 'hair dryer', 'hammer', 'lampshade', 'lemon', 'lipstick', 'match', 'mobile phone', 'necklace', 'padlock', 'paintbrush', 'paper towel', 'park bench', 'pill bottle', 'pillow', 'plastic bag', 'plunger', 'power drill', 'printer', 'racket', 'ruler', 'safety pin', 'salt shaker', 'sandal', 'screw', 'shovel', 'space heater', 'spatula', 'speaker', 'strainer', 'sunglasses', 'teddy bear', 'television', 'umbrella', 'vase', 'wallet', 'waste container', 'water bottle', 'whistle']"
136943,ILSVRC2012_val_00019809.JPEG,100,umbrella,umbrella,2.361,f8bc975b73658907,False,"['Band-Aid', 'T-shirt', 'backpack', 'banana', 'cleaver', 'clothes iron', 'coffee mug', 'computer mouse', 'digital watch', 'doormat', 'dumbbell', 'envelope', 'hair dryer', 'hammer', 'lampshade', 'lemon', 'lipstick', 'match', 'mobile phone', 'necklace', 'padlock', 'paintbrush', 'paper towel', 'park bench', 'pill bottle', 'pillow', 'plastic bag', 'plunger', 'power drill', 'printer', 'racket', 'ruler', 'safety pin', 'salt shaker', 'sandal', 'screw', 'shovel', 'space heater', 'spatula', 'speaker', 'strainer', 'sunglasses', 'teddy bear', 'television', 'umbrella', 'vase', 'wallet', 'waste container', 'water bottle', 'whistle']"
147306,ILSVRC2012_val_00019833.JPEG,100,clothes iron,clothes iron,3.589,d861da05be4e38d5,False,"['Band-Aid', 'T-shirt', 'backpack', 'banana', 'cleaver', 'clothes iron', 'coffee mug', 'computer mouse', 'digital watch', 'doormat', 'dumbbell', 'envelope', 'hair dryer', 'hammer', 'lampshade', 'lemon', 'lipstick', 'match', 'mobile phone', 'necklace', 'padlock', 'paintbrush', 'paper towel', 'park bench', 'pill bottle', 'pillow', 'plastic bag', 'plunger', 'power drill', 'printer', 'racket', 'ruler', 'safety pin', 'salt shaker', 'sandal', 'screw', 'shovel', 'space heater', 'spatula', 'speaker', 'strainer', 'sunglasses', 'teddy bear', 'television', 'umbrella', 'vase', 'wallet', 'waste container', 'water bottle', 'whistle']"
133694,ILSVRC2012_val_00019855.JPEG,100,T-shirt,T-shirt,2.205,cf609473198ea909,False,"['Band-Aid', 'T-shirt', 'backpack', 'banana', 'cleaver', 'clothes iron', 'coffee mug', 'computer mouse', 'digital watch', 'doormat', 'dumbbell', 'envelope', 'hair dryer', 'hammer', 'lampshade', 'lemon', 'lipstick', 'match', 'mobile phone', 'necklace', 'padlock', 'paintbrush', 'paper towel', 'park bench', 'pill bottle', 'pillow', 'plastic bag', 'plunger', 'power drill', 'printer', 'racket', 'ruler', 'safety pin', 'salt shaker', 'sandal', 'screw', 'shovel', 'space heater', 'spatula', 'speaker', 'strainer', 'sunglasses', 'teddy bear', 'television', 'umbrella', 'vase', 'wallet', 'waste container', 'water bottle', 'whistle']"
142907,ILSVRC2012_val_00020029.JPEG,100,lampshade,lampshade,2.86,7d0111fa24c580dc,False,"['Band-Aid', 'T-shirt', 'backpack', 'banana', 'cleaver', 'clothes iron', 'coffee mug', 'computer mouse', 'digital watch', 'doormat', 'dumbbell', 'envelope', 'hair dryer', 'hammer', 'lampshade', 'lemon', 'lipstick', 'match', 'mobile phone', 'necklace', 'padlock', 'paintbrush', 'paper towel', 'park bench', 'pill bottle', 'pillow', 'plastic bag', 'plunger', 'power drill', 'printer', 'racket', 'ruler', 'safety pin', 'salt shaker', 'sandal', 'screw', 'shovel', 'space heater', 'spatula', 'speaker', 'strainer', 'sunglasses', 'teddy bear', 'television', 'umbrella', 'vase', 'wallet', 'waste container', 'water bottle', 'whistle']"
145375,ILSVRC2012_val_00020083.JPEG,100,park bench,park bench,2.476,1213dd808071fcca,False,"['Band-Aid', 'T-shirt', 'backpack', 'banana', 'cleaver', 'clothes iron', 'coffee mug', 'computer mouse', 'digital watch', 'doormat', 'dumbbell', 'envelope', 'hair dryer', 'hammer', 'lampshade', 'lemon', 'lipstick', 'match', 'mobile phone', 'necklace', 'padlock', 'paintbrush', 'paper towel', 'park bench', 'pill bottle', 'pillow', 'plastic bag', 'plunger', 'power drill', 'printer', 'racket', 'ruler', 'safety pin', 'salt shaker', 'sandal', 'screw', 'shovel', 'space heater', 'spatula', 'speaker', 'strainer', 'sunglasses', 'teddy bear', 'television', 'umbrella', 'vase', 'wallet', 'waste container', 'water bottle', 'whistle']"
147327,ILSVRC2012_val_00020233.JPEG,100,mobile phone,mobile phone,4.196,6d930b23cf26bd0a,False,"['Band-Aid', 'T-shirt', 'backpack', 'banana', 'cleaver', 'clothes iron', 'coffee mug', 'computer mouse', 'digital watch', 'doormat', 'dumbbell', 'envelope', 'hair dryer', 'hammer', 'lampshade', 'lemon', 'lipstick', 'match', 'mobile phone', 'necklace', 'padlock', 'paintbrush', 'paper towel', 'park bench', 'pill bottle', 'pillow', 'plastic bag', 'plunger', 'power drill', 'printer', 'racket', 'ruler', 'safety pin', 'salt shaker', 'sandal', 'screw', 'shovel', 'space heater', 'spatula', 'speaker', 'strainer', 'sunglasses', 'teddy bear', 'television', 'umbrella', 'vase', 'wallet', 'waste container', 'water bottle', 'whistle']"
136270,ILSVRC2012_val_00020246.JPEG,100,whistle,strainer,1.868,d861da05be4e38d5,False,"['Band-Aid', 'T-shirt', 'backpack', 'banana', 'cleaver', 'clothes iron', 'coffee mug', 'computer mouse', 'digital watch', 'doormat', 'dumbbell', 'envelope', 'hair dryer', 'hammer', 'lampshade', 'lemon', 'lipstick', 'match', 'mobile phone', 'necklace', 'padlock', 'paintbrush', 'paper towel', 'park bench', 'pill bottle', 'pillow', 'plastic bag', 'plunger', 'power drill', 'printer', 'racket', 'ruler', 'safety pin', 'salt shaker', 'sandal', 'screw', 'shovel', 'space heater', 'spatula', 'speaker', 'strainer', 'sunglasses', 'teddy bear', 'television', 'umbrella', 'vase', 'wallet', 'waste container', 'water bottle', 'whistle']"
150279,ILSVRC2012_val_00020267.JPEG,100,digital watch,digital watch,1.683,eed9c4d7ab6386a5,False,"['Band-Aid', 'T-shirt', 'backpack', 'banana', 'cleaver', 'clothes iron', 'coffee mug', 'computer mouse', 'digital watch', 'doormat', 'dumbbell', 'envelope', 'hair dryer', 'hammer', 'lampshade', 'lemon', 'lipstick', 'match', 'mobile phone', 'necklace', 'padlock', 'paintbrush', 'paper towel', 'park bench', 'pill bottle', 'pillow', 'plastic bag', 'plunger', 'power drill', 'printer', 'racket', 'ruler', 'safety pin', 'salt shaker', 'sandal', 'screw', 'shovel', 'space heater', 'spatula', 'speaker', 'strainer', 'sunglasses', 'teddy bear', 'television', 'umbrella', 'vase', 'wallet', 'waste container', 'water bottle', 'whistle']"
133714,ILSVRC2012_val_00020276.JPEG,100,coffee mug,coffee mug,5.533,8e414fddfb4eddcf,False,"['Band-Aid', 'T-shirt', 'backpack', 'banana', 'cleaver', 'clothes iron', 'coffee mug', 'computer mouse', 'digital watch', 'doormat', 'dumbbell', 'envelope', 'hair dryer', 'hammer', 'lampshade', 'lemon', 'lipstick', 'match', 'mobile phone', 'necklace', 'padlock', 'paintbrush', 'paper towel', 'park bench', 'pill bottle', 'pillow', 'plastic bag', 'plunger', 'power drill', 'printer', 'racket', 'ruler', 'safety pin', 'salt shaker', 'sandal', 'screw', 'shovel', 'space heater', 'spatula', 'speaker', 'strainer', 'sunglasses', 'teddy bear', 'television', 'umbrella', 'vase', 'wallet', 'waste container', 'water bottle', 'whistle']"
154986,ILSVRC2012_val_00020424.JPEG,100,television,television,1.86,e0206ec332c6f36a,False,"['Band-Aid', 'T-shirt', 'backpack', 'banana', 'cleaver', 'clothes iron', 'coffee mug', 'computer mouse', 'digital watch', 'doormat', 'dumbbell', 'envelope', 'hair dryer', 'hammer', 'lampshade', 'lemon', 'lipstick', 'match', 'mobile phone', 'necklace', 'padlock', 'paintbrush', 'paper towel', 'park bench', 'pill bottle', 'pillow', 'plastic bag', 'plunger', 'power drill', 'printer', 'racket', 'ruler', 'safety pin', 'salt shaker', 'sandal', 'screw', 'shovel', 'space heater', 'spatula', 'speaker', 'strainer', 'sunglasses', 'teddy bear', 'television', 'umbrella', 'vase', 'wallet', 'waste container', 'water bottle', 'whistle']"
136169,ILSVRC2012_val_00020477.JPEG,100,sunglasses,sunglasses,2.043,1e1f6da46d2530c9,False,"['Band-Aid', 'T-shirt', 'backpack', 'banana', 'cleaver', 'clothes iron', 'coffee mug', 'computer mouse', 'digital watch', 'doormat', 'dumbbell', 'envelope', 'hair dryer', 'hammer', 'lampshade', 'lemon', 'lipstick', 'match', 'mobile phone', 'necklace', 'padlock', 'paintbrush', 'paper towel', 'park bench', 'pill bottle', 'pillow', 'plastic bag', 'plunger', 'power drill', 'printer', 'racket', 'ruler', 'safety pin', 'salt shaker', 'sandal', 'screw', 'shovel', 'space heater', 'spatula', 'speaker', 'strainer', 'sunglasses', 'teddy bear', 'television', 'umbrella', 'vase', 'wallet', 'waste container', 'water bottle', 'whistle']"
136037,ILSVRC2012_val_00020529.JPEG,100,television,doormat,42.32,face01bdcdb35bd8,False,"['Band-Aid', 'T-shirt', 'backpack', 'banana', 'cleaver', 'clothes iron', 'coffee mug', 'computer mouse', 'digital watch', 'doormat', 'dumbbell', 'envelope', 'hair dryer', 'hammer', 'lampshade', 'lemon', 'lipstick', 'match', 'mobile phone', 'necklace', 'padlock', 'paintbrush', 'paper towel', 'park bench', 'pill bottle', 'pillow', 'plastic bag', 'plunger', 'power drill', 'printer', 'racket', 'ruler', 'safety pin', 'salt shaker', 'sandal', 'screw', 'shovel', 'space heater', 'spatula', 'speaker', 'strainer', 'sunglasses', 'teddy bear', 'television', 'umbrella', 'vase', 'wallet', 'waste container', 'water bottle', 'whistle']"
138634,ILSVRC2012_val_00020573.JPEG,100,lemon,lemon,3.65,94d098e834b90043,False,"['Band-Aid', 'T-shirt', 'backpack', 'banana', 'cleaver', 'clothes iron', 'coffee mug', 'computer mouse', 'digital watch', 'doormat', 'dumbbell', 'envelope', 'hair dryer', 'hammer', 'lampshade', 'lemon', 'lipstick', 'match', 'mobile phone', 'necklace', 'padlock', 'paintbrush', 'paper towel', 'park bench', 'pill bottle', 'pillow', 'plastic bag', 'plunger', 'power drill', 'printer', 'racket', 'ruler', 'safety pin', 'salt shaker', 'sandal', 'screw', 'shovel', 'space heater', 'spatula', 'speaker', 'strainer', 'sunglasses', 'teddy bear', 'television', 'umbrella', 'vase', 'wallet', 'waste container', 'water bottle', 'whistle']"
143876,ILSVRC2012_val_00020601.JPEG,100,banana,banana,5.218,2eebc9d8351eb5fd,False,"['Band-Aid', 'T-shirt', 'backpack', 'banana', 'cleaver', 'clothes iron', 'coffee mug', 'computer mouse', 'digital watch', 'doormat', 'dumbbell', 'envelope', 'hair dryer', 'hammer', 'lampshade', 'lemon', 'lipstick', 'match', 'mobile phone', 'necklace', 'padlock', 'paintbrush', 'paper towel', 'park bench', 'pill bottle', 'pillow', 'plastic bag', 'plunger', 'power drill', 'printer', 'racket', 'ruler', 'safety pin', 'salt shaker', 'sandal', 'screw', 'shovel', 'space heater', 'spatula', 'speaker', 'strainer', 'sunglasses', 'teddy bear', 'television', 'umbrella', 'vase', 'wallet', 'waste container', 'water bottle', 'whistle']"
147593,ILSVRC2012_val_00020703.JPEG,100,necklace,necklace,220.687,838629c728cf579a,False,"['Band-Aid', 'T-shirt', 'backpack', 'banana', 'cleaver', 'clothes iron', 'coffee mug', 'computer mouse', 'digital watch', 'doormat', 'dumbbell', 'envelope', 'hair dryer', 'hammer', 'lampshade', 'lemon', 'lipstick', 'match', 'mobile phone', 'necklace', 'padlock', 'paintbrush', 'paper towel', 'park bench', 'pill bottle', 'pillow', 'plastic bag', 'plunger', 'power drill', 'printer', 'racket', 'ruler', 'safety pin', 'salt shaker', 'sandal', 'screw', 'shovel', 'space heater', 'spatula', 'speaker', 'strainer', 'sunglasses', 'teddy bear', 'television', 'umbrella', 'vase', 'wallet', 'waste container', 'water bottle', 'whistle']"
136852,ILSVRC2012_val_00020721.JPEG,100,hammer,hammer,10.653,9cab4217e098176b,False,"['Band-Aid', 'T-shirt', 'backpack', 'banana', 'cleaver', 'clothes iron', 'coffee mug', 'computer mouse', 'digital watch', 'doormat', 'dumbbell', 'envelope', 'hair dryer', 'hammer', 'lampshade', 'lemon', 'lipstick', 'match', 'mobile phone', 'necklace', 'padlock', 'paintbrush', 'paper towel', 'park bench', 'pill bottle', 'pillow', 'plastic bag', 'plunger', 'power drill', 'printer', 'racket', 'ruler', 'safety pin', 'salt shaker', 'sandal', 'screw', 'shovel', 'space heater', 'spatula', 'speaker', 'strainer', 'sunglasses', 'teddy bear', 'television', 'umbrella', 'vase', 'wallet', 'waste container', 'water bottle', 'whistle']"
138639,ILSVRC2012_val_00020731.JPEG,100,printer,printer,2.842,ea380039a0795dc7,False,"['Band-Aid', 'T-shirt', 'backpack', 'banana', 'cleaver', 'clothes iron', 'coffee mug', 'computer mouse', 'digital watch', 'doormat', 'dumbbell', 'envelope', 'hair dryer', 'hammer', 'lampshade', 'lemon', 'lipstick', 'match', 'mobile phone', 'necklace', 'padlock', 'paintbrush', 'paper towel', 'park bench', 'pill bottle', 'pillow', 'plastic bag', 'plunger', 'power drill', 'printer', 'racket', 'ruler', 'safety pin', 'salt shaker', 'sandal', 'screw', 'shovel', 'space heater', 'spatula', 'speaker', 'strainer', 'sunglasses', 'teddy bear', 'television', 'umbrella', 'vase', 'wallet', 'waste container', 'water bottle', 'whistle']"
162612,ILSVRC2012_val_00020845.JPEG,100,plastic bag,plastic bag,2.963,5dc26d05ac8c2bf8,False,"['Band-Aid', 'T-shirt', 'backpack', 'banana', 'cleaver', 'clothes iron', 'coffee mug', 'computer mouse', 'digital watch', 'doormat', 'dumbbell', 'envelope', 'hair dryer', 'hammer', 'lampshade', 'lemon', 'lipstick', 'match', 'mobile phone', 'necklace', 'padlock', 'paintbrush', 'paper towel', 'park bench', 'pill bottle', 'pillow', 'plastic bag', 'plunger', 'power drill', 'printer', 'racket', 'ruler', 'safety pin', 'salt shaker', 'sandal', 'screw', 'shovel', 'space heater', 'spatula', 'speaker', 'strainer', 'sunglasses', 'teddy bear', 'television', 'umbrella', 'vase', 'wallet', 'waste container', 'water bottle', 'whistle']"
139725,ILSVRC2012_val_00020923.JPEG,100,coffee mug,coffee mug,4.273,ec8257416dfa7c48,False,"['Band-Aid', 'T-shirt', 'backpack', 'banana', 'cleaver', 'clothes iron', 'coffee mug', 'computer mouse', 'digital watch', 'doormat', 'dumbbell', 'envelope', 'hair dryer', 'hammer', 'lampshade', 'lemon', 'lipstick', 'match', 'mobile phone', 'necklace', 'padlock', 'paintbrush', 'paper towel', 'park bench', 'pill bottle', 'pillow', 'plastic bag', 'plunger', 'power drill', 'printer', 'racket', 'ruler', 'safety pin', 'salt shaker', 'sandal', 'screw', 'shovel', 'space heater', 'spatula', 'speaker', 'strainer', 'sunglasses', 'teddy bear', 'television', 'umbrella', 'vase', 'wallet', 'waste container', 'water bottle', 'whistle']"
153512,ILSVRC2012_val_00020964.JPEG,100,T-shirt,T-shirt,4.639,1cb14b0c040f4fb6,False,"['Band-Aid', 'T-shirt', 'backpack', 'banana', 'cleaver', 'clothes iron', 'coffee mug', 'computer mouse', 'digital watch', 'doormat', 'dumbbell', 'envelope', 'hair dryer', 'hammer', 'lampshade', 'lemon', 'lipstick', 'match', 'mobile phone', 'necklace', 'padlock', 'paintbrush', 'paper towel', 'park bench', 'pill bottle', 'pillow', 'plastic bag', 'plunger', 'power drill', 'printer', 'racket', 'ruler', 'safety pin', 'salt shaker', 'sandal', 'screw', 'shovel', 'space heater', 'spatula', 'speaker', 'strainer', 'sunglasses', 'teddy bear', 'television', 'umbrella', 'vase', 'wallet', 'waste container', 'water bottle', 'whistle']"
136858,ILSVRC2012_val_00020982.JPEG,100,park bench,park bench,2.282,8ef454db5569e7ac,False,"['Band-Aid', 'T-shirt', 'backpack', 'banana', 'cleaver', 'clothes iron', 'coffee mug', 'computer mouse', 'digital watch', 'doormat', 'dumbbell', 'envelope', 'hair dryer', 'hammer', 'lampshade', 'lemon', 'lipstick', 'match', 'mobile phone', 'necklace', 'padlock', 'paintbrush', 'paper towel', 'park bench', 'pill bottle', 'pillow', 'plastic bag', 'plunger', 'power drill', 'printer', 'racket', 'ruler', 'safety pin', 'salt shaker', 'sandal', 'screw', 'shovel', 'space heater', 'spatula', 'speaker', 'strainer', 'sunglasses', 'teddy bear', 'television', 'umbrella', 'vase', 'wallet', 'waste container', 'water bottle', 'whistle']"
160947,ILSVRC2012_val_00021098.JPEG,100,banana,banana,5.13,b47ba8df0aefb46f,False,"['Band-Aid', 'T-shirt', 'backpack', 'banana', 'cleaver', 'clothes iron', 'coffee mug', 'computer mouse', 'digital watch', 'doormat', 'dumbbell', 'envelope', 'hair dryer', 'hammer', 'lampshade', 'lemon', 'lipstick', 'match', 'mobile phone', 'necklace', 'padlock', 'paintbrush', 'paper towel', 'park bench', 'pill bottle', 'pillow', 'plastic bag', 'plunger', 'power drill', 'printer', 'racket', 'ruler', 'safety pin', 'salt shaker', 'sandal', 'screw', 'shovel', 'space heater', 'spatula', 'speaker', 'strainer', 'sunglasses', 'teddy bear', 'television', 'umbrella', 'vase', 'wallet', 'waste container', 'water bottle', 'whistle']"
152146,ILSVRC2012_val_00021184.JPEG,100,television,television,1.827,54aeadb91a00b8d1,False,"['Band-Aid', 'T-shirt', 'backpack', 'banana', 'cleaver', 'clothes iron', 'coffee mug', 'computer mouse', 'digital watch', 'doormat', 'dumbbell', 'envelope', 'hair dryer', 'hammer', 'lampshade', 'lemon', 'lipstick', 'match', 'mobile phone', 'necklace', 'padlock', 'paintbrush', 'paper towel', 'park bench', 'pill bottle', 'pillow', 'plastic bag', 'plunger', 'power drill', 'printer', 'racket', 'ruler', 'safety pin', 'salt shaker', 'sandal', 'screw', 'shovel', 'space heater', 'spatula', 'speaker', 'strainer', 'sunglasses', 'teddy bear', 'television', 'umbrella', 'vase', 'wallet', 'waste container', 'water bottle', 'whistle']"
161305,ILSVRC2012_val_00021228.JPEG,100,sandal,sandal,6.343,308f63dc402d8816,False,"['Band-Aid', 'T-shirt', 'backpack', 'banana', 'cleaver', 'clothes iron', 'coffee mug', 'computer mouse', 'digital watch', 'doormat', 'dumbbell', 'envelope', 'hair dryer', 'hammer', 'lampshade', 'lemon', 'lipstick', 'match', 'mobile phone', 'necklace', 'padlock', 'paintbrush', 'paper towel', 'park bench', 'pill bottle', 'pillow', 'plastic bag', 'plunger', 'power drill', 'printer', 'racket', 'ruler', 'safety pin', 'salt shaker', 'sandal', 'screw', 'shovel', 'space heater', 'spatula', 'speaker', 'strainer', 'sunglasses', 'teddy bear', 'television', 'umbrella', 'vase', 'wallet', 'waste container', 'water bottle', 'whistle']"
136837,ILSVRC2012_val_00021454.JPEG,100,coffee mug,waste container,1.889,f7ffed92dec8f32a,False,"['Band-Aid', 'T-shirt', 'backpack', 'banana', 'cleaver', 'clothes iron', 'coffee mug', 'computer mouse', 'digital watch', 'doormat', 'dumbbell', 'envelope', 'hair dryer', 'hammer', 'lampshade', 'lemon', 'lipstick', 'match', 'mobile phone', 'necklace', 'padlock', 'paintbrush', 'paper towel', 'park bench', 'pill bottle', 'pillow', 'plastic bag', 'plunger', 'power drill', 'printer', 'racket', 'ruler', 'safety pin', 'salt shaker', 'sandal', 'screw', 'shovel', 'space heater', 'spatula', 'speaker', 'strainer', 'sunglasses', 'teddy bear', 'television', 'umbrella', 'vase', 'wallet', 'waste container', 'water bottle', 'whistle']"
136021,ILSVRC2012_val_00021539.JPEG,100,sunglasses,sunglasses,2.578,9e4f88d67b566746,False,"['Band-Aid', 'T-shirt', 'backpack', 'banana', 'cleaver', 'clothes iron', 'coffee mug', 'computer mouse', 'digital watch', 'doormat', 'dumbbell', 'envelope', 'hair dryer', 'hammer', 'lampshade', 'lemon', 'lipstick', 'match', 'mobile phone', 'necklace', 'padlock', 'paintbrush', 'paper towel', 'park bench', 'pill bottle', 'pillow', 'plastic bag', 'plunger', 'power drill', 'printer', 'racket', 'ruler', 'safety pin', 'salt shaker', 'sandal', 'screw', 'shovel', 'space heater', 'spatula', 'speaker', 'strainer', 'sunglasses', 'teddy bear', 'television', 'umbrella', 'vase', 'wallet', 'waste container', 'water bottle', 'whistle']"
139364,ILSVRC2012_val_00021613.JPEG,100,lemon,lemon,2.585,9e4f88d67b566746,False,"['Band-Aid', 'T-shirt', 'backpack', 'banana', 'cleaver', 'clothes iron', 'coffee mug', 'computer mouse', 'digital watch', 'doormat', 'dumbbell', 'envelope', 'hair dryer', 'hammer', 'lampshade', 'lemon', 'lipstick', 'match', 'mobile phone', 'necklace', 'padlock', 'paintbrush', 'paper towel', 'park bench', 'pill bottle', 'pillow', 'plastic bag', 'plunger', 'power drill', 'printer', 'racket', 'ruler', 'safety pin', 'salt shaker', 'sandal', 'screw', 'shovel', 'space heater', 'spatula', 'speaker', 'strainer', 'sunglasses', 'teddy bear', 'television', 'umbrella', 'vase', 'wallet', 'waste container', 'water bottle', 'whistle']"
165880,ILSVRC2012_val_00021635.JPEG,100,pillow,pillow,10.155,54300350529e23a9,False,"['Band-Aid', 'T-shirt', 'backpack', 'banana', 'cleaver', 'clothes iron', 'coffee mug', 'computer mouse', 'digital watch', 'doormat', 'dumbbell', 'envelope', 'hair dryer', 'hammer', 'lampshade', 'lemon', 'lipstick', 'match', 'mobile phone', 'necklace', 'padlock', 'paintbrush', 'paper towel', 'park bench', 'pill bottle', 'pillow', 'plastic bag', 'plunger', 'power drill', 'printer', 'racket', 'ruler', 'safety pin', 'salt shaker', 'sandal', 'screw', 'shovel', 'space heater', 'spatula', 'speaker', 'strainer', 'sunglasses', 'teddy bear', 'television', 'umbrella', 'vase', 'wallet', 'waste container', 'water bottle', 'whistle']"
136014,ILSVRC2012_val_00021726.JPEG,100,lampshade,lampshade,2.759,2e2fea63139f57d3,False,"['Band-Aid', 'T-shirt', 'backpack', 'banana', 'cleaver', 'clothes iron', 'coffee mug', 'computer mouse', 'digital watch', 'doormat', 'dumbbell', 'envelope', 'hair dryer', 'hammer', 'lampshade', 'lemon', 'lipstick', 'match', 'mobile phone', 'necklace', 'padlock', 'paintbrush', 'paper towel', 'park bench', 'pill bottle', 'pillow', 'plastic bag', 'plunger', 'power drill', 'printer', 'racket', 'ruler', 'safety pin', 'salt shaker', 'sandal', 'screw', 'shovel', 'space heater', 'spatula', 'speaker', 'strainer', 'sunglasses', 'teddy bear', 'television', 'umbrella', 'vase', 'wallet', 'waste container', 'water bottle', 'whistle']"
148105,ILSVRC2012_val_00021809.JPEG,100,speaker,speaker,1.318,3ab14c028980f7fb,False,"['Band-Aid', 'T-shirt', 'backpack', 'banana', 'cleaver', 'clothes iron', 'coffee mug', 'computer mouse', 'digital watch', 'doormat', 'dumbbell', 'envelope', 'hair dryer', 'hammer', 'lampshade', 'lemon', 'lipstick', 'match', 'mobile phone', 'necklace', 'padlock', 'paintbrush', 'paper towel', 'park bench', 'pill bottle', 'pillow', 'plastic bag', 'plunger', 'power drill', 'printer', 'racket', 'ruler', 'safety pin', 'salt shaker', 'sandal', 'screw', 'shovel', 'space heater', 'spatula', 'speaker', 'strainer', 'sunglasses', 'teddy bear', 'television', 'umbrella', 'vase', 'wallet', 'waste container', 'water bottle', 'whistle']"
143379,ILSVRC2012_val_00021860.JPEG,100,banana,banana,8.411,a88165a779f14b2e,False,"['Band-Aid', 'T-shirt', 'backpack', 'banana', 'cleaver', 'clothes iron', 'coffee mug', 'computer mouse', 'digital watch', 'doormat', 'dumbbell', 'envelope', 'hair dryer', 'hammer', 'lampshade', 'lemon', 'lipstick', 'match', 'mobile phone', 'necklace', 'padlock', 'paintbrush', 'paper towel', 'park bench', 'pill bottle', 'pillow', 'plastic bag', 'plunger', 'power drill', 'printer', 'racket', 'ruler', 'safety pin', 'salt shaker', 'sandal', 'screw', 'shovel', 'space heater', 'spatula', 'speaker', 'strainer', 'sunglasses', 'teddy bear', 'television', 'umbrella', 'vase', 'wallet', 'waste container', 'water bottle', 'whistle']"
141561,ILSVRC2012_val_00021939.JPEG,100,sandal,sandal,176.941,af2ef79ec8e382e8,False,"['Band-Aid', 'T-shirt', 'backpack', 'banana', 'cleaver', 'clothes iron', 'coffee mug', 'computer mouse', 'digital watch', 'doormat', 'dumbbell', 'envelope', 'hair dryer', 'hammer', 'lampshade', 'lemon', 'lipstick', 'match', 'mobile phone', 'necklace', 'padlock', 'paintbrush', 'paper towel', 'park bench', 'pill bottle', 'pillow', 'plastic bag', 'plunger', 'power drill', 'printer', 'racket', 'ruler', 'safety pin', 'salt shaker', 'sandal', 'screw', 'shovel', 'space heater', 'spatula', 'speaker', 'strainer', 'sunglasses', 'teddy bear', 'television', 'umbrella', 'vase', 'wallet', 'waste container', 'water bottle', 'whistle']"
136891,ILSVRC2012_val_00022037.JPEG,100,banana,lemon,2.433,38886603cac2d3ae,False,"['Band-Aid', 'T-shirt', 'backpack', 'banana', 'cleaver', 'clothes iron', 'coffee mug', 'computer mouse', 'digital watch', 'doormat', 'dumbbell', 'envelope', 'hair dryer', 'hammer', 'lampshade', 'lemon', 'lipstick', 'match', 'mobile phone', 'necklace', 'padlock', 'paintbrush', 'paper towel', 'park bench', 'pill bottle', 'pillow', 'plastic bag', 'plunger', 'power drill', 'printer', 'racket', 'ruler', 'safety pin', 'salt shaker', 'sandal', 'screw', 'shovel', 'space heater', 'spatula', 'speaker', 'strainer', 'sunglasses', 'teddy bear', 'television', 'umbrella', 'vase', 'wallet', 'waste container', 'water bottle', 'whistle']"
160184,ILSVRC2012_val_00022043.JPEG,100,park bench,park bench,3.222,b5278343d4c1c88d,False,"['Band-Aid', 'T-shirt', 'backpack', 'banana', 'cleaver', 'clothes iron', 'coffee mug', 'computer mouse', 'digital watch', 'doormat', 'dumbbell', 'envelope', 'hair dryer', 'hammer', 'lampshade', 'lemon', 'lipstick', 'match', 'mobile phone', 'necklace', 'padlock', 'paintbrush', 'paper towel', 'park bench', 'pill bottle', 'pillow', 'plastic bag', 'plunger', 'power drill', 'printer', 'racket', 'ruler', 'safety pin', 'salt shaker', 'sandal', 'screw', 'shovel', 'space heater', 'spatula', 'speaker', 'strainer', 'sunglasses', 'teddy bear', 'television', 'umbrella', 'vase', 'wallet', 'waste container', 'water bottle', 'whistle']"
144788,ILSVRC2012_val_00022047.JPEG,100,T-shirt,T-shirt,3.202,63a0c3827bb252e4,False,"['Band-Aid', 'T-shirt', 'backpack', 'banana', 'cleaver', 'clothes iron', 'coffee mug', 'computer mouse', 'digital watch', 'doormat', 'dumbbell', 'envelope', 'hair dryer', 'hammer', 'lampshade', 'lemon', 'lipstick', 'match', 'mobile phone', 'necklace', 'padlock', 'paintbrush', 'paper towel', 'park bench', 'pill bottle', 'pillow', 'plastic bag', 'plunger', 'power drill', 'printer', 'racket', 'ruler', 'safety pin', 'salt shaker', 'sandal', 'screw', 'shovel', 'space heater', 'spatula', 'speaker', 'strainer', 'sunglasses', 'teddy bear', 'television', 'umbrella', 'vase', 'wallet', 'waste container', 'water bottle', 'whistle']"
138537,ILSVRC2012_val_00022048.JPEG,100,screw,screw,2.493,d67d5c1932e83169,False,"['Band-Aid', 'T-shirt', 'backpack', 'banana', 'cleaver', 'clothes iron', 'coffee mug', 'computer mouse', 'digital watch', 'doormat', 'dumbbell', 'envelope', 'hair dryer', 'hammer', 'lampshade', 'lemon', 'lipstick', 'match', 'mobile phone', 'necklace', 'padlock', 'paintbrush', 'paper towel', 'park bench', 'pill bottle', 'pillow', 'plastic bag', 'plunger', 'power drill', 'printer', 'racket', 'ruler', 'safety pin', 'salt shaker', 'sandal', 'screw', 'shovel', 'space heater', 'spatula', 'speaker', 'strainer', 'sunglasses', 'teddy bear', 'television', 'umbrella', 'vase', 'wallet', 'waste container', 'water bottle', 'whistle']"
138543,ILSVRC2012_val_00022193.JPEG,100,banana,banana,3.669,94be64faf7a55e72,False,"['Band-Aid', 'T-shirt', 'backpack', 'banana', 'cleaver', 'clothes iron', 'coffee mug', 'computer mouse', 'digital watch', 'doormat', 'dumbbell', 'envelope', 'hair dryer', 'hammer', 'lampshade', 'lemon', 'lipstick', 'match', 'mobile phone', 'necklace', 'padlock', 'paintbrush', 'paper towel', 'park bench', 'pill bottle', 'pillow', 'plastic bag', 'plunger', 'power drill', 'printer', 'racket', 'ruler', 'safety pin', 'salt shaker', 'sandal', 'screw', 'shovel', 'space heater', 'spatula', 'speaker', 'strainer', 'sunglasses', 'teddy bear', 'television', 'umbrella', 'vase', 'wallet', 'waste container', 'water bottle', 'whistle']"
150108,ILSVRC2012_val_00022284.JPEG,100,clothes iron,clothes iron,5.602,9117d590f45e6172,False,"['Band-Aid', 'T-shirt', 'backpack', 'banana', 'cleaver', 'clothes iron', 'coffee mug', 'computer mouse', 'digital watch', 'doormat', 'dumbbell', 'envelope', 'hair dryer', 'hammer', 'lampshade', 'lemon', 'lipstick', 'match', 'mobile phone', 'necklace', 'padlock', 'paintbrush', 'paper towel', 'park bench', 'pill bottle', 'pillow', 'plastic bag', 'plunger', 'power drill', 'printer', 'racket', 'ruler', 'safety pin', 'salt shaker', 'sandal', 'screw', 'shovel', 'space heater', 'spatula', 'speaker', 'strainer', 'sunglasses', 'teddy bear', 'television', 'umbrella', 'vase', 'wallet', 'waste container', 'water bottle', 'whistle']"
148254,ILSVRC2012_val_00022285.JPEG,100,sunglasses,sunglasses,2.007,88a26a86e9762386,False,"['Band-Aid', 'T-shirt', 'backpack', 'banana', 'cleaver', 'clothes iron', 'coffee mug', 'computer mouse', 'digital watch', 'doormat', 'dumbbell', 'envelope', 'hair dryer', 'hammer', 'lampshade', 'lemon', 'lipstick', 'match', 'mobile phone', 'necklace', 'padlock', 'paintbrush', 'paper towel', 'park bench', 'pill bottle', 'pillow', 'plastic bag', 'plunger', 'power drill', 'printer', 'racket', 'ruler', 'safety pin', 'salt shaker', 'sandal', 'screw', 'shovel', 'space heater', 'spatula', 'speaker', 'strainer', 'sunglasses', 'teddy bear', 'television', 'umbrella', 'vase', 'wallet', 'waste container', 'water bottle', 'whistle']"
143135,ILSVRC2012_val_00022288.JPEG,100,teddy bear,plastic bag,680.625,ebee8d1e6bc74afd,False,"['Band-Aid', 'T-shirt', 'backpack', 'banana', 'cleaver', 'clothes iron', 'coffee mug', 'computer mouse', 'digital watch', 'doormat', 'dumbbell', 'envelope', 'hair dryer', 'hammer', 'lampshade', 'lemon', 'lipstick', 'match', 'mobile phone', 'necklace', 'padlock', 'paintbrush', 'paper towel', 'park bench', 'pill bottle', 'pillow', 'plastic bag', 'plunger', 'power drill', 'printer', 'racket', 'ruler', 'safety pin', 'salt shaker', 'sandal', 'screw', 'shovel', 'space heater', 'spatula', 'speaker', 'strainer', 'sunglasses', 'teddy bear', 'television', 'umbrella', 'vase', 'wallet', 'waste container', 'water bottle', 'whistle']"
136889,ILSVRC2012_val_00022295.JPEG,100,park bench,park bench,15.381,63a0c3827bb252e4,False,"['Band-Aid', 'T-shirt', 'backpack', 'banana', 'cleaver', 'clothes iron', 'coffee mug', 'computer mouse', 'digital watch', 'doormat', 'dumbbell', 'envelope', 'hair dryer', 'hammer', 'lampshade', 'lemon', 'lipstick', 'match', 'mobile phone', 'necklace', 'padlock', 'paintbrush', 'paper towel', 'park bench', 'pill bottle', 'pillow', 'plastic bag', 'plunger', 'power drill', 'printer', 'racket', 'ruler', 'safety pin', 'salt shaker', 'sandal', 'screw', 'shovel', 'space heater', 'spatula', 'speaker', 'strainer', 'sunglasses', 'teddy bear', 'television', 'umbrella', 'vase', 'wallet', 'waste container', 'water bottle', 'whistle']"
141639,ILSVRC2012_val_00022375.JPEG,100,lemon,lemon,3.144,419329d352d780ca,False,"['Band-Aid', 'T-shirt', 'backpack', 'banana', 'cleaver', 'clothes iron', 'coffee mug', 'computer mouse', 'digital watch', 'doormat', 'dumbbell', 'envelope', 'hair dryer', 'hammer', 'lampshade', 'lemon', 'lipstick', 'match', 'mobile phone', 'necklace', 'padlock', 'paintbrush', 'paper towel', 'park bench', 'pill bottle', 'pillow', 'plastic bag', 'plunger', 'power drill', 'printer', 'racket', 'ruler', 'safety pin', 'salt shaker', 'sandal', 'screw', 'shovel', 'space heater', 'spatula', 'speaker', 'strainer', 'sunglasses', 'teddy bear', 'television', 'umbrella', 'vase', 'wallet', 'waste container', 'water bottle', 'whistle']"
149440,ILSVRC2012_val_00022457.JPEG,100,safety pin,safety pin,3.446,06a8b498224794b1,False,"['Band-Aid', 'T-shirt', 'backpack', 'banana', 'cleaver', 'clothes iron', 'coffee mug', 'computer mouse', 'digital watch', 'doormat', 'dumbbell', 'envelope', 'hair dryer', 'hammer', 'lampshade', 'lemon', 'lipstick', 'match', 'mobile phone', 'necklace', 'padlock', 'paintbrush', 'paper towel', 'park bench', 'pill bottle', 'pillow', 'plastic bag', 'plunger', 'power drill', 'printer', 'racket', 'ruler', 'safety pin', 'salt shaker', 'sandal', 'screw', 'shovel', 'space heater', 'spatula', 'speaker', 'strainer', 'sunglasses', 'teddy bear', 'television', 'umbrella', 'vase', 'wallet', 'waste container', 'water bottle', 'whistle']"
136872,ILSVRC2012_val_00022595.JPEG,100,wallet,wallet,3.334,c4d76a9e612c1f58,False,"['Band-Aid', 'T-shirt', 'backpack', 'banana', 'cleaver', 'clothes iron', 'coffee mug', 'computer mouse', 'digital watch', 'doormat', 'dumbbell', 'envelope', 'hair dryer', 'hammer', 'lampshade', 'lemon', 'lipstick', 'match', 'mobile phone', 'necklace', 'padlock', 'paintbrush', 'paper towel', 'park bench', 'pill bottle', 'pillow', 'plastic bag', 'plunger', 'power drill', 'printer', 'racket', 'ruler', 'safety pin', 'salt shaker', 'sandal', 'screw', 'shovel', 'space heater', 'spatula', 'speaker', 'strainer', 'sunglasses', 'teddy bear', 'television', 'umbrella', 'vase', 'wallet', 'waste container', 'water bottle', 'whistle']"
155607,ILSVRC2012_val_00022604.JPEG,100,safety pin,safety pin,2.168,8e2eb069290ef426,False,"['Band-Aid', 'T-shirt', 'backpack', 'banana', 'cleaver', 'clothes iron', 'coffee mug', 'computer mouse', 'digital watch', 'doormat', 'dumbbell', 'envelope', 'hair dryer', 'hammer', 'lampshade', 'lemon', 'lipstick', 'match', 'mobile phone', 'necklace', 'padlock', 'paintbrush', 'paper towel', 'park bench', 'pill bottle', 'pillow', 'plastic bag', 'plunger', 'power drill', 'printer', 'racket', 'ruler', 'safety pin', 'salt shaker', 'sandal', 'screw', 'shovel', 'space heater', 'spatula', 'speaker', 'strainer', 'sunglasses', 'teddy bear', 'television', 'umbrella', 'vase', 'wallet', 'waste container', 'water bottle', 'whistle']"
152184,ILSVRC2012_val_00022628.JPEG,100,banana,banana,4.033,d36b933bfde251c2,False,"['Band-Aid', 'T-shirt', 'backpack', 'banana', 'cleaver', 'clothes iron', 'coffee mug', 'computer mouse', 'digital watch', 'doormat', 'dumbbell', 'envelope', 'hair dryer', 'hammer', 'lampshade', 'lemon', 'lipstick', 'match', 'mobile phone', 'necklace', 'padlock', 'paintbrush', 'paper towel', 'park bench', 'pill bottle', 'pillow', 'plastic bag', 'plunger', 'power drill', 'printer', 'racket', 'ruler', 'safety pin', 'salt shaker', 'sandal', 'screw', 'shovel', 'space heater', 'spatula', 'speaker', 'strainer', 'sunglasses', 'teddy bear', 'television', 'umbrella', 'vase', 'wallet', 'waste container', 'water bottle', 'whistle']"
173429,ILSVRC2012_val_00022730.JPEG,100,umbrella,umbrella,3.193,cbd87d1ae016c6bf,False,"['Band-Aid', 'T-shirt', 'backpack', 'banana', 'cleaver', 'clothes iron', 'coffee mug', 'computer mouse', 'digital watch', 'doormat', 'dumbbell', 'envelope', 'hair dryer', 'hammer', 'lampshade', 'lemon', 'lipstick', 'match', 'mobile phone', 'necklace', 'padlock', 'paintbrush', 'paper towel', 'park bench', 'pill bottle', 'pillow', 'plastic bag', 'plunger', 'power drill', 'printer', 'racket', 'ruler', 'safety pin', 'salt shaker', 'sandal', 'screw', 'shovel', 'space heater', 'spatula', 'speaker', 'strainer', 'sunglasses', 'teddy bear', 'television', 'umbrella', 'vase', 'wallet', 'waste container', 'water bottle', 'whistle']"
157473,ILSVRC2012_val_00022789.JPEG,100,power drill,power drill,1.687,2a3c437395bdd17f,False,"['Band-Aid', 'T-shirt', 'backpack', 'banana', 'cleaver', 'clothes iron', 'coffee mug', 'computer mouse', 'digital watch', 'doormat', 'dumbbell', 'envelope', 'hair dryer', 'hammer', 'lampshade', 'lemon', 'lipstick', 'match', 'mobile phone', 'necklace', 'padlock', 'paintbrush', 'paper towel', 'park bench', 'pill bottle', 'pillow', 'plastic bag', 'plunger', 'power drill', 'printer', 'racket', 'ruler', 'safety pin', 'salt shaker', 'sandal', 'screw', 'shovel', 'space heater', 'spatula', 'speaker', 'strainer', 'sunglasses', 'teddy bear', 'television', 'umbrella', 'vase', 'wallet', 'waste container', 'water bottle', 'whistle']"
152306,ILSVRC2012_val_00022993.JPEG,100,padlock,padlock,1.599,e1716906d6f9ca8f,False,"['Band-Aid', 'T-shirt', 'backpack', 'banana', 'cleaver', 'clothes iron', 'coffee mug', 'computer mouse', 'digital watch', 'doormat', 'dumbbell', 'envelope', 'hair dryer', 'hammer', 'lampshade', 'lemon', 'lipstick', 'match', 'mobile phone', 'necklace', 'padlock', 'paintbrush', 'paper towel', 'park bench', 'pill bottle', 'pillow', 'plastic bag', 'plunger', 'power drill', 'printer', 'racket', 'ruler', 'safety pin', 'salt shaker', 'sandal', 'screw', 'shovel', 'space heater', 'spatula', 'speaker', 'strainer', 'sunglasses', 'teddy bear', 'television', 'umbrella', 'vase', 'wallet', 'waste container', 'water bottle', 'whistle']"
167858,ILSVRC2012_val_00023189.JPEG,100,coffee mug,coffee mug,9.863,334c7903f6940938,False,"['Band-Aid', 'T-shirt', 'backpack', 'banana', 'cleaver', 'clothes iron', 'coffee mug', 'computer mouse', 'digital watch', 'doormat', 'dumbbell', 'envelope', 'hair dryer', 'hammer', 'lampshade', 'lemon', 'lipstick', 'match', 'mobile phone', 'necklace', 'padlock', 'paintbrush', 'paper towel', 'park bench', 'pill bottle', 'pillow', 'plastic bag', 'plunger', 'power drill', 'printer', 'racket', 'ruler', 'safety pin', 'salt shaker', 'sandal', 'screw', 'shovel', 'space heater', 'spatula', 'speaker', 'strainer', 'sunglasses', 'teddy bear', 'television', 'umbrella', 'vase', 'wallet', 'waste container', 'water bottle', 'whistle']"
148812,ILSVRC2012_val_00023209.JPEG,100,pill bottle,pill bottle,4.108,b2d2ce93938a93bb,False,"['Band-Aid', 'T-shirt', 'backpack', 'banana', 'cleaver', 'clothes iron', 'coffee mug', 'computer mouse', 'digital watch', 'doormat', 'dumbbell', 'envelope', 'hair dryer', 'hammer', 'lampshade', 'lemon', 'lipstick', 'match', 'mobile phone', 'necklace', 'padlock', 'paintbrush', 'paper towel', 'park bench', 'pill bottle', 'pillow', 'plastic bag', 'plunger', 'power drill', 'printer', 'racket', 'ruler', 'safety pin', 'salt shaker', 'sandal', 'screw', 'shovel', 'space heater', 'spatula', 'speaker', 'strainer', 'sunglasses', 'teddy bear', 'television', 'umbrella', 'vase', 'wallet', 'waste container', 'water bottle', 'whistle']"
139474,ILSVRC2012_val_00023220.JPEG,100,banana,banana,4.796,db71f3bdb025e3bd,False,"['Band-Aid', 'T-shirt', 'backpack', 'banana', 'cleaver', 'clothes iron', 'coffee mug', 'computer mouse', 'digital watch', 'doormat', 'dumbbell', 'envelope', 'hair dryer', 'hammer', 'lampshade', 'lemon', 'lipstick', 'match', 'mobile phone', 'necklace', 'padlock', 'paintbrush', 'paper towel', 'park bench', 'pill bottle', 'pillow', 'plastic bag', 'plunger', 'power drill', 'printer', 'racket', 'ruler', 'safety pin', 'salt shaker', 'sandal', 'screw', 'shovel', 'space heater', 'spatula', 'speaker', 'strainer', 'sunglasses', 'teddy bear', 'television', 'umbrella', 'vase', 'wallet', 'waste container', 'water bottle', 'whistle']"
152752,ILSVRC2012_val_00023429.JPEG,100,water bottle,water bottle,1.819,b868fca50ebe5eba,False,"['Band-Aid', 'T-shirt', 'backpack', 'banana', 'cleaver', 'clothes iron', 'coffee mug', 'computer mouse', 'digital watch', 'doormat', 'dumbbell', 'envelope', 'hair dryer', 'hammer', 'lampshade', 'lemon', 'lipstick', 'match', 'mobile phone', 'necklace', 'padlock', 'paintbrush', 'paper towel', 'park bench', 'pill bottle', 'pillow', 'plastic bag', 'plunger', 'power drill', 'printer', 'racket', 'ruler', 'safety pin', 'salt shaker', 'sandal', 'screw', 'shovel', 'space heater', 'spatula', 'speaker', 'strainer', 'sunglasses', 'teddy bear', 'television', 'umbrella', 'vase', 'wallet', 'waste container', 'water bottle', 'whistle']"
138188,ILSVRC2012_val_00023605.JPEG,100,sunglasses,sunglasses,3.164,77d3bd4610eee202,False,"['Band-Aid', 'T-shirt', 'backpack', 'banana', 'cleaver', 'clothes iron', 'coffee mug', 'computer mouse', 'digital watch', 'doormat', 'dumbbell', 'envelope', 'hair dryer', 'hammer', 'lampshade', 'lemon', 'lipstick', 'match', 'mobile phone', 'necklace', 'padlock', 'paintbrush', 'paper towel', 'park bench', 'pill bottle', 'pillow', 'plastic bag', 'plunger', 'power drill', 'printer', 'racket', 'ruler', 'safety pin', 'salt shaker', 'sandal', 'screw', 'shovel', 'space heater', 'spatula', 'speaker', 'strainer', 'sunglasses', 'teddy bear', 'television', 'umbrella', 'vase', 'wallet', 'waste container', 'water bottle', 'whistle']"
138193,ILSVRC2012_val_00023640.JPEG,100,coffee mug,vase,7.972,06a8b498224794b1,False,"['Band-Aid', 'T-shirt', 'backpack', 'banana', 'cleaver', 'clothes iron', 'coffee mug', 'computer mouse', 'digital watch', 'doormat', 'dumbbell', 'envelope', 'hair dryer', 'hammer', 'lampshade', 'lemon', 'lipstick', 'match', 'mobile phone', 'necklace', 'padlock', 'paintbrush', 'paper towel', 'park bench', 'pill bottle', 'pillow', 'plastic bag', 'plunger', 'power drill', 'printer', 'racket', 'ruler', 'safety pin', 'salt shaker', 'sandal', 'screw', 'shovel', 'space heater', 'spatula', 'speaker', 'strainer', 'sunglasses', 'teddy bear', 'television', 'umbrella', 'vase', 'wallet', 'waste container', 'water bottle', 'whistle']"
144953,ILSVRC2012_val_00023643.JPEG,100,digital watch,paper towel,7.741,9a2d1a1e46093891,False,"['Band-Aid', 'T-shirt', 'backpack', 'banana', 'cleaver', 'clothes iron', 'coffee mug', 'computer mouse', 'digital watch', 'doormat', 'dumbbell', 'envelope', 'hair dryer', 'hammer', 'lampshade', 'lemon', 'lipstick', 'match', 'mobile phone', 'necklace', 'padlock', 'paintbrush', 'paper towel', 'park bench', 'pill bottle', 'pillow', 'plastic bag', 'plunger', 'power drill', 'printer', 'racket', 'ruler', 'safety pin', 'salt shaker', 'sandal', 'screw', 'shovel', 'space heater', 'spatula', 'speaker', 'strainer', 'sunglasses', 'teddy bear', 'television', 'umbrella', 'vase', 'wallet', 'waste container', 'water bottle', 'whistle']"
135990,ILSVRC2012_val_00023671.JPEG,100,speaker,speaker,3.039,e55645d6b5e6083d,False,"['Band-Aid', 'T-shirt', 'backpack', 'banana', 'cleaver', 'clothes iron', 'coffee mug', 'computer mouse', 'digital watch', 'doormat', 'dumbbell', 'envelope', 'hair dryer', 'hammer', 'lampshade', 'lemon', 'lipstick', 'match', 'mobile phone', 'necklace', 'padlock', 'paintbrush', 'paper towel', 'park bench', 'pill bottle', 'pillow', 'plastic bag', 'plunger', 'power drill', 'printer', 'racket', 'ruler', 'safety pin', 'salt shaker', 'sandal', 'screw', 'shovel', 'space heater', 'spatula', 'speaker', 'strainer', 'sunglasses', 'teddy bear', 'television', 'umbrella', 'vase', 'wallet', 'waste container', 'water bottle', 'whistle']"
133989,ILSVRC2012_val_00023723.JPEG,100,clothes iron,clothes iron,2.688,42047cd7259fe45f,False,"['Band-Aid', 'T-shirt', 'backpack', 'banana', 'cleaver', 'clothes iron', 'coffee mug', 'computer mouse', 'digital watch', 'doormat', 'dumbbell', 'envelope', 'hair dryer', 'hammer', 'lampshade', 'lemon', 'lipstick', 'match', 'mobile phone', 'necklace', 'padlock', 'paintbrush', 'paper towel', 'park bench', 'pill bottle', 'pillow', 'plastic bag', 'plunger', 'power drill', 'printer', 'racket', 'ruler', 'safety pin', 'salt shaker', 'sandal', 'screw', 'shovel', 'space heater', 'spatula', 'speaker', 'strainer', 'sunglasses', 'teddy bear', 'television', 'umbrella', 'vase', 'wallet', 'waste container', 'water bottle', 'whistle']"
137041,ILSVRC2012_val_00023754.JPEG,100,sunglasses,sunglasses,1.534,59fde21c6a3fe70a,False,"['Band-Aid', 'T-shirt', 'backpack', 'banana', 'cleaver', 'clothes iron', 'coffee mug', 'computer mouse', 'digital watch', 'doormat', 'dumbbell', 'envelope', 'hair dryer', 'hammer', 'lampshade', 'lemon', 'lipstick', 'match', 'mobile phone', 'necklace', 'padlock', 'paintbrush', 'paper towel', 'park bench', 'pill bottle', 'pillow', 'plastic bag', 'plunger', 'power drill', 'printer', 'racket', 'ruler', 'safety pin', 'salt shaker', 'sandal', 'screw', 'shovel', 'space heater', 'spatula', 'speaker', 'strainer', 'sunglasses', 'teddy bear', 'television', 'umbrella', 'vase', 'wallet', 'waste container', 'water bottle', 'whistle']"
142674,ILSVRC2012_val_00024003.JPEG,100,plastic bag,plastic bag,1.615,5a818211fa2ca63e,False,"['Band-Aid', 'T-shirt', 'backpack', 'banana', 'cleaver', 'clothes iron', 'coffee mug', 'computer mouse', 'digital watch', 'doormat', 'dumbbell', 'envelope', 'hair dryer', 'hammer', 'lampshade', 'lemon', 'lipstick', 'match', 'mobile phone', 'necklace', 'padlock', 'paintbrush', 'paper towel', 'park bench', 'pill bottle', 'pillow', 'plastic bag', 'plunger', 'power drill', 'printer', 'racket', 'ruler', 'safety pin', 'salt shaker', 'sandal', 'screw', 'shovel', 'space heater', 'spatula', 'speaker', 'strainer', 'sunglasses', 'teddy bear', 'television', 'umbrella', 'vase', 'wallet', 'waste container', 'water bottle', 'whistle']"
166579,ILSVRC2012_val_00024194.JPEG,100,hair dryer,hair dryer,2.55,9ac64af7799525d7,False,"['Band-Aid', 'T-shirt', 'backpack', 'banana', 'cleaver', 'clothes iron', 'coffee mug', 'computer mouse', 'digital watch', 'doormat', 'dumbbell', 'envelope', 'hair dryer', 'hammer', 'lampshade', 'lemon', 'lipstick', 'match', 'mobile phone', 'necklace', 'padlock', 'paintbrush', 'paper towel', 'park bench', 'pill bottle', 'pillow', 'plastic bag', 'plunger', 'power drill', 'printer', 'racket', 'ruler', 'safety pin', 'salt shaker', 'sandal', 'screw', 'shovel', 'space heater', 'spatula', 'speaker', 'strainer', 'sunglasses', 'teddy bear', 'television', 'umbrella', 'vase', 'wallet', 'waste container', 'water bottle', 'whistle']"
172332,ILSVRC2012_val_00024271.JPEG,100,paintbrush,paintbrush,9.576,21f569eee40c8a32,False,"['Band-Aid', 'T-shirt', 'backpack', 'banana', 'cleaver', 'clothes iron', 'coffee mug', 'computer mouse', 'digital watch', 'doormat', 'dumbbell', 'envelope', 'hair dryer', 'hammer', 'lampshade', 'lemon', 'lipstick', 'match', 'mobile phone', 'necklace', 'padlock', 'paintbrush', 'paper towel', 'park bench', 'pill bottle', 'pillow', 'plastic bag', 'plunger', 'power drill', 'printer', 'racket', 'ruler', 'safety pin', 'salt shaker', 'sandal', 'screw', 'shovel', 'space heater', 'spatula', 'speaker', 'strainer', 'sunglasses', 'teddy bear', 'television', 'umbrella', 'vase', 'wallet', 'waste container', 'water bottle', 'whistle']"
156319,ILSVRC2012_val_00024332.JPEG,100,screw,screw,3.022,8d256d6283f2b0bd,False,"['Band-Aid', 'T-shirt', 'backpack', 'banana', 'cleaver', 'clothes iron', 'coffee mug', 'computer mouse', 'digital watch', 'doormat', 'dumbbell', 'envelope', 'hair dryer', 'hammer', 'lampshade', 'lemon', 'lipstick', 'match', 'mobile phone', 'necklace', 'padlock', 'paintbrush', 'paper towel', 'park bench', 'pill bottle', 'pillow', 'plastic bag', 'plunger', 'power drill', 'printer', 'racket', 'ruler', 'safety pin', 'salt shaker', 'sandal', 'screw', 'shovel', 'space heater', 'spatula', 'speaker', 'strainer', 'sunglasses', 'teddy bear', 'television', 'umbrella', 'vase', 'wallet', 'waste container', 'water bottle', 'whistle']"
142551,ILSVRC2012_val_00024357.JPEG,100,padlock,padlock,17.062,dd34e1d896d5d5e1,False,"['Band-Aid', 'T-shirt', 'backpack', 'banana', 'cleaver', 'clothes iron', 'coffee mug', 'computer mouse', 'digital watch', 'doormat', 'dumbbell', 'envelope', 'hair dryer', 'hammer', 'lampshade', 'lemon', 'lipstick', 'match', 'mobile phone', 'necklace', 'padlock', 'paintbrush', 'paper towel', 'park bench', 'pill bottle', 'pillow', 'plastic bag', 'plunger', 'power drill', 'printer', 'racket', 'ruler', 'safety pin', 'salt shaker', 'sandal', 'screw', 'shovel', 'space heater', 'spatula', 'speaker', 'strainer', 'sunglasses', 'teddy bear', 'television', 'umbrella', 'vase', 'wallet', 'waste container', 'water bottle', 'whistle']"
144669,ILSVRC2012_val_00024424.JPEG,100,hammer,hammer,2.627,f443d3a0c7c0be43,False,"['Band-Aid', 'T-shirt', 'backpack', 'banana', 'cleaver', 'clothes iron', 'coffee mug', 'computer mouse', 'digital watch', 'doormat', 'dumbbell', 'envelope', 'hair dryer', 'hammer', 'lampshade', 'lemon', 'lipstick', 'match', 'mobile phone', 'necklace', 'padlock', 'paintbrush', 'paper towel', 'park bench', 'pill bottle', 'pillow', 'plastic bag', 'plunger', 'power drill', 'printer', 'racket', 'ruler', 'safety pin', 'salt shaker', 'sandal', 'screw', 'shovel', 'space heater', 'spatula', 'speaker', 'strainer', 'sunglasses', 'teddy bear', 'television', 'umbrella', 'vase', 'wallet', 'waste container', 'water bottle', 'whistle']"
153805,ILSVRC2012_val_00024445.JPEG,100,coffee mug,coffee mug,6.861,266031d8f39babeb,False,"['Band-Aid', 'T-shirt', 'backpack', 'banana', 'cleaver', 'clothes iron', 'coffee mug', 'computer mouse', 'digital watch', 'doormat', 'dumbbell', 'envelope', 'hair dryer', 'hammer', 'lampshade', 'lemon', 'lipstick', 'match', 'mobile phone', 'necklace', 'padlock', 'paintbrush', 'paper towel', 'park bench', 'pill bottle', 'pillow', 'plastic bag', 'plunger', 'power drill', 'printer', 'racket', 'ruler', 'safety pin', 'salt shaker', 'sandal', 'screw', 'shovel', 'space heater', 'spatula', 'speaker', 'strainer', 'sunglasses', 'teddy bear', 'television', 'umbrella', 'vase', 'wallet', 'waste container', 'water bottle', 'whistle']"
147834,ILSVRC2012_val_00024535.JPEG,100,necklace,necklace,2.384,03f52d2f38387b20,False,"['Band-Aid', 'T-shirt', 'backpack', 'banana', 'cleaver', 'clothes iron', 'coffee mug', 'computer mouse', 'digital watch', 'doormat', 'dumbbell', 'envelope', 'hair dryer', 'hammer', 'lampshade', 'lemon', 'lipstick', 'match', 'mobile phone', 'necklace', 'padlock', 'paintbrush', 'paper towel', 'park bench', 'pill bottle', 'pillow', 'plastic bag', 'plunger', 'power drill', 'printer', 'racket', 'ruler', 'safety pin', 'salt shaker', 'sandal', 'screw', 'shovel', 'space heater', 'spatula', 'speaker', 'strainer', 'sunglasses', 'teddy bear', 'television', 'umbrella', 'vase', 'wallet', 'waste container', 'water bottle', 'whistle']"
154992,ILSVRC2012_val_00024598.JPEG,100,necklace,necklace,3.817,6e8a43fa122b420f,False,"['Band-Aid', 'T-shirt', 'backpack', 'banana', 'cleaver', 'clothes iron', 'coffee mug', 'computer mouse', 'digital watch', 'doormat', 'dumbbell', 'envelope', 'hair dryer', 'hammer', 'lampshade', 'lemon', 'lipstick', 'match', 'mobile phone', 'necklace', 'padlock', 'paintbrush', 'paper towel', 'park bench', 'pill bottle', 'pillow', 'plastic bag', 'plunger', 'power drill', 'printer', 'racket', 'ruler', 'safety pin', 'salt shaker', 'sandal', 'screw', 'shovel', 'space heater', 'spatula', 'speaker', 'strainer', 'sunglasses', 'teddy bear', 'television', 'umbrella', 'vase', 'wallet', 'waste container', 'water bottle', 'whistle']"
140416,ILSVRC2012_val_00024602.JPEG,100,park bench,park bench,70.164,3d30fdc6191a920d,False,"['Band-Aid', 'T-shirt', 'backpack', 'banana', 'cleaver', 'clothes iron', 'coffee mug', 'computer mouse', 'digital watch', 'doormat', 'dumbbell', 'envelope', 'hair dryer', 'hammer', 'lampshade', 'lemon', 'lipstick', 'match', 'mobile phone', 'necklace', 'padlock', 'paintbrush', 'paper towel', 'park bench', 'pill bottle', 'pillow', 'plastic bag', 'plunger', 'power drill', 'printer', 'racket', 'ruler', 'safety pin', 'salt shaker', 'sandal', 'screw', 'shovel', 'space heater', 'spatula', 'speaker', 'strainer', 'sunglasses', 'teddy bear', 'television', 'umbrella', 'vase', 'wallet', 'waste container', 'water bottle', 'whistle']"
144719,ILSVRC2012_val_00024621.JPEG,100,umbrella,umbrella,48.187,4750377d9621575e,False,"['Band-Aid', 'T-shirt', 'backpack', 'banana', 'cleaver', 'clothes iron', 'coffee mug', 'computer mouse', 'digital watch', 'doormat', 'dumbbell', 'envelope', 'hair dryer', 'hammer', 'lampshade', 'lemon', 'lipstick', 'match', 'mobile phone', 'necklace', 'padlock', 'paintbrush', 'paper towel', 'park bench', 'pill bottle', 'pillow', 'plastic bag', 'plunger', 'power drill', 'printer', 'racket', 'ruler', 'safety pin', 'salt shaker', 'sandal', 'screw', 'shovel', 'space heater', 'spatula', 'speaker', 'strainer', 'sunglasses', 'teddy bear', 'television', 'umbrella', 'vase', 'wallet', 'waste container', 'water bottle', 'whistle']"
149271,ILSVRC2012_val_00024672.JPEG,100,digital watch,digital watch,3.326,e1f90accb6bc8e2b,False,"['Band-Aid', 'T-shirt', 'backpack', 'banana', 'cleaver', 'clothes iron', 'coffee mug', 'computer mouse', 'digital watch', 'doormat', 'dumbbell', 'envelope', 'hair dryer', 'hammer', 'lampshade', 'lemon', 'lipstick', 'match', 'mobile phone', 'necklace', 'padlock', 'paintbrush', 'paper towel', 'park bench', 'pill bottle', 'pillow', 'plastic bag', 'plunger', 'power drill', 'printer', 'racket', 'ruler', 'safety pin', 'salt shaker', 'sandal', 'screw', 'shovel', 'space heater', 'spatula', 'speaker', 'strainer', 'sunglasses', 'teddy bear', 'television', 'umbrella', 'vase', 'wallet', 'waste container', 'water bottle', 'whistle']"
167042,ILSVRC2012_val_00024678.JPEG,100,hammer,hammer,2.952,4b8b8dacde799c8a,False,"['Band-Aid', 'T-shirt', 'backpack', 'banana', 'cleaver', 'clothes iron', 'coffee mug', 'computer mouse', 'digital watch', 'doormat', 'dumbbell', 'envelope', 'hair dryer', 'hammer', 'lampshade', 'lemon', 'lipstick', 'match', 'mobile phone', 'necklace', 'padlock', 'paintbrush', 'paper towel', 'park bench', 'pill bottle', 'pillow', 'plastic bag', 'plunger', 'power drill', 'printer', 'racket', 'ruler', 'safety pin', 'salt shaker', 'sandal', 'screw', 'shovel', 'space heater', 'spatula', 'speaker', 'strainer', 'sunglasses', 'teddy bear', 'television', 'umbrella', 'vase', 'wallet', 'waste container', 'water bottle', 'whistle']"
159458,ILSVRC2012_val_00024708.JPEG,100,sunglasses,mobile phone,2.017,08638924a321b467,False,"['Band-Aid', 'T-shirt', 'backpack', 'banana', 'cleaver', 'clothes iron', 'coffee mug', 'computer mouse', 'digital watch', 'doormat', 'dumbbell', 'envelope', 'hair dryer', 'hammer', 'lampshade', 'lemon', 'lipstick', 'match', 'mobile phone', 'necklace', 'padlock', 'paintbrush', 'paper towel', 'park bench', 'pill bottle', 'pillow', 'plastic bag', 'plunger', 'power drill', 'printer', 'racket', 'ruler', 'safety pin', 'salt shaker', 'sandal', 'screw', 'shovel', 'space heater', 'spatula', 'speaker', 'strainer', 'sunglasses', 'teddy bear', 'television', 'umbrella', 'vase', 'wallet', 'waste container', 'water bottle', 'whistle']"
144645,ILSVRC2012_val_00024720.JPEG,100,speaker,speaker,33.409,2e5f6930bb969c3f,False,"['Band-Aid', 'T-shirt', 'backpack', 'banana', 'cleaver', 'clothes iron', 'coffee mug', 'computer mouse', 'digital watch', 'doormat', 'dumbbell', 'envelope', 'hair dryer', 'hammer', 'lampshade', 'lemon', 'lipstick', 'match', 'mobile phone', 'necklace', 'padlock', 'paintbrush', 'paper towel', 'park bench', 'pill bottle', 'pillow', 'plastic bag', 'plunger', 'power drill', 'printer', 'racket', 'ruler', 'safety pin', 'salt shaker', 'sandal', 'screw', 'shovel', 'space heater', 'spatula', 'speaker', 'strainer', 'sunglasses', 'teddy bear', 'television', 'umbrella', 'vase', 'wallet', 'waste container', 'water bottle', 'whistle']"
154744,ILSVRC2012_val_00024738.JPEG,100,sandal,sandal,1.877,8f4bb5730ff7a329,False,"['Band-Aid', 'T-shirt', 'backpack', 'banana', 'cleaver', 'clothes iron', 'coffee mug', 'computer mouse', 'digital watch', 'doormat', 'dumbbell', 'envelope', 'hair dryer', 'hammer', 'lampshade', 'lemon', 'lipstick', 'match', 'mobile phone', 'necklace', 'padlock', 'paintbrush', 'paper towel', 'park bench', 'pill bottle', 'pillow', 'plastic bag', 'plunger', 'power drill', 'printer', 'racket', 'ruler', 'safety pin', 'salt shaker', 'sandal', 'screw', 'shovel', 'space heater', 'spatula', 'speaker', 'strainer', 'sunglasses', 'teddy bear', 'television', 'umbrella', 'vase', 'wallet', 'waste container', 'water bottle', 'whistle']"
152826,ILSVRC2012_val_00024925.JPEG,100,envelope,envelope,11.434,b1ef339e0dd50051,False,"['Band-Aid', 'T-shirt', 'backpack', 'banana', 'cleaver', 'clothes iron', 'coffee mug', 'computer mouse', 'digital watch', 'doormat', 'dumbbell', 'envelope', 'hair dryer', 'hammer', 'lampshade', 'lemon', 'lipstick', 'match', 'mobile phone', 'necklace', 'padlock', 'paintbrush', 'paper towel', 'park bench', 'pill bottle', 'pillow', 'plastic bag', 'plunger', 'power drill', 'printer', 'racket', 'ruler', 'safety pin', 'salt shaker', 'sandal', 'screw', 'shovel', 'space heater', 'spatula', 'speaker', 'strainer', 'sunglasses', 'teddy bear', 'television', 'umbrella', 'vase', 'wallet', 'waste container', 'water bottle', 'whistle']"
144625,ILSVRC2012_val_00024928.JPEG,100,television,space heater,2.43,97b6b99e5c32f701,False,"['Band-Aid', 'T-shirt', 'backpack', 'banana', 'cleaver', 'clothes iron', 'coffee mug', 'computer mouse', 'digital watch', 'doormat', 'dumbbell', 'envelope', 'hair dryer', 'hammer', 'lampshade', 'lemon', 'lipstick', 'match', 'mobile phone', 'necklace', 'padlock', 'paintbrush', 'paper towel', 'park bench', 'pill bottle', 'pillow', 'plastic bag', 'plunger', 'power drill', 'printer', 'racket', 'ruler', 'safety pin', 'salt shaker', 'sandal', 'screw', 'shovel', 'space heater', 'spatula', 'speaker', 'strainer', 'sunglasses', 'teddy bear', 'television', 'umbrella', 'vase', 'wallet', 'waste container', 'water bottle', 'whistle']"
138165,ILSVRC2012_val_00024979.JPEG,100,mobile phone,mobile phone,10.059,ad1867a1acfa1ce2,False,"['Band-Aid', 'T-shirt', 'backpack', 'banana', 'cleaver', 'clothes iron', 'coffee mug', 'computer mouse', 'digital watch', 'doormat', 'dumbbell', 'envelope', 'hair dryer', 'hammer', 'lampshade', 'lemon', 'lipstick', 'match', 'mobile phone', 'necklace', 'padlock', 'paintbrush', 'paper towel', 'park bench', 'pill bottle', 'pillow', 'plastic bag', 'plunger', 'power drill', 'printer', 'racket', 'ruler', 'safety pin', 'salt shaker', 'sandal', 'screw', 'shovel', 'space heater', 'spatula', 'speaker', 'strainer', 'sunglasses', 'teddy bear', 'television', 'umbrella', 'vase', 'wallet', 'waste container', 'water bottle', 'whistle']"
143157,ILSVRC2012_val_00024991.JPEG,100,dumbbell,dumbbell,5.569,fd763670b2a9d70b,False,"['Band-Aid', 'T-shirt', 'backpack', 'banana', 'cleaver', 'clothes iron', 'coffee mug', 'computer mouse', 'digital watch', 'doormat', 'dumbbell', 'envelope', 'hair dryer', 'hammer', 'lampshade', 'lemon', 'lipstick', 'match', 'mobile phone', 'necklace', 'padlock', 'paintbrush', 'paper towel', 'park bench', 'pill bottle', 'pillow', 'plastic bag', 'plunger', 'power drill', 'printer', 'racket', 'ruler', 'safety pin', 'salt shaker', 'sandal', 'screw', 'shovel', 'space heater', 'spatula', 'speaker', 'strainer', 'sunglasses', 'teddy bear', 'television', 'umbrella', 'vase', 'wallet', 'waste container', 'water bottle', 'whistle']"
143166,ILSVRC2012_val_00025000.JPEG,100,T-shirt,T-shirt,2.594,c57dbcb36fa6b802,False,"['Band-Aid', 'T-shirt', 'backpack', 'banana', 'cleaver', 'clothes iron', 'coffee mug', 'computer mouse', 'digital watch', 'doormat', 'dumbbell', 'envelope', 'hair dryer', 'hammer', 'lampshade', 'lemon', 'lipstick', 'match', 'mobile phone', 'necklace', 'padlock', 'paintbrush', 'paper towel', 'park bench', 'pill bottle', 'pillow', 'plastic bag', 'plunger', 'power drill', 'printer', 'racket', 'ruler', 'safety pin', 'salt shaker', 'sandal', 'screw', 'shovel', 'space heater', 'spatula', 'speaker', 'strainer', 'sunglasses', 'teddy bear', 'television', 'umbrella', 'vase', 'wallet', 'waste container', 'water bottle', 'whistle']"
149183,ILSVRC2012_val_00025019.JPEG,100,banana,doormat,2.46,09789f6bcfeb9000,False,"['Band-Aid', 'T-shirt', 'backpack', 'banana', 'cleaver', 'clothes iron', 'coffee mug', 'computer mouse', 'digital watch', 'doormat', 'dumbbell', 'envelope', 'hair dryer', 'hammer', 'lampshade', 'lemon', 'lipstick', 'match', 'mobile phone', 'necklace', 'padlock', 'paintbrush', 'paper towel', 'park bench', 'pill bottle', 'pillow', 'plastic bag', 'plunger', 'power drill', 'printer', 'racket', 'ruler', 'safety pin', 'salt shaker', 'sandal', 'screw', 'shovel', 'space heater', 'spatula', 'speaker', 'strainer', 'sunglasses', 'teddy bear', 'television', 'umbrella', 'vase', 'wallet', 'waste container', 'water bottle', 'whistle']"
135461,ILSVRC2012_val_00025041.JPEG,100,umbrella,umbrella,15.193,b47ba8df0aefb46f,False,"['Band-Aid', 'T-shirt', 'backpack', 'banana', 'cleaver', 'clothes iron', 'coffee mug', 'computer mouse', 'digital watch', 'doormat', 'dumbbell', 'envelope', 'hair dryer', 'hammer', 'lampshade', 'lemon', 'lipstick', 'match', 'mobile phone', 'necklace', 'padlock', 'paintbrush', 'paper towel', 'park bench', 'pill bottle', 'pillow', 'plastic bag', 'plunger', 'power drill', 'printer', 'racket', 'ruler', 'safety pin', 'salt shaker', 'sandal', 'screw', 'shovel', 'space heater', 'spatula', 'speaker', 'strainer', 'sunglasses', 'teddy bear', 'television', 'umbrella', 'vase', 'wallet', 'waste container', 'water bottle', 'whistle']"
134977,ILSVRC2012_val_00025139.JPEG,100,water bottle,water bottle,4.122,36d7d0eda7e1fee2,False,"['Band-Aid', 'T-shirt', 'backpack', 'banana', 'cleaver', 'clothes iron', 'coffee mug', 'computer mouse', 'digital watch', 'doormat', 'dumbbell', 'envelope', 'hair dryer', 'hammer', 'lampshade', 'lemon', 'lipstick', 'match', 'mobile phone', 'necklace', 'padlock', 'paintbrush', 'paper towel', 'park bench', 'pill bottle', 'pillow', 'plastic bag', 'plunger', 'power drill', 'printer', 'racket', 'ruler', 'safety pin', 'salt shaker', 'sandal', 'screw', 'shovel', 'space heater', 'spatula', 'speaker', 'strainer', 'sunglasses', 'teddy bear', 'television', 'umbrella', 'vase', 'wallet', 'waste container', 'water bottle', 'whistle']"
146451,ILSVRC2012_val_00025198.JPEG,100,lampshade,lampshade,4.949,8d256d6283f2b0bd,False,"['Band-Aid', 'T-shirt', 'backpack', 'banana', 'cleaver', 'clothes iron', 'coffee mug', 'computer mouse', 'digital watch', 'doormat', 'dumbbell', 'envelope', 'hair dryer', 'hammer', 'lampshade', 'lemon', 'lipstick', 'match', 'mobile phone', 'necklace', 'padlock', 'paintbrush', 'paper towel', 'park bench', 'pill bottle', 'pillow', 'plastic bag', 'plunger', 'power drill', 'printer', 'racket', 'ruler', 'safety pin', 'salt shaker', 'sandal', 'screw', 'shovel', 'space heater', 'spatula', 'speaker', 'strainer', 'sunglasses', 'teddy bear', 'television', 'umbrella', 'vase', 'wallet', 'waste container', 'water bottle', 'whistle']"
138151,ILSVRC2012_val_00025230.JPEG,100,coffee mug,coffee mug,2.878,f00ed54d165149a9,False,"['Band-Aid', 'T-shirt', 'backpack', 'banana', 'cleaver', 'clothes iron', 'coffee mug', 'computer mouse', 'digital watch', 'doormat', 'dumbbell', 'envelope', 'hair dryer', 'hammer', 'lampshade', 'lemon', 'lipstick', 'match', 'mobile phone', 'necklace', 'padlock', 'paintbrush', 'paper towel', 'park bench', 'pill bottle', 'pillow', 'plastic bag', 'plunger', 'power drill', 'printer', 'racket', 'ruler', 'safety pin', 'salt shaker', 'sandal', 'screw', 'shovel', 'space heater', 'spatula', 'speaker', 'strainer', 'sunglasses', 'teddy bear', 'television', 'umbrella', 'vase', 'wallet', 'waste container', 'water bottle', 'whistle']"
138156,ILSVRC2012_val_00025275.JPEG,100,T-shirt,T-shirt,5.388,d20bb886d00ac156,False,"['Band-Aid', 'T-shirt', 'backpack', 'banana', 'cleaver', 'clothes iron', 'coffee mug', 'computer mouse', 'digital watch', 'doormat', 'dumbbell', 'envelope', 'hair dryer', 'hammer', 'lampshade', 'lemon', 'lipstick', 'match', 'mobile phone', 'necklace', 'padlock', 'paintbrush', 'paper towel', 'park bench', 'pill bottle', 'pillow', 'plastic bag', 'plunger', 'power drill', 'printer', 'racket', 'ruler', 'safety pin', 'salt shaker', 'sandal', 'screw', 'shovel', 'space heater', 'spatula', 'speaker', 'strainer', 'sunglasses', 'teddy bear', 'television', 'umbrella', 'vase', 'wallet', 'waste container', 'water bottle', 'whistle']"
143303,ILSVRC2012_val_00025345.JPEG,100,teddy bear,teddy bear,4.49,be34ded15dcf6e99,False,"['Band-Aid', 'T-shirt', 'backpack', 'banana', 'cleaver', 'clothes iron', 'coffee mug', 'computer mouse', 'digital watch', 'doormat', 'dumbbell', 'envelope', 'hair dryer', 'hammer', 'lampshade', 'lemon', 'lipstick', 'match', 'mobile phone', 'necklace', 'padlock', 'paintbrush', 'paper towel', 'park bench', 'pill bottle', 'pillow', 'plastic bag', 'plunger', 'power drill', 'printer', 'racket', 'ruler', 'safety pin', 'salt shaker', 'sandal', 'screw', 'shovel', 'space heater', 'spatula', 'speaker', 'strainer', 'sunglasses', 'teddy bear', 'television', 'umbrella', 'vase', 'wallet', 'waste container', 'water bottle', 'whistle']"
136975,ILSVRC2012_val_00025376.JPEG,100,necklace,necklace,2.919,68783491c08a89f7,False,"['Band-Aid', 'T-shirt', 'backpack', 'banana', 'cleaver', 'clothes iron', 'coffee mug', 'computer mouse', 'digital watch', 'doormat', 'dumbbell', 'envelope', 'hair dryer', 'hammer', 'lampshade', 'lemon', 'lipstick', 'match', 'mobile phone', 'necklace', 'padlock', 'paintbrush', 'paper towel', 'park bench', 'pill bottle', 'pillow', 'plastic bag', 'plunger', 'power drill', 'printer', 'racket', 'ruler', 'safety pin', 'salt shaker', 'sandal', 'screw', 'shovel', 'space heater', 'spatula', 'speaker', 'strainer', 'sunglasses', 'teddy bear', 'television', 'umbrella', 'vase', 'wallet', 'waste container', 'water bottle', 'whistle']"
152860,ILSVRC2012_val_00025473.JPEG,100,padlock,padlock,2.542,02ff0b37cbed1640,False,"['Band-Aid', 'T-shirt', 'backpack', 'banana', 'cleaver', 'clothes iron', 'coffee mug', 'computer mouse', 'digital watch', 'doormat', 'dumbbell', 'envelope', 'hair dryer', 'hammer', 'lampshade', 'lemon', 'lipstick', 'match', 'mobile phone', 'necklace', 'padlock', 'paintbrush', 'paper towel', 'park bench', 'pill bottle', 'pillow', 'plastic bag', 'plunger', 'power drill', 'printer', 'racket', 'ruler', 'safety pin', 'salt shaker', 'sandal', 'screw', 'shovel', 'space heater', 'spatula', 'speaker', 'strainer', 'sunglasses', 'teddy bear', 'television', 'umbrella', 'vase', 'wallet', 'waste container', 'water bottle', 'whistle']"
152901,ILSVRC2012_val_00025548.JPEG,100,coffee mug,coffee mug,8.794,aae6c56ac67f330c,False,"['Band-Aid', 'T-shirt', 'backpack', 'banana', 'cleaver', 'clothes iron', 'coffee mug', 'computer mouse', 'digital watch', 'doormat', 'dumbbell', 'envelope', 'hair dryer', 'hammer', 'lampshade', 'lemon', 'lipstick', 'match', 'mobile phone', 'necklace', 'padlock', 'paintbrush', 'paper towel', 'park bench', 'pill bottle', 'pillow', 'plastic bag', 'plunger', 'power drill', 'printer', 'racket', 'ruler', 'safety pin', 'salt shaker', 'sandal', 'screw', 'shovel', 'space heater', 'spatula', 'speaker', 'strainer', 'sunglasses', 'teddy bear', 'television', 'umbrella', 'vase', 'wallet', 'waste container', 'water bottle', 'whistle']"
136961,ILSVRC2012_val_00025815.JPEG,100,teddy bear,teddy bear,2.181,6245cf3a4900f3ef,False,"['Band-Aid', 'T-shirt', 'backpack', 'banana', 'cleaver', 'clothes iron', 'coffee mug', 'computer mouse', 'digital watch', 'doormat', 'dumbbell', 'envelope', 'hair dryer', 'hammer', 'lampshade', 'lemon', 'lipstick', 'match', 'mobile phone', 'necklace', 'padlock', 'paintbrush', 'paper towel', 'park bench', 'pill bottle', 'pillow', 'plastic bag', 'plunger', 'power drill', 'printer', 'racket', 'ruler', 'safety pin', 'salt shaker', 'sandal', 'screw', 'shovel', 'space heater', 'spatula', 'speaker', 'strainer', 'sunglasses', 'teddy bear', 'television', 'umbrella', 'vase', 'wallet', 'waste container', 'water bottle', 'whistle']"
143825,ILSVRC2012_val_00025893.JPEG,100,coffee mug,coffee mug,1.516,2b7da23c1dfa7bb1,False,"['Band-Aid', 'T-shirt', 'backpack', 'banana', 'cleaver', 'clothes iron', 'coffee mug', 'computer mouse', 'digital watch', 'doormat', 'dumbbell', 'envelope', 'hair dryer', 'hammer', 'lampshade', 'lemon', 'lipstick', 'match', 'mobile phone', 'necklace', 'padlock', 'paintbrush', 'paper towel', 'park bench', 'pill bottle', 'pillow', 'plastic bag', 'plunger', 'power drill', 'printer', 'racket', 'ruler', 'safety pin', 'salt shaker', 'sandal', 'screw', 'shovel', 'space heater', 'spatula', 'speaker', 'strainer', 'sunglasses', 'teddy bear', 'television', 'umbrella', 'vase', 'wallet', 'waste container', 'water bottle', 'whistle']"
136969,ILSVRC2012_val_00025921.JPEG,100,lemon,lemon,9.219,fd4941d6ba06f13a,False,"['Band-Aid', 'T-shirt', 'backpack', 'banana', 'cleaver', 'clothes iron', 'coffee mug', 'computer mouse', 'digital watch', 'doormat', 'dumbbell', 'envelope', 'hair dryer', 'hammer', 'lampshade', 'lemon', 'lipstick', 'match', 'mobile phone', 'necklace', 'padlock', 'paintbrush', 'paper towel', 'park bench', 'pill bottle', 'pillow', 'plastic bag', 'plunger', 'power drill', 'printer', 'racket', 'ruler', 'safety pin', 'salt shaker', 'sandal', 'screw', 'shovel', 'space heater', 'spatula', 'speaker', 'strainer', 'sunglasses', 'teddy bear', 'television', 'umbrella', 'vase', 'wallet', 'waste container', 'water bottle', 'whistle']"
142899,ILSVRC2012_val_00026067.JPEG,100,teddy bear,teddy bear,2.434,b5278343d4c1c88d,False,"['Band-Aid', 'T-shirt', 'backpack', 'banana', 'cleaver', 'clothes iron', 'coffee mug', 'computer mouse', 'digital watch', 'doormat', 'dumbbell', 'envelope', 'hair dryer', 'hammer', 'lampshade', 'lemon', 'lipstick', 'match', 'mobile phone', 'necklace', 'padlock', 'paintbrush', 'paper towel', 'park bench', 'pill bottle', 'pillow', 'plastic bag', 'plunger', 'power drill', 'printer', 'racket', 'ruler', 'safety pin', 'salt shaker', 'sandal', 'screw', 'shovel', 'space heater', 'spatula', 'speaker', 'strainer', 'sunglasses', 'teddy bear', 'television', 'umbrella', 'vase', 'wallet', 'waste container', 'water bottle', 'whistle']"
137011,ILSVRC2012_val_00026077.JPEG,100,lipstick,lipstick,4.855,991398360dd5923c,False,"['Band-Aid', 'T-shirt', 'backpack', 'banana', 'cleaver', 'clothes iron', 'coffee mug', 'computer mouse', 'digital watch', 'doormat', 'dumbbell', 'envelope', 'hair dryer', 'hammer', 'lampshade', 'lemon', 'lipstick', 'match', 'mobile phone', 'necklace', 'padlock', 'paintbrush', 'paper towel', 'park bench', 'pill bottle', 'pillow', 'plastic bag', 'plunger', 'power drill', 'printer', 'racket', 'ruler', 'safety pin', 'salt shaker', 'sandal', 'screw', 'shovel', 'space heater', 'spatula', 'speaker', 'strainer', 'sunglasses', 'teddy bear', 'television', 'umbrella', 'vase', 'wallet', 'waste container', 'water bottle', 'whistle']"
152168,ILSVRC2012_val_00026148.JPEG,100,power drill,umbrella,2.321,80d3db92396f1ced,False,"['Band-Aid', 'T-shirt', 'backpack', 'banana', 'cleaver', 'clothes iron', 'coffee mug', 'computer mouse', 'digital watch', 'doormat', 'dumbbell', 'envelope', 'hair dryer', 'hammer', 'lampshade', 'lemon', 'lipstick', 'match', 'mobile phone', 'necklace', 'padlock', 'paintbrush', 'paper towel', 'park bench', 'pill bottle', 'pillow', 'plastic bag', 'plunger', 'power drill', 'printer', 'racket', 'ruler', 'safety pin', 'salt shaker', 'sandal', 'screw', 'shovel', 'space heater', 'spatula', 'speaker', 'strainer', 'sunglasses', 'teddy bear', 'television', 'umbrella', 'vase', 'wallet', 'waste container', 'water bottle', 'whistle']"
135104,ILSVRC2012_val_00026187.JPEG,100,T-shirt,T-shirt,2.378,be34ded15dcf6e99,False,"['Band-Aid', 'T-shirt', 'backpack', 'banana', 'cleaver', 'clothes iron', 'coffee mug', 'computer mouse', 'digital watch', 'doormat', 'dumbbell', 'envelope', 'hair dryer', 'hammer', 'lampshade', 'lemon', 'lipstick', 'match', 'mobile phone', 'necklace', 'padlock', 'paintbrush', 'paper towel', 'park bench', 'pill bottle', 'pillow', 'plastic bag', 'plunger', 'power drill', 'printer', 'racket', 'ruler', 'safety pin', 'salt shaker', 'sandal', 'screw', 'shovel', 'space heater', 'spatula', 'speaker', 'strainer', 'sunglasses', 'teddy bear', 'television', 'umbrella', 'vase', 'wallet', 'waste container', 'water bottle', 'whistle']"
145664,ILSVRC2012_val_00026198.JPEG,100,dumbbell,match,10.527,2eebc9d8351eb5fd,False,"['Band-Aid', 'T-shirt', 'backpack', 'banana', 'cleaver', 'clothes iron', 'coffee mug', 'computer mouse', 'digital watch', 'doormat', 'dumbbell', 'envelope', 'hair dryer', 'hammer', 'lampshade', 'lemon', 'lipstick', 'match', 'mobile phone', 'necklace', 'padlock', 'paintbrush', 'paper towel', 'park bench', 'pill bottle', 'pillow', 'plastic bag', 'plunger', 'power drill', 'printer', 'racket', 'ruler', 'safety pin', 'salt shaker', 'sandal', 'screw', 'shovel', 'space heater', 'spatula', 'speaker', 'strainer', 'sunglasses', 'teddy bear', 'television', 'umbrella', 'vase', 'wallet', 'waste container', 'water bottle', 'whistle']"
147465,ILSVRC2012_val_00026439.JPEG,100,cleaver,cleaver,3.538,582de3a43d525174,False,"['Band-Aid', 'T-shirt', 'backpack', 'banana', 'cleaver', 'clothes iron', 'coffee mug', 'computer mouse', 'digital watch', 'doormat', 'dumbbell', 'envelope', 'hair dryer', 'hammer', 'lampshade', 'lemon', 'lipstick', 'match', 'mobile phone', 'necklace', 'padlock', 'paintbrush', 'paper towel', 'park bench', 'pill bottle', 'pillow', 'plastic bag', 'plunger', 'power drill', 'printer', 'racket', 'ruler', 'safety pin', 'salt shaker', 'sandal', 'screw', 'shovel', 'space heater', 'spatula', 'speaker', 'strainer', 'sunglasses', 'teddy bear', 'television', 'umbrella', 'vase', 'wallet', 'waste container', 'water bottle', 'whistle']"
134046,ILSVRC2012_val_00026564.JPEG,100,backpack,backpack,5.0,cd89161e9fcfd93f,False,"['Band-Aid', 'T-shirt', 'backpack', 'banana', 'cleaver', 'clothes iron', 'coffee mug', 'computer mouse', 'digital watch', 'doormat', 'dumbbell', 'envelope', 'hair dryer', 'hammer', 'lampshade', 'lemon', 'lipstick', 'match', 'mobile phone', 'necklace', 'padlock', 'paintbrush', 'paper towel', 'park bench', 'pill bottle', 'pillow', 'plastic bag', 'plunger', 'power drill', 'printer', 'racket', 'ruler', 'safety pin', 'salt shaker', 'sandal', 'screw', 'shovel', 'space heater', 'spatula', 'speaker', 'strainer', 'sunglasses', 'teddy bear', 'television', 'umbrella', 'vase', 'wallet', 'waste container', 'water bottle', 'whistle']"
138275,ILSVRC2012_val_00026568.JPEG,100,lampshade,lampshade,3.957,2814582714c38298,False,"['Band-Aid', 'T-shirt', 'backpack', 'banana', 'cleaver', 'clothes iron', 'coffee mug', 'computer mouse', 'digital watch', 'doormat', 'dumbbell', 'envelope', 'hair dryer', 'hammer', 'lampshade', 'lemon', 'lipstick', 'match', 'mobile phone', 'necklace', 'padlock', 'paintbrush', 'paper towel', 'park bench', 'pill bottle', 'pillow', 'plastic bag', 'plunger', 'power drill', 'printer', 'racket', 'ruler', 'safety pin', 'salt shaker', 'sandal', 'screw', 'shovel', 'space heater', 'spatula', 'speaker', 'strainer', 'sunglasses', 'teddy bear', 'television', 'umbrella', 'vase', 'wallet', 'waste container', 'water bottle', 'whistle']"
134976,ILSVRC2012_val_00026681.JPEG,100,necklace,necklace,6.881,3fcb8917bda521ee,False,"['Band-Aid', 'T-shirt', 'backpack', 'banana', 'cleaver', 'clothes iron', 'coffee mug', 'computer mouse', 'digital watch', 'doormat', 'dumbbell', 'envelope', 'hair dryer', 'hammer', 'lampshade', 'lemon', 'lipstick', 'match', 'mobile phone', 'necklace', 'padlock', 'paintbrush', 'paper towel', 'park bench', 'pill bottle', 'pillow', 'plastic bag', 'plunger', 'power drill', 'printer', 'racket', 'ruler', 'safety pin', 'salt shaker', 'sandal', 'screw', 'shovel', 'space heater', 'spatula', 'speaker', 'strainer', 'sunglasses', 'teddy bear', 'television', 'umbrella', 'vase', 'wallet', 'waste container', 'water bottle', 'whistle']"
140833,ILSVRC2012_val_00026762.JPEG,100,coffee mug,coffee mug,2.334,3386162c8d6012e5,False,"['Band-Aid', 'T-shirt', 'backpack', 'banana', 'cleaver', 'clothes iron', 'coffee mug', 'computer mouse', 'digital watch', 'doormat', 'dumbbell', 'envelope', 'hair dryer', 'hammer', 'lampshade', 'lemon', 'lipstick', 'match', 'mobile phone', 'necklace', 'padlock', 'paintbrush', 'paper towel', 'park bench', 'pill bottle', 'pillow', 'plastic bag', 'plunger', 'power drill', 'printer', 'racket', 'ruler', 'safety pin', 'salt shaker', 'sandal', 'screw', 'shovel', 'space heater', 'spatula', 'speaker', 'strainer', 'sunglasses', 'teddy bear', 'television', 'umbrella', 'vase', 'wallet', 'waste container', 'water bottle', 'whistle']"
159195,ILSVRC2012_val_00026785.JPEG,100,speaker,speaker,8.226,582de3a43d525174,False,"['Band-Aid', 'T-shirt', 'backpack', 'banana', 'cleaver', 'clothes iron', 'coffee mug', 'computer mouse', 'digital watch', 'doormat', 'dumbbell', 'envelope', 'hair dryer', 'hammer', 'lampshade', 'lemon', 'lipstick', 'match', 'mobile phone', 'necklace', 'padlock', 'paintbrush', 'paper towel', 'park bench', 'pill bottle', 'pillow', 'plastic bag', 'plunger', 'power drill', 'printer', 'racket', 'ruler', 'safety pin', 'salt shaker', 'sandal', 'screw', 'shovel', 'space heater', 'spatula', 'speaker', 'strainer', 'sunglasses', 'teddy bear', 'television', 'umbrella', 'vase', 'wallet', 'waste container', 'water bottle', 'whistle']"
144024,ILSVRC2012_val_00026870.JPEG,100,racket,racket,6.636,7b08828c57a9436a,False,"['Band-Aid', 'T-shirt', 'backpack', 'banana', 'cleaver', 'clothes iron', 'coffee mug', 'computer mouse', 'digital watch', 'doormat', 'dumbbell', 'envelope', 'hair dryer', 'hammer', 'lampshade', 'lemon', 'lipstick', 'match', 'mobile phone', 'necklace', 'padlock', 'paintbrush', 'paper towel', 'park bench', 'pill bottle', 'pillow', 'plastic bag', 'plunger', 'power drill', 'printer', 'racket', 'ruler', 'safety pin', 'salt shaker', 'sandal', 'screw', 'shovel', 'space heater', 'spatula', 'speaker', 'strainer', 'sunglasses', 'teddy bear', 'television', 'umbrella', 'vase', 'wallet', 'waste container', 'water bottle', 'whistle']"
139620,ILSVRC2012_val_00026993.JPEG,100,hammer,hammer,8.652,3d4830ef86ad1977,False,"['Band-Aid', 'T-shirt', 'backpack', 'banana', 'cleaver', 'clothes iron', 'coffee mug', 'computer mouse', 'digital watch', 'doormat', 'dumbbell', 'envelope', 'hair dryer', 'hammer', 'lampshade', 'lemon', 'lipstick', 'match', 'mobile phone', 'necklace', 'padlock', 'paintbrush', 'paper towel', 'park bench', 'pill bottle', 'pillow', 'plastic bag', 'plunger', 'power drill', 'printer', 'racket', 'ruler', 'safety pin', 'salt shaker', 'sandal', 'screw', 'shovel', 'space heater', 'spatula', 'speaker', 'strainer', 'sunglasses', 'teddy bear', 'television', 'umbrella', 'vase', 'wallet', 'waste container', 'water bottle', 'whistle']"
134309,ILSVRC2012_val_00027045.JPEG,100,paintbrush,paintbrush,22.477,be34ded15dcf6e99,False,"['Band-Aid', 'T-shirt', 'backpack', 'banana', 'cleaver', 'clothes iron', 'coffee mug', 'computer mouse', 'digital watch', 'doormat', 'dumbbell', 'envelope', 'hair dryer', 'hammer', 'lampshade', 'lemon', 'lipstick', 'match', 'mobile phone', 'necklace', 'padlock', 'paintbrush', 'paper towel', 'park bench', 'pill bottle', 'pillow', 'plastic bag', 'plunger', 'power drill', 'printer', 'racket', 'ruler', 'safety pin', 'salt shaker', 'sandal', 'screw', 'shovel', 'space heater', 'spatula', 'speaker', 'strainer', 'sunglasses', 'teddy bear', 'television', 'umbrella', 'vase', 'wallet', 'waste container', 'water bottle', 'whistle']"
145288,ILSVRC2012_val_00027073.JPEG,100,necklace,necklace,1.941,cd89161e9fcfd93f,False,"['Band-Aid', 'T-shirt', 'backpack', 'banana', 'cleaver', 'clothes iron', 'coffee mug', 'computer mouse', 'digital watch', 'doormat', 'dumbbell', 'envelope', 'hair dryer', 'hammer', 'lampshade', 'lemon', 'lipstick', 'match', 'mobile phone', 'necklace', 'padlock', 'paintbrush', 'paper towel', 'park bench', 'pill bottle', 'pillow', 'plastic bag', 'plunger', 'power drill', 'printer', 'racket', 'ruler', 'safety pin', 'salt shaker', 'sandal', 'screw', 'shovel', 'space heater', 'spatula', 'speaker', 'strainer', 'sunglasses', 'teddy bear', 'television', 'umbrella', 'vase', 'wallet', 'waste container', 'water bottle', 'whistle']"
149939,ILSVRC2012_val_00027194.JPEG,100,coffee mug,coffee mug,3.061,9cab4217e098176b,False,"['Band-Aid', 'T-shirt', 'backpack', 'banana', 'cleaver', 'clothes iron', 'coffee mug', 'computer mouse', 'digital watch', 'doormat', 'dumbbell', 'envelope', 'hair dryer', 'hammer', 'lampshade', 'lemon', 'lipstick', 'match', 'mobile phone', 'necklace', 'padlock', 'paintbrush', 'paper towel', 'park bench', 'pill bottle', 'pillow', 'plastic bag', 'plunger', 'power drill', 'printer', 'racket', 'ruler', 'safety pin', 'salt shaker', 'sandal', 'screw', 'shovel', 'space heater', 'spatula', 'speaker', 'strainer', 'sunglasses', 'teddy bear', 'television', 'umbrella', 'vase', 'wallet', 'waste container', 'water bottle', 'whistle']"
138309,ILSVRC2012_val_00027312.JPEG,100,television,television,6.624,a4bb7f25df020fdb,False,"['Band-Aid', 'T-shirt', 'backpack', 'banana', 'cleaver', 'clothes iron', 'coffee mug', 'computer mouse', 'digital watch', 'doormat', 'dumbbell', 'envelope', 'hair dryer', 'hammer', 'lampshade', 'lemon', 'lipstick', 'match', 'mobile phone', 'necklace', 'padlock', 'paintbrush', 'paper towel', 'park bench', 'pill bottle', 'pillow', 'plastic bag', 'plunger', 'power drill', 'printer', 'racket', 'ruler', 'safety pin', 'salt shaker', 'sandal', 'screw', 'shovel', 'space heater', 'spatula', 'speaker', 'strainer', 'sunglasses', 'teddy bear', 'television', 'umbrella', 'vase', 'wallet', 'waste container', 'water bottle', 'whistle']"
140804,ILSVRC2012_val_00027314.JPEG,100,waste container,waste container,69.719,aa1f814de7798f22,False,"['Band-Aid', 'T-shirt', 'backpack', 'banana', 'cleaver', 'clothes iron', 'coffee mug', 'computer mouse', 'digital watch', 'doormat', 'dumbbell', 'envelope', 'hair dryer', 'hammer', 'lampshade', 'lemon', 'lipstick', 'match', 'mobile phone', 'necklace', 'padlock', 'paintbrush', 'paper towel', 'park bench', 'pill bottle', 'pillow', 'plastic bag', 'plunger', 'power drill', 'printer', 'racket', 'ruler', 'safety pin', 'salt shaker', 'sandal', 'screw', 'shovel', 'space heater', 'spatula', 'speaker', 'strainer', 'sunglasses', 'teddy bear', 'television', 'umbrella', 'vase', 'wallet', 'waste container', 'water bottle', 'whistle']"
135379,ILSVRC2012_val_00027342.JPEG,100,necklace,necklace,2.499,f0f8e2b7579a82fb,False,"['Band-Aid', 'T-shirt', 'backpack', 'banana', 'cleaver', 'clothes iron', 'coffee mug', 'computer mouse', 'digital watch', 'doormat', 'dumbbell', 'envelope', 'hair dryer', 'hammer', 'lampshade', 'lemon', 'lipstick', 'match', 'mobile phone', 'necklace', 'padlock', 'paintbrush', 'paper towel', 'park bench', 'pill bottle', 'pillow', 'plastic bag', 'plunger', 'power drill', 'printer', 'racket', 'ruler', 'safety pin', 'salt shaker', 'sandal', 'screw', 'shovel', 'space heater', 'spatula', 'speaker', 'strainer', 'sunglasses', 'teddy bear', 'television', 'umbrella', 'vase', 'wallet', 'waste container', 'water bottle', 'whistle']"
142571,ILSVRC2012_val_00027371.JPEG,100,padlock,padlock,21.56,97b6b99e5c32f701,False,"['Band-Aid', 'T-shirt', 'backpack', 'banana', 'cleaver', 'clothes iron', 'coffee mug', 'computer mouse', 'digital watch', 'doormat', 'dumbbell', 'envelope', 'hair dryer', 'hammer', 'lampshade', 'lemon', 'lipstick', 'match', 'mobile phone', 'necklace', 'padlock', 'paintbrush', 'paper towel', 'park bench', 'pill bottle', 'pillow', 'plastic bag', 'plunger', 'power drill', 'printer', 'racket', 'ruler', 'safety pin', 'salt shaker', 'sandal', 'screw', 'shovel', 'space heater', 'spatula', 'speaker', 'strainer', 'sunglasses', 'teddy bear', 'television', 'umbrella', 'vase', 'wallet', 'waste container', 'water bottle', 'whistle']"
134366,ILSVRC2012_val_00027437.JPEG,100,lipstick,lipstick,2.644,082f3035cb3f182e,False,"['Band-Aid', 'T-shirt', 'backpack', 'banana', 'cleaver', 'clothes iron', 'coffee mug', 'computer mouse', 'digital watch', 'doormat', 'dumbbell', 'envelope', 'hair dryer', 'hammer', 'lampshade', 'lemon', 'lipstick', 'match', 'mobile phone', 'necklace', 'padlock', 'paintbrush', 'paper towel', 'park bench', 'pill bottle', 'pillow', 'plastic bag', 'plunger', 'power drill', 'printer', 'racket', 'ruler', 'safety pin', 'salt shaker', 'sandal', 'screw', 'shovel', 'space heater', 'spatula', 'speaker', 'strainer', 'sunglasses', 'teddy bear', 'television', 'umbrella', 'vase', 'wallet', 'waste container', 'water bottle', 'whistle']"
135315,ILSVRC2012_val_00027502.JPEG,100,safety pin,safety pin,2.787,f62520f7444fd5c6,False,"['Band-Aid', 'T-shirt', 'backpack', 'banana', 'cleaver', 'clothes iron', 'coffee mug', 'computer mouse', 'digital watch', 'doormat', 'dumbbell', 'envelope', 'hair dryer', 'hammer', 'lampshade', 'lemon', 'lipstick', 'match', 'mobile phone', 'necklace', 'padlock', 'paintbrush', 'paper towel', 'park bench', 'pill bottle', 'pillow', 'plastic bag', 'plunger', 'power drill', 'printer', 'racket', 'ruler', 'safety pin', 'salt shaker', 'sandal', 'screw', 'shovel', 'space heater', 'spatula', 'speaker', 'strainer', 'sunglasses', 'teddy bear', 'television', 'umbrella', 'vase', 'wallet', 'waste container', 'water bottle', 'whistle']"
139690,ILSVRC2012_val_00027613.JPEG,100,water bottle,water bottle,4.32,20a6f4de273d17df,False,"['Band-Aid', 'T-shirt', 'backpack', 'banana', 'cleaver', 'clothes iron', 'coffee mug', 'computer mouse', 'digital watch', 'doormat', 'dumbbell', 'envelope', 'hair dryer', 'hammer', 'lampshade', 'lemon', 'lipstick', 'match', 'mobile phone', 'necklace', 'padlock', 'paintbrush', 'paper towel', 'park bench', 'pill bottle', 'pillow', 'plastic bag', 'plunger', 'power drill', 'printer', 'racket', 'ruler', 'safety pin', 'salt shaker', 'sandal', 'screw', 'shovel', 'space heater', 'spatula', 'speaker', 'strainer', 'sunglasses', 'teddy bear', 'television', 'umbrella', 'vase', 'wallet', 'waste container', 'water bottle', 'whistle']"
156098,ILSVRC2012_val_00027771.JPEG,100,sandal,sandal,19.652,6c35cb17b41adbe7,False,"['Band-Aid', 'T-shirt', 'backpack', 'banana', 'cleaver', 'clothes iron', 'coffee mug', 'computer mouse', 'digital watch', 'doormat', 'dumbbell', 'envelope', 'hair dryer', 'hammer', 'lampshade', 'lemon', 'lipstick', 'match', 'mobile phone', 'necklace', 'padlock', 'paintbrush', 'paper towel', 'park bench', 'pill bottle', 'pillow', 'plastic bag', 'plunger', 'power drill', 'printer', 'racket', 'ruler', 'safety pin', 'salt shaker', 'sandal', 'screw', 'shovel', 'space heater', 'spatula', 'speaker', 'strainer', 'sunglasses', 'teddy bear', 'television', 'umbrella', 'vase', 'wallet', 'waste container', 'water bottle', 'whistle']"
138301,ILSVRC2012_val_00027784.JPEG,100,ruler,ruler,1.723,c57dbcb36fa6b802,False,"['Band-Aid', 'T-shirt', 'backpack', 'banana', 'cleaver', 'clothes iron', 'coffee mug', 'computer mouse', 'digital watch', 'doormat', 'dumbbell', 'envelope', 'hair dryer', 'hammer', 'lampshade', 'lemon', 'lipstick', 'match', 'mobile phone', 'necklace', 'padlock', 'paintbrush', 'paper towel', 'park bench', 'pill bottle', 'pillow', 'plastic bag', 'plunger', 'power drill', 'printer', 'racket', 'ruler', 'safety pin', 'salt shaker', 'sandal', 'screw', 'shovel', 'space heater', 'spatula', 'speaker', 'strainer', 'sunglasses', 'teddy bear', 'television', 'umbrella', 'vase', 'wallet', 'waste container', 'water bottle', 'whistle']"
146259,ILSVRC2012_val_00027889.JPEG,100,television,television,2.677,b6073b25a18c9269,False,"['Band-Aid', 'T-shirt', 'backpack', 'banana', 'cleaver', 'clothes iron', 'coffee mug', 'computer mouse', 'digital watch', 'doormat', 'dumbbell', 'envelope', 'hair dryer', 'hammer', 'lampshade', 'lemon', 'lipstick', 'match', 'mobile phone', 'necklace', 'padlock', 'paintbrush', 'paper towel', 'park bench', 'pill bottle', 'pillow', 'plastic bag', 'plunger', 'power drill', 'printer', 'racket', 'ruler', 'safety pin', 'salt shaker', 'sandal', 'screw', 'shovel', 'space heater', 'spatula', 'speaker', 'strainer', 'sunglasses', 'teddy bear', 'television', 'umbrella', 'vase', 'wallet', 'waste container', 'water bottle', 'whistle']"
147597,ILSVRC2012_val_00027893.JPEG,100,television,speaker,1.662,6675a5960a45aae9,False,"['Band-Aid', 'T-shirt', 'backpack', 'banana', 'cleaver', 'clothes iron', 'coffee mug', 'computer mouse', 'digital watch', 'doormat', 'dumbbell', 'envelope', 'hair dryer', 'hammer', 'lampshade', 'lemon', 'lipstick', 'match', 'mobile phone', 'necklace', 'padlock', 'paintbrush', 'paper towel', 'park bench', 'pill bottle', 'pillow', 'plastic bag', 'plunger', 'power drill', 'printer', 'racket', 'ruler', 'safety pin', 'salt shaker', 'sandal', 'screw', 'shovel', 'space heater', 'spatula', 'speaker', 'strainer', 'sunglasses', 'teddy bear', 'television', 'umbrella', 'vase', 'wallet', 'waste container', 'water bottle', 'whistle']"
151533,ILSVRC2012_val_00027976.JPEG,100,teddy bear,teddy bear,4.188,3b2b255e5bea9e3d,False,"['Band-Aid', 'T-shirt', 'backpack', 'banana', 'cleaver', 'clothes iron', 'coffee mug', 'computer mouse', 'digital watch', 'doormat', 'dumbbell', 'envelope', 'hair dryer', 'hammer', 'lampshade', 'lemon', 'lipstick', 'match', 'mobile phone', 'necklace', 'padlock', 'paintbrush', 'paper towel', 'park bench', 'pill bottle', 'pillow', 'plastic bag', 'plunger', 'power drill', 'printer', 'racket', 'ruler', 'safety pin', 'salt shaker', 'sandal', 'screw', 'shovel', 'space heater', 'spatula', 'speaker', 'strainer', 'sunglasses', 'teddy bear', 'television', 'umbrella', 'vase', 'wallet', 'waste container', 'water bottle', 'whistle']"
153439,ILSVRC2012_val_00027994.JPEG,100,sandal,shovel,2.497,6f6457fd5e11ffd0,False,"['Band-Aid', 'T-shirt', 'backpack', 'banana', 'cleaver', 'clothes iron', 'coffee mug', 'computer mouse', 'digital watch', 'doormat', 'dumbbell', 'envelope', 'hair dryer', 'hammer', 'lampshade', 'lemon', 'lipstick', 'match', 'mobile phone', 'necklace', 'padlock', 'paintbrush', 'paper towel', 'park bench', 'pill bottle', 'pillow', 'plastic bag', 'plunger', 'power drill', 'printer', 'racket', 'ruler', 'safety pin', 'salt shaker', 'sandal', 'screw', 'shovel', 'space heater', 'spatula', 'speaker', 'strainer', 'sunglasses', 'teddy bear', 'television', 'umbrella', 'vase', 'wallet', 'waste container', 'water bottle', 'whistle']"
139660,ILSVRC2012_val_00028069.JPEG,100,hammer,hammer,12.732,a32cf3d55b6a7676,False,"['Band-Aid', 'T-shirt', 'backpack', 'banana', 'cleaver', 'clothes iron', 'coffee mug', 'computer mouse', 'digital watch', 'doormat', 'dumbbell', 'envelope', 'hair dryer', 'hammer', 'lampshade', 'lemon', 'lipstick', 'match', 'mobile phone', 'necklace', 'padlock', 'paintbrush', 'paper towel', 'park bench', 'pill bottle', 'pillow', 'plastic bag', 'plunger', 'power drill', 'printer', 'racket', 'ruler', 'safety pin', 'salt shaker', 'sandal', 'screw', 'shovel', 'space heater', 'spatula', 'speaker', 'strainer', 'sunglasses', 'teddy bear', 'television', 'umbrella', 'vase', 'wallet', 'waste container', 'water bottle', 'whistle']"
134234,ILSVRC2012_val_00028320.JPEG,100,screw,screw,5.104,a0372fe41848cab6,False,"['Band-Aid', 'T-shirt', 'backpack', 'banana', 'cleaver', 'clothes iron', 'coffee mug', 'computer mouse', 'digital watch', 'doormat', 'dumbbell', 'envelope', 'hair dryer', 'hammer', 'lampshade', 'lemon', 'lipstick', 'match', 'mobile phone', 'necklace', 'padlock', 'paintbrush', 'paper towel', 'park bench', 'pill bottle', 'pillow', 'plastic bag', 'plunger', 'power drill', 'printer', 'racket', 'ruler', 'safety pin', 'salt shaker', 'sandal', 'screw', 'shovel', 'space heater', 'spatula', 'speaker', 'strainer', 'sunglasses', 'teddy bear', 'television', 'umbrella', 'vase', 'wallet', 'waste container', 'water bottle', 'whistle']"
140769,ILSVRC2012_val_00028375.JPEG,100,T-shirt,strainer,4.299,cfa33258e026f57b,False,"['Band-Aid', 'T-shirt', 'backpack', 'banana', 'cleaver', 'clothes iron', 'coffee mug', 'computer mouse', 'digital watch', 'doormat', 'dumbbell', 'envelope', 'hair dryer', 'hammer', 'lampshade', 'lemon', 'lipstick', 'match', 'mobile phone', 'necklace', 'padlock', 'paintbrush', 'paper towel', 'park bench', 'pill bottle', 'pillow', 'plastic bag', 'plunger', 'power drill', 'printer', 'racket', 'ruler', 'safety pin', 'salt shaker', 'sandal', 'screw', 'shovel', 'space heater', 'spatula', 'speaker', 'strainer', 'sunglasses', 'teddy bear', 'television', 'umbrella', 'vase', 'wallet', 'waste container', 'water bottle', 'whistle']"
135220,ILSVRC2012_val_00028498.JPEG,100,waste container,waste container,2.064,2b7da23c1dfa7bb1,False,"['Band-Aid', 'T-shirt', 'backpack', 'banana', 'cleaver', 'clothes iron', 'coffee mug', 'computer mouse', 'digital watch', 'doormat', 'dumbbell', 'envelope', 'hair dryer', 'hammer', 'lampshade', 'lemon', 'lipstick', 'match', 'mobile phone', 'necklace', 'padlock', 'paintbrush', 'paper towel', 'park bench', 'pill bottle', 'pillow', 'plastic bag', 'plunger', 'power drill', 'printer', 'racket', 'ruler', 'safety pin', 'salt shaker', 'sandal', 'screw', 'shovel', 'space heater', 'spatula', 'speaker', 'strainer', 'sunglasses', 'teddy bear', 'television', 'umbrella', 'vase', 'wallet', 'waste container', 'water bottle', 'whistle']"
151116,ILSVRC2012_val_00028575.JPEG,100,coffee mug,coffee mug,14.042,522d291f41fa33fc,False,"['Band-Aid', 'T-shirt', 'backpack', 'banana', 'cleaver', 'clothes iron', 'coffee mug', 'computer mouse', 'digital watch', 'doormat', 'dumbbell', 'envelope', 'hair dryer', 'hammer', 'lampshade', 'lemon', 'lipstick', 'match', 'mobile phone', 'necklace', 'padlock', 'paintbrush', 'paper towel', 'park bench', 'pill bottle', 'pillow', 'plastic bag', 'plunger', 'power drill', 'printer', 'racket', 'ruler', 'safety pin', 'salt shaker', 'sandal', 'screw', 'shovel', 'space heater', 'spatula', 'speaker', 'strainer', 'sunglasses', 'teddy bear', 'television', 'umbrella', 'vase', 'wallet', 'waste container', 'water bottle', 'whistle']"
137615,ILSVRC2012_val_00028639.JPEG,100,lampshade,lampshade,3.837,0e808620feedbfb7,False,"['Band-Aid', 'T-shirt', 'backpack', 'banana', 'cleaver', 'clothes iron', 'coffee mug', 'computer mouse', 'digital watch', 'doormat', 'dumbbell', 'envelope', 'hair dryer', 'hammer', 'lampshade', 'lemon', 'lipstick', 'match', 'mobile phone', 'necklace', 'padlock', 'paintbrush', 'paper towel', 'park bench', 'pill bottle', 'pillow', 'plastic bag', 'plunger', 'power drill', 'printer', 'racket', 'ruler', 'safety pin', 'salt shaker', 'sandal', 'screw', 'shovel', 'space heater', 'spatula', 'speaker', 'strainer', 'sunglasses', 'teddy bear', 'television', 'umbrella', 'vase', 'wallet', 'waste container', 'water bottle', 'whistle']"
145459,ILSVRC2012_val_00028823.JPEG,100,lemon,lemon,4.729,2505f6f757b34752,False,"['Band-Aid', 'T-shirt', 'backpack', 'banana', 'cleaver', 'clothes iron', 'coffee mug', 'computer mouse', 'digital watch', 'doormat', 'dumbbell', 'envelope', 'hair dryer', 'hammer', 'lampshade', 'lemon', 'lipstick', 'match', 'mobile phone', 'necklace', 'padlock', 'paintbrush', 'paper towel', 'park bench', 'pill bottle', 'pillow', 'plastic bag', 'plunger', 'power drill', 'printer', 'racket', 'ruler', 'safety pin', 'salt shaker', 'sandal', 'screw', 'shovel', 'space heater', 'spatula', 'speaker', 'strainer', 'sunglasses', 'teddy bear', 'television', 'umbrella', 'vase', 'wallet', 'waste container', 'water bottle', 'whistle']"
137578,ILSVRC2012_val_00028841.JPEG,100,banana,banana,4.898,3d4830ef86ad1977,False,"['Band-Aid', 'T-shirt', 'backpack', 'banana', 'cleaver', 'clothes iron', 'coffee mug', 'computer mouse', 'digital watch', 'doormat', 'dumbbell', 'envelope', 'hair dryer', 'hammer', 'lampshade', 'lemon', 'lipstick', 'match', 'mobile phone', 'necklace', 'padlock', 'paintbrush', 'paper towel', 'park bench', 'pill bottle', 'pillow', 'plastic bag', 'plunger', 'power drill', 'printer', 'racket', 'ruler', 'safety pin', 'salt shaker', 'sandal', 'screw', 'shovel', 'space heater', 'spatula', 'speaker', 'strainer', 'sunglasses', 'teddy bear', 'television', 'umbrella', 'vase', 'wallet', 'waste container', 'water bottle', 'whistle']"
145446,ILSVRC2012_val_00028887.JPEG,100,power drill,power drill,3.187,6245cf3a4900f3ef,False,"['Band-Aid', 'T-shirt', 'backpack', 'banana', 'cleaver', 'clothes iron', 'coffee mug', 'computer mouse', 'digital watch', 'doormat', 'dumbbell', 'envelope', 'hair dryer', 'hammer', 'lampshade', 'lemon', 'lipstick', 'match', 'mobile phone', 'necklace', 'padlock', 'paintbrush', 'paper towel', 'park bench', 'pill bottle', 'pillow', 'plastic bag', 'plunger', 'power drill', 'printer', 'racket', 'ruler', 'safety pin', 'salt shaker', 'sandal', 'screw', 'shovel', 'space heater', 'spatula', 'speaker', 'strainer', 'sunglasses', 'teddy bear', 'television', 'umbrella', 'vase', 'wallet', 'waste container', 'water bottle', 'whistle']"
133696,ILSVRC2012_val_00028976.JPEG,100,sandal,sandal,1.563,3ab14c028980f7fb,False,"['Band-Aid', 'T-shirt', 'backpack', 'banana', 'cleaver', 'clothes iron', 'coffee mug', 'computer mouse', 'digital watch', 'doormat', 'dumbbell', 'envelope', 'hair dryer', 'hammer', 'lampshade', 'lemon', 'lipstick', 'match', 'mobile phone', 'necklace', 'padlock', 'paintbrush', 'paper towel', 'park bench', 'pill bottle', 'pillow', 'plastic bag', 'plunger', 'power drill', 'printer', 'racket', 'ruler', 'safety pin', 'salt shaker', 'sandal', 'screw', 'shovel', 'space heater', 'spatula', 'speaker', 'strainer', 'sunglasses', 'teddy bear', 'television', 'umbrella', 'vase', 'wallet', 'waste container', 'water bottle', 'whistle']"
139139,ILSVRC2012_val_00028994.JPEG,100,sandal,sandal,1.952,aefe03f01e09e5d5,False,"['Band-Aid', 'T-shirt', 'backpack', 'banana', 'cleaver', 'clothes iron', 'coffee mug', 'computer mouse', 'digital watch', 'doormat', 'dumbbell', 'envelope', 'hair dryer', 'hammer', 'lampshade', 'lemon', 'lipstick', 'match', 'mobile phone', 'necklace', 'padlock', 'paintbrush', 'paper towel', 'park bench', 'pill bottle', 'pillow', 'plastic bag', 'plunger', 'power drill', 'printer', 'racket', 'ruler', 'safety pin', 'salt shaker', 'sandal', 'screw', 'shovel', 'space heater', 'spatula', 'speaker', 'strainer', 'sunglasses', 'teddy bear', 'television', 'umbrella', 'vase', 'wallet', 'waste container', 'water bottle', 'whistle']"
138144,ILSVRC2012_val_00029180.JPEG,100,sandal,sandal,3.175,6f6457fd5e11ffd0,False,"['Band-Aid', 'T-shirt', 'backpack', 'banana', 'cleaver', 'clothes iron', 'coffee mug', 'computer mouse', 'digital watch', 'doormat', 'dumbbell', 'envelope', 'hair dryer', 'hammer', 'lampshade', 'lemon', 'lipstick', 'match', 'mobile phone', 'necklace', 'padlock', 'paintbrush', 'paper towel', 'park bench', 'pill bottle', 'pillow', 'plastic bag', 'plunger', 'power drill', 'printer', 'racket', 'ruler', 'safety pin', 'salt shaker', 'sandal', 'screw', 'shovel', 'space heater', 'spatula', 'speaker', 'strainer', 'sunglasses', 'teddy bear', 'television', 'umbrella', 'vase', 'wallet', 'waste container', 'water bottle', 'whistle']"
151127,ILSVRC2012_val_00029183.JPEG,100,paintbrush,lampshade,6.195,808493a55016d050,False,"['Band-Aid', 'T-shirt', 'backpack', 'banana', 'cleaver', 'clothes iron', 'coffee mug', 'computer mouse', 'digital watch', 'doormat', 'dumbbell', 'envelope', 'hair dryer', 'hammer', 'lampshade', 'lemon', 'lipstick', 'match', 'mobile phone', 'necklace', 'padlock', 'paintbrush', 'paper towel', 'park bench', 'pill bottle', 'pillow', 'plastic bag', 'plunger', 'power drill', 'printer', 'racket', 'ruler', 'safety pin', 'salt shaker', 'sandal', 'screw', 'shovel', 'space heater', 'spatula', 'speaker', 'strainer', 'sunglasses', 'teddy bear', 'television', 'umbrella', 'vase', 'wallet', 'waste container', 'water bottle', 'whistle']"
135272,ILSVRC2012_val_00029200.JPEG,100,banana,banana,2.674,26de64c991b698a5,False,"['Band-Aid', 'T-shirt', 'backpack', 'banana', 'cleaver', 'clothes iron', 'coffee mug', 'computer mouse', 'digital watch', 'doormat', 'dumbbell', 'envelope', 'hair dryer', 'hammer', 'lampshade', 'lemon', 'lipstick', 'match', 'mobile phone', 'necklace', 'padlock', 'paintbrush', 'paper towel', 'park bench', 'pill bottle', 'pillow', 'plastic bag', 'plunger', 'power drill', 'printer', 'racket', 'ruler', 'safety pin', 'salt shaker', 'sandal', 'screw', 'shovel', 'space heater', 'spatula', 'speaker', 'strainer', 'sunglasses', 'teddy bear', 'television', 'umbrella', 'vase', 'wallet', 'waste container', 'water bottle', 'whistle']"
149731,ILSVRC2012_val_00029272.JPEG,100,umbrella,umbrella,2.124,c1176031f1cb761d,False,"['Band-Aid', 'T-shirt', 'backpack', 'banana', 'cleaver', 'clothes iron', 'coffee mug', 'computer mouse', 'digital watch', 'doormat', 'dumbbell', 'envelope', 'hair dryer', 'hammer', 'lampshade', 'lemon', 'lipstick', 'match', 'mobile phone', 'necklace', 'padlock', 'paintbrush', 'paper towel', 'park bench', 'pill bottle', 'pillow', 'plastic bag', 'plunger', 'power drill', 'printer', 'racket', 'ruler', 'safety pin', 'salt shaker', 'sandal', 'screw', 'shovel', 'space heater', 'spatula', 'speaker', 'strainer', 'sunglasses', 'teddy bear', 'television', 'umbrella', 'vase', 'wallet', 'waste container', 'water bottle', 'whistle']"
135297,ILSVRC2012_val_00029273.JPEG,100,sunglasses,sunglasses,5.565,2929a2de0feed578,False,"['Band-Aid', 'T-shirt', 'backpack', 'banana', 'cleaver', 'clothes iron', 'coffee mug', 'computer mouse', 'digital watch', 'doormat', 'dumbbell', 'envelope', 'hair dryer', 'hammer', 'lampshade', 'lemon', 'lipstick', 'match', 'mobile phone', 'necklace', 'padlock', 'paintbrush', 'paper towel', 'park bench', 'pill bottle', 'pillow', 'plastic bag', 'plunger', 'power drill', 'printer', 'racket', 'ruler', 'safety pin', 'salt shaker', 'sandal', 'screw', 'shovel', 'space heater', 'spatula', 'speaker', 'strainer', 'sunglasses', 'teddy bear', 'television', 'umbrella', 'vase', 'wallet', 'waste container', 'water bottle', 'whistle']"
135295,ILSVRC2012_val_00029320.JPEG,100,backpack,backpack,2.949,753f2e0558901629,False,"['Band-Aid', 'T-shirt', 'backpack', 'banana', 'cleaver', 'clothes iron', 'coffee mug', 'computer mouse', 'digital watch', 'doormat', 'dumbbell', 'envelope', 'hair dryer', 'hammer', 'lampshade', 'lemon', 'lipstick', 'match', 'mobile phone', 'necklace', 'padlock', 'paintbrush', 'paper towel', 'park bench', 'pill bottle', 'pillow', 'plastic bag', 'plunger', 'power drill', 'printer', 'racket', 'ruler', 'safety pin', 'salt shaker', 'sandal', 'screw', 'shovel', 'space heater', 'spatula', 'speaker', 'strainer', 'sunglasses', 'teddy bear', 'television', 'umbrella', 'vase', 'wallet', 'waste container', 'water bottle', 'whistle']"
149433,ILSVRC2012_val_00029469.JPEG,100,digital watch,digital watch,26.14,9ff2853d45dcc956,False,"['Band-Aid', 'T-shirt', 'backpack', 'banana', 'cleaver', 'clothes iron', 'coffee mug', 'computer mouse', 'digital watch', 'doormat', 'dumbbell', 'envelope', 'hair dryer', 'hammer', 'lampshade', 'lemon', 'lipstick', 'match', 'mobile phone', 'necklace', 'padlock', 'paintbrush', 'paper towel', 'park bench', 'pill bottle', 'pillow', 'plastic bag', 'plunger', 'power drill', 'printer', 'racket', 'ruler', 'safety pin', 'salt shaker', 'sandal', 'screw', 'shovel', 'space heater', 'spatula', 'speaker', 'strainer', 'sunglasses', 'teddy bear', 'television', 'umbrella', 'vase', 'wallet', 'waste container', 'water bottle', 'whistle']"
137466,ILSVRC2012_val_00029832.JPEG,100,paintbrush,paintbrush,9.365,325a2ddec5776136,False,"['Band-Aid', 'T-shirt', 'backpack', 'banana', 'cleaver', 'clothes iron', 'coffee mug', 'computer mouse', 'digital watch', 'doormat', 'dumbbell', 'envelope', 'hair dryer', 'hammer', 'lampshade', 'lemon', 'lipstick', 'match', 'mobile phone', 'necklace', 'padlock', 'paintbrush', 'paper towel', 'park bench', 'pill bottle', 'pillow', 'plastic bag', 'plunger', 'power drill', 'printer', 'racket', 'ruler', 'safety pin', 'salt shaker', 'sandal', 'screw', 'shovel', 'space heater', 'spatula', 'speaker', 'strainer', 'sunglasses', 'teddy bear', 'television', 'umbrella', 'vase', 'wallet', 'waste container', 'water bottle', 'whistle']"
137470,ILSVRC2012_val_00029860.JPEG,100,hammer,hammer,3.441,48544b6b6914b63f,False,"['Band-Aid', 'T-shirt', 'backpack', 'banana', 'cleaver', 'clothes iron', 'coffee mug', 'computer mouse', 'digital watch', 'doormat', 'dumbbell', 'envelope', 'hair dryer', 'hammer', 'lampshade', 'lemon', 'lipstick', 'match', 'mobile phone', 'necklace', 'padlock', 'paintbrush', 'paper towel', 'park bench', 'pill bottle', 'pillow', 'plastic bag', 'plunger', 'power drill', 'printer', 'racket', 'ruler', 'safety pin', 'salt shaker', 'sandal', 'screw', 'shovel', 'space heater', 'spatula', 'speaker', 'strainer', 'sunglasses', 'teddy bear', 'television', 'umbrella', 'vase', 'wallet', 'waste container', 'water bottle', 'whistle']"
133612,ILSVRC2012_val_00029906.JPEG,100,banana,banana,2.285,80d9e356a528b3c2,False,"['Band-Aid', 'T-shirt', 'backpack', 'banana', 'cleaver', 'clothes iron', 'coffee mug', 'computer mouse', 'digital watch', 'doormat', 'dumbbell', 'envelope', 'hair dryer', 'hammer', 'lampshade', 'lemon', 'lipstick', 'match', 'mobile phone', 'necklace', 'padlock', 'paintbrush', 'paper towel', 'park bench', 'pill bottle', 'pillow', 'plastic bag', 'plunger', 'power drill', 'printer', 'racket', 'ruler', 'safety pin', 'salt shaker', 'sandal', 'screw', 'shovel', 'space heater', 'spatula', 'speaker', 'strainer', 'sunglasses', 'teddy bear', 'television', 'umbrella', 'vase', 'wallet', 'waste container', 'water bottle', 'whistle']"
133594,ILSVRC2012_val_00029919.JPEG,100,banana,banana,4.218,9cfba9afe859fb96,False,"['Band-Aid', 'T-shirt', 'backpack', 'banana', 'cleaver', 'clothes iron', 'coffee mug', 'computer mouse', 'digital watch', 'doormat', 'dumbbell', 'envelope', 'hair dryer', 'hammer', 'lampshade', 'lemon', 'lipstick', 'match', 'mobile phone', 'necklace', 'padlock', 'paintbrush', 'paper towel', 'park bench', 'pill bottle', 'pillow', 'plastic bag', 'plunger', 'power drill', 'printer', 'racket', 'ruler', 'safety pin', 'salt shaker', 'sandal', 'screw', 'shovel', 'space heater', 'spatula', 'speaker', 'strainer', 'sunglasses', 'teddy bear', 'television', 'umbrella', 'vase', 'wallet', 'waste container', 'water bottle', 'whistle']"
151934,ILSVRC2012_val_00029928.JPEG,100,envelope,envelope,2.533,155e84bc040483da,False,"['Band-Aid', 'T-shirt', 'backpack', 'banana', 'cleaver', 'clothes iron', 'coffee mug', 'computer mouse', 'digital watch', 'doormat', 'dumbbell', 'envelope', 'hair dryer', 'hammer', 'lampshade', 'lemon', 'lipstick', 'match', 'mobile phone', 'necklace', 'padlock', 'paintbrush', 'paper towel', 'park bench', 'pill bottle', 'pillow', 'plastic bag', 'plunger', 'power drill', 'printer', 'racket', 'ruler', 'safety pin', 'salt shaker', 'sandal', 'screw', 'shovel', 'space heater', 'spatula', 'speaker', 'strainer', 'sunglasses', 'teddy bear', 'television', 'umbrella', 'vase', 'wallet', 'waste container', 'water bottle', 'whistle']"
154562,ILSVRC2012_val_00030079.JPEG,100,padlock,padlock,60.681,a71e48448e4fadaf,False,"['Band-Aid', 'T-shirt', 'backpack', 'banana', 'cleaver', 'clothes iron', 'coffee mug', 'computer mouse', 'digital watch', 'doormat', 'dumbbell', 'envelope', 'hair dryer', 'hammer', 'lampshade', 'lemon', 'lipstick', 'match', 'mobile phone', 'necklace', 'padlock', 'paintbrush', 'paper towel', 'park bench', 'pill bottle', 'pillow', 'plastic bag', 'plunger', 'power drill', 'printer', 'racket', 'ruler', 'safety pin', 'salt shaker', 'sandal', 'screw', 'shovel', 'space heater', 'spatula', 'speaker', 'strainer', 'sunglasses', 'teddy bear', 'television', 'umbrella', 'vase', 'wallet', 'waste container', 'water bottle', 'whistle']"
151506,ILSVRC2012_val_00030129.JPEG,100,shovel,shovel,1.866,97b6b99e5c32f701,False,"['Band-Aid', 'T-shirt', 'backpack', 'banana', 'cleaver', 'clothes iron', 'coffee mug', 'computer mouse', 'digital watch', 'doormat', 'dumbbell', 'envelope', 'hair dryer', 'hammer', 'lampshade', 'lemon', 'lipstick', 'match', 'mobile phone', 'necklace', 'padlock', 'paintbrush', 'paper towel', 'park bench', 'pill bottle', 'pillow', 'plastic bag', 'plunger', 'power drill', 'printer', 'racket', 'ruler', 'safety pin', 'salt shaker', 'sandal', 'screw', 'shovel', 'space heater', 'spatula', 'speaker', 'strainer', 'sunglasses', 'teddy bear', 'television', 'umbrella', 'vase', 'wallet', 'waste container', 'water bottle', 'whistle']"
145808,ILSVRC2012_val_00030206.JPEG,100,padlock,padlock,6.058,ae4b997c417ce73a,False,"['Band-Aid', 'T-shirt', 'backpack', 'banana', 'cleaver', 'clothes iron', 'coffee mug', 'computer mouse', 'digital watch', 'doormat', 'dumbbell', 'envelope', 'hair dryer', 'hammer', 'lampshade', 'lemon', 'lipstick', 'match', 'mobile phone', 'necklace', 'padlock', 'paintbrush', 'paper towel', 'park bench', 'pill bottle', 'pillow', 'plastic bag', 'plunger', 'power drill', 'printer', 'racket', 'ruler', 'safety pin', 'salt shaker', 'sandal', 'screw', 'shovel', 'space heater', 'spatula', 'speaker', 'strainer', 'sunglasses', 'teddy bear', 'television', 'umbrella', 'vase', 'wallet', 'waste container', 'water bottle', 'whistle']"
138206,ILSVRC2012_val_00030227.JPEG,100,water bottle,water bottle,1.362,8c69d2ae203af014,False,"['Band-Aid', 'T-shirt', 'backpack', 'banana', 'cleaver', 'clothes iron', 'coffee mug', 'computer mouse', 'digital watch', 'doormat', 'dumbbell', 'envelope', 'hair dryer', 'hammer', 'lampshade', 'lemon', 'lipstick', 'match', 'mobile phone', 'necklace', 'padlock', 'paintbrush', 'paper towel', 'park bench', 'pill bottle', 'pillow', 'plastic bag', 'plunger', 'power drill', 'printer', 'racket', 'ruler', 'safety pin', 'salt shaker', 'sandal', 'screw', 'shovel', 'space heater', 'spatula', 'speaker', 'strainer', 'sunglasses', 'teddy bear', 'television', 'umbrella', 'vase', 'wallet', 'waste container', 'water bottle', 'whistle']"
162047,ILSVRC2012_val_00030251.JPEG,100,sunglasses,sunglasses,26.518,773ec6ad690e4a40,False,"['Band-Aid', 'T-shirt', 'backpack', 'banana', 'cleaver', 'clothes iron', 'coffee mug', 'computer mouse', 'digital watch', 'doormat', 'dumbbell', 'envelope', 'hair dryer', 'hammer', 'lampshade', 'lemon', 'lipstick', 'match', 'mobile phone', 'necklace', 'padlock', 'paintbrush', 'paper towel', 'park bench', 'pill bottle', 'pillow', 'plastic bag', 'plunger', 'power drill', 'printer', 'racket', 'ruler', 'safety pin', 'salt shaker', 'sandal', 'screw', 'shovel', 'space heater', 'spatula', 'speaker', 'strainer', 'sunglasses', 'teddy bear', 'television', 'umbrella', 'vase', 'wallet', 'waste container', 'water bottle', 'whistle']"
160962,ILSVRC2012_val_00030334.JPEG,100,lampshade,lampshade,1.363,bcab73ed64bf3be5,False,"['Band-Aid', 'T-shirt', 'backpack', 'banana', 'cleaver', 'clothes iron', 'coffee mug', 'computer mouse', 'digital watch', 'doormat', 'dumbbell', 'envelope', 'hair dryer', 'hammer', 'lampshade', 'lemon', 'lipstick', 'match', 'mobile phone', 'necklace', 'padlock', 'paintbrush', 'paper towel', 'park bench', 'pill bottle', 'pillow', 'plastic bag', 'plunger', 'power drill', 'printer', 'racket', 'ruler', 'safety pin', 'salt shaker', 'sandal', 'screw', 'shovel', 'space heater', 'spatula', 'speaker', 'strainer', 'sunglasses', 'teddy bear', 'television', 'umbrella', 'vase', 'wallet', 'waste container', 'water bottle', 'whistle']"
133676,ILSVRC2012_val_00030379.JPEG,100,pill bottle,pill bottle,3.127,ea380039a0795dc7,False,"['Band-Aid', 'T-shirt', 'backpack', 'banana', 'cleaver', 'clothes iron', 'coffee mug', 'computer mouse', 'digital watch', 'doormat', 'dumbbell', 'envelope', 'hair dryer', 'hammer', 'lampshade', 'lemon', 'lipstick', 'match', 'mobile phone', 'necklace', 'padlock', 'paintbrush', 'paper towel', 'park bench', 'pill bottle', 'pillow', 'plastic bag', 'plunger', 'power drill', 'printer', 'racket', 'ruler', 'safety pin', 'salt shaker', 'sandal', 'screw', 'shovel', 'space heater', 'spatula', 'speaker', 'strainer', 'sunglasses', 'teddy bear', 'television', 'umbrella', 'vase', 'wallet', 'waste container', 'water bottle', 'whistle']"
138325,ILSVRC2012_val_00030493.JPEG,100,T-shirt,T-shirt,5.298,b13493ba185a2204,False,"['Band-Aid', 'T-shirt', 'backpack', 'banana', 'cleaver', 'clothes iron', 'coffee mug', 'computer mouse', 'digital watch', 'doormat', 'dumbbell', 'envelope', 'hair dryer', 'hammer', 'lampshade', 'lemon', 'lipstick', 'match', 'mobile phone', 'necklace', 'padlock', 'paintbrush', 'paper towel', 'park bench', 'pill bottle', 'pillow', 'plastic bag', 'plunger', 'power drill', 'printer', 'racket', 'ruler', 'safety pin', 'salt shaker', 'sandal', 'screw', 'shovel', 'space heater', 'spatula', 'speaker', 'strainer', 'sunglasses', 'teddy bear', 'television', 'umbrella', 'vase', 'wallet', 'waste container', 'water bottle', 'whistle']"
155996,ILSVRC2012_val_00030534.JPEG,100,lipstick,lipstick,6.272,2e8fb6aef3792dd0,False,"['Band-Aid', 'T-shirt', 'backpack', 'banana', 'cleaver', 'clothes iron', 'coffee mug', 'computer mouse', 'digital watch', 'doormat', 'dumbbell', 'envelope', 'hair dryer', 'hammer', 'lampshade', 'lemon', 'lipstick', 'match', 'mobile phone', 'necklace', 'padlock', 'paintbrush', 'paper towel', 'park bench', 'pill bottle', 'pillow', 'plastic bag', 'plunger', 'power drill', 'printer', 'racket', 'ruler', 'safety pin', 'salt shaker', 'sandal', 'screw', 'shovel', 'space heater', 'spatula', 'speaker', 'strainer', 'sunglasses', 'teddy bear', 'television', 'umbrella', 'vase', 'wallet', 'waste container', 'water bottle', 'whistle']"
140843,ILSVRC2012_val_00030550.JPEG,100,lipstick,lipstick,4.722,0b104b8ab2702a39,False,"['Band-Aid', 'T-shirt', 'backpack', 'banana', 'cleaver', 'clothes iron', 'coffee mug', 'computer mouse', 'digital watch', 'doormat', 'dumbbell', 'envelope', 'hair dryer', 'hammer', 'lampshade', 'lemon', 'lipstick', 'match', 'mobile phone', 'necklace', 'padlock', 'paintbrush', 'paper towel', 'park bench', 'pill bottle', 'pillow', 'plastic bag', 'plunger', 'power drill', 'printer', 'racket', 'ruler', 'safety pin', 'salt shaker', 'sandal', 'screw', 'shovel', 'space heater', 'spatula', 'speaker', 'strainer', 'sunglasses', 'teddy bear', 'television', 'umbrella', 'vase', 'wallet', 'waste container', 'water bottle', 'whistle']"
140865,ILSVRC2012_val_00030580.JPEG,100,speaker,paintbrush,5.344,30712352605a8d12,False,"['Band-Aid', 'T-shirt', 'backpack', 'banana', 'cleaver', 'clothes iron', 'coffee mug', 'computer mouse', 'digital watch', 'doormat', 'dumbbell', 'envelope', 'hair dryer', 'hammer', 'lampshade', 'lemon', 'lipstick', 'match', 'mobile phone', 'necklace', 'padlock', 'paintbrush', 'paper towel', 'park bench', 'pill bottle', 'pillow', 'plastic bag', 'plunger', 'power drill', 'printer', 'racket', 'ruler', 'safety pin', 'salt shaker', 'sandal', 'screw', 'shovel', 'space heater', 'spatula', 'speaker', 'strainer', 'sunglasses', 'teddy bear', 'television', 'umbrella', 'vase', 'wallet', 'waste container', 'water bottle', 'whistle']"
135204,ILSVRC2012_val_00030685.JPEG,100,pill bottle,pill bottle,5.885,b41948bd304473f7,False,"['Band-Aid', 'T-shirt', 'backpack', 'banana', 'cleaver', 'clothes iron', 'coffee mug', 'computer mouse', 'digital watch', 'doormat', 'dumbbell', 'envelope', 'hair dryer', 'hammer', 'lampshade', 'lemon', 'lipstick', 'match', 'mobile phone', 'necklace', 'padlock', 'paintbrush', 'paper towel', 'park bench', 'pill bottle', 'pillow', 'plastic bag', 'plunger', 'power drill', 'printer', 'racket', 'ruler', 'safety pin', 'salt shaker', 'sandal', 'screw', 'shovel', 'space heater', 'spatula', 'speaker', 'strainer', 'sunglasses', 'teddy bear', 'television', 'umbrella', 'vase', 'wallet', 'waste container', 'water bottle', 'whistle']"
192061,ILSVRC2012_val_00030695.JPEG,100,match,match,3.403,c536d33e5d3b9411,False,"['Band-Aid', 'T-shirt', 'backpack', 'banana', 'cleaver', 'clothes iron', 'coffee mug', 'computer mouse', 'digital watch', 'doormat', 'dumbbell', 'envelope', 'hair dryer', 'hammer', 'lampshade', 'lemon', 'lipstick', 'match', 'mobile phone', 'necklace', 'padlock', 'paintbrush', 'paper towel', 'park bench', 'pill bottle', 'pillow', 'plastic bag', 'plunger', 'power drill', 'printer', 'racket', 'ruler', 'safety pin', 'salt shaker', 'sandal', 'screw', 'shovel', 'space heater', 'spatula', 'speaker', 'strainer', 'sunglasses', 'teddy bear', 'television', 'umbrella', 'vase', 'wallet', 'waste container', 'water bottle', 'whistle']"
157460,ILSVRC2012_val_00030762.JPEG,100,teddy bear,teddy bear,66.982,0c97bb65a3c295b9,False,"['Band-Aid', 'T-shirt', 'backpack', 'banana', 'cleaver', 'clothes iron', 'coffee mug', 'computer mouse', 'digital watch', 'doormat', 'dumbbell', 'envelope', 'hair dryer', 'hammer', 'lampshade', 'lemon', 'lipstick', 'match', 'mobile phone', 'necklace', 'padlock', 'paintbrush', 'paper towel', 'park bench', 'pill bottle', 'pillow', 'plastic bag', 'plunger', 'power drill', 'printer', 'racket', 'ruler', 'safety pin', 'salt shaker', 'sandal', 'screw', 'shovel', 'space heater', 'spatula', 'speaker', 'strainer', 'sunglasses', 'teddy bear', 'television', 'umbrella', 'vase', 'wallet', 'waste container', 'water bottle', 'whistle']"
165255,ILSVRC2012_val_00030872.JPEG,100,mobile phone,mobile phone,2.425,de2a45474c296851,False,"['Band-Aid', 'T-shirt', 'backpack', 'banana', 'cleaver', 'clothes iron', 'coffee mug', 'computer mouse', 'digital watch', 'doormat', 'dumbbell', 'envelope', 'hair dryer', 'hammer', 'lampshade', 'lemon', 'lipstick', 'match', 'mobile phone', 'necklace', 'padlock', 'paintbrush', 'paper towel', 'park bench', 'pill bottle', 'pillow', 'plastic bag', 'plunger', 'power drill', 'printer', 'racket', 'ruler', 'safety pin', 'salt shaker', 'sandal', 'screw', 'shovel', 'space heater', 'spatula', 'speaker', 'strainer', 'sunglasses', 'teddy bear', 'television', 'umbrella', 'vase', 'wallet', 'waste container', 'water bottle', 'whistle']"
151340,ILSVRC2012_val_00030930.JPEG,100,umbrella,umbrella,2.016,57fbbe40b49bfe82,False,"['Band-Aid', 'T-shirt', 'backpack', 'banana', 'cleaver', 'clothes iron', 'coffee mug', 'computer mouse', 'digital watch', 'doormat', 'dumbbell', 'envelope', 'hair dryer', 'hammer', 'lampshade', 'lemon', 'lipstick', 'match', 'mobile phone', 'necklace', 'padlock', 'paintbrush', 'paper towel', 'park bench', 'pill bottle', 'pillow', 'plastic bag', 'plunger', 'power drill', 'printer', 'racket', 'ruler', 'safety pin', 'salt shaker', 'sandal', 'screw', 'shovel', 'space heater', 'spatula', 'speaker', 'strainer', 'sunglasses', 'teddy bear', 'television', 'umbrella', 'vase', 'wallet', 'waste container', 'water bottle', 'whistle']"
152884,ILSVRC2012_val_00030933.JPEG,100,padlock,padlock,4.218,aeb3e3af61a87440,False,"['Band-Aid', 'T-shirt', 'backpack', 'banana', 'cleaver', 'clothes iron', 'coffee mug', 'computer mouse', 'digital watch', 'doormat', 'dumbbell', 'envelope', 'hair dryer', 'hammer', 'lampshade', 'lemon', 'lipstick', 'match', 'mobile phone', 'necklace', 'padlock', 'paintbrush', 'paper towel', 'park bench', 'pill bottle', 'pillow', 'plastic bag', 'plunger', 'power drill', 'printer', 'racket', 'ruler', 'safety pin', 'salt shaker', 'sandal', 'screw', 'shovel', 'space heater', 'spatula', 'speaker', 'strainer', 'sunglasses', 'teddy bear', 'television', 'umbrella', 'vase', 'wallet', 'waste container', 'water bottle', 'whistle']"
148543,ILSVRC2012_val_00031039.JPEG,100,lampshade,lampshade,7.897,dac791d218f6cf17,False,"['Band-Aid', 'T-shirt', 'backpack', 'banana', 'cleaver', 'clothes iron', 'coffee mug', 'computer mouse', 'digital watch', 'doormat', 'dumbbell', 'envelope', 'hair dryer', 'hammer', 'lampshade', 'lemon', 'lipstick', 'match', 'mobile phone', 'necklace', 'padlock', 'paintbrush', 'paper towel', 'park bench', 'pill bottle', 'pillow', 'plastic bag', 'plunger', 'power drill', 'printer', 'racket', 'ruler', 'safety pin', 'salt shaker', 'sandal', 'screw', 'shovel', 'space heater', 'spatula', 'speaker', 'strainer', 'sunglasses', 'teddy bear', 'television', 'umbrella', 'vase', 'wallet', 'waste container', 'water bottle', 'whistle']"
133963,ILSVRC2012_val_00031251.JPEG,100,park bench,park bench,2.883,dba3b3e2cf2ff560,False,"['Band-Aid', 'T-shirt', 'backpack', 'banana', 'cleaver', 'clothes iron', 'coffee mug', 'computer mouse', 'digital watch', 'doormat', 'dumbbell', 'envelope', 'hair dryer', 'hammer', 'lampshade', 'lemon', 'lipstick', 'match', 'mobile phone', 'necklace', 'padlock', 'paintbrush', 'paper towel', 'park bench', 'pill bottle', 'pillow', 'plastic bag', 'plunger', 'power drill', 'printer', 'racket', 'ruler', 'safety pin', 'salt shaker', 'sandal', 'screw', 'shovel', 'space heater', 'spatula', 'speaker', 'strainer', 'sunglasses', 'teddy bear', 'television', 'umbrella', 'vase', 'wallet', 'waste container', 'water bottle', 'whistle']"
137411,ILSVRC2012_val_00031358.JPEG,100,whistle,printer,89.602,bdbc87ae57fc0b59,False,"['Band-Aid', 'T-shirt', 'backpack', 'banana', 'cleaver', 'clothes iron', 'coffee mug', 'computer mouse', 'digital watch', 'doormat', 'dumbbell', 'envelope', 'hair dryer', 'hammer', 'lampshade', 'lemon', 'lipstick', 'match', 'mobile phone', 'necklace', 'padlock', 'paintbrush', 'paper towel', 'park bench', 'pill bottle', 'pillow', 'plastic bag', 'plunger', 'power drill', 'printer', 'racket', 'ruler', 'safety pin', 'salt shaker', 'sandal', 'screw', 'shovel', 'space heater', 'spatula', 'speaker', 'strainer', 'sunglasses', 'teddy bear', 'television', 'umbrella', 'vase', 'wallet', 'waste container', 'water bottle', 'whistle']"
151708,ILSVRC2012_val_00031702.JPEG,100,padlock,padlock,3.451,2417e1249d2820f0,False,"['Band-Aid', 'T-shirt', 'backpack', 'banana', 'cleaver', 'clothes iron', 'coffee mug', 'computer mouse', 'digital watch', 'doormat', 'dumbbell', 'envelope', 'hair dryer', 'hammer', 'lampshade', 'lemon', 'lipstick', 'match', 'mobile phone', 'necklace', 'padlock', 'paintbrush', 'paper towel', 'park bench', 'pill bottle', 'pillow', 'plastic bag', 'plunger', 'power drill', 'printer', 'racket', 'ruler', 'safety pin', 'salt shaker', 'sandal', 'screw', 'shovel', 'space heater', 'spatula', 'speaker', 'strainer', 'sunglasses', 'teddy bear', 'television', 'umbrella', 'vase', 'wallet', 'waste container', 'water bottle', 'whistle']"
134993,ILSVRC2012_val_00031726.JPEG,100,clothes iron,clothes iron,5.936,92b29c17612c5a4e,False,"['Band-Aid', 'T-shirt', 'backpack', 'banana', 'cleaver', 'clothes iron', 'coffee mug', 'computer mouse', 'digital watch', 'doormat', 'dumbbell', 'envelope', 'hair dryer', 'hammer', 'lampshade', 'lemon', 'lipstick', 'match', 'mobile phone', 'necklace', 'padlock', 'paintbrush', 'paper towel', 'park bench', 'pill bottle', 'pillow', 'plastic bag', 'plunger', 'power drill', 'printer', 'racket', 'ruler', 'safety pin', 'salt shaker', 'sandal', 'screw', 'shovel', 'space heater', 'spatula', 'speaker', 'strainer', 'sunglasses', 'teddy bear', 'television', 'umbrella', 'vase', 'wallet', 'waste container', 'water bottle', 'whistle']"
146518,ILSVRC2012_val_00031746.JPEG,100,coffee mug,coffee mug,5.707,92b29c17612c5a4e,False,"['Band-Aid', 'T-shirt', 'backpack', 'banana', 'cleaver', 'clothes iron', 'coffee mug', 'computer mouse', 'digital watch', 'doormat', 'dumbbell', 'envelope', 'hair dryer', 'hammer', 'lampshade', 'lemon', 'lipstick', 'match', 'mobile phone', 'necklace', 'padlock', 'paintbrush', 'paper towel', 'park bench', 'pill bottle', 'pillow', 'plastic bag', 'plunger', 'power drill', 'printer', 'racket', 'ruler', 'safety pin', 'salt shaker', 'sandal', 'screw', 'shovel', 'space heater', 'spatula', 'speaker', 'strainer', 'sunglasses', 'teddy bear', 'television', 'umbrella', 'vase', 'wallet', 'waste container', 'water bottle', 'whistle']"
154873,ILSVRC2012_val_00031781.JPEG,100,banana,banana,7.076,2677d04c78917599,False,"['Band-Aid', 'T-shirt', 'backpack', 'banana', 'cleaver', 'clothes iron', 'coffee mug', 'computer mouse', 'digital watch', 'doormat', 'dumbbell', 'envelope', 'hair dryer', 'hammer', 'lampshade', 'lemon', 'lipstick', 'match', 'mobile phone', 'necklace', 'padlock', 'paintbrush', 'paper towel', 'park bench', 'pill bottle', 'pillow', 'plastic bag', 'plunger', 'power drill', 'printer', 'racket', 'ruler', 'safety pin', 'salt shaker', 'sandal', 'screw', 'shovel', 'space heater', 'spatula', 'speaker', 'strainer', 'sunglasses', 'teddy bear', 'television', 'umbrella', 'vase', 'wallet', 'waste container', 'water bottle', 'whistle']"
139154,ILSVRC2012_val_00031850.JPEG,100,dumbbell,dumbbell,4.034,d3a7a521b9f6f74f,False,"['Band-Aid', 'T-shirt', 'backpack', 'banana', 'cleaver', 'clothes iron', 'coffee mug', 'computer mouse', 'digital watch', 'doormat', 'dumbbell', 'envelope', 'hair dryer', 'hammer', 'lampshade', 'lemon', 'lipstick', 'match', 'mobile phone', 'necklace', 'padlock', 'paintbrush', 'paper towel', 'park bench', 'pill bottle', 'pillow', 'plastic bag', 'plunger', 'power drill', 'printer', 'racket', 'ruler', 'safety pin', 'salt shaker', 'sandal', 'screw', 'shovel', 'space heater', 'spatula', 'speaker', 'strainer', 'sunglasses', 'teddy bear', 'television', 'umbrella', 'vase', 'wallet', 'waste container', 'water bottle', 'whistle']"
143783,ILSVRC2012_val_00031988.JPEG,100,screw,screw,2.681,a8ccdc7feb37c68d,False,"['Band-Aid', 'T-shirt', 'backpack', 'banana', 'cleaver', 'clothes iron', 'coffee mug', 'computer mouse', 'digital watch', 'doormat', 'dumbbell', 'envelope', 'hair dryer', 'hammer', 'lampshade', 'lemon', 'lipstick', 'match', 'mobile phone', 'necklace', 'padlock', 'paintbrush', 'paper towel', 'park bench', 'pill bottle', 'pillow', 'plastic bag', 'plunger', 'power drill', 'printer', 'racket', 'ruler', 'safety pin', 'salt shaker', 'sandal', 'screw', 'shovel', 'space heater', 'spatula', 'speaker', 'strainer', 'sunglasses', 'teddy bear', 'television', 'umbrella', 'vase', 'wallet', 'waste container', 'water bottle', 'whistle']"
156158,ILSVRC2012_val_00032001.JPEG,100,umbrella,umbrella,2.349,272c215edf647a72,False,"['Band-Aid', 'T-shirt', 'backpack', 'banana', 'cleaver', 'clothes iron', 'coffee mug', 'computer mouse', 'digital watch', 'doormat', 'dumbbell', 'envelope', 'hair dryer', 'hammer', 'lampshade', 'lemon', 'lipstick', 'match', 'mobile phone', 'necklace', 'padlock', 'paintbrush', 'paper towel', 'park bench', 'pill bottle', 'pillow', 'plastic bag', 'plunger', 'power drill', 'printer', 'racket', 'ruler', 'safety pin', 'salt shaker', 'sandal', 'screw', 'shovel', 'space heater', 'spatula', 'speaker', 'strainer', 'sunglasses', 'teddy bear', 'television', 'umbrella', 'vase', 'wallet', 'waste container', 'water bottle', 'whistle']"
137563,ILSVRC2012_val_00032002.JPEG,100,hammer,hammer,30.2,a8a8cd374f052fcb,False,"['Band-Aid', 'T-shirt', 'backpack', 'banana', 'cleaver', 'clothes iron', 'coffee mug', 'computer mouse', 'digital watch', 'doormat', 'dumbbell', 'envelope', 'hair dryer', 'hammer', 'lampshade', 'lemon', 'lipstick', 'match', 'mobile phone', 'necklace', 'padlock', 'paintbrush', 'paper towel', 'park bench', 'pill bottle', 'pillow', 'plastic bag', 'plunger', 'power drill', 'printer', 'racket', 'ruler', 'safety pin', 'salt shaker', 'sandal', 'screw', 'shovel', 'space heater', 'spatula', 'speaker', 'strainer', 'sunglasses', 'teddy bear', 'television', 'umbrella', 'vase', 'wallet', 'waste container', 'water bottle', 'whistle']"
140740,ILSVRC2012_val_00032046.JPEG,100,mobile phone,mobile phone,2.812,d4c63837c4508ce1,False,"['Band-Aid', 'T-shirt', 'backpack', 'banana', 'cleaver', 'clothes iron', 'coffee mug', 'computer mouse', 'digital watch', 'doormat', 'dumbbell', 'envelope', 'hair dryer', 'hammer', 'lampshade', 'lemon', 'lipstick', 'match', 'mobile phone', 'necklace', 'padlock', 'paintbrush', 'paper towel', 'park bench', 'pill bottle', 'pillow', 'plastic bag', 'plunger', 'power drill', 'printer', 'racket', 'ruler', 'safety pin', 'salt shaker', 'sandal', 'screw', 'shovel', 'space heater', 'spatula', 'speaker', 'strainer', 'sunglasses', 'teddy bear', 'television', 'umbrella', 'vase', 'wallet', 'waste container', 'water bottle', 'whistle']"
155551,ILSVRC2012_val_00032051.JPEG,100,sandal,paper towel,13.923,a07cd49a113c8809,False,"['Band-Aid', 'T-shirt', 'backpack', 'banana', 'cleaver', 'clothes iron', 'coffee mug', 'computer mouse', 'digital watch', 'doormat', 'dumbbell', 'envelope', 'hair dryer', 'hammer', 'lampshade', 'lemon', 'lipstick', 'match', 'mobile phone', 'necklace', 'padlock', 'paintbrush', 'paper towel', 'park bench', 'pill bottle', 'pillow', 'plastic bag', 'plunger', 'power drill', 'printer', 'racket', 'ruler', 'safety pin', 'salt shaker', 'sandal', 'screw', 'shovel', 'space heater', 'spatula', 'speaker', 'strainer', 'sunglasses', 'teddy bear', 'television', 'umbrella', 'vase', 'wallet', 'waste container', 'water bottle', 'whistle']"
133845,ILSVRC2012_val_00032234.JPEG,100,necklace,necklace,31.004,38356142f281a0cf,False,"['Band-Aid', 'T-shirt', 'backpack', 'banana', 'cleaver', 'clothes iron', 'coffee mug', 'computer mouse', 'digital watch', 'doormat', 'dumbbell', 'envelope', 'hair dryer', 'hammer', 'lampshade', 'lemon', 'lipstick', 'match', 'mobile phone', 'necklace', 'padlock', 'paintbrush', 'paper towel', 'park bench', 'pill bottle', 'pillow', 'plastic bag', 'plunger', 'power drill', 'printer', 'racket', 'ruler', 'safety pin', 'salt shaker', 'sandal', 'screw', 'shovel', 'space heater', 'spatula', 'speaker', 'strainer', 'sunglasses', 'teddy bear', 'television', 'umbrella', 'vase', 'wallet', 'waste container', 'water bottle', 'whistle']"
133856,ILSVRC2012_val_00032308.JPEG,100,sandal,paper towel,20.772,38886603cac2d3ae,False,"['Band-Aid', 'T-shirt', 'backpack', 'banana', 'cleaver', 'clothes iron', 'coffee mug', 'computer mouse', 'digital watch', 'doormat', 'dumbbell', 'envelope', 'hair dryer', 'hammer', 'lampshade', 'lemon', 'lipstick', 'match', 'mobile phone', 'necklace', 'padlock', 'paintbrush', 'paper towel', 'park bench', 'pill bottle', 'pillow', 'plastic bag', 'plunger', 'power drill', 'printer', 'racket', 'ruler', 'safety pin', 'salt shaker', 'sandal', 'screw', 'shovel', 'space heater', 'spatula', 'speaker', 'strainer', 'sunglasses', 'teddy bear', 'television', 'umbrella', 'vase', 'wallet', 'waste container', 'water bottle', 'whistle']"
153707,ILSVRC2012_val_00032327.JPEG,100,banana,banana,1.707,cef4685d20d10db4,False,"['Band-Aid', 'T-shirt', 'backpack', 'banana', 'cleaver', 'clothes iron', 'coffee mug', 'computer mouse', 'digital watch', 'doormat', 'dumbbell', 'envelope', 'hair dryer', 'hammer', 'lampshade', 'lemon', 'lipstick', 'match', 'mobile phone', 'necklace', 'padlock', 'paintbrush', 'paper towel', 'park bench', 'pill bottle', 'pillow', 'plastic bag', 'plunger', 'power drill', 'printer', 'racket', 'ruler', 'safety pin', 'salt shaker', 'sandal', 'screw', 'shovel', 'space heater', 'spatula', 'speaker', 'strainer', 'sunglasses', 'teddy bear', 'television', 'umbrella', 'vase', 'wallet', 'waste container', 'water bottle', 'whistle']"
141949,ILSVRC2012_val_00032330.JPEG,100,whistle,whistle,8.388,7776eb547e1b55b8,False,"['Band-Aid', 'T-shirt', 'backpack', 'banana', 'cleaver', 'clothes iron', 'coffee mug', 'computer mouse', 'digital watch', 'doormat', 'dumbbell', 'envelope', 'hair dryer', 'hammer', 'lampshade', 'lemon', 'lipstick', 'match', 'mobile phone', 'necklace', 'padlock', 'paintbrush', 'paper towel', 'park bench', 'pill bottle', 'pillow', 'plastic bag', 'plunger', 'power drill', 'printer', 'racket', 'ruler', 'safety pin', 'salt shaker', 'sandal', 'screw', 'shovel', 'space heater', 'spatula', 'speaker', 'strainer', 'sunglasses', 'teddy bear', 'television', 'umbrella', 'vase', 'wallet', 'waste container', 'water bottle', 'whistle']"
143581,ILSVRC2012_val_00032437.JPEG,100,plunger,plunger,4.945,a32d377ff1a69195,False,"['Band-Aid', 'T-shirt', 'backpack', 'banana', 'cleaver', 'clothes iron', 'coffee mug', 'computer mouse', 'digital watch', 'doormat', 'dumbbell', 'envelope', 'hair dryer', 'hammer', 'lampshade', 'lemon', 'lipstick', 'match', 'mobile phone', 'necklace', 'padlock', 'paintbrush', 'paper towel', 'park bench', 'pill bottle', 'pillow', 'plastic bag', 'plunger', 'power drill', 'printer', 'racket', 'ruler', 'safety pin', 'salt shaker', 'sandal', 'screw', 'shovel', 'space heater', 'spatula', 'speaker', 'strainer', 'sunglasses', 'teddy bear', 'television', 'umbrella', 'vase', 'wallet', 'waste container', 'water bottle', 'whistle']"
141903,ILSVRC2012_val_00032562.JPEG,100,sunglasses,sunglasses,2.095,4bca4b679a668f40,False,"['Band-Aid', 'T-shirt', 'backpack', 'banana', 'cleaver', 'clothes iron', 'coffee mug', 'computer mouse', 'digital watch', 'doormat', 'dumbbell', 'envelope', 'hair dryer', 'hammer', 'lampshade', 'lemon', 'lipstick', 'match', 'mobile phone', 'necklace', 'padlock', 'paintbrush', 'paper towel', 'park bench', 'pill bottle', 'pillow', 'plastic bag', 'plunger', 'power drill', 'printer', 'racket', 'ruler', 'safety pin', 'salt shaker', 'sandal', 'screw', 'shovel', 'space heater', 'spatula', 'speaker', 'strainer', 'sunglasses', 'teddy bear', 'television', 'umbrella', 'vase', 'wallet', 'waste container', 'water bottle', 'whistle']"
137515,ILSVRC2012_val_00032662.JPEG,100,umbrella,umbrella,2.653,e3d574868542e88e,False,"['Band-Aid', 'T-shirt', 'backpack', 'banana', 'cleaver', 'clothes iron', 'coffee mug', 'computer mouse', 'digital watch', 'doormat', 'dumbbell', 'envelope', 'hair dryer', 'hammer', 'lampshade', 'lemon', 'lipstick', 'match', 'mobile phone', 'necklace', 'padlock', 'paintbrush', 'paper towel', 'park bench', 'pill bottle', 'pillow', 'plastic bag', 'plunger', 'power drill', 'printer', 'racket', 'ruler', 'safety pin', 'salt shaker', 'sandal', 'screw', 'shovel', 'space heater', 'spatula', 'speaker', 'strainer', 'sunglasses', 'teddy bear', 'television', 'umbrella', 'vase', 'wallet', 'waste container', 'water bottle', 'whistle']"
138467,ILSVRC2012_val_00032693.JPEG,100,necklace,necklace,9.081,631c6c7d4d155af7,False,"['Band-Aid', 'T-shirt', 'backpack', 'banana', 'cleaver', 'clothes iron', 'coffee mug', 'computer mouse', 'digital watch', 'doormat', 'dumbbell', 'envelope', 'hair dryer', 'hammer', 'lampshade', 'lemon', 'lipstick', 'match', 'mobile phone', 'necklace', 'padlock', 'paintbrush', 'paper towel', 'park bench', 'pill bottle', 'pillow', 'plastic bag', 'plunger', 'power drill', 'printer', 'racket', 'ruler', 'safety pin', 'salt shaker', 'sandal', 'screw', 'shovel', 'space heater', 'spatula', 'speaker', 'strainer', 'sunglasses', 'teddy bear', 'television', 'umbrella', 'vase', 'wallet', 'waste container', 'water bottle', 'whistle']"
158321,ILSVRC2012_val_00032798.JPEG,100,park bench,park bench,3.588,a9a80b6b1346015a,False,"['Band-Aid', 'T-shirt', 'backpack', 'banana', 'cleaver', 'clothes iron', 'coffee mug', 'computer mouse', 'digital watch', 'doormat', 'dumbbell', 'envelope', 'hair dryer', 'hammer', 'lampshade', 'lemon', 'lipstick', 'match', 'mobile phone', 'necklace', 'padlock', 'paintbrush', 'paper towel', 'park bench', 'pill bottle', 'pillow', 'plastic bag', 'plunger', 'power drill', 'printer', 'racket', 'ruler', 'safety pin', 'salt shaker', 'sandal', 'screw', 'shovel', 'space heater', 'spatula', 'speaker', 'strainer', 'sunglasses', 'teddy bear', 'television', 'umbrella', 'vase', 'wallet', 'waste container', 'water bottle', 'whistle']"
144780,ILSVRC2012_val_00033046.JPEG,100,necklace,vase,28.917,b1ef339e0dd50051,False,"['Band-Aid', 'T-shirt', 'backpack', 'banana', 'cleaver', 'clothes iron', 'coffee mug', 'computer mouse', 'digital watch', 'doormat', 'dumbbell', 'envelope', 'hair dryer', 'hammer', 'lampshade', 'lemon', 'lipstick', 'match', 'mobile phone', 'necklace', 'padlock', 'paintbrush', 'paper towel', 'park bench', 'pill bottle', 'pillow', 'plastic bag', 'plunger', 'power drill', 'printer', 'racket', 'ruler', 'safety pin', 'salt shaker', 'sandal', 'screw', 'shovel', 'space heater', 'spatula', 'speaker', 'strainer', 'sunglasses', 'teddy bear', 'television', 'umbrella', 'vase', 'wallet', 'waste container', 'water bottle', 'whistle']"
141976,ILSVRC2012_val_00033099.JPEG,100,necklace,necklace,85.809,40d6f8773f2799e9,False,"['Band-Aid', 'T-shirt', 'backpack', 'banana', 'cleaver', 'clothes iron', 'coffee mug', 'computer mouse', 'digital watch', 'doormat', 'dumbbell', 'envelope', 'hair dryer', 'hammer', 'lampshade', 'lemon', 'lipstick', 'match', 'mobile phone', 'necklace', 'padlock', 'paintbrush', 'paper towel', 'park bench', 'pill bottle', 'pillow', 'plastic bag', 'plunger', 'power drill', 'printer', 'racket', 'ruler', 'safety pin', 'salt shaker', 'sandal', 'screw', 'shovel', 'space heater', 'spatula', 'speaker', 'strainer', 'sunglasses', 'teddy bear', 'television', 'umbrella', 'vase', 'wallet', 'waste container', 'water bottle', 'whistle']"
155670,ILSVRC2012_val_00033180.JPEG,100,mobile phone,mobile phone,12.123,e42c82426073ee71,False,"['Band-Aid', 'T-shirt', 'backpack', 'banana', 'cleaver', 'clothes iron', 'coffee mug', 'computer mouse', 'digital watch', 'doormat', 'dumbbell', 'envelope', 'hair dryer', 'hammer', 'lampshade', 'lemon', 'lipstick', 'match', 'mobile phone', 'necklace', 'padlock', 'paintbrush', 'paper towel', 'park bench', 'pill bottle', 'pillow', 'plastic bag', 'plunger', 'power drill', 'printer', 'racket', 'ruler', 'safety pin', 'salt shaker', 'sandal', 'screw', 'shovel', 'space heater', 'spatula', 'speaker', 'strainer', 'sunglasses', 'teddy bear', 'television', 'umbrella', 'vase', 'wallet', 'waste container', 'water bottle', 'whistle']"
135325,ILSVRC2012_val_00033348.JPEG,100,lemon,lemon,47.879,15f8104399a66521,False,"['Band-Aid', 'T-shirt', 'backpack', 'banana', 'cleaver', 'clothes iron', 'coffee mug', 'computer mouse', 'digital watch', 'doormat', 'dumbbell', 'envelope', 'hair dryer', 'hammer', 'lampshade', 'lemon', 'lipstick', 'match', 'mobile phone', 'necklace', 'padlock', 'paintbrush', 'paper towel', 'park bench', 'pill bottle', 'pillow', 'plastic bag', 'plunger', 'power drill', 'printer', 'racket', 'ruler', 'safety pin', 'salt shaker', 'sandal', 'screw', 'shovel', 'space heater', 'spatula', 'speaker', 'strainer', 'sunglasses', 'teddy bear', 'television', 'umbrella', 'vase', 'wallet', 'waste container', 'water bottle', 'whistle']"
140518,ILSVRC2012_val_00033447.JPEG,100,water bottle,water bottle,9.753,f406b7b1e6aaca3e,False,"['Band-Aid', 'T-shirt', 'backpack', 'banana', 'cleaver', 'clothes iron', 'coffee mug', 'computer mouse', 'digital watch', 'doormat', 'dumbbell', 'envelope', 'hair dryer', 'hammer', 'lampshade', 'lemon', 'lipstick', 'match', 'mobile phone', 'necklace', 'padlock', 'paintbrush', 'paper towel', 'park bench', 'pill bottle', 'pillow', 'plastic bag', 'plunger', 'power drill', 'printer', 'racket', 'ruler', 'safety pin', 'salt shaker', 'sandal', 'screw', 'shovel', 'space heater', 'spatula', 'speaker', 'strainer', 'sunglasses', 'teddy bear', 'television', 'umbrella', 'vase', 'wallet', 'waste container', 'water bottle', 'whistle']"
134807,ILSVRC2012_val_00033472.JPEG,100,digital watch,digital watch,1.956,f62520f7444fd5c6,False,"['Band-Aid', 'T-shirt', 'backpack', 'banana', 'cleaver', 'clothes iron', 'coffee mug', 'computer mouse', 'digital watch', 'doormat', 'dumbbell', 'envelope', 'hair dryer', 'hammer', 'lampshade', 'lemon', 'lipstick', 'match', 'mobile phone', 'necklace', 'padlock', 'paintbrush', 'paper towel', 'park bench', 'pill bottle', 'pillow', 'plastic bag', 'plunger', 'power drill', 'printer', 'racket', 'ruler', 'safety pin', 'salt shaker', 'sandal', 'screw', 'shovel', 'space heater', 'spatula', 'speaker', 'strainer', 'sunglasses', 'teddy bear', 'television', 'umbrella', 'vase', 'wallet', 'waste container', 'water bottle', 'whistle']"
135392,ILSVRC2012_val_00033540.JPEG,100,teddy bear,teddy bear,6.175,c3132e022497b3b8,False,"['Band-Aid', 'T-shirt', 'backpack', 'banana', 'cleaver', 'clothes iron', 'coffee mug', 'computer mouse', 'digital watch', 'doormat', 'dumbbell', 'envelope', 'hair dryer', 'hammer', 'lampshade', 'lemon', 'lipstick', 'match', 'mobile phone', 'necklace', 'padlock', 'paintbrush', 'paper towel', 'park bench', 'pill bottle', 'pillow', 'plastic bag', 'plunger', 'power drill', 'printer', 'racket', 'ruler', 'safety pin', 'salt shaker', 'sandal', 'screw', 'shovel', 'space heater', 'spatula', 'speaker', 'strainer', 'sunglasses', 'teddy bear', 'television', 'umbrella', 'vase', 'wallet', 'waste container', 'water bottle', 'whistle']"
134769,ILSVRC2012_val_00033544.JPEG,100,safety pin,safety pin,14.383,9c1a256630693ae6,False,"['Band-Aid', 'T-shirt', 'backpack', 'banana', 'cleaver', 'clothes iron', 'coffee mug', 'computer mouse', 'digital watch', 'doormat', 'dumbbell', 'envelope', 'hair dryer', 'hammer', 'lampshade', 'lemon', 'lipstick', 'match', 'mobile phone', 'necklace', 'padlock', 'paintbrush', 'paper towel', 'park bench', 'pill bottle', 'pillow', 'plastic bag', 'plunger', 'power drill', 'printer', 'racket', 'ruler', 'safety pin', 'salt shaker', 'sandal', 'screw', 'shovel', 'space heater', 'spatula', 'speaker', 'strainer', 'sunglasses', 'teddy bear', 'television', 'umbrella', 'vase', 'wallet', 'waste container', 'water bottle', 'whistle']"
161734,ILSVRC2012_val_00033652.JPEG,100,necklace,necklace,10.091,4fd80e17989dc24c,False,"['Band-Aid', 'T-shirt', 'backpack', 'banana', 'cleaver', 'clothes iron', 'coffee mug', 'computer mouse', 'digital watch', 'doormat', 'dumbbell', 'envelope', 'hair dryer', 'hammer', 'lampshade', 'lemon', 'lipstick', 'match', 'mobile phone', 'necklace', 'padlock', 'paintbrush', 'paper towel', 'park bench', 'pill bottle', 'pillow', 'plastic bag', 'plunger', 'power drill', 'printer', 'racket', 'ruler', 'safety pin', 'salt shaker', 'sandal', 'screw', 'shovel', 'space heater', 'spatula', 'speaker', 'strainer', 'sunglasses', 'teddy bear', 'television', 'umbrella', 'vase', 'wallet', 'waste container', 'water bottle', 'whistle']"
143599,ILSVRC2012_val_00033654.JPEG,100,mobile phone,mobile phone,3.099,72484631ec7dd5a2,False,"['Band-Aid', 'T-shirt', 'backpack', 'banana', 'cleaver', 'clothes iron', 'coffee mug', 'computer mouse', 'digital watch', 'doormat', 'dumbbell', 'envelope', 'hair dryer', 'hammer', 'lampshade', 'lemon', 'lipstick', 'match', 'mobile phone', 'necklace', 'padlock', 'paintbrush', 'paper towel', 'park bench', 'pill bottle', 'pillow', 'plastic bag', 'plunger', 'power drill', 'printer', 'racket', 'ruler', 'safety pin', 'salt shaker', 'sandal', 'screw', 'shovel', 'space heater', 'spatula', 'speaker', 'strainer', 'sunglasses', 'teddy bear', 'television', 'umbrella', 'vase', 'wallet', 'waste container', 'water bottle', 'whistle']"
137818,ILSVRC2012_val_00033722.JPEG,100,lemon,lemon,3.895,eaf45f822966acc3,False,"['Band-Aid', 'T-shirt', 'backpack', 'banana', 'cleaver', 'clothes iron', 'coffee mug', 'computer mouse', 'digital watch', 'doormat', 'dumbbell', 'envelope', 'hair dryer', 'hammer', 'lampshade', 'lemon', 'lipstick', 'match', 'mobile phone', 'necklace', 'padlock', 'paintbrush', 'paper towel', 'park bench', 'pill bottle', 'pillow', 'plastic bag', 'plunger', 'power drill', 'printer', 'racket', 'ruler', 'safety pin', 'salt shaker', 'sandal', 'screw', 'shovel', 'space heater', 'spatula', 'speaker', 'strainer', 'sunglasses', 'teddy bear', 'television', 'umbrella', 'vase', 'wallet', 'waste container', 'water bottle', 'whistle']"
137653,ILSVRC2012_val_00033849.JPEG,100,lipstick,lipstick,2.697,58f136fd1945da65,False,"['Band-Aid', 'T-shirt', 'backpack', 'banana', 'cleaver', 'clothes iron', 'coffee mug', 'computer mouse', 'digital watch', 'doormat', 'dumbbell', 'envelope', 'hair dryer', 'hammer', 'lampshade', 'lemon', 'lipstick', 'match', 'mobile phone', 'necklace', 'padlock', 'paintbrush', 'paper towel', 'park bench', 'pill bottle', 'pillow', 'plastic bag', 'plunger', 'power drill', 'printer', 'racket', 'ruler', 'safety pin', 'salt shaker', 'sandal', 'screw', 'shovel', 'space heater', 'spatula', 'speaker', 'strainer', 'sunglasses', 'teddy bear', 'television', 'umbrella', 'vase', 'wallet', 'waste container', 'water bottle', 'whistle']"
148664,ILSVRC2012_val_00033929.JPEG,100,coffee mug,coffee mug,2.237,670e8b404e188a85,False,"['Band-Aid', 'T-shirt', 'backpack', 'banana', 'cleaver', 'clothes iron', 'coffee mug', 'computer mouse', 'digital watch', 'doormat', 'dumbbell', 'envelope', 'hair dryer', 'hammer', 'lampshade', 'lemon', 'lipstick', 'match', 'mobile phone', 'necklace', 'padlock', 'paintbrush', 'paper towel', 'park bench', 'pill bottle', 'pillow', 'plastic bag', 'plunger', 'power drill', 'printer', 'racket', 'ruler', 'safety pin', 'salt shaker', 'sandal', 'screw', 'shovel', 'space heater', 'spatula', 'speaker', 'strainer', 'sunglasses', 'teddy bear', 'television', 'umbrella', 'vase', 'wallet', 'waste container', 'water bottle', 'whistle']"
148864,ILSVRC2012_val_00034008.JPEG,100,television,television,5.342,390fa669a4ebb258,False,"['Band-Aid', 'T-shirt', 'backpack', 'banana', 'cleaver', 'clothes iron', 'coffee mug', 'computer mouse', 'digital watch', 'doormat', 'dumbbell', 'envelope', 'hair dryer', 'hammer', 'lampshade', 'lemon', 'lipstick', 'match', 'mobile phone', 'necklace', 'padlock', 'paintbrush', 'paper towel', 'park bench', 'pill bottle', 'pillow', 'plastic bag', 'plunger', 'power drill', 'printer', 'racket', 'ruler', 'safety pin', 'salt shaker', 'sandal', 'screw', 'shovel', 'space heater', 'spatula', 'speaker', 'strainer', 'sunglasses', 'teddy bear', 'television', 'umbrella', 'vase', 'wallet', 'waste container', 'water bottle', 'whistle']"
140218,ILSVRC2012_val_00034012.JPEG,100,sunglasses,sunglasses,3.171,1b4ea904d4e8ca0b,False,"['Band-Aid', 'T-shirt', 'backpack', 'banana', 'cleaver', 'clothes iron', 'coffee mug', 'computer mouse', 'digital watch', 'doormat', 'dumbbell', 'envelope', 'hair dryer', 'hammer', 'lampshade', 'lemon', 'lipstick', 'match', 'mobile phone', 'necklace', 'padlock', 'paintbrush', 'paper towel', 'park bench', 'pill bottle', 'pillow', 'plastic bag', 'plunger', 'power drill', 'printer', 'racket', 'ruler', 'safety pin', 'salt shaker', 'sandal', 'screw', 'shovel', 'space heater', 'spatula', 'speaker', 'strainer', 'sunglasses', 'teddy bear', 'television', 'umbrella', 'vase', 'wallet', 'waste container', 'water bottle', 'whistle']"
137560,ILSVRC2012_val_00034091.JPEG,100,teddy bear,teddy bear,2.54,9d616a3b1b25867b,False,"['Band-Aid', 'T-shirt', 'backpack', 'banana', 'cleaver', 'clothes iron', 'coffee mug', 'computer mouse', 'digital watch', 'doormat', 'dumbbell', 'envelope', 'hair dryer', 'hammer', 'lampshade', 'lemon', 'lipstick', 'match', 'mobile phone', 'necklace', 'padlock', 'paintbrush', 'paper towel', 'park bench', 'pill bottle', 'pillow', 'plastic bag', 'plunger', 'power drill', 'printer', 'racket', 'ruler', 'safety pin', 'salt shaker', 'sandal', 'screw', 'shovel', 'space heater', 'spatula', 'speaker', 'strainer', 'sunglasses', 'teddy bear', 'television', 'umbrella', 'vase', 'wallet', 'waste container', 'water bottle', 'whistle']"
140223,ILSVRC2012_val_00034098.JPEG,100,banana,banana,3.857,d4c63837c4508ce1,False,"['Band-Aid', 'T-shirt', 'backpack', 'banana', 'cleaver', 'clothes iron', 'coffee mug', 'computer mouse', 'digital watch', 'doormat', 'dumbbell', 'envelope', 'hair dryer', 'hammer', 'lampshade', 'lemon', 'lipstick', 'match', 'mobile phone', 'necklace', 'padlock', 'paintbrush', 'paper towel', 'park bench', 'pill bottle', 'pillow', 'plastic bag', 'plunger', 'power drill', 'printer', 'racket', 'ruler', 'safety pin', 'salt shaker', 'sandal', 'screw', 'shovel', 'space heater', 'spatula', 'speaker', 'strainer', 'sunglasses', 'teddy bear', 'television', 'umbrella', 'vase', 'wallet', 'waste container', 'water bottle', 'whistle']"
155725,ILSVRC2012_val_00034138.JPEG,100,sandal,sandal,4.518,04b4064eb90c5ee3,False,"['Band-Aid', 'T-shirt', 'backpack', 'banana', 'cleaver', 'clothes iron', 'coffee mug', 'computer mouse', 'digital watch', 'doormat', 'dumbbell', 'envelope', 'hair dryer', 'hammer', 'lampshade', 'lemon', 'lipstick', 'match', 'mobile phone', 'necklace', 'padlock', 'paintbrush', 'paper towel', 'park bench', 'pill bottle', 'pillow', 'plastic bag', 'plunger', 'power drill', 'printer', 'racket', 'ruler', 'safety pin', 'salt shaker', 'sandal', 'screw', 'shovel', 'space heater', 'spatula', 'speaker', 'strainer', 'sunglasses', 'teddy bear', 'television', 'umbrella', 'vase', 'wallet', 'waste container', 'water bottle', 'whistle']"
135290,ILSVRC2012_val_00034159.JPEG,100,park bench,park bench,3.206,807ac53ac01af1a7,False,"['Band-Aid', 'T-shirt', 'backpack', 'banana', 'cleaver', 'clothes iron', 'coffee mug', 'computer mouse', 'digital watch', 'doormat', 'dumbbell', 'envelope', 'hair dryer', 'hammer', 'lampshade', 'lemon', 'lipstick', 'match', 'mobile phone', 'necklace', 'padlock', 'paintbrush', 'paper towel', 'park bench', 'pill bottle', 'pillow', 'plastic bag', 'plunger', 'power drill', 'printer', 'racket', 'ruler', 'safety pin', 'salt shaker', 'sandal', 'screw', 'shovel', 'space heater', 'spatula', 'speaker', 'strainer', 'sunglasses', 'teddy bear', 'television', 'umbrella', 'vase', 'wallet', 'waste container', 'water bottle', 'whistle']"
148432,ILSVRC2012_val_00034276.JPEG,100,safety pin,safety pin,6.475,b209e409eee0a500,False,"['Band-Aid', 'T-shirt', 'backpack', 'banana', 'cleaver', 'clothes iron', 'coffee mug', 'computer mouse', 'digital watch', 'doormat', 'dumbbell', 'envelope', 'hair dryer', 'hammer', 'lampshade', 'lemon', 'lipstick', 'match', 'mobile phone', 'necklace', 'padlock', 'paintbrush', 'paper towel', 'park bench', 'pill bottle', 'pillow', 'plastic bag', 'plunger', 'power drill', 'printer', 'racket', 'ruler', 'safety pin', 'salt shaker', 'sandal', 'screw', 'shovel', 'space heater', 'spatula', 'speaker', 'strainer', 'sunglasses', 'teddy bear', 'television', 'umbrella', 'vase', 'wallet', 'waste container', 'water bottle', 'whistle']"
162496,ILSVRC2012_val_00034286.JPEG,100,lemon,lemon,2.171,7ae5f0d935cbde07,False,"['Band-Aid', 'T-shirt', 'backpack', 'banana', 'cleaver', 'clothes iron', 'coffee mug', 'computer mouse', 'digital watch', 'doormat', 'dumbbell', 'envelope', 'hair dryer', 'hammer', 'lampshade', 'lemon', 'lipstick', 'match', 'mobile phone', 'necklace', 'padlock', 'paintbrush', 'paper towel', 'park bench', 'pill bottle', 'pillow', 'plastic bag', 'plunger', 'power drill', 'printer', 'racket', 'ruler', 'safety pin', 'salt shaker', 'sandal', 'screw', 'shovel', 'space heater', 'spatula', 'speaker', 'strainer', 'sunglasses', 'teddy bear', 'television', 'umbrella', 'vase', 'wallet', 'waste container', 'water bottle', 'whistle']"
145315,ILSVRC2012_val_00034299.JPEG,100,necklace,necklace,41.267,5dc26d05ac8c2bf8,False,"['Band-Aid', 'T-shirt', 'backpack', 'banana', 'cleaver', 'clothes iron', 'coffee mug', 'computer mouse', 'digital watch', 'doormat', 'dumbbell', 'envelope', 'hair dryer', 'hammer', 'lampshade', 'lemon', 'lipstick', 'match', 'mobile phone', 'necklace', 'padlock', 'paintbrush', 'paper towel', 'park bench', 'pill bottle', 'pillow', 'plastic bag', 'plunger', 'power drill', 'printer', 'racket', 'ruler', 'safety pin', 'salt shaker', 'sandal', 'screw', 'shovel', 'space heater', 'spatula', 'speaker', 'strainer', 'sunglasses', 'teddy bear', 'television', 'umbrella', 'vase', 'wallet', 'waste container', 'water bottle', 'whistle']"
137536,ILSVRC2012_val_00034306.JPEG,100,lipstick,lipstick,4.043,2d3d6dbbf10d1bf1,False,"['Band-Aid', 'T-shirt', 'backpack', 'banana', 'cleaver', 'clothes iron', 'coffee mug', 'computer mouse', 'digital watch', 'doormat', 'dumbbell', 'envelope', 'hair dryer', 'hammer', 'lampshade', 'lemon', 'lipstick', 'match', 'mobile phone', 'necklace', 'padlock', 'paintbrush', 'paper towel', 'park bench', 'pill bottle', 'pillow', 'plastic bag', 'plunger', 'power drill', 'printer', 'racket', 'ruler', 'safety pin', 'salt shaker', 'sandal', 'screw', 'shovel', 'space heater', 'spatula', 'speaker', 'strainer', 'sunglasses', 'teddy bear', 'television', 'umbrella', 'vase', 'wallet', 'waste container', 'water bottle', 'whistle']"
148313,ILSVRC2012_val_00034361.JPEG,100,necklace,necklace,2.718,8ea69064a17aa389,False,"['Band-Aid', 'T-shirt', 'backpack', 'banana', 'cleaver', 'clothes iron', 'coffee mug', 'computer mouse', 'digital watch', 'doormat', 'dumbbell', 'envelope', 'hair dryer', 'hammer', 'lampshade', 'lemon', 'lipstick', 'match', 'mobile phone', 'necklace', 'padlock', 'paintbrush', 'paper towel', 'park bench', 'pill bottle', 'pillow', 'plastic bag', 'plunger', 'power drill', 'printer', 'racket', 'ruler', 'safety pin', 'salt shaker', 'sandal', 'screw', 'shovel', 'space heater', 'spatula', 'speaker', 'strainer', 'sunglasses', 'teddy bear', 'television', 'umbrella', 'vase', 'wallet', 'waste container', 'water bottle', 'whistle']"
153272,ILSVRC2012_val_00034372.JPEG,100,teddy bear,teddy bear,2.966,fd4941d6ba06f13a,False,"['Band-Aid', 'T-shirt', 'backpack', 'banana', 'cleaver', 'clothes iron', 'coffee mug', 'computer mouse', 'digital watch', 'doormat', 'dumbbell', 'envelope', 'hair dryer', 'hammer', 'lampshade', 'lemon', 'lipstick', 'match', 'mobile phone', 'necklace', 'padlock', 'paintbrush', 'paper towel', 'park bench', 'pill bottle', 'pillow', 'plastic bag', 'plunger', 'power drill', 'printer', 'racket', 'ruler', 'safety pin', 'salt shaker', 'sandal', 'screw', 'shovel', 'space heater', 'spatula', 'speaker', 'strainer', 'sunglasses', 'teddy bear', 'television', 'umbrella', 'vase', 'wallet', 'waste container', 'water bottle', 'whistle']"
143938,ILSVRC2012_val_00034387.JPEG,100,vase,vase,4.17,13230de4ca8a561e,False,"['Band-Aid', 'T-shirt', 'backpack', 'banana', 'cleaver', 'clothes iron', 'coffee mug', 'computer mouse', 'digital watch', 'doormat', 'dumbbell', 'envelope', 'hair dryer', 'hammer', 'lampshade', 'lemon', 'lipstick', 'match', 'mobile phone', 'necklace', 'padlock', 'paintbrush', 'paper towel', 'park bench', 'pill bottle', 'pillow', 'plastic bag', 'plunger', 'power drill', 'printer', 'racket', 'ruler', 'safety pin', 'salt shaker', 'sandal', 'screw', 'shovel', 'space heater', 'spatula', 'speaker', 'strainer', 'sunglasses', 'teddy bear', 'television', 'umbrella', 'vase', 'wallet', 'waste container', 'water bottle', 'whistle']"
156179,ILSVRC2012_val_00034446.JPEG,100,sunglasses,sunglasses,2.678,c3132e022497b3b8,False,"['Band-Aid', 'T-shirt', 'backpack', 'banana', 'cleaver', 'clothes iron', 'coffee mug', 'computer mouse', 'digital watch', 'doormat', 'dumbbell', 'envelope', 'hair dryer', 'hammer', 'lampshade', 'lemon', 'lipstick', 'match', 'mobile phone', 'necklace', 'padlock', 'paintbrush', 'paper towel', 'park bench', 'pill bottle', 'pillow', 'plastic bag', 'plunger', 'power drill', 'printer', 'racket', 'ruler', 'safety pin', 'salt shaker', 'sandal', 'screw', 'shovel', 'space heater', 'spatula', 'speaker', 'strainer', 'sunglasses', 'teddy bear', 'television', 'umbrella', 'vase', 'wallet', 'waste container', 'water bottle', 'whistle']"
140928,ILSVRC2012_val_00034458.JPEG,100,park bench,park bench,4.02,d345767e62f62ce1,False,"['Band-Aid', 'T-shirt', 'backpack', 'banana', 'cleaver', 'clothes iron', 'coffee mug', 'computer mouse', 'digital watch', 'doormat', 'dumbbell', 'envelope', 'hair dryer', 'hammer', 'lampshade', 'lemon', 'lipstick', 'match', 'mobile phone', 'necklace', 'padlock', 'paintbrush', 'paper towel', 'park bench', 'pill bottle', 'pillow', 'plastic bag', 'plunger', 'power drill', 'printer', 'racket', 'ruler', 'safety pin', 'salt shaker', 'sandal', 'screw', 'shovel', 'space heater', 'spatula', 'speaker', 'strainer', 'sunglasses', 'teddy bear', 'television', 'umbrella', 'vase', 'wallet', 'waste container', 'water bottle', 'whistle']"
140262,ILSVRC2012_val_00034500.JPEG,100,necklace,necklace,2.678,94be64faf7a55e72,False,"['Band-Aid', 'T-shirt', 'backpack', 'banana', 'cleaver', 'clothes iron', 'coffee mug', 'computer mouse', 'digital watch', 'doormat', 'dumbbell', 'envelope', 'hair dryer', 'hammer', 'lampshade', 'lemon', 'lipstick', 'match', 'mobile phone', 'necklace', 'padlock', 'paintbrush', 'paper towel', 'park bench', 'pill bottle', 'pillow', 'plastic bag', 'plunger', 'power drill', 'printer', 'racket', 'ruler', 'safety pin', 'salt shaker', 'sandal', 'screw', 'shovel', 'space heater', 'spatula', 'speaker', 'strainer', 'sunglasses', 'teddy bear', 'television', 'umbrella', 'vase', 'wallet', 'waste container', 'water bottle', 'whistle']"
143986,ILSVRC2012_val_00034547.JPEG,100,digital watch,digital watch,2.751,2122f594e4b9be9d,False,"['Band-Aid', 'T-shirt', 'backpack', 'banana', 'cleaver', 'clothes iron', 'coffee mug', 'computer mouse', 'digital watch', 'doormat', 'dumbbell', 'envelope', 'hair dryer', 'hammer', 'lampshade', 'lemon', 'lipstick', 'match', 'mobile phone', 'necklace', 'padlock', 'paintbrush', 'paper towel', 'park bench', 'pill bottle', 'pillow', 'plastic bag', 'plunger', 'power drill', 'printer', 'racket', 'ruler', 'safety pin', 'salt shaker', 'sandal', 'screw', 'shovel', 'space heater', 'spatula', 'speaker', 'strainer', 'sunglasses', 'teddy bear', 'television', 'umbrella', 'vase', 'wallet', 'waste container', 'water bottle', 'whistle']"
142392,ILSVRC2012_val_00034648.JPEG,100,clothes iron,clothes iron,3.344,1213dd808071fcca,False,"['Band-Aid', 'T-shirt', 'backpack', 'banana', 'cleaver', 'clothes iron', 'coffee mug', 'computer mouse', 'digital watch', 'doormat', 'dumbbell', 'envelope', 'hair dryer', 'hammer', 'lampshade', 'lemon', 'lipstick', 'match', 'mobile phone', 'necklace', 'padlock', 'paintbrush', 'paper towel', 'park bench', 'pill bottle', 'pillow', 'plastic bag', 'plunger', 'power drill', 'printer', 'racket', 'ruler', 'safety pin', 'salt shaker', 'sandal', 'screw', 'shovel', 'space heater', 'spatula', 'speaker', 'strainer', 'sunglasses', 'teddy bear', 'television', 'umbrella', 'vase', 'wallet', 'waste container', 'water bottle', 'whistle']"
138005,ILSVRC2012_val_00034805.JPEG,100,dumbbell,dumbbell,78.573,d5e7f1b122443be5,False,"['Band-Aid', 'T-shirt', 'backpack', 'banana', 'cleaver', 'clothes iron', 'coffee mug', 'computer mouse', 'digital watch', 'doormat', 'dumbbell', 'envelope', 'hair dryer', 'hammer', 'lampshade', 'lemon', 'lipstick', 'match', 'mobile phone', 'necklace', 'padlock', 'paintbrush', 'paper towel', 'park bench', 'pill bottle', 'pillow', 'plastic bag', 'plunger', 'power drill', 'printer', 'racket', 'ruler', 'safety pin', 'salt shaker', 'sandal', 'screw', 'shovel', 'space heater', 'spatula', 'speaker', 'strainer', 'sunglasses', 'teddy bear', 'television', 'umbrella', 'vase', 'wallet', 'waste container', 'water bottle', 'whistle']"
148645,ILSVRC2012_val_00034834.JPEG,100,screw,screw,2.805,5dc26d05ac8c2bf8,False,"['Band-Aid', 'T-shirt', 'backpack', 'banana', 'cleaver', 'clothes iron', 'coffee mug', 'computer mouse', 'digital watch', 'doormat', 'dumbbell', 'envelope', 'hair dryer', 'hammer', 'lampshade', 'lemon', 'lipstick', 'match', 'mobile phone', 'necklace', 'padlock', 'paintbrush', 'paper towel', 'park bench', 'pill bottle', 'pillow', 'plastic bag', 'plunger', 'power drill', 'printer', 'racket', 'ruler', 'safety pin', 'salt shaker', 'sandal', 'screw', 'shovel', 'space heater', 'spatula', 'speaker', 'strainer', 'sunglasses', 'teddy bear', 'television', 'umbrella', 'vase', 'wallet', 'waste container', 'water bottle', 'whistle']"
134526,ILSVRC2012_val_00034982.JPEG,100,sunglasses,strainer,64.626,5df4e2b572f72b27,False,"['Band-Aid', 'T-shirt', 'backpack', 'banana', 'cleaver', 'clothes iron', 'coffee mug', 'computer mouse', 'digital watch', 'doormat', 'dumbbell', 'envelope', 'hair dryer', 'hammer', 'lampshade', 'lemon', 'lipstick', 'match', 'mobile phone', 'necklace', 'padlock', 'paintbrush', 'paper towel', 'park bench', 'pill bottle', 'pillow', 'plastic bag', 'plunger', 'power drill', 'printer', 'racket', 'ruler', 'safety pin', 'salt shaker', 'sandal', 'screw', 'shovel', 'space heater', 'spatula', 'speaker', 'strainer', 'sunglasses', 'teddy bear', 'television', 'umbrella', 'vase', 'wallet', 'waste container', 'water bottle', 'whistle']"
139936,ILSVRC2012_val_00035001.JPEG,100,pillow,pillow,3.545,7deeda14388b2582,False,"['Band-Aid', 'T-shirt', 'backpack', 'banana', 'cleaver', 'clothes iron', 'coffee mug', 'computer mouse', 'digital watch', 'doormat', 'dumbbell', 'envelope', 'hair dryer', 'hammer', 'lampshade', 'lemon', 'lipstick', 'match', 'mobile phone', 'necklace', 'padlock', 'paintbrush', 'paper towel', 'park bench', 'pill bottle', 'pillow', 'plastic bag', 'plunger', 'power drill', 'printer', 'racket', 'ruler', 'safety pin', 'salt shaker', 'sandal', 'screw', 'shovel', 'space heater', 'spatula', 'speaker', 'strainer', 'sunglasses', 'teddy bear', 'television', 'umbrella', 'vase', 'wallet', 'waste container', 'water bottle', 'whistle']"
135183,ILSVRC2012_val_00035057.JPEG,100,padlock,padlock,3.635,f92825d02e49b8c6,False,"['Band-Aid', 'T-shirt', 'backpack', 'banana', 'cleaver', 'clothes iron', 'coffee mug', 'computer mouse', 'digital watch', 'doormat', 'dumbbell', 'envelope', 'hair dryer', 'hammer', 'lampshade', 'lemon', 'lipstick', 'match', 'mobile phone', 'necklace', 'padlock', 'paintbrush', 'paper towel', 'park bench', 'pill bottle', 'pillow', 'plastic bag', 'plunger', 'power drill', 'printer', 'racket', 'ruler', 'safety pin', 'salt shaker', 'sandal', 'screw', 'shovel', 'space heater', 'spatula', 'speaker', 'strainer', 'sunglasses', 'teddy bear', 'television', 'umbrella', 'vase', 'wallet', 'waste container', 'water bottle', 'whistle']"
138082,ILSVRC2012_val_00035083.JPEG,100,lipstick,lipstick,2.813,6245cf3a4900f3ef,False,"['Band-Aid', 'T-shirt', 'backpack', 'banana', 'cleaver', 'clothes iron', 'coffee mug', 'computer mouse', 'digital watch', 'doormat', 'dumbbell', 'envelope', 'hair dryer', 'hammer', 'lampshade', 'lemon', 'lipstick', 'match', 'mobile phone', 'necklace', 'padlock', 'paintbrush', 'paper towel', 'park bench', 'pill bottle', 'pillow', 'plastic bag', 'plunger', 'power drill', 'printer', 'racket', 'ruler', 'safety pin', 'salt shaker', 'sandal', 'screw', 'shovel', 'space heater', 'spatula', 'speaker', 'strainer', 'sunglasses', 'teddy bear', 'television', 'umbrella', 'vase', 'wallet', 'waste container', 'water bottle', 'whistle']"
137421,ILSVRC2012_val_00035105.JPEG,100,sandal,sandal,2.62,db71f3bdb025e3bd,False,"['Band-Aid', 'T-shirt', 'backpack', 'banana', 'cleaver', 'clothes iron', 'coffee mug', 'computer mouse', 'digital watch', 'doormat', 'dumbbell', 'envelope', 'hair dryer', 'hammer', 'lampshade', 'lemon', 'lipstick', 'match', 'mobile phone', 'necklace', 'padlock', 'paintbrush', 'paper towel', 'park bench', 'pill bottle', 'pillow', 'plastic bag', 'plunger', 'power drill', 'printer', 'racket', 'ruler', 'safety pin', 'salt shaker', 'sandal', 'screw', 'shovel', 'space heater', 'spatula', 'speaker', 'strainer', 'sunglasses', 'teddy bear', 'television', 'umbrella', 'vase', 'wallet', 'waste container', 'water bottle', 'whistle']"
139903,ILSVRC2012_val_00035135.JPEG,100,digital watch,safety pin,8.807,7ee5edb2ad84273e,False,"['Band-Aid', 'T-shirt', 'backpack', 'banana', 'cleaver', 'clothes iron', 'coffee mug', 'computer mouse', 'digital watch', 'doormat', 'dumbbell', 'envelope', 'hair dryer', 'hammer', 'lampshade', 'lemon', 'lipstick', 'match', 'mobile phone', 'necklace', 'padlock', 'paintbrush', 'paper towel', 'park bench', 'pill bottle', 'pillow', 'plastic bag', 'plunger', 'power drill', 'printer', 'racket', 'ruler', 'safety pin', 'salt shaker', 'sandal', 'screw', 'shovel', 'space heater', 'spatula', 'speaker', 'strainer', 'sunglasses', 'teddy bear', 'television', 'umbrella', 'vase', 'wallet', 'waste container', 'water bottle', 'whistle']"
137424,ILSVRC2012_val_00035248.JPEG,100,backpack,waste container,1.831,bdbc87ae57fc0b59,False,"['Band-Aid', 'T-shirt', 'backpack', 'banana', 'cleaver', 'clothes iron', 'coffee mug', 'computer mouse', 'digital watch', 'doormat', 'dumbbell', 'envelope', 'hair dryer', 'hammer', 'lampshade', 'lemon', 'lipstick', 'match', 'mobile phone', 'necklace', 'padlock', 'paintbrush', 'paper towel', 'park bench', 'pill bottle', 'pillow', 'plastic bag', 'plunger', 'power drill', 'printer', 'racket', 'ruler', 'safety pin', 'salt shaker', 'sandal', 'screw', 'shovel', 'space heater', 'spatula', 'speaker', 'strainer', 'sunglasses', 'teddy bear', 'television', 'umbrella', 'vase', 'wallet', 'waste container', 'water bottle', 'whistle']"
172533,ILSVRC2012_val_00035349.JPEG,100,paintbrush,paintbrush,2.4,2d5e6a68741000b1,False,"['Band-Aid', 'T-shirt', 'backpack', 'banana', 'cleaver', 'clothes iron', 'coffee mug', 'computer mouse', 'digital watch', 'doormat', 'dumbbell', 'envelope', 'hair dryer', 'hammer', 'lampshade', 'lemon', 'lipstick', 'match', 'mobile phone', 'necklace', 'padlock', 'paintbrush', 'paper towel', 'park bench', 'pill bottle', 'pillow', 'plastic bag', 'plunger', 'power drill', 'printer', 'racket', 'ruler', 'safety pin', 'salt shaker', 'sandal', 'screw', 'shovel', 'space heater', 'spatula', 'speaker', 'strainer', 'sunglasses', 'teddy bear', 'television', 'umbrella', 'vase', 'wallet', 'waste container', 'water bottle', 'whistle']"
161711,ILSVRC2012_val_00035550.JPEG,100,doormat,doormat,2.596,f443d3a0c7c0be43,False,"['Band-Aid', 'T-shirt', 'backpack', 'banana', 'cleaver', 'clothes iron', 'coffee mug', 'computer mouse', 'digital watch', 'doormat', 'dumbbell', 'envelope', 'hair dryer', 'hammer', 'lampshade', 'lemon', 'lipstick', 'match', 'mobile phone', 'necklace', 'padlock', 'paintbrush', 'paper towel', 'park bench', 'pill bottle', 'pillow', 'plastic bag', 'plunger', 'power drill', 'printer', 'racket', 'ruler', 'safety pin', 'salt shaker', 'sandal', 'screw', 'shovel', 'space heater', 'spatula', 'speaker', 'strainer', 'sunglasses', 'teddy bear', 'television', 'umbrella', 'vase', 'wallet', 'waste container', 'water bottle', 'whistle']"
145049,ILSVRC2012_val_00035752.JPEG,100,pillow,T-shirt,3.183,8591b4d84af5ebd6,False,"['Band-Aid', 'T-shirt', 'backpack', 'banana', 'cleaver', 'clothes iron', 'coffee mug', 'computer mouse', 'digital watch', 'doormat', 'dumbbell', 'envelope', 'hair dryer', 'hammer', 'lampshade', 'lemon', 'lipstick', 'match', 'mobile phone', 'necklace', 'padlock', 'paintbrush', 'paper towel', 'park bench', 'pill bottle', 'pillow', 'plastic bag', 'plunger', 'power drill', 'printer', 'racket', 'ruler', 'safety pin', 'salt shaker', 'sandal', 'screw', 'shovel', 'space heater', 'spatula', 'speaker', 'strainer', 'sunglasses', 'teddy bear', 'television', 'umbrella', 'vase', 'wallet', 'waste container', 'water bottle', 'whistle']"
143913,ILSVRC2012_val_00035755.JPEG,100,sandal,sandal,2.483,0bdc46306836aeab,False,"['Band-Aid', 'T-shirt', 'backpack', 'banana', 'cleaver', 'clothes iron', 'coffee mug', 'computer mouse', 'digital watch', 'doormat', 'dumbbell', 'envelope', 'hair dryer', 'hammer', 'lampshade', 'lemon', 'lipstick', 'match', 'mobile phone', 'necklace', 'padlock', 'paintbrush', 'paper towel', 'park bench', 'pill bottle', 'pillow', 'plastic bag', 'plunger', 'power drill', 'printer', 'racket', 'ruler', 'safety pin', 'salt shaker', 'sandal', 'screw', 'shovel', 'space heater', 'spatula', 'speaker', 'strainer', 'sunglasses', 'teddy bear', 'television', 'umbrella', 'vase', 'wallet', 'waste container', 'water bottle', 'whistle']"
140960,ILSVRC2012_val_00035758.JPEG,100,coffee mug,teddy bear,9.141,d345767e62f62ce1,False,"['Band-Aid', 'T-shirt', 'backpack', 'banana', 'cleaver', 'clothes iron', 'coffee mug', 'computer mouse', 'digital watch', 'doormat', 'dumbbell', 'envelope', 'hair dryer', 'hammer', 'lampshade', 'lemon', 'lipstick', 'match', 'mobile phone', 'necklace', 'padlock', 'paintbrush', 'paper towel', 'park bench', 'pill bottle', 'pillow', 'plastic bag', 'plunger', 'power drill', 'printer', 'racket', 'ruler', 'safety pin', 'salt shaker', 'sandal', 'screw', 'shovel', 'space heater', 'spatula', 'speaker', 'strainer', 'sunglasses', 'teddy bear', 'television', 'umbrella', 'vase', 'wallet', 'waste container', 'water bottle', 'whistle']"
148422,ILSVRC2012_val_00035812.JPEG,100,pillow,pillow,2.282,d4596a305e30c748,False,"['Band-Aid', 'T-shirt', 'backpack', 'banana', 'cleaver', 'clothes iron', 'coffee mug', 'computer mouse', 'digital watch', 'doormat', 'dumbbell', 'envelope', 'hair dryer', 'hammer', 'lampshade', 'lemon', 'lipstick', 'match', 'mobile phone', 'necklace', 'padlock', 'paintbrush', 'paper towel', 'park bench', 'pill bottle', 'pillow', 'plastic bag', 'plunger', 'power drill', 'printer', 'racket', 'ruler', 'safety pin', 'salt shaker', 'sandal', 'screw', 'shovel', 'space heater', 'spatula', 'speaker', 'strainer', 'sunglasses', 'teddy bear', 'television', 'umbrella', 'vase', 'wallet', 'waste container', 'water bottle', 'whistle']"
137912,ILSVRC2012_val_00035840.JPEG,100,water bottle,water bottle,4.335,5300d99f018b24d3,False,"['Band-Aid', 'T-shirt', 'backpack', 'banana', 'cleaver', 'clothes iron', 'coffee mug', 'computer mouse', 'digital watch', 'doormat', 'dumbbell', 'envelope', 'hair dryer', 'hammer', 'lampshade', 'lemon', 'lipstick', 'match', 'mobile phone', 'necklace', 'padlock', 'paintbrush', 'paper towel', 'park bench', 'pill bottle', 'pillow', 'plastic bag', 'plunger', 'power drill', 'printer', 'racket', 'ruler', 'safety pin', 'salt shaker', 'sandal', 'screw', 'shovel', 'space heater', 'spatula', 'speaker', 'strainer', 'sunglasses', 'teddy bear', 'television', 'umbrella', 'vase', 'wallet', 'waste container', 'water bottle', 'whistle']"
137652,ILSVRC2012_val_00035854.JPEG,100,lampshade,lampshade,3.284,f70c3b3b113954f9,False,"['Band-Aid', 'T-shirt', 'backpack', 'banana', 'cleaver', 'clothes iron', 'coffee mug', 'computer mouse', 'digital watch', 'doormat', 'dumbbell', 'envelope', 'hair dryer', 'hammer', 'lampshade', 'lemon', 'lipstick', 'match', 'mobile phone', 'necklace', 'padlock', 'paintbrush', 'paper towel', 'park bench', 'pill bottle', 'pillow', 'plastic bag', 'plunger', 'power drill', 'printer', 'racket', 'ruler', 'safety pin', 'salt shaker', 'sandal', 'screw', 'shovel', 'space heater', 'spatula', 'speaker', 'strainer', 'sunglasses', 'teddy bear', 'television', 'umbrella', 'vase', 'wallet', 'waste container', 'water bottle', 'whistle']"
137619,ILSVRC2012_val_00035888.JPEG,100,lemon,lemon,4.696,08613a0b5f8fef6e,False,"['Band-Aid', 'T-shirt', 'backpack', 'banana', 'cleaver', 'clothes iron', 'coffee mug', 'computer mouse', 'digital watch', 'doormat', 'dumbbell', 'envelope', 'hair dryer', 'hammer', 'lampshade', 'lemon', 'lipstick', 'match', 'mobile phone', 'necklace', 'padlock', 'paintbrush', 'paper towel', 'park bench', 'pill bottle', 'pillow', 'plastic bag', 'plunger', 'power drill', 'printer', 'racket', 'ruler', 'safety pin', 'salt shaker', 'sandal', 'screw', 'shovel', 'space heater', 'spatula', 'speaker', 'strainer', 'sunglasses', 'teddy bear', 'television', 'umbrella', 'vase', 'wallet', 'waste container', 'water bottle', 'whistle']"
157314,ILSVRC2012_val_00036024.JPEG,100,mobile phone,mobile phone,4.707,9d01183104e8ac30,False,"['Band-Aid', 'T-shirt', 'backpack', 'banana', 'cleaver', 'clothes iron', 'coffee mug', 'computer mouse', 'digital watch', 'doormat', 'dumbbell', 'envelope', 'hair dryer', 'hammer', 'lampshade', 'lemon', 'lipstick', 'match', 'mobile phone', 'necklace', 'padlock', 'paintbrush', 'paper towel', 'park bench', 'pill bottle', 'pillow', 'plastic bag', 'plunger', 'power drill', 'printer', 'racket', 'ruler', 'safety pin', 'salt shaker', 'sandal', 'screw', 'shovel', 'space heater', 'spatula', 'speaker', 'strainer', 'sunglasses', 'teddy bear', 'television', 'umbrella', 'vase', 'wallet', 'waste container', 'water bottle', 'whistle']"
158865,ILSVRC2012_val_00036038.JPEG,100,padlock,padlock,17.497,d345767e62f62ce1,False,"['Band-Aid', 'T-shirt', 'backpack', 'banana', 'cleaver', 'clothes iron', 'coffee mug', 'computer mouse', 'digital watch', 'doormat', 'dumbbell', 'envelope', 'hair dryer', 'hammer', 'lampshade', 'lemon', 'lipstick', 'match', 'mobile phone', 'necklace', 'padlock', 'paintbrush', 'paper towel', 'park bench', 'pill bottle', 'pillow', 'plastic bag', 'plunger', 'power drill', 'printer', 'racket', 'ruler', 'safety pin', 'salt shaker', 'sandal', 'screw', 'shovel', 'space heater', 'spatula', 'speaker', 'strainer', 'sunglasses', 'teddy bear', 'television', 'umbrella', 'vase', 'wallet', 'waste container', 'water bottle', 'whistle']"
150959,ILSVRC2012_val_00036058.JPEG,100,umbrella,umbrella,2.141,b0b456f5498e7728,False,"['Band-Aid', 'T-shirt', 'backpack', 'banana', 'cleaver', 'clothes iron', 'coffee mug', 'computer mouse', 'digital watch', 'doormat', 'dumbbell', 'envelope', 'hair dryer', 'hammer', 'lampshade', 'lemon', 'lipstick', 'match', 'mobile phone', 'necklace', 'padlock', 'paintbrush', 'paper towel', 'park bench', 'pill bottle', 'pillow', 'plastic bag', 'plunger', 'power drill', 'printer', 'racket', 'ruler', 'safety pin', 'salt shaker', 'sandal', 'screw', 'shovel', 'space heater', 'spatula', 'speaker', 'strainer', 'sunglasses', 'teddy bear', 'television', 'umbrella', 'vase', 'wallet', 'waste container', 'water bottle', 'whistle']"
137889,ILSVRC2012_val_00036087.JPEG,100,safety pin,safety pin,4.292,7fb7364b8ea8cfe2,False,"['Band-Aid', 'T-shirt', 'backpack', 'banana', 'cleaver', 'clothes iron', 'coffee mug', 'computer mouse', 'digital watch', 'doormat', 'dumbbell', 'envelope', 'hair dryer', 'hammer', 'lampshade', 'lemon', 'lipstick', 'match', 'mobile phone', 'necklace', 'padlock', 'paintbrush', 'paper towel', 'park bench', 'pill bottle', 'pillow', 'plastic bag', 'plunger', 'power drill', 'printer', 'racket', 'ruler', 'safety pin', 'salt shaker', 'sandal', 'screw', 'shovel', 'space heater', 'spatula', 'speaker', 'strainer', 'sunglasses', 'teddy bear', 'television', 'umbrella', 'vase', 'wallet', 'waste container', 'water bottle', 'whistle']"
134711,ILSVRC2012_val_00036218.JPEG,100,park bench,sunglasses,3.529,6675a5960a45aae9,False,"['Band-Aid', 'T-shirt', 'backpack', 'banana', 'cleaver', 'clothes iron', 'coffee mug', 'computer mouse', 'digital watch', 'doormat', 'dumbbell', 'envelope', 'hair dryer', 'hammer', 'lampshade', 'lemon', 'lipstick', 'match', 'mobile phone', 'necklace', 'padlock', 'paintbrush', 'paper towel', 'park bench', 'pill bottle', 'pillow', 'plastic bag', 'plunger', 'power drill', 'printer', 'racket', 'ruler', 'safety pin', 'salt shaker', 'sandal', 'screw', 'shovel', 'space heater', 'spatula', 'speaker', 'strainer', 'sunglasses', 'teddy bear', 'television', 'umbrella', 'vase', 'wallet', 'waste container', 'water bottle', 'whistle']"
142408,ILSVRC2012_val_00036422.JPEG,100,pill bottle,pill bottle,1.813,e402c739b1b66551,False,"['Band-Aid', 'T-shirt', 'backpack', 'banana', 'cleaver', 'clothes iron', 'coffee mug', 'computer mouse', 'digital watch', 'doormat', 'dumbbell', 'envelope', 'hair dryer', 'hammer', 'lampshade', 'lemon', 'lipstick', 'match', 'mobile phone', 'necklace', 'padlock', 'paintbrush', 'paper towel', 'park bench', 'pill bottle', 'pillow', 'plastic bag', 'plunger', 'power drill', 'printer', 'racket', 'ruler', 'safety pin', 'salt shaker', 'sandal', 'screw', 'shovel', 'space heater', 'spatula', 'speaker', 'strainer', 'sunglasses', 'teddy bear', 'television', 'umbrella', 'vase', 'wallet', 'waste container', 'water bottle', 'whistle']"
135127,ILSVRC2012_val_00036477.JPEG,100,television,television,2.659,13230de4ca8a561e,False,"['Band-Aid', 'T-shirt', 'backpack', 'banana', 'cleaver', 'clothes iron', 'coffee mug', 'computer mouse', 'digital watch', 'doormat', 'dumbbell', 'envelope', 'hair dryer', 'hammer', 'lampshade', 'lemon', 'lipstick', 'match', 'mobile phone', 'necklace', 'padlock', 'paintbrush', 'paper towel', 'park bench', 'pill bottle', 'pillow', 'plastic bag', 'plunger', 'power drill', 'printer', 'racket', 'ruler', 'safety pin', 'salt shaker', 'sandal', 'screw', 'shovel', 'space heater', 'spatula', 'speaker', 'strainer', 'sunglasses', 'teddy bear', 'television', 'umbrella', 'vase', 'wallet', 'waste container', 'water bottle', 'whistle']"
164451,ILSVRC2012_val_00036536.JPEG,100,sunglasses,sunglasses,3.573,5195a4a4282cc06e,False,"['Band-Aid', 'T-shirt', 'backpack', 'banana', 'cleaver', 'clothes iron', 'coffee mug', 'computer mouse', 'digital watch', 'doormat', 'dumbbell', 'envelope', 'hair dryer', 'hammer', 'lampshade', 'lemon', 'lipstick', 'match', 'mobile phone', 'necklace', 'padlock', 'paintbrush', 'paper towel', 'park bench', 'pill bottle', 'pillow', 'plastic bag', 'plunger', 'power drill', 'printer', 'racket', 'ruler', 'safety pin', 'salt shaker', 'sandal', 'screw', 'shovel', 'space heater', 'spatula', 'speaker', 'strainer', 'sunglasses', 'teddy bear', 'television', 'umbrella', 'vase', 'wallet', 'waste container', 'water bottle', 'whistle']"
155850,ILSVRC2012_val_00036575.JPEG,100,teddy bear,teddy bear,3.029,b1244b93a5e6c8ea,False,"['Band-Aid', 'T-shirt', 'backpack', 'banana', 'cleaver', 'clothes iron', 'coffee mug', 'computer mouse', 'digital watch', 'doormat', 'dumbbell', 'envelope', 'hair dryer', 'hammer', 'lampshade', 'lemon', 'lipstick', 'match', 'mobile phone', 'necklace', 'padlock', 'paintbrush', 'paper towel', 'park bench', 'pill bottle', 'pillow', 'plastic bag', 'plunger', 'power drill', 'printer', 'racket', 'ruler', 'safety pin', 'salt shaker', 'sandal', 'screw', 'shovel', 'space heater', 'spatula', 'speaker', 'strainer', 'sunglasses', 'teddy bear', 'television', 'umbrella', 'vase', 'wallet', 'waste container', 'water bottle', 'whistle']"
144699,ILSVRC2012_val_00036580.JPEG,100,banana,banana,5.129,36825ec259af25a5,False,"['Band-Aid', 'T-shirt', 'backpack', 'banana', 'cleaver', 'clothes iron', 'coffee mug', 'computer mouse', 'digital watch', 'doormat', 'dumbbell', 'envelope', 'hair dryer', 'hammer', 'lampshade', 'lemon', 'lipstick', 'match', 'mobile phone', 'necklace', 'padlock', 'paintbrush', 'paper towel', 'park bench', 'pill bottle', 'pillow', 'plastic bag', 'plunger', 'power drill', 'printer', 'racket', 'ruler', 'safety pin', 'salt shaker', 'sandal', 'screw', 'shovel', 'space heater', 'spatula', 'speaker', 'strainer', 'sunglasses', 'teddy bear', 'television', 'umbrella', 'vase', 'wallet', 'waste container', 'water bottle', 'whistle']"
144709,ILSVRC2012_val_00036987.JPEG,100,lemon,lemon,5.522,0e808620feedbfb7,False,"['Band-Aid', 'T-shirt', 'backpack', 'banana', 'cleaver', 'clothes iron', 'coffee mug', 'computer mouse', 'digital watch', 'doormat', 'dumbbell', 'envelope', 'hair dryer', 'hammer', 'lampshade', 'lemon', 'lipstick', 'match', 'mobile phone', 'necklace', 'padlock', 'paintbrush', 'paper towel', 'park bench', 'pill bottle', 'pillow', 'plastic bag', 'plunger', 'power drill', 'printer', 'racket', 'ruler', 'safety pin', 'salt shaker', 'sandal', 'screw', 'shovel', 'space heater', 'spatula', 'speaker', 'strainer', 'sunglasses', 'teddy bear', 'television', 'umbrella', 'vase', 'wallet', 'waste container', 'water bottle', 'whistle']"
137735,ILSVRC2012_val_00037040.JPEG,100,sunglasses,sunglasses,1.94,51eb3a24bd69d506,False,"['Band-Aid', 'T-shirt', 'backpack', 'banana', 'cleaver', 'clothes iron', 'coffee mug', 'computer mouse', 'digital watch', 'doormat', 'dumbbell', 'envelope', 'hair dryer', 'hammer', 'lampshade', 'lemon', 'lipstick', 'match', 'mobile phone', 'necklace', 'padlock', 'paintbrush', 'paper towel', 'park bench', 'pill bottle', 'pillow', 'plastic bag', 'plunger', 'power drill', 'printer', 'racket', 'ruler', 'safety pin', 'salt shaker', 'sandal', 'screw', 'shovel', 'space heater', 'spatula', 'speaker', 'strainer', 'sunglasses', 'teddy bear', 'television', 'umbrella', 'vase', 'wallet', 'waste container', 'water bottle', 'whistle']"
148909,ILSVRC2012_val_00037047.JPEG,100,digital watch,digital watch,14.914,d4500cf0707ccba8,False,"['Band-Aid', 'T-shirt', 'backpack', 'banana', 'cleaver', 'clothes iron', 'coffee mug', 'computer mouse', 'digital watch', 'doormat', 'dumbbell', 'envelope', 'hair dryer', 'hammer', 'lampshade', 'lemon', 'lipstick', 'match', 'mobile phone', 'necklace', 'padlock', 'paintbrush', 'paper towel', 'park bench', 'pill bottle', 'pillow', 'plastic bag', 'plunger', 'power drill', 'printer', 'racket', 'ruler', 'safety pin', 'salt shaker', 'sandal', 'screw', 'shovel', 'space heater', 'spatula', 'speaker', 'strainer', 'sunglasses', 'teddy bear', 'television', 'umbrella', 'vase', 'wallet', 'waste container', 'water bottle', 'whistle']"
152972,ILSVRC2012_val_00037215.JPEG,100,sunglasses,sunglasses,1.707,2b7da23c1dfa7bb1,False,"['Band-Aid', 'T-shirt', 'backpack', 'banana', 'cleaver', 'clothes iron', 'coffee mug', 'computer mouse', 'digital watch', 'doormat', 'dumbbell', 'envelope', 'hair dryer', 'hammer', 'lampshade', 'lemon', 'lipstick', 'match', 'mobile phone', 'necklace', 'padlock', 'paintbrush', 'paper towel', 'park bench', 'pill bottle', 'pillow', 'plastic bag', 'plunger', 'power drill', 'printer', 'racket', 'ruler', 'safety pin', 'salt shaker', 'sandal', 'screw', 'shovel', 'space heater', 'spatula', 'speaker', 'strainer', 'sunglasses', 'teddy bear', 'television', 'umbrella', 'vase', 'wallet', 'waste container', 'water bottle', 'whistle']"
134621,ILSVRC2012_val_00037237.JPEG,100,umbrella,umbrella,15.231,ccb4f6b37950a6d2,False,"['Band-Aid', 'T-shirt', 'backpack', 'banana', 'cleaver', 'clothes iron', 'coffee mug', 'computer mouse', 'digital watch', 'doormat', 'dumbbell', 'envelope', 'hair dryer', 'hammer', 'lampshade', 'lemon', 'lipstick', 'match', 'mobile phone', 'necklace', 'padlock', 'paintbrush', 'paper towel', 'park bench', 'pill bottle', 'pillow', 'plastic bag', 'plunger', 'power drill', 'printer', 'racket', 'ruler', 'safety pin', 'salt shaker', 'sandal', 'screw', 'shovel', 'space heater', 'spatula', 'speaker', 'strainer', 'sunglasses', 'teddy bear', 'television', 'umbrella', 'vase', 'wallet', 'waste container', 'water bottle', 'whistle']"
134932,ILSVRC2012_val_00037285.JPEG,100,television,television,2.37,f74af47186afbb36,False,"['Band-Aid', 'T-shirt', 'backpack', 'banana', 'cleaver', 'clothes iron', 'coffee mug', 'computer mouse', 'digital watch', 'doormat', 'dumbbell', 'envelope', 'hair dryer', 'hammer', 'lampshade', 'lemon', 'lipstick', 'match', 'mobile phone', 'necklace', 'padlock', 'paintbrush', 'paper towel', 'park bench', 'pill bottle', 'pillow', 'plastic bag', 'plunger', 'power drill', 'printer', 'racket', 'ruler', 'safety pin', 'salt shaker', 'sandal', 'screw', 'shovel', 'space heater', 'spatula', 'speaker', 'strainer', 'sunglasses', 'teddy bear', 'television', 'umbrella', 'vase', 'wallet', 'waste container', 'water bottle', 'whistle']"
142132,ILSVRC2012_val_00037298.JPEG,100,whistle,whistle,1.73,639b690770cb3688,False,"['Band-Aid', 'T-shirt', 'backpack', 'banana', 'cleaver', 'clothes iron', 'coffee mug', 'computer mouse', 'digital watch', 'doormat', 'dumbbell', 'envelope', 'hair dryer', 'hammer', 'lampshade', 'lemon', 'lipstick', 'match', 'mobile phone', 'necklace', 'padlock', 'paintbrush', 'paper towel', 'park bench', 'pill bottle', 'pillow', 'plastic bag', 'plunger', 'power drill', 'printer', 'racket', 'ruler', 'safety pin', 'salt shaker', 'sandal', 'screw', 'shovel', 'space heater', 'spatula', 'speaker', 'strainer', 'sunglasses', 'teddy bear', 'television', 'umbrella', 'vase', 'wallet', 'waste container', 'water bottle', 'whistle']"
136355,ILSVRC2012_val_00037302.JPEG,100,coffee mug,coffee mug,3.748,94be64faf7a55e72,False,"['Band-Aid', 'T-shirt', 'backpack', 'banana', 'cleaver', 'clothes iron', 'coffee mug', 'computer mouse', 'digital watch', 'doormat', 'dumbbell', 'envelope', 'hair dryer', 'hammer', 'lampshade', 'lemon', 'lipstick', 'match', 'mobile phone', 'necklace', 'padlock', 'paintbrush', 'paper towel', 'park bench', 'pill bottle', 'pillow', 'plastic bag', 'plunger', 'power drill', 'printer', 'racket', 'ruler', 'safety pin', 'salt shaker', 'sandal', 'screw', 'shovel', 'space heater', 'spatula', 'speaker', 'strainer', 'sunglasses', 'teddy bear', 'television', 'umbrella', 'vase', 'wallet', 'waste container', 'water bottle', 'whistle']"
145718,ILSVRC2012_val_00037335.JPEG,100,vase,vase,2.447,807ac53ac01af1a7,False,"['Band-Aid', 'T-shirt', 'backpack', 'banana', 'cleaver', 'clothes iron', 'coffee mug', 'computer mouse', 'digital watch', 'doormat', 'dumbbell', 'envelope', 'hair dryer', 'hammer', 'lampshade', 'lemon', 'lipstick', 'match', 'mobile phone', 'necklace', 'padlock', 'paintbrush', 'paper towel', 'park bench', 'pill bottle', 'pillow', 'plastic bag', 'plunger', 'power drill', 'printer', 'racket', 'ruler', 'safety pin', 'salt shaker', 'sandal', 'screw', 'shovel', 'space heater', 'spatula', 'speaker', 'strainer', 'sunglasses', 'teddy bear', 'television', 'umbrella', 'vase', 'wallet', 'waste container', 'water bottle', 'whistle']"
191024,ILSVRC2012_val_00037409.JPEG,100,sandal,sandal,11.28,8e5e6457c68eed9d,False,"['Band-Aid', 'T-shirt', 'backpack', 'banana', 'cleaver', 'clothes iron', 'coffee mug', 'computer mouse', 'digital watch', 'doormat', 'dumbbell', 'envelope', 'hair dryer', 'hammer', 'lampshade', 'lemon', 'lipstick', 'match', 'mobile phone', 'necklace', 'padlock', 'paintbrush', 'paper towel', 'park bench', 'pill bottle', 'pillow', 'plastic bag', 'plunger', 'power drill', 'printer', 'racket', 'ruler', 'safety pin', 'salt shaker', 'sandal', 'screw', 'shovel', 'space heater', 'spatula', 'speaker', 'strainer', 'sunglasses', 'teddy bear', 'television', 'umbrella', 'vase', 'wallet', 'waste container', 'water bottle', 'whistle']"
140492,ILSVRC2012_val_00037449.JPEG,100,padlock,plunger,14.419,582de3a43d525174,False,"['Band-Aid', 'T-shirt', 'backpack', 'banana', 'cleaver', 'clothes iron', 'coffee mug', 'computer mouse', 'digital watch', 'doormat', 'dumbbell', 'envelope', 'hair dryer', 'hammer', 'lampshade', 'lemon', 'lipstick', 'match', 'mobile phone', 'necklace', 'padlock', 'paintbrush', 'paper towel', 'park bench', 'pill bottle', 'pillow', 'plastic bag', 'plunger', 'power drill', 'printer', 'racket', 'ruler', 'safety pin', 'salt shaker', 'sandal', 'screw', 'shovel', 'space heater', 'spatula', 'speaker', 'strainer', 'sunglasses', 'teddy bear', 'television', 'umbrella', 'vase', 'wallet', 'waste container', 'water bottle', 'whistle']"
152238,ILSVRC2012_val_00037679.JPEG,100,padlock,padlock,17.801,c8ed5b7cb8fc3745,False,"['Band-Aid', 'T-shirt', 'backpack', 'banana', 'cleaver', 'clothes iron', 'coffee mug', 'computer mouse', 'digital watch', 'doormat', 'dumbbell', 'envelope', 'hair dryer', 'hammer', 'lampshade', 'lemon', 'lipstick', 'match', 'mobile phone', 'necklace', 'padlock', 'paintbrush', 'paper towel', 'park bench', 'pill bottle', 'pillow', 'plastic bag', 'plunger', 'power drill', 'printer', 'racket', 'ruler', 'safety pin', 'salt shaker', 'sandal', 'screw', 'shovel', 'space heater', 'spatula', 'speaker', 'strainer', 'sunglasses', 'teddy bear', 'television', 'umbrella', 'vase', 'wallet', 'waste container', 'water bottle', 'whistle']"
145635,ILSVRC2012_val_00037730.JPEG,100,speaker,speaker,27.12,c3132e022497b3b8,False,"['Band-Aid', 'T-shirt', 'backpack', 'banana', 'cleaver', 'clothes iron', 'coffee mug', 'computer mouse', 'digital watch', 'doormat', 'dumbbell', 'envelope', 'hair dryer', 'hammer', 'lampshade', 'lemon', 'lipstick', 'match', 'mobile phone', 'necklace', 'padlock', 'paintbrush', 'paper towel', 'park bench', 'pill bottle', 'pillow', 'plastic bag', 'plunger', 'power drill', 'printer', 'racket', 'ruler', 'safety pin', 'salt shaker', 'sandal', 'screw', 'shovel', 'space heater', 'spatula', 'speaker', 'strainer', 'sunglasses', 'teddy bear', 'television', 'umbrella', 'vase', 'wallet', 'waste container', 'water bottle', 'whistle']"
163433,ILSVRC2012_val_00037921.JPEG,100,lipstick,lipstick,5.325,eb92c9b9ca47fb5a,False,"['Band-Aid', 'T-shirt', 'backpack', 'banana', 'cleaver', 'clothes iron', 'coffee mug', 'computer mouse', 'digital watch', 'doormat', 'dumbbell', 'envelope', 'hair dryer', 'hammer', 'lampshade', 'lemon', 'lipstick', 'match', 'mobile phone', 'necklace', 'padlock', 'paintbrush', 'paper towel', 'park bench', 'pill bottle', 'pillow', 'plastic bag', 'plunger', 'power drill', 'printer', 'racket', 'ruler', 'safety pin', 'salt shaker', 'sandal', 'screw', 'shovel', 'space heater', 'spatula', 'speaker', 'strainer', 'sunglasses', 'teddy bear', 'television', 'umbrella', 'vase', 'wallet', 'waste container', 'water bottle', 'whistle']"
145798,ILSVRC2012_val_00038105.JPEG,100,lipstick,lipstick,2.914,a9a80b6b1346015a,False,"['Band-Aid', 'T-shirt', 'backpack', 'banana', 'cleaver', 'clothes iron', 'coffee mug', 'computer mouse', 'digital watch', 'doormat', 'dumbbell', 'envelope', 'hair dryer', 'hammer', 'lampshade', 'lemon', 'lipstick', 'match', 'mobile phone', 'necklace', 'padlock', 'paintbrush', 'paper towel', 'park bench', 'pill bottle', 'pillow', 'plastic bag', 'plunger', 'power drill', 'printer', 'racket', 'ruler', 'safety pin', 'salt shaker', 'sandal', 'screw', 'shovel', 'space heater', 'spatula', 'speaker', 'strainer', 'sunglasses', 'teddy bear', 'television', 'umbrella', 'vase', 'wallet', 'waste container', 'water bottle', 'whistle']"
148401,ILSVRC2012_val_00038548.JPEG,100,coffee mug,coffee mug,2.53,56ce4cf17bd89efa,False,"['Band-Aid', 'T-shirt', 'backpack', 'banana', 'cleaver', 'clothes iron', 'coffee mug', 'computer mouse', 'digital watch', 'doormat', 'dumbbell', 'envelope', 'hair dryer', 'hammer', 'lampshade', 'lemon', 'lipstick', 'match', 'mobile phone', 'necklace', 'padlock', 'paintbrush', 'paper towel', 'park bench', 'pill bottle', 'pillow', 'plastic bag', 'plunger', 'power drill', 'printer', 'racket', 'ruler', 'safety pin', 'salt shaker', 'sandal', 'screw', 'shovel', 'space heater', 'spatula', 'speaker', 'strainer', 'sunglasses', 'teddy bear', 'television', 'umbrella', 'vase', 'wallet', 'waste container', 'water bottle', 'whistle']"
137744,ILSVRC2012_val_00038592.JPEG,100,television,television,2.122,091ffad2600fd1e7,False,"['Band-Aid', 'T-shirt', 'backpack', 'banana', 'cleaver', 'clothes iron', 'coffee mug', 'computer mouse', 'digital watch', 'doormat', 'dumbbell', 'envelope', 'hair dryer', 'hammer', 'lampshade', 'lemon', 'lipstick', 'match', 'mobile phone', 'necklace', 'padlock', 'paintbrush', 'paper towel', 'park bench', 'pill bottle', 'pillow', 'plastic bag', 'plunger', 'power drill', 'printer', 'racket', 'ruler', 'safety pin', 'salt shaker', 'sandal', 'screw', 'shovel', 'space heater', 'spatula', 'speaker', 'strainer', 'sunglasses', 'teddy bear', 'television', 'umbrella', 'vase', 'wallet', 'waste container', 'water bottle', 'whistle']"
137788,ILSVRC2012_val_00038641.JPEG,100,necklace,necklace,3.068,9429ead3ce164e19,False,"['Band-Aid', 'T-shirt', 'backpack', 'banana', 'cleaver', 'clothes iron', 'coffee mug', 'computer mouse', 'digital watch', 'doormat', 'dumbbell', 'envelope', 'hair dryer', 'hammer', 'lampshade', 'lemon', 'lipstick', 'match', 'mobile phone', 'necklace', 'padlock', 'paintbrush', 'paper towel', 'park bench', 'pill bottle', 'pillow', 'plastic bag', 'plunger', 'power drill', 'printer', 'racket', 'ruler', 'safety pin', 'salt shaker', 'sandal', 'screw', 'shovel', 'space heater', 'spatula', 'speaker', 'strainer', 'sunglasses', 'teddy bear', 'television', 'umbrella', 'vase', 'wallet', 'waste container', 'water bottle', 'whistle']"
140590,ILSVRC2012_val_00038693.JPEG,100,lipstick,lipstick,6.804,3eb939b895c05985,False,"['Band-Aid', 'T-shirt', 'backpack', 'banana', 'cleaver', 'clothes iron', 'coffee mug', 'computer mouse', 'digital watch', 'doormat', 'dumbbell', 'envelope', 'hair dryer', 'hammer', 'lampshade', 'lemon', 'lipstick', 'match', 'mobile phone', 'necklace', 'padlock', 'paintbrush', 'paper towel', 'park bench', 'pill bottle', 'pillow', 'plastic bag', 'plunger', 'power drill', 'printer', 'racket', 'ruler', 'safety pin', 'salt shaker', 'sandal', 'screw', 'shovel', 'space heater', 'spatula', 'speaker', 'strainer', 'sunglasses', 'teddy bear', 'television', 'umbrella', 'vase', 'wallet', 'waste container', 'water bottle', 'whistle']"
137777,ILSVRC2012_val_00038748.JPEG,100,power drill,power drill,4.559,8ef454db5569e7ac,False,"['Band-Aid', 'T-shirt', 'backpack', 'banana', 'cleaver', 'clothes iron', 'coffee mug', 'computer mouse', 'digital watch', 'doormat', 'dumbbell', 'envelope', 'hair dryer', 'hammer', 'lampshade', 'lemon', 'lipstick', 'match', 'mobile phone', 'necklace', 'padlock', 'paintbrush', 'paper towel', 'park bench', 'pill bottle', 'pillow', 'plastic bag', 'plunger', 'power drill', 'printer', 'racket', 'ruler', 'safety pin', 'salt shaker', 'sandal', 'screw', 'shovel', 'space heater', 'spatula', 'speaker', 'strainer', 'sunglasses', 'teddy bear', 'television', 'umbrella', 'vase', 'wallet', 'waste container', 'water bottle', 'whistle']"
142169,ILSVRC2012_val_00038776.JPEG,100,digital watch,digital watch,5.519,0086a5e995a3afdf,False,"['Band-Aid', 'T-shirt', 'backpack', 'banana', 'cleaver', 'clothes iron', 'coffee mug', 'computer mouse', 'digital watch', 'doormat', 'dumbbell', 'envelope', 'hair dryer', 'hammer', 'lampshade', 'lemon', 'lipstick', 'match', 'mobile phone', 'necklace', 'padlock', 'paintbrush', 'paper towel', 'park bench', 'pill bottle', 'pillow', 'plastic bag', 'plunger', 'power drill', 'printer', 'racket', 'ruler', 'safety pin', 'salt shaker', 'sandal', 'screw', 'shovel', 'space heater', 'spatula', 'speaker', 'strainer', 'sunglasses', 'teddy bear', 'television', 'umbrella', 'vase', 'wallet', 'waste container', 'water bottle', 'whistle']"
142149,ILSVRC2012_val_00038865.JPEG,100,plastic bag,plastic bag,3.853,d4c63837c4508ce1,False,"['Band-Aid', 'T-shirt', 'backpack', 'banana', 'cleaver', 'clothes iron', 'coffee mug', 'computer mouse', 'digital watch', 'doormat', 'dumbbell', 'envelope', 'hair dryer', 'hammer', 'lampshade', 'lemon', 'lipstick', 'match', 'mobile phone', 'necklace', 'padlock', 'paintbrush', 'paper towel', 'park bench', 'pill bottle', 'pillow', 'plastic bag', 'plunger', 'power drill', 'printer', 'racket', 'ruler', 'safety pin', 'salt shaker', 'sandal', 'screw', 'shovel', 'space heater', 'spatula', 'speaker', 'strainer', 'sunglasses', 'teddy bear', 'television', 'umbrella', 'vase', 'wallet', 'waste container', 'water bottle', 'whistle']"
138490,ILSVRC2012_val_00038953.JPEG,100,backpack,backpack,7.749,6e3cec84996776a3,False,"['Band-Aid', 'T-shirt', 'backpack', 'banana', 'cleaver', 'clothes iron', 'coffee mug', 'computer mouse', 'digital watch', 'doormat', 'dumbbell', 'envelope', 'hair dryer', 'hammer', 'lampshade', 'lemon', 'lipstick', 'match', 'mobile phone', 'necklace', 'padlock', 'paintbrush', 'paper towel', 'park bench', 'pill bottle', 'pillow', 'plastic bag', 'plunger', 'power drill', 'printer', 'racket', 'ruler', 'safety pin', 'salt shaker', 'sandal', 'screw', 'shovel', 'space heater', 'spatula', 'speaker', 'strainer', 'sunglasses', 'teddy bear', 'television', 'umbrella', 'vase', 'wallet', 'waste container', 'water bottle', 'whistle']"
145415,ILSVRC2012_val_00039183.JPEG,100,necklace,necklace,3.118,ccb4f6b37950a6d2,False,"['Band-Aid', 'T-shirt', 'backpack', 'banana', 'cleaver', 'clothes iron', 'coffee mug', 'computer mouse', 'digital watch', 'doormat', 'dumbbell', 'envelope', 'hair dryer', 'hammer', 'lampshade', 'lemon', 'lipstick', 'match', 'mobile phone', 'necklace', 'padlock', 'paintbrush', 'paper towel', 'park bench', 'pill bottle', 'pillow', 'plastic bag', 'plunger', 'power drill', 'printer', 'racket', 'ruler', 'safety pin', 'salt shaker', 'sandal', 'screw', 'shovel', 'space heater', 'spatula', 'speaker', 'strainer', 'sunglasses', 'teddy bear', 'television', 'umbrella', 'vase', 'wallet', 'waste container', 'water bottle', 'whistle']"
133857,ILSVRC2012_val_00039275.JPEG,100,teddy bear,teddy bear,2.837,a57f51ff184717d9,False,"['Band-Aid', 'T-shirt', 'backpack', 'banana', 'cleaver', 'clothes iron', 'coffee mug', 'computer mouse', 'digital watch', 'doormat', 'dumbbell', 'envelope', 'hair dryer', 'hammer', 'lampshade', 'lemon', 'lipstick', 'match', 'mobile phone', 'necklace', 'padlock', 'paintbrush', 'paper towel', 'park bench', 'pill bottle', 'pillow', 'plastic bag', 'plunger', 'power drill', 'printer', 'racket', 'ruler', 'safety pin', 'salt shaker', 'sandal', 'screw', 'shovel', 'space heater', 'spatula', 'speaker', 'strainer', 'sunglasses', 'teddy bear', 'television', 'umbrella', 'vase', 'wallet', 'waste container', 'water bottle', 'whistle']"
133862,ILSVRC2012_val_00039293.JPEG,100,necklace,necklace,2.488,30712352605a8d12,False,"['Band-Aid', 'T-shirt', 'backpack', 'banana', 'cleaver', 'clothes iron', 'coffee mug', 'computer mouse', 'digital watch', 'doormat', 'dumbbell', 'envelope', 'hair dryer', 'hammer', 'lampshade', 'lemon', 'lipstick', 'match', 'mobile phone', 'necklace', 'padlock', 'paintbrush', 'paper towel', 'park bench', 'pill bottle', 'pillow', 'plastic bag', 'plunger', 'power drill', 'printer', 'racket', 'ruler', 'safety pin', 'salt shaker', 'sandal', 'screw', 'shovel', 'space heater', 'spatula', 'speaker', 'strainer', 'sunglasses', 'teddy bear', 'television', 'umbrella', 'vase', 'wallet', 'waste container', 'water bottle', 'whistle']"
143205,ILSVRC2012_val_00039414.JPEG,100,necklace,necklace,4.461,ba3f2c754d783b20,False,"['Band-Aid', 'T-shirt', 'backpack', 'banana', 'cleaver', 'clothes iron', 'coffee mug', 'computer mouse', 'digital watch', 'doormat', 'dumbbell', 'envelope', 'hair dryer', 'hammer', 'lampshade', 'lemon', 'lipstick', 'match', 'mobile phone', 'necklace', 'padlock', 'paintbrush', 'paper towel', 'park bench', 'pill bottle', 'pillow', 'plastic bag', 'plunger', 'power drill', 'printer', 'racket', 'ruler', 'safety pin', 'salt shaker', 'sandal', 'screw', 'shovel', 'space heater', 'spatula', 'speaker', 'strainer', 'sunglasses', 'teddy bear', 'television', 'umbrella', 'vase', 'wallet', 'waste container', 'water bottle', 'whistle']"
136542,ILSVRC2012_val_00039425.JPEG,100,mobile phone,mobile phone,2.487,b4ee99a227e34250,False,"['Band-Aid', 'T-shirt', 'backpack', 'banana', 'cleaver', 'clothes iron', 'coffee mug', 'computer mouse', 'digital watch', 'doormat', 'dumbbell', 'envelope', 'hair dryer', 'hammer', 'lampshade', 'lemon', 'lipstick', 'match', 'mobile phone', 'necklace', 'padlock', 'paintbrush', 'paper towel', 'park bench', 'pill bottle', 'pillow', 'plastic bag', 'plunger', 'power drill', 'printer', 'racket', 'ruler', 'safety pin', 'salt shaker', 'sandal', 'screw', 'shovel', 'space heater', 'spatula', 'speaker', 'strainer', 'sunglasses', 'teddy bear', 'television', 'umbrella', 'vase', 'wallet', 'waste container', 'water bottle', 'whistle']"
142537,ILSVRC2012_val_00039467.JPEG,100,lipstick,lipstick,1.9,c71a3b0c753e8922,False,"['Band-Aid', 'T-shirt', 'backpack', 'banana', 'cleaver', 'clothes iron', 'coffee mug', 'computer mouse', 'digital watch', 'doormat', 'dumbbell', 'envelope', 'hair dryer', 'hammer', 'lampshade', 'lemon', 'lipstick', 'match', 'mobile phone', 'necklace', 'padlock', 'paintbrush', 'paper towel', 'park bench', 'pill bottle', 'pillow', 'plastic bag', 'plunger', 'power drill', 'printer', 'racket', 'ruler', 'safety pin', 'salt shaker', 'sandal', 'screw', 'shovel', 'space heater', 'spatula', 'speaker', 'strainer', 'sunglasses', 'teddy bear', 'television', 'umbrella', 'vase', 'wallet', 'waste container', 'water bottle', 'whistle']"
146897,ILSVRC2012_val_00039490.JPEG,100,screw,screw,5.063,2e2fea63139f57d3,False,"['Band-Aid', 'T-shirt', 'backpack', 'banana', 'cleaver', 'clothes iron', 'coffee mug', 'computer mouse', 'digital watch', 'doormat', 'dumbbell', 'envelope', 'hair dryer', 'hammer', 'lampshade', 'lemon', 'lipstick', 'match', 'mobile phone', 'necklace', 'padlock', 'paintbrush', 'paper towel', 'park bench', 'pill bottle', 'pillow', 'plastic bag', 'plunger', 'power drill', 'printer', 'racket', 'ruler', 'safety pin', 'salt shaker', 'sandal', 'screw', 'shovel', 'space heater', 'spatula', 'speaker', 'strainer', 'sunglasses', 'teddy bear', 'television', 'umbrella', 'vase', 'wallet', 'waste container', 'water bottle', 'whistle']"
138431,ILSVRC2012_val_00039512.JPEG,100,paper towel,paper towel,3.654,546f3d6084b70bfc,False,"['Band-Aid', 'T-shirt', 'backpack', 'banana', 'cleaver', 'clothes iron', 'coffee mug', 'computer mouse', 'digital watch', 'doormat', 'dumbbell', 'envelope', 'hair dryer', 'hammer', 'lampshade', 'lemon', 'lipstick', 'match', 'mobile phone', 'necklace', 'padlock', 'paintbrush', 'paper towel', 'park bench', 'pill bottle', 'pillow', 'plastic bag', 'plunger', 'power drill', 'printer', 'racket', 'ruler', 'safety pin', 'salt shaker', 'sandal', 'screw', 'shovel', 'space heater', 'spatula', 'speaker', 'strainer', 'sunglasses', 'teddy bear', 'television', 'umbrella', 'vase', 'wallet', 'waste container', 'water bottle', 'whistle']"
153511,ILSVRC2012_val_00039590.JPEG,100,digital watch,digital watch,2.933,082f3035cb3f182e,False,"['Band-Aid', 'T-shirt', 'backpack', 'banana', 'cleaver', 'clothes iron', 'coffee mug', 'computer mouse', 'digital watch', 'doormat', 'dumbbell', 'envelope', 'hair dryer', 'hammer', 'lampshade', 'lemon', 'lipstick', 'match', 'mobile phone', 'necklace', 'padlock', 'paintbrush', 'paper towel', 'park bench', 'pill bottle', 'pillow', 'plastic bag', 'plunger', 'power drill', 'printer', 'racket', 'ruler', 'safety pin', 'salt shaker', 'sandal', 'screw', 'shovel', 'space heater', 'spatula', 'speaker', 'strainer', 'sunglasses', 'teddy bear', 'television', 'umbrella', 'vase', 'wallet', 'waste container', 'water bottle', 'whistle']"
136503,ILSVRC2012_val_00039834.JPEG,100,lemon,lemon,5.764,7f9f82a27d57e36d,False,"['Band-Aid', 'T-shirt', 'backpack', 'banana', 'cleaver', 'clothes iron', 'coffee mug', 'computer mouse', 'digital watch', 'doormat', 'dumbbell', 'envelope', 'hair dryer', 'hammer', 'lampshade', 'lemon', 'lipstick', 'match', 'mobile phone', 'necklace', 'padlock', 'paintbrush', 'paper towel', 'park bench', 'pill bottle', 'pillow', 'plastic bag', 'plunger', 'power drill', 'printer', 'racket', 'ruler', 'safety pin', 'salt shaker', 'sandal', 'screw', 'shovel', 'space heater', 'spatula', 'speaker', 'strainer', 'sunglasses', 'teddy bear', 'television', 'umbrella', 'vase', 'wallet', 'waste container', 'water bottle', 'whistle']"
151627,ILSVRC2012_val_00039835.JPEG,100,digital watch,digital watch,2.726,204a2df306976205,False,"['Band-Aid', 'T-shirt', 'backpack', 'banana', 'cleaver', 'clothes iron', 'coffee mug', 'computer mouse', 'digital watch', 'doormat', 'dumbbell', 'envelope', 'hair dryer', 'hammer', 'lampshade', 'lemon', 'lipstick', 'match', 'mobile phone', 'necklace', 'padlock', 'paintbrush', 'paper towel', 'park bench', 'pill bottle', 'pillow', 'plastic bag', 'plunger', 'power drill', 'printer', 'racket', 'ruler', 'safety pin', 'salt shaker', 'sandal', 'screw', 'shovel', 'space heater', 'spatula', 'speaker', 'strainer', 'sunglasses', 'teddy bear', 'television', 'umbrella', 'vase', 'wallet', 'waste container', 'water bottle', 'whistle']"
150608,ILSVRC2012_val_00039932.JPEG,100,mobile phone,mobile phone,1.506,091ffad2600fd1e7,False,"['Band-Aid', 'T-shirt', 'backpack', 'banana', 'cleaver', 'clothes iron', 'coffee mug', 'computer mouse', 'digital watch', 'doormat', 'dumbbell', 'envelope', 'hair dryer', 'hammer', 'lampshade', 'lemon', 'lipstick', 'match', 'mobile phone', 'necklace', 'padlock', 'paintbrush', 'paper towel', 'park bench', 'pill bottle', 'pillow', 'plastic bag', 'plunger', 'power drill', 'printer', 'racket', 'ruler', 'safety pin', 'salt shaker', 'sandal', 'screw', 'shovel', 'space heater', 'spatula', 'speaker', 'strainer', 'sunglasses', 'teddy bear', 'television', 'umbrella', 'vase', 'wallet', 'waste container', 'water bottle', 'whistle']"
157919,ILSVRC2012_val_00040070.JPEG,100,water bottle,paintbrush,4.26,b274046c29f885ae,False,"['Band-Aid', 'T-shirt', 'backpack', 'banana', 'cleaver', 'clothes iron', 'coffee mug', 'computer mouse', 'digital watch', 'doormat', 'dumbbell', 'envelope', 'hair dryer', 'hammer', 'lampshade', 'lemon', 'lipstick', 'match', 'mobile phone', 'necklace', 'padlock', 'paintbrush', 'paper towel', 'park bench', 'pill bottle', 'pillow', 'plastic bag', 'plunger', 'power drill', 'printer', 'racket', 'ruler', 'safety pin', 'salt shaker', 'sandal', 'screw', 'shovel', 'space heater', 'spatula', 'speaker', 'strainer', 'sunglasses', 'teddy bear', 'television', 'umbrella', 'vase', 'wallet', 'waste container', 'water bottle', 'whistle']"
153841,ILSVRC2012_val_00040080.JPEG,100,lemon,lemon,64.653,26d8ebaff544cf47,False,"['Band-Aid', 'T-shirt', 'backpack', 'banana', 'cleaver', 'clothes iron', 'coffee mug', 'computer mouse', 'digital watch', 'doormat', 'dumbbell', 'envelope', 'hair dryer', 'hammer', 'lampshade', 'lemon', 'lipstick', 'match', 'mobile phone', 'necklace', 'padlock', 'paintbrush', 'paper towel', 'park bench', 'pill bottle', 'pillow', 'plastic bag', 'plunger', 'power drill', 'printer', 'racket', 'ruler', 'safety pin', 'salt shaker', 'sandal', 'screw', 'shovel', 'space heater', 'spatula', 'speaker', 'strainer', 'sunglasses', 'teddy bear', 'television', 'umbrella', 'vase', 'wallet', 'waste container', 'water bottle', 'whistle']"
151666,ILSVRC2012_val_00040089.JPEG,100,padlock,padlock,13.073,0ad8b37d878677cc,False,"['Band-Aid', 'T-shirt', 'backpack', 'banana', 'cleaver', 'clothes iron', 'coffee mug', 'computer mouse', 'digital watch', 'doormat', 'dumbbell', 'envelope', 'hair dryer', 'hammer', 'lampshade', 'lemon', 'lipstick', 'match', 'mobile phone', 'necklace', 'padlock', 'paintbrush', 'paper towel', 'park bench', 'pill bottle', 'pillow', 'plastic bag', 'plunger', 'power drill', 'printer', 'racket', 'ruler', 'safety pin', 'salt shaker', 'sandal', 'screw', 'shovel', 'space heater', 'spatula', 'speaker', 'strainer', 'sunglasses', 'teddy bear', 'television', 'umbrella', 'vase', 'wallet', 'waste container', 'water bottle', 'whistle']"
150351,ILSVRC2012_val_00040166.JPEG,100,necklace,necklace,2.436,81f5ce29c01f4652,False,"['Band-Aid', 'T-shirt', 'backpack', 'banana', 'cleaver', 'clothes iron', 'coffee mug', 'computer mouse', 'digital watch', 'doormat', 'dumbbell', 'envelope', 'hair dryer', 'hammer', 'lampshade', 'lemon', 'lipstick', 'match', 'mobile phone', 'necklace', 'padlock', 'paintbrush', 'paper towel', 'park bench', 'pill bottle', 'pillow', 'plastic bag', 'plunger', 'power drill', 'printer', 'racket', 'ruler', 'safety pin', 'salt shaker', 'sandal', 'screw', 'shovel', 'space heater', 'spatula', 'speaker', 'strainer', 'sunglasses', 'teddy bear', 'television', 'umbrella', 'vase', 'wallet', 'waste container', 'water bottle', 'whistle']"
144224,ILSVRC2012_val_00040191.JPEG,100,umbrella,umbrella,4.264,c537fcbe25a386a1,False,"['Band-Aid', 'T-shirt', 'backpack', 'banana', 'cleaver', 'clothes iron', 'coffee mug', 'computer mouse', 'digital watch', 'doormat', 'dumbbell', 'envelope', 'hair dryer', 'hammer', 'lampshade', 'lemon', 'lipstick', 'match', 'mobile phone', 'necklace', 'padlock', 'paintbrush', 'paper towel', 'park bench', 'pill bottle', 'pillow', 'plastic bag', 'plunger', 'power drill', 'printer', 'racket', 'ruler', 'safety pin', 'salt shaker', 'sandal', 'screw', 'shovel', 'space heater', 'spatula', 'speaker', 'strainer', 'sunglasses', 'teddy bear', 'television', 'umbrella', 'vase', 'wallet', 'waste container', 'water bottle', 'whistle']"
135446,ILSVRC2012_val_00040207.JPEG,100,paper towel,doormat,14.927,43e49bdc94ca6857,False,"['Band-Aid', 'T-shirt', 'backpack', 'banana', 'cleaver', 'clothes iron', 'coffee mug', 'computer mouse', 'digital watch', 'doormat', 'dumbbell', 'envelope', 'hair dryer', 'hammer', 'lampshade', 'lemon', 'lipstick', 'match', 'mobile phone', 'necklace', 'padlock', 'paintbrush', 'paper towel', 'park bench', 'pill bottle', 'pillow', 'plastic bag', 'plunger', 'power drill', 'printer', 'racket', 'ruler', 'safety pin', 'salt shaker', 'sandal', 'screw', 'shovel', 'space heater', 'spatula', 'speaker', 'strainer', 'sunglasses', 'teddy bear', 'television', 'umbrella', 'vase', 'wallet', 'waste container', 'water bottle', 'whistle']"
140162,ILSVRC2012_val_00040250.JPEG,100,screw,screw,19.051,2d1d7aa95081fb69,False,"['Band-Aid', 'T-shirt', 'backpack', 'banana', 'cleaver', 'clothes iron', 'coffee mug', 'computer mouse', 'digital watch', 'doormat', 'dumbbell', 'envelope', 'hair dryer', 'hammer', 'lampshade', 'lemon', 'lipstick', 'match', 'mobile phone', 'necklace', 'padlock', 'paintbrush', 'paper towel', 'park bench', 'pill bottle', 'pillow', 'plastic bag', 'plunger', 'power drill', 'printer', 'racket', 'ruler', 'safety pin', 'salt shaker', 'sandal', 'screw', 'shovel', 'space heater', 'spatula', 'speaker', 'strainer', 'sunglasses', 'teddy bear', 'television', 'umbrella', 'vase', 'wallet', 'waste container', 'water bottle', 'whistle']"
167627,ILSVRC2012_val_00040253.JPEG,100,shovel,shovel,36.289,6add2963ec12d422,False,"['Band-Aid', 'T-shirt', 'backpack', 'banana', 'cleaver', 'clothes iron', 'coffee mug', 'computer mouse', 'digital watch', 'doormat', 'dumbbell', 'envelope', 'hair dryer', 'hammer', 'lampshade', 'lemon', 'lipstick', 'match', 'mobile phone', 'necklace', 'padlock', 'paintbrush', 'paper towel', 'park bench', 'pill bottle', 'pillow', 'plastic bag', 'plunger', 'power drill', 'printer', 'racket', 'ruler', 'safety pin', 'salt shaker', 'sandal', 'screw', 'shovel', 'space heater', 'spatula', 'speaker', 'strainer', 'sunglasses', 'teddy bear', 'television', 'umbrella', 'vase', 'wallet', 'waste container', 'water bottle', 'whistle']"
156020,ILSVRC2012_val_00040280.JPEG,100,banana,banana,2.086,e2df1f8272047304,False,"['Band-Aid', 'T-shirt', 'backpack', 'banana', 'cleaver', 'clothes iron', 'coffee mug', 'computer mouse', 'digital watch', 'doormat', 'dumbbell', 'envelope', 'hair dryer', 'hammer', 'lampshade', 'lemon', 'lipstick', 'match', 'mobile phone', 'necklace', 'padlock', 'paintbrush', 'paper towel', 'park bench', 'pill bottle', 'pillow', 'plastic bag', 'plunger', 'power drill', 'printer', 'racket', 'ruler', 'safety pin', 'salt shaker', 'sandal', 'screw', 'shovel', 'space heater', 'spatula', 'speaker', 'strainer', 'sunglasses', 'teddy bear', 'television', 'umbrella', 'vase', 'wallet', 'waste container', 'water bottle', 'whistle']"
140184,ILSVRC2012_val_00040374.JPEG,100,padlock,padlock,6.78,22c353a9f06abaab,False,"['Band-Aid', 'T-shirt', 'backpack', 'banana', 'cleaver', 'clothes iron', 'coffee mug', 'computer mouse', 'digital watch', 'doormat', 'dumbbell', 'envelope', 'hair dryer', 'hammer', 'lampshade', 'lemon', 'lipstick', 'match', 'mobile phone', 'necklace', 'padlock', 'paintbrush', 'paper towel', 'park bench', 'pill bottle', 'pillow', 'plastic bag', 'plunger', 'power drill', 'printer', 'racket', 'ruler', 'safety pin', 'salt shaker', 'sandal', 'screw', 'shovel', 'space heater', 'spatula', 'speaker', 'strainer', 'sunglasses', 'teddy bear', 'television', 'umbrella', 'vase', 'wallet', 'waste container', 'water bottle', 'whistle']"
138227,ILSVRC2012_val_00040514.JPEG,100,water bottle,pill bottle,9.557,0d2502db0e15db02,False,"['Band-Aid', 'T-shirt', 'backpack', 'banana', 'cleaver', 'clothes iron', 'coffee mug', 'computer mouse', 'digital watch', 'doormat', 'dumbbell', 'envelope', 'hair dryer', 'hammer', 'lampshade', 'lemon', 'lipstick', 'match', 'mobile phone', 'necklace', 'padlock', 'paintbrush', 'paper towel', 'park bench', 'pill bottle', 'pillow', 'plastic bag', 'plunger', 'power drill', 'printer', 'racket', 'ruler', 'safety pin', 'salt shaker', 'sandal', 'screw', 'shovel', 'space heater', 'spatula', 'speaker', 'strainer', 'sunglasses', 'teddy bear', 'television', 'umbrella', 'vase', 'wallet', 'waste container', 'water bottle', 'whistle']"
142136,ILSVRC2012_val_00040574.JPEG,100,safety pin,safety pin,2.441,ca0f0298ba150cc8,False,"['Band-Aid', 'T-shirt', 'backpack', 'banana', 'cleaver', 'clothes iron', 'coffee mug', 'computer mouse', 'digital watch', 'doormat', 'dumbbell', 'envelope', 'hair dryer', 'hammer', 'lampshade', 'lemon', 'lipstick', 'match', 'mobile phone', 'necklace', 'padlock', 'paintbrush', 'paper towel', 'park bench', 'pill bottle', 'pillow', 'plastic bag', 'plunger', 'power drill', 'printer', 'racket', 'ruler', 'safety pin', 'salt shaker', 'sandal', 'screw', 'shovel', 'space heater', 'spatula', 'speaker', 'strainer', 'sunglasses', 'teddy bear', 'television', 'umbrella', 'vase', 'wallet', 'waste container', 'water bottle', 'whistle']"
140135,ILSVRC2012_val_00040583.JPEG,100,padlock,lemon,2.706,8b4a6dec6203d3b7,False,"['Band-Aid', 'T-shirt', 'backpack', 'banana', 'cleaver', 'clothes iron', 'coffee mug', 'computer mouse', 'digital watch', 'doormat', 'dumbbell', 'envelope', 'hair dryer', 'hammer', 'lampshade', 'lemon', 'lipstick', 'match', 'mobile phone', 'necklace', 'padlock', 'paintbrush', 'paper towel', 'park bench', 'pill bottle', 'pillow', 'plastic bag', 'plunger', 'power drill', 'printer', 'racket', 'ruler', 'safety pin', 'salt shaker', 'sandal', 'screw', 'shovel', 'space heater', 'spatula', 'speaker', 'strainer', 'sunglasses', 'teddy bear', 'television', 'umbrella', 'vase', 'wallet', 'waste container', 'water bottle', 'whistle']"
156082,ILSVRC2012_val_00040617.JPEG,100,necklace,necklace,5.513,07137a78e947c156,False,"['Band-Aid', 'T-shirt', 'backpack', 'banana', 'cleaver', 'clothes iron', 'coffee mug', 'computer mouse', 'digital watch', 'doormat', 'dumbbell', 'envelope', 'hair dryer', 'hammer', 'lampshade', 'lemon', 'lipstick', 'match', 'mobile phone', 'necklace', 'padlock', 'paintbrush', 'paper towel', 'park bench', 'pill bottle', 'pillow', 'plastic bag', 'plunger', 'power drill', 'printer', 'racket', 'ruler', 'safety pin', 'salt shaker', 'sandal', 'screw', 'shovel', 'space heater', 'spatula', 'speaker', 'strainer', 'sunglasses', 'teddy bear', 'television', 'umbrella', 'vase', 'wallet', 'waste container', 'water bottle', 'whistle']"
158576,ILSVRC2012_val_00040729.JPEG,100,pillow,pillow,3.387,f2374b79007f9de2,False,"['Band-Aid', 'T-shirt', 'backpack', 'banana', 'cleaver', 'clothes iron', 'coffee mug', 'computer mouse', 'digital watch', 'doormat', 'dumbbell', 'envelope', 'hair dryer', 'hammer', 'lampshade', 'lemon', 'lipstick', 'match', 'mobile phone', 'necklace', 'padlock', 'paintbrush', 'paper towel', 'park bench', 'pill bottle', 'pillow', 'plastic bag', 'plunger', 'power drill', 'printer', 'racket', 'ruler', 'safety pin', 'salt shaker', 'sandal', 'screw', 'shovel', 'space heater', 'spatula', 'speaker', 'strainer', 'sunglasses', 'teddy bear', 'television', 'umbrella', 'vase', 'wallet', 'waste container', 'water bottle', 'whistle']"
144570,ILSVRC2012_val_00040984.JPEG,100,umbrella,umbrella,2.64,8ef454db5569e7ac,False,"['Band-Aid', 'T-shirt', 'backpack', 'banana', 'cleaver', 'clothes iron', 'coffee mug', 'computer mouse', 'digital watch', 'doormat', 'dumbbell', 'envelope', 'hair dryer', 'hammer', 'lampshade', 'lemon', 'lipstick', 'match', 'mobile phone', 'necklace', 'padlock', 'paintbrush', 'paper towel', 'park bench', 'pill bottle', 'pillow', 'plastic bag', 'plunger', 'power drill', 'printer', 'racket', 'ruler', 'safety pin', 'salt shaker', 'sandal', 'screw', 'shovel', 'space heater', 'spatula', 'speaker', 'strainer', 'sunglasses', 'teddy bear', 'television', 'umbrella', 'vase', 'wallet', 'waste container', 'water bottle', 'whistle']"
175121,ILSVRC2012_val_00040997.JPEG,100,coffee mug,coffee mug,1.918,7604e62cc632bfe2,False,"['Band-Aid', 'T-shirt', 'backpack', 'banana', 'cleaver', 'clothes iron', 'coffee mug', 'computer mouse', 'digital watch', 'doormat', 'dumbbell', 'envelope', 'hair dryer', 'hammer', 'lampshade', 'lemon', 'lipstick', 'match', 'mobile phone', 'necklace', 'padlock', 'paintbrush', 'paper towel', 'park bench', 'pill bottle', 'pillow', 'plastic bag', 'plunger', 'power drill', 'printer', 'racket', 'ruler', 'safety pin', 'salt shaker', 'sandal', 'screw', 'shovel', 'space heater', 'spatula', 'speaker', 'strainer', 'sunglasses', 'teddy bear', 'television', 'umbrella', 'vase', 'wallet', 'waste container', 'water bottle', 'whistle']"
151530,ILSVRC2012_val_00041067.JPEG,100,clothes iron,clothes iron,2.637,b1ef339e0dd50051,False,"['Band-Aid', 'T-shirt', 'backpack', 'banana', 'cleaver', 'clothes iron', 'coffee mug', 'computer mouse', 'digital watch', 'doormat', 'dumbbell', 'envelope', 'hair dryer', 'hammer', 'lampshade', 'lemon', 'lipstick', 'match', 'mobile phone', 'necklace', 'padlock', 'paintbrush', 'paper towel', 'park bench', 'pill bottle', 'pillow', 'plastic bag', 'plunger', 'power drill', 'printer', 'racket', 'ruler', 'safety pin', 'salt shaker', 'sandal', 'screw', 'shovel', 'space heater', 'spatula', 'speaker', 'strainer', 'sunglasses', 'teddy bear', 'television', 'umbrella', 'vase', 'wallet', 'waste container', 'water bottle', 'whistle']"
140861,ILSVRC2012_val_00041076.JPEG,100,hair dryer,hair dryer,2.675,b274046c29f885ae,False,"['Band-Aid', 'T-shirt', 'backpack', 'banana', 'cleaver', 'clothes iron', 'coffee mug', 'computer mouse', 'digital watch', 'doormat', 'dumbbell', 'envelope', 'hair dryer', 'hammer', 'lampshade', 'lemon', 'lipstick', 'match', 'mobile phone', 'necklace', 'padlock', 'paintbrush', 'paper towel', 'park bench', 'pill bottle', 'pillow', 'plastic bag', 'plunger', 'power drill', 'printer', 'racket', 'ruler', 'safety pin', 'salt shaker', 'sandal', 'screw', 'shovel', 'space heater', 'spatula', 'speaker', 'strainer', 'sunglasses', 'teddy bear', 'television', 'umbrella', 'vase', 'wallet', 'waste container', 'water bottle', 'whistle']"
139804,ILSVRC2012_val_00041122.JPEG,100,padlock,padlock,2.046,d89cfac324f0e406,False,"['Band-Aid', 'T-shirt', 'backpack', 'banana', 'cleaver', 'clothes iron', 'coffee mug', 'computer mouse', 'digital watch', 'doormat', 'dumbbell', 'envelope', 'hair dryer', 'hammer', 'lampshade', 'lemon', 'lipstick', 'match', 'mobile phone', 'necklace', 'padlock', 'paintbrush', 'paper towel', 'park bench', 'pill bottle', 'pillow', 'plastic bag', 'plunger', 'power drill', 'printer', 'racket', 'ruler', 'safety pin', 'salt shaker', 'sandal', 'screw', 'shovel', 'space heater', 'spatula', 'speaker', 'strainer', 'sunglasses', 'teddy bear', 'television', 'umbrella', 'vase', 'wallet', 'waste container', 'water bottle', 'whistle']"
162950,ILSVRC2012_val_00041194.JPEG,100,teddy bear,teddy bear,17.388,13e22420f77c1ab1,False,"['Band-Aid', 'T-shirt', 'backpack', 'banana', 'cleaver', 'clothes iron', 'coffee mug', 'computer mouse', 'digital watch', 'doormat', 'dumbbell', 'envelope', 'hair dryer', 'hammer', 'lampshade', 'lemon', 'lipstick', 'match', 'mobile phone', 'necklace', 'padlock', 'paintbrush', 'paper towel', 'park bench', 'pill bottle', 'pillow', 'plastic bag', 'plunger', 'power drill', 'printer', 'racket', 'ruler', 'safety pin', 'salt shaker', 'sandal', 'screw', 'shovel', 'space heater', 'spatula', 'speaker', 'strainer', 'sunglasses', 'teddy bear', 'television', 'umbrella', 'vase', 'wallet', 'waste container', 'water bottle', 'whistle']"
133722,ILSVRC2012_val_00041327.JPEG,100,screw,screw,2.994,325a2ddec5776136,False,"['Band-Aid', 'T-shirt', 'backpack', 'banana', 'cleaver', 'clothes iron', 'coffee mug', 'computer mouse', 'digital watch', 'doormat', 'dumbbell', 'envelope', 'hair dryer', 'hammer', 'lampshade', 'lemon', 'lipstick', 'match', 'mobile phone', 'necklace', 'padlock', 'paintbrush', 'paper towel', 'park bench', 'pill bottle', 'pillow', 'plastic bag', 'plunger', 'power drill', 'printer', 'racket', 'ruler', 'safety pin', 'salt shaker', 'sandal', 'screw', 'shovel', 'space heater', 'spatula', 'speaker', 'strainer', 'sunglasses', 'teddy bear', 'television', 'umbrella', 'vase', 'wallet', 'waste container', 'water bottle', 'whistle']"
153967,ILSVRC2012_val_00041644.JPEG,100,dumbbell,dumbbell,5.124,799d440def7f5fe3,False,"['Band-Aid', 'T-shirt', 'backpack', 'banana', 'cleaver', 'clothes iron', 'coffee mug', 'computer mouse', 'digital watch', 'doormat', 'dumbbell', 'envelope', 'hair dryer', 'hammer', 'lampshade', 'lemon', 'lipstick', 'match', 'mobile phone', 'necklace', 'padlock', 'paintbrush', 'paper towel', 'park bench', 'pill bottle', 'pillow', 'plastic bag', 'plunger', 'power drill', 'printer', 'racket', 'ruler', 'safety pin', 'salt shaker', 'sandal', 'screw', 'shovel', 'space heater', 'spatula', 'speaker', 'strainer', 'sunglasses', 'teddy bear', 'television', 'umbrella', 'vase', 'wallet', 'waste container', 'water bottle', 'whistle']"
135448,ILSVRC2012_val_00041707.JPEG,100,speaker,speaker,2.546,ebc78687a9b840d9,False,"['Band-Aid', 'T-shirt', 'backpack', 'banana', 'cleaver', 'clothes iron', 'coffee mug', 'computer mouse', 'digital watch', 'doormat', 'dumbbell', 'envelope', 'hair dryer', 'hammer', 'lampshade', 'lemon', 'lipstick', 'match', 'mobile phone', 'necklace', 'padlock', 'paintbrush', 'paper towel', 'park bench', 'pill bottle', 'pillow', 'plastic bag', 'plunger', 'power drill', 'printer', 'racket', 'ruler', 'safety pin', 'salt shaker', 'sandal', 'screw', 'shovel', 'space heater', 'spatula', 'speaker', 'strainer', 'sunglasses', 'teddy bear', 'television', 'umbrella', 'vase', 'wallet', 'waste container', 'water bottle', 'whistle']"
134220,ILSVRC2012_val_00041807.JPEG,100,printer,salt shaker,29.11,2314d3f97bb7aadf,False,"['Band-Aid', 'T-shirt', 'backpack', 'banana', 'cleaver', 'clothes iron', 'coffee mug', 'computer mouse', 'digital watch', 'doormat', 'dumbbell', 'envelope', 'hair dryer', 'hammer', 'lampshade', 'lemon', 'lipstick', 'match', 'mobile phone', 'necklace', 'padlock', 'paintbrush', 'paper towel', 'park bench', 'pill bottle', 'pillow', 'plastic bag', 'plunger', 'power drill', 'printer', 'racket', 'ruler', 'safety pin', 'salt shaker', 'sandal', 'screw', 'shovel', 'space heater', 'spatula', 'speaker', 'strainer', 'sunglasses', 'teddy bear', 'television', 'umbrella', 'vase', 'wallet', 'waste container', 'water bottle', 'whistle']"
147203,ILSVRC2012_val_00042212.JPEG,100,park bench,park bench,2.115,0c8070b7373f163c,False,"['Band-Aid', 'T-shirt', 'backpack', 'banana', 'cleaver', 'clothes iron', 'coffee mug', 'computer mouse', 'digital watch', 'doormat', 'dumbbell', 'envelope', 'hair dryer', 'hammer', 'lampshade', 'lemon', 'lipstick', 'match', 'mobile phone', 'necklace', 'padlock', 'paintbrush', 'paper towel', 'park bench', 'pill bottle', 'pillow', 'plastic bag', 'plunger', 'power drill', 'printer', 'racket', 'ruler', 'safety pin', 'salt shaker', 'sandal', 'screw', 'shovel', 'space heater', 'spatula', 'speaker', 'strainer', 'sunglasses', 'teddy bear', 'television', 'umbrella', 'vase', 'wallet', 'waste container', 'water bottle', 'whistle']"
147198,ILSVRC2012_val_00042343.JPEG,100,lipstick,lipstick,5.687,1255a3a864887c73,False,"['Band-Aid', 'T-shirt', 'backpack', 'banana', 'cleaver', 'clothes iron', 'coffee mug', 'computer mouse', 'digital watch', 'doormat', 'dumbbell', 'envelope', 'hair dryer', 'hammer', 'lampshade', 'lemon', 'lipstick', 'match', 'mobile phone', 'necklace', 'padlock', 'paintbrush', 'paper towel', 'park bench', 'pill bottle', 'pillow', 'plastic bag', 'plunger', 'power drill', 'printer', 'racket', 'ruler', 'safety pin', 'salt shaker', 'sandal', 'screw', 'shovel', 'space heater', 'spatula', 'speaker', 'strainer', 'sunglasses', 'teddy bear', 'television', 'umbrella', 'vase', 'wallet', 'waste container', 'water bottle', 'whistle']"
182916,ILSVRC2012_val_00042465.JPEG,100,paintbrush,paintbrush,1.476,2d5e6a68741000b1,False,"['Band-Aid', 'T-shirt', 'backpack', 'banana', 'cleaver', 'clothes iron', 'coffee mug', 'computer mouse', 'digital watch', 'doormat', 'dumbbell', 'envelope', 'hair dryer', 'hammer', 'lampshade', 'lemon', 'lipstick', 'match', 'mobile phone', 'necklace', 'padlock', 'paintbrush', 'paper towel', 'park bench', 'pill bottle', 'pillow', 'plastic bag', 'plunger', 'power drill', 'printer', 'racket', 'ruler', 'safety pin', 'salt shaker', 'sandal', 'screw', 'shovel', 'space heater', 'spatula', 'speaker', 'strainer', 'sunglasses', 'teddy bear', 'television', 'umbrella', 'vase', 'wallet', 'waste container', 'water bottle', 'whistle']"
147270,ILSVRC2012_val_00042607.JPEG,100,space heater,space heater,3.229,a69fceabc019619b,False,"['Band-Aid', 'T-shirt', 'backpack', 'banana', 'cleaver', 'clothes iron', 'coffee mug', 'computer mouse', 'digital watch', 'doormat', 'dumbbell', 'envelope', 'hair dryer', 'hammer', 'lampshade', 'lemon', 'lipstick', 'match', 'mobile phone', 'necklace', 'padlock', 'paintbrush', 'paper towel', 'park bench', 'pill bottle', 'pillow', 'plastic bag', 'plunger', 'power drill', 'printer', 'racket', 'ruler', 'safety pin', 'salt shaker', 'sandal', 'screw', 'shovel', 'space heater', 'spatula', 'speaker', 'strainer', 'sunglasses', 'teddy bear', 'television', 'umbrella', 'vase', 'wallet', 'waste container', 'water bottle', 'whistle']"
141129,ILSVRC2012_val_00042702.JPEG,100,power drill,power drill,6.996,d7a8e9a885e01c7f,False,"['Band-Aid', 'T-shirt', 'backpack', 'banana', 'cleaver', 'clothes iron', 'coffee mug', 'computer mouse', 'digital watch', 'doormat', 'dumbbell', 'envelope', 'hair dryer', 'hammer', 'lampshade', 'lemon', 'lipstick', 'match', 'mobile phone', 'necklace', 'padlock', 'paintbrush', 'paper towel', 'park bench', 'pill bottle', 'pillow', 'plastic bag', 'plunger', 'power drill', 'printer', 'racket', 'ruler', 'safety pin', 'salt shaker', 'sandal', 'screw', 'shovel', 'space heater', 'spatula', 'speaker', 'strainer', 'sunglasses', 'teddy bear', 'television', 'umbrella', 'vase', 'wallet', 'waste container', 'water bottle', 'whistle']"
141831,ILSVRC2012_val_00042720.JPEG,100,umbrella,umbrella,2.458,c989acb2950aeee7,False,"['Band-Aid', 'T-shirt', 'backpack', 'banana', 'cleaver', 'clothes iron', 'coffee mug', 'computer mouse', 'digital watch', 'doormat', 'dumbbell', 'envelope', 'hair dryer', 'hammer', 'lampshade', 'lemon', 'lipstick', 'match', 'mobile phone', 'necklace', 'padlock', 'paintbrush', 'paper towel', 'park bench', 'pill bottle', 'pillow', 'plastic bag', 'plunger', 'power drill', 'printer', 'racket', 'ruler', 'safety pin', 'salt shaker', 'sandal', 'screw', 'shovel', 'space heater', 'spatula', 'speaker', 'strainer', 'sunglasses', 'teddy bear', 'television', 'umbrella', 'vase', 'wallet', 'waste container', 'water bottle', 'whistle']"
136320,ILSVRC2012_val_00042735.JPEG,100,teddy bear,teddy bear,252.508,db71f3bdb025e3bd,False,"['Band-Aid', 'T-shirt', 'backpack', 'banana', 'cleaver', 'clothes iron', 'coffee mug', 'computer mouse', 'digital watch', 'doormat', 'dumbbell', 'envelope', 'hair dryer', 'hammer', 'lampshade', 'lemon', 'lipstick', 'match', 'mobile phone', 'necklace', 'padlock', 'paintbrush', 'paper towel', 'park bench', 'pill bottle', 'pillow', 'plastic bag', 'plunger', 'power drill', 'printer', 'racket', 'ruler', 'safety pin', 'salt shaker', 'sandal', 'screw', 'shovel', 'space heater', 'spatula', 'speaker', 'strainer', 'sunglasses', 'teddy bear', 'television', 'umbrella', 'vase', 'wallet', 'waste container', 'water bottle', 'whistle']"
140231,ILSVRC2012_val_00042753.JPEG,100,sunglasses,sunglasses,7.413,04b4064eb90c5ee3,False,"['Band-Aid', 'T-shirt', 'backpack', 'banana', 'cleaver', 'clothes iron', 'coffee mug', 'computer mouse', 'digital watch', 'doormat', 'dumbbell', 'envelope', 'hair dryer', 'hammer', 'lampshade', 'lemon', 'lipstick', 'match', 'mobile phone', 'necklace', 'padlock', 'paintbrush', 'paper towel', 'park bench', 'pill bottle', 'pillow', 'plastic bag', 'plunger', 'power drill', 'printer', 'racket', 'ruler', 'safety pin', 'salt shaker', 'sandal', 'screw', 'shovel', 'space heater', 'spatula', 'speaker', 'strainer', 'sunglasses', 'teddy bear', 'television', 'umbrella', 'vase', 'wallet', 'waste container', 'water bottle', 'whistle']"
162853,ILSVRC2012_val_00042814.JPEG,100,salt shaker,whistle,32.187,97cfefe6e0949e91,False,"['Band-Aid', 'T-shirt', 'backpack', 'banana', 'cleaver', 'clothes iron', 'coffee mug', 'computer mouse', 'digital watch', 'doormat', 'dumbbell', 'envelope', 'hair dryer', 'hammer', 'lampshade', 'lemon', 'lipstick', 'match', 'mobile phone', 'necklace', 'padlock', 'paintbrush', 'paper towel', 'park bench', 'pill bottle', 'pillow', 'plastic bag', 'plunger', 'power drill', 'printer', 'racket', 'ruler', 'safety pin', 'salt shaker', 'sandal', 'screw', 'shovel', 'space heater', 'spatula', 'speaker', 'strainer', 'sunglasses', 'teddy bear', 'television', 'umbrella', 'vase', 'wallet', 'waste container', 'water bottle', 'whistle']"
138384,ILSVRC2012_val_00042862.JPEG,100,T-shirt,T-shirt,3.735,246b85ad8158c9dd,False,"['Band-Aid', 'T-shirt', 'backpack', 'banana', 'cleaver', 'clothes iron', 'coffee mug', 'computer mouse', 'digital watch', 'doormat', 'dumbbell', 'envelope', 'hair dryer', 'hammer', 'lampshade', 'lemon', 'lipstick', 'match', 'mobile phone', 'necklace', 'padlock', 'paintbrush', 'paper towel', 'park bench', 'pill bottle', 'pillow', 'plastic bag', 'plunger', 'power drill', 'printer', 'racket', 'ruler', 'safety pin', 'salt shaker', 'sandal', 'screw', 'shovel', 'space heater', 'spatula', 'speaker', 'strainer', 'sunglasses', 'teddy bear', 'television', 'umbrella', 'vase', 'wallet', 'waste container', 'water bottle', 'whistle']"
155365,ILSVRC2012_val_00042957.JPEG,100,television,television,3.677,5c8aec5e079f8661,False,"['Band-Aid', 'T-shirt', 'backpack', 'banana', 'cleaver', 'clothes iron', 'coffee mug', 'computer mouse', 'digital watch', 'doormat', 'dumbbell', 'envelope', 'hair dryer', 'hammer', 'lampshade', 'lemon', 'lipstick', 'match', 'mobile phone', 'necklace', 'padlock', 'paintbrush', 'paper towel', 'park bench', 'pill bottle', 'pillow', 'plastic bag', 'plunger', 'power drill', 'printer', 'racket', 'ruler', 'safety pin', 'salt shaker', 'sandal', 'screw', 'shovel', 'space heater', 'spatula', 'speaker', 'strainer', 'sunglasses', 'teddy bear', 'television', 'umbrella', 'vase', 'wallet', 'waste container', 'water bottle', 'whistle']"
159515,ILSVRC2012_val_00043042.JPEG,100,mobile phone,mobile phone,3.468,6245cf3a4900f3ef,False,"['Band-Aid', 'T-shirt', 'backpack', 'banana', 'cleaver', 'clothes iron', 'coffee mug', 'computer mouse', 'digital watch', 'doormat', 'dumbbell', 'envelope', 'hair dryer', 'hammer', 'lampshade', 'lemon', 'lipstick', 'match', 'mobile phone', 'necklace', 'padlock', 'paintbrush', 'paper towel', 'park bench', 'pill bottle', 'pillow', 'plastic bag', 'plunger', 'power drill', 'printer', 'racket', 'ruler', 'safety pin', 'salt shaker', 'sandal', 'screw', 'shovel', 'space heater', 'spatula', 'speaker', 'strainer', 'sunglasses', 'teddy bear', 'television', 'umbrella', 'vase', 'wallet', 'waste container', 'water bottle', 'whistle']"
136332,ILSVRC2012_val_00043048.JPEG,100,paper towel,paper towel,2.907,8b189a27796bf940,False,"['Band-Aid', 'T-shirt', 'backpack', 'banana', 'cleaver', 'clothes iron', 'coffee mug', 'computer mouse', 'digital watch', 'doormat', 'dumbbell', 'envelope', 'hair dryer', 'hammer', 'lampshade', 'lemon', 'lipstick', 'match', 'mobile phone', 'necklace', 'padlock', 'paintbrush', 'paper towel', 'park bench', 'pill bottle', 'pillow', 'plastic bag', 'plunger', 'power drill', 'printer', 'racket', 'ruler', 'safety pin', 'salt shaker', 'sandal', 'screw', 'shovel', 'space heater', 'spatula', 'speaker', 'strainer', 'sunglasses', 'teddy bear', 'television', 'umbrella', 'vase', 'wallet', 'waste container', 'water bottle', 'whistle']"
145061,ILSVRC2012_val_00043137.JPEG,100,lipstick,lipstick,2.942,1df6d39b71cb7c34,False,"['Band-Aid', 'T-shirt', 'backpack', 'banana', 'cleaver', 'clothes iron', 'coffee mug', 'computer mouse', 'digital watch', 'doormat', 'dumbbell', 'envelope', 'hair dryer', 'hammer', 'lampshade', 'lemon', 'lipstick', 'match', 'mobile phone', 'necklace', 'padlock', 'paintbrush', 'paper towel', 'park bench', 'pill bottle', 'pillow', 'plastic bag', 'plunger', 'power drill', 'printer', 'racket', 'ruler', 'safety pin', 'salt shaker', 'sandal', 'screw', 'shovel', 'space heater', 'spatula', 'speaker', 'strainer', 'sunglasses', 'teddy bear', 'television', 'umbrella', 'vase', 'wallet', 'waste container', 'water bottle', 'whistle']"
136331,ILSVRC2012_val_00043149.JPEG,100,dumbbell,dumbbell,6.343,2eb094514afba8fc,False,"['Band-Aid', 'T-shirt', 'backpack', 'banana', 'cleaver', 'clothes iron', 'coffee mug', 'computer mouse', 'digital watch', 'doormat', 'dumbbell', 'envelope', 'hair dryer', 'hammer', 'lampshade', 'lemon', 'lipstick', 'match', 'mobile phone', 'necklace', 'padlock', 'paintbrush', 'paper towel', 'park bench', 'pill bottle', 'pillow', 'plastic bag', 'plunger', 'power drill', 'printer', 'racket', 'ruler', 'safety pin', 'salt shaker', 'sandal', 'screw', 'shovel', 'space heater', 'spatula', 'speaker', 'strainer', 'sunglasses', 'teddy bear', 'television', 'umbrella', 'vase', 'wallet', 'waste container', 'water bottle', 'whistle']"
149187,ILSVRC2012_val_00043211.JPEG,100,coffee mug,shovel,2.886,98fab9899b80908a,False,"['Band-Aid', 'T-shirt', 'backpack', 'banana', 'cleaver', 'clothes iron', 'coffee mug', 'computer mouse', 'digital watch', 'doormat', 'dumbbell', 'envelope', 'hair dryer', 'hammer', 'lampshade', 'lemon', 'lipstick', 'match', 'mobile phone', 'necklace', 'padlock', 'paintbrush', 'paper towel', 'park bench', 'pill bottle', 'pillow', 'plastic bag', 'plunger', 'power drill', 'printer', 'racket', 'ruler', 'safety pin', 'salt shaker', 'sandal', 'screw', 'shovel', 'space heater', 'spatula', 'speaker', 'strainer', 'sunglasses', 'teddy bear', 'television', 'umbrella', 'vase', 'wallet', 'waste container', 'water bottle', 'whistle']"
138348,ILSVRC2012_val_00043436.JPEG,100,clothes iron,clothes iron,5.054,4fd80e17989dc24c,False,"['Band-Aid', 'T-shirt', 'backpack', 'banana', 'cleaver', 'clothes iron', 'coffee mug', 'computer mouse', 'digital watch', 'doormat', 'dumbbell', 'envelope', 'hair dryer', 'hammer', 'lampshade', 'lemon', 'lipstick', 'match', 'mobile phone', 'necklace', 'padlock', 'paintbrush', 'paper towel', 'park bench', 'pill bottle', 'pillow', 'plastic bag', 'plunger', 'power drill', 'printer', 'racket', 'ruler', 'safety pin', 'salt shaker', 'sandal', 'screw', 'shovel', 'space heater', 'spatula', 'speaker', 'strainer', 'sunglasses', 'teddy bear', 'television', 'umbrella', 'vase', 'wallet', 'waste container', 'water bottle', 'whistle']"
135075,ILSVRC2012_val_00043496.JPEG,100,television,television,5.876,e3d77084d610f722,False,"['Band-Aid', 'T-shirt', 'backpack', 'banana', 'cleaver', 'clothes iron', 'coffee mug', 'computer mouse', 'digital watch', 'doormat', 'dumbbell', 'envelope', 'hair dryer', 'hammer', 'lampshade', 'lemon', 'lipstick', 'match', 'mobile phone', 'necklace', 'padlock', 'paintbrush', 'paper towel', 'park bench', 'pill bottle', 'pillow', 'plastic bag', 'plunger', 'power drill', 'printer', 'racket', 'ruler', 'safety pin', 'salt shaker', 'sandal', 'screw', 'shovel', 'space heater', 'spatula', 'speaker', 'strainer', 'sunglasses', 'teddy bear', 'television', 'umbrella', 'vase', 'wallet', 'waste container', 'water bottle', 'whistle']"
157185,ILSVRC2012_val_00043519.JPEG,100,pill bottle,pill bottle,2.325,6d930b23cf26bd0a,False,"['Band-Aid', 'T-shirt', 'backpack', 'banana', 'cleaver', 'clothes iron', 'coffee mug', 'computer mouse', 'digital watch', 'doormat', 'dumbbell', 'envelope', 'hair dryer', 'hammer', 'lampshade', 'lemon', 'lipstick', 'match', 'mobile phone', 'necklace', 'padlock', 'paintbrush', 'paper towel', 'park bench', 'pill bottle', 'pillow', 'plastic bag', 'plunger', 'power drill', 'printer', 'racket', 'ruler', 'safety pin', 'salt shaker', 'sandal', 'screw', 'shovel', 'space heater', 'spatula', 'speaker', 'strainer', 'sunglasses', 'teddy bear', 'television', 'umbrella', 'vase', 'wallet', 'waste container', 'water bottle', 'whistle']"
155025,ILSVRC2012_val_00043552.JPEG,100,teddy bear,teddy bear,6.453,80d3db92396f1ced,False,"['Band-Aid', 'T-shirt', 'backpack', 'banana', 'cleaver', 'clothes iron', 'coffee mug', 'computer mouse', 'digital watch', 'doormat', 'dumbbell', 'envelope', 'hair dryer', 'hammer', 'lampshade', 'lemon', 'lipstick', 'match', 'mobile phone', 'necklace', 'padlock', 'paintbrush', 'paper towel', 'park bench', 'pill bottle', 'pillow', 'plastic bag', 'plunger', 'power drill', 'printer', 'racket', 'ruler', 'safety pin', 'salt shaker', 'sandal', 'screw', 'shovel', 'space heater', 'spatula', 'speaker', 'strainer', 'sunglasses', 'teddy bear', 'television', 'umbrella', 'vase', 'wallet', 'waste container', 'water bottle', 'whistle']"
134100,ILSVRC2012_val_00043571.JPEG,100,coffee mug,coffee mug,7.607,68f0b2224da44dbe,False,"['Band-Aid', 'T-shirt', 'backpack', 'banana', 'cleaver', 'clothes iron', 'coffee mug', 'computer mouse', 'digital watch', 'doormat', 'dumbbell', 'envelope', 'hair dryer', 'hammer', 'lampshade', 'lemon', 'lipstick', 'match', 'mobile phone', 'necklace', 'padlock', 'paintbrush', 'paper towel', 'park bench', 'pill bottle', 'pillow', 'plastic bag', 'plunger', 'power drill', 'printer', 'racket', 'ruler', 'safety pin', 'salt shaker', 'sandal', 'screw', 'shovel', 'space heater', 'spatula', 'speaker', 'strainer', 'sunglasses', 'teddy bear', 'television', 'umbrella', 'vase', 'wallet', 'waste container', 'water bottle', 'whistle']"
144577,ILSVRC2012_val_00043608.JPEG,100,pillow,pillow,2.834,59b0b0fcd4d5d8a6,False,"['Band-Aid', 'T-shirt', 'backpack', 'banana', 'cleaver', 'clothes iron', 'coffee mug', 'computer mouse', 'digital watch', 'doormat', 'dumbbell', 'envelope', 'hair dryer', 'hammer', 'lampshade', 'lemon', 'lipstick', 'match', 'mobile phone', 'necklace', 'padlock', 'paintbrush', 'paper towel', 'park bench', 'pill bottle', 'pillow', 'plastic bag', 'plunger', 'power drill', 'printer', 'racket', 'ruler', 'safety pin', 'salt shaker', 'sandal', 'screw', 'shovel', 'space heater', 'spatula', 'speaker', 'strainer', 'sunglasses', 'teddy bear', 'television', 'umbrella', 'vase', 'wallet', 'waste container', 'water bottle', 'whistle']"
144539,ILSVRC2012_val_00043875.JPEG,100,water bottle,water bottle,3.506,d36b933bfde251c2,False,"['Band-Aid', 'T-shirt', 'backpack', 'banana', 'cleaver', 'clothes iron', 'coffee mug', 'computer mouse', 'digital watch', 'doormat', 'dumbbell', 'envelope', 'hair dryer', 'hammer', 'lampshade', 'lemon', 'lipstick', 'match', 'mobile phone', 'necklace', 'padlock', 'paintbrush', 'paper towel', 'park bench', 'pill bottle', 'pillow', 'plastic bag', 'plunger', 'power drill', 'printer', 'racket', 'ruler', 'safety pin', 'salt shaker', 'sandal', 'screw', 'shovel', 'space heater', 'spatula', 'speaker', 'strainer', 'sunglasses', 'teddy bear', 'television', 'umbrella', 'vase', 'wallet', 'waste container', 'water bottle', 'whistle']"
141794,ILSVRC2012_val_00043936.JPEG,100,salt shaker,spatula,1.707,9429ead3ce164e19,False,"['Band-Aid', 'T-shirt', 'backpack', 'banana', 'cleaver', 'clothes iron', 'coffee mug', 'computer mouse', 'digital watch', 'doormat', 'dumbbell', 'envelope', 'hair dryer', 'hammer', 'lampshade', 'lemon', 'lipstick', 'match', 'mobile phone', 'necklace', 'padlock', 'paintbrush', 'paper towel', 'park bench', 'pill bottle', 'pillow', 'plastic bag', 'plunger', 'power drill', 'printer', 'racket', 'ruler', 'safety pin', 'salt shaker', 'sandal', 'screw', 'shovel', 'space heater', 'spatula', 'speaker', 'strainer', 'sunglasses', 'teddy bear', 'television', 'umbrella', 'vase', 'wallet', 'waste container', 'water bottle', 'whistle']"
136302,ILSVRC2012_val_00044167.JPEG,100,clothes iron,clothes iron,4.148,feb95c446ac36791,False,"['Band-Aid', 'T-shirt', 'backpack', 'banana', 'cleaver', 'clothes iron', 'coffee mug', 'computer mouse', 'digital watch', 'doormat', 'dumbbell', 'envelope', 'hair dryer', 'hammer', 'lampshade', 'lemon', 'lipstick', 'match', 'mobile phone', 'necklace', 'padlock', 'paintbrush', 'paper towel', 'park bench', 'pill bottle', 'pillow', 'plastic bag', 'plunger', 'power drill', 'printer', 'racket', 'ruler', 'safety pin', 'salt shaker', 'sandal', 'screw', 'shovel', 'space heater', 'spatula', 'speaker', 'strainer', 'sunglasses', 'teddy bear', 'television', 'umbrella', 'vase', 'wallet', 'waste container', 'water bottle', 'whistle']"
138166,ILSVRC2012_val_00044173.JPEG,100,teddy bear,teddy bear,2.77,9e9279ab0a9dd553,False,"['Band-Aid', 'T-shirt', 'backpack', 'banana', 'cleaver', 'clothes iron', 'coffee mug', 'computer mouse', 'digital watch', 'doormat', 'dumbbell', 'envelope', 'hair dryer', 'hammer', 'lampshade', 'lemon', 'lipstick', 'match', 'mobile phone', 'necklace', 'padlock', 'paintbrush', 'paper towel', 'park bench', 'pill bottle', 'pillow', 'plastic bag', 'plunger', 'power drill', 'printer', 'racket', 'ruler', 'safety pin', 'salt shaker', 'sandal', 'screw', 'shovel', 'space heater', 'spatula', 'speaker', 'strainer', 'sunglasses', 'teddy bear', 'television', 'umbrella', 'vase', 'wallet', 'waste container', 'water bottle', 'whistle']"
146136,ILSVRC2012_val_00044257.JPEG,100,padlock,padlock,50.496,ccb4f6b37950a6d2,False,"['Band-Aid', 'T-shirt', 'backpack', 'banana', 'cleaver', 'clothes iron', 'coffee mug', 'computer mouse', 'digital watch', 'doormat', 'dumbbell', 'envelope', 'hair dryer', 'hammer', 'lampshade', 'lemon', 'lipstick', 'match', 'mobile phone', 'necklace', 'padlock', 'paintbrush', 'paper towel', 'park bench', 'pill bottle', 'pillow', 'plastic bag', 'plunger', 'power drill', 'printer', 'racket', 'ruler', 'safety pin', 'salt shaker', 'sandal', 'screw', 'shovel', 'space heater', 'spatula', 'speaker', 'strainer', 'sunglasses', 'teddy bear', 'television', 'umbrella', 'vase', 'wallet', 'waste container', 'water bottle', 'whistle']"
158135,ILSVRC2012_val_00044367.JPEG,100,teddy bear,teddy bear,2.106,807ac53ac01af1a7,False,"['Band-Aid', 'T-shirt', 'backpack', 'banana', 'cleaver', 'clothes iron', 'coffee mug', 'computer mouse', 'digital watch', 'doormat', 'dumbbell', 'envelope', 'hair dryer', 'hammer', 'lampshade', 'lemon', 'lipstick', 'match', 'mobile phone', 'necklace', 'padlock', 'paintbrush', 'paper towel', 'park bench', 'pill bottle', 'pillow', 'plastic bag', 'plunger', 'power drill', 'printer', 'racket', 'ruler', 'safety pin', 'salt shaker', 'sandal', 'screw', 'shovel', 'space heater', 'spatula', 'speaker', 'strainer', 'sunglasses', 'teddy bear', 'television', 'umbrella', 'vase', 'wallet', 'waste container', 'water bottle', 'whistle']"
149867,ILSVRC2012_val_00044418.JPEG,100,digital watch,digital watch,2.05,2d691df770495a3e,False,"['Band-Aid', 'T-shirt', 'backpack', 'banana', 'cleaver', 'clothes iron', 'coffee mug', 'computer mouse', 'digital watch', 'doormat', 'dumbbell', 'envelope', 'hair dryer', 'hammer', 'lampshade', 'lemon', 'lipstick', 'match', 'mobile phone', 'necklace', 'padlock', 'paintbrush', 'paper towel', 'park bench', 'pill bottle', 'pillow', 'plastic bag', 'plunger', 'power drill', 'printer', 'racket', 'ruler', 'safety pin', 'salt shaker', 'sandal', 'screw', 'shovel', 'space heater', 'spatula', 'speaker', 'strainer', 'sunglasses', 'teddy bear', 'television', 'umbrella', 'vase', 'wallet', 'waste container', 'water bottle', 'whistle']"
140870,ILSVRC2012_val_00044536.JPEG,100,digital watch,digital watch,2.25,395ab2469d10f84f,False,"['Band-Aid', 'T-shirt', 'backpack', 'banana', 'cleaver', 'clothes iron', 'coffee mug', 'computer mouse', 'digital watch', 'doormat', 'dumbbell', 'envelope', 'hair dryer', 'hammer', 'lampshade', 'lemon', 'lipstick', 'match', 'mobile phone', 'necklace', 'padlock', 'paintbrush', 'paper towel', 'park bench', 'pill bottle', 'pillow', 'plastic bag', 'plunger', 'power drill', 'printer', 'racket', 'ruler', 'safety pin', 'salt shaker', 'sandal', 'screw', 'shovel', 'space heater', 'spatula', 'speaker', 'strainer', 'sunglasses', 'teddy bear', 'television', 'umbrella', 'vase', 'wallet', 'waste container', 'water bottle', 'whistle']"
145284,ILSVRC2012_val_00044558.JPEG,100,hair dryer,hair dryer,15.589,031f47554f0462f7,False,"['Band-Aid', 'T-shirt', 'backpack', 'banana', 'cleaver', 'clothes iron', 'coffee mug', 'computer mouse', 'digital watch', 'doormat', 'dumbbell', 'envelope', 'hair dryer', 'hammer', 'lampshade', 'lemon', 'lipstick', 'match', 'mobile phone', 'necklace', 'padlock', 'paintbrush', 'paper towel', 'park bench', 'pill bottle', 'pillow', 'plastic bag', 'plunger', 'power drill', 'printer', 'racket', 'ruler', 'safety pin', 'salt shaker', 'sandal', 'screw', 'shovel', 'space heater', 'spatula', 'speaker', 'strainer', 'sunglasses', 'teddy bear', 'television', 'umbrella', 'vase', 'wallet', 'waste container', 'water bottle', 'whistle']"
144119,ILSVRC2012_val_00044575.JPEG,100,digital watch,digital watch,3.759,41fd4c42d7d5f40a,False,"['Band-Aid', 'T-shirt', 'backpack', 'banana', 'cleaver', 'clothes iron', 'coffee mug', 'computer mouse', 'digital watch', 'doormat', 'dumbbell', 'envelope', 'hair dryer', 'hammer', 'lampshade', 'lemon', 'lipstick', 'match', 'mobile phone', 'necklace', 'padlock', 'paintbrush', 'paper towel', 'park bench', 'pill bottle', 'pillow', 'plastic bag', 'plunger', 'power drill', 'printer', 'racket', 'ruler', 'safety pin', 'salt shaker', 'sandal', 'screw', 'shovel', 'space heater', 'spatula', 'speaker', 'strainer', 'sunglasses', 'teddy bear', 'television', 'umbrella', 'vase', 'wallet', 'waste container', 'water bottle', 'whistle']"
166730,ILSVRC2012_val_00044798.JPEG,100,necklace,necklace,3.345,8ef454db5569e7ac,False,"['Band-Aid', 'T-shirt', 'backpack', 'banana', 'cleaver', 'clothes iron', 'coffee mug', 'computer mouse', 'digital watch', 'doormat', 'dumbbell', 'envelope', 'hair dryer', 'hammer', 'lampshade', 'lemon', 'lipstick', 'match', 'mobile phone', 'necklace', 'padlock', 'paintbrush', 'paper towel', 'park bench', 'pill bottle', 'pillow', 'plastic bag', 'plunger', 'power drill', 'printer', 'racket', 'ruler', 'safety pin', 'salt shaker', 'sandal', 'screw', 'shovel', 'space heater', 'spatula', 'speaker', 'strainer', 'sunglasses', 'teddy bear', 'television', 'umbrella', 'vase', 'wallet', 'waste container', 'water bottle', 'whistle']"
138209,ILSVRC2012_val_00044845.JPEG,100,lipstick,lipstick,5.368,d61fc60574c294d4,False,"['Band-Aid', 'T-shirt', 'backpack', 'banana', 'cleaver', 'clothes iron', 'coffee mug', 'computer mouse', 'digital watch', 'doormat', 'dumbbell', 'envelope', 'hair dryer', 'hammer', 'lampshade', 'lemon', 'lipstick', 'match', 'mobile phone', 'necklace', 'padlock', 'paintbrush', 'paper towel', 'park bench', 'pill bottle', 'pillow', 'plastic bag', 'plunger', 'power drill', 'printer', 'racket', 'ruler', 'safety pin', 'salt shaker', 'sandal', 'screw', 'shovel', 'space heater', 'spatula', 'speaker', 'strainer', 'sunglasses', 'teddy bear', 'television', 'umbrella', 'vase', 'wallet', 'waste container', 'water bottle', 'whistle']"
142953,ILSVRC2012_val_00044858.JPEG,100,sunglasses,sunglasses,1.908,031f47554f0462f7,False,"['Band-Aid', 'T-shirt', 'backpack', 'banana', 'cleaver', 'clothes iron', 'coffee mug', 'computer mouse', 'digital watch', 'doormat', 'dumbbell', 'envelope', 'hair dryer', 'hammer', 'lampshade', 'lemon', 'lipstick', 'match', 'mobile phone', 'necklace', 'padlock', 'paintbrush', 'paper towel', 'park bench', 'pill bottle', 'pillow', 'plastic bag', 'plunger', 'power drill', 'printer', 'racket', 'ruler', 'safety pin', 'salt shaker', 'sandal', 'screw', 'shovel', 'space heater', 'spatula', 'speaker', 'strainer', 'sunglasses', 'teddy bear', 'television', 'umbrella', 'vase', 'wallet', 'waste container', 'water bottle', 'whistle']"
144388,ILSVRC2012_val_00044928.JPEG,100,hammer,hammer,3.337,88f46f24632680eb,False,"['Band-Aid', 'T-shirt', 'backpack', 'banana', 'cleaver', 'clothes iron', 'coffee mug', 'computer mouse', 'digital watch', 'doormat', 'dumbbell', 'envelope', 'hair dryer', 'hammer', 'lampshade', 'lemon', 'lipstick', 'match', 'mobile phone', 'necklace', 'padlock', 'paintbrush', 'paper towel', 'park bench', 'pill bottle', 'pillow', 'plastic bag', 'plunger', 'power drill', 'printer', 'racket', 'ruler', 'safety pin', 'salt shaker', 'sandal', 'screw', 'shovel', 'space heater', 'spatula', 'speaker', 'strainer', 'sunglasses', 'teddy bear', 'television', 'umbrella', 'vase', 'wallet', 'waste container', 'water bottle', 'whistle']"
145527,ILSVRC2012_val_00045046.JPEG,100,pillow,pillow,10.256,205176f2c5149559,False,"['Band-Aid', 'T-shirt', 'backpack', 'banana', 'cleaver', 'clothes iron', 'coffee mug', 'computer mouse', 'digital watch', 'doormat', 'dumbbell', 'envelope', 'hair dryer', 'hammer', 'lampshade', 'lemon', 'lipstick', 'match', 'mobile phone', 'necklace', 'padlock', 'paintbrush', 'paper towel', 'park bench', 'pill bottle', 'pillow', 'plastic bag', 'plunger', 'power drill', 'printer', 'racket', 'ruler', 'safety pin', 'salt shaker', 'sandal', 'screw', 'shovel', 'space heater', 'spatula', 'speaker', 'strainer', 'sunglasses', 'teddy bear', 'television', 'umbrella', 'vase', 'wallet', 'waste container', 'water bottle', 'whistle']"
144382,ILSVRC2012_val_00045050.JPEG,100,match,match,5.084,bdbc87ae57fc0b59,False,"['Band-Aid', 'T-shirt', 'backpack', 'banana', 'cleaver', 'clothes iron', 'coffee mug', 'computer mouse', 'digital watch', 'doormat', 'dumbbell', 'envelope', 'hair dryer', 'hammer', 'lampshade', 'lemon', 'lipstick', 'match', 'mobile phone', 'necklace', 'padlock', 'paintbrush', 'paper towel', 'park bench', 'pill bottle', 'pillow', 'plastic bag', 'plunger', 'power drill', 'printer', 'racket', 'ruler', 'safety pin', 'salt shaker', 'sandal', 'screw', 'shovel', 'space heater', 'spatula', 'speaker', 'strainer', 'sunglasses', 'teddy bear', 'television', 'umbrella', 'vase', 'wallet', 'waste container', 'water bottle', 'whistle']"
136472,ILSVRC2012_val_00045081.JPEG,100,teddy bear,teddy bear,2.508,2c52eec072dd8b69,False,"['Band-Aid', 'T-shirt', 'backpack', 'banana', 'cleaver', 'clothes iron', 'coffee mug', 'computer mouse', 'digital watch', 'doormat', 'dumbbell', 'envelope', 'hair dryer', 'hammer', 'lampshade', 'lemon', 'lipstick', 'match', 'mobile phone', 'necklace', 'padlock', 'paintbrush', 'paper towel', 'park bench', 'pill bottle', 'pillow', 'plastic bag', 'plunger', 'power drill', 'printer', 'racket', 'ruler', 'safety pin', 'salt shaker', 'sandal', 'screw', 'shovel', 'space heater', 'spatula', 'speaker', 'strainer', 'sunglasses', 'teddy bear', 'television', 'umbrella', 'vase', 'wallet', 'waste container', 'water bottle', 'whistle']"
138189,ILSVRC2012_val_00045138.JPEG,100,clothes iron,clothes iron,9.118,908e1f9f14bb2e73,False,"['Band-Aid', 'T-shirt', 'backpack', 'banana', 'cleaver', 'clothes iron', 'coffee mug', 'computer mouse', 'digital watch', 'doormat', 'dumbbell', 'envelope', 'hair dryer', 'hammer', 'lampshade', 'lemon', 'lipstick', 'match', 'mobile phone', 'necklace', 'padlock', 'paintbrush', 'paper towel', 'park bench', 'pill bottle', 'pillow', 'plastic bag', 'plunger', 'power drill', 'printer', 'racket', 'ruler', 'safety pin', 'salt shaker', 'sandal', 'screw', 'shovel', 'space heater', 'spatula', 'speaker', 'strainer', 'sunglasses', 'teddy bear', 'television', 'umbrella', 'vase', 'wallet', 'waste container', 'water bottle', 'whistle']"
149702,ILSVRC2012_val_00045149.JPEG,100,lemon,lemon,3.059,49fa547ac86521c7,False,"['Band-Aid', 'T-shirt', 'backpack', 'banana', 'cleaver', 'clothes iron', 'coffee mug', 'computer mouse', 'digital watch', 'doormat', 'dumbbell', 'envelope', 'hair dryer', 'hammer', 'lampshade', 'lemon', 'lipstick', 'match', 'mobile phone', 'necklace', 'padlock', 'paintbrush', 'paper towel', 'park bench', 'pill bottle', 'pillow', 'plastic bag', 'plunger', 'power drill', 'printer', 'racket', 'ruler', 'safety pin', 'salt shaker', 'sandal', 'screw', 'shovel', 'space heater', 'spatula', 'speaker', 'strainer', 'sunglasses', 'teddy bear', 'television', 'umbrella', 'vase', 'wallet', 'waste container', 'water bottle', 'whistle']"
139681,ILSVRC2012_val_00045268.JPEG,100,T-shirt,T-shirt,6.62,cef4685d20d10db4,False,"['Band-Aid', 'T-shirt', 'backpack', 'banana', 'cleaver', 'clothes iron', 'coffee mug', 'computer mouse', 'digital watch', 'doormat', 'dumbbell', 'envelope', 'hair dryer', 'hammer', 'lampshade', 'lemon', 'lipstick', 'match', 'mobile phone', 'necklace', 'padlock', 'paintbrush', 'paper towel', 'park bench', 'pill bottle', 'pillow', 'plastic bag', 'plunger', 'power drill', 'printer', 'racket', 'ruler', 'safety pin', 'salt shaker', 'sandal', 'screw', 'shovel', 'space heater', 'spatula', 'speaker', 'strainer', 'sunglasses', 'teddy bear', 'television', 'umbrella', 'vase', 'wallet', 'waste container', 'water bottle', 'whistle']"
169387,ILSVRC2012_val_00045509.JPEG,100,screw,screw,2.6,807ac53ac01af1a7,False,"['Band-Aid', 'T-shirt', 'backpack', 'banana', 'cleaver', 'clothes iron', 'coffee mug', 'computer mouse', 'digital watch', 'doormat', 'dumbbell', 'envelope', 'hair dryer', 'hammer', 'lampshade', 'lemon', 'lipstick', 'match', 'mobile phone', 'necklace', 'padlock', 'paintbrush', 'paper towel', 'park bench', 'pill bottle', 'pillow', 'plastic bag', 'plunger', 'power drill', 'printer', 'racket', 'ruler', 'safety pin', 'salt shaker', 'sandal', 'screw', 'shovel', 'space heater', 'spatula', 'speaker', 'strainer', 'sunglasses', 'teddy bear', 'television', 'umbrella', 'vase', 'wallet', 'waste container', 'water bottle', 'whistle']"
151991,ILSVRC2012_val_00045539.JPEG,100,computer mouse,computer mouse,2.313,991398360dd5923c,False,"['Band-Aid', 'T-shirt', 'backpack', 'banana', 'cleaver', 'clothes iron', 'coffee mug', 'computer mouse', 'digital watch', 'doormat', 'dumbbell', 'envelope', 'hair dryer', 'hammer', 'lampshade', 'lemon', 'lipstick', 'match', 'mobile phone', 'necklace', 'padlock', 'paintbrush', 'paper towel', 'park bench', 'pill bottle', 'pillow', 'plastic bag', 'plunger', 'power drill', 'printer', 'racket', 'ruler', 'safety pin', 'salt shaker', 'sandal', 'screw', 'shovel', 'space heater', 'spatula', 'speaker', 'strainer', 'sunglasses', 'teddy bear', 'television', 'umbrella', 'vase', 'wallet', 'waste container', 'water bottle', 'whistle']"
140787,ILSVRC2012_val_00045582.JPEG,100,salt shaker,salt shaker,1.283,0c97bb65a3c295b9,False,"['Band-Aid', 'T-shirt', 'backpack', 'banana', 'cleaver', 'clothes iron', 'coffee mug', 'computer mouse', 'digital watch', 'doormat', 'dumbbell', 'envelope', 'hair dryer', 'hammer', 'lampshade', 'lemon', 'lipstick', 'match', 'mobile phone', 'necklace', 'padlock', 'paintbrush', 'paper towel', 'park bench', 'pill bottle', 'pillow', 'plastic bag', 'plunger', 'power drill', 'printer', 'racket', 'ruler', 'safety pin', 'salt shaker', 'sandal', 'screw', 'shovel', 'space heater', 'spatula', 'speaker', 'strainer', 'sunglasses', 'teddy bear', 'television', 'umbrella', 'vase', 'wallet', 'waste container', 'water bottle', 'whistle']"
134316,ILSVRC2012_val_00045591.JPEG,100,safety pin,safety pin,19.54,b47ba8df0aefb46f,False,"['Band-Aid', 'T-shirt', 'backpack', 'banana', 'cleaver', 'clothes iron', 'coffee mug', 'computer mouse', 'digital watch', 'doormat', 'dumbbell', 'envelope', 'hair dryer', 'hammer', 'lampshade', 'lemon', 'lipstick', 'match', 'mobile phone', 'necklace', 'padlock', 'paintbrush', 'paper towel', 'park bench', 'pill bottle', 'pillow', 'plastic bag', 'plunger', 'power drill', 'printer', 'racket', 'ruler', 'safety pin', 'salt shaker', 'sandal', 'screw', 'shovel', 'space heater', 'spatula', 'speaker', 'strainer', 'sunglasses', 'teddy bear', 'television', 'umbrella', 'vase', 'wallet', 'waste container', 'water bottle', 'whistle']"
145801,ILSVRC2012_val_00045644.JPEG,100,water bottle,water bottle,1.981,ea9cb26121454822,False,"['Band-Aid', 'T-shirt', 'backpack', 'banana', 'cleaver', 'clothes iron', 'coffee mug', 'computer mouse', 'digital watch', 'doormat', 'dumbbell', 'envelope', 'hair dryer', 'hammer', 'lampshade', 'lemon', 'lipstick', 'match', 'mobile phone', 'necklace', 'padlock', 'paintbrush', 'paper towel', 'park bench', 'pill bottle', 'pillow', 'plastic bag', 'plunger', 'power drill', 'printer', 'racket', 'ruler', 'safety pin', 'salt shaker', 'sandal', 'screw', 'shovel', 'space heater', 'spatula', 'speaker', 'strainer', 'sunglasses', 'teddy bear', 'television', 'umbrella', 'vase', 'wallet', 'waste container', 'water bottle', 'whistle']"
138591,ILSVRC2012_val_00045756.JPEG,100,Band-Aid,Band-Aid,3.032,72484631ec7dd5a2,False,"['Band-Aid', 'T-shirt', 'backpack', 'banana', 'cleaver', 'clothes iron', 'coffee mug', 'computer mouse', 'digital watch', 'doormat', 'dumbbell', 'envelope', 'hair dryer', 'hammer', 'lampshade', 'lemon', 'lipstick', 'match', 'mobile phone', 'necklace', 'padlock', 'paintbrush', 'paper towel', 'park bench', 'pill bottle', 'pillow', 'plastic bag', 'plunger', 'power drill', 'printer', 'racket', 'ruler', 'safety pin', 'salt shaker', 'sandal', 'screw', 'shovel', 'space heater', 'spatula', 'speaker', 'strainer', 'sunglasses', 'teddy bear', 'television', 'umbrella', 'vase', 'wallet', 'waste container', 'water bottle', 'whistle']"
147485,ILSVRC2012_val_00045781.JPEG,100,match,match,4.209,0f11a4606df25be7,False,"['Band-Aid', 'T-shirt', 'backpack', 'banana', 'cleaver', 'clothes iron', 'coffee mug', 'computer mouse', 'digital watch', 'doormat', 'dumbbell', 'envelope', 'hair dryer', 'hammer', 'lampshade', 'lemon', 'lipstick', 'match', 'mobile phone', 'necklace', 'padlock', 'paintbrush', 'paper towel', 'park bench', 'pill bottle', 'pillow', 'plastic bag', 'plunger', 'power drill', 'printer', 'racket', 'ruler', 'safety pin', 'salt shaker', 'sandal', 'screw', 'shovel', 'space heater', 'spatula', 'speaker', 'strainer', 'sunglasses', 'teddy bear', 'television', 'umbrella', 'vase', 'wallet', 'waste container', 'water bottle', 'whistle']"
144274,ILSVRC2012_val_00045793.JPEG,100,padlock,padlock,3.384,4c3df4ac9dc20573,False,"['Band-Aid', 'T-shirt', 'backpack', 'banana', 'cleaver', 'clothes iron', 'coffee mug', 'computer mouse', 'digital watch', 'doormat', 'dumbbell', 'envelope', 'hair dryer', 'hammer', 'lampshade', 'lemon', 'lipstick', 'match', 'mobile phone', 'necklace', 'padlock', 'paintbrush', 'paper towel', 'park bench', 'pill bottle', 'pillow', 'plastic bag', 'plunger', 'power drill', 'printer', 'racket', 'ruler', 'safety pin', 'salt shaker', 'sandal', 'screw', 'shovel', 'space heater', 'spatula', 'speaker', 'strainer', 'sunglasses', 'teddy bear', 'television', 'umbrella', 'vase', 'wallet', 'waste container', 'water bottle', 'whistle']"
144268,ILSVRC2012_val_00045794.JPEG,100,T-shirt,T-shirt,1.942,c8b41bc6cee45fb0,False,"['Band-Aid', 'T-shirt', 'backpack', 'banana', 'cleaver', 'clothes iron', 'coffee mug', 'computer mouse', 'digital watch', 'doormat', 'dumbbell', 'envelope', 'hair dryer', 'hammer', 'lampshade', 'lemon', 'lipstick', 'match', 'mobile phone', 'necklace', 'padlock', 'paintbrush', 'paper towel', 'park bench', 'pill bottle', 'pillow', 'plastic bag', 'plunger', 'power drill', 'printer', 'racket', 'ruler', 'safety pin', 'salt shaker', 'sandal', 'screw', 'shovel', 'space heater', 'spatula', 'speaker', 'strainer', 'sunglasses', 'teddy bear', 'television', 'umbrella', 'vase', 'wallet', 'waste container', 'water bottle', 'whistle']"
144285,ILSVRC2012_val_00045796.JPEG,100,paintbrush,paintbrush,1.604,a77f89483ab49ff2,False,"['Band-Aid', 'T-shirt', 'backpack', 'banana', 'cleaver', 'clothes iron', 'coffee mug', 'computer mouse', 'digital watch', 'doormat', 'dumbbell', 'envelope', 'hair dryer', 'hammer', 'lampshade', 'lemon', 'lipstick', 'match', 'mobile phone', 'necklace', 'padlock', 'paintbrush', 'paper towel', 'park bench', 'pill bottle', 'pillow', 'plastic bag', 'plunger', 'power drill', 'printer', 'racket', 'ruler', 'safety pin', 'salt shaker', 'sandal', 'screw', 'shovel', 'space heater', 'spatula', 'speaker', 'strainer', 'sunglasses', 'teddy bear', 'television', 'umbrella', 'vase', 'wallet', 'waste container', 'water bottle', 'whistle']"
167970,ILSVRC2012_val_00045834.JPEG,100,pill bottle,pill bottle,14.355,0bdc46306836aeab,False,"['Band-Aid', 'T-shirt', 'backpack', 'banana', 'cleaver', 'clothes iron', 'coffee mug', 'computer mouse', 'digital watch', 'doormat', 'dumbbell', 'envelope', 'hair dryer', 'hammer', 'lampshade', 'lemon', 'lipstick', 'match', 'mobile phone', 'necklace', 'padlock', 'paintbrush', 'paper towel', 'park bench', 'pill bottle', 'pillow', 'plastic bag', 'plunger', 'power drill', 'printer', 'racket', 'ruler', 'safety pin', 'salt shaker', 'sandal', 'screw', 'shovel', 'space heater', 'spatula', 'speaker', 'strainer', 'sunglasses', 'teddy bear', 'television', 'umbrella', 'vase', 'wallet', 'waste container', 'water bottle', 'whistle']"
145599,ILSVRC2012_val_00045835.JPEG,100,match,match,1.535,a4bb7f25df020fdb,False,"['Band-Aid', 'T-shirt', 'backpack', 'banana', 'cleaver', 'clothes iron', 'coffee mug', 'computer mouse', 'digital watch', 'doormat', 'dumbbell', 'envelope', 'hair dryer', 'hammer', 'lampshade', 'lemon', 'lipstick', 'match', 'mobile phone', 'necklace', 'padlock', 'paintbrush', 'paper towel', 'park bench', 'pill bottle', 'pillow', 'plastic bag', 'plunger', 'power drill', 'printer', 'racket', 'ruler', 'safety pin', 'salt shaker', 'sandal', 'screw', 'shovel', 'space heater', 'spatula', 'speaker', 'strainer', 'sunglasses', 'teddy bear', 'television', 'umbrella', 'vase', 'wallet', 'waste container', 'water bottle', 'whistle']"
165030,ILSVRC2012_val_00045856.JPEG,100,computer mouse,computer mouse,5.536,8ab3d0750dca2e6d,False,"['Band-Aid', 'T-shirt', 'backpack', 'banana', 'cleaver', 'clothes iron', 'coffee mug', 'computer mouse', 'digital watch', 'doormat', 'dumbbell', 'envelope', 'hair dryer', 'hammer', 'lampshade', 'lemon', 'lipstick', 'match', 'mobile phone', 'necklace', 'padlock', 'paintbrush', 'paper towel', 'park bench', 'pill bottle', 'pillow', 'plastic bag', 'plunger', 'power drill', 'printer', 'racket', 'ruler', 'safety pin', 'salt shaker', 'sandal', 'screw', 'shovel', 'space heater', 'spatula', 'speaker', 'strainer', 'sunglasses', 'teddy bear', 'television', 'umbrella', 'vase', 'wallet', 'waste container', 'water bottle', 'whistle']"
136124,ILSVRC2012_val_00045860.JPEG,100,coffee mug,teddy bear,2.345,abab57e2f531166c,False,"['Band-Aid', 'T-shirt', 'backpack', 'banana', 'cleaver', 'clothes iron', 'coffee mug', 'computer mouse', 'digital watch', 'doormat', 'dumbbell', 'envelope', 'hair dryer', 'hammer', 'lampshade', 'lemon', 'lipstick', 'match', 'mobile phone', 'necklace', 'padlock', 'paintbrush', 'paper towel', 'park bench', 'pill bottle', 'pillow', 'plastic bag', 'plunger', 'power drill', 'printer', 'racket', 'ruler', 'safety pin', 'salt shaker', 'sandal', 'screw', 'shovel', 'space heater', 'spatula', 'speaker', 'strainer', 'sunglasses', 'teddy bear', 'television', 'umbrella', 'vase', 'wallet', 'waste container', 'water bottle', 'whistle']"
142775,ILSVRC2012_val_00046170.JPEG,100,pillow,pillow,3.6,ee04783d3f4a8d12,False,"['Band-Aid', 'T-shirt', 'backpack', 'banana', 'cleaver', 'clothes iron', 'coffee mug', 'computer mouse', 'digital watch', 'doormat', 'dumbbell', 'envelope', 'hair dryer', 'hammer', 'lampshade', 'lemon', 'lipstick', 'match', 'mobile phone', 'necklace', 'padlock', 'paintbrush', 'paper towel', 'park bench', 'pill bottle', 'pillow', 'plastic bag', 'plunger', 'power drill', 'printer', 'racket', 'ruler', 'safety pin', 'salt shaker', 'sandal', 'screw', 'shovel', 'space heater', 'spatula', 'speaker', 'strainer', 'sunglasses', 'teddy bear', 'television', 'umbrella', 'vase', 'wallet', 'waste container', 'water bottle', 'whistle']"
142724,ILSVRC2012_val_00046222.JPEG,100,necklace,necklace,3.548,4750377d9621575e,False,"['Band-Aid', 'T-shirt', 'backpack', 'banana', 'cleaver', 'clothes iron', 'coffee mug', 'computer mouse', 'digital watch', 'doormat', 'dumbbell', 'envelope', 'hair dryer', 'hammer', 'lampshade', 'lemon', 'lipstick', 'match', 'mobile phone', 'necklace', 'padlock', 'paintbrush', 'paper towel', 'park bench', 'pill bottle', 'pillow', 'plastic bag', 'plunger', 'power drill', 'printer', 'racket', 'ruler', 'safety pin', 'salt shaker', 'sandal', 'screw', 'shovel', 'space heater', 'spatula', 'speaker', 'strainer', 'sunglasses', 'teddy bear', 'television', 'umbrella', 'vase', 'wallet', 'waste container', 'water bottle', 'whistle']"
136755,ILSVRC2012_val_00046510.JPEG,100,ruler,ruler,6.208,ead8d7995d77c6f1,False,"['Band-Aid', 'T-shirt', 'backpack', 'banana', 'cleaver', 'clothes iron', 'coffee mug', 'computer mouse', 'digital watch', 'doormat', 'dumbbell', 'envelope', 'hair dryer', 'hammer', 'lampshade', 'lemon', 'lipstick', 'match', 'mobile phone', 'necklace', 'padlock', 'paintbrush', 'paper towel', 'park bench', 'pill bottle', 'pillow', 'plastic bag', 'plunger', 'power drill', 'printer', 'racket', 'ruler', 'safety pin', 'salt shaker', 'sandal', 'screw', 'shovel', 'space heater', 'spatula', 'speaker', 'strainer', 'sunglasses', 'teddy bear', 'television', 'umbrella', 'vase', 'wallet', 'waste container', 'water bottle', 'whistle']"
151840,ILSVRC2012_val_00046575.JPEG,100,banana,banana,4.093,29d849592146aa90,False,"['Band-Aid', 'T-shirt', 'backpack', 'banana', 'cleaver', 'clothes iron', 'coffee mug', 'computer mouse', 'digital watch', 'doormat', 'dumbbell', 'envelope', 'hair dryer', 'hammer', 'lampshade', 'lemon', 'lipstick', 'match', 'mobile phone', 'necklace', 'padlock', 'paintbrush', 'paper towel', 'park bench', 'pill bottle', 'pillow', 'plastic bag', 'plunger', 'power drill', 'printer', 'racket', 'ruler', 'safety pin', 'salt shaker', 'sandal', 'screw', 'shovel', 'space heater', 'spatula', 'speaker', 'strainer', 'sunglasses', 'teddy bear', 'television', 'umbrella', 'vase', 'wallet', 'waste container', 'water bottle', 'whistle']"
134197,ILSVRC2012_val_00046613.JPEG,100,mobile phone,mobile phone,9.68,2a96b55d3a550f25,False,"['Band-Aid', 'T-shirt', 'backpack', 'banana', 'cleaver', 'clothes iron', 'coffee mug', 'computer mouse', 'digital watch', 'doormat', 'dumbbell', 'envelope', 'hair dryer', 'hammer', 'lampshade', 'lemon', 'lipstick', 'match', 'mobile phone', 'necklace', 'padlock', 'paintbrush', 'paper towel', 'park bench', 'pill bottle', 'pillow', 'plastic bag', 'plunger', 'power drill', 'printer', 'racket', 'ruler', 'safety pin', 'salt shaker', 'sandal', 'screw', 'shovel', 'space heater', 'spatula', 'speaker', 'strainer', 'sunglasses', 'teddy bear', 'television', 'umbrella', 'vase', 'wallet', 'waste container', 'water bottle', 'whistle']"
144568,ILSVRC2012_val_00046720.JPEG,100,dumbbell,dumbbell,4.035,ba3f2c754d783b20,False,"['Band-Aid', 'T-shirt', 'backpack', 'banana', 'cleaver', 'clothes iron', 'coffee mug', 'computer mouse', 'digital watch', 'doormat', 'dumbbell', 'envelope', 'hair dryer', 'hammer', 'lampshade', 'lemon', 'lipstick', 'match', 'mobile phone', 'necklace', 'padlock', 'paintbrush', 'paper towel', 'park bench', 'pill bottle', 'pillow', 'plastic bag', 'plunger', 'power drill', 'printer', 'racket', 'ruler', 'safety pin', 'salt shaker', 'sandal', 'screw', 'shovel', 'space heater', 'spatula', 'speaker', 'strainer', 'sunglasses', 'teddy bear', 'television', 'umbrella', 'vase', 'wallet', 'waste container', 'water bottle', 'whistle']"
139402,ILSVRC2012_val_00046749.JPEG,100,waste container,waste container,1.589,eed9c4d7ab6386a5,False,"['Band-Aid', 'T-shirt', 'backpack', 'banana', 'cleaver', 'clothes iron', 'coffee mug', 'computer mouse', 'digital watch', 'doormat', 'dumbbell', 'envelope', 'hair dryer', 'hammer', 'lampshade', 'lemon', 'lipstick', 'match', 'mobile phone', 'necklace', 'padlock', 'paintbrush', 'paper towel', 'park bench', 'pill bottle', 'pillow', 'plastic bag', 'plunger', 'power drill', 'printer', 'racket', 'ruler', 'safety pin', 'salt shaker', 'sandal', 'screw', 'shovel', 'space heater', 'spatula', 'speaker', 'strainer', 'sunglasses', 'teddy bear', 'television', 'umbrella', 'vase', 'wallet', 'waste container', 'water bottle', 'whistle']"
145025,ILSVRC2012_val_00046895.JPEG,100,sandal,sandal,1.755,65beba376c0f0b51,False,"['Band-Aid', 'T-shirt', 'backpack', 'banana', 'cleaver', 'clothes iron', 'coffee mug', 'computer mouse', 'digital watch', 'doormat', 'dumbbell', 'envelope', 'hair dryer', 'hammer', 'lampshade', 'lemon', 'lipstick', 'match', 'mobile phone', 'necklace', 'padlock', 'paintbrush', 'paper towel', 'park bench', 'pill bottle', 'pillow', 'plastic bag', 'plunger', 'power drill', 'printer', 'racket', 'ruler', 'safety pin', 'salt shaker', 'sandal', 'screw', 'shovel', 'space heater', 'spatula', 'speaker', 'strainer', 'sunglasses', 'teddy bear', 'television', 'umbrella', 'vase', 'wallet', 'waste container', 'water bottle', 'whistle']"
136276,ILSVRC2012_val_00046998.JPEG,100,sunglasses,sunglasses,3.19,22c353a9f06abaab,False,"['Band-Aid', 'T-shirt', 'backpack', 'banana', 'cleaver', 'clothes iron', 'coffee mug', 'computer mouse', 'digital watch', 'doormat', 'dumbbell', 'envelope', 'hair dryer', 'hammer', 'lampshade', 'lemon', 'lipstick', 'match', 'mobile phone', 'necklace', 'padlock', 'paintbrush', 'paper towel', 'park bench', 'pill bottle', 'pillow', 'plastic bag', 'plunger', 'power drill', 'printer', 'racket', 'ruler', 'safety pin', 'salt shaker', 'sandal', 'screw', 'shovel', 'space heater', 'spatula', 'speaker', 'strainer', 'sunglasses', 'teddy bear', 'television', 'umbrella', 'vase', 'wallet', 'waste container', 'water bottle', 'whistle']"
139554,ILSVRC2012_val_00047030.JPEG,100,digital watch,digital watch,3.304,a9a80b6b1346015a,False,"['Band-Aid', 'T-shirt', 'backpack', 'banana', 'cleaver', 'clothes iron', 'coffee mug', 'computer mouse', 'digital watch', 'doormat', 'dumbbell', 'envelope', 'hair dryer', 'hammer', 'lampshade', 'lemon', 'lipstick', 'match', 'mobile phone', 'necklace', 'padlock', 'paintbrush', 'paper towel', 'park bench', 'pill bottle', 'pillow', 'plastic bag', 'plunger', 'power drill', 'printer', 'racket', 'ruler', 'safety pin', 'salt shaker', 'sandal', 'screw', 'shovel', 'space heater', 'spatula', 'speaker', 'strainer', 'sunglasses', 'teddy bear', 'television', 'umbrella', 'vase', 'wallet', 'waste container', 'water bottle', 'whistle']"
136652,ILSVRC2012_val_00047091.JPEG,100,clothes iron,waste container,3.97,4f2d06545a80bda1,False,"['Band-Aid', 'T-shirt', 'backpack', 'banana', 'cleaver', 'clothes iron', 'coffee mug', 'computer mouse', 'digital watch', 'doormat', 'dumbbell', 'envelope', 'hair dryer', 'hammer', 'lampshade', 'lemon', 'lipstick', 'match', 'mobile phone', 'necklace', 'padlock', 'paintbrush', 'paper towel', 'park bench', 'pill bottle', 'pillow', 'plastic bag', 'plunger', 'power drill', 'printer', 'racket', 'ruler', 'safety pin', 'salt shaker', 'sandal', 'screw', 'shovel', 'space heater', 'spatula', 'speaker', 'strainer', 'sunglasses', 'teddy bear', 'television', 'umbrella', 'vase', 'wallet', 'waste container', 'water bottle', 'whistle']"
144172,ILSVRC2012_val_00047178.JPEG,100,vase,vase,4.994,7fefffb868a966ce,False,"['Band-Aid', 'T-shirt', 'backpack', 'banana', 'cleaver', 'clothes iron', 'coffee mug', 'computer mouse', 'digital watch', 'doormat', 'dumbbell', 'envelope', 'hair dryer', 'hammer', 'lampshade', 'lemon', 'lipstick', 'match', 'mobile phone', 'necklace', 'padlock', 'paintbrush', 'paper towel', 'park bench', 'pill bottle', 'pillow', 'plastic bag', 'plunger', 'power drill', 'printer', 'racket', 'ruler', 'safety pin', 'salt shaker', 'sandal', 'screw', 'shovel', 'space heater', 'spatula', 'speaker', 'strainer', 'sunglasses', 'teddy bear', 'television', 'umbrella', 'vase', 'wallet', 'waste container', 'water bottle', 'whistle']"
147932,ILSVRC2012_val_00047198.JPEG,100,digital watch,digital watch,1.992,0aa3e4eb1123960f,False,"['Band-Aid', 'T-shirt', 'backpack', 'banana', 'cleaver', 'clothes iron', 'coffee mug', 'computer mouse', 'digital watch', 'doormat', 'dumbbell', 'envelope', 'hair dryer', 'hammer', 'lampshade', 'lemon', 'lipstick', 'match', 'mobile phone', 'necklace', 'padlock', 'paintbrush', 'paper towel', 'park bench', 'pill bottle', 'pillow', 'plastic bag', 'plunger', 'power drill', 'printer', 'racket', 'ruler', 'safety pin', 'salt shaker', 'sandal', 'screw', 'shovel', 'space heater', 'spatula', 'speaker', 'strainer', 'sunglasses', 'teddy bear', 'television', 'umbrella', 'vase', 'wallet', 'waste container', 'water bottle', 'whistle']"
140646,ILSVRC2012_val_00047221.JPEG,100,lemon,lemon,1.343,5379dfe3ced0e637,False,"['Band-Aid', 'T-shirt', 'backpack', 'banana', 'cleaver', 'clothes iron', 'coffee mug', 'computer mouse', 'digital watch', 'doormat', 'dumbbell', 'envelope', 'hair dryer', 'hammer', 'lampshade', 'lemon', 'lipstick', 'match', 'mobile phone', 'necklace', 'padlock', 'paintbrush', 'paper towel', 'park bench', 'pill bottle', 'pillow', 'plastic bag', 'plunger', 'power drill', 'printer', 'racket', 'ruler', 'safety pin', 'salt shaker', 'sandal', 'screw', 'shovel', 'space heater', 'spatula', 'speaker', 'strainer', 'sunglasses', 'teddy bear', 'television', 'umbrella', 'vase', 'wallet', 'waste container', 'water bottle', 'whistle']"
148023,ILSVRC2012_val_00047286.JPEG,100,printer,printer,3.282,6245cf3a4900f3ef,False,"['Band-Aid', 'T-shirt', 'backpack', 'banana', 'cleaver', 'clothes iron', 'coffee mug', 'computer mouse', 'digital watch', 'doormat', 'dumbbell', 'envelope', 'hair dryer', 'hammer', 'lampshade', 'lemon', 'lipstick', 'match', 'mobile phone', 'necklace', 'padlock', 'paintbrush', 'paper towel', 'park bench', 'pill bottle', 'pillow', 'plastic bag', 'plunger', 'power drill', 'printer', 'racket', 'ruler', 'safety pin', 'salt shaker', 'sandal', 'screw', 'shovel', 'space heater', 'spatula', 'speaker', 'strainer', 'sunglasses', 'teddy bear', 'television', 'umbrella', 'vase', 'wallet', 'waste container', 'water bottle', 'whistle']"
154862,ILSVRC2012_val_00047297.JPEG,100,safety pin,safety pin,1.972,f8bc975b73658907,False,"['Band-Aid', 'T-shirt', 'backpack', 'banana', 'cleaver', 'clothes iron', 'coffee mug', 'computer mouse', 'digital watch', 'doormat', 'dumbbell', 'envelope', 'hair dryer', 'hammer', 'lampshade', 'lemon', 'lipstick', 'match', 'mobile phone', 'necklace', 'padlock', 'paintbrush', 'paper towel', 'park bench', 'pill bottle', 'pillow', 'plastic bag', 'plunger', 'power drill', 'printer', 'racket', 'ruler', 'safety pin', 'salt shaker', 'sandal', 'screw', 'shovel', 'space heater', 'spatula', 'speaker', 'strainer', 'sunglasses', 'teddy bear', 'television', 'umbrella', 'vase', 'wallet', 'waste container', 'water bottle', 'whistle']"
141727,ILSVRC2012_val_00047367.JPEG,100,wallet,wallet,2.53,7897ddd59066ef23,False,"['Band-Aid', 'T-shirt', 'backpack', 'banana', 'cleaver', 'clothes iron', 'coffee mug', 'computer mouse', 'digital watch', 'doormat', 'dumbbell', 'envelope', 'hair dryer', 'hammer', 'lampshade', 'lemon', 'lipstick', 'match', 'mobile phone', 'necklace', 'padlock', 'paintbrush', 'paper towel', 'park bench', 'pill bottle', 'pillow', 'plastic bag', 'plunger', 'power drill', 'printer', 'racket', 'ruler', 'safety pin', 'salt shaker', 'sandal', 'screw', 'shovel', 'space heater', 'spatula', 'speaker', 'strainer', 'sunglasses', 'teddy bear', 'television', 'umbrella', 'vase', 'wallet', 'waste container', 'water bottle', 'whistle']"
143129,ILSVRC2012_val_00047460.JPEG,100,lampshade,lampshade,1.673,2a3c437395bdd17f,False,"['Band-Aid', 'T-shirt', 'backpack', 'banana', 'cleaver', 'clothes iron', 'coffee mug', 'computer mouse', 'digital watch', 'doormat', 'dumbbell', 'envelope', 'hair dryer', 'hammer', 'lampshade', 'lemon', 'lipstick', 'match', 'mobile phone', 'necklace', 'padlock', 'paintbrush', 'paper towel', 'park bench', 'pill bottle', 'pillow', 'plastic bag', 'plunger', 'power drill', 'printer', 'racket', 'ruler', 'safety pin', 'salt shaker', 'sandal', 'screw', 'shovel', 'space heater', 'spatula', 'speaker', 'strainer', 'sunglasses', 'teddy bear', 'television', 'umbrella', 'vase', 'wallet', 'waste container', 'water bottle', 'whistle']"
150068,ILSVRC2012_val_00047599.JPEG,100,paper towel,paper towel,28.801,95c530dedb255d2e,False,"['Band-Aid', 'T-shirt', 'backpack', 'banana', 'cleaver', 'clothes iron', 'coffee mug', 'computer mouse', 'digital watch', 'doormat', 'dumbbell', 'envelope', 'hair dryer', 'hammer', 'lampshade', 'lemon', 'lipstick', 'match', 'mobile phone', 'necklace', 'padlock', 'paintbrush', 'paper towel', 'park bench', 'pill bottle', 'pillow', 'plastic bag', 'plunger', 'power drill', 'printer', 'racket', 'ruler', 'safety pin', 'salt shaker', 'sandal', 'screw', 'shovel', 'space heater', 'spatula', 'speaker', 'strainer', 'sunglasses', 'teddy bear', 'television', 'umbrella', 'vase', 'wallet', 'waste container', 'water bottle', 'whistle']"
138494,ILSVRC2012_val_00047645.JPEG,100,padlock,padlock,3.136,0e428079163e2e50,False,"['Band-Aid', 'T-shirt', 'backpack', 'banana', 'cleaver', 'clothes iron', 'coffee mug', 'computer mouse', 'digital watch', 'doormat', 'dumbbell', 'envelope', 'hair dryer', 'hammer', 'lampshade', 'lemon', 'lipstick', 'match', 'mobile phone', 'necklace', 'padlock', 'paintbrush', 'paper towel', 'park bench', 'pill bottle', 'pillow', 'plastic bag', 'plunger', 'power drill', 'printer', 'racket', 'ruler', 'safety pin', 'salt shaker', 'sandal', 'screw', 'shovel', 'space heater', 'spatula', 'speaker', 'strainer', 'sunglasses', 'teddy bear', 'television', 'umbrella', 'vase', 'wallet', 'waste container', 'water bottle', 'whistle']"
135602,ILSVRC2012_val_00047781.JPEG,100,sandal,sandal,4.077,92b29c17612c5a4e,False,"['Band-Aid', 'T-shirt', 'backpack', 'banana', 'cleaver', 'clothes iron', 'coffee mug', 'computer mouse', 'digital watch', 'doormat', 'dumbbell', 'envelope', 'hair dryer', 'hammer', 'lampshade', 'lemon', 'lipstick', 'match', 'mobile phone', 'necklace', 'padlock', 'paintbrush', 'paper towel', 'park bench', 'pill bottle', 'pillow', 'plastic bag', 'plunger', 'power drill', 'printer', 'racket', 'ruler', 'safety pin', 'salt shaker', 'sandal', 'screw', 'shovel', 'space heater', 'spatula', 'speaker', 'strainer', 'sunglasses', 'teddy bear', 'television', 'umbrella', 'vase', 'wallet', 'waste container', 'water bottle', 'whistle']"
144956,ILSVRC2012_val_00047815.JPEG,100,printer,printer,9.165,41b78d0a61f4a1ce,False,"['Band-Aid', 'T-shirt', 'backpack', 'banana', 'cleaver', 'clothes iron', 'coffee mug', 'computer mouse', 'digital watch', 'doormat', 'dumbbell', 'envelope', 'hair dryer', 'hammer', 'lampshade', 'lemon', 'lipstick', 'match', 'mobile phone', 'necklace', 'padlock', 'paintbrush', 'paper towel', 'park bench', 'pill bottle', 'pillow', 'plastic bag', 'plunger', 'power drill', 'printer', 'racket', 'ruler', 'safety pin', 'salt shaker', 'sandal', 'screw', 'shovel', 'space heater', 'spatula', 'speaker', 'strainer', 'sunglasses', 'teddy bear', 'television', 'umbrella', 'vase', 'wallet', 'waste container', 'water bottle', 'whistle']"
166520,ILSVRC2012_val_00047931.JPEG,100,padlock,padlock,4.995,b877f3c7e7e8de3f,False,"['Band-Aid', 'T-shirt', 'backpack', 'banana', 'cleaver', 'clothes iron', 'coffee mug', 'computer mouse', 'digital watch', 'doormat', 'dumbbell', 'envelope', 'hair dryer', 'hammer', 'lampshade', 'lemon', 'lipstick', 'match', 'mobile phone', 'necklace', 'padlock', 'paintbrush', 'paper towel', 'park bench', 'pill bottle', 'pillow', 'plastic bag', 'plunger', 'power drill', 'printer', 'racket', 'ruler', 'safety pin', 'salt shaker', 'sandal', 'screw', 'shovel', 'space heater', 'spatula', 'speaker', 'strainer', 'sunglasses', 'teddy bear', 'television', 'umbrella', 'vase', 'wallet', 'waste container', 'water bottle', 'whistle']"
141700,ILSVRC2012_val_00047946.JPEG,100,mobile phone,mobile phone,15.261,d67d5c1932e83169,False,"['Band-Aid', 'T-shirt', 'backpack', 'banana', 'cleaver', 'clothes iron', 'coffee mug', 'computer mouse', 'digital watch', 'doormat', 'dumbbell', 'envelope', 'hair dryer', 'hammer', 'lampshade', 'lemon', 'lipstick', 'match', 'mobile phone', 'necklace', 'padlock', 'paintbrush', 'paper towel', 'park bench', 'pill bottle', 'pillow', 'plastic bag', 'plunger', 'power drill', 'printer', 'racket', 'ruler', 'safety pin', 'salt shaker', 'sandal', 'screw', 'shovel', 'space heater', 'spatula', 'speaker', 'strainer', 'sunglasses', 'teddy bear', 'television', 'umbrella', 'vase', 'wallet', 'waste container', 'water bottle', 'whistle']"
155597,ILSVRC2012_val_00047947.JPEG,100,safety pin,safety pin,3.695,30712352605a8d12,False,"['Band-Aid', 'T-shirt', 'backpack', 'banana', 'cleaver', 'clothes iron', 'coffee mug', 'computer mouse', 'digital watch', 'doormat', 'dumbbell', 'envelope', 'hair dryer', 'hammer', 'lampshade', 'lemon', 'lipstick', 'match', 'mobile phone', 'necklace', 'padlock', 'paintbrush', 'paper towel', 'park bench', 'pill bottle', 'pillow', 'plastic bag', 'plunger', 'power drill', 'printer', 'racket', 'ruler', 'safety pin', 'salt shaker', 'sandal', 'screw', 'shovel', 'space heater', 'spatula', 'speaker', 'strainer', 'sunglasses', 'teddy bear', 'television', 'umbrella', 'vase', 'wallet', 'waste container', 'water bottle', 'whistle']"
133923,ILSVRC2012_val_00048006.JPEG,100,park bench,park bench,6.493,479a2f2dc939540d,False,"['Band-Aid', 'T-shirt', 'backpack', 'banana', 'cleaver', 'clothes iron', 'coffee mug', 'computer mouse', 'digital watch', 'doormat', 'dumbbell', 'envelope', 'hair dryer', 'hammer', 'lampshade', 'lemon', 'lipstick', 'match', 'mobile phone', 'necklace', 'padlock', 'paintbrush', 'paper towel', 'park bench', 'pill bottle', 'pillow', 'plastic bag', 'plunger', 'power drill', 'printer', 'racket', 'ruler', 'safety pin', 'salt shaker', 'sandal', 'screw', 'shovel', 'space heater', 'spatula', 'speaker', 'strainer', 'sunglasses', 'teddy bear', 'television', 'umbrella', 'vase', 'wallet', 'waste container', 'water bottle', 'whistle']"
133919,ILSVRC2012_val_00048021.JPEG,100,lampshade,lampshade,17.411,d8ed2743063b2cee,False,"['Band-Aid', 'T-shirt', 'backpack', 'banana', 'cleaver', 'clothes iron', 'coffee mug', 'computer mouse', 'digital watch', 'doormat', 'dumbbell', 'envelope', 'hair dryer', 'hammer', 'lampshade', 'lemon', 'lipstick', 'match', 'mobile phone', 'necklace', 'padlock', 'paintbrush', 'paper towel', 'park bench', 'pill bottle', 'pillow', 'plastic bag', 'plunger', 'power drill', 'printer', 'racket', 'ruler', 'safety pin', 'salt shaker', 'sandal', 'screw', 'shovel', 'space heater', 'spatula', 'speaker', 'strainer', 'sunglasses', 'teddy bear', 'television', 'umbrella', 'vase', 'wallet', 'waste container', 'water bottle', 'whistle']"
145794,ILSVRC2012_val_00048143.JPEG,100,television,television,2.799,6245cf3a4900f3ef,False,"['Band-Aid', 'T-shirt', 'backpack', 'banana', 'cleaver', 'clothes iron', 'coffee mug', 'computer mouse', 'digital watch', 'doormat', 'dumbbell', 'envelope', 'hair dryer', 'hammer', 'lampshade', 'lemon', 'lipstick', 'match', 'mobile phone', 'necklace', 'padlock', 'paintbrush', 'paper towel', 'park bench', 'pill bottle', 'pillow', 'plastic bag', 'plunger', 'power drill', 'printer', 'racket', 'ruler', 'safety pin', 'salt shaker', 'sandal', 'screw', 'shovel', 'space heater', 'spatula', 'speaker', 'strainer', 'sunglasses', 'teddy bear', 'television', 'umbrella', 'vase', 'wallet', 'waste container', 'water bottle', 'whistle']"
136528,ILSVRC2012_val_00048264.JPEG,100,lemon,lemon,4.099,55f862a00fb1db2a,False,"['Band-Aid', 'T-shirt', 'backpack', 'banana', 'cleaver', 'clothes iron', 'coffee mug', 'computer mouse', 'digital watch', 'doormat', 'dumbbell', 'envelope', 'hair dryer', 'hammer', 'lampshade', 'lemon', 'lipstick', 'match', 'mobile phone', 'necklace', 'padlock', 'paintbrush', 'paper towel', 'park bench', 'pill bottle', 'pillow', 'plastic bag', 'plunger', 'power drill', 'printer', 'racket', 'ruler', 'safety pin', 'salt shaker', 'sandal', 'screw', 'shovel', 'space heater', 'spatula', 'speaker', 'strainer', 'sunglasses', 'teddy bear', 'television', 'umbrella', 'vase', 'wallet', 'waste container', 'water bottle', 'whistle']"
139778,ILSVRC2012_val_00048415.JPEG,100,lipstick,lipstick,1.25,03f52d2f38387b20,False,"['Band-Aid', 'T-shirt', 'backpack', 'banana', 'cleaver', 'clothes iron', 'coffee mug', 'computer mouse', 'digital watch', 'doormat', 'dumbbell', 'envelope', 'hair dryer', 'hammer', 'lampshade', 'lemon', 'lipstick', 'match', 'mobile phone', 'necklace', 'padlock', 'paintbrush', 'paper towel', 'park bench', 'pill bottle', 'pillow', 'plastic bag', 'plunger', 'power drill', 'printer', 'racket', 'ruler', 'safety pin', 'salt shaker', 'sandal', 'screw', 'shovel', 'space heater', 'spatula', 'speaker', 'strainer', 'sunglasses', 'teddy bear', 'television', 'umbrella', 'vase', 'wallet', 'waste container', 'water bottle', 'whistle']"
137736,ILSVRC2012_val_00048474.JPEG,100,pillow,pillow,46.846,9ec656261c936c11,False,"['Band-Aid', 'T-shirt', 'backpack', 'banana', 'cleaver', 'clothes iron', 'coffee mug', 'computer mouse', 'digital watch', 'doormat', 'dumbbell', 'envelope', 'hair dryer', 'hammer', 'lampshade', 'lemon', 'lipstick', 'match', 'mobile phone', 'necklace', 'padlock', 'paintbrush', 'paper towel', 'park bench', 'pill bottle', 'pillow', 'plastic bag', 'plunger', 'power drill', 'printer', 'racket', 'ruler', 'safety pin', 'salt shaker', 'sandal', 'screw', 'shovel', 'space heater', 'spatula', 'speaker', 'strainer', 'sunglasses', 'teddy bear', 'television', 'umbrella', 'vase', 'wallet', 'waste container', 'water bottle', 'whistle']"
147504,ILSVRC2012_val_00048481.JPEG,100,sunglasses,sunglasses,2.26,3cd2fea924635c5f,False,"['Band-Aid', 'T-shirt', 'backpack', 'banana', 'cleaver', 'clothes iron', 'coffee mug', 'computer mouse', 'digital watch', 'doormat', 'dumbbell', 'envelope', 'hair dryer', 'hammer', 'lampshade', 'lemon', 'lipstick', 'match', 'mobile phone', 'necklace', 'padlock', 'paintbrush', 'paper towel', 'park bench', 'pill bottle', 'pillow', 'plastic bag', 'plunger', 'power drill', 'printer', 'racket', 'ruler', 'safety pin', 'salt shaker', 'sandal', 'screw', 'shovel', 'space heater', 'spatula', 'speaker', 'strainer', 'sunglasses', 'teddy bear', 'television', 'umbrella', 'vase', 'wallet', 'waste container', 'water bottle', 'whistle']"
155724,ILSVRC2012_val_00048483.JPEG,100,lipstick,lipstick,3.486,96a94de833ce5c4b,False,"['Band-Aid', 'T-shirt', 'backpack', 'banana', 'cleaver', 'clothes iron', 'coffee mug', 'computer mouse', 'digital watch', 'doormat', 'dumbbell', 'envelope', 'hair dryer', 'hammer', 'lampshade', 'lemon', 'lipstick', 'match', 'mobile phone', 'necklace', 'padlock', 'paintbrush', 'paper towel', 'park bench', 'pill bottle', 'pillow', 'plastic bag', 'plunger', 'power drill', 'printer', 'racket', 'ruler', 'safety pin', 'salt shaker', 'sandal', 'screw', 'shovel', 'space heater', 'spatula', 'speaker', 'strainer', 'sunglasses', 'teddy bear', 'television', 'umbrella', 'vase', 'wallet', 'waste container', 'water bottle', 'whistle']"
142886,ILSVRC2012_val_00048510.JPEG,100,teddy bear,teddy bear,4.755,a0372fe41848cab6,False,"['Band-Aid', 'T-shirt', 'backpack', 'banana', 'cleaver', 'clothes iron', 'coffee mug', 'computer mouse', 'digital watch', 'doormat', 'dumbbell', 'envelope', 'hair dryer', 'hammer', 'lampshade', 'lemon', 'lipstick', 'match', 'mobile phone', 'necklace', 'padlock', 'paintbrush', 'paper towel', 'park bench', 'pill bottle', 'pillow', 'plastic bag', 'plunger', 'power drill', 'printer', 'racket', 'ruler', 'safety pin', 'salt shaker', 'sandal', 'screw', 'shovel', 'space heater', 'spatula', 'speaker', 'strainer', 'sunglasses', 'teddy bear', 'television', 'umbrella', 'vase', 'wallet', 'waste container', 'water bottle', 'whistle']"
137755,ILSVRC2012_val_00048559.JPEG,100,padlock,padlock,86.481,4303815d12c7ce1c,False,"['Band-Aid', 'T-shirt', 'backpack', 'banana', 'cleaver', 'clothes iron', 'coffee mug', 'computer mouse', 'digital watch', 'doormat', 'dumbbell', 'envelope', 'hair dryer', 'hammer', 'lampshade', 'lemon', 'lipstick', 'match', 'mobile phone', 'necklace', 'padlock', 'paintbrush', 'paper towel', 'park bench', 'pill bottle', 'pillow', 'plastic bag', 'plunger', 'power drill', 'printer', 'racket', 'ruler', 'safety pin', 'salt shaker', 'sandal', 'screw', 'shovel', 'space heater', 'spatula', 'speaker', 'strainer', 'sunglasses', 'teddy bear', 'television', 'umbrella', 'vase', 'wallet', 'waste container', 'water bottle', 'whistle']"
139597,ILSVRC2012_val_00048875.JPEG,100,coffee mug,coffee mug,6.628,ee04783d3f4a8d12,False,"['Band-Aid', 'T-shirt', 'backpack', 'banana', 'cleaver', 'clothes iron', 'coffee mug', 'computer mouse', 'digital watch', 'doormat', 'dumbbell', 'envelope', 'hair dryer', 'hammer', 'lampshade', 'lemon', 'lipstick', 'match', 'mobile phone', 'necklace', 'padlock', 'paintbrush', 'paper towel', 'park bench', 'pill bottle', 'pillow', 'plastic bag', 'plunger', 'power drill', 'printer', 'racket', 'ruler', 'safety pin', 'salt shaker', 'sandal', 'screw', 'shovel', 'space heater', 'spatula', 'speaker', 'strainer', 'sunglasses', 'teddy bear', 'television', 'umbrella', 'vase', 'wallet', 'waste container', 'water bottle', 'whistle']"
171793,ILSVRC2012_val_00048889.JPEG,100,sandal,sandal,2.448,ee550126a93a1912,False,"['Band-Aid', 'T-shirt', 'backpack', 'banana', 'cleaver', 'clothes iron', 'coffee mug', 'computer mouse', 'digital watch', 'doormat', 'dumbbell', 'envelope', 'hair dryer', 'hammer', 'lampshade', 'lemon', 'lipstick', 'match', 'mobile phone', 'necklace', 'padlock', 'paintbrush', 'paper towel', 'park bench', 'pill bottle', 'pillow', 'plastic bag', 'plunger', 'power drill', 'printer', 'racket', 'ruler', 'safety pin', 'salt shaker', 'sandal', 'screw', 'shovel', 'space heater', 'spatula', 'speaker', 'strainer', 'sunglasses', 'teddy bear', 'television', 'umbrella', 'vase', 'wallet', 'waste container', 'water bottle', 'whistle']"
150732,ILSVRC2012_val_00048926.JPEG,100,whistle,whistle,2.861,8077bb818867f089,False,"['Band-Aid', 'T-shirt', 'backpack', 'banana', 'cleaver', 'clothes iron', 'coffee mug', 'computer mouse', 'digital watch', 'doormat', 'dumbbell', 'envelope', 'hair dryer', 'hammer', 'lampshade', 'lemon', 'lipstick', 'match', 'mobile phone', 'necklace', 'padlock', 'paintbrush', 'paper towel', 'park bench', 'pill bottle', 'pillow', 'plastic bag', 'plunger', 'power drill', 'printer', 'racket', 'ruler', 'safety pin', 'salt shaker', 'sandal', 'screw', 'shovel', 'space heater', 'spatula', 'speaker', 'strainer', 'sunglasses', 'teddy bear', 'television', 'umbrella', 'vase', 'wallet', 'waste container', 'water bottle', 'whistle']"
141546,ILSVRC2012_val_00048942.JPEG,100,digital watch,paintbrush,2.176,0491131b4e9e6fd2,False,"['Band-Aid', 'T-shirt', 'backpack', 'banana', 'cleaver', 'clothes iron', 'coffee mug', 'computer mouse', 'digital watch', 'doormat', 'dumbbell', 'envelope', 'hair dryer', 'hammer', 'lampshade', 'lemon', 'lipstick', 'match', 'mobile phone', 'necklace', 'padlock', 'paintbrush', 'paper towel', 'park bench', 'pill bottle', 'pillow', 'plastic bag', 'plunger', 'power drill', 'printer', 'racket', 'ruler', 'safety pin', 'salt shaker', 'sandal', 'screw', 'shovel', 'space heater', 'spatula', 'speaker', 'strainer', 'sunglasses', 'teddy bear', 'television', 'umbrella', 'vase', 'wallet', 'waste container', 'water bottle', 'whistle']"
137683,ILSVRC2012_val_00048945.JPEG,100,pillow,pillow,118.401,788da5292bce6803,False,"['Band-Aid', 'T-shirt', 'backpack', 'banana', 'cleaver', 'clothes iron', 'coffee mug', 'computer mouse', 'digital watch', 'doormat', 'dumbbell', 'envelope', 'hair dryer', 'hammer', 'lampshade', 'lemon', 'lipstick', 'match', 'mobile phone', 'necklace', 'padlock', 'paintbrush', 'paper towel', 'park bench', 'pill bottle', 'pillow', 'plastic bag', 'plunger', 'power drill', 'printer', 'racket', 'ruler', 'safety pin', 'salt shaker', 'sandal', 'screw', 'shovel', 'space heater', 'spatula', 'speaker', 'strainer', 'sunglasses', 'teddy bear', 'television', 'umbrella', 'vase', 'wallet', 'waste container', 'water bottle', 'whistle']"
137682,ILSVRC2012_val_00048953.JPEG,100,paintbrush,paintbrush,5.924,a21a706087764c02,False,"['Band-Aid', 'T-shirt', 'backpack', 'banana', 'cleaver', 'clothes iron', 'coffee mug', 'computer mouse', 'digital watch', 'doormat', 'dumbbell', 'envelope', 'hair dryer', 'hammer', 'lampshade', 'lemon', 'lipstick', 'match', 'mobile phone', 'necklace', 'padlock', 'paintbrush', 'paper towel', 'park bench', 'pill bottle', 'pillow', 'plastic bag', 'plunger', 'power drill', 'printer', 'racket', 'ruler', 'safety pin', 'salt shaker', 'sandal', 'screw', 'shovel', 'space heater', 'spatula', 'speaker', 'strainer', 'sunglasses', 'teddy bear', 'television', 'umbrella', 'vase', 'wallet', 'waste container', 'water bottle', 'whistle']"
156105,ILSVRC2012_val_00048970.JPEG,100,sandal,sandal,2.855,468536948d3fb7e7,False,"['Band-Aid', 'T-shirt', 'backpack', 'banana', 'cleaver', 'clothes iron', 'coffee mug', 'computer mouse', 'digital watch', 'doormat', 'dumbbell', 'envelope', 'hair dryer', 'hammer', 'lampshade', 'lemon', 'lipstick', 'match', 'mobile phone', 'necklace', 'padlock', 'paintbrush', 'paper towel', 'park bench', 'pill bottle', 'pillow', 'plastic bag', 'plunger', 'power drill', 'printer', 'racket', 'ruler', 'safety pin', 'salt shaker', 'sandal', 'screw', 'shovel', 'space heater', 'spatula', 'speaker', 'strainer', 'sunglasses', 'teddy bear', 'television', 'umbrella', 'vase', 'wallet', 'waste container', 'water bottle', 'whistle']"
166299,ILSVRC2012_val_00049158.JPEG,100,sandal,Band-Aid,9.756,e5e546cf38970c57,False,"['Band-Aid', 'T-shirt', 'backpack', 'banana', 'cleaver', 'clothes iron', 'coffee mug', 'computer mouse', 'digital watch', 'doormat', 'dumbbell', 'envelope', 'hair dryer', 'hammer', 'lampshade', 'lemon', 'lipstick', 'match', 'mobile phone', 'necklace', 'padlock', 'paintbrush', 'paper towel', 'park bench', 'pill bottle', 'pillow', 'plastic bag', 'plunger', 'power drill', 'printer', 'racket', 'ruler', 'safety pin', 'salt shaker', 'sandal', 'screw', 'shovel', 'space heater', 'spatula', 'speaker', 'strainer', 'sunglasses', 'teddy bear', 'television', 'umbrella', 'vase', 'wallet', 'waste container', 'water bottle', 'whistle']"
163904,ILSVRC2012_val_00049164.JPEG,100,banana,banana,4.445,d36b933bfde251c2,False,"['Band-Aid', 'T-shirt', 'backpack', 'banana', 'cleaver', 'clothes iron', 'coffee mug', 'computer mouse', 'digital watch', 'doormat', 'dumbbell', 'envelope', 'hair dryer', 'hammer', 'lampshade', 'lemon', 'lipstick', 'match', 'mobile phone', 'necklace', 'padlock', 'paintbrush', 'paper towel', 'park bench', 'pill bottle', 'pillow', 'plastic bag', 'plunger', 'power drill', 'printer', 'racket', 'ruler', 'safety pin', 'salt shaker', 'sandal', 'screw', 'shovel', 'space heater', 'spatula', 'speaker', 'strainer', 'sunglasses', 'teddy bear', 'television', 'umbrella', 'vase', 'wallet', 'waste container', 'water bottle', 'whistle']"
149025,ILSVRC2012_val_00049213.JPEG,100,paper towel,Band-Aid,2.237,4c213b4b7784da52,False,"['Band-Aid', 'T-shirt', 'backpack', 'banana', 'cleaver', 'clothes iron', 'coffee mug', 'computer mouse', 'digital watch', 'doormat', 'dumbbell', 'envelope', 'hair dryer', 'hammer', 'lampshade', 'lemon', 'lipstick', 'match', 'mobile phone', 'necklace', 'padlock', 'paintbrush', 'paper towel', 'park bench', 'pill bottle', 'pillow', 'plastic bag', 'plunger', 'power drill', 'printer', 'racket', 'ruler', 'safety pin', 'salt shaker', 'sandal', 'screw', 'shovel', 'space heater', 'spatula', 'speaker', 'strainer', 'sunglasses', 'teddy bear', 'television', 'umbrella', 'vase', 'wallet', 'waste container', 'water bottle', 'whistle']"
153923,ILSVRC2012_val_00049254.JPEG,100,padlock,padlock,4.961,a88165a779f14b2e,False,"['Band-Aid', 'T-shirt', 'backpack', 'banana', 'cleaver', 'clothes iron', 'coffee mug', 'computer mouse', 'digital watch', 'doormat', 'dumbbell', 'envelope', 'hair dryer', 'hammer', 'lampshade', 'lemon', 'lipstick', 'match', 'mobile phone', 'necklace', 'padlock', 'paintbrush', 'paper towel', 'park bench', 'pill bottle', 'pillow', 'plastic bag', 'plunger', 'power drill', 'printer', 'racket', 'ruler', 'safety pin', 'salt shaker', 'sandal', 'screw', 'shovel', 'space heater', 'spatula', 'speaker', 'strainer', 'sunglasses', 'teddy bear', 'television', 'umbrella', 'vase', 'wallet', 'waste container', 'water bottle', 'whistle']"
144507,ILSVRC2012_val_00049255.JPEG,100,padlock,padlock,65.502,8ba317eb088c553d,False,"['Band-Aid', 'T-shirt', 'backpack', 'banana', 'cleaver', 'clothes iron', 'coffee mug', 'computer mouse', 'digital watch', 'doormat', 'dumbbell', 'envelope', 'hair dryer', 'hammer', 'lampshade', 'lemon', 'lipstick', 'match', 'mobile phone', 'necklace', 'padlock', 'paintbrush', 'paper towel', 'park bench', 'pill bottle', 'pillow', 'plastic bag', 'plunger', 'power drill', 'printer', 'racket', 'ruler', 'safety pin', 'salt shaker', 'sandal', 'screw', 'shovel', 'space heater', 'spatula', 'speaker', 'strainer', 'sunglasses', 'teddy bear', 'television', 'umbrella', 'vase', 'wallet', 'waste container', 'water bottle', 'whistle']"
144762,ILSVRC2012_val_00049273.JPEG,100,dumbbell,dumbbell,3.413,f8bc975b73658907,False,"['Band-Aid', 'T-shirt', 'backpack', 'banana', 'cleaver', 'clothes iron', 'coffee mug', 'computer mouse', 'digital watch', 'doormat', 'dumbbell', 'envelope', 'hair dryer', 'hammer', 'lampshade', 'lemon', 'lipstick', 'match', 'mobile phone', 'necklace', 'padlock', 'paintbrush', 'paper towel', 'park bench', 'pill bottle', 'pillow', 'plastic bag', 'plunger', 'power drill', 'printer', 'racket', 'ruler', 'safety pin', 'salt shaker', 'sandal', 'screw', 'shovel', 'space heater', 'spatula', 'speaker', 'strainer', 'sunglasses', 'teddy bear', 'television', 'umbrella', 'vase', 'wallet', 'waste container', 'water bottle', 'whistle']"
147293,ILSVRC2012_val_00049360.JPEG,100,pill bottle,pill bottle,4.548,b1ef339e0dd50051,False,"['Band-Aid', 'T-shirt', 'backpack', 'banana', 'cleaver', 'clothes iron', 'coffee mug', 'computer mouse', 'digital watch', 'doormat', 'dumbbell', 'envelope', 'hair dryer', 'hammer', 'lampshade', 'lemon', 'lipstick', 'match', 'mobile phone', 'necklace', 'padlock', 'paintbrush', 'paper towel', 'park bench', 'pill bottle', 'pillow', 'plastic bag', 'plunger', 'power drill', 'printer', 'racket', 'ruler', 'safety pin', 'salt shaker', 'sandal', 'screw', 'shovel', 'space heater', 'spatula', 'speaker', 'strainer', 'sunglasses', 'teddy bear', 'television', 'umbrella', 'vase', 'wallet', 'waste container', 'water bottle', 'whistle']"
147993,ILSVRC2012_val_00049422.JPEG,100,park bench,park bench,2.726,e72d0a1a1652de30,False,"['Band-Aid', 'T-shirt', 'backpack', 'banana', 'cleaver', 'clothes iron', 'coffee mug', 'computer mouse', 'digital watch', 'doormat', 'dumbbell', 'envelope', 'hair dryer', 'hammer', 'lampshade', 'lemon', 'lipstick', 'match', 'mobile phone', 'necklace', 'padlock', 'paintbrush', 'paper towel', 'park bench', 'pill bottle', 'pillow', 'plastic bag', 'plunger', 'power drill', 'printer', 'racket', 'ruler', 'safety pin', 'salt shaker', 'sandal', 'screw', 'shovel', 'space heater', 'spatula', 'speaker', 'strainer', 'sunglasses', 'teddy bear', 'television', 'umbrella', 'vase', 'wallet', 'waste container', 'water bottle', 'whistle']"
143113,ILSVRC2012_val_00049479.JPEG,100,speaker,speaker,2.45,d6ec4548438ae84d,False,"['Band-Aid', 'T-shirt', 'backpack', 'banana', 'cleaver', 'clothes iron', 'coffee mug', 'computer mouse', 'digital watch', 'doormat', 'dumbbell', 'envelope', 'hair dryer', 'hammer', 'lampshade', 'lemon', 'lipstick', 'match', 'mobile phone', 'necklace', 'padlock', 'paintbrush', 'paper towel', 'park bench', 'pill bottle', 'pillow', 'plastic bag', 'plunger', 'power drill', 'printer', 'racket', 'ruler', 'safety pin', 'salt shaker', 'sandal', 'screw', 'shovel', 'space heater', 'spatula', 'speaker', 'strainer', 'sunglasses', 'teddy bear', 'television', 'umbrella', 'vase', 'wallet', 'waste container', 'water bottle', 'whistle']"
144280,ILSVRC2012_val_00049532.JPEG,100,necklace,necklace,10.416,68f0b2224da44dbe,False,"['Band-Aid', 'T-shirt', 'backpack', 'banana', 'cleaver', 'clothes iron', 'coffee mug', 'computer mouse', 'digital watch', 'doormat', 'dumbbell', 'envelope', 'hair dryer', 'hammer', 'lampshade', 'lemon', 'lipstick', 'match', 'mobile phone', 'necklace', 'padlock', 'paintbrush', 'paper towel', 'park bench', 'pill bottle', 'pillow', 'plastic bag', 'plunger', 'power drill', 'printer', 'racket', 'ruler', 'safety pin', 'salt shaker', 'sandal', 'screw', 'shovel', 'space heater', 'spatula', 'speaker', 'strainer', 'sunglasses', 'teddy bear', 'television', 'umbrella', 'vase', 'wallet', 'waste container', 'water bottle', 'whistle']"
157695,ILSVRC2012_val_00049571.JPEG,100,television,television,3.281,0f11a4606df25be7,False,"['Band-Aid', 'T-shirt', 'backpack', 'banana', 'cleaver', 'clothes iron', 'coffee mug', 'computer mouse', 'digital watch', 'doormat', 'dumbbell', 'envelope', 'hair dryer', 'hammer', 'lampshade', 'lemon', 'lipstick', 'match', 'mobile phone', 'necklace', 'padlock', 'paintbrush', 'paper towel', 'park bench', 'pill bottle', 'pillow', 'plastic bag', 'plunger', 'power drill', 'printer', 'racket', 'ruler', 'safety pin', 'salt shaker', 'sandal', 'screw', 'shovel', 'space heater', 'spatula', 'speaker', 'strainer', 'sunglasses', 'teddy bear', 'television', 'umbrella', 'vase', 'wallet', 'waste container', 'water bottle', 'whistle']"
134887,ILSVRC2012_val_00049625.JPEG,100,match,match,5.84,43c8476a04fcdc54,False,"['Band-Aid', 'T-shirt', 'backpack', 'banana', 'cleaver', 'clothes iron', 'coffee mug', 'computer mouse', 'digital watch', 'doormat', 'dumbbell', 'envelope', 'hair dryer', 'hammer', 'lampshade', 'lemon', 'lipstick', 'match', 'mobile phone', 'necklace', 'padlock', 'paintbrush', 'paper towel', 'park bench', 'pill bottle', 'pillow', 'plastic bag', 'plunger', 'power drill', 'printer', 'racket', 'ruler', 'safety pin', 'salt shaker', 'sandal', 'screw', 'shovel', 'space heater', 'spatula', 'speaker', 'strainer', 'sunglasses', 'teddy bear', 'television', 'umbrella', 'vase', 'wallet', 'waste container', 'water bottle', 'whistle']"
134876,ILSVRC2012_val_00049683.JPEG,100,dumbbell,dumbbell,54.136,207b0d1975ad3975,False,"['Band-Aid', 'T-shirt', 'backpack', 'banana', 'cleaver', 'clothes iron', 'coffee mug', 'computer mouse', 'digital watch', 'doormat', 'dumbbell', 'envelope', 'hair dryer', 'hammer', 'lampshade', 'lemon', 'lipstick', 'match', 'mobile phone', 'necklace', 'padlock', 'paintbrush', 'paper towel', 'park bench', 'pill bottle', 'pillow', 'plastic bag', 'plunger', 'power drill', 'printer', 'racket', 'ruler', 'safety pin', 'salt shaker', 'sandal', 'screw', 'shovel', 'space heater', 'spatula', 'speaker', 'strainer', 'sunglasses', 'teddy bear', 'television', 'umbrella', 'vase', 'wallet', 'waste container', 'water bottle', 'whistle']"
146689,ILSVRC2012_val_00049737.JPEG,100,waste container,waste container,3.586,ce04470eaaa291ce,False,"['Band-Aid', 'T-shirt', 'backpack', 'banana', 'cleaver', 'clothes iron', 'coffee mug', 'computer mouse', 'digital watch', 'doormat', 'dumbbell', 'envelope', 'hair dryer', 'hammer', 'lampshade', 'lemon', 'lipstick', 'match', 'mobile phone', 'necklace', 'padlock', 'paintbrush', 'paper towel', 'park bench', 'pill bottle', 'pillow', 'plastic bag', 'plunger', 'power drill', 'printer', 'racket', 'ruler', 'safety pin', 'salt shaker', 'sandal', 'screw', 'shovel', 'space heater', 'spatula', 'speaker', 'strainer', 'sunglasses', 'teddy bear', 'television', 'umbrella', 'vase', 'wallet', 'waste container', 'water bottle', 'whistle']"
166153,a0565eedcb924d4.png,100,banana,banana,2.113,7917b5b0fbaa0ead,True,"['Band-Aid', 'T-shirt', 'backpack', 'banana', 'cleaver', 'clothes iron', 'coffee mug', 'computer mouse', 'digital watch', 'doormat', 'dumbbell', 'envelope', 'hair dryer', 'hammer', 'lampshade', 'lemon', 'lipstick', 'match', 'mobile phone', 'necklace', 'padlock', 'paintbrush', 'paper towel', 'park bench', 'pill bottle', 'pillow', 'plastic bag', 'plunger', 'power drill', 'printer', 'racket', 'ruler', 'safety pin', 'salt shaker', 'sandal', 'screw', 'shovel', 'space heater', 'spatula', 'speaker', 'strainer', 'sunglasses', 'teddy bear', 'television', 'umbrella', 'vase', 'wallet', 'waste container', 'water bottle', 'whistle']"
139202,a0da2c88d24042c.png,100,safety pin,safety pin,8.012,82c996e7bf358db3,True,"['Band-Aid', 'T-shirt', 'backpack', 'banana', 'cleaver', 'clothes iron', 'coffee mug', 'computer mouse', 'digital watch', 'doormat', 'dumbbell', 'envelope', 'hair dryer', 'hammer', 'lampshade', 'lemon', 'lipstick', 'match', 'mobile phone', 'necklace', 'padlock', 'paintbrush', 'paper towel', 'park bench', 'pill bottle', 'pillow', 'plastic bag', 'plunger', 'power drill', 'printer', 'racket', 'ruler', 'safety pin', 'salt shaker', 'sandal', 'screw', 'shovel', 'space heater', 'spatula', 'speaker', 'strainer', 'sunglasses', 'teddy bear', 'television', 'umbrella', 'vase', 'wallet', 'waste container', 'water bottle', 'whistle']"
138050,a19ec9cb4b0749c.png,100,Band-Aid,Band-Aid,4.942,f84ace5f5d29a0ea,True,"['Band-Aid', 'T-shirt', 'backpack', 'banana', 'cleaver', 'clothes iron', 'coffee mug', 'computer mouse', 'digital watch', 'doormat', 'dumbbell', 'envelope', 'hair dryer', 'hammer', 'lampshade', 'lemon', 'lipstick', 'match', 'mobile phone', 'necklace', 'padlock', 'paintbrush', 'paper towel', 'park bench', 'pill bottle', 'pillow', 'plastic bag', 'plunger', 'power drill', 'printer', 'racket', 'ruler', 'safety pin', 'salt shaker', 'sandal', 'screw', 'shovel', 'space heater', 'spatula', 'speaker', 'strainer', 'sunglasses', 'teddy bear', 'television', 'umbrella', 'vase', 'wallet', 'waste container', 'water bottle', 'whistle']"
134502,a22643a51341446.png,100,television,television,2.428,b6073b25a18c9269,True,"['Band-Aid', 'T-shirt', 'backpack', 'banana', 'cleaver', 'clothes iron', 'coffee mug', 'computer mouse', 'digital watch', 'doormat', 'dumbbell', 'envelope', 'hair dryer', 'hammer', 'lampshade', 'lemon', 'lipstick', 'match', 'mobile phone', 'necklace', 'padlock', 'paintbrush', 'paper towel', 'park bench', 'pill bottle', 'pillow', 'plastic bag', 'plunger', 'power drill', 'printer', 'racket', 'ruler', 'safety pin', 'salt shaker', 'sandal', 'screw', 'shovel', 'space heater', 'spatula', 'speaker', 'strainer', 'sunglasses', 'teddy bear', 'television', 'umbrella', 'vase', 'wallet', 'waste container', 'water bottle', 'whistle']"
166400,a24dd260802c479.png,100,racket,racket,1.565,3386162c8d6012e5,True,"['Band-Aid', 'T-shirt', 'backpack', 'banana', 'cleaver', 'clothes iron', 'coffee mug', 'computer mouse', 'digital watch', 'doormat', 'dumbbell', 'envelope', 'hair dryer', 'hammer', 'lampshade', 'lemon', 'lipstick', 'match', 'mobile phone', 'necklace', 'padlock', 'paintbrush', 'paper towel', 'park bench', 'pill bottle', 'pillow', 'plastic bag', 'plunger', 'power drill', 'printer', 'racket', 'ruler', 'safety pin', 'salt shaker', 'sandal', 'screw', 'shovel', 'space heater', 'spatula', 'speaker', 'strainer', 'sunglasses', 'teddy bear', 'television', 'umbrella', 'vase', 'wallet', 'waste container', 'water bottle', 'whistle']"
141181,a26dfece9aea43c.png,100,cleaver,cleaver,22.013,c63003c1feaddc4c,True,"['Band-Aid', 'T-shirt', 'backpack', 'banana', 'cleaver', 'clothes iron', 'coffee mug', 'computer mouse', 'digital watch', 'doormat', 'dumbbell', 'envelope', 'hair dryer', 'hammer', 'lampshade', 'lemon', 'lipstick', 'match', 'mobile phone', 'necklace', 'padlock', 'paintbrush', 'paper towel', 'park bench', 'pill bottle', 'pillow', 'plastic bag', 'plunger', 'power drill', 'printer', 'racket', 'ruler', 'safety pin', 'salt shaker', 'sandal', 'screw', 'shovel', 'space heater', 'spatula', 'speaker', 'strainer', 'sunglasses', 'teddy bear', 'television', 'umbrella', 'vase', 'wallet', 'waste container', 'water bottle', 'whistle']"
152903,a2e2a45af812476.png,100,banana,banana,4.907,2eb094514afba8fc,True,"['Band-Aid', 'T-shirt', 'backpack', 'banana', 'cleaver', 'clothes iron', 'coffee mug', 'computer mouse', 'digital watch', 'doormat', 'dumbbell', 'envelope', 'hair dryer', 'hammer', 'lampshade', 'lemon', 'lipstick', 'match', 'mobile phone', 'necklace', 'padlock', 'paintbrush', 'paper towel', 'park bench', 'pill bottle', 'pillow', 'plastic bag', 'plunger', 'power drill', 'printer', 'racket', 'ruler', 'safety pin', 'salt shaker', 'sandal', 'screw', 'shovel', 'space heater', 'spatula', 'speaker', 'strainer', 'sunglasses', 'teddy bear', 'television', 'umbrella', 'vase', 'wallet', 'waste container', 'water bottle', 'whistle']"
146536,a33a676fd7ab466.png,100,racket,racket,1.89,a8150b26157d1afd,True,"['Band-Aid', 'T-shirt', 'backpack', 'banana', 'cleaver', 'clothes iron', 'coffee mug', 'computer mouse', 'digital watch', 'doormat', 'dumbbell', 'envelope', 'hair dryer', 'hammer', 'lampshade', 'lemon', 'lipstick', 'match', 'mobile phone', 'necklace', 'padlock', 'paintbrush', 'paper towel', 'park bench', 'pill bottle', 'pillow', 'plastic bag', 'plunger', 'power drill', 'printer', 'racket', 'ruler', 'safety pin', 'salt shaker', 'sandal', 'screw', 'shovel', 'space heater', 'spatula', 'speaker', 'strainer', 'sunglasses', 'teddy bear', 'television', 'umbrella', 'vase', 'wallet', 'waste container', 'water bottle', 'whistle']"
146525,a387c7ad5da4474.png,100,T-shirt,T-shirt,2.365,f182deb32315e288,True,"['Band-Aid', 'T-shirt', 'backpack', 'banana', 'cleaver', 'clothes iron', 'coffee mug', 'computer mouse', 'digital watch', 'doormat', 'dumbbell', 'envelope', 'hair dryer', 'hammer', 'lampshade', 'lemon', 'lipstick', 'match', 'mobile phone', 'necklace', 'padlock', 'paintbrush', 'paper towel', 'park bench', 'pill bottle', 'pillow', 'plastic bag', 'plunger', 'power drill', 'printer', 'racket', 'ruler', 'safety pin', 'salt shaker', 'sandal', 'screw', 'shovel', 'space heater', 'spatula', 'speaker', 'strainer', 'sunglasses', 'teddy bear', 'television', 'umbrella', 'vase', 'wallet', 'waste container', 'water bottle', 'whistle']"
136352,a39519e09fb1494.png,100,mobile phone,mobile phone,10.113,308f63dc402d8816,True,"['Band-Aid', 'T-shirt', 'backpack', 'banana', 'cleaver', 'clothes iron', 'coffee mug', 'computer mouse', 'digital watch', 'doormat', 'dumbbell', 'envelope', 'hair dryer', 'hammer', 'lampshade', 'lemon', 'lipstick', 'match', 'mobile phone', 'necklace', 'padlock', 'paintbrush', 'paper towel', 'park bench', 'pill bottle', 'pillow', 'plastic bag', 'plunger', 'power drill', 'printer', 'racket', 'ruler', 'safety pin', 'salt shaker', 'sandal', 'screw', 'shovel', 'space heater', 'spatula', 'speaker', 'strainer', 'sunglasses', 'teddy bear', 'television', 'umbrella', 'vase', 'wallet', 'waste container', 'water bottle', 'whistle']"
136337,a3bac9dd44cd486.png,100,coffee mug,coffee mug,11.421,9bfcaf71b5541e0b,True,"['Band-Aid', 'T-shirt', 'backpack', 'banana', 'cleaver', 'clothes iron', 'coffee mug', 'computer mouse', 'digital watch', 'doormat', 'dumbbell', 'envelope', 'hair dryer', 'hammer', 'lampshade', 'lemon', 'lipstick', 'match', 'mobile phone', 'necklace', 'padlock', 'paintbrush', 'paper towel', 'park bench', 'pill bottle', 'pillow', 'plastic bag', 'plunger', 'power drill', 'printer', 'racket', 'ruler', 'safety pin', 'salt shaker', 'sandal', 'screw', 'shovel', 'space heater', 'spatula', 'speaker', 'strainer', 'sunglasses', 'teddy bear', 'television', 'umbrella', 'vase', 'wallet', 'waste container', 'water bottle', 'whistle']"
137876,a44f7f24703c44c.png,100,match,match,6.566,bdbc87ae57fc0b59,True,"['Band-Aid', 'T-shirt', 'backpack', 'banana', 'cleaver', 'clothes iron', 'coffee mug', 'computer mouse', 'digital watch', 'doormat', 'dumbbell', 'envelope', 'hair dryer', 'hammer', 'lampshade', 'lemon', 'lipstick', 'match', 'mobile phone', 'necklace', 'padlock', 'paintbrush', 'paper towel', 'park bench', 'pill bottle', 'pillow', 'plastic bag', 'plunger', 'power drill', 'printer', 'racket', 'ruler', 'safety pin', 'salt shaker', 'sandal', 'screw', 'shovel', 'space heater', 'spatula', 'speaker', 'strainer', 'sunglasses', 'teddy bear', 'television', 'umbrella', 'vase', 'wallet', 'waste container', 'water bottle', 'whistle']"
144406,a46c277a9144434.png,100,sandal,sandal,3.594,1956838b340009dd,True,"['Band-Aid', 'T-shirt', 'backpack', 'banana', 'cleaver', 'clothes iron', 'coffee mug', 'computer mouse', 'digital watch', 'doormat', 'dumbbell', 'envelope', 'hair dryer', 'hammer', 'lampshade', 'lemon', 'lipstick', 'match', 'mobile phone', 'necklace', 'padlock', 'paintbrush', 'paper towel', 'park bench', 'pill bottle', 'pillow', 'plastic bag', 'plunger', 'power drill', 'printer', 'racket', 'ruler', 'safety pin', 'salt shaker', 'sandal', 'screw', 'shovel', 'space heater', 'spatula', 'speaker', 'strainer', 'sunglasses', 'teddy bear', 'television', 'umbrella', 'vase', 'wallet', 'waste container', 'water bottle', 'whistle']"
141438,a4da6fff0cd045f.png,100,paintbrush,paintbrush,2.4,8c4a93ed5379a20b,True,"['Band-Aid', 'T-shirt', 'backpack', 'banana', 'cleaver', 'clothes iron', 'coffee mug', 'computer mouse', 'digital watch', 'doormat', 'dumbbell', 'envelope', 'hair dryer', 'hammer', 'lampshade', 'lemon', 'lipstick', 'match', 'mobile phone', 'necklace', 'padlock', 'paintbrush', 'paper towel', 'park bench', 'pill bottle', 'pillow', 'plastic bag', 'plunger', 'power drill', 'printer', 'racket', 'ruler', 'safety pin', 'salt shaker', 'sandal', 'screw', 'shovel', 'space heater', 'spatula', 'speaker', 'strainer', 'sunglasses', 'teddy bear', 'television', 'umbrella', 'vase', 'wallet', 'waste container', 'water bottle', 'whistle']"
142374,a5acce708da449f.png,100,lipstick,lipstick,1.567,4dea57d33392b275,True,"['Band-Aid', 'T-shirt', 'backpack', 'banana', 'cleaver', 'clothes iron', 'coffee mug', 'computer mouse', 'digital watch', 'doormat', 'dumbbell', 'envelope', 'hair dryer', 'hammer', 'lampshade', 'lemon', 'lipstick', 'match', 'mobile phone', 'necklace', 'padlock', 'paintbrush', 'paper towel', 'park bench', 'pill bottle', 'pillow', 'plastic bag', 'plunger', 'power drill', 'printer', 'racket', 'ruler', 'safety pin', 'salt shaker', 'sandal', 'screw', 'shovel', 'space heater', 'spatula', 'speaker', 'strainer', 'sunglasses', 'teddy bear', 'television', 'umbrella', 'vase', 'wallet', 'waste container', 'water bottle', 'whistle']"
135918,a619f67974344da.png,100,dumbbell,dumbbell,5.018,2eb094514afba8fc,True,"['Band-Aid', 'T-shirt', 'backpack', 'banana', 'cleaver', 'clothes iron', 'coffee mug', 'computer mouse', 'digital watch', 'doormat', 'dumbbell', 'envelope', 'hair dryer', 'hammer', 'lampshade', 'lemon', 'lipstick', 'match', 'mobile phone', 'necklace', 'padlock', 'paintbrush', 'paper towel', 'park bench', 'pill bottle', 'pillow', 'plastic bag', 'plunger', 'power drill', 'printer', 'racket', 'ruler', 'safety pin', 'salt shaker', 'sandal', 'screw', 'shovel', 'space heater', 'spatula', 'speaker', 'strainer', 'sunglasses', 'teddy bear', 'television', 'umbrella', 'vase', 'wallet', 'waste container', 'water bottle', 'whistle']"
135942,a643408acefb486.png,100,T-shirt,T-shirt,1.311,8fa7917f5ee4451c,True,"['Band-Aid', 'T-shirt', 'backpack', 'banana', 'cleaver', 'clothes iron', 'coffee mug', 'computer mouse', 'digital watch', 'doormat', 'dumbbell', 'envelope', 'hair dryer', 'hammer', 'lampshade', 'lemon', 'lipstick', 'match', 'mobile phone', 'necklace', 'padlock', 'paintbrush', 'paper towel', 'park bench', 'pill bottle', 'pillow', 'plastic bag', 'plunger', 'power drill', 'printer', 'racket', 'ruler', 'safety pin', 'salt shaker', 'sandal', 'screw', 'shovel', 'space heater', 'spatula', 'speaker', 'strainer', 'sunglasses', 'teddy bear', 'television', 'umbrella', 'vase', 'wallet', 'waste container', 'water bottle', 'whistle']"
141508,a7ec783dee2b4e9.png,100,safety pin,safety pin,7.947,1b4ea904d4e8ca0b,True,"['Band-Aid', 'T-shirt', 'backpack', 'banana', 'cleaver', 'clothes iron', 'coffee mug', 'computer mouse', 'digital watch', 'doormat', 'dumbbell', 'envelope', 'hair dryer', 'hammer', 'lampshade', 'lemon', 'lipstick', 'match', 'mobile phone', 'necklace', 'padlock', 'paintbrush', 'paper towel', 'park bench', 'pill bottle', 'pillow', 'plastic bag', 'plunger', 'power drill', 'printer', 'racket', 'ruler', 'safety pin', 'salt shaker', 'sandal', 'screw', 'shovel', 'space heater', 'spatula', 'speaker', 'strainer', 'sunglasses', 'teddy bear', 'television', 'umbrella', 'vase', 'wallet', 'waste container', 'water bottle', 'whistle']"
146963,a80668b823ab4db.png,100,mobile phone,mobile phone,2.584,be34ded15dcf6e99,True,"['Band-Aid', 'T-shirt', 'backpack', 'banana', 'cleaver', 'clothes iron', 'coffee mug', 'computer mouse', 'digital watch', 'doormat', 'dumbbell', 'envelope', 'hair dryer', 'hammer', 'lampshade', 'lemon', 'lipstick', 'match', 'mobile phone', 'necklace', 'padlock', 'paintbrush', 'paper towel', 'park bench', 'pill bottle', 'pillow', 'plastic bag', 'plunger', 'power drill', 'printer', 'racket', 'ruler', 'safety pin', 'salt shaker', 'sandal', 'screw', 'shovel', 'space heater', 'spatula', 'speaker', 'strainer', 'sunglasses', 'teddy bear', 'television', 'umbrella', 'vase', 'wallet', 'waste container', 'water bottle', 'whistle']"
137925,a88626e692e9415.png,100,teddy bear,teddy bear,11.487,ccb4f6b37950a6d2,True,"['Band-Aid', 'T-shirt', 'backpack', 'banana', 'cleaver', 'clothes iron', 'coffee mug', 'computer mouse', 'digital watch', 'doormat', 'dumbbell', 'envelope', 'hair dryer', 'hammer', 'lampshade', 'lemon', 'lipstick', 'match', 'mobile phone', 'necklace', 'padlock', 'paintbrush', 'paper towel', 'park bench', 'pill bottle', 'pillow', 'plastic bag', 'plunger', 'power drill', 'printer', 'racket', 'ruler', 'safety pin', 'salt shaker', 'sandal', 'screw', 'shovel', 'space heater', 'spatula', 'speaker', 'strainer', 'sunglasses', 'teddy bear', 'television', 'umbrella', 'vase', 'wallet', 'waste container', 'water bottle', 'whistle']"
136417,a8f866ab2287440.png,100,teddy bear,teddy bear,30.315,04aff297743a0a47,True,"['Band-Aid', 'T-shirt', 'backpack', 'banana', 'cleaver', 'clothes iron', 'coffee mug', 'computer mouse', 'digital watch', 'doormat', 'dumbbell', 'envelope', 'hair dryer', 'hammer', 'lampshade', 'lemon', 'lipstick', 'match', 'mobile phone', 'necklace', 'padlock', 'paintbrush', 'paper towel', 'park bench', 'pill bottle', 'pillow', 'plastic bag', 'plunger', 'power drill', 'printer', 'racket', 'ruler', 'safety pin', 'salt shaker', 'sandal', 'screw', 'shovel', 'space heater', 'spatula', 'speaker', 'strainer', 'sunglasses', 'teddy bear', 'television', 'umbrella', 'vase', 'wallet', 'waste container', 'water bottle', 'whistle']"
134664,aa610fe60bdd41a.png,100,hammer,hammer,6.058,9f24db1d83cce854,True,"['Band-Aid', 'T-shirt', 'backpack', 'banana', 'cleaver', 'clothes iron', 'coffee mug', 'computer mouse', 'digital watch', 'doormat', 'dumbbell', 'envelope', 'hair dryer', 'hammer', 'lampshade', 'lemon', 'lipstick', 'match', 'mobile phone', 'necklace', 'padlock', 'paintbrush', 'paper towel', 'park bench', 'pill bottle', 'pillow', 'plastic bag', 'plunger', 'power drill', 'printer', 'racket', 'ruler', 'safety pin', 'salt shaker', 'sandal', 'screw', 'shovel', 'space heater', 'spatula', 'speaker', 'strainer', 'sunglasses', 'teddy bear', 'television', 'umbrella', 'vase', 'wallet', 'waste container', 'water bottle', 'whistle']"
135735,aa6c4c05982040c.png,100,lemon,Band-Aid,110.748,24ca01b598fc7e4a,True,"['Band-Aid', 'T-shirt', 'backpack', 'banana', 'cleaver', 'clothes iron', 'coffee mug', 'computer mouse', 'digital watch', 'doormat', 'dumbbell', 'envelope', 'hair dryer', 'hammer', 'lampshade', 'lemon', 'lipstick', 'match', 'mobile phone', 'necklace', 'padlock', 'paintbrush', 'paper towel', 'park bench', 'pill bottle', 'pillow', 'plastic bag', 'plunger', 'power drill', 'printer', 'racket', 'ruler', 'safety pin', 'salt shaker', 'sandal', 'screw', 'shovel', 'space heater', 'spatula', 'speaker', 'strainer', 'sunglasses', 'teddy bear', 'television', 'umbrella', 'vase', 'wallet', 'waste container', 'water bottle', 'whistle']"
135743,aaaae3b63fdb45f.png,100,padlock,hair dryer,2.03,8081885d4dd2a121,True,"['Band-Aid', 'T-shirt', 'backpack', 'banana', 'cleaver', 'clothes iron', 'coffee mug', 'computer mouse', 'digital watch', 'doormat', 'dumbbell', 'envelope', 'hair dryer', 'hammer', 'lampshade', 'lemon', 'lipstick', 'match', 'mobile phone', 'necklace', 'padlock', 'paintbrush', 'paper towel', 'park bench', 'pill bottle', 'pillow', 'plastic bag', 'plunger', 'power drill', 'printer', 'racket', 'ruler', 'safety pin', 'salt shaker', 'sandal', 'screw', 'shovel', 'space heater', 'spatula', 'speaker', 'strainer', 'sunglasses', 'teddy bear', 'television', 'umbrella', 'vase', 'wallet', 'waste container', 'water bottle', 'whistle']"
146851,aaee530027f2452.png,100,necklace,necklace,4.98,0086a5e995a3afdf,True,"['Band-Aid', 'T-shirt', 'backpack', 'banana', 'cleaver', 'clothes iron', 'coffee mug', 'computer mouse', 'digital watch', 'doormat', 'dumbbell', 'envelope', 'hair dryer', 'hammer', 'lampshade', 'lemon', 'lipstick', 'match', 'mobile phone', 'necklace', 'padlock', 'paintbrush', 'paper towel', 'park bench', 'pill bottle', 'pillow', 'plastic bag', 'plunger', 'power drill', 'printer', 'racket', 'ruler', 'safety pin', 'salt shaker', 'sandal', 'screw', 'shovel', 'space heater', 'spatula', 'speaker', 'strainer', 'sunglasses', 'teddy bear', 'television', 'umbrella', 'vase', 'wallet', 'waste container', 'water bottle', 'whistle']"
144121,ab42e418d0ce498.png,100,dumbbell,dumbbell,1.536,a0f29f8e23687eef,True,"['Band-Aid', 'T-shirt', 'backpack', 'banana', 'cleaver', 'clothes iron', 'coffee mug', 'computer mouse', 'digital watch', 'doormat', 'dumbbell', 'envelope', 'hair dryer', 'hammer', 'lampshade', 'lemon', 'lipstick', 'match', 'mobile phone', 'necklace', 'padlock', 'paintbrush', 'paper towel', 'park bench', 'pill bottle', 'pillow', 'plastic bag', 'plunger', 'power drill', 'printer', 'racket', 'ruler', 'safety pin', 'salt shaker', 'sandal', 'screw', 'shovel', 'space heater', 'spatula', 'speaker', 'strainer', 'sunglasses', 'teddy bear', 'television', 'umbrella', 'vase', 'wallet', 'waste container', 'water bottle', 'whistle']"
140149,ab59b29dac7c4b3.png,100,padlock,padlock,19.364,413718ce6ccf9c12,True,"['Band-Aid', 'T-shirt', 'backpack', 'banana', 'cleaver', 'clothes iron', 'coffee mug', 'computer mouse', 'digital watch', 'doormat', 'dumbbell', 'envelope', 'hair dryer', 'hammer', 'lampshade', 'lemon', 'lipstick', 'match', 'mobile phone', 'necklace', 'padlock', 'paintbrush', 'paper towel', 'park bench', 'pill bottle', 'pillow', 'plastic bag', 'plunger', 'power drill', 'printer', 'racket', 'ruler', 'safety pin', 'salt shaker', 'sandal', 'screw', 'shovel', 'space heater', 'spatula', 'speaker', 'strainer', 'sunglasses', 'teddy bear', 'television', 'umbrella', 'vase', 'wallet', 'waste container', 'water bottle', 'whistle']"
142050,ac67e4052ffc456.png,100,banana,banana,3.362,ce04470eaaa291ce,True,"['Band-Aid', 'T-shirt', 'backpack', 'banana', 'cleaver', 'clothes iron', 'coffee mug', 'computer mouse', 'digital watch', 'doormat', 'dumbbell', 'envelope', 'hair dryer', 'hammer', 'lampshade', 'lemon', 'lipstick', 'match', 'mobile phone', 'necklace', 'padlock', 'paintbrush', 'paper towel', 'park bench', 'pill bottle', 'pillow', 'plastic bag', 'plunger', 'power drill', 'printer', 'racket', 'ruler', 'safety pin', 'salt shaker', 'sandal', 'screw', 'shovel', 'space heater', 'spatula', 'speaker', 'strainer', 'sunglasses', 'teddy bear', 'television', 'umbrella', 'vase', 'wallet', 'waste container', 'water bottle', 'whistle']"
134703,ac690421c0f648a.png,100,coffee mug,coffee mug,3.07,77e0995699f64722,True,"['Band-Aid', 'T-shirt', 'backpack', 'banana', 'cleaver', 'clothes iron', 'coffee mug', 'computer mouse', 'digital watch', 'doormat', 'dumbbell', 'envelope', 'hair dryer', 'hammer', 'lampshade', 'lemon', 'lipstick', 'match', 'mobile phone', 'necklace', 'padlock', 'paintbrush', 'paper towel', 'park bench', 'pill bottle', 'pillow', 'plastic bag', 'plunger', 'power drill', 'printer', 'racket', 'ruler', 'safety pin', 'salt shaker', 'sandal', 'screw', 'shovel', 'space heater', 'spatula', 'speaker', 'strainer', 'sunglasses', 'teddy bear', 'television', 'umbrella', 'vase', 'wallet', 'waste container', 'water bottle', 'whistle']"
134721,ac822ef319a740f.png,100,cleaver,cleaver,66.396,bb98e9c3784f8b25,True,"['Band-Aid', 'T-shirt', 'backpack', 'banana', 'cleaver', 'clothes iron', 'coffee mug', 'computer mouse', 'digital watch', 'doormat', 'dumbbell', 'envelope', 'hair dryer', 'hammer', 'lampshade', 'lemon', 'lipstick', 'match', 'mobile phone', 'necklace', 'padlock', 'paintbrush', 'paper towel', 'park bench', 'pill bottle', 'pillow', 'plastic bag', 'plunger', 'power drill', 'printer', 'racket', 'ruler', 'safety pin', 'salt shaker', 'sandal', 'screw', 'shovel', 'space heater', 'spatula', 'speaker', 'strainer', 'sunglasses', 'teddy bear', 'television', 'umbrella', 'vase', 'wallet', 'waste container', 'water bottle', 'whistle']"
134716,ac9dbc7ca0dc497.png,100,coffee mug,coffee mug,3.92,390b229cf80f8f45,True,"['Band-Aid', 'T-shirt', 'backpack', 'banana', 'cleaver', 'clothes iron', 'coffee mug', 'computer mouse', 'digital watch', 'doormat', 'dumbbell', 'envelope', 'hair dryer', 'hammer', 'lampshade', 'lemon', 'lipstick', 'match', 'mobile phone', 'necklace', 'padlock', 'paintbrush', 'paper towel', 'park bench', 'pill bottle', 'pillow', 'plastic bag', 'plunger', 'power drill', 'printer', 'racket', 'ruler', 'safety pin', 'salt shaker', 'sandal', 'screw', 'shovel', 'space heater', 'spatula', 'speaker', 'strainer', 'sunglasses', 'teddy bear', 'television', 'umbrella', 'vase', 'wallet', 'waste container', 'water bottle', 'whistle']"
158907,acfa77d1f21a425.png,100,sandal,sandal,2.2,fe3e20f47206d997,True,"['Band-Aid', 'T-shirt', 'backpack', 'banana', 'cleaver', 'clothes iron', 'coffee mug', 'computer mouse', 'digital watch', 'doormat', 'dumbbell', 'envelope', 'hair dryer', 'hammer', 'lampshade', 'lemon', 'lipstick', 'match', 'mobile phone', 'necklace', 'padlock', 'paintbrush', 'paper towel', 'park bench', 'pill bottle', 'pillow', 'plastic bag', 'plunger', 'power drill', 'printer', 'racket', 'ruler', 'safety pin', 'salt shaker', 'sandal', 'screw', 'shovel', 'space heater', 'spatula', 'speaker', 'strainer', 'sunglasses', 'teddy bear', 'television', 'umbrella', 'vase', 'wallet', 'waste container', 'water bottle', 'whistle']"
154587,adb4b8f293314b3.png,100,lemon,lemon,4.8,3cb8ef5d9765dd28,True,"['Band-Aid', 'T-shirt', 'backpack', 'banana', 'cleaver', 'clothes iron', 'coffee mug', 'computer mouse', 'digital watch', 'doormat', 'dumbbell', 'envelope', 'hair dryer', 'hammer', 'lampshade', 'lemon', 'lipstick', 'match', 'mobile phone', 'necklace', 'padlock', 'paintbrush', 'paper towel', 'park bench', 'pill bottle', 'pillow', 'plastic bag', 'plunger', 'power drill', 'printer', 'racket', 'ruler', 'safety pin', 'salt shaker', 'sandal', 'screw', 'shovel', 'space heater', 'spatula', 'speaker', 'strainer', 'sunglasses', 'teddy bear', 'television', 'umbrella', 'vase', 'wallet', 'waste container', 'water bottle', 'whistle']"
145526,af39e78d5d594e2.png,100,backpack,plastic bag,27.483,f9f209c078b04660,True,"['Band-Aid', 'T-shirt', 'backpack', 'banana', 'cleaver', 'clothes iron', 'coffee mug', 'computer mouse', 'digital watch', 'doormat', 'dumbbell', 'envelope', 'hair dryer', 'hammer', 'lampshade', 'lemon', 'lipstick', 'match', 'mobile phone', 'necklace', 'padlock', 'paintbrush', 'paper towel', 'park bench', 'pill bottle', 'pillow', 'plastic bag', 'plunger', 'power drill', 'printer', 'racket', 'ruler', 'safety pin', 'salt shaker', 'sandal', 'screw', 'shovel', 'space heater', 'spatula', 'speaker', 'strainer', 'sunglasses', 'teddy bear', 'television', 'umbrella', 'vase', 'wallet', 'waste container', 'water bottle', 'whistle']"
140006,af81c1d1ff55436.png,100,teddy bear,teddy bear,41.251,2fdda0921ee9915f,True,"['Band-Aid', 'T-shirt', 'backpack', 'banana', 'cleaver', 'clothes iron', 'coffee mug', 'computer mouse', 'digital watch', 'doormat', 'dumbbell', 'envelope', 'hair dryer', 'hammer', 'lampshade', 'lemon', 'lipstick', 'match', 'mobile phone', 'necklace', 'padlock', 'paintbrush', 'paper towel', 'park bench', 'pill bottle', 'pillow', 'plastic bag', 'plunger', 'power drill', 'printer', 'racket', 'ruler', 'safety pin', 'salt shaker', 'sandal', 'screw', 'shovel', 'space heater', 'spatula', 'speaker', 'strainer', 'sunglasses', 'teddy bear', 'television', 'umbrella', 'vase', 'wallet', 'waste container', 'water bottle', 'whistle']"
168924,b03cbdf98f47419.png,100,hair dryer,hair dryer,5.875,082f3035cb3f182e,True,"['Band-Aid', 'T-shirt', 'backpack', 'banana', 'cleaver', 'clothes iron', 'coffee mug', 'computer mouse', 'digital watch', 'doormat', 'dumbbell', 'envelope', 'hair dryer', 'hammer', 'lampshade', 'lemon', 'lipstick', 'match', 'mobile phone', 'necklace', 'padlock', 'paintbrush', 'paper towel', 'park bench', 'pill bottle', 'pillow', 'plastic bag', 'plunger', 'power drill', 'printer', 'racket', 'ruler', 'safety pin', 'salt shaker', 'sandal', 'screw', 'shovel', 'space heater', 'spatula', 'speaker', 'strainer', 'sunglasses', 'teddy bear', 'television', 'umbrella', 'vase', 'wallet', 'waste container', 'water bottle', 'whistle']"
142160,b08721fe99ba4ed.png,100,sandal,sandal,1.249,65beba376c0f0b51,True,"['Band-Aid', 'T-shirt', 'backpack', 'banana', 'cleaver', 'clothes iron', 'coffee mug', 'computer mouse', 'digital watch', 'doormat', 'dumbbell', 'envelope', 'hair dryer', 'hammer', 'lampshade', 'lemon', 'lipstick', 'match', 'mobile phone', 'necklace', 'padlock', 'paintbrush', 'paper towel', 'park bench', 'pill bottle', 'pillow', 'plastic bag', 'plunger', 'power drill', 'printer', 'racket', 'ruler', 'safety pin', 'salt shaker', 'sandal', 'screw', 'shovel', 'space heater', 'spatula', 'speaker', 'strainer', 'sunglasses', 'teddy bear', 'television', 'umbrella', 'vase', 'wallet', 'waste container', 'water bottle', 'whistle']"
140078,b0a4c1ff3c62409.png,100,safety pin,safety pin,1.89,5c8aec5e079f8661,True,"['Band-Aid', 'T-shirt', 'backpack', 'banana', 'cleaver', 'clothes iron', 'coffee mug', 'computer mouse', 'digital watch', 'doormat', 'dumbbell', 'envelope', 'hair dryer', 'hammer', 'lampshade', 'lemon', 'lipstick', 'match', 'mobile phone', 'necklace', 'padlock', 'paintbrush', 'paper towel', 'park bench', 'pill bottle', 'pillow', 'plastic bag', 'plunger', 'power drill', 'printer', 'racket', 'ruler', 'safety pin', 'salt shaker', 'sandal', 'screw', 'shovel', 'space heater', 'spatula', 'speaker', 'strainer', 'sunglasses', 'teddy bear', 'television', 'umbrella', 'vase', 'wallet', 'waste container', 'water bottle', 'whistle']"
150496,b0c52c07c8ff442.png,100,sunglasses,sunglasses,1.688,e2df1f8272047304,True,"['Band-Aid', 'T-shirt', 'backpack', 'banana', 'cleaver', 'clothes iron', 'coffee mug', 'computer mouse', 'digital watch', 'doormat', 'dumbbell', 'envelope', 'hair dryer', 'hammer', 'lampshade', 'lemon', 'lipstick', 'match', 'mobile phone', 'necklace', 'padlock', 'paintbrush', 'paper towel', 'park bench', 'pill bottle', 'pillow', 'plastic bag', 'plunger', 'power drill', 'printer', 'racket', 'ruler', 'safety pin', 'salt shaker', 'sandal', 'screw', 'shovel', 'space heater', 'spatula', 'speaker', 'strainer', 'sunglasses', 'teddy bear', 'television', 'umbrella', 'vase', 'wallet', 'waste container', 'water bottle', 'whistle']"
142158,b13c14ebb4bf4c0.png,100,safety pin,safety pin,3.691,155e84bc040483da,True,"['Band-Aid', 'T-shirt', 'backpack', 'banana', 'cleaver', 'clothes iron', 'coffee mug', 'computer mouse', 'digital watch', 'doormat', 'dumbbell', 'envelope', 'hair dryer', 'hammer', 'lampshade', 'lemon', 'lipstick', 'match', 'mobile phone', 'necklace', 'padlock', 'paintbrush', 'paper towel', 'park bench', 'pill bottle', 'pillow', 'plastic bag', 'plunger', 'power drill', 'printer', 'racket', 'ruler', 'safety pin', 'salt shaker', 'sandal', 'screw', 'shovel', 'space heater', 'spatula', 'speaker', 'strainer', 'sunglasses', 'teddy bear', 'television', 'umbrella', 'vase', 'wallet', 'waste container', 'water bottle', 'whistle']"
162504,b1afb7f1ad924e1.png,100,lemon,lemon,3.523,b56974537b663fc4,True,"['Band-Aid', 'T-shirt', 'backpack', 'banana', 'cleaver', 'clothes iron', 'coffee mug', 'computer mouse', 'digital watch', 'doormat', 'dumbbell', 'envelope', 'hair dryer', 'hammer', 'lampshade', 'lemon', 'lipstick', 'match', 'mobile phone', 'necklace', 'padlock', 'paintbrush', 'paper towel', 'park bench', 'pill bottle', 'pillow', 'plastic bag', 'plunger', 'power drill', 'printer', 'racket', 'ruler', 'safety pin', 'salt shaker', 'sandal', 'screw', 'shovel', 'space heater', 'spatula', 'speaker', 'strainer', 'sunglasses', 'teddy bear', 'television', 'umbrella', 'vase', 'wallet', 'waste container', 'water bottle', 'whistle']"
152495,b1ea5f4ae133424.png,100,computer mouse,computer mouse,2.302,48e5bff94f5041e7,True,"['Band-Aid', 'T-shirt', 'backpack', 'banana', 'cleaver', 'clothes iron', 'coffee mug', 'computer mouse', 'digital watch', 'doormat', 'dumbbell', 'envelope', 'hair dryer', 'hammer', 'lampshade', 'lemon', 'lipstick', 'match', 'mobile phone', 'necklace', 'padlock', 'paintbrush', 'paper towel', 'park bench', 'pill bottle', 'pillow', 'plastic bag', 'plunger', 'power drill', 'printer', 'racket', 'ruler', 'safety pin', 'salt shaker', 'sandal', 'screw', 'shovel', 'space heater', 'spatula', 'speaker', 'strainer', 'sunglasses', 'teddy bear', 'television', 'umbrella', 'vase', 'wallet', 'waste container', 'water bottle', 'whistle']"
135820,b21625ade969436.png,100,digital watch,digital watch,5.814,a4be1793d61f5542,True,"['Band-Aid', 'T-shirt', 'backpack', 'banana', 'cleaver', 'clothes iron', 'coffee mug', 'computer mouse', 'digital watch', 'doormat', 'dumbbell', 'envelope', 'hair dryer', 'hammer', 'lampshade', 'lemon', 'lipstick', 'match', 'mobile phone', 'necklace', 'padlock', 'paintbrush', 'paper towel', 'park bench', 'pill bottle', 'pillow', 'plastic bag', 'plunger', 'power drill', 'printer', 'racket', 'ruler', 'safety pin', 'salt shaker', 'sandal', 'screw', 'shovel', 'space heater', 'spatula', 'speaker', 'strainer', 'sunglasses', 'teddy bear', 'television', 'umbrella', 'vase', 'wallet', 'waste container', 'water bottle', 'whistle']"
138984,b2215bf99a5d4f4.png,100,cleaver,cleaver,2.275,2e2fea63139f57d3,True,"['Band-Aid', 'T-shirt', 'backpack', 'banana', 'cleaver', 'clothes iron', 'coffee mug', 'computer mouse', 'digital watch', 'doormat', 'dumbbell', 'envelope', 'hair dryer', 'hammer', 'lampshade', 'lemon', 'lipstick', 'match', 'mobile phone', 'necklace', 'padlock', 'paintbrush', 'paper towel', 'park bench', 'pill bottle', 'pillow', 'plastic bag', 'plunger', 'power drill', 'printer', 'racket', 'ruler', 'safety pin', 'salt shaker', 'sandal', 'screw', 'shovel', 'space heater', 'spatula', 'speaker', 'strainer', 'sunglasses', 'teddy bear', 'television', 'umbrella', 'vase', 'wallet', 'waste container', 'water bottle', 'whistle']"
135835,b275cfc55cbd43e.png,100,envelope,envelope,9.858,788da5292bce6803,True,"['Band-Aid', 'T-shirt', 'backpack', 'banana', 'cleaver', 'clothes iron', 'coffee mug', 'computer mouse', 'digital watch', 'doormat', 'dumbbell', 'envelope', 'hair dryer', 'hammer', 'lampshade', 'lemon', 'lipstick', 'match', 'mobile phone', 'necklace', 'padlock', 'paintbrush', 'paper towel', 'park bench', 'pill bottle', 'pillow', 'plastic bag', 'plunger', 'power drill', 'printer', 'racket', 'ruler', 'safety pin', 'salt shaker', 'sandal', 'screw', 'shovel', 'space heater', 'spatula', 'speaker', 'strainer', 'sunglasses', 'teddy bear', 'television', 'umbrella', 'vase', 'wallet', 'waste container', 'water bottle', 'whistle']"
136402,b340fff9edbc4b7.png,100,pillow,pillow,4.798,026dbbe488d06d69,True,"['Band-Aid', 'T-shirt', 'backpack', 'banana', 'cleaver', 'clothes iron', 'coffee mug', 'computer mouse', 'digital watch', 'doormat', 'dumbbell', 'envelope', 'hair dryer', 'hammer', 'lampshade', 'lemon', 'lipstick', 'match', 'mobile phone', 'necklace', 'padlock', 'paintbrush', 'paper towel', 'park bench', 'pill bottle', 'pillow', 'plastic bag', 'plunger', 'power drill', 'printer', 'racket', 'ruler', 'safety pin', 'salt shaker', 'sandal', 'screw', 'shovel', 'space heater', 'spatula', 'speaker', 'strainer', 'sunglasses', 'teddy bear', 'television', 'umbrella', 'vase', 'wallet', 'waste container', 'water bottle', 'whistle']"
139940,b3a4cd338f0c40e.png,100,park bench,park bench,21.032,003571781f42af3f,True,"['Band-Aid', 'T-shirt', 'backpack', 'banana', 'cleaver', 'clothes iron', 'coffee mug', 'computer mouse', 'digital watch', 'doormat', 'dumbbell', 'envelope', 'hair dryer', 'hammer', 'lampshade', 'lemon', 'lipstick', 'match', 'mobile phone', 'necklace', 'padlock', 'paintbrush', 'paper towel', 'park bench', 'pill bottle', 'pillow', 'plastic bag', 'plunger', 'power drill', 'printer', 'racket', 'ruler', 'safety pin', 'salt shaker', 'sandal', 'screw', 'shovel', 'space heater', 'spatula', 'speaker', 'strainer', 'sunglasses', 'teddy bear', 'television', 'umbrella', 'vase', 'wallet', 'waste container', 'water bottle', 'whistle']"
146609,b3a6a60f8ab14f3.png,100,padlock,padlock,29.369,ca9c6f954e606ee2,True,"['Band-Aid', 'T-shirt', 'backpack', 'banana', 'cleaver', 'clothes iron', 'coffee mug', 'computer mouse', 'digital watch', 'doormat', 'dumbbell', 'envelope', 'hair dryer', 'hammer', 'lampshade', 'lemon', 'lipstick', 'match', 'mobile phone', 'necklace', 'padlock', 'paintbrush', 'paper towel', 'park bench', 'pill bottle', 'pillow', 'plastic bag', 'plunger', 'power drill', 'printer', 'racket', 'ruler', 'safety pin', 'salt shaker', 'sandal', 'screw', 'shovel', 'space heater', 'spatula', 'speaker', 'strainer', 'sunglasses', 'teddy bear', 'television', 'umbrella', 'vase', 'wallet', 'waste container', 'water bottle', 'whistle']"
141457,b46f777d83b54ac.png,100,sunglasses,sunglasses,1.772,082f3035cb3f182e,True,"['Band-Aid', 'T-shirt', 'backpack', 'banana', 'cleaver', 'clothes iron', 'coffee mug', 'computer mouse', 'digital watch', 'doormat', 'dumbbell', 'envelope', 'hair dryer', 'hammer', 'lampshade', 'lemon', 'lipstick', 'match', 'mobile phone', 'necklace', 'padlock', 'paintbrush', 'paper towel', 'park bench', 'pill bottle', 'pillow', 'plastic bag', 'plunger', 'power drill', 'printer', 'racket', 'ruler', 'safety pin', 'salt shaker', 'sandal', 'screw', 'shovel', 'space heater', 'spatula', 'speaker', 'strainer', 'sunglasses', 'teddy bear', 'television', 'umbrella', 'vase', 'wallet', 'waste container', 'water bottle', 'whistle']"
150806,b4d4e541ecda435.png,100,vase,vase,10.065,325a2ddec5776136,True,"['Band-Aid', 'T-shirt', 'backpack', 'banana', 'cleaver', 'clothes iron', 'coffee mug', 'computer mouse', 'digital watch', 'doormat', 'dumbbell', 'envelope', 'hair dryer', 'hammer', 'lampshade', 'lemon', 'lipstick', 'match', 'mobile phone', 'necklace', 'padlock', 'paintbrush', 'paper towel', 'park bench', 'pill bottle', 'pillow', 'plastic bag', 'plunger', 'power drill', 'printer', 'racket', 'ruler', 'safety pin', 'salt shaker', 'sandal', 'screw', 'shovel', 'space heater', 'spatula', 'speaker', 'strainer', 'sunglasses', 'teddy bear', 'television', 'umbrella', 'vase', 'wallet', 'waste container', 'water bottle', 'whistle']"
141883,b5295547414c4e6.png,100,dumbbell,dumbbell,17.306,2d691df770495a3e,True,"['Band-Aid', 'T-shirt', 'backpack', 'banana', 'cleaver', 'clothes iron', 'coffee mug', 'computer mouse', 'digital watch', 'doormat', 'dumbbell', 'envelope', 'hair dryer', 'hammer', 'lampshade', 'lemon', 'lipstick', 'match', 'mobile phone', 'necklace', 'padlock', 'paintbrush', 'paper towel', 'park bench', 'pill bottle', 'pillow', 'plastic bag', 'plunger', 'power drill', 'printer', 'racket', 'ruler', 'safety pin', 'salt shaker', 'sandal', 'screw', 'shovel', 'space heater', 'spatula', 'speaker', 'strainer', 'sunglasses', 'teddy bear', 'television', 'umbrella', 'vase', 'wallet', 'waste container', 'water bottle', 'whistle']"
153184,b547b30ec13d439.png,100,match,match,1.678,9aa0e8086358dc35,True,"['Band-Aid', 'T-shirt', 'backpack', 'banana', 'cleaver', 'clothes iron', 'coffee mug', 'computer mouse', 'digital watch', 'doormat', 'dumbbell', 'envelope', 'hair dryer', 'hammer', 'lampshade', 'lemon', 'lipstick', 'match', 'mobile phone', 'necklace', 'padlock', 'paintbrush', 'paper towel', 'park bench', 'pill bottle', 'pillow', 'plastic bag', 'plunger', 'power drill', 'printer', 'racket', 'ruler', 'safety pin', 'salt shaker', 'sandal', 'screw', 'shovel', 'space heater', 'spatula', 'speaker', 'strainer', 'sunglasses', 'teddy bear', 'television', 'umbrella', 'vase', 'wallet', 'waste container', 'water bottle', 'whistle']"
136683,b5a92160e2044ca.png,100,sandal,sandal,19.65,a71e48448e4fadaf,True,"['Band-Aid', 'T-shirt', 'backpack', 'banana', 'cleaver', 'clothes iron', 'coffee mug', 'computer mouse', 'digital watch', 'doormat', 'dumbbell', 'envelope', 'hair dryer', 'hammer', 'lampshade', 'lemon', 'lipstick', 'match', 'mobile phone', 'necklace', 'padlock', 'paintbrush', 'paper towel', 'park bench', 'pill bottle', 'pillow', 'plastic bag', 'plunger', 'power drill', 'printer', 'racket', 'ruler', 'safety pin', 'salt shaker', 'sandal', 'screw', 'shovel', 'space heater', 'spatula', 'speaker', 'strainer', 'sunglasses', 'teddy bear', 'television', 'umbrella', 'vase', 'wallet', 'waste container', 'water bottle', 'whistle']"
141615,b5d14ef0329f41b.png,100,necklace,necklace,4.413,b539a25062aeff9c,True,"['Band-Aid', 'T-shirt', 'backpack', 'banana', 'cleaver', 'clothes iron', 'coffee mug', 'computer mouse', 'digital watch', 'doormat', 'dumbbell', 'envelope', 'hair dryer', 'hammer', 'lampshade', 'lemon', 'lipstick', 'match', 'mobile phone', 'necklace', 'padlock', 'paintbrush', 'paper towel', 'park bench', 'pill bottle', 'pillow', 'plastic bag', 'plunger', 'power drill', 'printer', 'racket', 'ruler', 'safety pin', 'salt shaker', 'sandal', 'screw', 'shovel', 'space heater', 'spatula', 'speaker', 'strainer', 'sunglasses', 'teddy bear', 'television', 'umbrella', 'vase', 'wallet', 'waste container', 'water bottle', 'whistle']"
147969,b688c679dd9e487.png,100,clothes iron,clothes iron,2.757,ea380039a0795dc7,True,"['Band-Aid', 'T-shirt', 'backpack', 'banana', 'cleaver', 'clothes iron', 'coffee mug', 'computer mouse', 'digital watch', 'doormat', 'dumbbell', 'envelope', 'hair dryer', 'hammer', 'lampshade', 'lemon', 'lipstick', 'match', 'mobile phone', 'necklace', 'padlock', 'paintbrush', 'paper towel', 'park bench', 'pill bottle', 'pillow', 'plastic bag', 'plunger', 'power drill', 'printer', 'racket', 'ruler', 'safety pin', 'salt shaker', 'sandal', 'screw', 'shovel', 'space heater', 'spatula', 'speaker', 'strainer', 'sunglasses', 'teddy bear', 'television', 'umbrella', 'vase', 'wallet', 'waste container', 'water bottle', 'whistle']"
144336,b6e219f760b2400.png,100,hammer,hammer,3.154,082f3035cb3f182e,True,"['Band-Aid', 'T-shirt', 'backpack', 'banana', 'cleaver', 'clothes iron', 'coffee mug', 'computer mouse', 'digital watch', 'doormat', 'dumbbell', 'envelope', 'hair dryer', 'hammer', 'lampshade', 'lemon', 'lipstick', 'match', 'mobile phone', 'necklace', 'padlock', 'paintbrush', 'paper towel', 'park bench', 'pill bottle', 'pillow', 'plastic bag', 'plunger', 'power drill', 'printer', 'racket', 'ruler', 'safety pin', 'salt shaker', 'sandal', 'screw', 'shovel', 'space heater', 'spatula', 'speaker', 'strainer', 'sunglasses', 'teddy bear', 'television', 'umbrella', 'vase', 'wallet', 'waste container', 'water bottle', 'whistle']"
138840,b99f4d4f880d4c3.png,100,ruler,ruler,13.453,e87c05fb19adc0c6,True,"['Band-Aid', 'T-shirt', 'backpack', 'banana', 'cleaver', 'clothes iron', 'coffee mug', 'computer mouse', 'digital watch', 'doormat', 'dumbbell', 'envelope', 'hair dryer', 'hammer', 'lampshade', 'lemon', 'lipstick', 'match', 'mobile phone', 'necklace', 'padlock', 'paintbrush', 'paper towel', 'park bench', 'pill bottle', 'pillow', 'plastic bag', 'plunger', 'power drill', 'printer', 'racket', 'ruler', 'safety pin', 'salt shaker', 'sandal', 'screw', 'shovel', 'space heater', 'spatula', 'speaker', 'strainer', 'sunglasses', 'teddy bear', 'television', 'umbrella', 'vase', 'wallet', 'waste container', 'water bottle', 'whistle']"
148122,bab7da075ba74dd.png,100,lemon,television,283.481,9d18ad4e72a69082,True,"['Band-Aid', 'T-shirt', 'backpack', 'banana', 'cleaver', 'clothes iron', 'coffee mug', 'computer mouse', 'digital watch', 'doormat', 'dumbbell', 'envelope', 'hair dryer', 'hammer', 'lampshade', 'lemon', 'lipstick', 'match', 'mobile phone', 'necklace', 'padlock', 'paintbrush', 'paper towel', 'park bench', 'pill bottle', 'pillow', 'plastic bag', 'plunger', 'power drill', 'printer', 'racket', 'ruler', 'safety pin', 'salt shaker', 'sandal', 'screw', 'shovel', 'space heater', 'spatula', 'speaker', 'strainer', 'sunglasses', 'teddy bear', 'television', 'umbrella', 'vase', 'wallet', 'waste container', 'water bottle', 'whistle']"
146302,bb83b23400fe402.png,100,mobile phone,mobile phone,5.001,80d3db92396f1ced,True,"['Band-Aid', 'T-shirt', 'backpack', 'banana', 'cleaver', 'clothes iron', 'coffee mug', 'computer mouse', 'digital watch', 'doormat', 'dumbbell', 'envelope', 'hair dryer', 'hammer', 'lampshade', 'lemon', 'lipstick', 'match', 'mobile phone', 'necklace', 'padlock', 'paintbrush', 'paper towel', 'park bench', 'pill bottle', 'pillow', 'plastic bag', 'plunger', 'power drill', 'printer', 'racket', 'ruler', 'safety pin', 'salt shaker', 'sandal', 'screw', 'shovel', 'space heater', 'spatula', 'speaker', 'strainer', 'sunglasses', 'teddy bear', 'television', 'umbrella', 'vase', 'wallet', 'waste container', 'water bottle', 'whistle']"
139496,bb97b0ac8d95437.png,100,teddy bear,teddy bear,334.47,9499f6f54da69877,True,"['Band-Aid', 'T-shirt', 'backpack', 'banana', 'cleaver', 'clothes iron', 'coffee mug', 'computer mouse', 'digital watch', 'doormat', 'dumbbell', 'envelope', 'hair dryer', 'hammer', 'lampshade', 'lemon', 'lipstick', 'match', 'mobile phone', 'necklace', 'padlock', 'paintbrush', 'paper towel', 'park bench', 'pill bottle', 'pillow', 'plastic bag', 'plunger', 'power drill', 'printer', 'racket', 'ruler', 'safety pin', 'salt shaker', 'sandal', 'screw', 'shovel', 'space heater', 'spatula', 'speaker', 'strainer', 'sunglasses', 'teddy bear', 'television', 'umbrella', 'vase', 'wallet', 'waste container', 'water bottle', 'whistle']"
136242,bbc415843ea54bc.png,100,doormat,printer,42.234,c4d76a9e612c1f58,True,"['Band-Aid', 'T-shirt', 'backpack', 'banana', 'cleaver', 'clothes iron', 'coffee mug', 'computer mouse', 'digital watch', 'doormat', 'dumbbell', 'envelope', 'hair dryer', 'hammer', 'lampshade', 'lemon', 'lipstick', 'match', 'mobile phone', 'necklace', 'padlock', 'paintbrush', 'paper towel', 'park bench', 'pill bottle', 'pillow', 'plastic bag', 'plunger', 'power drill', 'printer', 'racket', 'ruler', 'safety pin', 'salt shaker', 'sandal', 'screw', 'shovel', 'space heater', 'spatula', 'speaker', 'strainer', 'sunglasses', 'teddy bear', 'television', 'umbrella', 'vase', 'wallet', 'waste container', 'water bottle', 'whistle']"
139388,bce353964d08475.png,100,safety pin,digital watch,3.193,45a8699e3da72368,True,"['Band-Aid', 'T-shirt', 'backpack', 'banana', 'cleaver', 'clothes iron', 'coffee mug', 'computer mouse', 'digital watch', 'doormat', 'dumbbell', 'envelope', 'hair dryer', 'hammer', 'lampshade', 'lemon', 'lipstick', 'match', 'mobile phone', 'necklace', 'padlock', 'paintbrush', 'paper towel', 'park bench', 'pill bottle', 'pillow', 'plastic bag', 'plunger', 'power drill', 'printer', 'racket', 'ruler', 'safety pin', 'salt shaker', 'sandal', 'screw', 'shovel', 'space heater', 'spatula', 'speaker', 'strainer', 'sunglasses', 'teddy bear', 'television', 'umbrella', 'vase', 'wallet', 'waste container', 'water bottle', 'whistle']"
159634,be0d1f90160d4dc.png,100,banana,banana,3.331,866a538d035fd256,True,"['Band-Aid', 'T-shirt', 'backpack', 'banana', 'cleaver', 'clothes iron', 'coffee mug', 'computer mouse', 'digital watch', 'doormat', 'dumbbell', 'envelope', 'hair dryer', 'hammer', 'lampshade', 'lemon', 'lipstick', 'match', 'mobile phone', 'necklace', 'padlock', 'paintbrush', 'paper towel', 'park bench', 'pill bottle', 'pillow', 'plastic bag', 'plunger', 'power drill', 'printer', 'racket', 'ruler', 'safety pin', 'salt shaker', 'sandal', 'screw', 'shovel', 'space heater', 'spatula', 'speaker', 'strainer', 'sunglasses', 'teddy bear', 'television', 'umbrella', 'vase', 'wallet', 'waste container', 'water bottle', 'whistle']"
139611,bf64198b4c8a44b.png,100,safety pin,safety pin,2.188,b4ee99a227e34250,True,"['Band-Aid', 'T-shirt', 'backpack', 'banana', 'cleaver', 'clothes iron', 'coffee mug', 'computer mouse', 'digital watch', 'doormat', 'dumbbell', 'envelope', 'hair dryer', 'hammer', 'lampshade', 'lemon', 'lipstick', 'match', 'mobile phone', 'necklace', 'padlock', 'paintbrush', 'paper towel', 'park bench', 'pill bottle', 'pillow', 'plastic bag', 'plunger', 'power drill', 'printer', 'racket', 'ruler', 'safety pin', 'salt shaker', 'sandal', 'screw', 'shovel', 'space heater', 'spatula', 'speaker', 'strainer', 'sunglasses', 'teddy bear', 'television', 'umbrella', 'vase', 'wallet', 'waste container', 'water bottle', 'whistle']"
155924,bfb448657f74486.png,100,computer mouse,computer mouse,2.658,1e1f6da46d2530c9,True,"['Band-Aid', 'T-shirt', 'backpack', 'banana', 'cleaver', 'clothes iron', 'coffee mug', 'computer mouse', 'digital watch', 'doormat', 'dumbbell', 'envelope', 'hair dryer', 'hammer', 'lampshade', 'lemon', 'lipstick', 'match', 'mobile phone', 'necklace', 'padlock', 'paintbrush', 'paper towel', 'park bench', 'pill bottle', 'pillow', 'plastic bag', 'plunger', 'power drill', 'printer', 'racket', 'ruler', 'safety pin', 'salt shaker', 'sandal', 'screw', 'shovel', 'space heater', 'spatula', 'speaker', 'strainer', 'sunglasses', 'teddy bear', 'television', 'umbrella', 'vase', 'wallet', 'waste container', 'water bottle', 'whistle']"
139584,bfefe280d632429.png,100,banana,banana,2.563,a39640858e703bf2,True,"['Band-Aid', 'T-shirt', 'backpack', 'banana', 'cleaver', 'clothes iron', 'coffee mug', 'computer mouse', 'digital watch', 'doormat', 'dumbbell', 'envelope', 'hair dryer', 'hammer', 'lampshade', 'lemon', 'lipstick', 'match', 'mobile phone', 'necklace', 'padlock', 'paintbrush', 'paper towel', 'park bench', 'pill bottle', 'pillow', 'plastic bag', 'plunger', 'power drill', 'printer', 'racket', 'ruler', 'safety pin', 'salt shaker', 'sandal', 'screw', 'shovel', 'space heater', 'spatula', 'speaker', 'strainer', 'sunglasses', 'teddy bear', 'television', 'umbrella', 'vase', 'wallet', 'waste container', 'water bottle', 'whistle']"
136460,c03630a804b348e.png,100,mobile phone,mobile phone,4.322,c5b9ef7280b5bf3a,True,"['Band-Aid', 'T-shirt', 'backpack', 'banana', 'cleaver', 'clothes iron', 'coffee mug', 'computer mouse', 'digital watch', 'doormat', 'dumbbell', 'envelope', 'hair dryer', 'hammer', 'lampshade', 'lemon', 'lipstick', 'match', 'mobile phone', 'necklace', 'padlock', 'paintbrush', 'paper towel', 'park bench', 'pill bottle', 'pillow', 'plastic bag', 'plunger', 'power drill', 'printer', 'racket', 'ruler', 'safety pin', 'salt shaker', 'sandal', 'screw', 'shovel', 'space heater', 'spatula', 'speaker', 'strainer', 'sunglasses', 'teddy bear', 'television', 'umbrella', 'vase', 'wallet', 'waste container', 'water bottle', 'whistle']"
134147,c0f2d0f379f44ac.png,100,lemon,lemon,19.599,65e4d4602a21a3e2,True,"['Band-Aid', 'T-shirt', 'backpack', 'banana', 'cleaver', 'clothes iron', 'coffee mug', 'computer mouse', 'digital watch', 'doormat', 'dumbbell', 'envelope', 'hair dryer', 'hammer', 'lampshade', 'lemon', 'lipstick', 'match', 'mobile phone', 'necklace', 'padlock', 'paintbrush', 'paper towel', 'park bench', 'pill bottle', 'pillow', 'plastic bag', 'plunger', 'power drill', 'printer', 'racket', 'ruler', 'safety pin', 'salt shaker', 'sandal', 'screw', 'shovel', 'space heater', 'spatula', 'speaker', 'strainer', 'sunglasses', 'teddy bear', 'television', 'umbrella', 'vase', 'wallet', 'waste container', 'water bottle', 'whistle']"
136325,c2503c000b88461.png,100,envelope,envelope,2.124,de75e276f185141d,True,"['Band-Aid', 'T-shirt', 'backpack', 'banana', 'cleaver', 'clothes iron', 'coffee mug', 'computer mouse', 'digital watch', 'doormat', 'dumbbell', 'envelope', 'hair dryer', 'hammer', 'lampshade', 'lemon', 'lipstick', 'match', 'mobile phone', 'necklace', 'padlock', 'paintbrush', 'paper towel', 'park bench', 'pill bottle', 'pillow', 'plastic bag', 'plunger', 'power drill', 'printer', 'racket', 'ruler', 'safety pin', 'salt shaker', 'sandal', 'screw', 'shovel', 'space heater', 'spatula', 'speaker', 'strainer', 'sunglasses', 'teddy bear', 'television', 'umbrella', 'vase', 'wallet', 'waste container', 'water bottle', 'whistle']"
141087,c2749cbb6b52432.png,100,padlock,padlock,4.993,9d18ad4e72a69082,True,"['Band-Aid', 'T-shirt', 'backpack', 'banana', 'cleaver', 'clothes iron', 'coffee mug', 'computer mouse', 'digital watch', 'doormat', 'dumbbell', 'envelope', 'hair dryer', 'hammer', 'lampshade', 'lemon', 'lipstick', 'match', 'mobile phone', 'necklace', 'padlock', 'paintbrush', 'paper towel', 'park bench', 'pill bottle', 'pillow', 'plastic bag', 'plunger', 'power drill', 'printer', 'racket', 'ruler', 'safety pin', 'salt shaker', 'sandal', 'screw', 'shovel', 'space heater', 'spatula', 'speaker', 'strainer', 'sunglasses', 'teddy bear', 'television', 'umbrella', 'vase', 'wallet', 'waste container', 'water bottle', 'whistle']"
134129,c320da5c07ef40e.png,100,T-shirt,T-shirt,1.904,a9ba65d26feb736f,True,"['Band-Aid', 'T-shirt', 'backpack', 'banana', 'cleaver', 'clothes iron', 'coffee mug', 'computer mouse', 'digital watch', 'doormat', 'dumbbell', 'envelope', 'hair dryer', 'hammer', 'lampshade', 'lemon', 'lipstick', 'match', 'mobile phone', 'necklace', 'padlock', 'paintbrush', 'paper towel', 'park bench', 'pill bottle', 'pillow', 'plastic bag', 'plunger', 'power drill', 'printer', 'racket', 'ruler', 'safety pin', 'salt shaker', 'sandal', 'screw', 'shovel', 'space heater', 'spatula', 'speaker', 'strainer', 'sunglasses', 'teddy bear', 'television', 'umbrella', 'vase', 'wallet', 'waste container', 'water bottle', 'whistle']"
149666,c4251eba9d0c426.png,100,plastic bag,plastic bag,6.283,bdbc87ae57fc0b59,True,"['Band-Aid', 'T-shirt', 'backpack', 'banana', 'cleaver', 'clothes iron', 'coffee mug', 'computer mouse', 'digital watch', 'doormat', 'dumbbell', 'envelope', 'hair dryer', 'hammer', 'lampshade', 'lemon', 'lipstick', 'match', 'mobile phone', 'necklace', 'padlock', 'paintbrush', 'paper towel', 'park bench', 'pill bottle', 'pillow', 'plastic bag', 'plunger', 'power drill', 'printer', 'racket', 'ruler', 'safety pin', 'salt shaker', 'sandal', 'screw', 'shovel', 'space heater', 'spatula', 'speaker', 'strainer', 'sunglasses', 'teddy bear', 'television', 'umbrella', 'vase', 'wallet', 'waste container', 'water bottle', 'whistle']"
136442,c4921b1b8dbc4bc.png,100,sunglasses,sunglasses,2.94,c2f1375244e57657,True,"['Band-Aid', 'T-shirt', 'backpack', 'banana', 'cleaver', 'clothes iron', 'coffee mug', 'computer mouse', 'digital watch', 'doormat', 'dumbbell', 'envelope', 'hair dryer', 'hammer', 'lampshade', 'lemon', 'lipstick', 'match', 'mobile phone', 'necklace', 'padlock', 'paintbrush', 'paper towel', 'park bench', 'pill bottle', 'pillow', 'plastic bag', 'plunger', 'power drill', 'printer', 'racket', 'ruler', 'safety pin', 'salt shaker', 'sandal', 'screw', 'shovel', 'space heater', 'spatula', 'speaker', 'strainer', 'sunglasses', 'teddy bear', 'television', 'umbrella', 'vase', 'wallet', 'waste container', 'water bottle', 'whistle']"
134939,c4f0b9bf138742b.png,100,screw,screw,3.07,81f5ce29c01f4652,True,"['Band-Aid', 'T-shirt', 'backpack', 'banana', 'cleaver', 'clothes iron', 'coffee mug', 'computer mouse', 'digital watch', 'doormat', 'dumbbell', 'envelope', 'hair dryer', 'hammer', 'lampshade', 'lemon', 'lipstick', 'match', 'mobile phone', 'necklace', 'padlock', 'paintbrush', 'paper towel', 'park bench', 'pill bottle', 'pillow', 'plastic bag', 'plunger', 'power drill', 'printer', 'racket', 'ruler', 'safety pin', 'salt shaker', 'sandal', 'screw', 'shovel', 'space heater', 'spatula', 'speaker', 'strainer', 'sunglasses', 'teddy bear', 'television', 'umbrella', 'vase', 'wallet', 'waste container', 'water bottle', 'whistle']"
134050,c5178c72dfe3437.png,100,banana,wallet,1.806,639b690770cb3688,True,"['Band-Aid', 'T-shirt', 'backpack', 'banana', 'cleaver', 'clothes iron', 'coffee mug', 'computer mouse', 'digital watch', 'doormat', 'dumbbell', 'envelope', 'hair dryer', 'hammer', 'lampshade', 'lemon', 'lipstick', 'match', 'mobile phone', 'necklace', 'padlock', 'paintbrush', 'paper towel', 'park bench', 'pill bottle', 'pillow', 'plastic bag', 'plunger', 'power drill', 'printer', 'racket', 'ruler', 'safety pin', 'salt shaker', 'sandal', 'screw', 'shovel', 'space heater', 'spatula', 'speaker', 'strainer', 'sunglasses', 'teddy bear', 'television', 'umbrella', 'vase', 'wallet', 'waste container', 'water bottle', 'whistle']"
147282,c52ff6f5e3544e1.png,100,hammer,hammer,3.366,a77f89483ab49ff2,True,"['Band-Aid', 'T-shirt', 'backpack', 'banana', 'cleaver', 'clothes iron', 'coffee mug', 'computer mouse', 'digital watch', 'doormat', 'dumbbell', 'envelope', 'hair dryer', 'hammer', 'lampshade', 'lemon', 'lipstick', 'match', 'mobile phone', 'necklace', 'padlock', 'paintbrush', 'paper towel', 'park bench', 'pill bottle', 'pillow', 'plastic bag', 'plunger', 'power drill', 'printer', 'racket', 'ruler', 'safety pin', 'salt shaker', 'sandal', 'screw', 'shovel', 'space heater', 'spatula', 'speaker', 'strainer', 'sunglasses', 'teddy bear', 'television', 'umbrella', 'vase', 'wallet', 'waste container', 'water bottle', 'whistle']"
145926,c571952ff6f24d4.png,100,sunglasses,sunglasses,3.021,df92233ef30e8411,True,"['Band-Aid', 'T-shirt', 'backpack', 'banana', 'cleaver', 'clothes iron', 'coffee mug', 'computer mouse', 'digital watch', 'doormat', 'dumbbell', 'envelope', 'hair dryer', 'hammer', 'lampshade', 'lemon', 'lipstick', 'match', 'mobile phone', 'necklace', 'padlock', 'paintbrush', 'paper towel', 'park bench', 'pill bottle', 'pillow', 'plastic bag', 'plunger', 'power drill', 'printer', 'racket', 'ruler', 'safety pin', 'salt shaker', 'sandal', 'screw', 'shovel', 'space heater', 'spatula', 'speaker', 'strainer', 'sunglasses', 'teddy bear', 'television', 'umbrella', 'vase', 'wallet', 'waste container', 'water bottle', 'whistle']"
163706,c5e824d9e18d496.png,100,hammer,hammer,2.53,e0206ec332c6f36a,True,"['Band-Aid', 'T-shirt', 'backpack', 'banana', 'cleaver', 'clothes iron', 'coffee mug', 'computer mouse', 'digital watch', 'doormat', 'dumbbell', 'envelope', 'hair dryer', 'hammer', 'lampshade', 'lemon', 'lipstick', 'match', 'mobile phone', 'necklace', 'padlock', 'paintbrush', 'paper towel', 'park bench', 'pill bottle', 'pillow', 'plastic bag', 'plunger', 'power drill', 'printer', 'racket', 'ruler', 'safety pin', 'salt shaker', 'sandal', 'screw', 'shovel', 'space heater', 'spatula', 'speaker', 'strainer', 'sunglasses', 'teddy bear', 'television', 'umbrella', 'vase', 'wallet', 'waste container', 'water bottle', 'whistle']"
158372,c62cbe47e6fc451.png,100,sandal,sandal,2.34,2417e1249d2820f0,True,"['Band-Aid', 'T-shirt', 'backpack', 'banana', 'cleaver', 'clothes iron', 'coffee mug', 'computer mouse', 'digital watch', 'doormat', 'dumbbell', 'envelope', 'hair dryer', 'hammer', 'lampshade', 'lemon', 'lipstick', 'match', 'mobile phone', 'necklace', 'padlock', 'paintbrush', 'paper towel', 'park bench', 'pill bottle', 'pillow', 'plastic bag', 'plunger', 'power drill', 'printer', 'racket', 'ruler', 'safety pin', 'salt shaker', 'sandal', 'screw', 'shovel', 'space heater', 'spatula', 'speaker', 'strainer', 'sunglasses', 'teddy bear', 'television', 'umbrella', 'vase', 'wallet', 'waste container', 'water bottle', 'whistle']"
146733,c73820a2941d4f2.png,100,paintbrush,paintbrush,5.291,a0dba49c506d61cd,True,"['Band-Aid', 'T-shirt', 'backpack', 'banana', 'cleaver', 'clothes iron', 'coffee mug', 'computer mouse', 'digital watch', 'doormat', 'dumbbell', 'envelope', 'hair dryer', 'hammer', 'lampshade', 'lemon', 'lipstick', 'match', 'mobile phone', 'necklace', 'padlock', 'paintbrush', 'paper towel', 'park bench', 'pill bottle', 'pillow', 'plastic bag', 'plunger', 'power drill', 'printer', 'racket', 'ruler', 'safety pin', 'salt shaker', 'sandal', 'screw', 'shovel', 'space heater', 'spatula', 'speaker', 'strainer', 'sunglasses', 'teddy bear', 'television', 'umbrella', 'vase', 'wallet', 'waste container', 'water bottle', 'whistle']"
164893,c739f1ffe6c44e3.png,100,umbrella,umbrella,2.321,039402d669fc90d0,True,"['Band-Aid', 'T-shirt', 'backpack', 'banana', 'cleaver', 'clothes iron', 'coffee mug', 'computer mouse', 'digital watch', 'doormat', 'dumbbell', 'envelope', 'hair dryer', 'hammer', 'lampshade', 'lemon', 'lipstick', 'match', 'mobile phone', 'necklace', 'padlock', 'paintbrush', 'paper towel', 'park bench', 'pill bottle', 'pillow', 'plastic bag', 'plunger', 'power drill', 'printer', 'racket', 'ruler', 'safety pin', 'salt shaker', 'sandal', 'screw', 'shovel', 'space heater', 'spatula', 'speaker', 'strainer', 'sunglasses', 'teddy bear', 'television', 'umbrella', 'vase', 'wallet', 'waste container', 'water bottle', 'whistle']"
141025,c7b1fb7fb2e14d5.png,100,power drill,power drill,10.054,2fed2c25e5534329,True,"['Band-Aid', 'T-shirt', 'backpack', 'banana', 'cleaver', 'clothes iron', 'coffee mug', 'computer mouse', 'digital watch', 'doormat', 'dumbbell', 'envelope', 'hair dryer', 'hammer', 'lampshade', 'lemon', 'lipstick', 'match', 'mobile phone', 'necklace', 'padlock', 'paintbrush', 'paper towel', 'park bench', 'pill bottle', 'pillow', 'plastic bag', 'plunger', 'power drill', 'printer', 'racket', 'ruler', 'safety pin', 'salt shaker', 'sandal', 'screw', 'shovel', 'space heater', 'spatula', 'speaker', 'strainer', 'sunglasses', 'teddy bear', 'television', 'umbrella', 'vase', 'wallet', 'waste container', 'water bottle', 'whistle']"
154482,c82c03e2e9e649b.png,100,umbrella,umbrella,3.103,a8f96392841cbea7,True,"['Band-Aid', 'T-shirt', 'backpack', 'banana', 'cleaver', 'clothes iron', 'coffee mug', 'computer mouse', 'digital watch', 'doormat', 'dumbbell', 'envelope', 'hair dryer', 'hammer', 'lampshade', 'lemon', 'lipstick', 'match', 'mobile phone', 'necklace', 'padlock', 'paintbrush', 'paper towel', 'park bench', 'pill bottle', 'pillow', 'plastic bag', 'plunger', 'power drill', 'printer', 'racket', 'ruler', 'safety pin', 'salt shaker', 'sandal', 'screw', 'shovel', 'space heater', 'spatula', 'speaker', 'strainer', 'sunglasses', 'teddy bear', 'television', 'umbrella', 'vase', 'wallet', 'waste container', 'water bottle', 'whistle']"
151463,c87110aca2634a0.png,100,teddy bear,teddy bear,15.251,98850d51a34c88f4,True,"['Band-Aid', 'T-shirt', 'backpack', 'banana', 'cleaver', 'clothes iron', 'coffee mug', 'computer mouse', 'digital watch', 'doormat', 'dumbbell', 'envelope', 'hair dryer', 'hammer', 'lampshade', 'lemon', 'lipstick', 'match', 'mobile phone', 'necklace', 'padlock', 'paintbrush', 'paper towel', 'park bench', 'pill bottle', 'pillow', 'plastic bag', 'plunger', 'power drill', 'printer', 'racket', 'ruler', 'safety pin', 'salt shaker', 'sandal', 'screw', 'shovel', 'space heater', 'spatula', 'speaker', 'strainer', 'sunglasses', 'teddy bear', 'television', 'umbrella', 'vase', 'wallet', 'waste container', 'water bottle', 'whistle']"
140016,c8cddb52910243e.png,100,spatula,spatula,55.509,bb98e9c3784f8b25,True,"['Band-Aid', 'T-shirt', 'backpack', 'banana', 'cleaver', 'clothes iron', 'coffee mug', 'computer mouse', 'digital watch', 'doormat', 'dumbbell', 'envelope', 'hair dryer', 'hammer', 'lampshade', 'lemon', 'lipstick', 'match', 'mobile phone', 'necklace', 'padlock', 'paintbrush', 'paper towel', 'park bench', 'pill bottle', 'pillow', 'plastic bag', 'plunger', 'power drill', 'printer', 'racket', 'ruler', 'safety pin', 'salt shaker', 'sandal', 'screw', 'shovel', 'space heater', 'spatula', 'speaker', 'strainer', 'sunglasses', 'teddy bear', 'television', 'umbrella', 'vase', 'wallet', 'waste container', 'water bottle', 'whistle']"
153524,c98fc150dfd0495.png,100,safety pin,safety pin,3.533,36d7d0eda7e1fee2,True,"['Band-Aid', 'T-shirt', 'backpack', 'banana', 'cleaver', 'clothes iron', 'coffee mug', 'computer mouse', 'digital watch', 'doormat', 'dumbbell', 'envelope', 'hair dryer', 'hammer', 'lampshade', 'lemon', 'lipstick', 'match', 'mobile phone', 'necklace', 'padlock', 'paintbrush', 'paper towel', 'park bench', 'pill bottle', 'pillow', 'plastic bag', 'plunger', 'power drill', 'printer', 'racket', 'ruler', 'safety pin', 'salt shaker', 'sandal', 'screw', 'shovel', 'space heater', 'spatula', 'speaker', 'strainer', 'sunglasses', 'teddy bear', 'television', 'umbrella', 'vase', 'wallet', 'waste container', 'water bottle', 'whistle']"
145445,c9c89b5ca3074f1.png,100,plastic bag,plastic bag,9.88,b6ce1bd51f66f966,True,"['Band-Aid', 'T-shirt', 'backpack', 'banana', 'cleaver', 'clothes iron', 'coffee mug', 'computer mouse', 'digital watch', 'doormat', 'dumbbell', 'envelope', 'hair dryer', 'hammer', 'lampshade', 'lemon', 'lipstick', 'match', 'mobile phone', 'necklace', 'padlock', 'paintbrush', 'paper towel', 'park bench', 'pill bottle', 'pillow', 'plastic bag', 'plunger', 'power drill', 'printer', 'racket', 'ruler', 'safety pin', 'salt shaker', 'sandal', 'screw', 'shovel', 'space heater', 'spatula', 'speaker', 'strainer', 'sunglasses', 'teddy bear', 'television', 'umbrella', 'vase', 'wallet', 'waste container', 'water bottle', 'whistle']"
150529,c9fa5ca460404ed.png,100,sandal,sandal,2.359,ea380039a0795dc7,True,"['Band-Aid', 'T-shirt', 'backpack', 'banana', 'cleaver', 'clothes iron', 'coffee mug', 'computer mouse', 'digital watch', 'doormat', 'dumbbell', 'envelope', 'hair dryer', 'hammer', 'lampshade', 'lemon', 'lipstick', 'match', 'mobile phone', 'necklace', 'padlock', 'paintbrush', 'paper towel', 'park bench', 'pill bottle', 'pillow', 'plastic bag', 'plunger', 'power drill', 'printer', 'racket', 'ruler', 'safety pin', 'salt shaker', 'sandal', 'screw', 'shovel', 'space heater', 'spatula', 'speaker', 'strainer', 'sunglasses', 'teddy bear', 'television', 'umbrella', 'vase', 'wallet', 'waste container', 'water bottle', 'whistle']"
138889,cb52b2ea22ab425.png,100,safety pin,safety pin,3.743,49aafe8dc43d953c,True,"['Band-Aid', 'T-shirt', 'backpack', 'banana', 'cleaver', 'clothes iron', 'coffee mug', 'computer mouse', 'digital watch', 'doormat', 'dumbbell', 'envelope', 'hair dryer', 'hammer', 'lampshade', 'lemon', 'lipstick', 'match', 'mobile phone', 'necklace', 'padlock', 'paintbrush', 'paper towel', 'park bench', 'pill bottle', 'pillow', 'plastic bag', 'plunger', 'power drill', 'printer', 'racket', 'ruler', 'safety pin', 'salt shaker', 'sandal', 'screw', 'shovel', 'space heater', 'spatula', 'speaker', 'strainer', 'sunglasses', 'teddy bear', 'television', 'umbrella', 'vase', 'wallet', 'waste container', 'water bottle', 'whistle']"
140754,cc06ebf615a44c0.png,100,necklace,necklace,5.258,63a0c3827bb252e4,True,"['Band-Aid', 'T-shirt', 'backpack', 'banana', 'cleaver', 'clothes iron', 'coffee mug', 'computer mouse', 'digital watch', 'doormat', 'dumbbell', 'envelope', 'hair dryer', 'hammer', 'lampshade', 'lemon', 'lipstick', 'match', 'mobile phone', 'necklace', 'padlock', 'paintbrush', 'paper towel', 'park bench', 'pill bottle', 'pillow', 'plastic bag', 'plunger', 'power drill', 'printer', 'racket', 'ruler', 'safety pin', 'salt shaker', 'sandal', 'screw', 'shovel', 'space heater', 'spatula', 'speaker', 'strainer', 'sunglasses', 'teddy bear', 'television', 'umbrella', 'vase', 'wallet', 'waste container', 'water bottle', 'whistle']"
147040,cc9400822978450.png,100,computer mouse,computer mouse,3.275,fef08801746b29f4,True,"['Band-Aid', 'T-shirt', 'backpack', 'banana', 'cleaver', 'clothes iron', 'coffee mug', 'computer mouse', 'digital watch', 'doormat', 'dumbbell', 'envelope', 'hair dryer', 'hammer', 'lampshade', 'lemon', 'lipstick', 'match', 'mobile phone', 'necklace', 'padlock', 'paintbrush', 'paper towel', 'park bench', 'pill bottle', 'pillow', 'plastic bag', 'plunger', 'power drill', 'printer', 'racket', 'ruler', 'safety pin', 'salt shaker', 'sandal', 'screw', 'shovel', 'space heater', 'spatula', 'speaker', 'strainer', 'sunglasses', 'teddy bear', 'television', 'umbrella', 'vase', 'wallet', 'waste container', 'water bottle', 'whistle']"
135301,ccc0b052b1fd4ff.png,100,banana,banana,11.327,d13b388528997e24,True,"['Band-Aid', 'T-shirt', 'backpack', 'banana', 'cleaver', 'clothes iron', 'coffee mug', 'computer mouse', 'digital watch', 'doormat', 'dumbbell', 'envelope', 'hair dryer', 'hammer', 'lampshade', 'lemon', 'lipstick', 'match', 'mobile phone', 'necklace', 'padlock', 'paintbrush', 'paper towel', 'park bench', 'pill bottle', 'pillow', 'plastic bag', 'plunger', 'power drill', 'printer', 'racket', 'ruler', 'safety pin', 'salt shaker', 'sandal', 'screw', 'shovel', 'space heater', 'spatula', 'speaker', 'strainer', 'sunglasses', 'teddy bear', 'television', 'umbrella', 'vase', 'wallet', 'waste container', 'water bottle', 'whistle']"
136473,cd4287c5ca90423.png,100,T-shirt,T-shirt,7.602,807ac53ac01af1a7,True,"['Band-Aid', 'T-shirt', 'backpack', 'banana', 'cleaver', 'clothes iron', 'coffee mug', 'computer mouse', 'digital watch', 'doormat', 'dumbbell', 'envelope', 'hair dryer', 'hammer', 'lampshade', 'lemon', 'lipstick', 'match', 'mobile phone', 'necklace', 'padlock', 'paintbrush', 'paper towel', 'park bench', 'pill bottle', 'pillow', 'plastic bag', 'plunger', 'power drill', 'printer', 'racket', 'ruler', 'safety pin', 'salt shaker', 'sandal', 'screw', 'shovel', 'space heater', 'spatula', 'speaker', 'strainer', 'sunglasses', 'teddy bear', 'television', 'umbrella', 'vase', 'wallet', 'waste container', 'water bottle', 'whistle']"
162451,cd4f19601ecd4ca.png,100,lemon,lemon,4.357,a357b547151b2972,True,"['Band-Aid', 'T-shirt', 'backpack', 'banana', 'cleaver', 'clothes iron', 'coffee mug', 'computer mouse', 'digital watch', 'doormat', 'dumbbell', 'envelope', 'hair dryer', 'hammer', 'lampshade', 'lemon', 'lipstick', 'match', 'mobile phone', 'necklace', 'padlock', 'paintbrush', 'paper towel', 'park bench', 'pill bottle', 'pillow', 'plastic bag', 'plunger', 'power drill', 'printer', 'racket', 'ruler', 'safety pin', 'salt shaker', 'sandal', 'screw', 'shovel', 'space heater', 'spatula', 'speaker', 'strainer', 'sunglasses', 'teddy bear', 'television', 'umbrella', 'vase', 'wallet', 'waste container', 'water bottle', 'whistle']"
140194,cdda45181ad444f.png,100,pill bottle,pill bottle,1.957,d6ec4548438ae84d,True,"['Band-Aid', 'T-shirt', 'backpack', 'banana', 'cleaver', 'clothes iron', 'coffee mug', 'computer mouse', 'digital watch', 'doormat', 'dumbbell', 'envelope', 'hair dryer', 'hammer', 'lampshade', 'lemon', 'lipstick', 'match', 'mobile phone', 'necklace', 'padlock', 'paintbrush', 'paper towel', 'park bench', 'pill bottle', 'pillow', 'plastic bag', 'plunger', 'power drill', 'printer', 'racket', 'ruler', 'safety pin', 'salt shaker', 'sandal', 'screw', 'shovel', 'space heater', 'spatula', 'speaker', 'strainer', 'sunglasses', 'teddy bear', 'television', 'umbrella', 'vase', 'wallet', 'waste container', 'water bottle', 'whistle']"
134952,ce94e886dfaf4f1.png,100,computer mouse,computer mouse,2.076,755e02b542686c21,True,"['Band-Aid', 'T-shirt', 'backpack', 'banana', 'cleaver', 'clothes iron', 'coffee mug', 'computer mouse', 'digital watch', 'doormat', 'dumbbell', 'envelope', 'hair dryer', 'hammer', 'lampshade', 'lemon', 'lipstick', 'match', 'mobile phone', 'necklace', 'padlock', 'paintbrush', 'paper towel', 'park bench', 'pill bottle', 'pillow', 'plastic bag', 'plunger', 'power drill', 'printer', 'racket', 'ruler', 'safety pin', 'salt shaker', 'sandal', 'screw', 'shovel', 'space heater', 'spatula', 'speaker', 'strainer', 'sunglasses', 'teddy bear', 'television', 'umbrella', 'vase', 'wallet', 'waste container', 'water bottle', 'whistle']"
134950,ceae14d3b0e7436.png,100,T-shirt,T-shirt,9.218,32a99586c0a56ffb,True,"['Band-Aid', 'T-shirt', 'backpack', 'banana', 'cleaver', 'clothes iron', 'coffee mug', 'computer mouse', 'digital watch', 'doormat', 'dumbbell', 'envelope', 'hair dryer', 'hammer', 'lampshade', 'lemon', 'lipstick', 'match', 'mobile phone', 'necklace', 'padlock', 'paintbrush', 'paper towel', 'park bench', 'pill bottle', 'pillow', 'plastic bag', 'plunger', 'power drill', 'printer', 'racket', 'ruler', 'safety pin', 'salt shaker', 'sandal', 'screw', 'shovel', 'space heater', 'spatula', 'speaker', 'strainer', 'sunglasses', 'teddy bear', 'television', 'umbrella', 'vase', 'wallet', 'waste container', 'water bottle', 'whistle']"
159308,cf54fa7ac0da45a.png,100,lemon,lemon,2.719,ab89c9864c1e7a49,True,"['Band-Aid', 'T-shirt', 'backpack', 'banana', 'cleaver', 'clothes iron', 'coffee mug', 'computer mouse', 'digital watch', 'doormat', 'dumbbell', 'envelope', 'hair dryer', 'hammer', 'lampshade', 'lemon', 'lipstick', 'match', 'mobile phone', 'necklace', 'padlock', 'paintbrush', 'paper towel', 'park bench', 'pill bottle', 'pillow', 'plastic bag', 'plunger', 'power drill', 'printer', 'racket', 'ruler', 'safety pin', 'salt shaker', 'sandal', 'screw', 'shovel', 'space heater', 'spatula', 'speaker', 'strainer', 'sunglasses', 'teddy bear', 'television', 'umbrella', 'vase', 'wallet', 'waste container', 'water bottle', 'whistle']"
135076,cf55e8a27aa54f3.png,100,screw,screw,2.245,41fd4c42d7d5f40a,True,"['Band-Aid', 'T-shirt', 'backpack', 'banana', 'cleaver', 'clothes iron', 'coffee mug', 'computer mouse', 'digital watch', 'doormat', 'dumbbell', 'envelope', 'hair dryer', 'hammer', 'lampshade', 'lemon', 'lipstick', 'match', 'mobile phone', 'necklace', 'padlock', 'paintbrush', 'paper towel', 'park bench', 'pill bottle', 'pillow', 'plastic bag', 'plunger', 'power drill', 'printer', 'racket', 'ruler', 'safety pin', 'salt shaker', 'sandal', 'screw', 'shovel', 'space heater', 'spatula', 'speaker', 'strainer', 'sunglasses', 'teddy bear', 'television', 'umbrella', 'vase', 'wallet', 'waste container', 'water bottle', 'whistle']"
151633,d03f21362df7498.png,100,dumbbell,dumbbell,5.091,77f9bac90edbf0a5,True,"['Band-Aid', 'T-shirt', 'backpack', 'banana', 'cleaver', 'clothes iron', 'coffee mug', 'computer mouse', 'digital watch', 'doormat', 'dumbbell', 'envelope', 'hair dryer', 'hammer', 'lampshade', 'lemon', 'lipstick', 'match', 'mobile phone', 'necklace', 'padlock', 'paintbrush', 'paper towel', 'park bench', 'pill bottle', 'pillow', 'plastic bag', 'plunger', 'power drill', 'printer', 'racket', 'ruler', 'safety pin', 'salt shaker', 'sandal', 'screw', 'shovel', 'space heater', 'spatula', 'speaker', 'strainer', 'sunglasses', 'teddy bear', 'television', 'umbrella', 'vase', 'wallet', 'waste container', 'water bottle', 'whistle']"
138990,d1496d5b4c9d42b.png,100,strainer,strainer,20.406,55eab964e7bc5555,True,"['Band-Aid', 'T-shirt', 'backpack', 'banana', 'cleaver', 'clothes iron', 'coffee mug', 'computer mouse', 'digital watch', 'doormat', 'dumbbell', 'envelope', 'hair dryer', 'hammer', 'lampshade', 'lemon', 'lipstick', 'match', 'mobile phone', 'necklace', 'padlock', 'paintbrush', 'paper towel', 'park bench', 'pill bottle', 'pillow', 'plastic bag', 'plunger', 'power drill', 'printer', 'racket', 'ruler', 'safety pin', 'salt shaker', 'sandal', 'screw', 'shovel', 'space heater', 'spatula', 'speaker', 'strainer', 'sunglasses', 'teddy bear', 'television', 'umbrella', 'vase', 'wallet', 'waste container', 'water bottle', 'whistle']"
143927,d15008d0ac2e445.png,100,water bottle,water bottle,4.292,40f60776f46cbd03,True,"['Band-Aid', 'T-shirt', 'backpack', 'banana', 'cleaver', 'clothes iron', 'coffee mug', 'computer mouse', 'digital watch', 'doormat', 'dumbbell', 'envelope', 'hair dryer', 'hammer', 'lampshade', 'lemon', 'lipstick', 'match', 'mobile phone', 'necklace', 'padlock', 'paintbrush', 'paper towel', 'park bench', 'pill bottle', 'pillow', 'plastic bag', 'plunger', 'power drill', 'printer', 'racket', 'ruler', 'safety pin', 'salt shaker', 'sandal', 'screw', 'shovel', 'space heater', 'spatula', 'speaker', 'strainer', 'sunglasses', 'teddy bear', 'television', 'umbrella', 'vase', 'wallet', 'waste container', 'water bottle', 'whistle']"
146703,d1be600095a2451.png,100,padlock,padlock,4.39,54f32164656f5497,True,"['Band-Aid', 'T-shirt', 'backpack', 'banana', 'cleaver', 'clothes iron', 'coffee mug', 'computer mouse', 'digital watch', 'doormat', 'dumbbell', 'envelope', 'hair dryer', 'hammer', 'lampshade', 'lemon', 'lipstick', 'match', 'mobile phone', 'necklace', 'padlock', 'paintbrush', 'paper towel', 'park bench', 'pill bottle', 'pillow', 'plastic bag', 'plunger', 'power drill', 'printer', 'racket', 'ruler', 'safety pin', 'salt shaker', 'sandal', 'screw', 'shovel', 'space heater', 'spatula', 'speaker', 'strainer', 'sunglasses', 'teddy bear', 'television', 'umbrella', 'vase', 'wallet', 'waste container', 'water bottle', 'whistle']"
182673,d1d81db81998403.png,100,water bottle,water bottle,3.641,8df91297252a55c8,True,"['Band-Aid', 'T-shirt', 'backpack', 'banana', 'cleaver', 'clothes iron', 'coffee mug', 'computer mouse', 'digital watch', 'doormat', 'dumbbell', 'envelope', 'hair dryer', 'hammer', 'lampshade', 'lemon', 'lipstick', 'match', 'mobile phone', 'necklace', 'padlock', 'paintbrush', 'paper towel', 'park bench', 'pill bottle', 'pillow', 'plastic bag', 'plunger', 'power drill', 'printer', 'racket', 'ruler', 'safety pin', 'salt shaker', 'sandal', 'screw', 'shovel', 'space heater', 'spatula', 'speaker', 'strainer', 'sunglasses', 'teddy bear', 'television', 'umbrella', 'vase', 'wallet', 'waste container', 'water bottle', 'whistle']"
144855,d2720efc43e5411.png,100,sandal,sandal,2.195,d767d97b8706c57c,True,"['Band-Aid', 'T-shirt', 'backpack', 'banana', 'cleaver', 'clothes iron', 'coffee mug', 'computer mouse', 'digital watch', 'doormat', 'dumbbell', 'envelope', 'hair dryer', 'hammer', 'lampshade', 'lemon', 'lipstick', 'match', 'mobile phone', 'necklace', 'padlock', 'paintbrush', 'paper towel', 'park bench', 'pill bottle', 'pillow', 'plastic bag', 'plunger', 'power drill', 'printer', 'racket', 'ruler', 'safety pin', 'salt shaker', 'sandal', 'screw', 'shovel', 'space heater', 'spatula', 'speaker', 'strainer', 'sunglasses', 'teddy bear', 'television', 'umbrella', 'vase', 'wallet', 'waste container', 'water bottle', 'whistle']"
144006,d2af2b5336144a6.png,100,T-shirt,T-shirt,3.221,9d18ad4e72a69082,True,"['Band-Aid', 'T-shirt', 'backpack', 'banana', 'cleaver', 'clothes iron', 'coffee mug', 'computer mouse', 'digital watch', 'doormat', 'dumbbell', 'envelope', 'hair dryer', 'hammer', 'lampshade', 'lemon', 'lipstick', 'match', 'mobile phone', 'necklace', 'padlock', 'paintbrush', 'paper towel', 'park bench', 'pill bottle', 'pillow', 'plastic bag', 'plunger', 'power drill', 'printer', 'racket', 'ruler', 'safety pin', 'salt shaker', 'sandal', 'screw', 'shovel', 'space heater', 'spatula', 'speaker', 'strainer', 'sunglasses', 'teddy bear', 'television', 'umbrella', 'vase', 'wallet', 'waste container', 'water bottle', 'whistle']"
156938,d2b7eec844cb4a8.png,100,lemon,lemon,1.718,a77f89483ab49ff2,True,"['Band-Aid', 'T-shirt', 'backpack', 'banana', 'cleaver', 'clothes iron', 'coffee mug', 'computer mouse', 'digital watch', 'doormat', 'dumbbell', 'envelope', 'hair dryer', 'hammer', 'lampshade', 'lemon', 'lipstick', 'match', 'mobile phone', 'necklace', 'padlock', 'paintbrush', 'paper towel', 'park bench', 'pill bottle', 'pillow', 'plastic bag', 'plunger', 'power drill', 'printer', 'racket', 'ruler', 'safety pin', 'salt shaker', 'sandal', 'screw', 'shovel', 'space heater', 'spatula', 'speaker', 'strainer', 'sunglasses', 'teddy bear', 'television', 'umbrella', 'vase', 'wallet', 'waste container', 'water bottle', 'whistle']"
140623,d36ded6d977f47c.png,100,banana,banana,5.069,238f389bf95416be,True,"['Band-Aid', 'T-shirt', 'backpack', 'banana', 'cleaver', 'clothes iron', 'coffee mug', 'computer mouse', 'digital watch', 'doormat', 'dumbbell', 'envelope', 'hair dryer', 'hammer', 'lampshade', 'lemon', 'lipstick', 'match', 'mobile phone', 'necklace', 'padlock', 'paintbrush', 'paper towel', 'park bench', 'pill bottle', 'pillow', 'plastic bag', 'plunger', 'power drill', 'printer', 'racket', 'ruler', 'safety pin', 'salt shaker', 'sandal', 'screw', 'shovel', 'space heater', 'spatula', 'speaker', 'strainer', 'sunglasses', 'teddy bear', 'television', 'umbrella', 'vase', 'wallet', 'waste container', 'water bottle', 'whistle']"
144936,d38fca845c264bc.png,100,paintbrush,paintbrush,4.116,da5f67266eac80dd,True,"['Band-Aid', 'T-shirt', 'backpack', 'banana', 'cleaver', 'clothes iron', 'coffee mug', 'computer mouse', 'digital watch', 'doormat', 'dumbbell', 'envelope', 'hair dryer', 'hammer', 'lampshade', 'lemon', 'lipstick', 'match', 'mobile phone', 'necklace', 'padlock', 'paintbrush', 'paper towel', 'park bench', 'pill bottle', 'pillow', 'plastic bag', 'plunger', 'power drill', 'printer', 'racket', 'ruler', 'safety pin', 'salt shaker', 'sandal', 'screw', 'shovel', 'space heater', 'spatula', 'speaker', 'strainer', 'sunglasses', 'teddy bear', 'television', 'umbrella', 'vase', 'wallet', 'waste container', 'water bottle', 'whistle']"
162464,d3ac5de645404c5.png,100,hammer,hammer,3.926,4142277417230d2b,True,"['Band-Aid', 'T-shirt', 'backpack', 'banana', 'cleaver', 'clothes iron', 'coffee mug', 'computer mouse', 'digital watch', 'doormat', 'dumbbell', 'envelope', 'hair dryer', 'hammer', 'lampshade', 'lemon', 'lipstick', 'match', 'mobile phone', 'necklace', 'padlock', 'paintbrush', 'paper towel', 'park bench', 'pill bottle', 'pillow', 'plastic bag', 'plunger', 'power drill', 'printer', 'racket', 'ruler', 'safety pin', 'salt shaker', 'sandal', 'screw', 'shovel', 'space heater', 'spatula', 'speaker', 'strainer', 'sunglasses', 'teddy bear', 'television', 'umbrella', 'vase', 'wallet', 'waste container', 'water bottle', 'whistle']"
156113,d3ada67927b2497.png,100,necklace,necklace,2.564,8209d84c543bc0c2,True,"['Band-Aid', 'T-shirt', 'backpack', 'banana', 'cleaver', 'clothes iron', 'coffee mug', 'computer mouse', 'digital watch', 'doormat', 'dumbbell', 'envelope', 'hair dryer', 'hammer', 'lampshade', 'lemon', 'lipstick', 'match', 'mobile phone', 'necklace', 'padlock', 'paintbrush', 'paper towel', 'park bench', 'pill bottle', 'pillow', 'plastic bag', 'plunger', 'power drill', 'printer', 'racket', 'ruler', 'safety pin', 'salt shaker', 'sandal', 'screw', 'shovel', 'space heater', 'spatula', 'speaker', 'strainer', 'sunglasses', 'teddy bear', 'television', 'umbrella', 'vase', 'wallet', 'waste container', 'water bottle', 'whistle']"
148573,d41d911597cb491.png,100,padlock,padlock,12.357,81f5ce29c01f4652,True,"['Band-Aid', 'T-shirt', 'backpack', 'banana', 'cleaver', 'clothes iron', 'coffee mug', 'computer mouse', 'digital watch', 'doormat', 'dumbbell', 'envelope', 'hair dryer', 'hammer', 'lampshade', 'lemon', 'lipstick', 'match', 'mobile phone', 'necklace', 'padlock', 'paintbrush', 'paper towel', 'park bench', 'pill bottle', 'pillow', 'plastic bag', 'plunger', 'power drill', 'printer', 'racket', 'ruler', 'safety pin', 'salt shaker', 'sandal', 'screw', 'shovel', 'space heater', 'spatula', 'speaker', 'strainer', 'sunglasses', 'teddy bear', 'television', 'umbrella', 'vase', 'wallet', 'waste container', 'water bottle', 'whistle']"
134474,d4c1e261d46749e.png,100,umbrella,umbrella,4.093,6245cf3a4900f3ef,True,"['Band-Aid', 'T-shirt', 'backpack', 'banana', 'cleaver', 'clothes iron', 'coffee mug', 'computer mouse', 'digital watch', 'doormat', 'dumbbell', 'envelope', 'hair dryer', 'hammer', 'lampshade', 'lemon', 'lipstick', 'match', 'mobile phone', 'necklace', 'padlock', 'paintbrush', 'paper towel', 'park bench', 'pill bottle', 'pillow', 'plastic bag', 'plunger', 'power drill', 'printer', 'racket', 'ruler', 'safety pin', 'salt shaker', 'sandal', 'screw', 'shovel', 'space heater', 'spatula', 'speaker', 'strainer', 'sunglasses', 'teddy bear', 'television', 'umbrella', 'vase', 'wallet', 'waste container', 'water bottle', 'whistle']"
134885,d53df044521e41c.png,100,safety pin,safety pin,3.009,aeb3e3af61a87440,True,"['Band-Aid', 'T-shirt', 'backpack', 'banana', 'cleaver', 'clothes iron', 'coffee mug', 'computer mouse', 'digital watch', 'doormat', 'dumbbell', 'envelope', 'hair dryer', 'hammer', 'lampshade', 'lemon', 'lipstick', 'match', 'mobile phone', 'necklace', 'padlock', 'paintbrush', 'paper towel', 'park bench', 'pill bottle', 'pillow', 'plastic bag', 'plunger', 'power drill', 'printer', 'racket', 'ruler', 'safety pin', 'salt shaker', 'sandal', 'screw', 'shovel', 'space heater', 'spatula', 'speaker', 'strainer', 'sunglasses', 'teddy bear', 'television', 'umbrella', 'vase', 'wallet', 'waste container', 'water bottle', 'whistle']"
135280,d57f1614a56342a.png,100,strainer,strainer,3.453,8aa9f92585b191e5,True,"['Band-Aid', 'T-shirt', 'backpack', 'banana', 'cleaver', 'clothes iron', 'coffee mug', 'computer mouse', 'digital watch', 'doormat', 'dumbbell', 'envelope', 'hair dryer', 'hammer', 'lampshade', 'lemon', 'lipstick', 'match', 'mobile phone', 'necklace', 'padlock', 'paintbrush', 'paper towel', 'park bench', 'pill bottle', 'pillow', 'plastic bag', 'plunger', 'power drill', 'printer', 'racket', 'ruler', 'safety pin', 'salt shaker', 'sandal', 'screw', 'shovel', 'space heater', 'spatula', 'speaker', 'strainer', 'sunglasses', 'teddy bear', 'television', 'umbrella', 'vase', 'wallet', 'waste container', 'water bottle', 'whistle']"
141049,d624ae226a1942f.png,100,necklace,necklace,7.102,7d22204be12bf7c6,True,"['Band-Aid', 'T-shirt', 'backpack', 'banana', 'cleaver', 'clothes iron', 'coffee mug', 'computer mouse', 'digital watch', 'doormat', 'dumbbell', 'envelope', 'hair dryer', 'hammer', 'lampshade', 'lemon', 'lipstick', 'match', 'mobile phone', 'necklace', 'padlock', 'paintbrush', 'paper towel', 'park bench', 'pill bottle', 'pillow', 'plastic bag', 'plunger', 'power drill', 'printer', 'racket', 'ruler', 'safety pin', 'salt shaker', 'sandal', 'screw', 'shovel', 'space heater', 'spatula', 'speaker', 'strainer', 'sunglasses', 'teddy bear', 'television', 'umbrella', 'vase', 'wallet', 'waste container', 'water bottle', 'whistle']"
152144,d65f2db675f844f.png,100,dumbbell,dumbbell,4.574,1b4ea904d4e8ca0b,True,"['Band-Aid', 'T-shirt', 'backpack', 'banana', 'cleaver', 'clothes iron', 'coffee mug', 'computer mouse', 'digital watch', 'doormat', 'dumbbell', 'envelope', 'hair dryer', 'hammer', 'lampshade', 'lemon', 'lipstick', 'match', 'mobile phone', 'necklace', 'padlock', 'paintbrush', 'paper towel', 'park bench', 'pill bottle', 'pillow', 'plastic bag', 'plunger', 'power drill', 'printer', 'racket', 'ruler', 'safety pin', 'salt shaker', 'sandal', 'screw', 'shovel', 'space heater', 'spatula', 'speaker', 'strainer', 'sunglasses', 'teddy bear', 'television', 'umbrella', 'vase', 'wallet', 'waste container', 'water bottle', 'whistle']"
155603,d692486fc74141f.png,100,umbrella,umbrella,2.33,1d3845f3d9b313d5,True,"['Band-Aid', 'T-shirt', 'backpack', 'banana', 'cleaver', 'clothes iron', 'coffee mug', 'computer mouse', 'digital watch', 'doormat', 'dumbbell', 'envelope', 'hair dryer', 'hammer', 'lampshade', 'lemon', 'lipstick', 'match', 'mobile phone', 'necklace', 'padlock', 'paintbrush', 'paper towel', 'park bench', 'pill bottle', 'pillow', 'plastic bag', 'plunger', 'power drill', 'printer', 'racket', 'ruler', 'safety pin', 'salt shaker', 'sandal', 'screw', 'shovel', 'space heater', 'spatula', 'speaker', 'strainer', 'sunglasses', 'teddy bear', 'television', 'umbrella', 'vase', 'wallet', 'waste container', 'water bottle', 'whistle']"
134951,d7414f1981b0437.png,100,teddy bear,teddy bear,1.899,c8dabe256bd8deba,True,"['Band-Aid', 'T-shirt', 'backpack', 'banana', 'cleaver', 'clothes iron', 'coffee mug', 'computer mouse', 'digital watch', 'doormat', 'dumbbell', 'envelope', 'hair dryer', 'hammer', 'lampshade', 'lemon', 'lipstick', 'match', 'mobile phone', 'necklace', 'padlock', 'paintbrush', 'paper towel', 'park bench', 'pill bottle', 'pillow', 'plastic bag', 'plunger', 'power drill', 'printer', 'racket', 'ruler', 'safety pin', 'salt shaker', 'sandal', 'screw', 'shovel', 'space heater', 'spatula', 'speaker', 'strainer', 'sunglasses', 'teddy bear', 'television', 'umbrella', 'vase', 'wallet', 'waste container', 'water bottle', 'whistle']"
146332,d921be6c27c846f.png,100,umbrella,umbrella,3.11,1b4ea904d4e8ca0b,True,"['Band-Aid', 'T-shirt', 'backpack', 'banana', 'cleaver', 'clothes iron', 'coffee mug', 'computer mouse', 'digital watch', 'doormat', 'dumbbell', 'envelope', 'hair dryer', 'hammer', 'lampshade', 'lemon', 'lipstick', 'match', 'mobile phone', 'necklace', 'padlock', 'paintbrush', 'paper towel', 'park bench', 'pill bottle', 'pillow', 'plastic bag', 'plunger', 'power drill', 'printer', 'racket', 'ruler', 'safety pin', 'salt shaker', 'sandal', 'screw', 'shovel', 'space heater', 'spatula', 'speaker', 'strainer', 'sunglasses', 'teddy bear', 'television', 'umbrella', 'vase', 'wallet', 'waste container', 'water bottle', 'whistle']"
146474,d9b8e9bf5af0415.png,100,sandal,sandal,3.288,4c29c835643e5891,True,"['Band-Aid', 'T-shirt', 'backpack', 'banana', 'cleaver', 'clothes iron', 'coffee mug', 'computer mouse', 'digital watch', 'doormat', 'dumbbell', 'envelope', 'hair dryer', 'hammer', 'lampshade', 'lemon', 'lipstick', 'match', 'mobile phone', 'necklace', 'padlock', 'paintbrush', 'paper towel', 'park bench', 'pill bottle', 'pillow', 'plastic bag', 'plunger', 'power drill', 'printer', 'racket', 'ruler', 'safety pin', 'salt shaker', 'sandal', 'screw', 'shovel', 'space heater', 'spatula', 'speaker', 'strainer', 'sunglasses', 'teddy bear', 'television', 'umbrella', 'vase', 'wallet', 'waste container', 'water bottle', 'whistle']"
135095,da0dc64417484c3.png,100,dumbbell,dumbbell,7.425,fd763670b2a9d70b,True,"['Band-Aid', 'T-shirt', 'backpack', 'banana', 'cleaver', 'clothes iron', 'coffee mug', 'computer mouse', 'digital watch', 'doormat', 'dumbbell', 'envelope', 'hair dryer', 'hammer', 'lampshade', 'lemon', 'lipstick', 'match', 'mobile phone', 'necklace', 'padlock', 'paintbrush', 'paper towel', 'park bench', 'pill bottle', 'pillow', 'plastic bag', 'plunger', 'power drill', 'printer', 'racket', 'ruler', 'safety pin', 'salt shaker', 'sandal', 'screw', 'shovel', 'space heater', 'spatula', 'speaker', 'strainer', 'sunglasses', 'teddy bear', 'television', 'umbrella', 'vase', 'wallet', 'waste container', 'water bottle', 'whistle']"
149254,da6ce5cc5d324e5.png,100,wallet,wallet,2.153,9429ead3ce164e19,True,"['Band-Aid', 'T-shirt', 'backpack', 'banana', 'cleaver', 'clothes iron', 'coffee mug', 'computer mouse', 'digital watch', 'doormat', 'dumbbell', 'envelope', 'hair dryer', 'hammer', 'lampshade', 'lemon', 'lipstick', 'match', 'mobile phone', 'necklace', 'padlock', 'paintbrush', 'paper towel', 'park bench', 'pill bottle', 'pillow', 'plastic bag', 'plunger', 'power drill', 'printer', 'racket', 'ruler', 'safety pin', 'salt shaker', 'sandal', 'screw', 'shovel', 'space heater', 'spatula', 'speaker', 'strainer', 'sunglasses', 'teddy bear', 'television', 'umbrella', 'vase', 'wallet', 'waste container', 'water bottle', 'whistle']"
148301,dab5f640af924e5.png,100,water bottle,water bottle,3.106,dac791d218f6cf17,True,"['Band-Aid', 'T-shirt', 'backpack', 'banana', 'cleaver', 'clothes iron', 'coffee mug', 'computer mouse', 'digital watch', 'doormat', 'dumbbell', 'envelope', 'hair dryer', 'hammer', 'lampshade', 'lemon', 'lipstick', 'match', 'mobile phone', 'necklace', 'padlock', 'paintbrush', 'paper towel', 'park bench', 'pill bottle', 'pillow', 'plastic bag', 'plunger', 'power drill', 'printer', 'racket', 'ruler', 'safety pin', 'salt shaker', 'sandal', 'screw', 'shovel', 'space heater', 'spatula', 'speaker', 'strainer', 'sunglasses', 'teddy bear', 'television', 'umbrella', 'vase', 'wallet', 'waste container', 'water bottle', 'whistle']"
146410,dacf77323daa458.png,100,screw,screw,1.448,59fde21c6a3fe70a,True,"['Band-Aid', 'T-shirt', 'backpack', 'banana', 'cleaver', 'clothes iron', 'coffee mug', 'computer mouse', 'digital watch', 'doormat', 'dumbbell', 'envelope', 'hair dryer', 'hammer', 'lampshade', 'lemon', 'lipstick', 'match', 'mobile phone', 'necklace', 'padlock', 'paintbrush', 'paper towel', 'park bench', 'pill bottle', 'pillow', 'plastic bag', 'plunger', 'power drill', 'printer', 'racket', 'ruler', 'safety pin', 'salt shaker', 'sandal', 'screw', 'shovel', 'space heater', 'spatula', 'speaker', 'strainer', 'sunglasses', 'teddy bear', 'television', 'umbrella', 'vase', 'wallet', 'waste container', 'water bottle', 'whistle']"
162768,db693949d79b415.png,100,padlock,padlock,4.183,45a8699e3da72368,True,"['Band-Aid', 'T-shirt', 'backpack', 'banana', 'cleaver', 'clothes iron', 'coffee mug', 'computer mouse', 'digital watch', 'doormat', 'dumbbell', 'envelope', 'hair dryer', 'hammer', 'lampshade', 'lemon', 'lipstick', 'match', 'mobile phone', 'necklace', 'padlock', 'paintbrush', 'paper towel', 'park bench', 'pill bottle', 'pillow', 'plastic bag', 'plunger', 'power drill', 'printer', 'racket', 'ruler', 'safety pin', 'salt shaker', 'sandal', 'screw', 'shovel', 'space heater', 'spatula', 'speaker', 'strainer', 'sunglasses', 'teddy bear', 'television', 'umbrella', 'vase', 'wallet', 'waste container', 'water bottle', 'whistle']"
135416,db951db00c2e404.png,100,pill bottle,pill bottle,2.344,08638924a321b467,True,"['Band-Aid', 'T-shirt', 'backpack', 'banana', 'cleaver', 'clothes iron', 'coffee mug', 'computer mouse', 'digital watch', 'doormat', 'dumbbell', 'envelope', 'hair dryer', 'hammer', 'lampshade', 'lemon', 'lipstick', 'match', 'mobile phone', 'necklace', 'padlock', 'paintbrush', 'paper towel', 'park bench', 'pill bottle', 'pillow', 'plastic bag', 'plunger', 'power drill', 'printer', 'racket', 'ruler', 'safety pin', 'salt shaker', 'sandal', 'screw', 'shovel', 'space heater', 'spatula', 'speaker', 'strainer', 'sunglasses', 'teddy bear', 'television', 'umbrella', 'vase', 'wallet', 'waste container', 'water bottle', 'whistle']"
137430,dd038ec6ee0042f.png,100,water bottle,water bottle,21.665,8df91297252a55c8,True,"['Band-Aid', 'T-shirt', 'backpack', 'banana', 'cleaver', 'clothes iron', 'coffee mug', 'computer mouse', 'digital watch', 'doormat', 'dumbbell', 'envelope', 'hair dryer', 'hammer', 'lampshade', 'lemon', 'lipstick', 'match', 'mobile phone', 'necklace', 'padlock', 'paintbrush', 'paper towel', 'park bench', 'pill bottle', 'pillow', 'plastic bag', 'plunger', 'power drill', 'printer', 'racket', 'ruler', 'safety pin', 'salt shaker', 'sandal', 'screw', 'shovel', 'space heater', 'spatula', 'speaker', 'strainer', 'sunglasses', 'teddy bear', 'television', 'umbrella', 'vase', 'wallet', 'waste container', 'water bottle', 'whistle']"
137438,ddccc3aa69f648d.png,100,coffee mug,coffee mug,2.475,975f28f5cfca4ab7,True,"['Band-Aid', 'T-shirt', 'backpack', 'banana', 'cleaver', 'clothes iron', 'coffee mug', 'computer mouse', 'digital watch', 'doormat', 'dumbbell', 'envelope', 'hair dryer', 'hammer', 'lampshade', 'lemon', 'lipstick', 'match', 'mobile phone', 'necklace', 'padlock', 'paintbrush', 'paper towel', 'park bench', 'pill bottle', 'pillow', 'plastic bag', 'plunger', 'power drill', 'printer', 'racket', 'ruler', 'safety pin', 'salt shaker', 'sandal', 'screw', 'shovel', 'space heater', 'spatula', 'speaker', 'strainer', 'sunglasses', 'teddy bear', 'television', 'umbrella', 'vase', 'wallet', 'waste container', 'water bottle', 'whistle']"
163849,ddfd1aeec49e48f.png,100,padlock,padlock,3.045,2d4ceca1703de6a8,True,"['Band-Aid', 'T-shirt', 'backpack', 'banana', 'cleaver', 'clothes iron', 'coffee mug', 'computer mouse', 'digital watch', 'doormat', 'dumbbell', 'envelope', 'hair dryer', 'hammer', 'lampshade', 'lemon', 'lipstick', 'match', 'mobile phone', 'necklace', 'padlock', 'paintbrush', 'paper towel', 'park bench', 'pill bottle', 'pillow', 'plastic bag', 'plunger', 'power drill', 'printer', 'racket', 'ruler', 'safety pin', 'salt shaker', 'sandal', 'screw', 'shovel', 'space heater', 'spatula', 'speaker', 'strainer', 'sunglasses', 'teddy bear', 'television', 'umbrella', 'vase', 'wallet', 'waste container', 'water bottle', 'whistle']"
159244,df1328a58c80492.png,100,whistle,whistle,4.092,8be424375816a334,True,"['Band-Aid', 'T-shirt', 'backpack', 'banana', 'cleaver', 'clothes iron', 'coffee mug', 'computer mouse', 'digital watch', 'doormat', 'dumbbell', 'envelope', 'hair dryer', 'hammer', 'lampshade', 'lemon', 'lipstick', 'match', 'mobile phone', 'necklace', 'padlock', 'paintbrush', 'paper towel', 'park bench', 'pill bottle', 'pillow', 'plastic bag', 'plunger', 'power drill', 'printer', 'racket', 'ruler', 'safety pin', 'salt shaker', 'sandal', 'screw', 'shovel', 'space heater', 'spatula', 'speaker', 'strainer', 'sunglasses', 'teddy bear', 'television', 'umbrella', 'vase', 'wallet', 'waste container', 'water bottle', 'whistle']"
151287,e02121180b3c4b9.png,100,dumbbell,dumbbell,12.329,70628194c8d0b3a9,True,"['Band-Aid', 'T-shirt', 'backpack', 'banana', 'cleaver', 'clothes iron', 'coffee mug', 'computer mouse', 'digital watch', 'doormat', 'dumbbell', 'envelope', 'hair dryer', 'hammer', 'lampshade', 'lemon', 'lipstick', 'match', 'mobile phone', 'necklace', 'padlock', 'paintbrush', 'paper towel', 'park bench', 'pill bottle', 'pillow', 'plastic bag', 'plunger', 'power drill', 'printer', 'racket', 'ruler', 'safety pin', 'salt shaker', 'sandal', 'screw', 'shovel', 'space heater', 'spatula', 'speaker', 'strainer', 'sunglasses', 'teddy bear', 'television', 'umbrella', 'vase', 'wallet', 'waste container', 'water bottle', 'whistle']"
134344,e0edb191fbe8421.png,100,coffee mug,coffee mug,16.762,40d6f8773f2799e9,True,"['Band-Aid', 'T-shirt', 'backpack', 'banana', 'cleaver', 'clothes iron', 'coffee mug', 'computer mouse', 'digital watch', 'doormat', 'dumbbell', 'envelope', 'hair dryer', 'hammer', 'lampshade', 'lemon', 'lipstick', 'match', 'mobile phone', 'necklace', 'padlock', 'paintbrush', 'paper towel', 'park bench', 'pill bottle', 'pillow', 'plastic bag', 'plunger', 'power drill', 'printer', 'racket', 'ruler', 'safety pin', 'salt shaker', 'sandal', 'screw', 'shovel', 'space heater', 'spatula', 'speaker', 'strainer', 'sunglasses', 'teddy bear', 'television', 'umbrella', 'vase', 'wallet', 'waste container', 'water bottle', 'whistle']"
145152,e11594f0039d411.png,100,teddy bear,teddy bear,3.295,474c302bb283b23a,True,"['Band-Aid', 'T-shirt', 'backpack', 'banana', 'cleaver', 'clothes iron', 'coffee mug', 'computer mouse', 'digital watch', 'doormat', 'dumbbell', 'envelope', 'hair dryer', 'hammer', 'lampshade', 'lemon', 'lipstick', 'match', 'mobile phone', 'necklace', 'padlock', 'paintbrush', 'paper towel', 'park bench', 'pill bottle', 'pillow', 'plastic bag', 'plunger', 'power drill', 'printer', 'racket', 'ruler', 'safety pin', 'salt shaker', 'sandal', 'screw', 'shovel', 'space heater', 'spatula', 'speaker', 'strainer', 'sunglasses', 'teddy bear', 'television', 'umbrella', 'vase', 'wallet', 'waste container', 'water bottle', 'whistle']"
135376,e173b5f289ea45f.png,100,necklace,umbrella,5.628,8c4a93ed5379a20b,True,"['Band-Aid', 'T-shirt', 'backpack', 'banana', 'cleaver', 'clothes iron', 'coffee mug', 'computer mouse', 'digital watch', 'doormat', 'dumbbell', 'envelope', 'hair dryer', 'hammer', 'lampshade', 'lemon', 'lipstick', 'match', 'mobile phone', 'necklace', 'padlock', 'paintbrush', 'paper towel', 'park bench', 'pill bottle', 'pillow', 'plastic bag', 'plunger', 'power drill', 'printer', 'racket', 'ruler', 'safety pin', 'salt shaker', 'sandal', 'screw', 'shovel', 'space heater', 'spatula', 'speaker', 'strainer', 'sunglasses', 'teddy bear', 'television', 'umbrella', 'vase', 'wallet', 'waste container', 'water bottle', 'whistle']"
149892,e2607b6ef57041b.png,100,clothes iron,clothes iron,2.522,ebee8d1e6bc74afd,True,"['Band-Aid', 'T-shirt', 'backpack', 'banana', 'cleaver', 'clothes iron', 'coffee mug', 'computer mouse', 'digital watch', 'doormat', 'dumbbell', 'envelope', 'hair dryer', 'hammer', 'lampshade', 'lemon', 'lipstick', 'match', 'mobile phone', 'necklace', 'padlock', 'paintbrush', 'paper towel', 'park bench', 'pill bottle', 'pillow', 'plastic bag', 'plunger', 'power drill', 'printer', 'racket', 'ruler', 'safety pin', 'salt shaker', 'sandal', 'screw', 'shovel', 'space heater', 'spatula', 'speaker', 'strainer', 'sunglasses', 'teddy bear', 'television', 'umbrella', 'vase', 'wallet', 'waste container', 'water bottle', 'whistle']"
138834,e3e4ffcef418406.png,100,lemon,lemon,3.414,3cd2fea924635c5f,True,"['Band-Aid', 'T-shirt', 'backpack', 'banana', 'cleaver', 'clothes iron', 'coffee mug', 'computer mouse', 'digital watch', 'doormat', 'dumbbell', 'envelope', 'hair dryer', 'hammer', 'lampshade', 'lemon', 'lipstick', 'match', 'mobile phone', 'necklace', 'padlock', 'paintbrush', 'paper towel', 'park bench', 'pill bottle', 'pillow', 'plastic bag', 'plunger', 'power drill', 'printer', 'racket', 'ruler', 'safety pin', 'salt shaker', 'sandal', 'screw', 'shovel', 'space heater', 'spatula', 'speaker', 'strainer', 'sunglasses', 'teddy bear', 'television', 'umbrella', 'vase', 'wallet', 'waste container', 'water bottle', 'whistle']"
138830,e3ee14b822304c2.png,100,padlock,padlock,7.307,3bd123d1c375cc38,True,"['Band-Aid', 'T-shirt', 'backpack', 'banana', 'cleaver', 'clothes iron', 'coffee mug', 'computer mouse', 'digital watch', 'doormat', 'dumbbell', 'envelope', 'hair dryer', 'hammer', 'lampshade', 'lemon', 'lipstick', 'match', 'mobile phone', 'necklace', 'padlock', 'paintbrush', 'paper towel', 'park bench', 'pill bottle', 'pillow', 'plastic bag', 'plunger', 'power drill', 'printer', 'racket', 'ruler', 'safety pin', 'salt shaker', 'sandal', 'screw', 'shovel', 'space heater', 'spatula', 'speaker', 'strainer', 'sunglasses', 'teddy bear', 'television', 'umbrella', 'vase', 'wallet', 'waste container', 'water bottle', 'whistle']"
134171,e4246f9f34004a4.png,100,coffee mug,coffee mug,11.851,53135735640507a9,True,"['Band-Aid', 'T-shirt', 'backpack', 'banana', 'cleaver', 'clothes iron', 'coffee mug', 'computer mouse', 'digital watch', 'doormat', 'dumbbell', 'envelope', 'hair dryer', 'hammer', 'lampshade', 'lemon', 'lipstick', 'match', 'mobile phone', 'necklace', 'padlock', 'paintbrush', 'paper towel', 'park bench', 'pill bottle', 'pillow', 'plastic bag', 'plunger', 'power drill', 'printer', 'racket', 'ruler', 'safety pin', 'salt shaker', 'sandal', 'screw', 'shovel', 'space heater', 'spatula', 'speaker', 'strainer', 'sunglasses', 'teddy bear', 'television', 'umbrella', 'vase', 'wallet', 'waste container', 'water bottle', 'whistle']"
142768,e482fe33275c487.png,100,water bottle,water bottle,1.895,d767d97b8706c57c,True,"['Band-Aid', 'T-shirt', 'backpack', 'banana', 'cleaver', 'clothes iron', 'coffee mug', 'computer mouse', 'digital watch', 'doormat', 'dumbbell', 'envelope', 'hair dryer', 'hammer', 'lampshade', 'lemon', 'lipstick', 'match', 'mobile phone', 'necklace', 'padlock', 'paintbrush', 'paper towel', 'park bench', 'pill bottle', 'pillow', 'plastic bag', 'plunger', 'power drill', 'printer', 'racket', 'ruler', 'safety pin', 'salt shaker', 'sandal', 'screw', 'shovel', 'space heater', 'spatula', 'speaker', 'strainer', 'sunglasses', 'teddy bear', 'television', 'umbrella', 'vase', 'wallet', 'waste container', 'water bottle', 'whistle']"
136979,e4f47ed6abf7477.png,100,lemon,lemon,48.242,0db976b223c6f07f,True,"['Band-Aid', 'T-shirt', 'backpack', 'banana', 'cleaver', 'clothes iron', 'coffee mug', 'computer mouse', 'digital watch', 'doormat', 'dumbbell', 'envelope', 'hair dryer', 'hammer', 'lampshade', 'lemon', 'lipstick', 'match', 'mobile phone', 'necklace', 'padlock', 'paintbrush', 'paper towel', 'park bench', 'pill bottle', 'pillow', 'plastic bag', 'plunger', 'power drill', 'printer', 'racket', 'ruler', 'safety pin', 'salt shaker', 'sandal', 'screw', 'shovel', 'space heater', 'spatula', 'speaker', 'strainer', 'sunglasses', 'teddy bear', 'television', 'umbrella', 'vase', 'wallet', 'waste container', 'water bottle', 'whistle']"
148265,e51cb2de1485417.png,100,screw,screw,3.298,b1ef339e0dd50051,True,"['Band-Aid', 'T-shirt', 'backpack', 'banana', 'cleaver', 'clothes iron', 'coffee mug', 'computer mouse', 'digital watch', 'doormat', 'dumbbell', 'envelope', 'hair dryer', 'hammer', 'lampshade', 'lemon', 'lipstick', 'match', 'mobile phone', 'necklace', 'padlock', 'paintbrush', 'paper towel', 'park bench', 'pill bottle', 'pillow', 'plastic bag', 'plunger', 'power drill', 'printer', 'racket', 'ruler', 'safety pin', 'salt shaker', 'sandal', 'screw', 'shovel', 'space heater', 'spatula', 'speaker', 'strainer', 'sunglasses', 'teddy bear', 'television', 'umbrella', 'vase', 'wallet', 'waste container', 'water bottle', 'whistle']"
157760,e55e99f037614a1.png,100,spatula,spatula,2.165,3386162c8d6012e5,True,"['Band-Aid', 'T-shirt', 'backpack', 'banana', 'cleaver', 'clothes iron', 'coffee mug', 'computer mouse', 'digital watch', 'doormat', 'dumbbell', 'envelope', 'hair dryer', 'hammer', 'lampshade', 'lemon', 'lipstick', 'match', 'mobile phone', 'necklace', 'padlock', 'paintbrush', 'paper towel', 'park bench', 'pill bottle', 'pillow', 'plastic bag', 'plunger', 'power drill', 'printer', 'racket', 'ruler', 'safety pin', 'salt shaker', 'sandal', 'screw', 'shovel', 'space heater', 'spatula', 'speaker', 'strainer', 'sunglasses', 'teddy bear', 'television', 'umbrella', 'vase', 'wallet', 'waste container', 'water bottle', 'whistle']"
136248,e5944f94822348b.png,100,coffee mug,coffee mug,35.446,4b77b1e009f3e6f9,True,"['Band-Aid', 'T-shirt', 'backpack', 'banana', 'cleaver', 'clothes iron', 'coffee mug', 'computer mouse', 'digital watch', 'doormat', 'dumbbell', 'envelope', 'hair dryer', 'hammer', 'lampshade', 'lemon', 'lipstick', 'match', 'mobile phone', 'necklace', 'padlock', 'paintbrush', 'paper towel', 'park bench', 'pill bottle', 'pillow', 'plastic bag', 'plunger', 'power drill', 'printer', 'racket', 'ruler', 'safety pin', 'salt shaker', 'sandal', 'screw', 'shovel', 'space heater', 'spatula', 'speaker', 'strainer', 'sunglasses', 'teddy bear', 'television', 'umbrella', 'vase', 'wallet', 'waste container', 'water bottle', 'whistle']"
139356,e6a69f6df0f54f7.png,100,coffee mug,coffee mug,94.148,a8a8cd374f052fcb,True,"['Band-Aid', 'T-shirt', 'backpack', 'banana', 'cleaver', 'clothes iron', 'coffee mug', 'computer mouse', 'digital watch', 'doormat', 'dumbbell', 'envelope', 'hair dryer', 'hammer', 'lampshade', 'lemon', 'lipstick', 'match', 'mobile phone', 'necklace', 'padlock', 'paintbrush', 'paper towel', 'park bench', 'pill bottle', 'pillow', 'plastic bag', 'plunger', 'power drill', 'printer', 'racket', 'ruler', 'safety pin', 'salt shaker', 'sandal', 'screw', 'shovel', 'space heater', 'spatula', 'speaker', 'strainer', 'sunglasses', 'teddy bear', 'television', 'umbrella', 'vase', 'wallet', 'waste container', 'water bottle', 'whistle']"
175596,e6b470fb0a0c421.png,100,water bottle,water bottle,5.207,7fb7364b8ea8cfe2,True,"['Band-Aid', 'T-shirt', 'backpack', 'banana', 'cleaver', 'clothes iron', 'coffee mug', 'computer mouse', 'digital watch', 'doormat', 'dumbbell', 'envelope', 'hair dryer', 'hammer', 'lampshade', 'lemon', 'lipstick', 'match', 'mobile phone', 'necklace', 'padlock', 'paintbrush', 'paper towel', 'park bench', 'pill bottle', 'pillow', 'plastic bag', 'plunger', 'power drill', 'printer', 'racket', 'ruler', 'safety pin', 'salt shaker', 'sandal', 'screw', 'shovel', 'space heater', 'spatula', 'speaker', 'strainer', 'sunglasses', 'teddy bear', 'television', 'umbrella', 'vase', 'wallet', 'waste container', 'water bottle', 'whistle']"
182081,e76fea948e9b40d.png,100,strainer,strainer,3.294,ad1867a1acfa1ce2,True,"['Band-Aid', 'T-shirt', 'backpack', 'banana', 'cleaver', 'clothes iron', 'coffee mug', 'computer mouse', 'digital watch', 'doormat', 'dumbbell', 'envelope', 'hair dryer', 'hammer', 'lampshade', 'lemon', 'lipstick', 'match', 'mobile phone', 'necklace', 'padlock', 'paintbrush', 'paper towel', 'park bench', 'pill bottle', 'pillow', 'plastic bag', 'plunger', 'power drill', 'printer', 'racket', 'ruler', 'safety pin', 'salt shaker', 'sandal', 'screw', 'shovel', 'space heater', 'spatula', 'speaker', 'strainer', 'sunglasses', 'teddy bear', 'television', 'umbrella', 'vase', 'wallet', 'waste container', 'water bottle', 'whistle']"
134017,e797f2bf80934e9.png,100,plastic bag,plastic bag,10.637,8ba912adb9fe83d6,True,"['Band-Aid', 'T-shirt', 'backpack', 'banana', 'cleaver', 'clothes iron', 'coffee mug', 'computer mouse', 'digital watch', 'doormat', 'dumbbell', 'envelope', 'hair dryer', 'hammer', 'lampshade', 'lemon', 'lipstick', 'match', 'mobile phone', 'necklace', 'padlock', 'paintbrush', 'paper towel', 'park bench', 'pill bottle', 'pillow', 'plastic bag', 'plunger', 'power drill', 'printer', 'racket', 'ruler', 'safety pin', 'salt shaker', 'sandal', 'screw', 'shovel', 'space heater', 'spatula', 'speaker', 'strainer', 'sunglasses', 'teddy bear', 'television', 'umbrella', 'vase', 'wallet', 'waste container', 'water bottle', 'whistle']"
134005,e8025644db454be.png,100,space heater,space heater,3.904,c8b41bc6cee45fb0,True,"['Band-Aid', 'T-shirt', 'backpack', 'banana', 'cleaver', 'clothes iron', 'coffee mug', 'computer mouse', 'digital watch', 'doormat', 'dumbbell', 'envelope', 'hair dryer', 'hammer', 'lampshade', 'lemon', 'lipstick', 'match', 'mobile phone', 'necklace', 'padlock', 'paintbrush', 'paper towel', 'park bench', 'pill bottle', 'pillow', 'plastic bag', 'plunger', 'power drill', 'printer', 'racket', 'ruler', 'safety pin', 'salt shaker', 'sandal', 'screw', 'shovel', 'space heater', 'spatula', 'speaker', 'strainer', 'sunglasses', 'teddy bear', 'television', 'umbrella', 'vase', 'wallet', 'waste container', 'water bottle', 'whistle']"
134081,e899b58d56e7452.png,100,digital watch,digital watch,8.488,3fcb8917bda521ee,True,"['Band-Aid', 'T-shirt', 'backpack', 'banana', 'cleaver', 'clothes iron', 'coffee mug', 'computer mouse', 'digital watch', 'doormat', 'dumbbell', 'envelope', 'hair dryer', 'hammer', 'lampshade', 'lemon', 'lipstick', 'match', 'mobile phone', 'necklace', 'padlock', 'paintbrush', 'paper towel', 'park bench', 'pill bottle', 'pillow', 'plastic bag', 'plunger', 'power drill', 'printer', 'racket', 'ruler', 'safety pin', 'salt shaker', 'sandal', 'screw', 'shovel', 'space heater', 'spatula', 'speaker', 'strainer', 'sunglasses', 'teddy bear', 'television', 'umbrella', 'vase', 'wallet', 'waste container', 'water bottle', 'whistle']"
134036,e94e737ad8ea46d.png,100,banana,banana,21.768,51a6e0100953ad5d,True,"['Band-Aid', 'T-shirt', 'backpack', 'banana', 'cleaver', 'clothes iron', 'coffee mug', 'computer mouse', 'digital watch', 'doormat', 'dumbbell', 'envelope', 'hair dryer', 'hammer', 'lampshade', 'lemon', 'lipstick', 'match', 'mobile phone', 'necklace', 'padlock', 'paintbrush', 'paper towel', 'park bench', 'pill bottle', 'pillow', 'plastic bag', 'plunger', 'power drill', 'printer', 'racket', 'ruler', 'safety pin', 'salt shaker', 'sandal', 'screw', 'shovel', 'space heater', 'spatula', 'speaker', 'strainer', 'sunglasses', 'teddy bear', 'television', 'umbrella', 'vase', 'wallet', 'waste container', 'water bottle', 'whistle']"
153609,e9a28bcef29b418.png,100,hammer,hammer,2.764,3fcb8917bda521ee,True,"['Band-Aid', 'T-shirt', 'backpack', 'banana', 'cleaver', 'clothes iron', 'coffee mug', 'computer mouse', 'digital watch', 'doormat', 'dumbbell', 'envelope', 'hair dryer', 'hammer', 'lampshade', 'lemon', 'lipstick', 'match', 'mobile phone', 'necklace', 'padlock', 'paintbrush', 'paper towel', 'park bench', 'pill bottle', 'pillow', 'plastic bag', 'plunger', 'power drill', 'printer', 'racket', 'ruler', 'safety pin', 'salt shaker', 'sandal', 'screw', 'shovel', 'space heater', 'spatula', 'speaker', 'strainer', 'sunglasses', 'teddy bear', 'television', 'umbrella', 'vase', 'wallet', 'waste container', 'water bottle', 'whistle']"
143158,ea22b39e1a7b416.png,100,racket,racket,5.85,95c530dedb255d2e,True,"['Band-Aid', 'T-shirt', 'backpack', 'banana', 'cleaver', 'clothes iron', 'coffee mug', 'computer mouse', 'digital watch', 'doormat', 'dumbbell', 'envelope', 'hair dryer', 'hammer', 'lampshade', 'lemon', 'lipstick', 'match', 'mobile phone', 'necklace', 'padlock', 'paintbrush', 'paper towel', 'park bench', 'pill bottle', 'pillow', 'plastic bag', 'plunger', 'power drill', 'printer', 'racket', 'ruler', 'safety pin', 'salt shaker', 'sandal', 'screw', 'shovel', 'space heater', 'spatula', 'speaker', 'strainer', 'sunglasses', 'teddy bear', 'television', 'umbrella', 'vase', 'wallet', 'waste container', 'water bottle', 'whistle']"
139514,eabc6adebe5a4e8.png,100,banana,banana,7.41,d91852489b657428,True,"['Band-Aid', 'T-shirt', 'backpack', 'banana', 'cleaver', 'clothes iron', 'coffee mug', 'computer mouse', 'digital watch', 'doormat', 'dumbbell', 'envelope', 'hair dryer', 'hammer', 'lampshade', 'lemon', 'lipstick', 'match', 'mobile phone', 'necklace', 'padlock', 'paintbrush', 'paper towel', 'park bench', 'pill bottle', 'pillow', 'plastic bag', 'plunger', 'power drill', 'printer', 'racket', 'ruler', 'safety pin', 'salt shaker', 'sandal', 'screw', 'shovel', 'space heater', 'spatula', 'speaker', 'strainer', 'sunglasses', 'teddy bear', 'television', 'umbrella', 'vase', 'wallet', 'waste container', 'water bottle', 'whistle']"
136148,eb54248a78aa48e.png,100,banana,banana,2.913,a39640858e703bf2,True,"['Band-Aid', 'T-shirt', 'backpack', 'banana', 'cleaver', 'clothes iron', 'coffee mug', 'computer mouse', 'digital watch', 'doormat', 'dumbbell', 'envelope', 'hair dryer', 'hammer', 'lampshade', 'lemon', 'lipstick', 'match', 'mobile phone', 'necklace', 'padlock', 'paintbrush', 'paper towel', 'park bench', 'pill bottle', 'pillow', 'plastic bag', 'plunger', 'power drill', 'printer', 'racket', 'ruler', 'safety pin', 'salt shaker', 'sandal', 'screw', 'shovel', 'space heater', 'spatula', 'speaker', 'strainer', 'sunglasses', 'teddy bear', 'television', 'umbrella', 'vase', 'wallet', 'waste container', 'water bottle', 'whistle']"
143296,eb8179226cc54b5.png,100,paper towel,paper towel,2.218,58f136fd1945da65,True,"['Band-Aid', 'T-shirt', 'backpack', 'banana', 'cleaver', 'clothes iron', 'coffee mug', 'computer mouse', 'digital watch', 'doormat', 'dumbbell', 'envelope', 'hair dryer', 'hammer', 'lampshade', 'lemon', 'lipstick', 'match', 'mobile phone', 'necklace', 'padlock', 'paintbrush', 'paper towel', 'park bench', 'pill bottle', 'pillow', 'plastic bag', 'plunger', 'power drill', 'printer', 'racket', 'ruler', 'safety pin', 'salt shaker', 'sandal', 'screw', 'shovel', 'space heater', 'spatula', 'speaker', 'strainer', 'sunglasses', 'teddy bear', 'television', 'umbrella', 'vase', 'wallet', 'waste container', 'water bottle', 'whistle']"
138813,ed3ba19aac144ff.png,100,necklace,necklace,39.125,25f95529900a0628,True,"['Band-Aid', 'T-shirt', 'backpack', 'banana', 'cleaver', 'clothes iron', 'coffee mug', 'computer mouse', 'digital watch', 'doormat', 'dumbbell', 'envelope', 'hair dryer', 'hammer', 'lampshade', 'lemon', 'lipstick', 'match', 'mobile phone', 'necklace', 'padlock', 'paintbrush', 'paper towel', 'park bench', 'pill bottle', 'pillow', 'plastic bag', 'plunger', 'power drill', 'printer', 'racket', 'ruler', 'safety pin', 'salt shaker', 'sandal', 'screw', 'shovel', 'space heater', 'spatula', 'speaker', 'strainer', 'sunglasses', 'teddy bear', 'television', 'umbrella', 'vase', 'wallet', 'waste container', 'water bottle', 'whistle']"
134252,edcdfbb0e592434.png,100,padlock,padlock,82.366,c0f3a50b2366b91d,True,"['Band-Aid', 'T-shirt', 'backpack', 'banana', 'cleaver', 'clothes iron', 'coffee mug', 'computer mouse', 'digital watch', 'doormat', 'dumbbell', 'envelope', 'hair dryer', 'hammer', 'lampshade', 'lemon', 'lipstick', 'match', 'mobile phone', 'necklace', 'padlock', 'paintbrush', 'paper towel', 'park bench', 'pill bottle', 'pillow', 'plastic bag', 'plunger', 'power drill', 'printer', 'racket', 'ruler', 'safety pin', 'salt shaker', 'sandal', 'screw', 'shovel', 'space heater', 'spatula', 'speaker', 'strainer', 'sunglasses', 'teddy bear', 'television', 'umbrella', 'vase', 'wallet', 'waste container', 'water bottle', 'whistle']"
139007,ede9dd633da441d.png,100,digital watch,digital watch,2.751,14b1840c3dac7ba7,True,"['Band-Aid', 'T-shirt', 'backpack', 'banana', 'cleaver', 'clothes iron', 'coffee mug', 'computer mouse', 'digital watch', 'doormat', 'dumbbell', 'envelope', 'hair dryer', 'hammer', 'lampshade', 'lemon', 'lipstick', 'match', 'mobile phone', 'necklace', 'padlock', 'paintbrush', 'paper towel', 'park bench', 'pill bottle', 'pillow', 'plastic bag', 'plunger', 'power drill', 'printer', 'racket', 'ruler', 'safety pin', 'salt shaker', 'sandal', 'screw', 'shovel', 'space heater', 'spatula', 'speaker', 'strainer', 'sunglasses', 'teddy bear', 'television', 'umbrella', 'vase', 'wallet', 'waste container', 'water bottle', 'whistle']"
142808,eebe457214af40a.png,100,pill bottle,pill bottle,2.953,acee32ea9776411f,True,"['Band-Aid', 'T-shirt', 'backpack', 'banana', 'cleaver', 'clothes iron', 'coffee mug', 'computer mouse', 'digital watch', 'doormat', 'dumbbell', 'envelope', 'hair dryer', 'hammer', 'lampshade', 'lemon', 'lipstick', 'match', 'mobile phone', 'necklace', 'padlock', 'paintbrush', 'paper towel', 'park bench', 'pill bottle', 'pillow', 'plastic bag', 'plunger', 'power drill', 'printer', 'racket', 'ruler', 'safety pin', 'salt shaker', 'sandal', 'screw', 'shovel', 'space heater', 'spatula', 'speaker', 'strainer', 'sunglasses', 'teddy bear', 'television', 'umbrella', 'vase', 'wallet', 'waste container', 'water bottle', 'whistle']"
167548,ef442018bf5d441.png,100,paintbrush,paintbrush,12.775,80d3db92396f1ced,True,"['Band-Aid', 'T-shirt', 'backpack', 'banana', 'cleaver', 'clothes iron', 'coffee mug', 'computer mouse', 'digital watch', 'doormat', 'dumbbell', 'envelope', 'hair dryer', 'hammer', 'lampshade', 'lemon', 'lipstick', 'match', 'mobile phone', 'necklace', 'padlock', 'paintbrush', 'paper towel', 'park bench', 'pill bottle', 'pillow', 'plastic bag', 'plunger', 'power drill', 'printer', 'racket', 'ruler', 'safety pin', 'salt shaker', 'sandal', 'screw', 'shovel', 'space heater', 'spatula', 'speaker', 'strainer', 'sunglasses', 'teddy bear', 'television', 'umbrella', 'vase', 'wallet', 'waste container', 'water bottle', 'whistle']"
136209,eff21e9e3a75490.png,100,coffee mug,coffee mug,3.881,5cb72205dc6b45f8,True,"['Band-Aid', 'T-shirt', 'backpack', 'banana', 'cleaver', 'clothes iron', 'coffee mug', 'computer mouse', 'digital watch', 'doormat', 'dumbbell', 'envelope', 'hair dryer', 'hammer', 'lampshade', 'lemon', 'lipstick', 'match', 'mobile phone', 'necklace', 'padlock', 'paintbrush', 'paper towel', 'park bench', 'pill bottle', 'pillow', 'plastic bag', 'plunger', 'power drill', 'printer', 'racket', 'ruler', 'safety pin', 'salt shaker', 'sandal', 'screw', 'shovel', 'space heater', 'spatula', 'speaker', 'strainer', 'sunglasses', 'teddy bear', 'television', 'umbrella', 'vase', 'wallet', 'waste container', 'water bottle', 'whistle']"
135635,f092678717d7409.png,100,coffee mug,coffee mug,5.089,14b1840c3dac7ba7,True,"['Band-Aid', 'T-shirt', 'backpack', 'banana', 'cleaver', 'clothes iron', 'coffee mug', 'computer mouse', 'digital watch', 'doormat', 'dumbbell', 'envelope', 'hair dryer', 'hammer', 'lampshade', 'lemon', 'lipstick', 'match', 'mobile phone', 'necklace', 'padlock', 'paintbrush', 'paper towel', 'park bench', 'pill bottle', 'pillow', 'plastic bag', 'plunger', 'power drill', 'printer', 'racket', 'ruler', 'safety pin', 'salt shaker', 'sandal', 'screw', 'shovel', 'space heater', 'spatula', 'speaker', 'strainer', 'sunglasses', 'teddy bear', 'television', 'umbrella', 'vase', 'wallet', 'waste container', 'water bottle', 'whistle']"
156198,f0c46171fe3647f.png,100,necklace,necklace,3.719,ba3f2c754d783b20,True,"['Band-Aid', 'T-shirt', 'backpack', 'banana', 'cleaver', 'clothes iron', 'coffee mug', 'computer mouse', 'digital watch', 'doormat', 'dumbbell', 'envelope', 'hair dryer', 'hammer', 'lampshade', 'lemon', 'lipstick', 'match', 'mobile phone', 'necklace', 'padlock', 'paintbrush', 'paper towel', 'park bench', 'pill bottle', 'pillow', 'plastic bag', 'plunger', 'power drill', 'printer', 'racket', 'ruler', 'safety pin', 'salt shaker', 'sandal', 'screw', 'shovel', 'space heater', 'spatula', 'speaker', 'strainer', 'sunglasses', 'teddy bear', 'television', 'umbrella', 'vase', 'wallet', 'waste container', 'water bottle', 'whistle']"
161546,f0eab83702c9441.png,100,dumbbell,dumbbell,1.953,a4bb7f25df020fdb,True,"['Band-Aid', 'T-shirt', 'backpack', 'banana', 'cleaver', 'clothes iron', 'coffee mug', 'computer mouse', 'digital watch', 'doormat', 'dumbbell', 'envelope', 'hair dryer', 'hammer', 'lampshade', 'lemon', 'lipstick', 'match', 'mobile phone', 'necklace', 'padlock', 'paintbrush', 'paper towel', 'park bench', 'pill bottle', 'pillow', 'plastic bag', 'plunger', 'power drill', 'printer', 'racket', 'ruler', 'safety pin', 'salt shaker', 'sandal', 'screw', 'shovel', 'space heater', 'spatula', 'speaker', 'strainer', 'sunglasses', 'teddy bear', 'television', 'umbrella', 'vase', 'wallet', 'waste container', 'water bottle', 'whistle']"
133650,f18b9e62411341e.png,100,screw,screw,3.922,2d3d6dbbf10d1bf1,True,"['Band-Aid', 'T-shirt', 'backpack', 'banana', 'cleaver', 'clothes iron', 'coffee mug', 'computer mouse', 'digital watch', 'doormat', 'dumbbell', 'envelope', 'hair dryer', 'hammer', 'lampshade', 'lemon', 'lipstick', 'match', 'mobile phone', 'necklace', 'padlock', 'paintbrush', 'paper towel', 'park bench', 'pill bottle', 'pillow', 'plastic bag', 'plunger', 'power drill', 'printer', 'racket', 'ruler', 'safety pin', 'salt shaker', 'sandal', 'screw', 'shovel', 'space heater', 'spatula', 'speaker', 'strainer', 'sunglasses', 'teddy bear', 'television', 'umbrella', 'vase', 'wallet', 'waste container', 'water bottle', 'whistle']"
143039,f26bd43e1ecd4e3.png,100,teddy bear,teddy bear,3.397,2c52eec072dd8b69,True,"['Band-Aid', 'T-shirt', 'backpack', 'banana', 'cleaver', 'clothes iron', 'coffee mug', 'computer mouse', 'digital watch', 'doormat', 'dumbbell', 'envelope', 'hair dryer', 'hammer', 'lampshade', 'lemon', 'lipstick', 'match', 'mobile phone', 'necklace', 'padlock', 'paintbrush', 'paper towel', 'park bench', 'pill bottle', 'pillow', 'plastic bag', 'plunger', 'power drill', 'printer', 'racket', 'ruler', 'safety pin', 'salt shaker', 'sandal', 'screw', 'shovel', 'space heater', 'spatula', 'speaker', 'strainer', 'sunglasses', 'teddy bear', 'television', 'umbrella', 'vase', 'wallet', 'waste container', 'water bottle', 'whistle']"
143031,f2aaf668db5141f.png,100,paintbrush,paintbrush,4.334,991398360dd5923c,True,"['Band-Aid', 'T-shirt', 'backpack', 'banana', 'cleaver', 'clothes iron', 'coffee mug', 'computer mouse', 'digital watch', 'doormat', 'dumbbell', 'envelope', 'hair dryer', 'hammer', 'lampshade', 'lemon', 'lipstick', 'match', 'mobile phone', 'necklace', 'padlock', 'paintbrush', 'paper towel', 'park bench', 'pill bottle', 'pillow', 'plastic bag', 'plunger', 'power drill', 'printer', 'racket', 'ruler', 'safety pin', 'salt shaker', 'sandal', 'screw', 'shovel', 'space heater', 'spatula', 'speaker', 'strainer', 'sunglasses', 'teddy bear', 'television', 'umbrella', 'vase', 'wallet', 'waste container', 'water bottle', 'whistle']"
138820,f39424572b6d4f3.png,100,sunglasses,sunglasses,5.114,003571781f42af3f,True,"['Band-Aid', 'T-shirt', 'backpack', 'banana', 'cleaver', 'clothes iron', 'coffee mug', 'computer mouse', 'digital watch', 'doormat', 'dumbbell', 'envelope', 'hair dryer', 'hammer', 'lampshade', 'lemon', 'lipstick', 'match', 'mobile phone', 'necklace', 'padlock', 'paintbrush', 'paper towel', 'park bench', 'pill bottle', 'pillow', 'plastic bag', 'plunger', 'power drill', 'printer', 'racket', 'ruler', 'safety pin', 'salt shaker', 'sandal', 'screw', 'shovel', 'space heater', 'spatula', 'speaker', 'strainer', 'sunglasses', 'teddy bear', 'television', 'umbrella', 'vase', 'wallet', 'waste container', 'water bottle', 'whistle']"
135500,f4205ddd9c7a470.png,100,park bench,park bench,2.506,595fb82d8c3e2126,True,"['Band-Aid', 'T-shirt', 'backpack', 'banana', 'cleaver', 'clothes iron', 'coffee mug', 'computer mouse', 'digital watch', 'doormat', 'dumbbell', 'envelope', 'hair dryer', 'hammer', 'lampshade', 'lemon', 'lipstick', 'match', 'mobile phone', 'necklace', 'padlock', 'paintbrush', 'paper towel', 'park bench', 'pill bottle', 'pillow', 'plastic bag', 'plunger', 'power drill', 'printer', 'racket', 'ruler', 'safety pin', 'salt shaker', 'sandal', 'screw', 'shovel', 'space heater', 'spatula', 'speaker', 'strainer', 'sunglasses', 'teddy bear', 'television', 'umbrella', 'vase', 'wallet', 'waste container', 'water bottle', 'whistle']"
135520,f50113ab040f48f.png,100,lemon,television,40.802,c8ed5b7cb8fc3745,True,"['Band-Aid', 'T-shirt', 'backpack', 'banana', 'cleaver', 'clothes iron', 'coffee mug', 'computer mouse', 'digital watch', 'doormat', 'dumbbell', 'envelope', 'hair dryer', 'hammer', 'lampshade', 'lemon', 'lipstick', 'match', 'mobile phone', 'necklace', 'padlock', 'paintbrush', 'paper towel', 'park bench', 'pill bottle', 'pillow', 'plastic bag', 'plunger', 'power drill', 'printer', 'racket', 'ruler', 'safety pin', 'salt shaker', 'sandal', 'screw', 'shovel', 'space heater', 'spatula', 'speaker', 'strainer', 'sunglasses', 'teddy bear', 'television', 'umbrella', 'vase', 'wallet', 'waste container', 'water bottle', 'whistle']"
146676,f5052b099acf414.png,100,match,match,177.406,008b988464c95b38,True,"['Band-Aid', 'T-shirt', 'backpack', 'banana', 'cleaver', 'clothes iron', 'coffee mug', 'computer mouse', 'digital watch', 'doormat', 'dumbbell', 'envelope', 'hair dryer', 'hammer', 'lampshade', 'lemon', 'lipstick', 'match', 'mobile phone', 'necklace', 'padlock', 'paintbrush', 'paper towel', 'park bench', 'pill bottle', 'pillow', 'plastic bag', 'plunger', 'power drill', 'printer', 'racket', 'ruler', 'safety pin', 'salt shaker', 'sandal', 'screw', 'shovel', 'space heater', 'spatula', 'speaker', 'strainer', 'sunglasses', 'teddy bear', 'television', 'umbrella', 'vase', 'wallet', 'waste container', 'water bottle', 'whistle']"
167226,f522d4a97a8740b.png,100,digital watch,digital watch,17.558,50f29d4bb54f7ca2,True,"['Band-Aid', 'T-shirt', 'backpack', 'banana', 'cleaver', 'clothes iron', 'coffee mug', 'computer mouse', 'digital watch', 'doormat', 'dumbbell', 'envelope', 'hair dryer', 'hammer', 'lampshade', 'lemon', 'lipstick', 'match', 'mobile phone', 'necklace', 'padlock', 'paintbrush', 'paper towel', 'park bench', 'pill bottle', 'pillow', 'plastic bag', 'plunger', 'power drill', 'printer', 'racket', 'ruler', 'safety pin', 'salt shaker', 'sandal', 'screw', 'shovel', 'space heater', 'spatula', 'speaker', 'strainer', 'sunglasses', 'teddy bear', 'television', 'umbrella', 'vase', 'wallet', 'waste container', 'water bottle', 'whistle']"
133836,f592b75fd73d42f.png,100,digital watch,digital watch,4.478,2c52eec072dd8b69,True,"['Band-Aid', 'T-shirt', 'backpack', 'banana', 'cleaver', 'clothes iron', 'coffee mug', 'computer mouse', 'digital watch', 'doormat', 'dumbbell', 'envelope', 'hair dryer', 'hammer', 'lampshade', 'lemon', 'lipstick', 'match', 'mobile phone', 'necklace', 'padlock', 'paintbrush', 'paper towel', 'park bench', 'pill bottle', 'pillow', 'plastic bag', 'plunger', 'power drill', 'printer', 'racket', 'ruler', 'safety pin', 'salt shaker', 'sandal', 'screw', 'shovel', 'space heater', 'spatula', 'speaker', 'strainer', 'sunglasses', 'teddy bear', 'television', 'umbrella', 'vase', 'wallet', 'waste container', 'water bottle', 'whistle']"
137356,f6a59d5414384da.png,100,padlock,padlock,1.725,2e8fb6aef3792dd0,True,"['Band-Aid', 'T-shirt', 'backpack', 'banana', 'cleaver', 'clothes iron', 'coffee mug', 'computer mouse', 'digital watch', 'doormat', 'dumbbell', 'envelope', 'hair dryer', 'hammer', 'lampshade', 'lemon', 'lipstick', 'match', 'mobile phone', 'necklace', 'padlock', 'paintbrush', 'paper towel', 'park bench', 'pill bottle', 'pillow', 'plastic bag', 'plunger', 'power drill', 'printer', 'racket', 'ruler', 'safety pin', 'salt shaker', 'sandal', 'screw', 'shovel', 'space heater', 'spatula', 'speaker', 'strainer', 'sunglasses', 'teddy bear', 'television', 'umbrella', 'vase', 'wallet', 'waste container', 'water bottle', 'whistle']"
134787,f76df00d4adb4d9.png,100,safety pin,whistle,6.767,55eab964e7bc5555,True,"['Band-Aid', 'T-shirt', 'backpack', 'banana', 'cleaver', 'clothes iron', 'coffee mug', 'computer mouse', 'digital watch', 'doormat', 'dumbbell', 'envelope', 'hair dryer', 'hammer', 'lampshade', 'lemon', 'lipstick', 'match', 'mobile phone', 'necklace', 'padlock', 'paintbrush', 'paper towel', 'park bench', 'pill bottle', 'pillow', 'plastic bag', 'plunger', 'power drill', 'printer', 'racket', 'ruler', 'safety pin', 'salt shaker', 'sandal', 'screw', 'shovel', 'space heater', 'spatula', 'speaker', 'strainer', 'sunglasses', 'teddy bear', 'television', 'umbrella', 'vase', 'wallet', 'waste container', 'water bottle', 'whistle']"
137348,f78e493d38394ca.png,100,lemon,lemon,9.674,9d18ad4e72a69082,True,"['Band-Aid', 'T-shirt', 'backpack', 'banana', 'cleaver', 'clothes iron', 'coffee mug', 'computer mouse', 'digital watch', 'doormat', 'dumbbell', 'envelope', 'hair dryer', 'hammer', 'lampshade', 'lemon', 'lipstick', 'match', 'mobile phone', 'necklace', 'padlock', 'paintbrush', 'paper towel', 'park bench', 'pill bottle', 'pillow', 'plastic bag', 'plunger', 'power drill', 'printer', 'racket', 'ruler', 'safety pin', 'salt shaker', 'sandal', 'screw', 'shovel', 'space heater', 'spatula', 'speaker', 'strainer', 'sunglasses', 'teddy bear', 'television', 'umbrella', 'vase', 'wallet', 'waste container', 'water bottle', 'whistle']"
167927,f7f6a6dc92d74d9.png,100,lemon,lemon,2.644,1f5f0857f74b55e2,True,"['Band-Aid', 'T-shirt', 'backpack', 'banana', 'cleaver', 'clothes iron', 'coffee mug', 'computer mouse', 'digital watch', 'doormat', 'dumbbell', 'envelope', 'hair dryer', 'hammer', 'lampshade', 'lemon', 'lipstick', 'match', 'mobile phone', 'necklace', 'padlock', 'paintbrush', 'paper towel', 'park bench', 'pill bottle', 'pillow', 'plastic bag', 'plunger', 'power drill', 'printer', 'racket', 'ruler', 'safety pin', 'salt shaker', 'sandal', 'screw', 'shovel', 'space heater', 'spatula', 'speaker', 'strainer', 'sunglasses', 'teddy bear', 'television', 'umbrella', 'vase', 'wallet', 'waste container', 'water bottle', 'whistle']"
148895,f82abc1f45504f5.png,100,dumbbell,dumbbell,6.909,8ef454db5569e7ac,True,"['Band-Aid', 'T-shirt', 'backpack', 'banana', 'cleaver', 'clothes iron', 'coffee mug', 'computer mouse', 'digital watch', 'doormat', 'dumbbell', 'envelope', 'hair dryer', 'hammer', 'lampshade', 'lemon', 'lipstick', 'match', 'mobile phone', 'necklace', 'padlock', 'paintbrush', 'paper towel', 'park bench', 'pill bottle', 'pillow', 'plastic bag', 'plunger', 'power drill', 'printer', 'racket', 'ruler', 'safety pin', 'salt shaker', 'sandal', 'screw', 'shovel', 'space heater', 'spatula', 'speaker', 'strainer', 'sunglasses', 'teddy bear', 'television', 'umbrella', 'vase', 'wallet', 'waste container', 'water bottle', 'whistle']"
138944,f846c79109fd45a.png,100,mobile phone,mobile phone,6.126,238f389bf95416be,True,"['Band-Aid', 'T-shirt', 'backpack', 'banana', 'cleaver', 'clothes iron', 'coffee mug', 'computer mouse', 'digital watch', 'doormat', 'dumbbell', 'envelope', 'hair dryer', 'hammer', 'lampshade', 'lemon', 'lipstick', 'match', 'mobile phone', 'necklace', 'padlock', 'paintbrush', 'paper towel', 'park bench', 'pill bottle', 'pillow', 'plastic bag', 'plunger', 'power drill', 'printer', 'racket', 'ruler', 'safety pin', 'salt shaker', 'sandal', 'screw', 'shovel', 'space heater', 'spatula', 'speaker', 'strainer', 'sunglasses', 'teddy bear', 'television', 'umbrella', 'vase', 'wallet', 'waste container', 'water bottle', 'whistle']"
135897,f995193d7f52414.png,100,banana,banana,6.775,7f9f82a27d57e36d,True,"['Band-Aid', 'T-shirt', 'backpack', 'banana', 'cleaver', 'clothes iron', 'coffee mug', 'computer mouse', 'digital watch', 'doormat', 'dumbbell', 'envelope', 'hair dryer', 'hammer', 'lampshade', 'lemon', 'lipstick', 'match', 'mobile phone', 'necklace', 'padlock', 'paintbrush', 'paper towel', 'park bench', 'pill bottle', 'pillow', 'plastic bag', 'plunger', 'power drill', 'printer', 'racket', 'ruler', 'safety pin', 'salt shaker', 'sandal', 'screw', 'shovel', 'space heater', 'spatula', 'speaker', 'strainer', 'sunglasses', 'teddy bear', 'television', 'umbrella', 'vase', 'wallet', 'waste container', 'water bottle', 'whistle']"
140358,fa3d109a69d24c4.png,100,clothes iron,clothes iron,42.639,f2374b79007f9de2,True,"['Band-Aid', 'T-shirt', 'backpack', 'banana', 'cleaver', 'clothes iron', 'coffee mug', 'computer mouse', 'digital watch', 'doormat', 'dumbbell', 'envelope', 'hair dryer', 'hammer', 'lampshade', 'lemon', 'lipstick', 'match', 'mobile phone', 'necklace', 'padlock', 'paintbrush', 'paper towel', 'park bench', 'pill bottle', 'pillow', 'plastic bag', 'plunger', 'power drill', 'printer', 'racket', 'ruler', 'safety pin', 'salt shaker', 'sandal', 'screw', 'shovel', 'space heater', 'spatula', 'speaker', 'strainer', 'sunglasses', 'teddy bear', 'television', 'umbrella', 'vase', 'wallet', 'waste container', 'water bottle', 'whistle']"
142275,fac758034887466.png,100,backpack,coffee mug,2.524,d8ed2743063b2cee,True,"['Band-Aid', 'T-shirt', 'backpack', 'banana', 'cleaver', 'clothes iron', 'coffee mug', 'computer mouse', 'digital watch', 'doormat', 'dumbbell', 'envelope', 'hair dryer', 'hammer', 'lampshade', 'lemon', 'lipstick', 'match', 'mobile phone', 'necklace', 'padlock', 'paintbrush', 'paper towel', 'park bench', 'pill bottle', 'pillow', 'plastic bag', 'plunger', 'power drill', 'printer', 'racket', 'ruler', 'safety pin', 'salt shaker', 'sandal', 'screw', 'shovel', 'space heater', 'spatula', 'speaker', 'strainer', 'sunglasses', 'teddy bear', 'television', 'umbrella', 'vase', 'wallet', 'waste container', 'water bottle', 'whistle']"
146990,faf2588364814b3.png,100,pill bottle,pill bottle,12.724,6417c8fbeba89d69,True,"['Band-Aid', 'T-shirt', 'backpack', 'banana', 'cleaver', 'clothes iron', 'coffee mug', 'computer mouse', 'digital watch', 'doormat', 'dumbbell', 'envelope', 'hair dryer', 'hammer', 'lampshade', 'lemon', 'lipstick', 'match', 'mobile phone', 'necklace', 'padlock', 'paintbrush', 'paper towel', 'park bench', 'pill bottle', 'pillow', 'plastic bag', 'plunger', 'power drill', 'printer', 'racket', 'ruler', 'safety pin', 'salt shaker', 'sandal', 'screw', 'shovel', 'space heater', 'spatula', 'speaker', 'strainer', 'sunglasses', 'teddy bear', 'television', 'umbrella', 'vase', 'wallet', 'waste container', 'water bottle', 'whistle']"
145594,fb186e45414a4c9.png,100,lemon,lemon,17.068,9d616a3b1b25867b,True,"['Band-Aid', 'T-shirt', 'backpack', 'banana', 'cleaver', 'clothes iron', 'coffee mug', 'computer mouse', 'digital watch', 'doormat', 'dumbbell', 'envelope', 'hair dryer', 'hammer', 'lampshade', 'lemon', 'lipstick', 'match', 'mobile phone', 'necklace', 'padlock', 'paintbrush', 'paper towel', 'park bench', 'pill bottle', 'pillow', 'plastic bag', 'plunger', 'power drill', 'printer', 'racket', 'ruler', 'safety pin', 'salt shaker', 'sandal', 'screw', 'shovel', 'space heater', 'spatula', 'speaker', 'strainer', 'sunglasses', 'teddy bear', 'television', 'umbrella', 'vase', 'wallet', 'waste container', 'water bottle', 'whistle']"
137120,fc4bf1900dd0477.png,100,mobile phone,mobile phone,16.056,c8ed5b7cb8fc3745,True,"['Band-Aid', 'T-shirt', 'backpack', 'banana', 'cleaver', 'clothes iron', 'coffee mug', 'computer mouse', 'digital watch', 'doormat', 'dumbbell', 'envelope', 'hair dryer', 'hammer', 'lampshade', 'lemon', 'lipstick', 'match', 'mobile phone', 'necklace', 'padlock', 'paintbrush', 'paper towel', 'park bench', 'pill bottle', 'pillow', 'plastic bag', 'plunger', 'power drill', 'printer', 'racket', 'ruler', 'safety pin', 'salt shaker', 'sandal', 'screw', 'shovel', 'space heater', 'spatula', 'speaker', 'strainer', 'sunglasses', 'teddy bear', 'television', 'umbrella', 'vase', 'wallet', 'waste container', 'water bottle', 'whistle']"
145784,fca550ed38e34bb.png,100,teddy bear,teddy bear,21.396,410735ad037bfe92,True,"['Band-Aid', 'T-shirt', 'backpack', 'banana', 'cleaver', 'clothes iron', 'coffee mug', 'computer mouse', 'digital watch', 'doormat', 'dumbbell', 'envelope', 'hair dryer', 'hammer', 'lampshade', 'lemon', 'lipstick', 'match', 'mobile phone', 'necklace', 'padlock', 'paintbrush', 'paper towel', 'park bench', 'pill bottle', 'pillow', 'plastic bag', 'plunger', 'power drill', 'printer', 'racket', 'ruler', 'safety pin', 'salt shaker', 'sandal', 'screw', 'shovel', 'space heater', 'spatula', 'speaker', 'strainer', 'sunglasses', 'teddy bear', 'television', 'umbrella', 'vase', 'wallet', 'waste container', 'water bottle', 'whistle']"
147422,fd0c11cb87b849a.png,100,hammer,printer,67.342,755e02b542686c21,True,"['Band-Aid', 'T-shirt', 'backpack', 'banana', 'cleaver', 'clothes iron', 'coffee mug', 'computer mouse', 'digital watch', 'doormat', 'dumbbell', 'envelope', 'hair dryer', 'hammer', 'lampshade', 'lemon', 'lipstick', 'match', 'mobile phone', 'necklace', 'padlock', 'paintbrush', 'paper towel', 'park bench', 'pill bottle', 'pillow', 'plastic bag', 'plunger', 'power drill', 'printer', 'racket', 'ruler', 'safety pin', 'salt shaker', 'sandal', 'screw', 'shovel', 'space heater', 'spatula', 'speaker', 'strainer', 'sunglasses', 'teddy bear', 'television', 'umbrella', 'vase', 'wallet', 'waste container', 'water bottle', 'whistle']"
165386,fd31fc87f981416.png,100,strainer,space heater,3.654,509f0e92782bdd37,True,"['Band-Aid', 'T-shirt', 'backpack', 'banana', 'cleaver', 'clothes iron', 'coffee mug', 'computer mouse', 'digital watch', 'doormat', 'dumbbell', 'envelope', 'hair dryer', 'hammer', 'lampshade', 'lemon', 'lipstick', 'match', 'mobile phone', 'necklace', 'padlock', 'paintbrush', 'paper towel', 'park bench', 'pill bottle', 'pillow', 'plastic bag', 'plunger', 'power drill', 'printer', 'racket', 'ruler', 'safety pin', 'salt shaker', 'sandal', 'screw', 'shovel', 'space heater', 'spatula', 'speaker', 'strainer', 'sunglasses', 'teddy bear', 'television', 'umbrella', 'vase', 'wallet', 'waste container', 'water bottle', 'whistle']"
160138,fd39872f7a6a4ae.png,100,banana,banana,1.788,083545f824db26e4,True,"['Band-Aid', 'T-shirt', 'backpack', 'banana', 'cleaver', 'clothes iron', 'coffee mug', 'computer mouse', 'digital watch', 'doormat', 'dumbbell', 'envelope', 'hair dryer', 'hammer', 'lampshade', 'lemon', 'lipstick', 'match', 'mobile phone', 'necklace', 'padlock', 'paintbrush', 'paper towel', 'park bench', 'pill bottle', 'pillow', 'plastic bag', 'plunger', 'power drill', 'printer', 'racket', 'ruler', 'safety pin', 'salt shaker', 'sandal', 'screw', 'shovel', 'space heater', 'spatula', 'speaker', 'strainer', 'sunglasses', 'teddy bear', 'television', 'umbrella', 'vase', 'wallet', 'waste container', 'water bottle', 'whistle']"
138812,fda26473a0074ee.png,100,pill bottle,pill bottle,9.76,54f32164656f5497,True,"['Band-Aid', 'T-shirt', 'backpack', 'banana', 'cleaver', 'clothes iron', 'coffee mug', 'computer mouse', 'digital watch', 'doormat', 'dumbbell', 'envelope', 'hair dryer', 'hammer', 'lampshade', 'lemon', 'lipstick', 'match', 'mobile phone', 'necklace', 'padlock', 'paintbrush', 'paper towel', 'park bench', 'pill bottle', 'pillow', 'plastic bag', 'plunger', 'power drill', 'printer', 'racket', 'ruler', 'safety pin', 'salt shaker', 'sandal', 'screw', 'shovel', 'space heater', 'spatula', 'speaker', 'strainer', 'sunglasses', 'teddy bear', 'television', 'umbrella', 'vase', 'wallet', 'waste container', 'water bottle', 'whistle']"
142081,fdcb6a9afc154c7.png,100,racket,racket,1.765,c71a3b0c753e8922,True,"['Band-Aid', 'T-shirt', 'backpack', 'banana', 'cleaver', 'clothes iron', 'coffee mug', 'computer mouse', 'digital watch', 'doormat', 'dumbbell', 'envelope', 'hair dryer', 'hammer', 'lampshade', 'lemon', 'lipstick', 'match', 'mobile phone', 'necklace', 'padlock', 'paintbrush', 'paper towel', 'park bench', 'pill bottle', 'pillow', 'plastic bag', 'plunger', 'power drill', 'printer', 'racket', 'ruler', 'safety pin', 'salt shaker', 'sandal', 'screw', 'shovel', 'space heater', 'spatula', 'speaker', 'strainer', 'sunglasses', 'teddy bear', 'television', 'umbrella', 'vase', 'wallet', 'waste container', 'water bottle', 'whistle']"
138673,fe0a153dba9d4f0.png,100,paper towel,backpack,72.598,b274046c29f885ae,True,"['Band-Aid', 'T-shirt', 'backpack', 'banana', 'cleaver', 'clothes iron', 'coffee mug', 'computer mouse', 'digital watch', 'doormat', 'dumbbell', 'envelope', 'hair dryer', 'hammer', 'lampshade', 'lemon', 'lipstick', 'match', 'mobile phone', 'necklace', 'padlock', 'paintbrush', 'paper towel', 'park bench', 'pill bottle', 'pillow', 'plastic bag', 'plunger', 'power drill', 'printer', 'racket', 'ruler', 'safety pin', 'salt shaker', 'sandal', 'screw', 'shovel', 'space heater', 'spatula', 'speaker', 'strainer', 'sunglasses', 'teddy bear', 'television', 'umbrella', 'vase', 'wallet', 'waste container', 'water bottle', 'whistle']"
142067,fe80cf324d634da.png,100,pillow,pillow,61.066,ccb4f6b37950a6d2,True,"['Band-Aid', 'T-shirt', 'backpack', 'banana', 'cleaver', 'clothes iron', 'coffee mug', 'computer mouse', 'digital watch', 'doormat', 'dumbbell', 'envelope', 'hair dryer', 'hammer', 'lampshade', 'lemon', 'lipstick', 'match', 'mobile phone', 'necklace', 'padlock', 'paintbrush', 'paper towel', 'park bench', 'pill bottle', 'pillow', 'plastic bag', 'plunger', 'power drill', 'printer', 'racket', 'ruler', 'safety pin', 'salt shaker', 'sandal', 'screw', 'shovel', 'space heater', 'spatula', 'speaker', 'strainer', 'sunglasses', 'teddy bear', 'television', 'umbrella', 'vase', 'wallet', 'waste container', 'water bottle', 'whistle']"
145478,fe94b77f231c4e3.png,100,strainer,strainer,1.724,3386162c8d6012e5,True,"['Band-Aid', 'T-shirt', 'backpack', 'banana', 'cleaver', 'clothes iron', 'coffee mug', 'computer mouse', 'digital watch', 'doormat', 'dumbbell', 'envelope', 'hair dryer', 'hammer', 'lampshade', 'lemon', 'lipstick', 'match', 'mobile phone', 'necklace', 'padlock', 'paintbrush', 'paper towel', 'park bench', 'pill bottle', 'pillow', 'plastic bag', 'plunger', 'power drill', 'printer', 'racket', 'ruler', 'safety pin', 'salt shaker', 'sandal', 'screw', 'shovel', 'space heater', 'spatula', 'speaker', 'strainer', 'sunglasses', 'teddy bear', 'television', 'umbrella', 'vase', 'wallet', 'waste container', 'water bottle', 'whistle']"
142266,feaa1fe91572459.png,100,vase,vase,1.612,ac7d11e3f531e7cb,True,"['Band-Aid', 'T-shirt', 'backpack', 'banana', 'cleaver', 'clothes iron', 'coffee mug', 'computer mouse', 'digital watch', 'doormat', 'dumbbell', 'envelope', 'hair dryer', 'hammer', 'lampshade', 'lemon', 'lipstick', 'match', 'mobile phone', 'necklace', 'padlock', 'paintbrush', 'paper towel', 'park bench', 'pill bottle', 'pillow', 'plastic bag', 'plunger', 'power drill', 'printer', 'racket', 'ruler', 'safety pin', 'salt shaker', 'sandal', 'screw', 'shovel', 'space heater', 'spatula', 'speaker', 'strainer', 'sunglasses', 'teddy bear', 'television', 'umbrella', 'vase', 'wallet', 'waste container', 'water bottle', 'whistle']"
143322,febe4f27628b45f.png,100,doormat,Band-Aid,4.806,7897ddd59066ef23,True,"['Band-Aid', 'T-shirt', 'backpack', 'banana', 'cleaver', 'clothes iron', 'coffee mug', 'computer mouse', 'digital watch', 'doormat', 'dumbbell', 'envelope', 'hair dryer', 'hammer', 'lampshade', 'lemon', 'lipstick', 'match', 'mobile phone', 'necklace', 'padlock', 'paintbrush', 'paper towel', 'park bench', 'pill bottle', 'pillow', 'plastic bag', 'plunger', 'power drill', 'printer', 'racket', 'ruler', 'safety pin', 'salt shaker', 'sandal', 'screw', 'shovel', 'space heater', 'spatula', 'speaker', 'strainer', 'sunglasses', 'teddy bear', 'television', 'umbrella', 'vase', 'wallet', 'waste container', 'water bottle', 'whistle']"
135845,fedf519ac7b54d0.png,100,banana,banana,6.569,8312a5416d280e0a,True,"['Band-Aid', 'T-shirt', 'backpack', 'banana', 'cleaver', 'clothes iron', 'coffee mug', 'computer mouse', 'digital watch', 'doormat', 'dumbbell', 'envelope', 'hair dryer', 'hammer', 'lampshade', 'lemon', 'lipstick', 'match', 'mobile phone', 'necklace', 'padlock', 'paintbrush', 'paper towel', 'park bench', 'pill bottle', 'pillow', 'plastic bag', 'plunger', 'power drill', 'printer', 'racket', 'ruler', 'safety pin', 'salt shaker', 'sandal', 'screw', 'shovel', 'space heater', 'spatula', 'speaker', 'strainer', 'sunglasses', 'teddy bear', 'television', 'umbrella', 'vase', 'wallet', 'waste container', 'water bottle', 'whistle']"
134574,fee6b63421f54a8.png,100,banana,banana,7.597,082f3035cb3f182e,True,"['Band-Aid', 'T-shirt', 'backpack', 'banana', 'cleaver', 'clothes iron', 'coffee mug', 'computer mouse', 'digital watch', 'doormat', 'dumbbell', 'envelope', 'hair dryer', 'hammer', 'lampshade', 'lemon', 'lipstick', 'match', 'mobile phone', 'necklace', 'padlock', 'paintbrush', 'paper towel', 'park bench', 'pill bottle', 'pillow', 'plastic bag', 'plunger', 'power drill', 'printer', 'racket', 'ruler', 'safety pin', 'salt shaker', 'sandal', 'screw', 'shovel', 'space heater', 'spatula', 'speaker', 'strainer', 'sunglasses', 'teddy bear', 'television', 'umbrella', 'vase', 'wallet', 'waste container', 'water bottle', 'whistle']"
140079,ff2031b99dfc461.png,100,sandal,sandal,4.459,4f8aa5804e48c4ef,True,"['Band-Aid', 'T-shirt', 'backpack', 'banana', 'cleaver', 'clothes iron', 'coffee mug', 'computer mouse', 'digital watch', 'doormat', 'dumbbell', 'envelope', 'hair dryer', 'hammer', 'lampshade', 'lemon', 'lipstick', 'match', 'mobile phone', 'necklace', 'padlock', 'paintbrush', 'paper towel', 'park bench', 'pill bottle', 'pillow', 'plastic bag', 'plunger', 'power drill', 'printer', 'racket', 'ruler', 'safety pin', 'salt shaker', 'sandal', 'screw', 'shovel', 'space heater', 'spatula', 'speaker', 'strainer', 'sunglasses', 'teddy bear', 'television', 'umbrella', 'vase', 'wallet', 'waste container', 'water bottle', 'whistle']"
147419,ff263da877d94a5.png,100,lemon,lemon,5.0,d8e098285721f96b,True,"['Band-Aid', 'T-shirt', 'backpack', 'banana', 'cleaver', 'clothes iron', 'coffee mug', 'computer mouse', 'digital watch', 'doormat', 'dumbbell', 'envelope', 'hair dryer', 'hammer', 'lampshade', 'lemon', 'lipstick', 'match', 'mobile phone', 'necklace', 'padlock', 'paintbrush', 'paper towel', 'park bench', 'pill bottle', 'pillow', 'plastic bag', 'plunger', 'power drill', 'printer', 'racket', 'ruler', 'safety pin', 'salt shaker', 'sandal', 'screw', 'shovel', 'space heater', 'spatula', 'speaker', 'strainer', 'sunglasses', 'teddy bear', 'television', 'umbrella', 'vase', 'wallet', 'waste container', 'water bottle', 'whistle']"
137195,ffcf62c7a073452.png,100,sunglasses,sunglasses,11.263,d45256a0e19ab947,True,"['Band-Aid', 'T-shirt', 'backpack', 'banana', 'cleaver', 'clothes iron', 'coffee mug', 'computer mouse', 'digital watch', 'doormat', 'dumbbell', 'envelope', 'hair dryer', 'hammer', 'lampshade', 'lemon', 'lipstick', 'match', 'mobile phone', 'necklace', 'padlock', 'paintbrush', 'paper towel', 'park bench', 'pill bottle', 'pillow', 'plastic bag', 'plunger', 'power drill', 'printer', 'racket', 'ruler', 'safety pin', 'salt shaker', 'sandal', 'screw', 'shovel', 'space heater', 'spatula', 'speaker', 'strainer', 'sunglasses', 'teddy bear', 'television', 'umbrella', 'vase', 'wallet', 'waste container', 'water bottle', 'whistle']"
141783,ffd74a8750ee4ca.png,100,padlock,pillow,62.065,af8895a205fe37db,True,"['Band-Aid', 'T-shirt', 'backpack', 'banana', 'cleaver', 'clothes iron', 'coffee mug', 'computer mouse', 'digital watch', 'doormat', 'dumbbell', 'envelope', 'hair dryer', 'hammer', 'lampshade', 'lemon', 'lipstick', 'match', 'mobile phone', 'necklace', 'padlock', 'paintbrush', 'paper towel', 'park bench', 'pill bottle', 'pillow', 'plastic bag', 'plunger', 'power drill', 'printer', 'racket', 'ruler', 'safety pin', 'salt shaker', 'sandal', 'screw', 'shovel', 'space heater', 'spatula', 'speaker', 'strainer', 'sunglasses', 'teddy bear', 'television', 'umbrella', 'vase', 'wallet', 'waste container', 'water bottle', 'whistle']"
135818,fff177480a13461.png,100,match,space heater,9.579,77d3bd4610eee202,True,"['Band-Aid', 'T-shirt', 'backpack', 'banana', 'cleaver', 'clothes iron', 'coffee mug', 'computer mouse', 'digital watch', 'doormat', 'dumbbell', 'envelope', 'hair dryer', 'hammer', 'lampshade', 'lemon', 'lipstick', 'match', 'mobile phone', 'necklace', 'padlock', 'paintbrush', 'paper towel', 'park bench', 'pill bottle', 'pillow', 'plastic bag', 'plunger', 'power drill', 'printer', 'racket', 'ruler', 'safety pin', 'salt shaker', 'sandal', 'screw', 'shovel', 'space heater', 'spatula', 'speaker', 'strainer', 'sunglasses', 'teddy bear', 'television', 'umbrella', 'vase', 'wallet', 'waste container', 'water bottle', 'whistle']"
